,id,city,district,year,month,hour,weekday,injury_level,collision,movement,light_conditions,bicycle,car,pedestrian,motorbike,truck,other_vehicle,road_conditions,longitude,latitude
530,50447,Berlin,7,2019,12,8,2,3,2,6,0,0,1,0,0,1,1,0,"13,34147","52,47863"
531,50448,Berlin,12,2019,8,8,5,3,5,2,0,0,1,0,1,0,0,0,"13,35998","52,57196"
532,50449,Berlin,6,2019,10,12,4,3,2,6,0,0,1,0,0,0,0,0,"13,30885","52,45117"
533,50450,Berlin,11,2019,9,20,2,2,0,1,2,0,0,0,1,0,0,0,"13,47673","52,51344"
534,50451,Berlin,2,2019,8,7,5,3,5,3,0,1,1,0,0,0,0,0,"13,46581","52,51468"
535,50452,Berlin,2,2019,4,7,3,3,0,2,0,1,1,0,0,0,0,0,"13,38605","52,48585"
536,50453,Berlin,6,2019,10,13,3,3,2,6,0,0,1,0,0,1,0,1,"13,28324","52,44213"
537,50454,Berlin,3,2019,9,16,2,3,3,6,0,1,1,0,0,0,0,0,"13,42302","52,52748"
538,50456,Berlin,12,2019,6,19,3,3,5,3,1,0,1,0,0,0,0,0,"13,3469","52,579"
539,50457,Berlin,3,2019,8,19,4,2,6,4,0,1,0,1,0,0,0,0,"13,42371","52,53915"
540,50458,Berlin,3,2019,4,17,3,3,5,2,0,1,1,0,0,0,0,0,"13,44576","52,52839"
541,50459,Berlin,10,2019,11,5,6,2,5,3,2,0,1,0,0,0,0,0,"13,55818","52,56276"
542,50460,Berlin,4,2019,10,11,3,2,0,1,0,0,0,0,1,0,0,0,"13,28747","52,49427"
543,50461,Berlin,7,2019,9,16,2,2,5,3,0,0,1,0,1,0,0,1,"13,40627","52,40522"
544,50463,Berlin,4,2019,6,7,2,3,2,6,0,0,1,0,0,0,0,0,"13,24947","52,50798"
545,50464,Berlin,7,2019,8,14,4,3,2,6,0,0,1,0,0,0,0,1,"13,40066","52,41516"
546,50465,Berlin,5,2019,4,19,3,3,2,7,0,1,1,0,0,0,0,0,"13,18659","52,51513"
547,50466,Berlin,2,2019,11,17,4,3,6,4,2,0,1,1,0,0,0,1,"13,46161","52,51496"
548,50467,Berlin,1,2019,6,9,5,3,2,1,0,0,1,0,0,0,0,0,"13,36906","52,52878"
549,50468,Berlin,4,2019,9,10,2,3,5,2,0,1,0,0,0,1,0,0,"13,28162","52,50991"
550,50469,Berlin,7,2019,12,18,2,3,5,3,2,1,1,0,0,0,0,1,"13,35721","52,48693"
551,50470,Berlin,1,2019,8,9,4,3,3,2,0,0,1,0,1,0,0,0,"13,37667","52,51626"
552,50471,Berlin,10,2019,10,19,4,3,2,7,2,0,1,0,0,0,0,0,"13,54245","52,54369"
553,50472,Berlin,8,2019,8,6,4,3,3,6,1,0,1,0,1,0,0,0,"13,45041","52,46397"
554,50473,Berlin,3,2019,9,18,6,3,2,6,0,0,1,0,0,0,0,1,"13,42347","52,53919"
555,50474,Berlin,7,2019,4,20,2,3,3,6,1,0,1,0,0,0,0,0,"13,34928","52,47487"
556,50475,Berlin,11,2019,10,17,3,3,3,6,1,0,1,0,0,1,0,1,"13,48541","52,51257"
557,50476,Berlin,4,2019,9,13,2,3,8,1,0,0,1,0,0,0,0,0,"13,29067","52,53314"
558,50478,Berlin,1,2019,6,21,2,3,0,1,2,1,0,0,0,0,0,0,"13,36545","52,50281"
559,50479,Berlin,1,2019,8,15,4,3,5,2,0,1,1,0,0,0,0,0,"13,36835","52,50632"
560,50480,Berlin,3,2019,4,18,2,3,6,4,0,1,0,1,0,0,0,0,"13,4302","52,55216"
561,50481,Berlin,2,2019,11,1,7,3,5,3,2,0,1,0,0,0,0,0,"13,45378","52,51578"
562,50482,Berlin,5,2019,6,19,2,3,2,6,0,0,1,0,0,0,0,0,"13,15825","52,50194"
563,50483,Berlin,1,2019,9,9,2,2,5,2,0,1,1,0,0,0,0,1,"13,36974","52,51582"
564,50484,Berlin,4,2019,12,15,4,3,2,6,0,0,1,0,0,0,0,0,"13,32783","52,53857"
565,50485,Berlin,7,2019,8,12,3,3,2,6,0,0,1,0,0,0,1,0,"13,38552","52,47047"
566,50486,Berlin,3,2019,4,9,2,3,0,2,0,0,1,0,0,0,1,1,"13,42406","52,53909"
567,50487,Berlin,7,2019,10,19,6,3,2,6,2,0,1,0,0,0,0,0,"13,36578","52,47266"
568,50488,Berlin,10,2019,9,11,1,3,3,6,0,1,1,0,0,0,0,0,"13,5367","52,53263"
569,50489,Berlin,2,2019,8,9,3,3,3,2,0,0,0,0,1,1,0,0,"13,4291","52,51863"
570,50490,Berlin,1,2019,4,11,2,3,5,3,0,1,0,0,0,1,0,1,"13,40926","52,51681"
571,50491,Berlin,7,2019,10,13,3,3,5,7,0,0,1,0,0,0,0,1,"13,35467","52,47844"
572,50492,Berlin,2,2019,6,17,4,2,3,6,0,1,0,0,0,0,0,0,"13,47165","52,51395"
573,50493,Berlin,4,2019,9,16,1,3,2,6,0,0,1,0,0,0,0,0,"13,26889","52,49563"
574,50494,Berlin,1,2019,12,22,4,3,6,4,2,0,1,1,0,0,0,0,"13,37055","52,53999"
575,50495,Berlin,3,2019,6,23,2,3,5,3,2,1,1,0,0,0,0,1,"13,43871","52,54126"
576,50496,Berlin,8,2019,4,11,2,3,3,6,0,0,1,0,0,0,1,1,"13,44862","52,46353"
577,50497,Berlin,2,2019,11,15,7,3,3,6,0,0,1,0,1,0,0,1,"13,38905","52,4949"
578,50498,Berlin,2,2019,6,13,2,2,6,4,0,1,0,1,0,0,0,0,"13,46391","52,51487"
579,50499,Berlin,1,2019,11,18,4,3,5,3,2,1,0,0,1,0,0,1,"13,36009","52,51509"
580,50500,Berlin,7,2019,8,7,3,3,5,3,0,1,1,0,0,0,0,0,"13,36684","52,41785"
581,50501,Berlin,12,2019,4,22,7,2,5,2,2,0,1,0,1,0,0,0,"13,34765","52,57438"
582,50502,Berlin,3,2019,10,18,7,2,5,2,2,0,1,0,1,0,0,0,"13,41374","52,55064"
583,50503,Berlin,7,2019,9,14,1,3,3,6,0,0,1,0,0,0,0,0,"13,38569","52,47699"
584,50505,Berlin,12,2019,6,16,2,3,1,5,0,1,1,0,0,0,1,0,"13,35952","52,57309"
585,50506,Berlin,3,2019,8,15,3,3,5,3,0,1,1,0,0,0,0,0,"13,44226","52,5439"
586,50507,Berlin,7,2019,4,17,7,3,2,6,0,0,1,0,0,0,0,0,"13,40356","52,41003"
587,50508,Berlin,3,2019,6,15,7,3,0,1,0,1,0,0,0,0,0,0,"13,4134","52,54706"
588,50509,Berlin,1,2019,9,23,1,3,6,4,2,0,1,1,0,0,0,1,"13,42283","52,52021"
589,50510,Berlin,4,2019,12,12,1,2,2,6,0,0,1,0,0,0,0,1,"13,2892","52,53284"
590,50511,Berlin,4,2019,6,9,2,2,5,3,0,1,0,0,0,1,0,0,"13,27105","52,50928"
591,50512,Berlin,4,2019,8,15,3,3,5,2,0,0,1,0,0,0,0,0,"13,28178","52,51009"
592,50513,Berlin,4,2019,11,10,2,3,6,7,0,0,1,1,0,0,0,1,"13,30477","52,51156"
593,50514,Berlin,11,2019,8,15,3,3,5,2,0,1,0,0,0,1,0,0,"13,47698","52,51356"
594,50515,Berlin,3,2019,4,11,6,3,5,3,0,1,1,0,0,0,0,0,"13,41357","52,5586"
595,50516,Berlin,10,2019,10,11,1,2,5,3,0,0,1,0,0,0,1,0,"13,55829","52,56289"
596,50517,Berlin,4,2019,9,14,7,3,2,6,0,0,1,0,0,0,0,0,"13,2813","52,52375"
597,50519,Berlin,2,2019,6,8,2,3,5,2,0,1,0,0,0,1,0,0,"13,44737","52,52647"
598,50520,Berlin,7,2019,8,15,2,3,0,7,0,1,0,0,0,0,0,0,"13,38605","52,4831"
599,50521,Berlin,4,2019,4,19,6,2,6,4,0,1,0,1,0,0,0,0,"13,27188","52,50897"
600,50522,Berlin,2,2019,11,10,3,3,5,2,0,1,1,0,0,0,0,0,"13,46026","52,51524"
601,50523,Berlin,1,2019,6,18,3,3,0,6,0,1,0,0,0,0,1,0,"13,38154","52,51668"
602,50524,Berlin,3,2019,9,12,7,3,2,6,0,0,1,0,0,0,1,0,"13,43046","52,53415"
603,50525,Berlin,2,2019,12,1,7,3,2,6,2,0,1,0,0,0,0,1,"13,37767","52,50103"
604,50526,Berlin,7,2019,8,19,2,3,0,6,0,0,1,0,1,0,0,0,"13,3551","52,48545"
605,50527,Berlin,2,2019,10,10,3,3,2,2,0,1,0,0,0,0,1,0,"13,38927","52,49745"
606,50528,Berlin,4,2019,9,12,7,2,2,6,0,0,1,0,0,0,0,0,"13,28303","52,52874"
607,50529,Berlin,1,2019,8,15,2,3,5,2,0,1,1,0,0,0,0,0,"13,3699","52,5418"
608,50530,Berlin,2,2019,4,20,6,3,3,6,1,0,1,0,0,0,0,0,"13,38921","52,49668"
609,50531,Berlin,4,2019,10,12,2,3,2,6,0,0,1,0,0,0,1,0,"13,28108","52,49929"
610,50532,Berlin,3,2019,6,22,1,3,0,7,2,1,0,0,0,0,0,0,"13,42518","52,52925"
611,50533,Berlin,3,2019,9,20,7,3,0,6,1,0,1,0,1,0,0,0,"13,41596","52,54057"
612,50535,Berlin,10,2019,6,13,2,3,5,3,0,1,1,0,0,0,0,0,"13,61762","52,50467"
613,50536,Berlin,6,2019,4,12,6,3,0,5,0,1,1,0,0,0,0,0,"13,16088","52,41965"
614,50537,Berlin,4,2019,11,13,5,2,2,6,0,0,1,0,0,0,0,0,"13,28294","52,5286"
615,50538,Berlin,9,2019,6,12,1,3,5,2,0,1,1,0,0,0,0,0,"13,45776","52,49165"
616,50539,Berlin,4,2019,12,15,2,3,2,6,1,0,1,0,0,1,0,1,"13,29587","52,54117"
617,50540,Berlin,10,2019,8,12,2,3,5,3,0,0,1,0,0,0,0,0,"13,55832","52,56293"
618,50541,Berlin,1,2019,4,10,5,2,5,2,0,1,0,0,1,0,0,0,"13,37164","52,51948"
619,50542,Berlin,7,2019,10,14,4,2,0,6,0,0,1,0,0,0,0,0,"13,33537","52,46522"
620,50543,Berlin,10,2019,9,12,7,3,2,6,0,0,1,0,0,0,0,0,"13,55842","52,50871"
621,50545,Berlin,7,2019,8,12,2,3,3,6,0,0,1,0,0,1,0,0,"13,38007","52,43739"
622,50546,Berlin,4,2019,4,18,5,3,3,6,0,0,1,0,0,1,0,0,"13,30921","52,48206"
623,50547,Berlin,1,2019,9,4,1,3,5,3,2,0,1,0,0,0,1,1,"13,41989","52,52491"
624,50548,Berlin,1,2019,6,9,4,3,3,2,0,0,1,0,1,1,0,0,"13,3767","52,51615"
625,50549,Berlin,7,2019,9,0,7,3,0,7,2,0,0,0,0,0,1,0,"13,38604","52,48207"
626,50550,Berlin,3,2019,12,9,6,3,1,5,0,0,1,0,0,1,0,0,"13,40689","52,56491"
627,50551,Berlin,6,2019,6,15,1,3,1,5,0,1,1,0,0,0,0,0,"13,16784","52,4206"
628,50552,Berlin,1,2019,8,11,1,3,1,5,0,1,1,0,0,0,0,0,"13,40346","52,51939"
629,50553,Berlin,3,2019,4,17,5,3,1,5,0,1,1,0,0,0,0,0,"13,45565","52,54939"
630,50554,Berlin,1,2019,11,23,6,3,5,7,2,0,1,0,0,0,1,1,"13,40324","52,51925"
631,50555,Berlin,3,2019,9,19,7,3,5,3,1,1,1,0,0,0,0,0,"13,40784","52,564"
632,50556,Berlin,7,2019,11,12,3,3,2,2,0,0,1,0,0,0,0,0,"13,36194","52,41361"
633,50557,Berlin,1,2019,8,15,7,3,5,2,0,0,1,0,0,0,0,0,"13,36737","52,55166"
634,50558,Berlin,1,2019,4,17,5,3,5,2,0,0,1,0,1,0,0,0,"13,36914","52,50714"
635,50559,Berlin,11,2019,10,7,5,3,0,7,1,1,1,0,0,0,0,1,"13,51635","52,51002"
636,50560,Berlin,4,2019,9,16,7,3,5,2,0,0,1,0,0,0,1,0,"13,30772","52,51176"
637,50562,Berlin,4,2019,6,15,1,2,3,6,0,0,1,0,1,0,0,0,"13,32314","52,51253"
638,50563,Berlin,4,2019,6,14,1,3,3,6,0,1,0,0,0,0,0,0,"13,29835","52,51114"
639,50564,Berlin,7,2019,12,20,3,3,2,6,2,0,1,0,0,0,0,1,"13,35569","52,47774"
640,50565,Berlin,3,2019,8,21,7,3,0,7,1,0,0,0,1,0,0,1,"13,4244","52,52892"
641,50566,Berlin,2,2019,4,15,5,3,5,2,0,1,1,0,0,0,0,0,"13,38927","52,49747"
642,50567,Berlin,7,2019,10,17,5,2,6,7,0,0,1,1,0,0,0,0,"13,40049","52,41603"
643,50568,Berlin,4,2019,9,15,7,3,6,4,0,1,0,1,0,0,0,0,"13,30134","52,51134"
644,50570,Berlin,2,2019,8,3,7,2,0,4,2,0,0,1,1,0,0,1,"13,44873","52,50523"
645,50571,Berlin,4,2019,4,16,5,2,5,2,0,1,1,0,0,0,0,0,"13,31463","52,51202"
646,50572,Berlin,2,2019,9,18,2,3,3,6,1,1,0,0,0,0,0,0,"13,45132","52,50918"
647,50573,Berlin,1,2019,6,9,4,3,5,3,0,1,1,0,0,0,0,0,"13,37387","52,5092"
648,50574,Berlin,6,2019,9,16,6,3,0,2,0,1,1,0,0,0,0,0,"13,26058","52,43498"
649,50575,Berlin,3,2019,12,12,7,3,3,6,0,0,0,0,0,1,1,0,"13,42848","52,57036"
650,50576,Berlin,6,2019,6,0,1,3,1,1,2,0,1,0,0,0,0,0,"13,26285","52,43492"
651,50577,Berlin,3,2019,4,15,5,3,6,4,0,1,0,1,0,0,0,0,"13,41304","52,5457"
652,50578,Berlin,2,2019,11,23,6,3,5,2,2,1,1,0,0,0,0,1,"13,45377","52,51572"
653,50579,Berlin,3,2019,11,17,3,3,2,6,2,0,1,0,0,0,0,0,"13,43226","52,53532"
654,50580,Berlin,7,2019,8,15,6,3,5,2,0,0,1,0,0,0,0,0,"13,35417","52,47899"
655,50581,Berlin,10,2019,4,9,5,3,6,4,0,0,1,1,0,0,0,0,"13,54808","52,55067"
656,50582,Berlin,1,2019,10,16,5,3,4,7,0,1,0,0,0,0,1,0,"13,39561","52,51749"
657,50583,Berlin,4,2019,9,14,6,3,5,3,0,0,1,0,0,0,0,0,"13,29993","52,51125"
658,50585,Berlin,3,2019,6,12,1,2,5,7,0,0,1,0,0,0,1,0,"13,42664","52,53852"
659,50586,Berlin,11,2019,8,18,5,3,6,4,0,0,1,1,0,0,0,0,"13,47752","52,51351"
660,50587,Berlin,2,2019,4,14,4,3,0,2,0,0,1,1,0,0,0,0,"13,38864","52,49816"
661,50588,Berlin,4,2019,6,12,6,3,6,7,0,0,1,1,0,0,0,0,"13,31814","52,51225"
662,50589,Berlin,5,2019,9,14,6,3,2,6,0,0,1,0,0,0,1,0,"13,20304","52,51181"
663,50590,Berlin,11,2019,12,21,7,3,2,6,2,0,1,0,0,0,0,1,"13,48764","52,51248"
664,50591,Berlin,7,2019,6,19,7,3,1,5,0,1,0,0,0,0,1,0,"13,35763","52,48738"
665,50592,Berlin,7,2019,8,17,5,3,0,6,0,0,1,0,0,0,1,0,"13,385","52,46193"
666,50593,Berlin,2,2019,4,18,4,3,5,3,0,1,1,0,0,0,0,0,"13,44776","52,52655"
667,50594,Berlin,4,2019,11,13,1,3,2,6,0,0,1,0,0,0,1,1,"13,30848","52,51161"
668,50595,Berlin,2,2019,8,15,5,3,0,6,0,1,0,1,0,0,0,0,"13,4474","52,5034"
669,50596,Berlin,6,2019,4,18,4,3,5,3,0,1,1,0,0,0,0,0,"13,2023","52,42307"
670,50597,Berlin,4,2019,10,11,6,3,2,6,0,0,1,0,0,0,1,0,"13,28376","52,49654"
671,50598,Berlin,12,2019,9,8,6,3,5,3,0,1,1,0,0,0,0,0,"13,31334","52,62088"
672,50600,Berlin,7,2019,6,13,7,3,2,6,0,0,1,0,0,0,0,0,"13,38553","52,47072"
673,50601,Berlin,1,2019,8,15,5,3,5,3,0,1,1,0,0,0,0,0,"13,36883","52,50719"
674,50602,Berlin,3,2019,4,17,4,3,2,6,0,0,1,0,0,0,0,0,"13,44841","52,61107"
675,50603,Berlin,10,2019,11,15,2,3,1,5,1,0,1,0,1,0,0,1,"13,5367","52,53259"
676,50604,Berlin,7,2019,6,20,3,3,1,5,0,1,1,0,0,0,0,0,"13,38562","52,47442"
677,50605,Berlin,11,2019,9,16,6,3,3,6,0,0,1,0,1,0,0,0,"13,53166","52,51035"
678,50606,Berlin,12,2019,12,19,6,3,6,2,2,0,1,1,0,0,0,1,"13,3642","52,56369"
679,50607,Berlin,1,2019,8,8,5,3,2,2,0,0,1,0,0,0,0,0,"13,36989","52,54179"
680,50608,Berlin,7,2019,4,14,4,3,6,4,0,0,1,1,0,0,0,0,"13,38397","52,45495"
681,50609,Berlin,2,2019,10,17,2,3,6,4,2,0,1,1,0,0,0,1,"13,47494","52,51361"
682,50610,Berlin,7,2019,9,6,5,3,3,6,2,0,1,0,0,1,0,0,"13,41191","52,46095"
683,50611,Berlin,7,2019,8,10,5,3,5,3,0,1,1,0,0,0,0,0,"13,37767","52,43352"
684,50612,Berlin,10,2019,4,15,4,2,6,4,0,0,1,1,0,0,0,0,"13,56726","52,57252"
685,50613,Berlin,6,2019,10,18,7,3,2,6,1,0,1,0,0,0,0,0,"13,30496","52,44976"
686,50614,Berlin,7,2019,6,23,7,3,3,6,2,0,1,0,0,0,0,0,"13,39797","52,46618"
687,50615,Berlin,7,2019,9,16,5,3,2,6,0,0,1,0,0,0,0,0,"13,34837","52,48174"
688,50617,Berlin,1,2019,6,21,7,3,2,6,1,0,1,0,0,0,0,0,"13,36364","52,53521"
689,50618,Berlin,6,2019,4,9,4,3,5,2,0,0,1,0,0,0,0,0,"13,1754","52,41997"
690,50619,Berlin,1,2019,11,7,4,3,2,6,0,0,1,0,0,0,0,0,"13,3693","52,52878"
691,50620,Berlin,12,2019,6,12,7,3,0,7,0,0,1,0,0,0,0,0,"13,30488","52,55295"
692,50621,Berlin,4,2019,12,18,1,3,3,6,2,0,1,0,0,1,0,0,"13,28248","52,52822"
693,50622,Berlin,2,2019,8,7,5,3,1,6,0,0,1,0,0,0,0,0,"13,42753","52,51868"
694,50623,Berlin,2,2019,4,8,4,2,0,2,0,1,1,0,0,0,0,0,"13,46093","52,51517"
695,50624,Berlin,7,2019,10,8,3,3,2,6,0,0,1,0,1,0,0,0,"13,34735","52,47633"
696,50625,Berlin,1,2019,9,15,5,3,3,6,0,0,1,0,0,0,0,0,"13,41246","52,51924"
697,50627,Berlin,2,2019,7,11,4,2,0,7,0,1,0,0,0,0,0,0,"13,43849","52,51744"
698,50628,Berlin,7,2019,4,11,3,2,2,6,0,0,1,0,0,1,0,0,"13,35192","52,47408"
699,50629,Berlin,4,2019,9,14,7,3,2,6,0,0,1,0,0,0,0,1,"13,31421","52,47934"
700,50630,Berlin,3,2019,6,9,3,3,3,6,0,1,0,0,0,0,1,0,"13,44928","52,54766"
701,50631,Berlin,6,2019,9,13,5,2,0,7,0,1,0,0,0,0,0,0,"13,28608","52,44299"
702,50632,Berlin,9,2019,12,14,6,3,3,6,0,0,1,0,0,0,1,1,"13,48535","52,47303"
703,50633,Berlin,1,2019,6,1,7,3,2,6,2,0,1,0,0,0,0,0,"13,40437","52,51298"
704,50634,Berlin,1,2019,7,22,4,3,5,2,2,1,1,0,0,0,0,1,"13,36835","52,50632"
705,50635,Berlin,4,2019,4,10,3,3,2,6,0,0,1,0,0,0,0,0,"13,30455","52,48451"
706,50636,Berlin,11,2019,11,7,4,2,5,2,0,1,1,0,0,0,0,1,"13,49411","52,51183"
707,50637,Berlin,5,2019,11,14,1,3,5,3,0,0,1,0,1,0,0,0,"13,18009","52,51644"
708,50638,Berlin,2,2019,7,14,4,3,0,6,0,1,0,0,0,0,0,0,"13,47056","52,51406"
709,50639,Berlin,3,2019,4,5,3,2,6,7,0,0,1,0,0,0,1,0,"13,42207","52,52673"
710,50640,Berlin,2,2019,10,10,4,3,6,7,0,0,0,1,0,0,1,1,"13,47404","52,51385"
711,50641,Berlin,2,2019,9,9,5,3,3,6,0,1,0,0,0,0,0,0,"13,4432","52,51697"
712,50643,Berlin,7,2019,5,6,6,3,5,3,0,0,1,0,0,0,0,0,"13,38732","52,44017"
713,50644,Berlin,4,2019,7,13,4,3,5,2,0,1,0,0,0,1,0,0,"13,282","52,50994"
714,50645,Berlin,6,2019,4,11,3,3,5,7,0,1,1,0,0,0,0,0,"13,26394","52,43518"
715,50646,Berlin,9,2019,6,20,5,3,6,4,0,1,0,1,0,0,0,0,"13,45841","52,49238"
716,50647,Berlin,7,2019,9,6,5,3,2,6,0,0,1,0,0,0,1,1,"13,4151","52,46077"
717,50648,Berlin,3,2019,12,7,4,3,6,2,0,0,1,1,0,0,0,0,"13,42918","52,53305"
718,50649,Berlin,4,2019,5,13,6,3,5,2,0,1,1,0,0,0,0,0,"13,31153","52,51181"
719,50650,Berlin,1,2019,7,18,3,3,6,6,0,0,0,1,0,0,1,0,"13,41687","52,52217"
720,50651,Berlin,4,2019,11,5,6,3,5,2,2,0,1,0,0,0,0,0,"13,3191","52,4782"
721,50652,Berlin,1,2019,7,23,3,3,5,3,2,1,0,0,0,0,1,0,"13,37367","52,50918"
722,50653,Berlin,1,2019,9,17,6,3,2,6,0,0,1,0,0,0,0,1,"13,36574","52,5556"
723,50654,Berlin,1,2019,4,11,3,3,2,6,0,0,1,0,1,0,0,0,"13,37229","52,50501"
724,50655,Berlin,4,2019,10,0,5,3,5,3,2,0,1,0,0,0,0,1,"13,30149","52,51135"
725,50656,Berlin,11,2019,9,5,5,3,2,6,2,0,1,0,0,1,0,1,"13,50519","52,51073"
726,50658,Berlin,3,2019,5,19,6,2,1,5,1,1,1,0,0,0,0,1,"13,41206","52,55983"
727,50659,Berlin,3,2019,7,22,3,3,3,2,2,0,1,0,1,0,0,0,"13,40336","52,56938"
728,50660,Berlin,1,2019,4,14,3,3,2,6,0,0,1,0,0,0,1,0,"13,36553","52,53328"
729,50661,Berlin,7,2019,11,11,1,3,2,2,0,0,1,0,0,0,0,1,"13,3855","52,46942"
730,50662,Berlin,12,2019,6,23,7,3,2,7,2,0,0,0,0,0,1,0,"13,35357","52,57368"
731,50663,Berlin,7,2019,9,11,4,3,2,7,0,0,1,0,1,0,0,0,"13,38129","52,43879"
732,50664,Berlin,1,2019,12,17,5,3,2,6,2,0,1,0,0,0,1,0,"13,36736","52,55141"
733,50665,Berlin,3,2019,7,10,3,3,5,2,0,1,1,0,0,0,0,0,"13,41232","52,5411"
734,50666,Berlin,3,2019,4,15,3,3,5,2,0,1,1,0,0,0,0,0,"13,40257","52,59237"
735,50667,Berlin,12,2019,7,12,3,3,9,1,0,0,1,0,0,0,0,0,"13,35923","52,57314"
736,50668,Berlin,7,2019,4,16,3,3,6,4,0,0,1,1,0,0,0,0,"13,40026","52,41644"
737,50669,Berlin,1,2019,6,16,5,3,2,6,0,0,1,0,1,0,0,0,"13,36349","52,51542"
738,50670,Berlin,7,2019,9,9,4,3,3,6,0,0,1,0,0,1,0,0,"13,38474","52,45075"
739,50671,Berlin,2,2019,12,6,6,3,2,2,2,1,1,0,0,0,0,2,"13,43651","52,51764"
740,50672,Berlin,12,2019,5,19,6,2,9,1,0,0,1,0,0,0,0,1,"13,35918","52,57316"
741,50673,Berlin,3,2019,7,22,2,3,1,5,2,1,1,0,0,0,0,1,"13,45146","52,54833"
742,50674,Berlin,9,2019,11,19,6,2,3,6,2,0,1,0,0,1,0,1,"13,47633","52,4442"
743,50675,Berlin,1,2019,7,19,2,3,0,6,0,1,1,0,0,0,0,1,"13,41591","52,52221"
744,50676,Berlin,4,2019,4,16,3,3,2,6,0,0,1,0,0,0,0,0,"13,28441","52,53051"
745,50677,Berlin,7,2019,10,1,6,2,5,3,2,0,1,0,0,0,0,1,"13,3761","52,43019"
746,50678,Berlin,7,2019,9,8,4,3,2,6,0,0,1,0,0,0,0,0,"13,36655","52,4723"
747,50680,Berlin,2,2019,5,12,6,3,5,2,0,1,1,0,0,0,0,0,"13,46754","52,51451"
748,50681,Berlin,1,2019,7,19,2,3,5,2,0,1,1,0,0,0,0,1,"13,36982","52,54322"
749,50682,Berlin,9,2019,4,3,2,3,9,1,2,0,1,0,0,0,0,0,"13,50513","52,43023"
750,50683,Berlin,7,2019,11,18,2,3,2,6,2,0,1,0,0,0,0,1,"13,39526","52,46704"
751,50684,Berlin,9,2019,6,16,1,3,2,6,0,0,0,0,1,0,0,0,"13,51175","52,45508"
752,50685,Berlin,1,2019,9,7,4,3,2,6,0,0,0,0,1,1,0,0,"13,40191","52,51158"
753,50686,Berlin,7,2019,12,7,6,3,2,6,1,0,1,0,0,0,0,1,"13,35399","52,47913"
754,50687,Berlin,7,2019,7,19,2,3,5,3,0,0,1,0,0,0,1,1,"13,34703","52,4766"
755,50688,Berlin,3,2019,4,10,7,3,0,2,0,0,1,0,0,0,1,0,"13,40338","52,56939"
756,50689,Berlin,7,2019,10,6,2,3,0,3,1,1,0,0,0,0,0,1,"13,37719","52,4325"
757,50690,Berlin,9,2019,9,8,3,3,2,6,0,0,1,0,0,0,0,0,"13,45911","52,49289"
758,50691,Berlin,6,2019,7,16,2,3,0,5,0,1,1,0,0,0,0,0,"13,25773","52,43565"
759,50692,Berlin,2,2019,4,12,6,3,6,6,0,1,0,1,0,0,0,0,"13,45716","52,51557"
760,50693,Berlin,7,2019,10,17,6,3,5,3,1,0,1,0,0,0,0,1,"13,3783","52,43483"
761,50694,Berlin,4,2019,6,15,6,3,5,2,0,0,1,0,0,0,0,0,"13,27139","52,50942"
762,50695,Berlin,3,2019,9,16,3,3,5,2,0,1,1,0,0,0,0,0,"13,41374","52,55769"
763,50697,Berlin,4,2019,5,14,5,3,2,6,0,0,1,0,0,0,0,0,"13,26021","52,50863"
764,50698,Berlin,4,2019,4,10,6,3,2,6,0,0,0,0,1,0,0,0,"13,28165","52,51008"
765,50699,Berlin,1,2019,11,22,2,3,3,6,2,0,1,0,0,0,0,0,"13,38847","52,51027"
766,50700,Berlin,1,2019,5,4,5,3,5,3,1,1,1,0,0,0,0,0,"13,41988","52,5249"
767,50701,Berlin,12,2019,11,12,7,3,2,6,0,0,1,0,0,0,0,0,"13,28709","52,59247"
768,50702,Berlin,4,2019,7,14,2,3,3,6,0,0,1,0,0,0,0,0,"13,28178","52,5219"
769,50703,Berlin,7,2019,4,14,6,3,2,2,0,0,0,0,0,0,1,0,"13,37831","52,43485"
770,50704,Berlin,7,2019,10,16,3,2,1,5,0,0,1,0,1,0,0,0,"13,36393","52,41421"
771,50705,Berlin,1,2019,9,15,3,3,2,2,0,0,0,0,1,1,0,0,"13,37305","52,50913"
772,50707,Berlin,9,2019,7,13,2,3,2,6,0,0,1,0,1,0,0,0,"13,50308","52,46124"
773,50708,Berlin,5,2019,4,15,6,3,0,1,0,0,0,0,1,0,0,0,"13,21195","52,51002"
774,50709,Berlin,1,2019,9,17,6,2,6,7,0,0,0,1,0,0,1,0,"13,40351","52,51925"
775,50710,Berlin,2,2019,6,19,2,3,1,5,0,1,1,0,0,0,0,0,"13,45189","52,51145"
776,50711,Berlin,10,2019,9,11,3,3,0,7,0,0,1,0,0,0,0,0,"13,58903","52,50499"
777,50712,Berlin,2,2019,12,19,3,3,1,5,2,1,1,0,0,0,1,0,"13,45257","52,51191"
778,50713,Berlin,11,2019,5,20,4,3,2,7,0,0,1,0,0,0,1,0,"13,50284","52,51093"
779,50714,Berlin,1,2019,7,10,2,3,5,3,0,0,1,0,0,0,1,0,"13,41123","52,51879"
780,50715,Berlin,7,2019,4,10,5,3,3,6,0,0,1,0,0,0,0,0,"13,35317","52,47629"
781,50716,Berlin,1,2019,11,12,4,3,5,7,0,0,1,0,0,0,0,1,"13,3692","52,50725"
782,50717,Berlin,7,2019,11,13,7,2,6,7,0,0,1,1,0,0,0,0,"13,39236","52,42978"
783,50718,Berlin,6,2019,7,11,2,2,2,7,0,0,1,0,0,0,0,0,"13,32846","52,46058"
784,50719,Berlin,3,2019,4,20,5,3,0,6,0,0,0,0,0,0,1,0,"13,41369","52,55039"
785,50720,Berlin,11,2019,10,9,3,3,6,2,0,0,1,1,0,0,0,0,"13,50446","52,51065"
786,50721,Berlin,12,2019,9,9,3,3,1,7,0,0,1,1,0,0,1,0,"13,36406","52,56449"
787,50723,Berlin,2,2019,5,22,4,3,3,6,2,0,1,0,1,0,0,0,"13,45923","52,5152"
788,50724,Berlin,7,2019,7,8,2,3,0,7,0,1,0,0,0,0,0,0,"13,38587","52,47485"
789,50725,Berlin,2,2019,4,22,5,3,5,2,2,0,1,0,0,0,1,0,"13,44748","52,52635"
790,50726,Berlin,7,2019,11,18,5,3,3,6,2,0,1,0,0,0,0,1,"13,40733","52,39015"
791,50727,Berlin,7,2019,6,14,5,3,2,6,0,0,1,0,0,0,0,0,"13,38613","52,46968"
792,50728,Berlin,4,2019,9,12,3,3,0,3,0,1,1,0,0,0,0,0,"13,27777","52,50967"
793,50729,Berlin,4,2019,12,20,3,3,5,3,2,1,1,0,0,0,0,1,"13,30744","52,51174"