,id,city,district,year,month,hour,weekday,injury_level,collision,movement,light_conditions,bicycle,car,pedestrian,motorbike,truck,other_vehicle,road_conditions,longitude,latitude
794,50730,Berlin,10,2019,7,8,1,2,9,1,0,0,1,0,0,0,0,0,"13,558","52,56251"
795,50731,Berlin,2,2019,10,4,5,3,8,1,2,0,1,0,0,0,0,0,"13,38609","52,48663"
796,50732,Berlin,6,2019,7,23,1,3,0,7,2,0,1,0,0,0,0,0,"13,31231","52,46589"
797,50733,Berlin,2,2019,9,15,6,3,2,6,0,0,1,0,0,0,0,1,"13,38607","52,48637"
798,50734,Berlin,6,2019,4,18,5,3,0,1,0,0,0,0,1,0,0,0,"13,24182","52,43355"
799,50735,Berlin,4,2019,10,9,4,3,2,6,0,0,1,0,0,0,0,0,"13,28146","52,49884"
800,50736,Berlin,4,2019,9,12,3,3,0,3,0,1,1,0,0,0,0,0,"13,27776","52,50966"
801,50738,Berlin,1,2019,5,21,4,3,2,6,0,0,1,0,0,0,1,0,"13,36575","52,55552"
802,50739,Berlin,2,2019,7,19,1,3,5,2,0,0,1,0,0,0,0,0,"13,45423","52,5157"
803,50740,Berlin,2,2019,4,10,5,3,6,4,0,1,0,1,0,0,0,0,"13,45004","52,5226"
804,50741,Berlin,1,2019,11,16,7,2,0,3,1,1,0,0,0,0,1,0,"13,37057","52,50877"
805,50742,Berlin,9,2019,6,18,7,2,3,6,0,0,1,0,0,0,0,0,"13,47423","52,48838"
806,50743,Berlin,12,2019,12,11,4,3,3,6,0,0,1,0,1,0,0,0,"13,36487","52,56132"
807,50744,Berlin,5,2019,7,18,1,2,5,3,0,1,1,0,0,0,0,0,"13,12628","52,47857"
808,50745,Berlin,2,2019,4,9,5,3,1,5,0,0,1,0,0,0,1,0,"13,38447","52,4986"
809,50746,Berlin,7,2019,10,17,6,3,5,3,0,0,1,0,0,0,0,0,"13,37552","52,42896"
810,50747,Berlin,1,2019,9,15,2,3,0,7,0,1,0,0,0,0,0,1,"13,36671","52,5042"
811,50748,Berlin,4,2019,7,23,7,3,5,2,2,0,1,0,1,0,0,0,"13,25815","52,50851"
812,50749,Berlin,9,2019,4,10,5,2,5,3,0,1,1,0,0,0,0,0,"13,51311","52,45416"
813,50750,Berlin,3,2019,10,8,4,3,2,7,1,1,1,0,0,0,0,1,"13,40252","52,586"
814,50751,Berlin,10,2019,6,7,5,2,5,2,0,1,1,0,0,0,0,0,"13,55339","52,50935"
815,50752,Berlin,1,2019,9,11,2,3,5,2,0,0,1,0,0,0,0,1,"13,36838","52,54108"
816,50753,Berlin,7,2019,12,14,5,3,1,5,0,0,1,0,0,0,1,1,"13,40736","52,38951"
817,50754,Berlin,2,2019,5,10,4,3,2,6,0,0,1,0,1,0,0,0,"13,47378","52,51387"
818,50755,Berlin,1,2019,4,17,5,3,2,6,0,0,1,0,0,0,0,0,"13,36551","52,55795"
819,50756,Berlin,1,2019,11,5,1,3,8,1,2,0,1,0,0,0,1,1,"13,36443","52,5344"
820,50757,Berlin,4,2019,5,11,4,3,5,7,0,1,1,0,0,0,0,0,"13,32569","52,51293"
821,50758,Berlin,3,2019,11,18,5,3,5,2,2,1,1,0,0,0,0,1,"13,40338","52,56939"
822,50759,Berlin,4,2019,7,22,7,2,0,1,2,1,0,0,0,0,0,0,"13,29922","52,5112"
823,50760,Berlin,10,2019,4,7,4,2,5,2,0,0,1,0,1,0,1,0,"13,54028","52,51"
824,50761,Berlin,3,2019,10,14,1,3,5,2,0,1,1,0,0,0,0,0,"13,40169","52,58995"
825,50762,Berlin,4,2019,9,23,2,3,9,1,2,0,1,0,0,0,0,1,"13,28029","52,50167"
826,50764,Berlin,4,2019,5,17,4,3,3,6,0,0,1,0,0,0,0,0,"13,27853","52,50988"
827,50765,Berlin,2,2019,7,10,7,3,3,6,0,1,1,0,0,0,0,0,"13,45196","52,51609"
828,50766,Berlin,5,2019,4,11,4,3,2,6,0,0,1,0,0,0,1,0,"13,18175","52,5161"
829,50767,Berlin,2,2019,10,20,7,3,0,7,2,0,0,0,1,0,0,0,"13,38792","52,49347"
830,50768,Berlin,7,2019,9,21,2,3,5,3,2,0,1,0,0,1,0,1,"13,35911","52,47434"
831,50769,Berlin,3,2019,7,10,7,3,2,6,0,0,1,0,1,0,0,0,"13,41373","52,55057"
832,50770,Berlin,4,2019,4,12,4,3,2,6,0,0,1,0,0,0,0,0,"13,24538","52,50772"
833,50771,Berlin,1,2019,10,6,4,3,2,6,2,0,1,0,0,0,1,1,"13,36889","52,53906"
834,50772,Berlin,1,2019,6,8,6,3,5,2,0,1,1,0,0,0,0,0,"13,37019","52,53996"
835,50773,Berlin,4,2019,9,19,2,3,5,3,2,0,1,0,0,1,0,1,"13,28512","52,51097"
836,50774,Berlin,3,2019,12,7,7,3,4,6,0,0,1,0,0,0,0,0,"13,40181","52,58696"
837,50775,Berlin,3,2019,5,13,4,3,5,2,0,0,1,0,0,0,1,0,"13,41346","52,55867"
838,50776,Berlin,7,2019,4,13,4,3,3,6,0,0,1,0,0,1,0,0,"13,40675","52,46202"
839,50777,Berlin,12,2019,11,14,1,3,2,6,0,0,1,0,0,0,0,0,"13,24801","52,61438"
840,50778,Berlin,7,2019,5,15,4,2,9,1,0,0,0,0,1,0,0,0,"13,41052","52,46003"
841,50779,Berlin,7,2019,11,13,7,2,0,1,0,0,0,0,1,0,0,1,"13,38343","52,46963"
842,50780,Berlin,9,2019,7,0,7,2,5,3,2,1,0,0,1,0,0,0,"13,51318","52,45411"
843,50781,Berlin,12,2019,4,14,4,3,0,2,0,1,0,0,0,0,1,0,"13,36442","52,56373"
844,50782,Berlin,4,2019,10,13,2,3,2,6,0,1,1,0,0,0,0,0,"13,29446","52,51089"
845,50783,Berlin,4,2019,9,15,2,3,4,1,0,0,1,0,0,0,0,1,"13,26002","52,50862"
846,50785,Berlin,7,2019,5,7,4,3,5,3,0,1,0,0,0,0,0,0,"13,39271","52,42977"
847,50786,Berlin,1,2019,7,23,6,2,0,7,2,0,0,0,1,0,1,0,"13,40291","52,51896"
848,50787,Berlin,1,2019,4,15,4,3,2,6,0,0,1,0,0,0,1,0,"13,37228","52,50501"
849,50788,Berlin,3,2019,6,14,2,2,0,3,0,0,0,0,1,1,0,0,"13,39831","52,5793"
850,50789,Berlin,2,2019,9,9,2,3,2,6,0,0,1,0,0,0,0,1,"13,38914","52,49801"
851,50790,Berlin,1,2019,12,19,2,3,5,3,2,1,1,0,0,0,0,1,"13,40459","52,51313"
852,50791,Berlin,2,2019,5,9,4,3,5,2,0,1,0,0,0,0,1,0,"13,45422","52,51583"
853,50792,Berlin,7,2019,7,12,6,3,1,5,0,0,1,0,0,0,1,0,"13,38589","52,47594"
854,50793,Berlin,4,2019,4,17,3,3,3,6,0,0,1,0,1,0,0,0,"13,31217","52,51186"
855,50794,Berlin,6,2019,11,14,3,3,2,6,0,0,1,0,0,0,0,1,"13,3031","52,44903"
856,50795,Berlin,1,2019,11,13,6,2,5,3,0,0,1,0,0,0,0,0,"13,37057","52,53997"
857,50796,Berlin,4,2019,7,12,6,3,2,6,0,0,1,0,0,0,0,0,"13,30116","52,51114"
858,50797,Berlin,4,2019,4,21,3,3,2,6,2,0,1,0,0,0,0,0,"13,33724","52,47817"
859,50798,Berlin,6,2019,10,15,2,3,5,7,0,0,1,0,0,0,0,0,"13,31431","52,45308"
860,50799,Berlin,9,2019,9,8,2,3,3,6,0,0,1,0,0,0,1,1,"13,46081","52,49393"
861,50801,Berlin,4,2019,5,7,4,2,5,7,0,0,1,0,1,0,0,0,"13,22889","52,50673"
862,50802,Berlin,4,2019,7,18,6,3,2,6,0,0,1,0,0,0,0,0,"13,22634","52,50712"
863,50803,Berlin,11,2019,4,20,3,3,1,5,2,0,1,0,1,0,0,0,"13,48103","52,51314"
864,50804,Berlin,2,2019,11,21,4,3,3,6,2,0,1,0,0,0,1,0,"13,43886","52,51726"
865,50805,Berlin,4,2019,6,13,4,3,5,2,0,0,1,0,0,0,0,0,"13,27783","52,50984"
866,50806,Berlin,7,2019,9,14,2,3,2,6,0,0,1,0,1,0,0,1,"13,38811","52,43763"
867,50807,Berlin,4,2019,12,17,2,3,2,6,2,0,1,0,0,0,0,1,"13,30305","52,48567"
868,50808,Berlin,1,2019,7,20,6,3,0,1,1,0,0,0,0,0,1,0,"13,41246","52,51947"
869,50809,Berlin,9,2019,10,18,4,3,2,6,2,0,1,0,0,0,0,0,"13,47026","52,44733"
870,50810,Berlin,2,2019,9,0,1,3,9,1,2,0,1,0,0,0,0,0,"13,45263","52,51824"
871,50811,Berlin,4,2019,7,9,6,3,2,6,0,0,1,0,0,0,0,0,"13,28515","52,53141"
872,50812,Berlin,3,2019,4,19,3,3,5,3,0,0,1,0,0,0,0,0,"13,4675","52,55519"
873,50813,Berlin,5,2019,10,11,3,3,2,6,0,0,1,0,0,0,0,1,"13,17879","52,51646"
874,50814,Berlin,7,2019,9,4,1,3,1,1,0,0,1,0,0,0,0,0,"13,39472","52,42559"
875,50816,Berlin,4,2019,5,8,4,3,8,1,0,0,0,0,1,0,0,0,"13,29932","52,53398"
876,50817,Berlin,2,2019,7,2,6,3,3,6,2,0,0,0,0,0,1,0,"13,44983","52,5163"
877,50818,Berlin,4,2019,4,18,3,3,5,3,0,1,1,0,0,0,0,0,"13,31494","52,51223"
878,50819,Berlin,1,2019,11,4,7,3,0,3,2,0,0,0,0,0,1,1,"13,4109","52,52333"
879,50820,Berlin,1,2019,5,9,3,3,5,2,0,1,1,0,0,0,0,0,"13,36834","52,54111"
880,50821,Berlin,2,2019,12,7,3,3,5,2,1,1,1,0,0,0,0,0,"13,46023","52,51524"
881,50822,Berlin,10,2019,7,11,5,3,5,3,0,0,1,0,0,0,1,0,"13,55828","52,56289"
882,50823,Berlin,9,2019,4,17,3,3,4,7,0,1,1,0,0,0,0,0,"13,46153","52,49477"
883,50824,Berlin,2,2019,10,11,6,3,5,2,0,1,0,0,0,0,1,0,"13,45373","52,51598"
884,50825,Berlin,2,2019,9,20,7,2,6,4,2,0,1,1,0,0,0,0,"13,45988","52,51514"
885,50826,Berlin,4,2019,7,23,5,2,3,1,2,0,1,0,0,0,0,0,"13,3095","52,53569"
886,50827,Berlin,3,2019,4,7,3,3,5,2,0,1,1,0,0,0,0,0,"13,39815","52,57118"
887,50828,Berlin,1,2019,10,9,3,3,5,2,0,1,1,0,0,0,0,1,"13,41676","52,52208"
888,50829,Berlin,4,2019,6,18,4,3,2,6,0,0,1,0,0,0,0,0,"13,28391","52,51726"
889,50830,Berlin,7,2019,9,12,7,3,3,6,0,0,1,0,0,0,0,0,"13,34061","52,47875"
890,50831,Berlin,1,2019,12,16,2,3,6,2,2,0,1,1,0,0,0,0,"13,36727","52,55154"
891,50832,Berlin,1,2019,5,8,3,3,5,2,0,1,0,0,0,1,0,0,"13,36834","52,54111"
892,50833,Berlin,2,2019,4,17,3,2,6,4,0,1,0,1,0,0,0,0,"13,43644","52,5175"
893,50834,Berlin,6,2019,11,10,7,3,0,2,0,1,1,0,0,0,0,1,"13,28246","52,44169"
894,50835,Berlin,1,2019,5,8,3,3,2,2,0,1,0,0,0,0,1,0,"13,41638","52,522"
895,50836,Berlin,7,2019,11,17,4,3,2,6,2,0,1,0,0,0,0,1,"13,37886","52,46994"
896,50837,Berlin,3,2019,7,16,5,3,3,6,0,1,1,0,0,0,0,0,"13,44665","52,52757"
897,50838,Berlin,7,2019,4,17,3,3,5,2,0,0,1,0,1,0,0,0,"13,35415","52,47901"
898,50839,Berlin,12,2019,10,9,6,3,5,3,0,0,1,0,1,0,0,0,"13,319","52,61075"
899,50840,Berlin,7,2019,9,12,7,3,5,3,0,0,1,0,1,0,0,0,"13,36099","52,49346"
900,50842,Berlin,1,2019,5,17,3,3,6,4,0,1,1,1,0,0,0,0,"13,36613","52,55461"
901,50843,Berlin,3,2019,7,13,5,3,2,6,0,0,1,0,0,0,0,0,"13,40369","52,56909"
902,50844,Berlin,7,2019,4,12,2,3,5,2,0,0,1,0,0,0,0,0,"13,38438","52,45266"
903,50845,Berlin,5,2019,6,12,7,3,4,6,0,1,0,0,0,0,0,0,"13,14164","52,49002"
904,50846,Berlin,2,2019,9,11,7,3,2,6,0,0,1,0,0,0,0,0,"13,38657","52,49073"
905,50847,Berlin,7,2019,12,3,1,3,5,3,2,0,1,0,0,0,0,1,"13,3855","52,46939"
906,50848,Berlin,3,2019,5,11,3,2,0,2,0,0,1,0,1,0,0,0,"13,42419","52,5393"
907,50849,Berlin,7,2019,7,8,5,3,2,2,0,1,1,0,0,0,0,0,"13,3484","52,48193"
908,50850,Berlin,12,2019,11,0,1,2,1,1,2,0,1,0,0,0,0,1,"13,36368","52,56522"
909,50851,Berlin,2,2019,7,6,5,3,5,2,0,0,1,0,0,0,0,0,"13,45376","52,51587"
910,50852,Berlin,12,2019,4,22,2,3,0,3,2,0,1,0,1,0,0,0,"13,36375","52,56508"
911,50853,Berlin,7,2019,10,13,7,3,5,3,0,1,1,0,0,0,0,0,"13,38732","52,44017"
912,50854,Berlin,4,2019,9,20,6,3,0,1,2,1,1,0,0,0,0,0,"13,28676","52,51024"
913,50856,Berlin,7,2019,5,10,2,2,0,7,0,1,0,0,0,0,0,0,"13,3587","52,40836"
914,50857,Berlin,12,2019,7,17,4,3,1,5,0,1,1,0,0,0,0,0,"13,36001","52,5719"
915,50858,Berlin,1,2019,4,18,2,3,0,5,0,1,0,0,0,0,1,0,"13,4064","52,52071"
916,50859,Berlin,5,2019,11,17,3,1,6,4,1,0,1,1,0,0,1,1,"13,20597","52,51122"
917,50860,Berlin,1,2019,6,11,3,3,5,2,0,1,1,0,0,0,0,0,"13,41951","52,5251"
918,50861,Berlin,6,2019,9,6,6,3,3,6,0,0,1,0,0,0,0,0,"13,20809","52,44678"
919,50862,Berlin,4,2019,12,18,6,2,2,6,2,0,1,0,0,0,0,1,"13,28296","52,52862"
920,50863,Berlin,2,2019,7,15,4,3,0,1,0,1,0,0,0,0,0,0,"13,45237","52,51917"
921,50864,Berlin,9,2019,10,13,3,3,2,6,0,0,1,0,0,0,0,0,"13,51361","52,45401"
922,50865,Berlin,4,2019,9,13,6,3,3,6,0,0,1,0,0,0,1,0,"13,28007","52,5017"
923,50866,Berlin,12,2019,6,15,7,3,2,6,0,0,1,0,0,0,0,0,"13,30863","52,55694"
924,50867,Berlin,12,2019,9,13,6,3,0,6,0,0,0,0,0,0,1,0,"13,30078","52,54842"
925,50868,Berlin,12,2019,12,13,2,3,3,6,0,0,1,0,0,1,0,0,"13,36417","52,56384"
926,50869,Berlin,2,2019,5,9,2,3,3,6,0,1,1,0,0,0,0,0,"13,38606","52,48596"
927,50870,Berlin,3,2019,7,19,4,2,2,7,0,0,1,0,0,0,0,0,"13,44916","52,60544"
928,50871,Berlin,5,2019,4,15,2,3,0,7,0,0,1,0,0,0,1,0,"13,17598","52,51461"
929,50872,Berlin,7,2019,11,12,2,3,0,6,0,0,1,0,1,0,0,1,"13,38774","52,43877"
930,50873,Berlin,7,2019,7,7,4,3,2,6,0,0,1,0,0,0,1,0,"13,38654","52,44262"
931,50874,Berlin,4,2019,4,8,2,3,5,2,0,1,1,0,0,0,0,0,"13,29141","52,51053"
932,50875,Berlin,7,2019,10,17,1,3,0,7,0,1,1,0,0,0,0,0,"13,38546","52,4632"
933,50876,Berlin,12,2019,9,12,6,3,6,7,0,0,0,1,0,1,0,0,"13,361","52,56997"
934,50878,Berlin,4,2019,5,15,1,3,6,4,0,1,0,1,0,0,0,0,"13,31506","52,51224"
935,50879,Berlin,4,2019,7,15,4,3,2,6,0,0,1,0,0,1,0,0,"13,31812","52,47835"
936,50880,Berlin,2,2019,4,8,2,3,5,3,0,1,1,0,0,0,0,0,"13,47072","52,51419"
937,50881,Berlin,3,2019,11,22,3,3,0,3,2,1,1,0,0,0,0,1,"13,40279","52,59316"
938,50882,Berlin,3,2019,6,7,4,2,5,3,0,1,0,0,0,0,0,0,"13,41251","52,54338"
939,50883,Berlin,4,2019,9,12,6,3,2,6,0,0,1,0,0,0,0,0,"13,28126","52,49908"
940,50884,Berlin,2,2019,12,13,7,3,1,5,0,1,1,0,0,0,1,0,"13,45158","52,50973"
941,50885,Berlin,9,2019,7,16,4,3,5,2,0,0,1,0,0,0,0,0,"13,46511","52,48667"
942,50886,Berlin,12,2019,10,9,4,3,3,6,0,0,1,0,0,0,0,0,"13,36033","52,57129"
943,50887,Berlin,7,2019,9,15,6,3,8,7,0,0,1,0,0,0,0,0,"13,36189","52,41374"
944,50888,Berlin,7,2019,7,14,4,3,3,6,0,0,1,0,1,0,1,0,"13,38575","52,47974"
945,50889,Berlin,12,2019,4,0,1,3,5,2,2,1,1,0,0,0,0,0,"13,3239","52,60778"
946,50890,Berlin,4,2019,10,0,3,3,5,2,2,0,1,0,0,0,0,0,"13,28924","52,51039"
947,50891,Berlin,4,2019,6,13,2,3,2,6,0,0,1,0,0,1,0,0,"13,28153","52,50518"
948,50892,Berlin,11,2019,9,20,5,3,5,2,2,1,1,0,0,0,0,0,"13,49349","52,51171"
949,50894,Berlin,10,2019,5,2,1,3,6,4,2,0,0,1,0,0,1,0,"13,55489","52,55856"
950,50895,Berlin,10,2019,7,19,4,3,2,6,0,0,1,0,0,0,0,0,"13,56108","52,50863"
951,50896,Berlin,4,2019,4,13,7,3,2,6,0,0,1,0,0,0,0,0,"13,30578","52,48353"
952,50897,Berlin,5,2019,11,7,5,2,4,6,1,1,0,0,0,0,0,0,"13,12891","52,48011"
953,50898,Berlin,4,2019,5,17,1,3,2,6,0,0,1,0,0,0,0,0,"13,29599","52,54139"
954,50899,Berlin,4,2019,12,16,3,3,5,2,2,1,1,0,0,0,0,1,"13,2893","52,5104"
955,50900,Berlin,2,2019,7,20,3,3,2,6,0,0,1,0,0,0,1,0,"13,45098","52,51619"
956,50901,Berlin,4,2019,4,1,7,3,5,3,2,0,1,0,0,0,0,0,"13,30159","52,51117"
957,50902,Berlin,2,2019,10,8,5,2,0,2,0,1,1,0,0,0,0,1,"13,46022","52,51525"
958,50903,Berlin,3,2019,9,6,5,3,5,2,1,1,0,0,0,1,0,0,"13,41376","52,55077"
959,50905,Berlin,3,2019,7,18,3,3,1,5,0,1,1,0,0,0,1,0,"13,41346","52,54081"
960,50906,Berlin,2,2019,4,0,7,3,6,4,2,0,1,1,0,0,0,0,"13,46017","52,51525"
961,50907,Berlin,4,2019,9,17,2,3,8,1,0,0,1,0,0,0,0,1,"13,30711","52,47603"
962,50908,Berlin,2,2019,6,5,4,3,2,6,0,0,1,0,0,0,0,0,"13,44512","52,51677"
963,50909,Berlin,4,2019,9,11,5,3,5,2,0,1,1,0,0,0,0,0,"13,28923","52,51056"
964,50910,Berlin,1,2019,12,17,6,3,2,6,2,1,0,0,0,0,0,0,"13,42482","52,51933"
965,50911,Berlin,4,2019,5,0,1,3,0,1,2,1,0,0,0,0,0,0,"13,28122","52,50989"
966,50912,Berlin,12,2019,7,16,3,3,5,3,0,1,1,0,0,0,0,0,"13,34595","52,58023"
967,50913,Berlin,2,2019,4,11,7,2,5,3,0,0,1,0,0,0,1,0,"13,45423","52,51576"
968,50914,Berlin,2,2019,11,9,6,3,6,7,0,1,0,1,0,0,0,0,"13,4658","52,51469"
969,50915,Berlin,1,2019,9,6,5,3,5,2,0,1,1,0,0,0,0,1,"13,37054","52,50875"
970,50916,Berlin,3,2019,11,16,3,3,2,2,2,0,1,0,0,0,0,0,"13,42437","52,53926"
971,50917,Berlin,12,2019,7,14,3,3,5,3,0,0,1,0,0,0,0,0,"13,34193","52,58547"
972,50918,Berlin,3,2019,4,15,6,3,5,2,0,0,1,0,0,0,1,0,"13,41369","52,55777"
973,50919,Berlin,1,2019,10,17,5,3,6,4,0,1,0,1,0,0,0,0,"13,36336","52,51541"
974,50920,Berlin,9,2019,9,16,4,3,6,7,0,0,0,1,0,0,1,0,"13,45958","52,49276"
975,50922,Berlin,1,2019,5,11,7,3,5,3,0,0,1,0,1,0,0,0,"13,3655","52,55797"
976,50923,Berlin,12,2019,7,14,3,3,6,4,0,1,0,1,0,0,0,0,"13,36241","52,56727"
977,50924,Berlin,10,2019,4,9,6,3,1,6,0,0,1,0,0,0,1,0,"13,53693","52,53414"
978,50925,Berlin,12,2019,6,11,6,3,2,6,0,0,1,0,0,0,1,0,"13,34071","52,58705"
979,50926,Berlin,7,2019,9,10,4,3,2,6,0,0,1,0,0,0,0,0,"13,39558","52,46706"
980,50927,Berlin,6,2019,12,17,6,3,0,2,2,1,1,0,0,0,0,0,"13,16797","52,42053"
981,50928,Berlin,3,2019,5,11,7,3,6,6,0,1,0,1,0,0,0,0,"13,41319","52,5586"
982,50929,Berlin,3,2019,7,12,3,3,3,6,0,1,1,0,0,0,0,0,"13,45537","52,54933"
983,50930,Berlin,12,2019,11,0,7,3,3,2,2,0,1,0,0,0,0,1,"13,34784","52,57428"
984,50931,Berlin,1,2019,7,7,3,2,6,4,0,0,0,1,0,1,0,0,"13,39719","52,51758"
985,50932,Berlin,9,2019,4,12,6,3,2,2,0,0,1,0,0,0,0,0,"13,47946","52,48451"
986,50933,Berlin,3,2019,10,7,6,3,0,7,0,0,1,0,0,0,1,0,"13,42766","52,62805"
987,50934,Berlin,2,2019,9,9,4,3,1,5,0,0,1,0,1,0,0,0,"13,46551","52,51457"
988,50936,Berlin,1,2019,5,3,7,3,2,6,2,1,1,0,0,0,0,0,"13,36598","52,55435"
989,50937,Berlin,9,2019,7,10,3,3,0,1,0,1,0,0,0,0,0,0,"13,49644","52,46555"
990,50938,Berlin,3,2019,4,23,6,3,1,5,2,1,1,0,0,0,1,0,"13,42637","52,53027"
991,50939,Berlin,3,2019,11,14,2,3,1,5,0,1,1,0,0,0,0,1,"13,41685","52,54044"
992,50940,Berlin,12,2019,6,6,3,3,2,6,0,0,1,0,0,0,0,0,"13,28614","52,59383"
993,50941,Berlin,12,2019,9,14,4,3,5,2,0,1,1,0,0,0,0,1,"13,36411","52,5644"
994,50942,Berlin,3,2019,12,15,6,3,1,5,1,1,1,0,0,0,1,1,"13,4272","52,53098"
995,50943,Berlin,1,2019,7,16,3,3,0,4,0,1,0,1,0,0,0,0,"13,36552","52,5579"
996,50944,Berlin,3,2019,4,16,6,3,5,3,0,1,1,0,0,0,0,0,"13,4279","52,56154"
997,50945,Berlin,1,2019,10,11,2,3,3,6,0,0,1,0,1,0,0,0,"13,38867","52,51028"
998,50946,Berlin,6,2019,9,14,3,2,0,1,0,0,0,0,1,0,0,0,"13,33269","52,46401"
999,50947,Berlin,4,2019,7,10,3,3,2,6,0,0,1,0,0,0,0,0,"13,28279","52,52872"
1000,50948,Berlin,3,2019,4,7,6,3,2,6,0,0,1,0,0,0,0,0,"13,4297","52,55408"
1001,50949,Berlin,1,2019,10,20,7,3,5,3,2,1,0,0,0,0,1,0,"13,36548","52,55808"
1002,50950,Berlin,2,2019,6,7,7,3,5,2,0,0,1,0,0,0,0,0,"13,46008","52,51512"
1003,50951,Berlin,6,2019,9,17,3,3,5,2,0,1,1,0,0,0,0,0,"13,17714","52,41939"
1004,50953,Berlin,2,2019,5,14,7,2,6,4,0,0,1,1,0,0,0,0,"13,38816","52,49382"
1005,50954,Berlin,10,2019,4,9,5,2,5,3,0,0,1,0,0,0,1,0,"13,55817","52,56274"
1006,50955,Berlin,9,2019,11,16,3,2,4,6,1,1,0,0,0,0,0,0,"13,4602","52,49258"
1007,50956,Berlin,3,2019,5,23,6,3,5,3,2,1,1,0,0,0,0,0,"13,41462","52,5562"
1008,50957,Berlin,7,2019,12,3,1,3,3,6,2,0,1,0,0,0,0,0,"13,35146","52,48355"
1009,50958,Berlin,3,2019,7,8,3,3,2,6,0,0,1,0,0,1,0,0,"13,39847","52,57632"
1010,50959,Berlin,7,2019,4,8,5,3,2,6,0,0,1,0,0,0,0,0,"13,3572","52,47379"
1011,50960,Berlin,7,2019,10,17,3,2,1,5,1,1,1,0,0,0,0,0,"13,35696","52,48691"
1012,50961,Berlin,12,2019,9,17,3,3,9,1,0,0,1,0,0,0,0,0,"13,30355","52,55145"
1013,50963,Berlin,3,2019,7,8,3,3,1,5,0,1,1,0,0,0,0,0,"13,41586","52,54039"
1014,50964,Berlin,12,2019,4,17,5,2,6,2,0,0,1,1,0,0,0,0,"13,34784","52,57447"
1015,50965,Berlin,7,2019,9,14,7,3,2,6,0,0,1,0,0,0,0,0,"13,35568","52,47373"
1016,50966,Berlin,7,2019,6,7,3,2,0,1,0,0,0,0,1,0,0,0,"13,3952","52,46706"
1017,50967,Berlin,3,2019,9,9,3,3,5,2,0,1,0,0,1,0,0,0,"13,39826","52,57765"
1018,50968,Berlin,7,2019,12,15,4,3,2,6,1,0,0,0,1,0,1,0,"13,36655","52,47226"
1019,50969,Berlin,2,2019,5,19,6,2,6,4,0,0,1,1,0,0,0,0,"13,44751","52,51639"
1020,50970,Berlin,2,2019,7,8,3,3,2,6,0,0,1,0,0,0,0,0,"13,4575","52,51553"
1021,50971,Berlin,2,2019,7,19,3,3,3,6,0,0,1,0,0,0,0,0,"13,45512","52,51562"
1022,50972,Berlin,7,2019,4,17,5,3,6,4,0,0,1,1,0,0,0,0,"13,37664","52,43133"
1023,50973,Berlin,4,2019,10,16,1,3,0,1,0,0,1,0,0,0,0,0,"13,29587","52,49087"
1024,50974,Berlin,3,2019,6,17,1,3,1,5,0,1,1,0,0,0,0,0,"13,39886","52,57305"
1025,50975,Berlin,2,2019,9,9,3,3,5,2,0,1,1,0,0,0,0,0,"13,45245","52,51164"
1026,50977,Berlin,12,2019,5,11,6,3,2,6,0,0,1,0,0,0,0,0,"13,29224","52,58537"
1027,50978,Berlin,1,2019,4,10,4,3,3,6,0,0,1,0,0,0,0,0,"13,36398","52,5011"
1028,50979,Berlin,4,2019,11,18,4,3,2,6,2,0,1,0,0,0,0,0,"13,28147","52,5046"
1029,50980,Berlin,3,2019,5,7,6,2,6,4,0,0,1,1,0,0,0,0,"13,40171","52,58889"
1030,50981,Berlin,11,2019,12,18,2,2,6,4,2,0,1,1,0,0,0,1,"13,48425","52,51282"
1031,50982,Berlin,12,2019,7,16,2,3,5,2,0,1,1,0,0,0,0,1,"13,36441","52,56376"
1032,50983,Berlin,1,2019,4,13,4,3,3,6,0,0,0,0,1,0,1,0,"13,36834","52,53043"
1033,50984,Berlin,12,2019,10,9,4,3,0,2,0,0,0,0,1,1,0,0,"13,34697","52,57892"
1034,50985,Berlin,2,2019,9,16,3,3,1,5,0,0,1,0,0,0,1,0,"13,38825","52,49394"
1035,50987,Berlin,3,2019,7,16,2,3,2,7,0,0,0,0,1,1,0,1,"13,43048","52,6227"
1036,50988,Berlin,12,2019,4,11,4,3,0,6,0,1,0,1,0,0,0,0,"13,31655","52,61211"
1037,50989,Berlin,4,2019,9,6,1,2,0,1,1,1,0,0,0,0,0,1,"13,25327","52,50821"
1038,50990,Berlin,3,2019,6,7,3,2,5,2,0,1,1,0,0,0,0,0,"13,44459","52,54534"
1039,50991,Berlin,7,2019,9,10,2,3,6,7,0,0,0,1,1,0,0,0,"13,38565","52,47535"
1040,50992,Berlin,1,2019,12,8,6,3,3,6,0,0,1,0,0,0,1,0,"13,38623","52,51014"
1041,50993,Berlin,10,2019,5,8,6,2,2,6,0,0,1,0,0,0,0,0,"13,5491","52,50953"
1042,50994,Berlin,2,2019,7,14,2,3,6,4,0,1,0,1,0,0,0,0,"13,38787","52,4934"
1043,50995,Berlin,3,2019,4,10,4,3,5,3,0,1,1,0,0,0,0,0,"13,41478","52,5551"
1044,50996,Berlin,4,2019,11,21,5,3,5,3,2,0,1,0,0,0,0,1,"13,29074","52,49373"
1045,50997,Berlin,4,2019,9,20,2,3,5,2,2,0,1,0,1,0,0,0,"13,2837","52,51022"
1046,50998,Berlin,7,2019,11,16,2,3,2,6,2,0,1,0,0,0,0,0,"13,37679","52,47016"
1047,50999,Berlin,7,2019,7,19,2,3,2,6,0,0,1,0,0,1,0,0,"13,38024","52,43767"
1048,51000,Berlin,1,2019,4,14,4,3,0,4,0,0,0,1,0,0,1,0,"13,41102","52,52316"
1049,51001,Berlin,3,2019,10,16,4,3,2,6,0,0,1,0,0,0,0,1,"13,42987","52,5541"
1050,51002,Berlin,2,2019,9,19,2,3,3,6,1,0,1,0,1,0,0,0,"13,38915","52,495"
1051,51004,Berlin,7,2019,5,13,6,2,0,3,0,0,1,0,0,0,1,0,"13,36201","52,41374"
1052,51005,Berlin,11,2019,7,15,2,3,0,2,0,1,1,0,0,0,0,1,"13,48832","52,51241"
1053,51006,Berlin,1,2019,4,8,4,2,1,5,0,1,1,0,0,0,0,0,"13,39307","52,51738"
1054,51007,Berlin,9,2019,6,15,5,3,2,6,0,0,1,0,0,0,0,0,"13,51543","52,45278"
1055,51008,Berlin,1,2019,9,18,2,3,6,4,0,1,0,1,0,0,0,0,"13,36624","52,5156"
1056,51009,Berlin,1,2019,12,21,5,3,5,7,2,0,1,0,0,0,0,1,"13,40899","52,51704"