,id,city,district,year,month,hour,weekday,injury_level,collision,movement,light_conditions,bicycle,car,pedestrian,motorbike,truck,other_vehicle,road_conditions,longitude,latitude
1057,51010,Berlin,3,2019,5,13,6,3,0,7,0,1,1,0,0,0,0,0,"13,42159","52,5395"
1058,51011,Berlin,7,2019,7,13,2,3,0,1,0,0,1,0,0,0,0,0,"13,41255","52,46031"
1059,51012,Berlin,3,2019,11,17,6,3,0,6,2,0,1,0,0,0,1,0,"13,3984","52,57841"
1060,51013,Berlin,4,2019,7,0,2,3,3,6,2,0,1,0,0,0,0,0,"13,29426","52,5382"
1061,51014,Berlin,10,2019,9,9,6,2,2,6,0,0,1,0,0,1,0,1,"13,53747","52,51001"
1062,51015,Berlin,9,2019,4,21,4,3,5,3,2,1,0,0,0,0,0,0,"13,46093","52,49237"
1063,51016,Berlin,7,2019,10,17,5,3,2,6,0,0,1,0,0,0,0,1,"13,36659","52,47228"
1064,51017,Berlin,6,2019,9,18,2,3,5,3,0,1,1,0,0,0,0,0,"13,23552","52,43234"
1065,51019,Berlin,7,2019,5,15,6,3,2,6,0,0,1,0,0,0,0,0,"13,36511","52,47296"
1066,51020,Berlin,2,2019,7,17,1,3,3,7,0,0,1,0,1,0,0,0,"13,44776","52,50383"
1067,51021,Berlin,12,2019,4,15,4,3,5,7,0,0,1,0,1,0,0,0,"13,36353","52,56513"
1068,51022,Berlin,4,2019,11,6,2,3,2,6,2,0,1,0,0,0,0,1,"13,32765","52,47793"
1069,51023,Berlin,7,2019,6,15,7,3,2,6,0,0,1,0,0,0,0,0,"13,38478","52,45057"
1070,51024,Berlin,1,2019,9,17,2,3,5,2,0,1,1,0,0,0,0,0,"13,36989","52,54179"
1071,51025,Berlin,7,2019,12,9,5,3,0,6,0,0,1,0,1,0,0,0,"13,37617","52,43034"
1072,51026,Berlin,1,2019,7,13,1,3,0,7,0,1,0,0,0,0,0,0,"13,3637","52,51532"
1073,51027,Berlin,3,2019,4,8,4,3,0,6,0,1,0,0,0,0,0,0,"13,42472","52,54028"
1074,51028,Berlin,4,2019,10,18,1,3,2,6,2,0,1,0,0,0,0,0,"13,2858","52,53187"
1075,51029,Berlin,7,2019,9,9,2,3,2,6,0,0,1,0,0,0,0,0,"13,36687","52,47216"
1076,51030,Berlin,12,2019,7,0,1,3,2,7,2,0,1,0,0,0,1,1,"13,35074","52,57396"
1077,51031,Berlin,2,2019,4,6,4,2,1,1,0,0,1,0,0,1,1,0,"13,44769","52,50248"
1078,51032,Berlin,3,2019,10,0,6,3,0,1,2,0,0,0,0,0,1,0,"13,44068","52,54254"
1079,51033,Berlin,3,2019,6,14,6,3,2,6,0,0,1,0,0,0,0,0,"13,49883","52,62135"
1080,51034,Berlin,2,2019,9,8,2,3,2,6,0,0,1,0,0,1,0,0,"13,47388","52,51386"
1081,51036,Berlin,1,2019,5,16,6,3,5,2,0,0,1,0,0,0,1,0,"13,36982","52,51583"
1082,51037,Berlin,4,2019,4,17,3,3,5,2,0,1,1,0,0,0,0,0,"13,3199","52,51256"
1083,51038,Berlin,1,2019,11,5,2,3,8,1,0,1,0,0,0,0,0,0,"13,39166","52,51732"
1084,51039,Berlin,7,2019,5,17,6,3,2,6,0,0,1,0,1,0,0,0,"13,35158","52,47422"
1085,51040,Berlin,4,2019,11,5,7,3,0,3,2,0,1,0,0,0,1,0,"13,29743","52,51108"
1086,51041,Berlin,2,2019,7,23,7,3,2,6,2,0,1,0,1,0,0,1,"13,44756","52,52673"
1087,51042,Berlin,1,2019,4,8,3,3,2,6,0,0,1,0,0,0,0,0,"13,36705","52,53175"
1088,51043,Berlin,9,2019,10,17,2,3,3,6,2,0,1,0,1,0,0,0,"13,45794","52,49203"
1089,51044,Berlin,4,2019,9,11,2,3,2,7,0,0,1,0,1,0,0,0,"13,30453","52,51136"
1090,51046,Berlin,11,2019,7,22,7,3,5,2,2,1,1,0,0,0,0,1,"13,48425","52,51269"
1091,51047,Berlin,8,2019,4,10,3,3,3,6,0,0,1,0,0,1,0,0,"13,44572","52,46307"
1092,51048,Berlin,1,2019,6,17,2,3,5,3,0,1,1,0,0,0,0,0,"13,39453","52,51731"
1093,51049,Berlin,7,2019,9,11,2,3,5,2,0,0,1,0,0,1,0,0,"13,38053","52,438"
1094,51050,Berlin,3,2019,12,4,3,3,8,1,2,0,0,0,0,0,1,1,"13,44926","52,60727"
1095,51051,Berlin,7,2019,5,13,5,3,2,6,0,0,1,0,0,0,0,0,"13,37154","52,4707"
1096,51052,Berlin,4,2019,7,19,7,3,6,4,0,1,0,1,0,0,0,0,"13,2949","52,51073"
1097,51053,Berlin,12,2019,4,11,3,3,2,6,0,0,1,0,0,0,0,0,"13,34772","52,57548"
1098,51054,Berlin,1,2019,11,10,3,3,3,6,0,0,1,0,0,0,0,1,"13,40197","52,51161"
1099,51055,Berlin,12,2019,11,18,7,3,2,2,2,0,1,0,0,0,0,0,"13,32392","52,60776"
1100,51056,Berlin,9,2019,7,18,7,3,2,6,0,0,1,0,0,0,0,0,"13,49792","52,43397"
1101,51057,Berlin,3,2019,4,19,3,2,5,2,1,1,1,0,0,0,0,0,"13,41464","52,55607"
1102,51058,Berlin,4,2019,10,11,3,2,5,2,0,1,1,0,0,0,0,0,"13,28159","52,51008"
1103,51059,Berlin,3,2019,9,8,2,3,6,7,0,1,0,1,0,0,0,0,"13,43594","52,53467"
1104,51061,Berlin,3,2019,5,11,5,2,2,6,0,0,1,0,0,0,0,0,"13,43255","52,53557"
1105,51062,Berlin,2,2019,7,15,7,2,0,1,0,1,0,0,0,0,0,0,"13,45418","52,51595"
1106,51063,Berlin,11,2019,4,11,3,2,2,6,0,0,1,0,0,0,0,0,"13,47795","52,51346"
1107,51064,Berlin,11,2019,11,18,5,2,2,6,2,0,1,0,0,0,1,1,"13,51082","52,51039"
1108,51065,Berlin,3,2019,6,8,5,3,5,3,0,1,1,0,0,0,0,0,"13,43376","52,537"
1109,51066,Berlin,4,2019,9,8,2,3,6,4,0,0,1,1,0,0,0,0,"13,31278","52,5119"
1110,51067,Berlin,12,2019,12,8,3,2,6,2,0,0,1,1,0,0,0,0,"13,32384","52,60784"
1111,51068,Berlin,12,2019,7,13,7,3,2,2,0,0,1,0,0,0,0,0,"13,36437","52,56391"
1112,51069,Berlin,3,2019,10,18,5,3,3,6,2,0,1,0,0,0,0,0,"13,41199","52,54137"
1113,51070,Berlin,7,2019,7,9,7,3,1,5,0,1,0,0,0,1,0,0,"13,34873","52,48198"
1114,51071,Berlin,1,2019,9,8,6,3,5,3,0,1,1,0,0,0,0,0,"13,36846","52,54103"
1115,51072,Berlin,4,2019,4,7,3,2,2,6,0,0,1,0,1,0,0,0,"13,28066","52,49952"
1116,51073,Berlin,1,2019,4,16,3,3,1,5,0,1,1,0,0,0,0,0,"13,38704","52,51675"
1117,51074,Berlin,11,2019,11,4,4,2,6,4,2,0,0,1,1,0,0,1,"13,47682","52,51343"
1118,51075,Berlin,4,2019,11,23,1,3,3,6,2,0,1,0,0,0,0,0,"13,32321","52,47796"
1119,51076,Berlin,2,2019,7,16,6,3,5,3,0,1,0,0,0,0,0,0,"13,45313","52,501"
1120,51077,Berlin,2,2019,4,14,3,3,2,2,0,1,1,0,0,0,0,0,"13,46751","52,51451"
1121,51078,Berlin,7,2019,10,17,4,3,2,6,0,0,1,0,0,0,1,1,"13,35743","52,47397"
1122,51079,Berlin,4,2019,9,1,1,2,1,5,2,1,1,0,0,0,0,0,"13,22577","52,50723"
1123,51081,Berlin,3,2019,5,19,5,3,1,3,0,1,1,0,0,0,1,0,"13,41035","52,56195"
1124,51082,Berlin,4,2019,7,17,6,2,3,6,0,0,0,0,1,0,1,0,"13,28078","52,50058"
1125,51083,Berlin,7,2019,4,14,3,3,0,6,0,0,1,0,1,0,0,0,"13,3473","52,4766"
1126,51084,Berlin,2,2019,6,15,5,3,2,6,0,0,1,0,0,0,0,0,"13,46879","52,51423"
1127,51085,Berlin,7,2019,9,6,1,3,9,1,0,0,1,0,0,0,0,0,"13,38524","52,44895"
1128,51086,Berlin,2,2019,12,13,3,3,5,2,0,1,1,0,0,0,0,0,"13,46004","52,51512"
1129,51087,Berlin,4,2019,5,18,5,3,5,2,0,1,1,0,0,0,0,0,"13,29225","52,51075"
1130,51088,Berlin,2,2019,7,9,6,3,5,3,0,1,1,0,0,0,0,0,"13,46004","52,51526"
1131,51089,Berlin,7,2019,10,17,5,3,5,3,2,0,1,0,1,0,0,0,"13,36921","52,42065"
1132,51090,Berlin,12,2019,7,19,5,3,1,1,0,1,1,0,0,0,0,0,"13,36024","52,57178"
1133,51091,Berlin,2,2019,9,0,6,3,5,3,2,1,1,0,0,0,0,0,"13,38875","52,49765"
1134,51092,Berlin,3,2019,4,14,3,3,2,6,0,0,1,0,0,0,1,0,"13,43015","52,55233"
1135,51093,Berlin,3,2019,10,18,4,3,3,6,1,0,1,0,1,0,0,1,"13,41367","52,5585"
1136,51094,Berlin,2,2019,8,22,7,2,6,7,2,0,1,1,0,0,0,0,"13,45988","52,51514"
1137,51096,Berlin,2,2019,5,17,5,3,5,2,0,1,1,0,0,0,0,0,"13,45041","52,51624"
1138,51097,Berlin,1,2019,7,13,5,3,0,7,0,1,0,0,0,0,0,0,"13,35442","52,51484"
1139,51098,Berlin,2,2019,4,20,2,3,5,5,1,1,1,0,0,0,0,0,"13,44947","52,52408"
1140,51099,Berlin,2,2019,11,10,1,3,0,7,0,0,0,0,0,0,1,1,"13,44737","52,50258"
1141,51100,Berlin,12,2019,6,21,7,3,0,6,1,0,1,0,1,0,0,0,"13,36417","52,56383"
1142,51101,Berlin,3,2019,12,13,5,3,0,7,0,0,1,0,0,0,0,0,"13,41486","52,55456"
1143,51102,Berlin,1,2019,7,9,5,3,6,4,0,0,0,1,0,0,1,0,"13,40302","52,51911"
1144,51103,Berlin,1,2019,4,17,2,2,5,3,0,1,1,0,0,0,0,0,"13,36549","52,55802"
1145,51104,Berlin,12,2019,10,11,7,3,2,6,0,0,1,0,0,0,1,0,"13,31669","52,61681"
1146,51105,Berlin,7,2019,8,19,7,3,5,7,2,0,1,0,0,0,0,0,"13,38445","52,45339"
1147,51106,Berlin,6,2019,7,11,5,3,5,2,0,0,1,0,0,0,0,0,"13,32769","52,46044"
1148,51107,Berlin,2,2019,4,17,2,3,5,2,0,1,1,0,0,0,0,0,"13,38904","52,49731"
1149,51108,Berlin,6,2019,10,14,4,3,2,6,0,0,1,0,0,0,0,0,"13,27253","52,43879"
1150,51109,Berlin,4,2019,6,17,5,3,2,2,0,1,1,0,0,0,0,0,"13,30923","52,51166"
1151,51110,Berlin,2,2019,8,20,7,3,5,3,2,0,1,0,0,0,0,0,"13,46324","52,5148"
1152,51111,Berlin,10,2019,12,11,6,3,5,2,0,1,1,0,0,0,0,0,"13,55336","52,50935"
1153,51112,Berlin,3,2019,5,7,5,3,3,6,0,0,1,0,1,0,0,0,"13,40256","52,59234"
1154,51113,Berlin,4,2019,4,9,2,2,3,6,0,0,1,0,0,0,0,0,"13,28959","52,53292"
1155,51114,Berlin,7,2019,11,11,1,3,5,3,0,0,1,0,0,0,0,0,"13,38753","52,43898"
1156,51115,Berlin,1,2019,5,11,5,3,5,3,0,0,1,0,1,0,0,0,"13,42016","52,52514"
1157,51116,Berlin,4,2019,11,14,6,3,3,6,0,0,1,0,0,0,0,0,"13,3266","52,51284"
1158,51117,Berlin,6,2019,7,10,5,2,0,1,0,0,1,0,1,0,0,0,"13,33161","52,46335"
1159,51118,Berlin,1,2019,4,15,2,3,2,6,0,0,1,0,0,0,0,0,"13,36869","52,54914"
1160,51119,Berlin,12,2019,10,20,2,2,3,6,2,0,1,0,1,0,0,0,"13,36546","52,55825"
1161,51120,Berlin,6,2019,8,17,7,2,2,6,0,0,1,0,1,0,0,0,"13,2944","52,44581"
1162,51122,Berlin,8,2019,5,15,5,2,0,1,0,0,1,0,0,0,0,0,"13,45928","52,45709"
1163,51123,Berlin,4,2019,7,11,5,3,3,6,0,0,1,0,0,0,0,0,"13,28299","52,49737"
1164,51124,Berlin,3,2019,4,16,2,3,5,3,0,0,0,0,1,0,1,0,"13,40279","52,59317"
1165,51125,Berlin,1,2019,6,21,1,3,2,6,1,0,1,0,0,0,0,0,"13,37009","52,53974"
1166,51126,Berlin,4,2019,8,13,7,2,2,6,0,0,1,0,0,0,0,0,"13,26179","52,50872"
1167,51127,Berlin,3,2019,12,5,2,3,5,2,2,1,1,0,0,0,0,0,"13,42819","52,54644"
1168,51128,Berlin,7,2019,5,7,5,3,2,6,0,0,1,0,0,0,0,0,"13,3803","52,46988"
1169,51129,Berlin,2,2019,7,16,4,3,2,6,0,0,1,0,0,0,0,0,"13,38586","52,48644"
1170,51130,Berlin,7,2019,4,16,2,3,5,2,0,0,1,0,1,0,0,0,"13,37828","52,43479"
1171,51131,Berlin,4,2019,11,5,2,3,2,6,2,0,1,0,0,0,0,1,"13,28165","52,50539"
1172,51132,Berlin,1,2019,7,23,4,2,5,2,2,0,1,0,0,0,0,0,"13,3673","52,5515"
1173,51133,Berlin,7,2019,4,14,1,3,2,6,0,0,1,0,0,0,0,0,"13,40336","52,41094"
1174,51134,Berlin,4,2019,10,6,2,3,2,6,2,0,1,0,0,0,0,0,"13,30262","52,48618"
1175,51135,Berlin,10,2019,8,23,6,2,0,7,2,1,0,0,0,0,0,0,"13,54129","52,50998"
1176,51137,Berlin,7,2019,5,7,5,2,3,6,0,0,1,0,1,0,1,0,"13,39519","52,46723"
1177,51138,Berlin,7,2019,7,21,4,3,5,2,1,0,1,0,1,0,0,0,"13,36115","52,49526"
1178,51139,Berlin,3,2019,4,14,1,3,6,4,0,1,0,1,0,0,0,0,"13,41411","52,55077"
1179,51140,Berlin,9,2019,11,8,4,3,3,6,0,0,1,0,0,1,0,1,"13,45861","52,45825"
1180,51141,Berlin,1,2019,6,13,4,3,5,2,0,0,1,0,1,0,0,0,"13,36403","52,50116"
1181,51142,Berlin,7,2019,8,18,6,3,2,6,0,0,1,0,0,0,0,0,"13,35575","52,4735"
1182,51143,Berlin,4,2019,12,11,2,3,3,6,0,0,1,0,0,0,0,0,"13,29722","52,51088"
1183,51144,Berlin,7,2019,7,17,4,3,2,6,0,0,1,0,1,0,0,0,"13,35583","52,47784"
1184,51145,Berlin,10,2019,10,14,4,3,2,6,0,0,1,0,0,0,0,0,"13,60967","52,5048"
1185,51146,Berlin,1,2019,8,17,6,3,4,6,0,1,0,0,0,0,1,0,"13,36756","52,50483"
1186,51147,Berlin,7,2019,7,19,3,3,1,5,0,1,1,0,0,0,0,0,"13,3579","52,48767"
1187,51148,Berlin,4,2019,4,11,1,3,3,6,0,0,1,0,0,0,0,0,"13,28091","52,50305"
1188,51149,Berlin,1,2019,10,14,3,3,6,4,0,1,0,1,0,0,0,1,"13,41949","52,52508"
1189,51150,Berlin,3,2019,8,9,6,3,2,6,0,0,0,0,0,1,1,0,"13,45768","52,54969"
1190,51152,Berlin,12,2019,5,17,4,3,2,6,0,0,1,0,0,0,0,1,"13,31711","52,61185"
1191,51153,Berlin,1,2019,7,17,3,3,5,2,0,1,1,0,0,0,0,0,"13,40894","52,51699"
1192,51154,Berlin,2,2019,4,18,1,3,0,1,0,0,0,0,1,0,0,0,"13,45544","52,50035"
1193,51155,Berlin,7,2019,11,7,6,3,2,7,1,0,1,0,0,0,0,0,"13,37464","52,42733"
1194,51156,Berlin,7,2019,5,17,4,3,2,6,0,0,1,0,0,0,0,0,"13,37129","52,47075"
1195,51157,Berlin,7,2019,12,17,3,3,1,5,2,0,1,0,0,0,0,1,"13,38582","52,47296"
1196,51158,Berlin,12,2019,7,17,3,3,0,2,0,1,1,0,0,0,0,0,"13,36544","52,55833"
1197,51159,Berlin,4,2019,4,18,1,3,0,4,0,1,0,1,0,0,0,0,"13,33321","52,51343"
1198,51160,Berlin,12,2019,10,7,6,3,2,6,1,0,1,0,1,0,0,0,"13,30122","52,54894"
1199,51161,Berlin,1,2019,8,14,6,3,3,6,0,1,1,0,0,0,1,0,"13,36552","52,55789"
1200,51163,Berlin,12,2019,7,10,3,3,2,6,0,0,1,0,0,0,0,0,"13,29825","52,57789"
1201,51164,Berlin,4,2019,4,18,1,3,2,6,0,0,1,0,0,0,0,0,"13,28087","52,49925"
1202,51165,Berlin,3,2019,10,11,3,3,6,4,0,0,0,1,0,0,1,1,"13,4242","52,5393"
1203,51166,Berlin,7,2019,6,22,4,3,2,6,2,0,1,0,0,0,0,0,"13,3855","52,46672"
1204,51167,Berlin,11,2019,8,12,6,3,5,2,0,1,1,0,0,0,0,0,"13,47669","52,51344"
1205,51168,Berlin,9,2019,12,19,7,3,2,6,2,0,1,0,0,0,0,0,"13,45936","52,49308"
1206,51169,Berlin,6,2019,5,10,4,3,5,2,0,1,1,0,0,0,0,1,"13,26068","52,4351"
1207,51170,Berlin,7,2019,4,16,1,3,6,7,0,1,0,1,0,0,0,0,"13,38801","52,43791"
1208,51171,Berlin,9,2019,11,18,7,2,5,3,2,1,1,0,0,0,0,1,"13,5056","52,45934"
1209,51172,Berlin,6,2019,10,9,3,3,5,2,0,1,0,0,0,0,1,1,"13,21794","52,42807"
1210,51173,Berlin,3,2019,8,11,6,3,3,6,0,1,1,0,0,0,0,0,"13,42396","52,53911"
1211,51175,Berlin,4,2019,5,12,4,3,2,6,0,0,1,0,1,0,0,1,"13,29696","52,51086"
1212,51176,Berlin,7,2019,7,9,3,3,2,6,0,0,1,0,0,0,0,0,"13,38581","52,47255"
1213,51177,Berlin,11,2019,4,15,1,3,0,2,0,0,1,0,1,0,0,0,"13,50528","52,51072"
1214,51178,Berlin,12,2019,11,14,7,3,5,3,0,0,1,0,0,0,0,1,"13,34681","52,57912"
1215,51179,Berlin,2,2019,5,12,4,3,2,2,0,0,1,0,0,0,0,0,"13,47295","52,51382"
1216,51180,Berlin,2,2019,8,10,6,3,6,4,0,1,0,1,0,0,0,0,"13,46738","52,51453"
1217,51181,Berlin,4,2019,12,6,4,3,2,6,2,0,1,0,0,0,0,0,"13,29786","52,54473"
1218,51182,Berlin,11,2019,7,9,3,3,3,6,0,0,1,0,0,1,0,0,"13,47524","52,51372"
1219,51183,Berlin,4,2019,4,12,7,2,6,4,0,1,0,1,0,0,0,0,"13,28077","52,50986"
1220,51184,Berlin,7,2019,10,20,6,3,2,6,2,0,1,0,0,0,0,0,"13,34002","52,46876"
1221,51185,Berlin,11,2019,8,9,6,3,5,2,0,1,0,0,0,0,1,0,"13,48443","52,5128"
1222,51186,Berlin,7,2019,7,8,3,2,3,6,0,1,1,0,0,1,0,0,"13,38583","52,48386"
1223,51187,Berlin,4,2019,4,12,7,2,6,4,0,1,0,1,0,0,0,0,"13,28077","52,50986"
1224,51188,Berlin,4,2019,10,15,3,3,2,6,0,0,1,0,0,0,0,1,"13,28478","52,50889"
1225,51189,Berlin,7,2019,6,16,5,3,2,6,0,0,1,0,0,0,1,1,"13,37113","52,47078"
1226,51190,Berlin,3,2019,8,6,5,3,3,6,1,1,0,0,0,0,0,0,"13,43136","52,53492"
1227,51191,Berlin,3,2019,12,21,5,3,0,3,2,1,0,0,0,0,1,1,"13,43921","52,54127"
1228,51192,Berlin,1,2019,5,13,4,3,6,4,0,0,1,1,0,0,0,0,"13,37364","52,50918"
1229,51193,Berlin,7,2019,4,23,7,3,2,6,2,0,1,0,0,0,0,0,"13,37109","52,47079"
1230,51194,Berlin,3,2019,11,0,1,3,6,7,2,1,0,1,0,0,0,0,"13,413","52,54555"
1231,51195,Berlin,10,2019,5,14,3,3,5,3,0,0,1,0,0,1,0,0,"13,55818","52,56276"
1232,51196,Berlin,12,2019,11,8,5,3,0,2,0,1,1,0,0,0,0,1,"13,34188","52,58554"
1233,51197,Berlin,6,2019,7,18,3,3,8,1,0,0,1,0,0,0,0,0,"13,31497","52,45329"
1234,51198,Berlin,1,2019,4,23,7,3,2,6,2,0,1,0,0,0,0,0,"13,38699","52,51018"
1235,51199,Berlin,7,2019,10,18,7,2,2,6,2,0,1,0,1,0,0,0,"13,40433","52,40867"
1236,51200,Berlin,1,2019,8,22,5,3,5,2,2,1,0,0,1,0,0,0,"13,37672","52,50942"
1237,51202,Berlin,2,2019,5,18,3,2,6,7,0,1,0,1,0,0,0,0,"13,45776","52,51535"
1238,51203,Berlin,2,2019,7,3,3,3,6,7,2,0,0,1,0,0,1,0,"13,44917","52,50594"
1239,51204,Berlin,3,2019,4,13,7,3,3,6,0,0,1,0,1,0,0,0,"13,4127","52,54093"
1240,51205,Berlin,1,2019,6,15,7,2,5,3,0,0,1,0,1,0,0,0,"13,36861","52,50624"
1241,51206,Berlin,12,2019,8,20,5,3,0,1,2,1,0,0,0,0,0,0,"13,32281","52,60845"
1242,51207,Berlin,7,2019,12,12,1,3,5,2,0,0,1,0,0,0,0,1,"13,38265","52,4394"
1243,51208,Berlin,4,2019,5,21,3,2,8,1,2,0,0,0,1,0,0,1,"13,2909","52,53321"
1244,51209,Berlin,3,2019,7,15,3,3,0,1,0,1,0,0,0,0,0,0,"13,39824","52,57926"
1245,51210,Berlin,4,2019,11,10,2,3,5,2,0,1,1,0,0,0,0,1,"13,31457","52,51201"
1246,51211,Berlin,10,2019,7,15,3,3,2,6,0,0,1,0,1,0,0,0,"13,60878","52,5048"
1247,51212,Berlin,3,2019,4,0,7,3,4,6,2,1,0,0,0,0,0,0,"13,41316","52,54741"
1248,51213,Berlin,4,2019,10,13,1,3,2,2,0,0,1,0,0,0,0,0,"13,30532","52,51141"
1249,51214,Berlin,4,2019,8,17,5,3,3,6,0,0,1,0,1,0,0,0,"13,28275","52,51015"
1250,51216,Berlin,3,2019,5,10,3,3,5,2,0,1,1,0,0,0,0,0,"13,41376","52,55077"
1251,51217,Berlin,6,2019,7,2,3,3,3,6,2,0,1,0,0,0,1,0,"13,31156","52,45217"
1252,51218,Berlin,6,2019,4,15,7,2,5,7,0,0,1,0,1,0,0,0,"13,14504","52,41798"
1253,51219,Berlin,4,2019,11,13,3,3,2,6,0,0,1,0,0,0,0,0,"13,28176","52,50992"
1254,51220,Berlin,1,2019,6,8,4,3,6,4,0,0,0,1,1,0,0,0,"13,42286","52,5202"
1255,51221,Berlin,1,2019,8,15,5,3,0,7,0,1,0,0,0,0,0,0,"13,41949","52,52096"
1256,51222,Berlin,3,2019,12,21,7,3,0,6,2,0,1,0,0,0,0,1,"13,40416","52,58111"
1257,51223,Berlin,2,2019,7,14,2,3,3,2,0,0,1,0,1,0,0,0,"13,47349","52,51391"
1258,51224,Berlin,3,2019,10,16,3,3,2,6,1,0,1,0,0,0,0,0,"13,44411","52,5295"
1259,51225,Berlin,4,2019,8,13,5,3,2,6,0,0,1,0,0,0,0,0,"13,33064","52,47783"
1260,51226,Berlin,2,2019,7,15,2,3,2,2,0,1,0,0,0,0,0,0,"13,46283","52,51484"
1261,51227,Berlin,1,2019,4,11,7,3,2,6,0,0,1,0,0,0,0,0,"13,41134","52,51852"
1262,51228,Berlin,7,2019,10,12,2,3,2,6,0,0,1,0,0,0,0,0,"13,37884","52,47005"
1263,51229,Berlin,11,2019,6,9,2,3,6,6,0,1,0,1,0,0,0,0,"13,52418","52,51"
1264,51230,Berlin,7,2019,8,12,5,3,1,5,0,0,1,0,0,0,1,0,"13,40139","52,41384"
1265,51232,Berlin,4,2019,5,6,3,3,2,6,0,0,1,0,0,0,0,0,"13,2778","52,50207"
1266,51233,Berlin,4,2019,4,13,7,3,2,6,0,0,1,0,0,0,1,0,"13,28407","52,49613"
1267,51234,Berlin,1,2019,11,17,5,3,5,2,2,1,1,0,0,0,0,0,"13,38733","52,5102"
1268,51235,Berlin,10,2019,5,18,2,3,5,7,0,0,1,0,0,0,0,1,"13,62063","52,50433"
1269,51236,Berlin,3,2019,12,21,3,3,2,6,2,0,1,0,0,0,1,1,"13,39821","52,57131"
1270,51237,Berlin,4,2019,7,23,1,3,6,4,2,0,1,1,0,0,0,0,"13,24283","52,50756"
1271,51238,Berlin,4,2019,4,15,6,3,3,6,0,0,1,0,1,0,0,0,"13,28592","52,5107"
1272,51239,Berlin,6,2019,10,10,4,3,5,3,0,0,1,0,0,0,0,0,"13,21476","52,42733"
1273,51240,Berlin,4,2019,8,17,5,2,2,6,0,0,1,0,0,0,0,0,"13,27015","52,49661"
1274,51242,Berlin,9,2019,7,21,1,2,5,2,2,0,1,0,1,0,0,0,"13,45921","52,49296"
1275,51243,Berlin,7,2019,4,12,6,2,6,2,0,0,1,1,0,0,0,0,"13,38188","52,43927"
1276,51244,Berlin,4,2019,9,5,2,3,3,6,2,0,1,0,0,0,0,1,"13,28408","52,49612"
1277,51245,Berlin,11,2019,6,11,4,3,2,6,0,0,1,0,0,0,0,0,"13,48161","52,51295"
1278,51246,Berlin,7,2019,8,12,5,2,2,6,0,0,1,0,0,0,1,0,"13,37077","52,47085"
1279,51247,Berlin,4,2019,12,17,6,3,2,6,2,0,1,0,0,0,0,1,"13,34665","52,47694"
1280,51248,Berlin,4,2019,5,17,2,3,2,6,0,0,1,0,0,0,0,1,"13,28122","52,4988"
1281,51249,Berlin,3,2019,7,22,7,3,5,2,2,0,1,0,0,0,0,1,"13,42426","52,53905"
1282,51250,Berlin,12,2019,4,9,6,3,0,1,0,0,0,0,1,0,0,0,"13,36366","52,5649"
1283,51251,Berlin,9,2019,11,8,6,2,5,2,0,1,0,0,0,0,0,0,"13,50909","52,45709"
1284,51252,Berlin,7,2019,8,11,5,3,1,5,0,1,0,0,0,0,1,0,"13,34961","52,48282"
1285,51253,Berlin,7,2019,11,13,3,3,1,5,0,0,1,0,0,0,0,0,"13,38626","52,44293"
1286,51254,Berlin,7,2019,7,18,7,3,2,6,0,0,1,0,0,0,0,0,"13,38605","52,48304"
1287,51255,Berlin,1,2019,4,9,6,3,0,7,0,1,0,0,0,1,0,0,"13,41257","52,51953"
1288,51256,Berlin,4,2019,10,13,5,3,2,6,0,0,1,0,0,1,0,0,"13,298","52,48955"
1289,51257,Berlin,7,2019,8,16,4,3,6,4,0,0,0,1,1,0,0,0,"13,34995","52,48103"
1290,51259,Berlin,6,2019,5,21,2,2,5,2,1,1,1,0,0,0,0,1,"13,1754","52,41981"
1291,51260,Berlin,1,2019,7,15,7,3,2,6,0,0,1,0,1,0,0,1,"13,36335","52,5355"
1292,51261,Berlin,7,2019,4,20,6,3,1,5,1,0,1,0,0,0,0,0,"13,38564","52,47507"
1293,51262,Berlin,4,2019,6,18,6,3,0,1,0,1,0,0,0,0,0,0,"13,29902","52,511"
1294,51263,Berlin,11,2019,8,16,4,3,5,2,0,0,1,1,0,0,0,0,"13,47673","52,51358"
1295,51264,Berlin,7,2019,12,10,6,3,2,6,0,0,1,0,0,1,0,0,"13,39007","52,46904"
1296,51265,Berlin,4,2019,5,19,2,2,0,1,0,0,0,0,1,0,0,1,"13,29106","52,4936"
1297,51266,Berlin,4,2019,7,14,7,3,2,6,0,0,1,0,0,0,0,0,"13,27192","52,49784"
1298,51267,Berlin,3,2019,11,21,6,2,6,4,2,0,1,1,0,0,0,1,"13,43742","52,53396"
1299,51268,Berlin,3,2019,7,18,6,3,6,7,0,0,0,1,0,0,1,0,"13,41308","52,54087"
1300,51269,Berlin,2,2019,4,21,6,2,6,4,2,0,1,1,0,0,0,0,"13,46457","52,51481"
1301,51270,Berlin,7,2019,10,16,6,3,2,6,0,0,1,0,0,0,0,0,"13,39539","52,46714"
1302,51271,Berlin,3,2019,8,8,4,3,5,3,0,1,0,0,0,0,0,0,"13,42881","52,53777"
1303,51273,Berlin,10,2019,5,15,2,2,5,3,0,1,1,0,0,0,0,0,"13,5529","52,55594"
1304,51274,Berlin,1,2019,8,17,3,3,3,2,0,1,1,0,0,0,0,0,"13,41949","52,52508"
1305,51275,Berlin,1,2019,11,9,4,3,5,3,0,1,1,0,0,0,0,0,"13,36854","52,5412"
1306,51276,Berlin,6,2019,7,9,6,2,0,4,0,1,0,1,0,0,0,0,"13,25491","52,43549"
1307,51277,Berlin,3,2019,4,21,5,3,2,6,2,0,1,0,0,0,0,0,"13,39838","52,57918"
1308,51278,Berlin,4,2019,10,14,6,3,2,6,0,0,1,0,1,0,0,0,"13,28381","52,51006"
1309,51279,Berlin,3,2019,8,17,3,3,2,6,0,0,1,0,0,0,0,0,"13,42829","52,57055"
1310,51281,Berlin,4,2019,5,7,2,3,2,6,0,0,1,0,0,1,0,0,"13,28622","52,5321"
1311,51282,Berlin,1,2019,7,21,6,3,5,3,1,0,1,0,0,0,0,0,"13,36908","52,53917"
1312,51283,Berlin,3,2019,4,18,5,3,3,6,0,1,0,0,0,0,0,0,"13,41254","52,54375"
1313,51284,Berlin,7,2019,6,13,6,3,6,7,0,0,1,1,0,0,0,0,"13,38466","52,4512"
1314,51285,Berlin,2,2019,8,15,3,3,3,6,0,1,0,0,0,0,1,0,"13,44795","52,50408"
1315,51286,Berlin,3,2019,12,2,7,3,0,1,2,0,0,0,1,0,0,1,"13,41364","52,54079"
1316,51287,Berlin,9,2019,5,7,2,3,0,7,0,0,0,0,0,0,1,0,"13,46253","52,45268"