,id,city,district,year,month,hour,weekday,injury_level,collision,movement,light_conditions,bicycle,car,pedestrian,motorbike,truck,other_vehicle,road_conditions,longitude,latitude
1317,51288,Berlin,7,2019,7,20,6,3,0,7,1,1,1,0,0,0,0,0,"13,35896","52,48883"
1318,51289,Berlin,3,2019,4,15,5,2,2,2,0,1,0,0,1,0,0,0,"13,4238","52,52809"
1319,51290,Berlin,4,2019,11,12,1,3,0,7,0,0,0,0,1,0,0,1,"13,29333","52,49251"
1320,51291,Berlin,1,2019,7,18,6,3,4,7,0,1,0,0,0,0,1,0,"13,37646","52,50958"
1321,51292,Berlin,1,2019,4,15,5,3,0,1,0,1,0,0,0,0,0,0,"13,34021","52,51376"
1322,51293,Berlin,6,2019,10,0,7,2,5,2,2,1,1,0,0,0,0,0,"13,28286","52,44181"
1323,51294,Berlin,3,2019,8,13,3,3,6,4,0,1,0,1,0,0,0,0,"13,43886","52,54097"
1324,51296,Berlin,1,2019,5,9,2,3,2,6,0,0,1,0,1,0,0,0,"13,36872","52,54129"
1325,51297,Berlin,4,2019,7,13,6,3,2,6,0,0,1,0,0,0,0,0,"13,32483","52,47795"
1326,51298,Berlin,4,2019,4,10,5,3,3,6,0,0,1,0,0,0,0,0,"13,28107","52,50256"
1327,51299,Berlin,10,2019,11,16,2,3,6,2,1,0,1,1,0,0,0,1,"13,62051","52,50435"
1328,51300,Berlin,6,2019,6,18,3,3,2,6,0,0,1,0,1,0,0,0,"13,28955","52,44406"
1329,51301,Berlin,4,2019,8,8,3,3,6,4,0,0,0,1,0,0,1,0,"13,29219","52,51074"
1330,51302,Berlin,4,2019,12,21,6,3,3,6,2,0,1,0,0,1,0,1,"13,30573","52,48376"
1331,51303,Berlin,8,2019,7,13,6,3,2,6,0,0,1,0,1,0,0,1,"13,45634","52,4607"
1332,51304,Berlin,6,2019,4,17,4,3,5,7,0,0,1,0,1,0,0,0,"13,15772","52,41929"
1333,51305,Berlin,7,2019,10,22,2,3,1,5,2,1,1,0,0,0,0,0,"13,35429","52,48504"
1334,51306,Berlin,9,2019,8,8,3,3,5,2,0,1,0,0,0,1,0,0,"13,51526","52,4529"
1335,51307,Berlin,4,2019,7,12,6,3,0,6,0,0,1,0,1,0,0,1,"13,30825","52,51179"
1336,51308,Berlin,9,2019,4,16,4,3,2,6,0,0,1,0,0,0,0,0,"13,5053","52,43015"
1337,51309,Berlin,4,2019,10,7,1,3,2,6,0,0,1,0,0,0,0,0,"13,29514","52,4913"
1338,51310,Berlin,5,2019,6,10,7,3,0,3,0,1,1,0,0,0,0,0,"13,1263","52,47858"
1339,51311,Berlin,7,2019,8,19,3,2,0,6,0,0,1,0,1,0,0,0,"13,34864","52,47466"
1340,51313,Berlin,3,2019,5,9,2,3,5,2,0,1,1,0,0,0,0,0,"13,41376","52,55076"
1341,51314,Berlin,1,2019,4,16,4,3,2,6,0,0,1,0,0,0,0,0,"13,3674","52,5314"
1342,51315,Berlin,1,2019,11,9,4,3,5,3,0,1,1,0,0,0,0,0,"13,4228","52,52022"
1343,51316,Berlin,2,2019,5,13,1,3,5,3,0,0,1,0,1,0,0,0,"13,45422","52,51566"
1344,51317,Berlin,11,2019,12,8,2,3,2,6,1,0,1,0,0,0,1,0,"13,51329","52,51023"
1345,51318,Berlin,1,2019,7,16,6,3,1,5,0,1,1,0,0,0,0,0,"13,41756","52,52332"
1346,51319,Berlin,3,2019,4,8,4,3,5,2,0,1,1,0,0,0,0,0,"13,4237","52,52831"
1347,51320,Berlin,4,2019,10,19,3,3,9,1,2,0,1,0,0,0,0,0,"13,28702","52,49418"
1348,51321,Berlin,1,2019,8,12,3,3,2,2,0,1,0,0,0,1,0,0,"13,41612","52,52212"
1349,51323,Berlin,1,2019,7,9,6,3,0,7,0,0,1,0,1,0,0,1,"13,37687","52,5161"
1350,51324,Berlin,3,2019,4,8,4,3,5,3,0,0,1,0,0,0,0,0,"13,40279","52,59315"
1351,51325,Berlin,4,2019,9,16,7,3,0,6,0,0,0,0,1,1,0,1,"13,30713","52,47611"
1352,51326,Berlin,2,2019,6,16,3,3,2,6,0,1,1,0,0,0,0,0,"13,46873","52,51424"
1353,51327,Berlin,9,2019,8,15,2,3,3,6,0,0,1,0,0,0,0,0,"13,51454","52,45319"
1354,51328,Berlin,3,2019,12,16,6,3,5,3,2,0,1,0,0,0,1,1,"13,39898","52,57341"
1355,51329,Berlin,4,2019,5,11,1,2,1,5,0,1,1,0,0,0,0,0,"13,31157","52,51182"
1356,51330,Berlin,3,2019,7,8,6,3,2,6,0,0,1,0,0,0,0,1,"13,46793","52,56136"
1357,51331,Berlin,6,2019,4,17,3,2,5,7,0,0,1,0,1,0,0,0,"13,17405","52,4204"
1358,51332,Berlin,10,2019,11,8,5,3,2,6,0,0,1,0,0,0,0,1,"13,61648","52,50475"
1359,51333,Berlin,5,2019,11,7,2,3,2,6,0,0,1,0,0,0,0,1,"13,20552","52,51131"
1360,51334,Berlin,4,2019,7,7,6,3,5,2,0,1,0,0,0,0,1,1,"13,27658","52,50958"
1361,51335,Berlin,4,2019,4,20,3,3,2,6,2,0,1,0,0,0,0,0,"13,29427","52,53787"
1362,51336,Berlin,1,2019,10,12,4,3,5,5,0,0,1,0,0,0,0,1,"13,41075","52,51848"
1363,51337,Berlin,1,2019,8,15,2,3,2,6,0,1,0,0,0,0,0,0,"13,37981","52,50973"
1364,51339,Berlin,7,2019,5,5,1,2,1,5,0,0,1,0,0,0,0,0,"13,38499","52,44948"
1365,51340,Berlin,2,2019,7,7,6,3,5,2,0,1,1,0,0,0,0,1,"13,44796","52,5263"
1366,51341,Berlin,10,2019,4,12,3,3,2,6,0,0,1,0,0,1,0,0,"13,55899","52,50869"
1367,51342,Berlin,2,2019,6,1,5,3,5,2,2,1,1,0,0,0,0,1,"13,45347","52,51499"
1368,51343,Berlin,1,2019,8,11,2,3,5,3,0,1,0,0,0,0,1,0,"13,36971","52,54161"
1369,51344,Berlin,1,2019,12,5,5,3,6,2,2,0,1,1,0,0,0,1,"13,36731","52,55176"
1370,51345,Berlin,3,2019,5,11,7,3,5,2,0,1,1,0,0,0,0,0,"13,43294","52,53634"
1371,51346,Berlin,7,2019,7,7,6,3,5,3,0,1,1,0,0,0,0,1,"13,41655","52,37812"
1372,51347,Berlin,12,2019,11,5,6,3,4,6,2,1,0,0,0,0,0,1,"13,34766","52,57457"
1373,51348,Berlin,1,2019,7,8,5,3,2,6,0,0,1,0,1,0,0,0,"13,41114","52,51873"
1374,51349,Berlin,9,2019,9,9,5,3,5,3,0,0,1,0,0,0,1,0,"13,51216","52,4548"
1375,51350,Berlin,7,2019,4,13,3,2,6,6,0,1,0,1,0,0,0,0,"13,39258","52,42939"
1376,51351,Berlin,2,2019,10,16,5,3,2,7,0,0,1,0,0,0,0,1,"13,44753","52,50355"
1377,51352,Berlin,3,2019,8,14,1,3,2,6,0,0,1,0,0,0,0,0,"13,4037","52,56908"
1378,51354,Berlin,11,2019,5,8,7,3,2,6,0,0,1,0,0,0,1,0,"13,47789","52,51347"
1379,51355,Berlin,1,2019,7,15,5,3,1,5,0,0,1,0,1,0,0,0,"13,36594","52,55566"
1380,51356,Berlin,9,2019,4,13,3,3,6,4,0,0,1,1,0,0,0,0,"13,45958","52,49276"
1381,51357,Berlin,3,2019,11,17,1,3,2,6,2,0,1,0,0,0,0,1,"13,43611","52,61998"
1382,51358,Berlin,2,2019,6,8,7,3,6,4,0,0,1,1,0,0,0,0,"13,45373","52,51596"
1383,51359,Berlin,7,2019,12,18,5,3,3,6,2,0,1,0,0,0,0,0,"13,39506","52,46712"
1384,51360,Berlin,4,2019,7,12,5,2,0,1,0,0,0,0,1,0,0,0,"13,27795","52,50207"
1385,51361,Berlin,4,2019,4,14,3,3,2,6,0,0,1,0,0,0,0,0,"13,30185","52,48675"
1386,51362,Berlin,4,2019,10,14,7,2,0,7,0,0,1,0,0,0,1,0,"13,27597","52,50954"
1387,51363,Berlin,3,2019,8,13,1,3,2,6,0,0,1,0,0,0,0,0,"13,44687","52,61307"
1388,51364,Berlin,12,2019,7,17,4,3,8,7,0,0,1,0,0,0,0,0,"13,28473","52,59675"
1389,51365,Berlin,4,2019,4,15,3,3,2,6,0,0,1,0,0,0,0,0,"13,30711","52,48462"
1390,51366,Berlin,1,2019,10,6,4,3,2,7,2,0,1,0,0,0,0,1,"13,40677","52,51504"
1391,51367,Berlin,5,2019,6,9,6,3,0,2,0,1,1,0,0,0,0,0,"13,18653","52,51514"
1392,51368,Berlin,7,2019,8,18,1,2,8,1,0,0,1,0,0,0,0,0,"13,3473","52,4766"
1393,51369,Berlin,4,2019,12,19,7,3,9,1,2,0,1,0,0,0,0,0,"13,29115","52,49386"
1394,51370,Berlin,4,2019,5,19,7,3,2,6,0,0,1,0,0,0,0,0,"13,29431","52,49179"
1395,51371,Berlin,8,2019,4,15,3,3,2,6,0,0,1,0,0,0,0,0,"13,44647","52,46303"
1396,51372,Berlin,4,2019,11,12,2,3,2,6,0,0,1,0,0,0,0,0,"13,2831","52,52883"
1397,51373,Berlin,12,2019,5,12,7,3,2,6,0,0,1,0,0,0,0,0,"13,30304","52,55087"
1398,51374,Berlin,9,2019,11,18,7,2,6,4,2,0,1,1,0,0,0,0,"13,48504","52,47345"
1399,51375,Berlin,4,2019,7,14,4,3,2,6,0,0,1,0,0,0,0,0,"13,30384","52,48526"
1400,51376,Berlin,7,2019,4,7,3,3,6,7,0,0,1,1,0,0,0,0,"13,35867","52,40831"
1401,51377,Berlin,4,2019,7,17,4,3,2,6,0,0,1,0,0,0,0,0,"13,32649","52,47782"
1402,51378,Berlin,9,2019,4,7,3,3,6,4,0,0,0,1,1,0,0,0,"13,46077","52,49389"
1403,51379,Berlin,12,2019,11,20,2,3,5,2,2,0,1,0,0,0,0,1,"13,35903","52,57339"
1404,51380,Berlin,7,2019,6,11,2,2,0,1,0,0,0,0,1,0,0,0,"13,36141","52,47413"
1405,51381,Berlin,4,2019,8,16,7,3,2,6,0,0,1,0,0,0,0,0,"13,29306","52,53359"
1406,51382,Berlin,12,2019,12,14,6,3,2,6,0,0,1,0,0,0,0,1,"13,29998","52,54744"
1407,51383,Berlin,3,2019,7,6,4,3,5,2,0,1,0,0,0,0,1,0,"13,4028","52,58463"
1408,51384,Berlin,3,2019,4,7,2,3,0,2,0,1,1,0,0,0,1,1,"13,43334","52,53621"
1409,51385,Berlin,11,2019,10,7,2,3,0,2,0,1,1,0,0,0,0,0,"13,47743","52,51352"
1410,51386,Berlin,10,2019,8,14,7,3,2,6,0,0,1,0,0,0,0,0,"13,56206","52,50858"
1411,51387,Berlin,1,2019,7,6,4,3,3,6,0,0,1,0,0,1,0,0,"13,37156","52,51582"
1412,51388,Berlin,8,2019,4,6,2,3,5,3,2,0,1,0,0,1,0,0,"13,44119","52,46294"
1413,51389,Berlin,4,2019,10,23,6,2,8,1,2,0,1,0,0,0,0,1,"13,28538","52,4948"
1414,51390,Berlin,1,2019,6,16,6,3,5,3,0,1,0,0,0,0,1,0,"13,40585","52,52066"
1415,51391,Berlin,12,2019,8,13,7,3,5,2,0,1,1,0,0,0,0,0,"13,36328","52,5656"
1416,51393,Berlin,7,2019,5,12,7,3,4,6,0,1,0,0,0,0,0,0,"13,37784","52,43387"
1417,51394,Berlin,3,2019,4,5,2,3,5,3,2,0,1,0,0,0,0,0,"13,43305","52,53631"
1418,51395,Berlin,3,2019,11,15,3,3,6,2,0,0,1,1,0,0,0,0,"13,42443","52,53925"
1419,51396,Berlin,10,2019,5,14,7,3,2,6,0,0,1,0,0,0,0,0,"13,62105","52,50428"
1420,51397,Berlin,12,2019,11,12,7,3,5,3,0,0,1,0,0,0,0,0,"13,31125","52,56698"
1421,51398,Berlin,6,2019,7,10,3,3,1,5,0,0,1,0,0,0,0,0,"13,20364","52,42361"
1422,51399,Berlin,4,2019,4,16,2,3,2,6,0,0,1,0,0,1,0,0,"13,28296","52,52864"
1423,51400,Berlin,6,2019,10,16,3,2,5,2,0,1,1,0,0,0,0,0,"13,15868","52,4195"
1424,51401,Berlin,3,2019,8,11,7,3,1,5,0,0,1,0,0,0,0,0,"13,45726","52,54975"
1425,51403,Berlin,1,2019,7,17,3,3,2,6,0,0,1,0,0,0,0,0,"13,36898","52,5075"
1426,51404,Berlin,9,2019,4,14,2,3,2,6,0,0,1,0,0,0,0,0,"13,46007","52,49361"
1427,51405,Berlin,1,2019,9,0,7,3,5,3,2,0,1,0,0,0,0,0,"13,36731","52,55148"
1428,51406,Berlin,4,2019,6,20,2,3,2,6,0,0,1,0,0,0,1,0,"13,29443","52,49187"
1429,51407,Berlin,10,2019,8,7,7,3,2,6,0,0,1,0,0,0,0,0,"13,6202","52,50426"
1430,51408,Berlin,4,2019,12,13,4,3,2,6,0,0,1,0,0,0,0,0,"13,29381","52,53739"
1431,51409,Berlin,4,2019,5,14,7,2,2,6,0,0,1,0,0,0,0,0,"13,29974","52,48828"
1432,51410,Berlin,4,2019,7,9,3,3,2,6,0,0,1,0,0,0,1,0,"13,28154","52,52257"
1433,51411,Berlin,7,2019,4,13,2,3,1,1,0,0,1,0,0,0,0,0,"13,40632","52,39717"
1434,51412,Berlin,4,2019,11,20,4,3,5,3,2,0,1,0,0,0,0,1,"13,29563","52,49121"
1435,51413,Berlin,2,2019,11,18,7,3,5,3,2,0,1,0,0,0,0,0,"13,38914","52,498"
1436,51414,Berlin,2,2019,7,22,3,3,5,3,2,1,1,0,0,0,0,0,"13,37718","52,50039"
1437,51415,Berlin,9,2019,4,10,2,3,5,2,0,1,1,0,0,0,0,0,"13,46198","52,49514"
1438,51416,Berlin,4,2019,10,10,3,3,3,6,0,0,1,0,0,0,1,0,"13,29692","52,51105"
1439,51417,Berlin,4,2019,8,12,6,2,2,6,0,0,1,0,0,0,0,0,"13,28298","52,51877"
1440,51419,Berlin,7,2019,5,16,7,3,2,2,0,0,1,0,1,0,0,0,"13,38057","52,43803"
1441,51420,Berlin,7,2019,7,19,3,3,5,3,0,0,0,0,1,0,1,0,"13,38757","52,43899"
1442,51421,Berlin,3,2019,4,9,2,3,3,6,0,1,1,0,0,0,0,0,"13,42648","52,53073"
1443,51422,Berlin,4,2019,11,11,6,3,2,6,0,0,1,0,0,0,0,0,"13,29515","52,53982"
1444,51423,Berlin,2,2019,6,7,5,3,3,6,0,0,1,0,1,0,0,1,"13,45218","52,51209"
1445,51424,Berlin,7,2019,8,18,6,3,1,5,0,1,1,0,0,0,0,0,"13,38422","52,45858"
1446,51425,Berlin,11,2019,12,8,3,3,5,2,0,1,1,0,0,0,0,1,"13,47669","52,51344"
1447,51426,Berlin,3,2019,5,23,6,2,6,4,2,0,1,1,0,0,0,0,"13,4243","52,53928"
1448,51427,Berlin,2,2019,7,19,2,3,2,6,0,0,1,0,0,0,0,0,"13,38863","52,49767"
1449,51428,Berlin,6,2019,10,14,5,3,5,5,0,0,1,0,0,0,0,0,"13,09684","52,41325"
1450,51429,Berlin,6,2019,7,22,2,3,0,1,2,1,0,0,0,0,0,0,"13,29532","52,44644"
1451,51430,Berlin,7,2019,9,20,5,3,2,6,2,0,1,0,1,0,0,0,"13,35892","52,48911"
1452,51431,Berlin,4,2019,4,9,2,3,5,3,0,0,1,0,1,0,0,0,"13,30171","52,51117"
1453,51432,Berlin,1,2019,10,22,4,3,2,6,2,0,1,0,0,0,0,0,"13,40502","52,51365"
1454,51433,Berlin,7,2019,8,18,6,3,0,7,0,1,0,0,0,0,0,0,"13,38578","52,481"
1455,51435,Berlin,2,2019,5,23,6,3,2,6,2,0,1,0,0,0,0,0,"13,46285","52,498"
1456,51436,Berlin,7,2019,7,14,2,2,0,1,0,0,0,0,1,0,0,1,"13,34001","52,47874"
1457,51437,Berlin,1,2019,4,8,2,3,5,3,0,1,1,0,0,0,0,0,"13,36848","52,54102"
1458,51438,Berlin,7,2019,11,16,7,3,0,3,1,1,1,0,0,0,0,0,"13,35846","52,40805"
1459,51439,Berlin,4,2019,6,19,7,3,2,6,0,0,1,0,0,0,0,0,"13,30551","52,51142"
1460,51440,Berlin,1,2019,12,11,4,3,5,3,0,0,1,0,0,0,0,0,"13,36313","52,53572"
1461,51441,Berlin,2,2019,7,19,1,3,0,2,0,1,1,0,0,0,0,0,"13,38927","52,49747"
1462,51442,Berlin,3,2019,4,7,2,2,0,7,0,0,1,0,0,0,0,0,"13,39838","52,57917"
1463,51443,Berlin,7,2019,10,19,6,3,2,6,2,0,1,0,1,0,0,0,"13,36643","52,47235"
1464,51444,Berlin,9,2019,8,17,6,2,5,3,0,1,1,0,0,0,0,0,"13,5123","52,45471"
1465,51445,Berlin,7,2019,7,23,1,3,0,6,2,0,1,0,0,0,1,0,"13,36092","52,49273"
1466,51446,Berlin,2,2019,3,16,1,3,5,3,0,1,0,0,1,0,0,0,"13,47325","52,51393"
1467,51447,Berlin,1,2019,10,8,4,2,5,2,0,0,1,0,0,0,0,1,"13,4202","52,52517"
1468,51448,Berlin,7,2019,6,19,5,3,2,6,0,0,1,0,0,0,0,0,"13,38422","52,45347"
1469,51449,Berlin,2,2019,8,23,6,3,1,5,2,1,1,0,0,0,1,0,"13,38643","52,49033"
1470,51450,Berlin,2,2019,12,19,6,3,6,4,1,0,1,1,0,0,0,1,"13,45286","52,51912"
1471,51451,Berlin,1,2019,5,17,6,3,2,6,0,0,1,0,0,0,0,0,"13,3655","52,53332"
1472,51452,Berlin,12,2019,3,19,1,3,0,1,1,0,0,0,1,0,0,0,"13,31537","52,61309"
1473,51453,Berlin,2,2019,11,6,1,3,9,1,2,0,1,0,0,0,0,0,"13,45347","52,51826"
1474,51454,Berlin,3,2019,5,10,6,3,3,1,0,1,1,0,0,0,0,0,"13,40306","52,59439"
1475,51455,Berlin,3,2019,11,18,5,3,6,2,2,0,1,1,0,0,0,1,"13,44793","52,54708"
1476,51456,Berlin,1,2019,7,6,1,3,5,2,0,0,1,0,0,0,0,0,"13,36731","52,55149"
1477,51457,Berlin,4,2019,3,16,1,2,3,6,0,0,1,0,1,0,0,0,"13,3276","52,5387"
1478,51458,Berlin,1,2019,10,1,1,2,5,2,2,0,1,0,0,0,0,0,"13,36837","52,54113"
1479,51459,Berlin,7,2019,8,16,6,3,2,6,0,0,1,0,0,0,0,0,"13,38045","52,46988"
1480,51461,Berlin,4,2019,5,16,6,3,3,6,0,0,1,0,0,0,0,0,"13,28033","52,50034"
1481,51462,Berlin,9,2019,7,23,7,3,0,4,2,0,0,1,1,0,0,1,"13,51425","52,45338"
1482,51463,Berlin,1,2019,3,12,7,3,6,4,0,0,1,1,0,0,0,0,"13,42017","52,52514"
1483,51464,Berlin,7,2019,6,23,7,3,1,5,2,1,1,0,0,0,0,0,"13,35373","52,485"
1484,51465,Berlin,3,2019,8,15,6,2,5,2,0,1,0,0,0,0,1,0,"13,41464","52,55607"
1485,51466,Berlin,6,2019,12,13,2,3,5,2,0,0,1,0,0,0,0,1,"13,21469","52,42753"
1486,51467,Berlin,1,2019,5,9,6,3,5,2,0,1,1,0,0,0,0,0,"13,41952","52,52511"
1487,51468,Berlin,7,2019,7,16,7,2,5,3,0,0,1,0,0,0,0,0,"13,35868","52,40832"
1488,51469,Berlin,3,2019,3,10,6,3,2,6,0,0,1,0,0,0,0,0,"13,42696","52,63524"
1489,51470,Berlin,9,2019,11,17,2,3,2,6,2,0,1,0,0,1,0,0,"13,51063","52,42851"
1490,51471,Berlin,12,2019,7,15,7,3,5,3,0,1,1,0,0,0,0,0,"13,31331","52,621"
1491,51472,Berlin,3,2019,3,16,6,2,2,6,0,0,1,0,0,0,0,0,"13,49916","52,62112"
1492,51473,Berlin,3,2019,10,19,1,3,5,7,2,1,0,0,0,0,1,1,"13,41621","52,54054"
1493,51474,Berlin,8,2019,8,15,6,3,2,6,0,0,1,0,0,0,0,0,"13,4413","52,46264"
1494,51476,Berlin,7,2019,5,12,6,3,2,7,0,0,1,0,0,0,0,0,"13,38606","52,48392"
1495,51477,Berlin,7,2019,7,13,7,3,2,2,0,0,1,0,1,0,0,0,"13,37778","52,43374"
1496,51478,Berlin,4,2019,3,19,6,3,0,1,2,1,0,0,0,0,0,0,"13,33487","52,51354"
1497,51479,Berlin,12,2019,11,13,4,2,6,2,0,0,1,1,0,0,0,0,"13,31541","52,61318"
1498,51480,Berlin,3,2019,10,14,2,3,6,4,0,1,0,1,0,0,0,0,"13,42458","52,54004"
1499,51481,Berlin,11,2019,8,11,6,3,5,3,0,1,1,0,0,0,0,0,"13,48291","52,58095"
1500,51483,Berlin,7,2019,5,9,6,2,0,7,0,0,1,0,0,0,0,0,"13,37925","52,47004"
1501,51484,Berlin,7,2019,7,12,7,3,2,3,0,0,1,0,0,0,0,0,"13,3778","52,4338"
1502,51485,Berlin,9,2019,3,11,5,3,5,3,0,0,1,0,0,0,1,1,"13,45773","52,49176"
1503,51486,Berlin,6,2019,6,12,2,3,5,2,0,0,0,0,1,0,0,0,"13,30417","52,4496"
1504,51487,Berlin,4,2019,8,12,6,3,2,6,0,0,1,0,1,0,0,0,"13,32084","52,5127"
1505,51488,Berlin,12,2019,12,17,2,3,6,2,2,0,0,1,0,0,1,0,"13,32366","52,60795"
1506,51489,Berlin,7,2019,5,12,5,3,0,7,0,1,0,0,0,0,1,1,"13,35236","52,48"
1507,51490,Berlin,1,2019,7,9,6,2,5,2,0,1,0,0,0,1,0,0,"13,36738","52,55137"
1508,51491,Berlin,4,2019,3,15,5,3,2,6,0,0,1,0,0,0,1,0,"13,29531","52,49136"
1509,51492,Berlin,7,2019,11,16,3,3,0,6,1,0,1,0,0,0,1,0,"13,37815","52,43453"
1510,51493,Berlin,3,2019,11,18,6,3,2,6,2,0,1,0,0,0,0,0,"13,4367","52,53459"
1511,51494,Berlin,7,2019,7,21,6,3,5,2,2,0,1,0,1,0,0,0,"13,38552","52,4703"
1512,51495,Berlin,4,2019,3,19,5,3,3,6,2,0,1,0,0,0,0,1,"13,28378","52,51005"
1513,51496,Berlin,1,2019,10,20,2,3,3,2,2,1,1,0,0,0,0,0,"13,41612","52,52212"
1514,51497,Berlin,3,2019,8,7,6,3,3,6,0,0,1,0,1,0,0,0,"13,4148","52,55498"
1515,51499,Berlin,12,2019,5,10,5,3,0,3,0,1,1,0,0,0,0,1,"13,34578","52,58045"
1516,51500,Berlin,2,2019,7,18,6,3,3,2,0,0,1,0,1,0,0,0,"13,42809","52,51893"
1517,51501,Berlin,1,2019,3,8,4,3,5,2,0,1,1,0,0,0,0,0,"13,36849","52,54101"
1518,51502,Berlin,4,2019,11,16,4,3,6,4,2,0,1,1,0,0,0,0,"13,30133","52,51134"
1519,51503,Berlin,10,2019,6,16,4,2,2,6,0,0,0,0,1,0,1,0,"13,59144","52,50496"
1520,51504,Berlin,1,2019,8,0,6,3,0,7,2,0,0,0,0,0,1,0,"13,4047","52,51985"
1521,51505,Berlin,3,2019,12,5,2,3,5,3,2,1,1,0,0,0,0,0,"13,4285","52,53788"
1522,51506,Berlin,12,2019,7,12,6,3,0,2,0,1,1,0,0,0,0,0,"13,34784","52,57444"
1523,51507,Berlin,4,2019,9,17,5,3,0,5,0,0,1,0,1,0,0,0,"13,2787","52,50973"
1524,51508,Berlin,10,2019,10,22,4,3,2,6,2,0,1,0,0,0,0,0,"13,55858","52,56277"
1525,51509,Berlin,4,2019,8,18,5,2,5,2,0,1,1,0,0,0,0,0,"13,30141","52,51115"
1526,51510,Berlin,4,2019,7,10,6,3,0,7,0,0,0,0,1,0,0,1,"13,30034","52,488"
1527,51511,Berlin,6,2019,9,19,5,3,5,2,2,1,1,0,0,0,0,0,"13,26057","52,43498"
1528,51512,Berlin,4,2019,3,15,4,3,2,6,0,0,1,0,0,0,0,0,"13,28484","52,51537"
1529,51513,Berlin,4,2019,10,16,3,3,2,6,0,0,1,0,0,0,0,0,"13,31588","52,47877"
1530,51514,Berlin,4,2019,8,16,5,3,2,6,0,0,1,0,0,0,1,0,"13,29568","52,49114"
1531,51516,Berlin,3,2019,5,18,5,2,5,3,0,1,1,0,0,0,0,1,"13,44428","52,63904"
1532,51517,Berlin,3,2019,7,6,6,3,6,2,0,0,0,1,0,1,0,0,"13,39039","52,61853"
1533,51518,Berlin,7,2019,3,23,4,2,9,1,2,0,1,0,1,0,0,1,"13,3569","52,48683"
1534,51519,Berlin,1,2019,11,9,7,3,5,3,0,0,1,0,0,0,0,1,"13,36526","52,55809"
1535,51520,Berlin,7,2019,5,13,5,3,0,7,0,0,0,0,1,0,0,1,"13,35541","52,48579"
1536,51521,Berlin,1,2019,8,16,5,3,5,7,0,0,1,0,0,0,0,0,"13,34012","52,51375"
1537,51522,Berlin,10,2019,12,13,4,3,2,6,0,0,1,0,0,1,1,0,"13,53709","52,53373"
1538,51523,Berlin,4,2019,7,9,6,3,2,6,0,0,1,0,0,0,0,0,"13,30044","52,48793"
1539,51524,Berlin,5,2019,3,8,4,3,2,6,0,0,1,0,0,0,0,1,"13,17083","52,5103"
1540,51525,Berlin,4,2019,10,13,6,3,2,6,0,0,1,0,1,0,0,0,"13,3054","52,51142"
1541,51526,Berlin,12,2019,8,16,5,3,5,7,0,1,1,0,0,0,0,0,"13,36473","52,56082"
1542,51527,Berlin,10,2019,7,4,6,2,5,3,1,0,1,0,0,0,1,0,"13,55831","52,56292"
1543,51528,Berlin,3,2019,3,7,4,2,6,4,0,0,1,1,0,0,0,0,"13,44566","52,54609"
1544,51529,Berlin,10,2019,10,11,3,3,0,1,0,0,0,0,1,0,0,1,"13,57355","52,50522"
1545,51530,Berlin,3,2019,6,17,4,3,6,3,0,0,1,1,0,0,0,0,"13,42784","52,56788"
1546,51531,Berlin,12,2019,8,15,5,2,9,1,0,0,0,0,1,0,0,0,"13,32171","52,56122"
1547,51532,Berlin,1,2019,12,21,4,3,2,6,2,0,1,0,0,0,0,1,"13,36996","52,54208"
1548,51533,Berlin,2,2019,5,9,5,3,2,6,0,0,1,0,0,0,0,1,"13,46714","52,5144"
1549,51534,Berlin,7,2019,3,5,4,3,0,7,0,0,1,0,0,0,0,0,"13,42146","52,46152"
1550,51535,Berlin,6,2019,11,19,7,2,5,3,2,0,1,0,0,0,0,1,"13,28129","52,44152"
1551,51536,Berlin,11,2019,5,7,5,3,6,7,0,0,1,1,0,0,0,1,"13,48424","52,51282"
1552,51537,Berlin,1,2019,11,17,4,3,3,6,2,1,1,0,0,0,0,1,"13,39472","52,5107"
1553,51538,Berlin,4,2019,7,14,5,3,2,6,0,0,1,0,0,0,0,0,"13,28544","52,50987"
1554,51539,Berlin,7,2019,3,17,4,3,6,7,1,1,0,1,0,0,0,1,"13,3703","52,42196"
1555,51540,Berlin,8,2019,10,14,7,3,2,6,0,0,1,0,0,0,0,0,"13,45601","52,46139"
1556,51541,Berlin,12,2019,8,18,5,2,0,6,0,0,0,0,1,0,1,0,"13,35957","52,57273"
1557,51543,Berlin,4,2019,5,7,5,2,2,6,0,0,1,0,0,0,1,1,"13,32667","52,47794"
1558,51544,Berlin,12,2019,9,13,5,3,5,7,0,0,1,0,0,0,1,0,"13,3304","52,60138"
1559,51545,Berlin,2,2019,7,21,5,2,5,2,1,1,1,0,0,0,0,0,"13,45062","52,50169"
1560,51546,Berlin,3,2019,3,15,3,3,6,4,0,0,1,1,0,0,0,0,"13,41197","52,54113"
1561,51547,Berlin,1,2019,6,20,7,3,2,6,0,0,1,0,0,0,0,0,"13,36638","52,50386"
1562,51548,Berlin,3,2019,8,11,5,3,0,4,0,1,0,1,0,0,0,0,"13,42831","52,53231"
1563,51549,Berlin,2,2019,12,12,1,3,1,1,0,0,1,0,0,0,0,0,"13,38903","52,49458"
1564,51550,Berlin,12,2019,5,17,5,3,4,6,0,1,0,0,0,0,0,0,"13,36352","52,56552"
1565,51551,Berlin,6,2019,7,16,5,3,2,2,0,1,0,0,0,0,1,0,"13,26025","52,43504"
1566,51552,Berlin,2,2019,11,3,1,2,6,4,2,0,1,1,0,0,0,1,"13,38925","52,49753"
1567,51553,Berlin,4,2019,7,14,5,3,5,2,0,1,1,0,0,0,0,0,"13,28926","52,51056"
1568,51554,Berlin,7,2019,3,9,3,3,2,6,0,0,1,0,0,0,0,0,"13,34776","52,47621"
1569,51555,Berlin,4,2019,10,19,1,3,2,6,2,0,1,0,0,0,0,0,"13,28096","52,49912"
1570,51556,Berlin,1,2019,8,11,5,3,6,7,0,0,0,1,1,0,0,0,"13,40705","52,52126"
1571,51558,Berlin,7,2019,5,15,4,3,2,6,0,0,1,0,0,0,0,0,"13,40655","52,39944"
1572,51559,Berlin,3,2019,7,14,5,3,5,2,0,1,1,0,0,0,0,0,"13,42404","52,52828"
1573,51560,Berlin,4,2019,3,10,3,3,2,6,0,0,1,0,0,0,0,0,"13,28937","52,51057"
1574,51561,Berlin,4,2019,11,15,3,3,2,6,0,0,1,0,0,0,1,0,"13,28243","52,51013"
1575,51562,Berlin,1,2019,6,13,3,3,2,6,0,0,1,0,0,0,0,0,"13,4114","52,51891"
1576,51563,Berlin,3,2019,8,11,5,2,5,2,0,1,1,0,0,0,0,0,"13,44498","52,54552"
1577,51564,Berlin,1,2019,12,19,7,3,2,6,2,0,1,0,0,0,0,1,"13,36849","52,53883"