,id,city,district,year,month,hour,weekday,injury_level,collision,movement,light_conditions,bicycle,car,pedestrian,motorbike,truck,other_vehicle,road_conditions,longitude,latitude
1578,51565,Berlin,2,2019,7,14,5,2,1,5,0,1,0,0,1,0,0,0,"13,44873","52,50524"
1579,51566,Berlin,3,2019,10,13,3,3,2,6,0,0,1,0,0,0,0,0,"13,41335","52,54832"
1580,51567,Berlin,6,2019,8,9,5,3,5,2,0,1,1,0,0,0,0,0,"13,26031","52,43516"
1581,51568,Berlin,10,2019,7,19,4,3,5,3,0,0,1,0,0,0,0,0,"13,55832","52,56292"
1582,51569,Berlin,4,2019,3,18,2,3,5,3,1,0,1,0,0,0,0,0,"13,2319","52,50689"
1583,51570,Berlin,12,2019,10,6,2,3,3,6,2,0,1,0,0,1,0,0,"13,30464","52,57372"
1584,51571,Berlin,3,2019,6,11,1,3,5,2,0,1,1,0,0,0,0,0,"13,40169","52,58996"
1585,51572,Berlin,2,2019,8,19,5,3,6,7,0,0,0,1,0,0,1,0,"13,43161","52,51801"
1586,51574,Berlin,12,2019,5,12,4,3,3,6,0,0,1,0,1,0,0,0,"13,30988","52,55849"
1587,51575,Berlin,10,2019,3,11,2,3,5,2,0,0,1,0,0,0,0,1,"13,55319","52,50904"
1588,51576,Berlin,6,2019,11,20,4,3,5,2,2,0,1,0,0,0,0,1,"13,26042","52,43501"
1589,51577,Berlin,4,2019,5,9,4,2,2,6,0,0,1,0,1,0,0,0,"13,29003","52,49395"
1590,51578,Berlin,7,2019,12,14,2,3,6,4,0,0,1,1,0,0,0,0,"13,36248","52,49888"
1591,51579,Berlin,3,2019,7,19,4,3,1,5,0,1,0,0,0,0,1,0,"13,42953","52,55003"
1592,51580,Berlin,7,2019,3,14,2,2,2,6,0,0,1,0,0,0,0,1,"13,36519","52,47293"
1593,51581,Berlin,6,2019,10,17,4,2,9,1,2,0,1,0,0,0,0,0,"13,20308","52,42338"
1594,51582,Berlin,12,2019,8,17,4,3,5,3,0,0,1,0,0,0,0,0,"13,33295","52,59611"
1595,51584,Berlin,12,2019,6,10,4,3,5,3,0,1,1,0,0,0,0,0,"13,32465","52,60701"
1596,51585,Berlin,6,2019,8,17,4,2,0,7,0,1,0,0,0,0,0,0,"13,21233","52,42699"
1597,51586,Berlin,2,2019,12,19,1,3,6,6,2,1,0,1,0,0,0,1,"13,44805","52,50423"
1598,51587,Berlin,3,2019,7,16,4,3,5,3,0,1,1,0,0,0,0,0,"13,42791","52,5682"
1599,51588,Berlin,6,2019,9,17,4,3,1,1,0,0,1,0,0,0,0,1,"13,10016","52,41386"
1600,51589,Berlin,7,2019,10,11,4,3,1,5,0,1,1,0,0,0,0,0,"13,38551","52,44752"
1601,51590,Berlin,4,2019,8,7,4,2,2,6,0,0,0,0,1,0,1,0,"13,32496","52,47795"
1602,51591,Berlin,1,2019,7,13,4,3,3,6,0,0,1,0,1,0,0,0,"13,39564","52,51739"
1603,51592,Berlin,4,2019,3,15,2,3,2,6,0,0,1,0,0,0,0,0,"13,32939","52,47782"
1604,51593,Berlin,12,2019,10,13,3,3,2,6,0,0,1,0,0,1,0,1,"13,34812","52,57436"
1605,51594,Berlin,4,2019,8,5,4,3,3,6,1,0,1,0,0,0,0,0,"13,28293","52,52858"
1606,51596,Berlin,3,2019,5,9,4,3,2,6,0,0,1,0,1,0,0,0,"13,43397","52,53718"
1607,51597,Berlin,2,2019,7,10,4,3,0,5,0,1,0,0,0,0,1,0,"13,45251","52,51896"
1608,51598,Berlin,6,2019,3,13,2,2,5,3,0,0,1,0,0,0,0,1,"13,28131","52,44153"
1609,51599,Berlin,2,2019,11,9,5,3,5,3,0,1,1,0,0,0,0,0,"13,45362","52,51849"
1610,51600,Berlin,2,2019,5,8,4,3,5,3,0,1,1,0,0,0,0,0,"13,46004","52,51526"
1611,51601,Berlin,1,2019,12,18,3,3,2,6,2,0,1,0,0,0,0,1,"13,36953","52,53943"
1612,51602,Berlin,4,2019,7,15,4,3,2,6,0,0,1,0,1,0,0,0,"13,31848","52,47829"
1613,51603,Berlin,11,2019,3,10,1,3,5,2,0,1,1,0,0,0,0,0,"13,48331","52,58306"
1614,51604,Berlin,12,2019,10,19,5,3,2,6,2,0,1,0,1,0,0,0,"13,36506","52,55911"
1615,51605,Berlin,1,2019,8,15,4,3,6,6,0,0,0,1,0,0,1,0,"13,4162","52,52208"
1616,51607,Berlin,10,2019,7,20,3,3,5,3,0,0,1,0,0,0,0,0,"13,53691","52,53008"
1617,51608,Berlin,3,2019,3,18,1,3,3,6,1,0,1,0,1,0,0,0,"13,41455","52,55305"
1618,51609,Berlin,12,2019,9,14,2,3,5,2,0,1,0,0,0,1,0,0,"13,34784","52,57445"
1619,51610,Berlin,9,2019,6,7,4,3,5,2,0,0,1,0,1,0,0,0,"13,49331","52,46789"
1620,51611,Berlin,11,2019,8,12,4,3,6,4,0,1,0,1,0,0,0,0,"13,47673","52,51358"
1621,51612,Berlin,9,2019,12,10,7,3,3,6,0,0,1,0,0,0,0,1,"13,46189","52,49507"
1622,51613,Berlin,10,2019,5,22,4,2,0,1,2,1,0,0,0,0,0,0,"13,54252","52,51012"
1623,51614,Berlin,12,2019,7,12,3,3,6,4,0,1,0,1,0,0,0,0,"13,36427","52,56333"
1624,51615,Berlin,4,2019,3,11,7,3,2,6,0,0,1,0,0,0,0,0,"13,30288","52,51125"
1625,51616,Berlin,3,2019,11,22,6,2,6,7,2,0,1,1,0,0,0,1,"13,41329","52,54093"
1626,51617,Berlin,7,2019,11,16,3,3,3,6,2,0,1,0,1,0,0,0,"13,36068","52,49112"
1627,51618,Berlin,1,2019,7,18,3,3,5,2,0,1,1,0,0,0,0,0,"13,36972","52,51582"
1628,51619,Berlin,4,2019,3,14,7,2,2,6,0,0,1,0,0,0,0,0,"13,28379","52,53006"
1629,51620,Berlin,4,2019,10,20,5,3,2,6,2,0,1,0,0,0,0,0,"13,28574","52,53164"
1630,51621,Berlin,10,2019,8,10,4,3,2,6,0,0,0,0,0,1,1,0,"13,62023","52,50425"
1631,51623,Berlin,2,2019,5,18,4,3,5,2,0,1,1,0,0,0,0,0,"13,44795","52,52632"
1632,51624,Berlin,6,2019,9,16,4,3,0,7,0,0,1,0,0,0,0,1,"13,1979","52,43872"
1633,51625,Berlin,2,2019,7,1,3,3,6,4,2,0,1,1,0,0,0,0,"13,44793","52,50405"
1634,51626,Berlin,10,2019,3,16,7,3,2,4,0,0,1,1,0,1,0,0,"13,53857","52,53806"
1635,51627,Berlin,2,2019,6,11,6,3,6,4,0,1,0,1,0,0,0,0,"13,46571","52,51469"
1636,51628,Berlin,1,2019,8,10,4,2,6,4,0,1,0,1,0,0,0,0,"13,37357","52,50937"
1637,51629,Berlin,7,2019,12,22,6,3,0,1,2,0,0,0,1,0,0,0,"13,39267","52,42985"
1638,51630,Berlin,1,2019,5,11,3,3,0,7,0,1,0,0,0,0,0,0,"13,36812","52,51561"
1639,51631,Berlin,3,2019,7,17,2,3,2,6,0,0,1,0,0,0,1,0,"13,42884","52,57277"
1640,51632,Berlin,6,2019,3,21,7,3,5,3,2,0,1,0,0,0,1,0,"13,17514","52,4199"
1641,51633,Berlin,2,2019,11,3,7,3,5,3,2,0,1,0,0,0,1,1,"13,47079","52,51404"
1642,51634,Berlin,2,2019,7,17,2,3,2,6,0,0,1,0,0,0,0,0,"13,38047","52,49926"
1643,51635,Berlin,4,2019,3,13,6,3,3,6,0,0,1,0,0,0,1,0,"13,28262","52,49745"
1644,51636,Berlin,2,2019,10,18,6,3,5,2,2,0,1,0,0,0,0,1,"13,45376","52,51587"
1645,51637,Berlin,1,2019,8,10,4,3,3,6,0,1,1,0,0,0,0,0,"13,38974","52,51693"
1646,51639,Berlin,3,2019,5,19,3,3,3,6,1,1,0,0,0,0,0,0,"13,43919","52,54125"
1647,51640,Berlin,12,2019,7,12,2,3,5,3,0,1,1,0,0,0,0,0,"13,33463","52,5931"
1648,51641,Berlin,2,2019,3,7,6,2,3,5,0,1,0,0,0,1,0,0,"13,42054","52,52599"
1649,51642,Berlin,5,2019,11,17,2,2,6,4,2,0,1,1,0,0,0,1,"13,17909","52,51665"
1650,51643,Berlin,10,2019,6,21,3,2,2,6,2,0,1,0,0,0,0,0,"13,54851","52,55117"
1651,51644,Berlin,11,2019,8,20,3,3,5,2,1,1,1,0,0,0,0,0,"13,48442","52,5128"
1652,51645,Berlin,2,2019,12,18,6,3,3,6,2,0,1,0,1,0,0,1,"13,38019","52,49931"
1653,51646,Berlin,3,2019,7,10,2,3,1,5,0,1,1,0,0,0,0,0,"13,40288","52,58077"
1654,51647,Berlin,7,2019,9,12,4,3,0,1,0,0,0,0,1,0,0,1,"13,3765","52,43102"
1655,51648,Berlin,7,2019,3,4,6,3,1,5,2,0,1,0,0,0,0,0,"13,3948","52,42544"
1656,51649,Berlin,11,2019,10,15,2,3,2,6,0,0,1,0,0,0,0,0,"13,48758","52,51248"
1657,51650,Berlin,4,2019,8,17,3,3,2,6,0,0,1,0,0,0,0,0,"13,28623","52,49454"
1658,51651,Berlin,7,2019,7,11,2,3,5,3,0,0,1,0,0,0,0,0,"13,3778","52,43379"
1659,51652,Berlin,3,2019,3,12,6,3,6,4,0,0,1,1,0,0,0,0,"13,4282","52,53222"
1660,51653,Berlin,7,2019,10,21,7,2,3,6,2,1,1,0,0,0,0,1,"13,36118","52,49554"
1661,51654,Berlin,9,2019,6,12,7,3,2,2,0,0,1,0,0,0,1,0,"13,51509","52,45302"
1662,51655,Berlin,4,2019,8,14,3,3,2,6,0,0,1,0,0,0,0,0,"13,3002","52,54742"
1663,51657,Berlin,7,2019,5,18,3,3,5,2,0,1,1,0,0,0,0,0,"13,37798","52,43417"
1664,51658,Berlin,6,2019,3,20,5,3,2,6,2,0,1,0,0,0,0,0,"13,19443","52,41979"
1665,51659,Berlin,12,2019,11,14,3,3,2,6,0,0,1,0,0,0,0,0,"13,35928","52,5733"
1666,51660,Berlin,3,2019,5,17,3,3,0,6,0,0,1,0,0,0,1,0,"13,41241","52,54468"
1667,51661,Berlin,4,2019,12,12,1,3,2,6,0,0,1,0,0,0,0,0,"13,2846","52,51594"
1668,51662,Berlin,7,2019,7,11,2,3,5,3,0,1,0,0,0,0,0,0,"13,41117","52,38556"
1669,51663,Berlin,12,2019,3,15,5,2,2,6,0,0,1,0,0,0,0,0,"13,29164","52,58626"
1670,51664,Berlin,2,2019,10,18,3,3,5,3,1,1,1,0,0,0,0,0,"13,37695","52,5019"
1671,51665,Berlin,4,2019,8,9,3,3,5,5,0,0,1,0,0,0,0,0,"13,32638","52,51283"
1672,51667,Berlin,12,2019,9,11,4,3,2,6,0,0,1,0,0,0,1,1,"13,33338","52,59404"
1673,51668,Berlin,1,2019,7,9,2,2,5,3,0,1,1,0,0,0,0,0,"13,36549","52,55805"
1674,51669,Berlin,2,2019,3,13,5,3,2,6,0,0,1,0,0,0,0,0,"13,47462","52,51378"
1675,51670,Berlin,1,2019,9,15,7,3,2,6,0,0,1,0,1,0,0,1,"13,41975","52,52479"
1676,51671,Berlin,2,2019,6,16,3,2,0,6,0,0,1,0,1,0,0,0,"13,46851","52,51426"
1677,51672,Berlin,7,2019,8,18,3,3,2,6,0,0,1,0,0,0,0,0,"13,3549","52,4783"
1678,51673,Berlin,2,2019,12,7,4,3,5,2,2,1,1,0,0,0,0,0,"13,46022","52,51525"
1679,51674,Berlin,4,2019,5,13,3,3,3,6,0,0,1,0,0,1,0,0,"13,28268","52,52856"
1680,51675,Berlin,2,2019,7,15,2,3,0,5,0,1,0,0,0,0,1,0,"13,46206","52,49824"
1681,51676,Berlin,7,2019,3,8,5,2,5,2,0,0,1,0,1,0,0,0,"13,34995","52,4812"
1682,51677,Berlin,12,2019,11,6,4,2,6,2,2,0,1,1,0,0,0,0,"13,32388","52,6078"
1683,51678,Berlin,6,2019,11,13,1,3,5,3,0,0,1,0,0,0,0,0,"13,26941","52,4374"
1684,51679,Berlin,1,2019,7,14,2,3,0,1,0,1,0,0,0,0,0,0,"13,41048","52,52283"
1685,51680,Berlin,3,2019,3,8,4,3,2,6,0,1,1,0,0,0,0,0,"13,41155","52,56047"
1686,51681,Berlin,3,2019,10,19,4,3,0,7,2,0,1,0,0,0,0,1,"13,44138","52,61687"
1687,51682,Berlin,4,2019,8,18,3,3,3,6,0,0,1,0,0,0,0,0,"13,24744","52,47823"
1688,51684,Berlin,1,2019,5,9,3,3,3,6,0,1,0,0,0,0,0,0,"13,36892","52,51577"
1689,51685,Berlin,4,2019,9,11,4,3,2,6,0,0,1,0,0,0,0,1,"13,28504","52,50928"
1690,51686,Berlin,3,2019,6,18,1,3,5,2,0,1,1,0,0,0,0,0,"13,42398","52,53911"
1691,51687,Berlin,3,2019,3,12,4,2,4,6,0,0,1,0,0,0,0,0,"13,48104","52,57067"
1692,51688,Berlin,2,2019,6,18,5,3,3,6,0,0,0,0,1,0,1,0,"13,38917","52,49787"
1693,51689,Berlin,12,2019,8,9,3,2,5,3,0,0,1,0,1,0,0,0,"13,31886","52,61083"
1694,51690,Berlin,3,2019,12,16,3,3,1,5,2,1,0,0,0,0,1,1,"13,41584","52,5404"
1695,51691,Berlin,3,2019,5,7,3,3,5,2,0,1,1,0,0,0,0,0,"13,41161","52,5604"
1696,51692,Berlin,10,2019,6,12,1,3,2,6,0,0,1,0,0,0,0,0,"13,5813","52,50519"
1697,51693,Berlin,7,2019,9,15,4,3,3,6,0,0,0,0,0,1,1,1,"13,38351","52,43832"
1698,51694,Berlin,4,2019,9,7,3,3,2,6,0,0,1,0,0,0,0,0,"13,32146","52,478"
1699,51695,Berlin,3,2019,6,11,1,3,2,6,0,0,1,0,0,0,0,0,"13,44509","52,61452"
1700,51696,Berlin,2,2019,3,8,3,3,5,2,0,1,1,0,0,0,0,0,"13,4474","52,52644"
1701,51697,Berlin,4,2019,9,15,1,3,9,1,0,0,1,0,0,0,0,1,"13,27316","52,49877"
1702,51698,Berlin,1,2019,6,12,4,3,3,6,0,1,0,0,0,0,1,0,"13,38285","52,51676"
1703,51699,Berlin,4,2019,8,9,3,3,5,2,0,0,1,0,0,0,0,0,"13,28184","52,51009"
1704,51700,Berlin,7,2019,12,17,6,3,2,6,2,0,1,0,0,0,0,0,"13,38524","52,44896"
1705,51701,Berlin,1,2019,5,14,3,3,5,3,0,0,1,0,0,0,1,0,"13,40368","52,5125"
1706,51702,Berlin,7,2019,6,1,7,3,8,1,2,0,1,0,0,0,0,0,"13,35514","52,47831"
1707,51703,Berlin,2,2019,3,8,3,2,1,5,0,0,1,0,1,0,0,0,"13,38763","52,49791"
1708,51704,Berlin,4,2019,11,23,5,3,3,6,2,0,1,0,0,0,0,0,"13,28137","52,50416"
1709,51705,Berlin,6,2019,8,16,2,3,2,6,0,0,1,0,0,0,0,0,"13,22518","52,46031"
1710,51706,Berlin,1,2019,11,11,3,3,2,2,0,0,1,0,0,1,0,0,"13,36858","52,54122"
1711,51707,Berlin,7,2019,6,23,6,3,3,6,2,0,1,0,1,0,0,0,"13,39606","52,42326"
1712,51708,Berlin,2,2019,3,15,3,3,6,6,0,1,0,1,0,0,0,0,"13,46706","52,51456"
1713,51709,Berlin,12,2019,10,11,5,3,2,6,0,0,1,0,0,0,0,0,"13,32507","52,6065"
1714,51710,Berlin,2,2019,8,17,2,3,4,6,0,1,0,0,0,0,0,0,"13,44806","52,50425"
1715,51712,Berlin,10,2019,5,13,2,3,3,6,0,0,1,0,1,0,0,0,"13,55021","52,5093"
1716,51713,Berlin,7,2019,9,14,3,3,0,7,0,0,0,1,0,0,1,0,"13,38273","52,43941"
1717,51714,Berlin,1,2019,6,10,6,3,5,2,0,1,1,0,0,0,0,0,"13,40937","52,5169"
1718,51715,Berlin,1,2019,3,9,2,2,6,4,0,0,0,1,0,0,1,0,"13,39082","52,51041"
1719,51716,Berlin,1,2019,6,16,5,3,1,5,0,1,1,0,0,0,0,0,"13,37323","52,51605"
1720,51717,Berlin,9,2019,8,17,2,3,3,6,0,0,1,0,1,0,0,0,"13,49292","52,43641"
1721,51718,Berlin,3,2019,12,16,6,3,6,2,1,0,1,1,0,0,0,0,"13,42434","52,53927"
1722,51719,Berlin,10,2019,5,13,2,3,0,1,0,1,0,0,0,0,0,0,"13,54108","52,54193"
1723,51720,Berlin,5,2019,6,16,6,2,4,6,0,1,0,0,0,0,0,0,"13,2115","52,51011"
1724,51721,Berlin,7,2019,9,12,3,3,5,2,0,0,1,0,1,0,0,0,"13,37023","52,42187"
1725,51722,Berlin,2,2019,11,17,6,3,0,1,2,0,0,0,1,0,0,1,"13,46744","52,51437"
1726,51723,Berlin,4,2019,6,16,6,3,2,6,0,0,1,0,0,0,0,0,"13,29754","52,54384"
1727,51724,Berlin,2,2019,9,20,5,3,1,5,2,1,1,0,0,0,0,1,"13,38352","52,49868"
1728,51725,Berlin,7,2019,3,15,2,3,2,6,0,0,1,0,0,0,0,1,"13,34859","52,48207"
1729,51726,Berlin,11,2019,10,20,5,2,0,7,2,1,0,0,0,0,0,1,"13,48301","52,58167"
1730,51727,Berlin,12,2019,8,15,2,3,2,6,0,0,1,0,0,0,0,0,"13,33192","52,60007"
1731,51729,Berlin,1,2019,5,6,2,3,2,6,0,0,1,0,0,0,0,0,"13,41955","52,52514"
1732,51730,Berlin,7,2019,6,7,6,2,3,7,0,0,1,0,0,0,0,0,"13,40707","52,46192"
1733,51731,Berlin,8,2019,3,7,2,3,2,6,0,0,1,0,0,0,0,0,"13,44363","52,46291"
1734,51732,Berlin,12,2019,11,18,2,3,6,2,2,0,1,1,0,0,0,1,"13,35904","52,57339"
1735,51733,Berlin,4,2019,6,14,1,2,4,7,0,0,1,0,0,0,0,0,"13,23515","52,50709"
1736,51734,Berlin,7,2019,8,15,2,3,8,1,0,0,1,0,0,0,0,0,"13,36259","52,47391"
1737,51735,Berlin,3,2019,12,9,5,3,2,6,0,0,1,0,0,0,0,0,"13,40588","52,56623"
1738,51736,Berlin,4,2019,6,7,6,3,3,6,0,0,1,0,0,0,1,0,"13,32106","52,5372"
1739,51737,Berlin,7,2019,9,8,2,3,2,6,0,0,1,0,1,0,0,0,"13,40401","52,4627"
1740,51738,Berlin,3,2019,3,6,2,2,5,3,1,1,1,0,0,0,0,0,"13,42924","52,5734"
1741,51739,Berlin,2,2019,10,1,1,3,8,1,2,0,1,0,0,0,0,0,"13,45537","52,5156"
1742,51740,Berlin,4,2019,8,15,2,3,5,3,0,1,0,0,0,0,0,0,"13,26143","52,5087"
1743,51741,Berlin,2,2019,6,16,5,1,6,4,0,0,1,1,0,0,0,0,"13,43872","52,51727"
1744,51742,Berlin,4,2019,3,10,2,3,5,2,0,0,1,0,0,0,0,0,"13,28189","52,5101"
1745,51743,Berlin,4,2019,10,15,6,3,2,6,0,0,1,0,0,0,0,1,"13,2813","52,49904"
1746,51744,Berlin,7,2019,6,14,6,2,2,6,0,0,1,0,0,0,0,0,"13,41894","52,46089"
1747,51745,Berlin,3,2019,8,14,2,3,3,6,0,0,1,0,0,0,0,0,"13,42791","52,53781"
1748,51747,Berlin,1,2019,5,20,1,3,5,3,1,1,1,0,0,0,0,0,"13,42285","52,5202"
1749,51748,Berlin,1,2019,3,12,7,3,2,7,0,1,1,0,0,0,1,0,"13,4067","52,52109"
1750,51749,Berlin,2,2019,11,17,2,2,6,4,2,0,1,1,0,0,0,0,"13,45583","52,51555"
1751,51750,Berlin,7,2019,5,14,1,3,3,6,0,0,1,0,1,0,0,0,"13,38591","52,47678"
1752,51751,Berlin,1,2019,11,11,7,3,6,4,0,0,1,1,0,0,0,0,"13,37394","52,5094"
1753,51752,Berlin,4,2019,6,18,5,3,6,7,0,0,1,1,0,0,0,0,"13,30745","52,51174"
1754,51753,Berlin,5,2019,3,14,7,3,3,6,0,0,1,0,0,0,0,1,"13,18604","52,51524"
1755,51754,Berlin,10,2019,10,7,2,3,5,7,0,1,1,0,0,0,0,0,"13,55056","52,50944"
1756,51755,Berlin,7,2019,8,19,2,3,1,5,0,1,1,0,0,0,0,0,"13,35387","52,48506"
1757,51757,Berlin,1,2019,6,10,5,2,5,2,0,1,1,0,0,0,0,0,"13,37057","52,53997"
1758,51758,Berlin,11,2019,3,15,7,2,5,3,0,1,1,0,0,0,0,1,"13,47743","52,51352"
1759,51759,Berlin,4,2019,6,18,2,3,0,7,0,0,0,0,1,0,0,1,"13,31467","52,51221"
1760,51760,Berlin,3,2019,8,13,2,3,5,3,0,1,1,0,0,0,0,0,"13,43781","52,54008"
1761,51761,Berlin,7,2019,12,5,3,3,3,6,2,0,1,0,0,1,0,1,"13,37424","52,47039"
1762,51762,Berlin,10,2019,5,14,1,2,2,2,0,0,1,0,1,0,0,0,"13,53908","52,51005"
1763,51763,Berlin,2,2019,6,22,5,2,0,7,2,1,0,0,0,0,0,0,"13,38239","52,49865"
1764,51764,Berlin,4,2019,3,17,7,3,2,6,1,0,1,0,0,0,0,1,"13,28185","52,52125"
1765,51765,Berlin,10,2019,11,20,3,2,6,7,2,0,0,1,0,0,1,0,"13,56717","52,57241"
1766,51766,Berlin,3,2019,11,20,7,3,2,7,2,0,1,0,1,0,0,0,"13,42945","52,54986"
1767,51767,Berlin,2,2019,6,7,5,3,3,6,0,1,0,0,0,0,0,0,"13,47202","52,51391"
1768,51768,Berlin,3,2019,3,8,6,3,3,6,0,1,1,0,0,0,0,1,"13,44821","52,54719"
1769,51769,Berlin,8,2019,10,14,3,2,3,6,0,0,1,0,0,1,0,0,"13,44685","52,46296"
1770,51770,Berlin,3,2019,8,7,2,3,6,4,0,1,0,1,0,0,0,1,"13,41391","52,54961"
1771,51772,Berlin,1,2019,5,22,7,3,5,3,2,1,1,0,0,0,0,0,"13,42253","52,52003"
1772,51773,Berlin,6,2019,6,15,5,2,1,7,0,0,1,0,0,0,0,0,"13,18334","52,41873"
1773,51774,Berlin,12,2019,3,11,6,3,6,7,0,0,1,1,0,0,0,0,"13,36354","52,56512"
1774,51775,Berlin,2,2019,11,18,5,3,3,6,2,1,0,0,0,0,1,1,"13,45362","52,51427"
1775,51776,Berlin,7,2019,6,14,5,3,2,6,0,0,1,0,1,0,0,0,"13,4038","52,46335"
1776,51777,Berlin,9,2019,8,22,1,3,2,6,2,0,1,0,0,0,0,1,"13,45793","52,49203"
1777,51778,Berlin,1,2019,12,18,3,3,2,6,2,0,1,0,0,0,0,0,"13,36838","52,54108"
1778,51779,Berlin,3,2019,6,8,5,3,2,6,0,0,1,0,1,0,0,0,"13,41218","52,55968"
1779,51780,Berlin,4,2019,10,19,5,3,7,7,2,0,1,0,0,0,1,0,"13,24987","52,508"
1780,51781,Berlin,1,2019,6,23,4,3,5,3,2,0,1,0,0,0,0,0,"13,36858","52,54115"
1781,51782,Berlin,9,2019,9,16,5,3,0,7,0,1,0,0,0,0,0,0,"13,50026","52,46291"
1782,51783,Berlin,3,2019,3,14,6,3,4,5,0,0,1,0,0,0,1,1,"13,46939","52,56344"
1783,51784,Berlin,1,2019,10,14,4,3,5,2,0,1,0,0,0,0,1,0,"13,37652","52,50958"
1784,51785,Berlin,1,2019,8,21,1,3,5,3,2,0,1,0,0,0,1,0,"13,40494","52,51997"
1785,51787,Berlin,2,2019,5,13,7,3,5,2,0,1,1,0,0,0,0,0,"13,38927","52,49746"
1786,51788,Berlin,12,2019,6,16,4,3,0,5,0,1,0,0,0,0,1,0,"13,36338","52,56579"
1787,51789,Berlin,4,2019,3,12,6,3,2,6,0,0,1,0,0,0,1,0,"13,28377","52,51747"
1788,51790,Berlin,1,2019,11,14,7,3,5,2,0,0,1,0,0,0,0,1,"13,36979","52,51583"
1789,51791,Berlin,3,2019,6,0,7,3,2,7,2,1,1,0,0,0,0,0,"13,42805","52,53209"
1790,51792,Berlin,4,2019,12,7,4,3,5,3,0,0,1,0,0,0,0,1,"13,24962","52,50799"
1791,51793,Berlin,3,2019,6,15,4,3,2,6,0,0,1,0,0,0,0,0,"13,39827","52,57699"
1792,51794,Berlin,3,2019,3,11,6,3,5,2,0,1,1,0,0,0,0,0,"13,42931","52,53316"
1793,51795,Berlin,4,2019,10,14,6,3,5,3,0,1,1,0,0,0,0,0,"13,29729","52,51107"
1794,51796,Berlin,3,2019,8,8,1,2,0,1,0,1,0,0,0,0,0,1,"13,40678","52,56506"
1795,51797,Berlin,1,2019,6,14,4,3,6,7,0,0,1,1,0,0,0,0,"13,41098","52,52314"
1796,51798,Berlin,2,2019,3,18,5,3,0,6,2,0,1,0,1,0,0,1,"13,45338","52,51694"
1797,51799,Berlin,6,2019,10,17,5,3,2,6,2,0,1,0,0,0,0,0,"13,32019","52,45481"
1798,51800,Berlin,12,2019,6,14,4,3,2,6,0,0,1,0,1,0,0,0,"13,3336","52,59387"
1799,51801,Berlin,1,2019,9,15,5,3,5,3,0,1,1,0,0,0,0,0,"13,36526","52,55808"
1800,51802,Berlin,7,2019,3,20,5,3,3,2,2,0,1,0,0,0,0,1,"13,35508","52,47817"
1801,51803,Berlin,11,2019,10,13,5,3,5,2,0,0,1,0,0,0,0,0,"13,48332","52,51291"
1802,51804,Berlin,10,2019,8,8,1,2,0,7,0,0,1,0,0,0,0,1,"13,53747","52,53546"
1803,51806,Berlin,7,2019,5,17,7,3,6,7,0,0,1,1,0,0,0,1,"13,38577","52,48038"
1804,51807,Berlin,10,2019,6,13,4,3,5,3,0,0,1,0,0,0,0,0,"13,54245","52,54369"
1805,51808,Berlin,3,2019,3,20,5,3,5,2,2,1,1,0,0,0,0,1,"13,42436","52,53901"
1806,51809,Berlin,9,2019,11,3,1,2,5,3,2,1,1,0,0,0,0,0,"13,4578","52,49173"
1807,51810,Berlin,12,2019,6,22,7,3,2,6,2,0,1,0,0,0,1,0,"13,35361","52,57368"
1808,51811,Berlin,11,2019,8,6,7,3,2,6,0,0,1,0,0,0,1,0,"13,52489","52,50991"
1809,51812,Berlin,3,2019,12,15,5,3,5,2,0,0,1,0,0,0,1,0,"13,42395","52,5282"
1810,51813,Berlin,4,2019,6,13,4,3,5,3,0,0,1,0,0,1,0,0,"13,28607","52,53205"
1811,51814,Berlin,7,2019,3,15,5,3,2,6,0,0,1,0,0,0,0,1,"13,34678","52,47238"
1812,51815,Berlin,2,2019,10,19,7,3,2,6,2,0,1,0,1,0,0,0,"13,46712","52,51455"
1813,51816,Berlin,7,2019,8,9,7,3,0,5,0,0,1,0,0,0,0,0,"13,40081","52,41489"
1814,51817,Berlin,3,2019,6,12,4,3,3,6,0,0,1,0,0,0,0,0,"13,44784","52,61193"
1815,51818,Berlin,3,2019,3,4,4,3,5,2,2,0,1,0,0,1,0,1,"13,41249","52,54312"
1816,51819,Berlin,7,2019,10,6,4,3,6,7,2,1,0,1,0,0,0,1,"13,36057","52,41093"
1817,51820,Berlin,9,2019,6,6,5,3,5,3,0,0,1,0,0,0,0,0,"13,47943","52,4845"
1818,51821,Berlin,1,2019,8,18,7,3,5,3,0,0,1,0,0,0,0,0,"13,3655","52,55796"
1819,51822,Berlin,3,2019,12,6,7,2,5,3,2,1,1,0,0,0,0,1,"13,43696","52,53974"
1820,51823,Berlin,10,2019,5,10,7,3,6,2,0,0,1,1,0,0,0,0,"13,58139","52,50509"
1821,51824,Berlin,4,2019,3,12,4,2,3,6,0,0,1,0,0,1,0,0,"13,28683","52,53242"
1822,51825,Berlin,1,2019,11,14,1,3,6,7,0,0,0,1,0,0,1,0,"13,36364","52,51543"
1823,51826,Berlin,7,2019,5,9,6,2,2,6,0,0,1,0,1,0,0,0,"13,36357","52,47363"
1824,51827,Berlin,4,2019,11,16,6,3,2,6,2,0,1,0,1,0,0,0,"13,27683","52,5096"
1825,51828,Berlin,9,2019,6,10,4,3,2,6,0,0,1,0,0,0,0,0,"13,45839","52,45852"
1826,51829,Berlin,3,2019,3,14,4,3,5,3,0,1,1,0,0,0,0,0,"13,40877","52,56346"
1827,51830,Berlin,1,2019,10,22,2,3,5,2,2,0,1,0,0,0,1,0,"13,40479","52,52013"
1828,51831,Berlin,7,2019,8,8,6,3,6,2,0,0,0,1,0,0,1,0,"13,34831","52,48176"
1829,51833,Berlin,10,2019,5,17,6,2,6,4,0,0,1,1,0,0,0,0,"13,56662","52,57175"
1830,51834,Berlin,2,2019,6,20,3,3,5,2,0,1,1,0,0,0,0,0,"13,38862","52,49817"
1831,51835,Berlin,2,2019,3,18,4,3,3,7,1,1,0,0,0,0,0,0,"13,44759","52,50251"
1832,51836,Berlin,12,2019,6,14,2,3,5,2,0,0,0,0,0,0,1,0,"13,33561","52,59226"
1833,51837,Berlin,9,2019,8,15,6,3,5,3,0,1,1,0,0,0,0,0,"13,49886","52,46385"
1834,51838,Berlin,2,2019,12,7,2,3,5,3,1,0,1,0,0,0,1,0,"13,44749","52,52634"
1835,51839,Berlin,4,2019,5,13,6,3,2,6,0,0,1,0,1,0,0,0,"13,2694","52,50919"
1836,51840,Berlin,1,2019,6,12,3,3,2,6,0,0,1,0,1,0,0,0,"13,36841","52,54106"
1837,51841,Berlin,1,2019,3,19,4,3,2,1,2,0,1,0,0,0,0,1,"13,36857","52,54121"