,id,city,district,year,month,hour,weekday,injury_level,collision,movement,light_conditions,bicycle,car,pedestrian,motorbike,truck,other_vehicle,road_conditions,longitude,latitude
1838,51842,Berlin,3,2019,11,12,3,2,6,3,0,0,1,1,0,0,0,0,"13,42876","52,55833"
1839,51843,Berlin,12,2019,11,9,6,3,5,3,0,0,1,0,0,1,0,1,"13,28654","52,59326"
1840,51844,Berlin,9,2019,6,10,3,3,6,7,0,0,1,1,0,0,0,0,"13,50986","52,45634"
1841,51845,Berlin,7,2019,3,17,3,3,2,6,1,0,1,0,0,0,0,0,"13,36478","52,47311"
1842,51846,Berlin,1,2019,10,12,2,3,3,5,0,1,1,0,0,0,0,0,"13,41254","52,51951"
1843,51847,Berlin,12,2019,8,15,6,3,5,3,0,1,1,0,0,0,0,0,"13,34142","52,58614"
1844,51849,Berlin,3,2019,5,15,5,3,5,2,0,1,0,0,0,1,0,0,"13,41409","52,55067"
1845,51850,Berlin,2,2019,6,10,3,3,3,2,0,0,1,0,1,0,0,0,"13,4554","52,50036"
1846,51851,Berlin,2,2019,3,10,3,3,5,2,0,1,1,0,0,0,0,1,"13,46026","52,51524"
1847,51852,Berlin,7,2019,11,12,4,3,2,6,0,0,1,0,0,1,0,1,"13,37519","52,42827"
1848,51853,Berlin,5,2019,6,14,4,3,2,6,0,0,1,0,0,0,1,0,"13,18007","52,51645"
1849,51854,Berlin,4,2019,8,8,6,3,2,6,0,0,1,0,0,0,1,0,"13,23537","52,5071"
1850,51855,Berlin,7,2019,12,15,2,3,2,6,1,0,1,0,0,0,0,1,"13,36627","52,47243"
1851,51856,Berlin,9,2019,6,9,3,2,5,2,0,1,1,0,0,0,0,0,"13,51093","52,4558"
1852,51857,Berlin,11,2019,9,8,2,3,5,2,0,1,0,0,0,0,1,0,"13,47707","52,5134"
1853,51858,Berlin,7,2019,10,17,4,3,5,2,2,1,1,0,0,0,0,0,"13,35716","52,48688"
1854,51859,Berlin,10,2019,8,12,6,3,5,3,0,1,1,0,0,0,0,0,"13,54082","52,54158"
1855,51860,Berlin,7,2019,6,9,3,2,5,3,0,1,0,0,1,0,0,0,"13,34995","52,48104"
1856,51861,Berlin,9,2019,3,5,3,3,2,6,1,0,1,0,0,0,0,0,"13,46146","52,45411"
1857,51862,Berlin,10,2019,10,5,3,3,2,6,2,0,1,0,0,0,0,0,"13,58335","52,50517"
1858,51863,Berlin,4,2019,8,9,6,3,5,2,0,1,1,0,0,0,0,0,"13,32853","52,51296"
1859,51865,Berlin,3,2019,5,9,5,3,0,7,0,1,0,0,0,0,0,0,"13,41216","52,54349"
1860,51866,Berlin,8,2019,6,17,3,3,2,6,0,0,1,0,0,0,0,0,"13,44395","52,46281"
1861,51867,Berlin,3,2019,3,8,2,3,5,3,0,1,1,0,0,0,0,1,"13,42793","52,56826"
1862,51868,Berlin,10,2019,11,16,6,3,2,6,2,0,1,0,0,0,0,0,"13,57804","52,50517"
1863,51869,Berlin,4,2019,5,9,5,3,2,6,0,1,1,0,0,0,0,1,"13,2866","52,51023"
1864,51870,Berlin,3,2019,12,20,3,3,0,1,2,0,0,0,1,0,0,2,"13,46635","52,55229"
1865,51871,Berlin,3,2019,6,16,3,3,5,2,0,1,1,0,0,0,0,0,"13,4422","52,54385"
1866,51872,Berlin,12,2019,3,16,2,2,9,1,0,0,1,0,0,0,1,1,"13,3572","52,57342"
1867,51873,Berlin,7,2019,10,8,6,2,5,2,0,0,1,0,1,0,0,0,"13,39266","52,42986"
1868,51874,Berlin,2,2019,8,9,6,3,5,3,0,1,0,0,0,0,0,0,"13,46046","52,49875"
1869,51876,Berlin,7,2019,6,14,3,3,5,2,0,1,1,0,0,0,0,0,"13,39439","52,42616"
1870,51877,Berlin,1,2019,3,18,1,3,2,6,2,0,1,0,0,0,0,1,"13,36452","52,50173"
1871,51878,Berlin,4,2019,10,9,3,3,5,2,0,0,1,0,0,0,0,1,"13,27612","52,50955"
1872,51879,Berlin,1,2019,6,19,4,3,2,6,0,0,1,0,0,0,0,0,"13,36842","52,50644"
1873,51880,Berlin,4,2019,8,8,6,3,2,6,0,0,1,0,0,0,0,0,"13,25692","52,50844"
1874,51881,Berlin,11,2019,12,15,2,3,5,3,1,1,1,1,0,0,0,0,"13,47671","52,51344"
1875,51882,Berlin,7,2019,5,6,5,3,0,6,1,0,1,0,0,0,0,0,"13,34891","52,47522"
1876,51883,Berlin,10,2019,3,9,1,3,2,6,0,0,1,0,0,0,0,0,"13,54903","52,55147"
1877,51884,Berlin,1,2019,11,9,7,3,0,7,0,1,0,1,0,0,0,1,"13,36933","52,54571"
1878,51885,Berlin,7,2019,11,13,4,3,2,2,0,0,1,0,0,0,0,1,"13,38582","52,48329"
1879,51886,Berlin,9,2019,6,8,3,3,5,2,0,1,0,0,0,0,1,0,"13,50665","52,4588"
1880,51887,Berlin,2,2019,3,9,1,3,0,1,0,0,0,0,1,0,0,0,"13,44877","52,5053"
1881,51888,Berlin,9,2019,10,7,6,3,2,6,1,0,1,0,0,0,0,1,"13,47946","52,48451"
1882,51889,Berlin,12,2019,8,7,6,3,6,4,0,1,1,1,0,0,0,0,"13,36424","52,56348"
1883,51891,Berlin,3,2019,5,9,4,3,0,3,0,1,1,0,0,0,0,0,"13,41479","52,55503"
1884,51892,Berlin,7,2019,9,8,2,3,5,2,0,1,0,0,0,0,1,0,"13,39605","52,42388"
1885,51893,Berlin,3,2019,6,14,2,3,6,4,0,0,0,1,1,0,0,0,"13,40454","52,56803"
1886,51894,Berlin,9,2019,3,16,7,3,0,2,0,1,1,0,0,0,0,1,"13,45906","52,49286"
1887,51895,Berlin,5,2019,6,2,7,3,9,1,2,0,1,0,0,0,0,0,"13,18023","52,51641"
1888,51896,Berlin,3,2019,12,9,7,3,6,4,0,0,1,1,0,0,0,0,"13,44501","52,54553"
1889,51897,Berlin,9,2019,5,16,4,3,2,6,0,0,1,0,1,0,1,0,"13,5118","52,45505"
1890,51898,Berlin,7,2019,11,16,1,3,2,6,0,0,1,0,0,0,1,1,"13,38619","52,44387"
1891,191144,Berlin,12,2019,1,11,4,3,6,7,0,1,0,1,0,0,0,1,"13,30913","52,61484"
1892,191145,Berlin,11,2019,1,17,4,3,5,3,2,0,1,0,0,0,0,1,"13,50688","52,56401"
1893,191146,Berlin,6,2019,1,17,4,3,5,2,2,1,1,0,0,0,0,1,"13,34916","52,42206"
1894,191147,Berlin,7,2019,1,17,4,3,1,5,2,1,0,0,0,0,1,1,"13,39451","52,46339"
1895,191148,Berlin,6,2019,1,16,4,3,5,3,2,1,0,0,0,0,1,1,"13,31866","52,45492"
1896,191149,Berlin,10,2019,1,16,4,3,5,3,2,0,1,0,0,0,0,1,"13,55058","52,55993"
1897,191150,Berlin,10,2019,1,7,4,3,6,7,1,0,1,1,0,0,0,1,"13,55022","52,53349"
1898,191151,Berlin,1,2019,1,7,4,3,5,2,2,1,0,0,0,0,1,1,"13,377","52,55668"
1899,191152,Berlin,4,2019,1,7,4,3,5,2,2,1,1,0,0,0,0,1,"13,32014","52,47882"
1900,191153,Berlin,1,2019,1,6,4,3,2,6,2,0,1,0,0,0,0,1,"13,401","52,51835"
1901,191154,Berlin,7,2019,1,6,4,3,6,4,2,0,1,1,0,0,0,1,"13,38451","52,48344"
1902,191155,Berlin,1,2019,1,15,4,3,5,3,1,0,1,0,1,0,0,1,"13,3539","52,54929"
1903,191156,Berlin,7,2019,1,5,4,3,5,7,1,0,1,0,0,0,1,1,"13,35396","52,49472"
1904,191157,Berlin,3,2019,1,7,4,3,5,2,2,1,1,0,0,0,0,1,"13,40176","52,58733"
1905,191158,Berlin,5,2019,1,8,4,3,6,7,2,0,1,1,0,0,0,1,"13,17425","52,52267"
1906,191159,Berlin,6,2019,1,8,4,3,1,5,0,0,1,0,0,0,1,1,"13,3393","52,46524"
1907,191160,Berlin,1,2019,1,10,4,3,6,7,0,0,1,1,0,0,0,1,"13,37754","52,54226"
1908,191161,Berlin,10,2019,1,6,4,3,2,2,2,0,1,0,0,0,0,1,"13,58742","52,52334"
1909,191162,Berlin,8,2019,1,10,4,3,2,6,0,0,1,0,0,0,0,1,"13,48369","52,42558"
1910,191163,Berlin,6,2019,1,10,4,2,6,2,0,0,1,1,0,0,0,1,"13,34589","52,4362"
1911,191164,Berlin,3,2019,1,10,4,2,2,6,0,0,1,0,0,0,0,1,"13,41357","52,58286"
1912,191165,Berlin,3,2019,1,9,4,3,0,7,0,0,1,0,0,0,0,1,"13,46992","52,56742"
1913,191166,Berlin,5,2019,1,5,4,3,3,6,2,0,1,0,0,1,0,1,"13,27053","52,53671"
1914,191167,Berlin,4,2019,1,16,4,3,5,2,0,0,1,0,0,0,0,1,"13,2964","52,52927"
1915,191168,Berlin,2,2019,1,18,4,3,5,3,2,0,1,0,0,0,0,1,"13,41391","52,50037"
1916,191169,Berlin,1,2019,1,16,3,2,6,4,1,0,1,1,0,0,0,0,"13,34826","52,54238"
1917,191170,Berlin,12,2019,1,18,3,3,2,6,2,0,1,0,0,0,0,1,"13,33037","52,56938"
1918,191171,Berlin,8,2019,1,18,4,3,2,6,2,0,1,0,0,0,0,1,"13,43684","52,45685"
1919,191172,Berlin,2,2019,1,10,3,3,1,5,0,1,1,0,0,0,0,1,"13,44917","52,51302"
1920,191173,Berlin,1,2019,1,10,3,3,6,4,0,1,0,1,0,0,0,1,"13,39073","52,51727"
1921,191174,Berlin,2,2019,1,7,3,3,5,3,2,0,1,0,0,0,0,1,"13,44684","52,50272"
1922,191175,Berlin,2,2019,1,22,3,3,6,2,2,0,1,1,0,0,0,1,"13,39832","52,50715"
1923,191176,Berlin,10,2019,1,19,3,3,6,2,2,0,1,1,0,0,0,1,"13,54885","52,54338"
1924,191177,Berlin,7,2019,1,20,3,3,6,7,2,0,1,1,0,0,0,1,"13,35008","52,49557"
1925,191178,Berlin,12,2019,1,20,3,2,5,3,2,0,1,0,0,0,0,1,"13,3059","52,62059"
1926,191179,Berlin,7,2019,1,20,3,3,6,4,1,0,1,1,0,0,0,1,"13,34252","52,50216"
1927,191180,Berlin,11,2019,1,19,3,3,1,5,2,1,1,0,0,0,0,1,"13,47141","52,52632"
1928,191181,Berlin,5,2019,1,18,3,3,2,7,2,0,1,0,0,0,0,1,"13,19166","52,56778"
1929,191182,Berlin,7,2019,1,18,3,3,2,6,2,0,1,0,0,0,0,1,"13,37509","52,42591"
1930,191183,Berlin,5,2019,1,18,3,2,6,2,2,0,1,1,0,0,0,1,"13,19976","52,53475"
1931,191184,Berlin,4,2019,1,18,3,3,6,2,2,0,1,1,0,0,0,1,"13,31398","52,48092"
1932,191185,Berlin,9,2019,1,18,3,3,2,6,2,0,1,0,0,0,0,1,"13,57414","52,45265"
1933,191186,Berlin,6,2019,1,18,3,3,2,6,2,0,1,0,0,0,0,1,"13,30074","52,43931"
1934,191187,Berlin,6,2019,1,18,3,2,6,2,2,0,1,1,0,0,0,1,"13,32652","52,45962"
1935,191188,Berlin,1,2019,1,18,3,3,5,3,2,0,1,0,0,0,0,1,"13,35069","52,51516"
1936,191189,Berlin,4,2019,1,18,3,3,2,6,2,0,1,0,0,0,0,1,"13,30165","52,48826"
1937,191190,Berlin,8,2019,1,17,3,3,5,3,2,1,1,0,0,0,0,1,"13,45399","52,4692"
1938,191191,Berlin,6,2019,1,15,3,2,6,4,1,0,1,1,0,0,0,1,"13,32749","52,45801"
1939,191192,Berlin,1,2019,1,9,3,3,5,2,0,0,1,0,0,0,1,1,"13,36158","52,54794"
1940,191193,Berlin,2,2019,1,17,3,3,5,3,2,1,1,0,0,0,0,1,"13,46177","52,51878"
1941,191194,Berlin,1,2019,1,17,3,2,0,7,1,0,0,0,1,0,1,1,"13,38011","52,54385"
1942,191195,Berlin,6,2019,1,17,3,2,6,4,2,0,1,1,0,0,0,1,"13,25003","52,42114"
1943,191196,Berlin,4,2019,1,16,3,3,3,6,2,0,1,0,1,0,1,1,"13,30718","52,50502"
1944,191197,Berlin,3,2019,1,16,3,2,6,4,2,0,1,1,0,0,0,1,"13,4463","52,54498"
1945,191198,Berlin,12,2019,1,16,3,3,6,2,2,0,1,1,0,0,0,1,"13,3798","52,57155"
1946,191199,Berlin,1,2019,1,15,3,3,5,3,0,1,1,0,0,0,0,1,"13,40097","52,51837"
1947,191200,Berlin,1,2019,1,14,3,2,5,2,0,1,1,0,0,0,0,1,"13,34302","52,52617"
1948,191201,Berlin,12,2019,1,13,3,2,6,4,0,0,0,1,1,0,0,1,"13,32968","52,60956"
1949,191202,Berlin,11,2019,1,13,3,3,5,3,0,0,1,0,0,0,1,1,"13,51771","52,55646"
1950,191203,Berlin,1,2019,1,11,3,3,3,6,0,0,1,0,1,0,0,1,"13,34317","52,53064"
1951,191204,Berlin,4,2019,1,11,3,3,5,3,0,0,1,0,0,0,0,1,"13,26695","52,51417"
1952,191205,Berlin,4,2019,1,11,3,3,5,3,0,0,1,0,0,0,0,1,"13,28765","52,4757"
1953,191206,Berlin,7,2019,1,12,3,3,0,6,0,0,1,0,0,0,1,1,"13,36116","52,48602"
1954,191207,Berlin,9,2019,1,6,3,3,6,2,2,0,1,1,0,0,0,1,"13,59333","52,44137"
1955,191208,Berlin,4,2019,1,17,3,1,6,2,2,0,1,1,0,0,0,1,"13,28447","52,48676"
1956,191209,Berlin,9,2019,1,17,2,3,2,7,1,0,1,0,0,0,0,0,"13,51693","52,46179"
1957,191210,Berlin,7,2019,1,16,2,3,6,4,1,0,1,1,0,0,0,1,"13,35421","52,49849"
1958,191211,Berlin,10,2019,1,18,2,2,6,4,2,0,1,1,0,0,0,1,"13,58802","52,5205"
1959,191212,Berlin,6,2019,1,19,2,3,1,5,2,0,1,0,0,0,0,1,"13,25022","52,4549"
1960,191213,Berlin,6,2019,1,19,2,3,2,6,2,0,1,0,0,0,0,1,"13,27491","52,46024"
1961,191214,Berlin,1,2019,1,18,2,3,3,6,2,0,1,0,0,0,0,1,"13,35526","52,54853"
1962,191215,Berlin,5,2019,1,21,2,2,9,1,2,0,1,0,0,0,0,1,"13,16636","52,55092"
1963,191216,Berlin,8,2019,1,22,2,3,2,6,2,0,1,0,0,0,0,1,"13,4306","52,48606"
1964,191217,Berlin,1,2019,1,21,2,3,5,2,2,1,0,0,0,0,0,1,"13,34507","52,53902"
1965,191218,Berlin,12,2019,1,20,2,2,6,2,2,0,1,1,0,0,0,1,"13,3604","52,59691"
1966,191219,Berlin,8,2019,1,15,2,3,2,2,0,0,1,0,0,0,0,1,"13,44014","52,48169"
1967,191220,Berlin,3,2019,1,8,2,3,1,5,1,1,0,0,0,0,1,1,"13,48034","52,55312"
1968,191221,Berlin,5,2019,1,7,2,3,2,6,1,0,1,0,0,0,0,1,"13,13455","52,4611"
1969,191222,Berlin,3,2019,1,11,2,3,6,4,0,1,0,1,0,0,0,1,"13,45645","52,53017"
1970,191223,Berlin,12,2019,1,8,2,3,6,2,0,0,1,1,0,0,0,1,"13,31982","52,60693"
1971,191224,Berlin,6,2019,1,17,2,3,2,2,2,0,1,0,0,0,0,1,"13,31525","52,44954"
1972,191225,Berlin,2,2019,1,17,2,3,6,2,2,0,1,1,0,0,0,1,"13,45454","52,50293"
1973,191226,Berlin,1,2019,1,17,2,3,5,2,2,1,1,0,0,0,0,1,"13,3765","52,5101"
1974,191227,Berlin,3,2019,1,17,2,3,5,3,2,1,1,0,0,0,0,1,"13,38977","52,57429"
1975,191228,Berlin,6,2019,1,17,2,3,1,5,2,0,1,0,0,0,0,1,"13,30177","52,44559"
1976,191229,Berlin,4,2019,1,17,2,3,5,2,2,0,1,0,0,0,0,1,"13,31305","52,50061"
1977,191230,Berlin,11,2019,1,16,2,3,3,6,2,1,1,0,0,0,0,1,"13,53214","52,48413"
1978,191231,Berlin,5,2019,1,16,2,3,5,3,1,0,1,0,0,0,0,1,"13,16119","52,5254"
1979,191232,Berlin,1,2019,1,16,2,3,5,2,1,1,1,0,0,0,0,1,"13,37507","52,55382"
1980,191233,Berlin,3,2019,1,10,2,3,5,7,0,0,1,0,0,0,0,1,"13,37198","52,59934"
1981,191234,Berlin,11,2019,1,15,2,3,5,3,0,1,1,0,0,0,0,1,"13,52894","52,48635"
1982,191235,Berlin,6,2019,1,14,2,3,2,2,0,0,1,0,0,0,0,1,"13,26826","52,40649"
1983,191236,Berlin,11,2019,1,10,2,3,5,3,0,0,1,0,0,0,0,1,"13,52573","52,56402"
1984,191237,Berlin,2,2019,1,14,2,3,4,1,0,0,1,0,0,0,0,1,"13,40436","52,48509"
1985,191238,Berlin,2,2019,1,9,2,2,0,1,0,0,0,0,1,0,0,1,"13,45941","52,52041"
1986,191239,Berlin,1,2019,1,12,2,3,2,6,0,0,1,0,0,0,0,1,"13,35444","52,54915"
1987,191240,Berlin,4,2019,1,11,2,3,5,2,0,0,1,0,1,0,0,1,"13,31591","52,48908"
1988,191241,Berlin,4,2019,1,16,2,3,5,2,2,0,1,0,0,0,0,1,"13,30139","52,51917"
1989,191242,Berlin,2,2019,1,9,2,3,5,3,1,1,1,0,0,0,0,1,"13,43024","52,49953"
1990,191243,Berlin,6,2019,1,15,2,3,4,6,0,0,1,0,0,0,0,1,"13,26982","52,43074"
1991,191244,Berlin,12,2019,1,11,2,3,6,2,0,0,1,1,0,0,0,1,"13,31566","52,57787"
1992,191245,Berlin,12,2019,1,15,2,3,2,6,1,0,1,0,0,0,0,1,"13,32343","52,56066"
1993,191246,Berlin,4,2019,1,9,2,3,5,2,0,0,1,0,1,0,0,1,"13,33396","52,50741"
1994,191247,Berlin,1,2019,1,8,2,3,6,4,0,0,1,1,0,0,0,1,"13,39497","52,52882"
1995,191248,Berlin,6,2019,1,8,2,2,5,2,0,0,1,0,0,0,0,1,"13,31779","52,4144"
1996,191249,Berlin,4,2019,1,8,2,3,5,2,1,1,1,0,0,0,0,1,"13,32025","52,5201"
1997,191250,Berlin,1,2019,1,8,2,2,6,4,0,0,1,1,0,0,0,1,"13,37176","52,54012"
1998,191251,Berlin,4,2019,1,7,2,3,6,2,1,0,1,1,0,0,0,1,"13,31762","52,51777"
1999,191252,Berlin,8,2019,1,7,2,2,6,4,2,0,1,1,0,0,0,1,"13,42192","52,44117"
2000,191253,Berlin,5,2019,1,6,2,3,6,2,2,0,1,1,0,0,0,1,"13,21381","52,53182"
2001,191254,Berlin,12,2019,1,6,2,3,5,3,2,0,1,0,1,0,0,1,"13,29749","52,59106"
2002,191255,Berlin,10,2019,1,18,2,3,1,5,2,1,0,0,0,0,1,1,"13,52309","52,53594"
2003,191256,Berlin,2,2019,1,11,2,3,5,3,0,0,1,0,0,0,1,1,"13,39969","52,49841"
2004,191257,Berlin,9,2019,1,13,1,3,1,5,0,1,1,0,0,0,0,0,"13,6301","52,44667"
2005,191258,Berlin,1,2019,1,18,1,3,2,6,2,0,1,0,0,0,0,0,"13,38731","52,53361"
2006,191259,Berlin,5,2019,1,17,1,2,5,3,2,1,1,0,0,0,0,0,"13,24778","52,54721"
2007,191260,Berlin,2,2019,1,16,1,3,2,6,2,0,1,0,0,0,0,0,"13,43432","52,52069"
2008,191261,Berlin,1,2019,1,16,1,3,5,2,2,1,1,0,0,0,0,0,"13,41635","52,51997"
2009,191262,Berlin,6,2019,1,14,1,2,5,3,0,1,1,0,0,0,0,0,"13,26535","52,41675"
2010,191263,Berlin,12,2019,1,3,1,2,6,4,2,0,1,1,0,0,0,0,"13,33908","52,59583"
2011,191264,Berlin,7,2019,1,14,7,3,3,7,0,1,1,0,0,0,0,1,"13,35554","52,48653"
2012,191265,Berlin,1,2019,1,11,7,3,2,6,0,0,1,0,0,0,0,1,"13,36343","52,55659"
2013,191266,Berlin,1,2019,1,9,7,2,4,1,0,0,1,0,0,0,1,1,"13,34022","52,53975"
2014,191267,Berlin,1,2019,1,6,7,3,5,3,2,1,1,0,0,0,0,1,"13,41706","52,51244"
2015,191268,Berlin,8,2019,1,0,7,3,2,2,2,0,1,0,0,1,0,1,"13,4259","52,4782"
2016,191269,Berlin,8,2019,1,21,7,3,6,2,2,0,1,1,0,0,0,1,"13,42603","52,47819"
2017,191270,Berlin,3,2019,1,18,7,3,6,7,2,0,1,1,0,0,0,1,"13,41756","52,53672"
2018,191271,Berlin,10,2019,1,17,7,3,2,6,2,0,1,0,0,0,0,1,"13,51905","52,51698"
2019,191272,Berlin,5,2019,1,17,7,3,2,6,2,0,1,0,0,0,0,1,"13,18484","52,54757"
2020,191273,Berlin,6,2019,1,17,7,3,6,4,2,0,1,1,0,0,0,2,"13,31581","52,44305"
2021,191274,Berlin,10,2019,1,19,6,2,0,1,2,0,0,0,1,0,0,1,"13,57286","52,55039"
2022,191275,Berlin,12,2019,1,12,6,3,5,2,0,1,1,0,0,0,0,0,"13,3621","52,56774"
2023,191276,Berlin,7,2019,1,22,6,3,5,3,2,0,1,0,0,0,0,1,"13,40315","52,46343"
2024,191277,Berlin,5,2019,1,21,6,3,8,1,2,0,1,0,0,0,0,1,"13,12552","52,52797"
2025,191278,Berlin,1,2019,1,21,6,3,3,6,2,0,0,0,1,0,1,1,"13,37632","52,52859"
2026,191279,Berlin,12,2019,1,20,6,2,6,4,2,0,1,1,0,0,0,1,"13,31722","52,56665"
2027,191280,Berlin,2,2019,1,18,6,3,6,4,2,1,0,1,0,0,0,1,"13,46154","52,50862"
2028,191281,Berlin,11,2019,1,13,6,3,5,2,0,1,1,0,0,0,0,1,"13,52641","52,56924"
2029,191282,Berlin,10,2019,1,15,6,3,5,3,0,1,1,0,0,0,0,1,"13,59873","52,52114"
2030,191283,Berlin,4,2019,1,14,6,3,1,5,0,0,1,0,0,0,0,1,"13,30554","52,54783"
2031,191284,Berlin,4,2019,1,15,6,3,5,3,1,1,1,0,0,0,0,1,"13,29402","52,4841"
2032,191285,Berlin,12,2019,1,14,6,3,6,2,0,0,1,1,0,0,0,1,"13,36424","52,56262"
2033,191286,Berlin,2,2019,1,16,6,3,6,4,2,1,0,1,0,0,0,1,"13,44024","52,49918"
2034,191287,Berlin,2,2019,1,13,6,3,0,7,0,0,1,0,1,0,0,1,"13,40854","52,50086"
2035,191288,Berlin,4,2019,1,10,6,3,5,5,0,0,1,0,0,0,0,1,"13,29697","52,50237"
2036,191289,Berlin,4,2019,1,13,6,3,5,5,0,0,1,0,0,1,0,1,"13,28972","52,51899"
2037,191290,Berlin,6,2019,1,14,6,3,2,3,0,0,1,0,0,0,0,1,"13,34665","52,44994"
2038,191291,Berlin,12,2019,1,13,6,3,1,5,0,0,1,0,0,0,0,1,"13,3533","52,56286"
2039,191292,Berlin,11,2019,1,8,6,3,5,3,1,0,1,0,0,0,1,1,"13,49873","52,56841"
2040,191293,Berlin,11,2019,1,5,6,3,5,3,2,1,1,0,0,0,0,1,"13,51161","52,50553"
2041,191294,Berlin,5,2019,1,5,6,3,6,2,2,0,1,1,0,0,0,0,"13,15355","52,55349"
2042,191295,Berlin,8,2019,1,12,6,3,5,3,0,0,1,0,0,0,1,1,"13,44765","52,47611"
2043,191296,Berlin,2,2019,1,11,5,3,0,6,0,0,1,0,0,0,1,0,"13,4229","52,48884"
2044,191297,Berlin,1,2019,1,15,5,3,2,6,0,0,1,0,0,0,0,0,"13,38528","52,55017"
2045,191298,Berlin,5,2019,1,15,5,2,5,2,0,0,1,0,1,0,0,0,"13,20522","52,53582"
2046,191299,Berlin,8,2019,1,22,5,3,5,2,2,0,1,0,0,0,0,0,"13,4469","52,46824"
2047,191300,Berlin,4,2019,1,14,5,2,5,3,0,1,1,0,0,0,0,0,"13,28171","52,47635"
2048,191301,Berlin,9,2019,1,14,5,3,5,3,0,1,1,0,0,0,0,0,"13,57824","52,45712"
2049,191302,Berlin,4,2019,1,14,5,3,5,2,0,0,1,0,0,0,0,1,"13,32487","52,49998"
2050,191303,Berlin,3,2019,1,12,5,2,6,4,0,0,1,1,0,0,0,0,"13,45351","52,53317"
2051,191304,Berlin,9,2019,1,19,5,3,6,4,2,0,1,1,0,0,0,0,"13,62555","52,4577"
2052,191305,Berlin,1,2019,1,13,5,3,5,2,0,0,1,0,1,0,0,1,"13,35121","52,5043"
2053,191306,Berlin,5,2019,1,17,5,2,6,4,2,0,1,1,0,0,0,0,"13,16337","52,5493"
2054,191307,Berlin,3,2019,1,17,5,3,5,2,2,1,1,0,0,0,0,0,"13,46167","52,52938"
2055,191308,Berlin,12,2019,1,21,5,2,0,1,2,0,0,0,1,0,0,0,"13,33431","52,60351"
2056,191309,Berlin,1,2019,1,11,5,3,5,2,0,0,1,0,0,0,0,1,"13,35676","52,53563"
2057,191310,Berlin,7,2019,1,11,5,3,6,7,0,0,1,1,0,0,0,1,"13,34806","52,50045"
2058,191311,Berlin,4,2019,1,10,5,2,5,3,0,1,1,0,0,0,0,0,"13,27256","52,51924"
2059,191312,Berlin,7,2019,1,8,5,3,3,6,0,1,0,0,0,0,1,0,"13,37761","52,4529"
2060,191313,Berlin,8,2019,1,8,5,3,5,3,0,1,1,0,0,0,0,0,"13,47385","52,41352"
2061,191314,Berlin,5,2019,1,6,5,3,5,2,2,0,1,0,0,0,0,0,"13,14158","52,53242"
2062,191315,Berlin,1,2019,1,6,5,3,6,2,2,0,1,1,0,0,0,0,"13,36549","52,5254"
2063,191316,Berlin,8,2019,1,21,4,3,1,5,2,1,1,0,0,0,0,0,"13,43334","52,4666"
2064,191317,Berlin,3,2019,1,18,4,3,0,5,2,0,1,0,1,0,0,1,"13,4309","52,53239"
2065,191318,Berlin,4,2019,1,18,4,3,5,3,2,1,1,0,0,0,0,0,"13,31814","52,51377"
2066,191319,Berlin,2,2019,1,16,4,3,2,6,2,0,1,0,0,0,0,1,"13,44347","52,52521"
2067,191320,Berlin,1,2019,1,14,4,3,3,6,0,0,1,0,0,0,0,0,"13,38881","52,51716"
2068,191321,Berlin,6,2019,1,13,4,3,2,6,0,0,1,0,0,0,0,1,"13,29614","52,44349"
2069,191322,Berlin,8,2019,1,12,4,3,5,3,0,0,1,0,0,0,0,1,"13,43566","52,46919"
2070,191323,Berlin,4,2019,1,12,4,3,6,2,0,0,1,1,0,0,0,0,"13,28117","52,47687"
2071,191324,Berlin,10,2019,1,12,4,3,2,6,0,0,1,0,0,0,1,1,"13,51948","52,52853"
2072,191325,Berlin,4,2019,1,11,4,2,6,4,0,0,0,1,0,0,1,1,"13,3249","52,51002"
2073,191326,Berlin,7,2019,1,10,4,3,5,3,0,0,1,0,0,0,0,1,"13,41074","52,412"
2074,191327,Berlin,6,2019,1,7,4,3,2,7,1,0,1,0,0,0,0,1,"13,26707","52,41043"
2075,191328,Berlin,11,2019,1,13,4,3,4,7,0,0,1,0,0,0,0,0,"13,49982","52,50947"
2076,191329,Berlin,12,2019,1,16,3,3,4,1,2,0,1,0,0,0,0,1,"13,29858","52,63153"
2077,191330,Berlin,7,2019,1,17,3,2,2,6,2,0,1,0,0,0,0,1,"13,32886","52,47162"
2078,191331,Berlin,6,2019,1,17,3,3,6,2,2,0,1,1,0,0,0,1,"13,3423","52,44687"
2079,191332,Berlin,8,2019,1,16,3,3,5,3,2,0,1,0,0,0,0,1,"13,49793","52,41511"
2080,191333,Berlin,5,2019,1,6,3,3,2,6,2,0,1,0,0,0,0,1,"13,23157","52,52773"
2081,191334,Berlin,2,2019,1,5,3,3,5,3,2,0,1,0,0,0,0,1,"13,40526","52,50517"
2082,191335,Berlin,1,2019,1,17,3,3,1,5,2,0,1,0,0,0,0,1,"13,36826","52,5239"
2083,191336,Berlin,1,2019,1,2,3,2,6,4,2,0,1,1,0,0,0,1,"13,4232","52,50922"
2084,191337,Berlin,1,2019,1,3,3,3,6,2,2,0,1,1,0,0,0,1,"13,36624","52,54259"
2085,191338,Berlin,7,2019,1,15,4,3,1,5,0,1,1,0,0,0,0,1,"13,36215","52,48668"
2086,191339,Berlin,2,2019,1,4,3,3,5,2,2,0,1,0,0,0,0,1,"13,44669","52,50272"
2087,191340,Berlin,7,2019,1,0,3,2,6,4,2,0,1,1,0,0,0,1,"13,34488","52,48134"
2088,191341,Berlin,7,2019,1,1,3,2,5,3,2,0,1,0,0,0,1,1,"13,40676","52,39377"
2089,191342,Berlin,1,2019,1,3,3,3,5,3,2,0,1,0,0,0,1,1,"13,38607","52,51537"
2090,191345,Berlin,1,2019,1,15,4,3,2,6,0,0,1,0,0,0,0,1,"13,34334","52,52722"
2091,191353,Berlin,7,2019,1,15,4,3,2,6,0,0,1,0,0,0,0,1,"13,35495","52,45869"
2092,191362,Berlin,5,2019,1,14,4,3,5,3,0,0,1,0,0,0,0,0,"13,24791","52,53751"
2093,191366,Berlin,5,2019,1,14,4,3,5,3,0,0,1,0,0,0,1,1,"13,16494","52,53331"
2094,191369,Berlin,4,2019,1,17,4,2,0,7,2,0,1,0,0,0,0,1,"13,29296","52,53444"
2095,191371,Berlin,3,2019,1,13,4,3,5,3,0,0,1,0,0,0,0,1,"13,38269","52,6297"