,id,city,district,year,month,hour,weekday,injury_level,collision,movement,light_conditions,bicycle,car,pedestrian,motorbike,truck,other_vehicle,road_conditions,longitude,latitude
2096,191372,Berlin,8,2019,1,13,4,3,5,7,0,0,1,0,0,0,0,1,"13,43477","52,4469"
2097,191376,Berlin,2,2019,1,13,4,3,5,7,0,0,1,0,1,0,0,1,"13,38837","52,49622"
2098,191378,Berlin,6,2019,1,12,4,3,5,3,0,0,1,0,0,0,0,1,"13,26273","52,4514"
2099,191381,Berlin,4,2019,1,16,4,3,2,6,1,0,1,0,0,0,0,1,"13,32637","52,53772"
2100,191388,Berlin,3,2019,1,18,4,3,2,2,2,0,1,0,0,0,0,1,"13,43017","52,5885"
2101,191391,Berlin,1,2019,1,18,4,3,5,3,2,0,1,0,0,0,0,1,"13,42674","52,51577"
2102,191400,Berlin,4,2019,1,12,4,3,2,6,0,0,1,0,0,0,0,1,"13,31965","52,50171"
2103,191406,Berlin,11,2019,1,19,6,3,0,1,2,0,1,0,0,0,0,1,"13,47628","52,53295"
2104,191407,Berlin,1,2019,1,17,6,2,1,5,2,1,1,0,0,0,0,1,"13,38254","52,51308"
2105,191408,Berlin,12,2019,1,17,6,3,1,5,2,0,1,0,0,0,0,1,"13,34796","52,56704"
2106,191409,Berlin,1,2019,1,17,6,3,5,3,2,0,1,0,0,0,0,0,"13,40046","52,51002"
2107,191410,Berlin,9,2019,1,16,6,3,0,6,0,0,1,0,0,0,1,0,"13,59929","52,44165"
2108,191411,Berlin,5,2019,1,15,6,2,1,1,0,0,1,0,0,1,0,0,"13,20706","52,52593"
2109,191412,Berlin,6,2019,1,15,6,3,0,1,0,0,0,0,1,0,0,2,"13,22783","52,42097"
2110,191413,Berlin,10,2019,1,14,6,3,2,2,0,0,1,0,0,0,0,0,"13,62076","52,53081"
2111,191414,Berlin,10,2019,1,14,6,3,5,2,0,1,1,0,0,0,0,1,"13,55604","52,52008"
2112,191415,Berlin,4,2019,1,14,6,3,1,5,0,0,1,0,0,0,0,0,"13,30725","52,52327"
2113,191416,Berlin,1,2019,1,13,6,3,5,2,0,0,1,0,0,0,0,0,"13,40256","52,51182"
2114,191417,Berlin,11,2019,1,13,6,3,5,7,0,0,1,0,0,0,1,0,"13,47215","52,53763"
2115,191418,Berlin,5,2019,1,13,6,2,2,6,0,0,1,0,0,0,0,0,"13,20887","52,55264"
2116,191419,Berlin,1,2019,1,12,6,3,5,2,0,1,0,0,0,1,0,0,"13,36751","52,526"
2117,191420,Berlin,2,2019,1,0,6,3,5,3,2,1,1,0,0,0,0,1,"13,42215","52,49895"
2118,191421,Berlin,11,2019,1,6,6,3,6,4,2,0,1,1,0,0,0,1,"13,46936","52,50239"
2119,191422,Berlin,10,2019,1,6,6,3,6,2,2,0,1,1,0,0,0,1,"13,58396","52,52435"
2120,191423,Berlin,3,2019,1,7,6,3,5,3,1,1,1,0,0,0,0,2,"13,40753","52,61366"
2121,191424,Berlin,7,2019,1,7,6,3,6,2,1,0,1,1,0,0,0,1,"13,34301","52,49046"
2122,191425,Berlin,2,2019,1,7,6,2,6,4,1,0,1,1,0,0,0,1,"13,43357","52,52318"
2123,191426,Berlin,7,2019,1,8,6,3,6,2,0,0,1,1,0,0,0,1,"13,33554","52,47166"
2124,191427,Berlin,1,2019,1,8,6,3,6,4,0,1,0,1,0,0,0,1,"13,41788","52,51459"
2125,191428,Berlin,7,2019,1,8,6,3,1,5,0,1,1,0,0,0,0,0,"13,35166","52,49206"
2126,191429,Berlin,10,2019,1,9,6,3,5,2,0,0,1,0,0,0,0,1,"13,56387","52,51885"
2127,191430,Berlin,1,2019,1,11,6,3,2,7,0,0,1,0,0,0,0,0,"13,39885","52,50822"
2128,191431,Berlin,8,2019,1,10,6,3,2,6,0,0,1,0,0,0,1,1,"13,46626","52,42887"
2129,191432,Berlin,12,2019,1,12,6,3,5,3,0,0,1,0,0,0,1,0,"13,29324","52,55413"
2130,191433,Berlin,1,2019,1,10,1,3,5,3,0,0,1,0,0,0,0,0,"13,36803","52,50582"
2131,191434,Berlin,2,2019,1,10,6,3,1,7,0,0,1,0,0,0,0,0,"13,44107","52,5136"
2132,191435,Berlin,1,2019,1,7,5,3,5,2,2,1,1,0,0,0,0,1,"13,34434","52,53833"
2133,191436,Berlin,1,2019,1,5,5,3,5,2,2,0,1,0,0,0,0,1,"13,35685","52,52375"
2134,191437,Berlin,4,2019,1,21,5,3,6,2,2,0,1,1,0,0,0,1,"13,30735","52,50449"
2135,191438,Berlin,9,2019,1,20,5,2,3,6,2,1,1,0,0,0,0,1,"13,58678","52,42426"
2136,191439,Berlin,7,2019,1,19,5,3,6,7,2,0,1,1,0,0,0,1,"13,32926","52,46577"
2137,191440,Berlin,10,2019,1,19,5,3,6,3,2,0,1,1,0,0,0,1,"13,56859","52,56958"
2138,191441,Berlin,11,2019,1,18,5,2,6,2,2,0,1,1,0,0,0,1,"13,52083","52,56854"
2139,191442,Berlin,3,2019,1,18,7,3,4,6,2,0,1,0,0,0,0,1,"13,49555","52,64071"
2140,191443,Berlin,1,2019,1,19,5,3,2,6,2,0,1,0,0,0,0,1,"13,36389","52,55642"
2141,191444,Berlin,1,2019,1,18,5,3,5,3,1,1,1,0,0,0,0,1,"13,38148","52,55625"
2142,191445,Berlin,2,2019,1,18,5,3,5,2,2,1,1,0,0,0,0,1,"13,38659","52,50543"
2143,191446,Berlin,8,2019,1,18,5,3,5,7,2,0,1,0,1,0,0,1,"13,44389","52,46792"
2144,191447,Berlin,9,2019,1,18,5,2,6,2,2,0,1,1,0,0,0,1,"13,49138","52,46916"
2145,191448,Berlin,1,2019,1,18,5,3,3,6,2,1,1,0,0,0,0,1,"13,38535","52,52019"
2146,191449,Berlin,2,2019,1,18,5,2,0,2,2,0,1,0,0,0,1,1,"13,44085","52,52427"
2147,191450,Berlin,4,2019,1,13,5,3,6,2,0,0,1,1,0,0,0,0,"13,30496","52,51294"
2148,191451,Berlin,1,2019,1,11,5,2,6,4,0,0,0,1,0,0,1,0,"13,38288","52,53053"
2149,191452,Berlin,6,2019,1,12,5,3,1,5,0,1,1,0,0,0,0,0,"13,34186","52,43487"
2150,191453,Berlin,4,2019,1,14,5,2,5,7,0,0,1,0,0,0,0,0,"13,33069","52,49851"
2151,191454,Berlin,4,2019,1,18,7,3,1,5,2,1,1,0,0,0,1,0,"13,28906","52,49513"
2152,191455,Berlin,6,2019,1,14,5,2,2,3,0,1,1,0,0,0,0,0,"13,26717","52,41029"
2153,191456,Berlin,1,2019,1,15,5,3,1,5,0,1,1,0,0,0,0,1,"13,32721","52,52755"
2154,191457,Berlin,7,2019,1,15,5,3,5,2,0,0,1,0,1,0,0,0,"13,36196","52,44725"
2155,191458,Berlin,7,2019,1,14,1,2,6,2,0,0,1,1,0,0,0,0,"13,39546","52,38667"
2156,191459,Berlin,4,2019,1,16,5,2,6,2,0,0,1,1,0,0,0,0,"13,32239","52,48631"
2157,191460,Berlin,7,2019,1,16,5,3,0,2,1,0,1,0,0,0,1,0,"13,37326","52,42478"
2158,191461,Berlin,4,2019,1,17,5,3,2,1,1,0,1,0,0,0,0,1,"13,33824","52,49954"
2159,191462,Berlin,4,2019,1,17,5,3,1,5,1,0,1,0,0,0,0,1,"13,27777","52,47797"
2160,191463,Berlin,9,2019,1,17,5,2,2,6,1,0,1,0,1,0,0,1,"13,52247","52,42667"
2161,191464,Berlin,8,2019,1,17,5,3,8,1,1,0,1,0,0,0,0,1,"13,45245","52,45258"
2162,191465,Berlin,11,2019,1,10,5,2,9,1,0,0,1,0,0,0,0,0,"13,55605","52,57143"
2163,191466,Berlin,8,2019,1,22,4,2,1,1,2,0,1,0,0,0,1,0,"13,48087","52,41677"
2164,191467,Berlin,1,2019,1,21,4,2,6,4,2,1,0,1,0,0,0,0,"13,37731","52,54378"
2165,191468,Berlin,1,2019,1,21,4,3,1,5,2,1,1,0,0,0,0,0,"13,40876","52,52793"
2166,191469,Berlin,3,2019,1,21,4,3,5,3,2,1,1,0,0,0,0,0,"13,42809","52,55217"
2167,191470,Berlin,1,2019,1,17,4,3,2,6,2,0,1,0,0,0,0,0,"13,37203","52,52727"
2168,191471,Berlin,5,2019,1,14,4,3,2,6,0,0,1,0,0,0,1,0,"13,22824","52,52828"
2169,191472,Berlin,11,2019,1,15,4,3,5,2,0,0,1,0,0,0,0,0,"13,47939","52,51626"
2170,191473,Berlin,12,2019,1,14,4,3,2,3,0,1,1,0,0,0,0,0,"13,23102","52,61032"
2171,191474,Berlin,4,2019,1,13,4,3,5,3,0,0,1,0,0,0,0,0,"13,28146","52,51158"
2172,191475,Berlin,5,2019,1,13,4,3,5,3,0,0,1,0,0,0,1,0,"13,18727","52,52268"
2173,191476,Berlin,4,2019,1,11,4,3,6,4,0,0,1,1,0,0,0,1,"13,32395","52,51642"
2174,191477,Berlin,8,2019,1,10,4,3,6,4,0,0,1,1,0,0,0,1,"13,42639","52,46578"
2175,191478,Berlin,3,2019,1,7,4,3,5,3,1,1,1,0,0,0,0,1,"13,42493","52,54701"
2176,191479,Berlin,7,2019,1,12,4,3,6,2,0,0,1,1,0,0,0,0,"13,35155","52,41579"
2177,191480,Berlin,6,2019,1,9,4,3,6,2,0,0,0,1,1,0,0,1,"13,27621","52,43351"
2178,191481,Berlin,11,2019,1,7,4,3,5,2,1,0,1,0,0,1,0,1,"13,51507","52,54634"
2179,191482,Berlin,7,2019,1,17,7,3,5,2,2,1,0,0,0,0,1,0,"13,39259","52,41269"
2180,191483,Berlin,3,2019,1,7,4,3,6,4,1,0,1,1,0,0,0,1,"13,43548","52,54542"
2181,191484,Berlin,10,2019,1,7,4,3,5,3,1,1,1,0,0,0,0,1,"13,61565","52,53177"
2182,191485,Berlin,12,2019,1,8,4,3,5,2,0,0,1,0,0,0,0,1,"13,36084","52,57036"
2183,191486,Berlin,4,2019,1,9,4,3,5,3,0,0,1,0,0,0,0,1,"13,31983","52,46881"
2184,191487,Berlin,8,2019,1,15,4,3,6,2,0,0,0,1,0,0,1,0,"13,42682","52,48739"
2185,191488,Berlin,1,2019,1,12,3,3,5,2,0,1,1,0,0,0,0,0,"13,39126","52,55517"
2186,191489,Berlin,1,2019,1,22,3,2,0,1,2,0,0,0,1,0,0,1,"13,38808","52,52136"
2187,191490,Berlin,5,2019,1,18,3,3,6,2,2,0,1,1,0,0,0,1,"13,2092","52,56538"
2188,191491,Berlin,5,2019,1,17,3,3,9,1,2,0,1,0,0,0,0,1,"13,16742","52,51909"
2189,191492,Berlin,10,2019,1,12,3,3,2,2,0,0,1,0,0,0,0,1,"13,51928","52,53063"
2190,191493,Berlin,4,2019,1,20,3,3,0,3,2,0,0,0,1,0,1,1,"13,25795","52,51804"
2191,191494,Berlin,7,2019,1,17,7,3,5,2,1,0,1,0,0,0,0,0,"13,39417","52,42666"
2192,191495,Berlin,7,2019,1,20,3,3,5,3,2,0,1,0,0,0,1,0,"13,37499","52,43642"
2193,191496,Berlin,4,2019,1,16,3,3,0,1,2,0,0,0,1,0,0,1,"13,23367","52,50839"
2194,191497,Berlin,10,2019,1,16,3,2,6,2,2,0,1,1,0,0,0,1,"13,56989","52,54083"
2195,191498,Berlin,12,2019,1,16,3,3,0,5,0,0,1,0,1,0,0,1,"13,29921","52,5709"
2196,191499,Berlin,4,2019,1,14,3,3,2,2,0,0,0,0,0,1,1,1,"13,33086","52,50063"
2197,191500,Berlin,5,2019,1,14,3,3,0,2,0,0,1,0,0,0,1,1,"13,26291","52,54064"
2198,191501,Berlin,12,2019,1,14,3,3,1,5,0,0,1,0,0,0,0,1,"13,28153","52,5924"
2199,191502,Berlin,3,2019,1,13,3,3,5,3,0,0,1,0,0,0,0,1,"13,44924","52,52873"
2200,191503,Berlin,8,2019,1,10,3,3,0,7,0,0,1,0,0,0,0,1,"13,43544","52,48089"
2201,191504,Berlin,2,2019,1,10,3,3,5,3,1,1,1,0,0,0,0,1,"13,4644","52,5099"
2202,191505,Berlin,3,2019,1,10,3,3,1,5,0,1,1,0,0,0,0,1,"13,43673","52,55447"
2203,191506,Berlin,3,2019,1,9,3,3,5,3,0,0,1,0,0,0,0,1,"13,42206","52,57352"
2204,191507,Berlin,1,2019,1,5,3,3,5,2,2,0,0,0,0,0,1,0,"13,41174","52,52397"
2205,191508,Berlin,2,2019,1,22,3,3,6,3,2,0,1,1,0,0,0,1,"13,44524","52,50479"
2206,191509,Berlin,3,2019,1,17,3,3,2,2,1,0,1,0,0,1,0,1,"13,43472","52,54276"
2207,191510,Berlin,6,2019,1,17,3,3,6,4,1,0,1,1,0,0,0,1,"13,32094","52,43506"
2208,191511,Berlin,12,2019,1,17,3,2,6,4,1,0,1,1,0,0,0,1,"13,35487","52,59663"
2209,191512,Berlin,8,2019,1,15,3,3,6,4,0,0,1,1,0,0,0,1,"13,45506","52,47276"
2210,191513,Berlin,4,2019,1,17,3,2,5,2,1,0,1,0,0,0,0,1,"13,28134","52,51283"
2211,191514,Berlin,5,2019,1,17,3,3,6,2,2,0,1,1,0,0,0,1,"13,16548","52,55108"
2212,191515,Berlin,1,2019,1,18,3,3,6,7,1,0,1,1,0,0,0,1,"13,39423","52,50787"
2213,191516,Berlin,4,2019,1,18,3,3,6,7,1,0,1,1,0,0,0,1,"13,33042","52,50531"
2214,191517,Berlin,5,2019,1,19,3,3,4,1,2,0,1,0,0,0,0,1,"13,2362","52,55016"
2215,191518,Berlin,1,2019,1,22,3,3,6,2,2,0,1,1,0,0,0,1,"13,38424","52,50991"
2216,191519,Berlin,8,2019,1,23,3,3,6,4,2,0,1,1,0,0,0,1,"13,43985","52,48157"
2217,191520,Berlin,9,2019,1,23,3,3,5,2,2,1,1,0,0,0,0,1,"13,54527","52,4257"
2218,191521,Berlin,1,2019,1,22,2,3,0,7,2,0,1,0,0,0,0,0,"13,34333","52,5342"
2219,191522,Berlin,1,2019,1,21,2,3,5,2,2,1,1,0,0,0,0,0,"13,35114","52,50963"
2220,191523,Berlin,4,2019,1,17,2,3,6,7,2,0,1,1,0,0,0,0,"13,30405","52,49936"
2221,191524,Berlin,8,2019,1,6,2,3,5,3,2,0,1,0,0,0,0,1,"13,4778","52,41778"
2222,191525,Berlin,12,2019,1,7,2,3,5,3,0,0,1,0,0,0,1,1,"13,3333","52,5789"
2223,191526,Berlin,7,2019,1,8,2,3,6,4,0,0,0,1,0,1,0,1,"13,38296","52,41114"
2224,191527,Berlin,1,2019,1,9,2,3,6,4,0,1,0,1,0,0,0,1,"13,3532","52,51637"
2225,191528,Berlin,7,2019,1,9,2,2,5,2,0,0,1,0,0,0,1,0,"13,40106","52,41457"
2226,191529,Berlin,6,2019,1,18,2,2,6,2,2,0,1,1,0,0,0,0,"13,34652","52,43086"
2227,191530,Berlin,4,2019,1,17,2,3,2,6,2,0,1,0,0,0,0,1,"13,33585","52,49936"
2228,191531,Berlin,7,2019,1,17,2,3,5,3,2,0,1,0,0,0,0,0,"13,38053","52,44287"
2229,191532,Berlin,3,2019,1,17,2,3,6,4,2,0,1,1,0,0,0,1,"13,43515","52,54321"
2230,191533,Berlin,1,2019,1,20,2,3,6,7,2,0,1,1,0,0,0,0,"13,40444","52,5213"
2231,191534,Berlin,8,2019,1,17,2,3,6,4,2,0,1,1,0,0,0,1,"13,45135","52,47199"
2232,191535,Berlin,7,2019,1,16,2,3,6,4,2,0,1,1,0,0,0,1,"13,37813","52,46863"
2233,191536,Berlin,4,2019,1,16,7,2,5,2,1,0,1,0,0,0,0,0,"13,28688","52,51297"
2234,191537,Berlin,9,2019,1,16,2,3,6,4,0,0,1,1,0,0,0,2,"13,57805","52,4571"
2235,191538,Berlin,9,2019,1,16,2,3,5,3,0,0,1,0,0,0,0,1,"13,55309","52,434"
2236,191539,Berlin,7,2019,1,16,2,2,6,4,2,0,1,1,0,0,0,0,"13,38248","52,44546"
2237,191540,Berlin,10,2019,1,14,2,3,5,3,0,0,1,0,0,0,0,1,"13,53974","52,53982"
2238,191541,Berlin,4,2019,1,15,2,3,6,4,0,0,1,1,0,0,0,0,"13,25752","52,50454"
2239,191542,Berlin,3,2019,1,14,2,3,5,2,0,0,1,0,0,0,0,1,"13,50031","52,63276"
2240,191543,Berlin,2,2019,1,13,2,3,0,6,0,0,1,0,1,0,0,1,"13,42874","52,50713"
2241,191544,Berlin,5,2019,1,13,2,3,5,2,0,0,1,0,0,0,0,0,"13,19855","52,54289"
2242,191545,Berlin,1,2019,1,14,7,2,0,3,0,0,1,0,0,0,1,0,"13,4096","52,52265"
2243,191546,Berlin,8,2019,1,13,2,2,5,3,0,0,1,0,1,0,0,0,"13,43271","52,47839"
2244,191547,Berlin,7,2019,1,11,2,3,5,2,0,1,1,0,0,0,0,0,"13,40943","52,38728"
2245,191548,Berlin,6,2019,1,13,7,3,2,1,0,0,1,0,0,0,0,0,"13,35526","52,42782"
2246,191549,Berlin,7,2019,1,11,2,3,5,2,0,0,1,0,0,0,1,0,"13,35975","52,47536"
2247,191550,Berlin,5,2019,1,7,2,3,0,5,1,0,1,0,0,0,0,0,"13,20169","52,51775"
2248,191551,Berlin,3,2019,1,10,2,3,6,4,0,0,1,1,0,0,0,1,"13,45274","52,5486"
2249,191552,Berlin,12,2019,1,15,1,3,5,3,1,0,1,0,0,0,0,1,"13,33226","52,6102"
2250,191553,Berlin,1,2019,1,22,1,3,5,3,2,1,0,0,0,0,1,1,"13,4239","52,52382"
2251,191554,Berlin,11,2019,1,20,1,2,5,2,2,0,1,0,0,0,0,1,"13,48513","52,51589"
2252,191555,Berlin,3,2019,1,19,1,3,5,3,2,0,1,0,0,0,1,1,"13,38466","52,5912"
2253,191556,Berlin,8,2019,1,18,1,2,6,4,2,0,1,1,0,0,1,1,"13,45581","52,47389"
2254,191557,Berlin,4,2019,1,17,1,3,6,2,2,0,1,1,0,0,0,1,"13,3041","52,50366"
2255,191558,Berlin,10,2019,1,17,1,3,2,6,2,0,1,0,0,0,0,1,"13,5874","52,52318"
2256,191559,Berlin,12,2019,1,16,1,2,6,2,2,0,1,1,0,0,0,1,"13,33284","52,59542"
2257,191560,Berlin,5,2019,1,13,1,3,2,6,0,0,1,0,0,0,0,1,"13,15181","52,55368"
2258,191561,Berlin,1,2019,1,14,1,3,5,5,0,1,1,0,0,0,0,1,"13,36614","52,51029"
2259,191562,Berlin,2,2019,1,3,1,3,5,3,2,0,1,0,0,0,0,1,"13,40276","52,49394"
2260,191563,Berlin,8,2019,1,3,1,3,5,7,2,0,1,0,0,0,0,1,"13,47786","52,44216"
2261,191564,Berlin,6,2019,1,7,1,3,6,2,2,0,1,1,0,0,0,1,"13,29861","52,422"
2262,191565,Berlin,1,2019,1,7,1,3,2,2,2,0,1,0,0,0,0,1,"13,35922","52,54636"
2263,191566,Berlin,5,2019,1,11,1,2,1,1,0,0,1,0,1,0,0,1,"13,24709","52,52462"
2264,191567,Berlin,11,2019,1,12,1,3,5,3,0,0,1,0,0,0,0,1,"13,52284","52,48491"
2265,191568,Berlin,4,2019,1,1,1,3,5,3,2,0,1,0,0,0,1,1,"13,30794","52,48846"
2266,191569,Berlin,9,2019,1,9,7,3,6,2,0,0,1,1,0,0,0,0,"13,53712","52,45275"
2267,191570,Berlin,7,2019,1,11,7,3,2,2,0,0,1,0,0,0,0,1,"13,3513","52,49996"
2268,191571,Berlin,8,2019,1,17,7,3,6,2,1,0,1,1,0,0,0,1,"13,417","52,41821"
2269,191572,Berlin,7,2019,1,18,7,3,5,3,2,0,1,0,0,0,0,1,"13,40319","52,46343"
2270,191573,Berlin,10,2019,1,18,7,3,6,2,2,0,1,1,0,0,0,1,"13,60376","52,5466"
2271,191574,Berlin,7,2019,1,18,7,3,6,2,2,0,1,1,0,0,0,1,"13,34599","52,49695"
2272,191575,Berlin,7,2019,1,17,7,3,3,5,2,0,1,0,0,0,0,1,"13,36066","52,41272"
2273,191576,Berlin,4,2019,1,17,7,3,6,2,2,0,1,1,0,0,0,1,"13,31814","52,51094"
2274,191577,Berlin,7,2019,1,17,7,3,6,2,2,0,1,1,0,0,0,1,"13,34599","52,49696"
2275,191578,Berlin,5,2019,1,16,7,3,2,6,1,0,1,0,0,0,0,1,"13,1985","52,53321"
2276,191579,Berlin,1,2019,1,15,7,3,2,6,1,0,1,0,0,0,0,1,"13,38571","52,54991"
2277,191580,Berlin,1,2019,1,14,7,3,5,3,0,0,1,0,0,0,0,1,"13,39198","52,5095"
2278,191581,Berlin,3,2019,1,11,7,3,5,3,0,0,1,0,0,0,0,1,"13,39805","52,58491"
2279,191582,Berlin,5,2019,1,11,7,3,2,6,0,0,1,0,0,0,1,1,"13,19865","52,53342"
2280,191583,Berlin,8,2019,1,20,7,3,6,4,2,0,1,1,0,0,0,1,"13,46599","52,42896"
2281,191584,Berlin,1,2019,1,21,7,3,2,1,2,0,1,0,0,0,0,1,"13,3934","52,56455"
2282,191585,Berlin,11,2019,1,23,7,3,6,4,2,0,1,1,0,0,0,1,"13,52583","52,48292"
2283,191586,Berlin,1,2019,1,23,7,2,0,4,2,0,0,1,1,0,0,1,"13,34141","52,52554"
2284,191587,Berlin,9,2019,1,13,6,3,0,3,0,0,1,0,0,0,1,0,"13,57603","52,44626"
2285,191588,Berlin,10,2019,1,19,7,3,6,2,2,0,1,1,0,0,0,1,"13,57129","52,54577"
2286,191589,Berlin,1,2019,1,19,7,3,8,1,2,0,0,0,1,0,0,1,"13,41677","52,51938"
2287,191590,Berlin,11,2019,1,17,7,2,0,7,2,1,0,0,0,0,0,1,"13,50942","52,54667"
2288,191591,Berlin,4,2019,1,13,7,3,0,1,0,0,0,0,1,0,0,1,"13,26542","52,48327"
2289,191592,Berlin,6,2019,1,18,7,1,6,4,2,0,1,1,0,0,1,1,"13,26729","52,40956"
2290,191593,Berlin,6,2019,1,17,6,3,0,7,1,0,1,0,1,0,0,1,"13,34728","52,45958"
2291,191594,Berlin,5,2019,1,18,6,3,5,5,2,0,1,0,1,0,0,1,"13,19761","52,52344"
2292,191595,Berlin,6,2019,1,17,6,3,0,4,1,0,1,1,0,0,0,1,"13,35319","52,43319"
2293,191596,Berlin,2,2019,1,15,6,3,4,6,0,1,1,0,0,0,0,1,"13,44742","52,51934"
2294,191597,Berlin,4,2019,1,20,6,2,5,3,2,0,1,0,0,0,0,1,"13,32099","52,513"
2295,191598,Berlin,3,2019,1,18,7,3,0,1,2,0,0,0,1,0,0,1,"13,43941","52,54763"
2296,191599,Berlin,8,2019,1,19,6,3,5,3,2,0,1,0,0,0,0,1,"13,42548","52,49334"
2297,191600,Berlin,2,2019,1,19,6,3,1,5,2,1,1,0,0,0,0,1,"13,38823","52,50658"
2298,191601,Berlin,4,2019,1,17,6,2,6,2,2,0,1,1,0,0,0,1,"13,29053","52,47532"
2299,191602,Berlin,4,2019,1,17,6,3,6,2,2,0,0,1,0,0,1,1,"13,30713","52,50016"
2300,191603,Berlin,10,2019,1,16,6,3,6,2,2,0,1,1,0,0,0,1,"13,58086","52,50311"
2301,191604,Berlin,1,2019,1,15,6,3,5,3,1,1,1,0,0,0,0,1,"13,38672","52,51973"
2302,191605,Berlin,12,2019,1,15,6,3,2,6,0,0,1,0,0,0,0,1,"13,28581","52,58762"
2303,191606,Berlin,2,2019,1,14,6,2,6,4,0,1,0,1,0,0,0,1,"13,46369","52,51304"
2304,191607,Berlin,4,2019,1,14,6,3,5,2,0,1,1,0,0,0,0,1,"13,31326","52,50214"
2305,191608,Berlin,9,2019,1,14,6,3,5,3,0,0,1,0,0,0,0,1,"13,53271","52,42878"
2306,191609,Berlin,12,2019,1,9,1,3,1,5,0,0,1,0,0,0,1,0,"13,30381","52,60083"
2307,191610,Berlin,2,2019,1,14,6,3,5,7,0,1,1,0,0,0,0,1,"13,40802","52,49995"
2308,191611,Berlin,11,2019,1,2,7,2,5,3,2,0,1,0,0,0,1,0,"13,52699","52,48654"
2309,191612,Berlin,4,2019,1,13,6,3,6,3,0,0,1,1,0,0,0,1,"13,25994","52,51608"
2310,191613,Berlin,11,2019,1,13,6,3,5,3,0,1,1,0,0,0,0,1,"13,52497","52,49546"
2311,191614,Berlin,7,2019,1,11,6,3,6,4,0,0,1,1,0,0,0,1,"13,34299","52,48555"
2312,191615,Berlin,5,2019,1,13,1,3,5,2,0,0,1,0,0,0,0,0,"13,20627","52,54287"
2313,191616,Berlin,7,2019,1,11,6,3,5,3,0,0,1,0,0,0,0,1,"13,36619","52,49527"
2314,191617,Berlin,7,2019,1,10,6,3,5,2,0,0,1,0,0,0,0,1,"13,37754","52,46487"
2315,191618,Berlin,11,2019,1,13,7,3,2,6,0,0,1,0,0,0,0,1,"13,51","52,50329"
2316,191619,Berlin,7,2019,1,10,6,3,5,3,0,1,1,0,0,0,0,1,"13,36264","52,49411"
2317,191620,Berlin,12,2019,1,10,6,2,5,7,0,0,1,1,0,0,0,1,"13,28241","52,5908"
2318,191621,Berlin,4,2019,1,9,6,3,2,6,0,0,1,0,0,0,0,1,"13,29807","52,51964"
2319,191622,Berlin,3,2019,1,8,6,3,0,7,0,1,0,0,0,0,0,1,"13,46166","52,53072"
2320,191623,Berlin,10,2019,1,8,6,3,6,4,0,0,1,1,0,0,0,1,"13,60102","52,47995"
2321,191624,Berlin,9,2019,1,8,6,3,1,5,1,0,1,0,0,0,0,1,"13,5295","52,41931"
2322,191625,Berlin,2,2019,1,14,6,2,0,3,0,0,1,0,0,0,1,1,"13,42974","52,49827"
2323,191626,Berlin,12,2019,1,0,7,3,6,4,2,0,1,1,0,0,0,2,"13,33425","52,57047"
2324,191627,Berlin,9,2019,1,7,6,3,5,2,2,1,1,0,0,0,0,1,"13,59348","52,45295"
2325,191628,Berlin,9,2019,1,13,6,3,2,7,0,0,1,0,0,0,1,1,"13,58238","52,44247"
2326,191629,Berlin,7,2019,1,17,5,3,1,7,1,0,1,0,0,0,0,0,"13,35649","52,41189"
2327,191630,Berlin,7,2019,1,15,5,3,1,5,0,1,1,0,0,0,0,1,"13,39342","52,39791"
2328,191631,Berlin,5,2019,1,9,5,2,4,7,0,0,1,0,0,0,1,0,"13,19718","52,51509"
2329,191632,Berlin,5,2019,1,8,5,3,5,3,0,1,1,0,0,0,0,0,"13,15381","52,45987"
2330,191633,Berlin,8,2019,1,8,5,2,0,7,0,0,1,0,0,0,1,1,"13,42959","52,48074"
2331,191634,Berlin,7,2019,1,7,5,2,6,4,0,0,1,1,0,0,0,1,"13,32153","52,47162"
2332,191635,Berlin,5,2019,1,7,7,3,2,6,1,0,1,0,0,0,0,0,"13,1967","52,52592"
2333,191636,Berlin,11,2019,1,7,5,2,6,4,1,0,1,1,0,0,0,1,"13,5016","52,56602"
2334,191637,Berlin,7,2019,1,7,5,3,6,2,2,0,1,1,0,0,0,1,"13,3921","52,43993"
2335,191638,Berlin,1,2019,1,7,5,2,6,4,2,0,1,1,0,0,0,1,"13,37757","52,55625"
2336,191639,Berlin,1,2019,1,13,7,3,0,7,0,0,1,0,0,0,1,0,"13,39109","52,5149"
2337,191640,Berlin,11,2019,1,16,5,2,0,6,2,0,1,0,0,0,1,0,"13,50542","52,57297"
2338,191641,Berlin,8,2019,1,19,5,3,5,3,2,0,1,0,0,0,0,0,"13,42895","52,45546"
2339,191642,Berlin,9,2019,1,15,7,2,6,2,0,0,1,1,0,0,0,0,"13,5932","52,45329"
2340,191643,Berlin,11,2019,1,19,5,3,4,5,2,0,1,0,0,0,0,0,"13,4882","52,51841"
2341,191644,Berlin,2,2019,1,13,7,3,5,2,0,1,1,0,0,0,0,0,"13,45999","52,50899"
2342,191645,Berlin,7,2019,1,10,7,2,5,3,0,0,1,0,0,0,0,0,"13,41242","52,3909"
2343,191646,Berlin,3,2019,1,16,5,3,2,6,1,0,1,0,0,0,1,0,"13,44531","52,5651"
2344,191647,Berlin,2,2019,1,16,5,3,5,3,2,1,1,0,0,0,0,0,"13,43781","52,51019"
2345,191648,Berlin,8,2019,1,14,5,3,1,5,0,0,1,0,0,0,0,0,"13,51203","52,41184"
2346,191649,Berlin,12,2019,1,9,7,3,2,6,0,0,1,0,0,1,0,1,"13,32664","52,56274"
2347,191650,Berlin,4,2019,1,14,5,3,1,5,0,1,1,0,0,0,0,1,"13,32713","52,50084"
2348,191651,Berlin,11,2019,1,9,7,3,4,6,0,1,1,0,0,0,1,0,"13,51722","52,49068"
2349,191652,Berlin,1,2019,1,14,5,3,2,6,0,0,1,0,0,0,0,0,"13,37846","52,55618"
2350,191653,Berlin,7,2019,1,14,5,3,6,4,0,1,0,1,0,0,0,0,"13,34318","52,47977"
2351,191654,Berlin,12,2019,1,20,7,2,6,2,2,0,1,1,0,0,0,0,"13,32645","52,59215"
2352,191655,Berlin,8,2019,1,13,5,3,5,3,0,1,1,0,0,0,0,0,"13,44165","52,47042"
2353,191656,Berlin,8,2019,1,13,5,3,5,3,0,0,1,0,0,0,0,0,"13,45243","52,43867"