,id,city,district,year,month,hour,weekday,injury_level,collision,movement,light_conditions,bicycle,car,pedestrian,motorbike,truck,other_vehicle,road_conditions,longitude,latitude
2354,191657,Berlin,2,2019,1,12,5,3,1,5,0,1,1,0,0,0,0,0,"13,47315","52,51525"
2355,191658,Berlin,12,2019,1,12,5,3,2,2,0,0,1,0,0,0,0,0,"13,34143","52,57529"
2356,191659,Berlin,7,2019,1,10,5,3,5,2,0,0,1,0,0,0,0,0,"13,34515","52,48591"
2357,191660,Berlin,3,2019,1,16,5,3,6,7,2,1,0,1,0,0,0,0,"13,41595","52,55029"
2358,191661,Berlin,12,2019,1,21,6,3,2,6,2,0,1,0,0,0,0,1,"13,29598","52,54897"
2359,191662,Berlin,10,2019,1,14,5,2,6,4,0,0,0,1,0,0,1,0,"13,57194","52,54632"
2360,191663,Berlin,10,2019,1,16,5,2,5,2,1,1,1,0,0,0,0,0,"13,59885","52,52106"
2361,191664,Berlin,12,2019,1,20,6,2,6,2,2,0,1,1,0,0,0,1,"13,3068","52,55514"
2362,191665,Berlin,2,2019,1,22,5,2,6,4,2,0,1,1,0,0,0,0,"13,42232","52,4928"
2363,191666,Berlin,3,2019,1,20,5,3,5,3,2,1,1,0,0,0,0,0,"13,42255","52,55986"
2364,191667,Berlin,8,2019,1,11,4,3,2,6,0,0,0,0,0,1,1,1,"13,4464","52,45247"
2365,191668,Berlin,6,2019,1,17,4,3,2,6,1,0,1,0,0,0,0,1,"13,34404","52,45032"
2366,191669,Berlin,2,2019,1,20,4,3,5,3,2,0,1,0,1,0,0,1,"13,39439","52,49138"
2367,191670,Berlin,1,2019,1,20,4,3,2,6,2,0,1,0,0,0,0,1,"13,4124","52,52409"
2368,191671,Berlin,6,2019,1,19,4,3,5,3,2,1,1,0,0,0,0,1,"13,33689","52,44361"
2369,191672,Berlin,4,2019,1,10,4,3,1,5,1,1,1,0,0,0,0,1,"13,32555","52,50447"
2370,191673,Berlin,1,2019,1,20,7,3,2,6,2,0,1,0,0,0,0,0,"13,37731","52,55659"
2371,191674,Berlin,2,2019,1,8,4,3,3,6,0,1,0,0,0,0,1,1,"13,46709","52,50941"
2372,191675,Berlin,6,2019,1,16,4,3,5,3,2,1,1,0,0,0,0,1,"13,22988","52,42772"
2373,191676,Berlin,5,2019,1,16,4,3,0,2,1,1,1,0,0,0,0,1,"13,19345","52,54905"
2374,191677,Berlin,2,2019,1,18,4,3,5,3,2,0,1,0,0,0,0,1,"13,42674","52,51577"
2375,191678,Berlin,3,2019,1,10,1,3,5,3,0,0,1,0,0,0,0,0,"13,42165","52,56249"
2376,191679,Berlin,7,2019,1,13,4,3,1,5,0,1,1,0,0,0,0,0,"13,37162","52,45304"
2377,191680,Berlin,3,2019,1,18,4,3,2,2,2,0,1,0,0,0,0,0,"13,46553","52,55179"
2378,191681,Berlin,11,2019,1,18,4,3,2,6,2,0,1,0,0,0,0,0,"13,51465","52,5353"
2379,191682,Berlin,1,2019,1,18,4,3,6,4,2,0,1,1,0,0,0,0,"13,37896","52,56072"
2380,191683,Berlin,11,2019,1,7,4,3,2,6,0,0,1,0,0,0,0,2,"13,52393","52,48693"
2381,191684,Berlin,6,2019,1,17,4,2,6,4,0,0,1,1,0,0,0,0,"13,33108","52,45893"
2382,191685,Berlin,3,2019,1,18,5,3,2,2,1,0,1,0,0,0,0,0,"13,41902","52,53053"
2383,191686,Berlin,12,2019,1,7,4,3,6,4,0,0,1,1,0,0,0,0,"13,37171","52,56097"
2384,191687,Berlin,1,2019,1,6,4,3,5,2,1,1,1,0,0,0,0,0,"13,34944","52,54232"
2385,191688,Berlin,4,2019,1,8,4,3,6,4,0,0,1,1,0,0,0,0,"13,30135","52,49466"
2386,191689,Berlin,4,2019,1,8,4,3,6,4,0,0,1,1,0,0,0,0,"13,3226","52,48763"
2387,191690,Berlin,1,2019,1,8,4,3,1,5,0,1,1,0,0,0,0,0,"13,38506","52,56756"
2388,191691,Berlin,3,2019,1,9,4,3,6,2,0,0,1,1,0,0,0,0,"13,4203","52,60624"
2389,191692,Berlin,7,2019,1,11,4,3,5,2,0,1,1,0,0,0,0,1,"13,34528","52,49222"
2390,191693,Berlin,1,2019,1,11,4,3,5,2,0,1,1,0,0,0,0,0,"13,40959","52,52394"
2391,191694,Berlin,2,2019,1,11,4,3,0,3,0,0,1,0,0,0,1,0,"13,41055","52,50339"
2392,191695,Berlin,7,2019,1,15,5,3,5,2,0,1,1,0,0,0,0,0,"13,33948","52,49711"
2393,191696,Berlin,10,2019,1,12,4,3,6,4,0,0,1,1,0,0,0,0,"13,54804","52,54462"
2394,191697,Berlin,8,2019,1,12,4,3,6,3,0,0,1,1,0,0,0,0,"13,43516","52,42306"
2395,191698,Berlin,10,2019,1,17,4,3,6,2,2,0,1,1,0,0,0,0,"13,60448","52,48668"
2396,191699,Berlin,9,2019,1,12,4,3,5,7,0,0,1,0,0,0,1,0,"13,504","52,46912"
2397,191700,Berlin,5,2019,1,18,5,3,6,2,2,0,0,1,0,0,1,0,"13,16532","52,55126"
2398,191701,Berlin,1,2019,1,17,4,3,6,4,2,1,0,1,0,0,0,1,"13,35853","52,55419"
2399,191702,Berlin,12,2019,1,15,4,3,2,6,0,0,1,0,0,0,0,0,"13,36306","52,56234"
2400,191703,Berlin,3,2019,1,8,4,3,5,3,0,0,1,0,1,0,0,0,"13,42016","52,536"
2401,191704,Berlin,2,2019,1,19,3,2,6,4,2,0,1,1,0,0,0,0,"13,43495","52,50146"
2402,191705,Berlin,9,2019,1,17,3,3,4,3,2,0,1,0,0,0,0,0,"13,74096","52,42829"
2403,191706,Berlin,1,2019,2,11,6,1,6,2,0,0,0,1,0,0,1,1,"13,34291","52,52637"
2404,191707,Berlin,5,2019,1,18,3,3,2,6,2,0,1,0,0,0,0,1,"13,18806","52,54697"
2405,191708,Berlin,8,2019,1,18,3,3,2,6,2,0,1,0,0,0,0,0,"13,43274","52,46498"
2406,191709,Berlin,11,2019,1,16,3,2,6,4,0,0,1,1,0,0,0,1,"13,49942","52,52059"
2407,191710,Berlin,1,2019,1,16,4,3,6,4,0,1,0,1,0,0,0,0,"13,33535","52,52079"
2408,191711,Berlin,8,2019,1,17,3,3,3,6,2,0,1,0,0,0,0,1,"13,46074","52,43143"
2409,191712,Berlin,6,2019,1,16,3,2,6,4,1,0,1,1,0,0,0,0,"13,32154","52,45668"
2410,191713,Berlin,2,2019,1,16,3,3,1,5,2,1,1,0,0,0,0,0,"13,46197","52,51279"
2411,191714,Berlin,1,2019,1,16,3,3,2,6,2,1,1,0,0,0,0,0,"13,4086","52,51195"
2412,191715,Berlin,1,2019,1,16,3,3,5,2,2,0,1,0,0,0,0,1,"13,37856","52,54475"
2413,191716,Berlin,6,2019,1,16,3,2,6,4,0,0,1,1,0,0,0,0,"13,28702","52,43291"
2414,191717,Berlin,1,2019,1,16,3,3,5,3,1,1,1,0,0,0,0,1,"13,39013","52,50946"
2415,191718,Berlin,7,2019,1,9,5,3,5,3,0,0,1,0,0,0,0,1,"13,38271","52,4685"
2416,191719,Berlin,2,2019,1,16,3,3,6,4,0,0,1,1,0,0,0,1,"13,39456","52,50588"
2417,191720,Berlin,6,2019,1,15,3,3,5,7,0,0,1,0,0,0,0,1,"13,34497","52,43583"
2418,191721,Berlin,4,2019,1,18,4,3,2,2,2,0,1,0,0,0,0,0,"13,33067","52,48614"
2419,191722,Berlin,1,2019,1,7,3,3,0,5,0,1,0,0,0,0,0,2,"13,33561","52,5331"
2420,191723,Berlin,11,2019,1,20,3,2,0,1,2,1,0,0,0,0,0,1,"13,49362","52,54469"
2421,191724,Berlin,1,2019,1,15,3,3,5,3,1,1,1,0,0,0,0,0,"13,37247","52,55653"
2422,191725,Berlin,4,2019,1,14,3,3,2,6,0,0,1,0,0,0,0,0,"13,25939","52,52185"
2423,191726,Berlin,12,2019,1,13,3,3,2,6,0,0,1,0,0,0,0,0,"13,29162","52,59577"
2424,191727,Berlin,5,2019,1,13,3,3,6,4,0,0,1,1,0,0,0,0,"13,24783","52,53969"
2425,191728,Berlin,12,2019,1,6,5,3,3,6,2,0,1,0,0,0,1,0,"13,30799","52,55664"
2426,191729,Berlin,4,2019,1,13,3,3,0,3,0,0,1,0,1,0,0,0,"13,3066","52,51812"
2427,191730,Berlin,2,2019,1,22,3,3,5,7,2,0,1,0,0,0,0,0,"13,39703","52,50712"
2428,191731,Berlin,6,2019,1,22,3,3,5,2,2,0,1,0,0,0,0,0,"13,30977","52,43131"
2429,191732,Berlin,12,2019,1,11,5,3,6,2,0,0,0,1,0,1,0,0,"13,30423","52,61963"
2430,191733,Berlin,4,2019,1,10,3,3,2,6,0,1,1,0,0,0,0,1,"13,32312","52,491"
2431,191734,Berlin,1,2019,1,8,3,3,1,5,0,1,0,0,0,1,0,1,"13,34641","52,55181"
2432,191735,Berlin,1,2019,1,8,3,3,5,2,0,1,0,0,0,0,1,1,"13,41801","52,51808"
2433,191736,Berlin,8,2019,1,13,4,3,5,3,0,1,1,0,0,0,0,0,"13,45778","52,42263"
2434,191737,Berlin,8,2019,1,7,3,3,6,2,0,0,1,1,0,0,0,1,"13,44754","52,47608"
2435,191738,Berlin,10,2019,1,6,3,2,6,4,1,0,1,1,0,0,0,1,"13,57635","52,54017"
2436,191739,Berlin,11,2019,1,2,3,3,6,4,2,0,1,1,0,0,0,1,"13,50666","52,5637"
2437,191740,Berlin,1,2019,1,9,3,3,1,5,0,1,1,0,0,0,0,0,"13,42728","52,50775"
2438,191741,Berlin,4,2019,1,21,2,3,5,3,2,0,1,0,0,0,0,0,"13,32098","52,51305"
2439,191742,Berlin,7,2019,1,11,2,3,5,2,0,1,1,0,0,0,0,1,"13,34416","52,46745"
2440,191743,Berlin,6,2019,1,18,5,3,1,5,2,1,1,0,0,0,0,0,"13,32189","52,44437"
2441,191744,Berlin,5,2019,1,20,2,3,6,7,2,0,1,1,0,0,0,1,"13,27012","52,53655"
2442,191745,Berlin,3,2019,1,17,2,3,2,6,1,1,0,0,0,0,1,1,"13,49566","52,63412"
2443,191746,Berlin,10,2019,1,20,2,2,5,3,2,0,1,0,0,0,0,1,"13,61381","52,51637"
2444,191747,Berlin,8,2019,1,18,2,2,6,2,2,0,1,1,0,0,0,1,"13,42793","52,48836"
2445,191748,Berlin,7,2019,1,17,2,3,6,2,2,0,1,1,0,0,0,1,"13,40224","52,41317"
2446,191749,Berlin,6,2019,1,17,2,2,6,4,2,0,1,1,0,0,0,1,"13,33139","52,45881"
2447,191750,Berlin,6,2019,1,17,2,3,2,2,2,0,1,0,0,0,0,1,"13,30179","52,43236"
2448,191751,Berlin,7,2019,1,16,2,2,5,3,1,0,1,0,1,0,0,1,"13,38608","52,43387"
2449,191752,Berlin,7,2019,1,8,2,3,0,1,0,1,0,0,0,0,0,2,"13,36401","52,48829"
2450,191753,Berlin,8,2019,1,15,2,3,5,3,1,1,1,0,0,0,0,1,"13,45096","52,43683"
2451,191754,Berlin,4,2019,1,8,2,3,2,6,0,0,1,0,0,0,0,1,"13,3173","52,5404"
2452,191755,Berlin,5,2019,1,15,2,2,5,3,0,0,1,0,0,0,0,1,"13,21743","52,56043"
2453,191756,Berlin,8,2019,1,16,5,3,5,3,1,1,1,0,0,0,0,0,"13,47137","52,43604"
2454,191757,Berlin,6,2019,1,9,2,3,1,1,0,0,1,0,0,0,1,2,"13,25183","52,43715"
2455,191758,Berlin,10,2019,1,20,2,3,5,3,2,0,1,0,0,0,0,1,"13,59276","52,54744"
2456,191759,Berlin,6,2019,1,15,2,3,5,2,0,0,1,0,1,0,0,0,"13,34588","52,43627"
2457,191760,Berlin,9,2019,1,13,2,3,5,3,0,1,1,0,0,0,0,1,"13,53228","52,46163"
2458,191761,Berlin,6,2019,1,8,2,3,0,1,0,1,0,0,0,0,0,2,"13,23635","52,44462"
2459,191762,Berlin,8,2019,1,8,5,3,3,6,0,0,1,0,0,1,0,0,"13,4956","52,43182"
2460,191763,Berlin,1,2019,1,13,2,3,2,6,0,0,1,0,0,0,1,0,"13,36983","52,54288"
2461,191764,Berlin,4,2019,1,8,2,3,0,1,0,1,0,0,0,0,0,2,"13,27997","52,50604"
2462,191765,Berlin,4,2019,1,6,2,2,6,2,2,0,1,1,0,0,0,1,"13,29576","52,51927"
2463,191766,Berlin,6,2019,2,13,6,3,2,6,0,0,1,0,0,0,0,0,"13,3352","52,44316"
2464,191767,Berlin,9,2019,1,6,2,2,6,2,2,0,1,1,0,0,0,1,"13,55441","52,44112"
2465,191768,Berlin,1,2019,1,19,2,3,6,2,2,0,1,1,0,0,0,0,"13,34414","52,54601"
2466,191769,Berlin,10,2019,1,13,2,3,5,2,0,0,1,0,0,0,0,0,"13,62064","52,50423"
2467,191770,Berlin,4,2019,1,9,4,3,5,2,0,0,1,0,0,0,0,0,"13,32049","52,4852"
2468,191771,Berlin,5,2019,1,6,2,2,5,3,2,1,1,0,0,0,0,1,"13,24797","52,53648"
2469,191772,Berlin,10,2019,1,19,2,2,6,4,2,0,1,1,0,0,0,1,"13,5391","52,53448"
2470,191773,Berlin,10,2019,1,12,2,2,5,2,0,0,1,0,1,0,0,0,"13,56754","52,50526"
2471,191774,Berlin,8,2019,1,5,2,3,5,7,2,1,0,0,0,0,1,1,"13,4741","52,4605"
2472,191775,Berlin,4,2019,1,19,2,3,5,3,2,0,1,0,0,0,0,1,"13,29831","52,50971"
2473,191776,Berlin,4,2019,1,9,5,3,0,2,0,1,1,0,0,0,0,1,"13,29539","52,53961"
2474,191777,Berlin,1,2019,1,5,2,3,6,2,2,0,1,1,0,0,0,1,"13,3452","52,55422"
2475,191778,Berlin,12,2019,1,19,2,3,6,2,2,0,1,1,0,0,0,1,"13,35143","52,56742"
2476,191779,Berlin,4,2019,1,14,4,3,5,7,0,0,1,0,0,0,1,1,"13,30894","52,50012"
2477,191780,Berlin,1,2019,1,10,2,3,1,5,0,0,1,0,0,0,0,1,"13,33561","52,55482"
2478,191781,Berlin,11,2019,1,18,2,3,2,2,2,0,1,0,0,0,0,1,"13,47129","52,5052"
2479,191782,Berlin,3,2019,1,10,2,3,5,3,0,1,1,0,0,0,0,1,"13,42184","52,56271"
2480,191783,Berlin,8,2019,1,22,4,3,5,7,2,0,1,0,0,0,1,0,"13,42424","52,48538"
2481,191784,Berlin,6,2019,1,10,2,3,0,3,0,1,1,0,0,0,0,2,"13,25014","52,42136"
2482,191785,Berlin,6,2019,1,18,2,2,6,2,2,0,1,1,0,0,0,1,"13,34004","52,44813"
2483,191786,Berlin,5,2019,1,9,2,3,0,5,0,1,1,0,0,0,0,2,"13,26786","52,54134"
2484,191787,Berlin,7,2019,1,9,2,3,2,2,0,0,1,0,0,0,0,1,"13,38565","52,44556"
2485,191788,Berlin,1,2019,1,18,2,2,5,3,2,1,1,0,0,0,0,1,"13,38361","52,53667"
2486,191789,Berlin,12,2019,1,8,2,3,0,1,0,1,0,0,0,0,0,2,"13,289","52,63182"
2487,191790,Berlin,7,2019,1,13,5,3,1,5,0,1,1,0,0,0,0,0,"13,33272","52,4742"
2488,191791,Berlin,9,2019,1,9,2,2,0,1,0,1,0,0,0,0,0,2,"13,73056","52,42746"
2489,191792,Berlin,4,2019,1,11,2,3,6,2,0,0,0,1,0,0,1,0,"13,30196","52,49897"
2490,191793,Berlin,1,2019,1,2,1,3,1,7,2,0,1,0,0,0,0,1,"13,35366","52,52662"
2491,191794,Berlin,1,2019,1,11,1,3,6,7,0,0,1,1,0,0,0,1,"13,39724","52,52711"
2492,191795,Berlin,5,2019,1,19,1,3,6,2,2,0,1,1,0,0,0,1,"13,20867","52,56159"
2493,191796,Berlin,5,2019,1,19,1,3,2,6,2,0,1,0,0,0,0,1,"13,22301","52,53708"
2494,191797,Berlin,5,2019,1,20,1,3,6,4,2,0,1,1,0,0,0,0,"13,18745","52,53769"
2495,191798,Berlin,8,2019,1,11,1,3,5,3,0,0,1,0,0,0,0,1,"13,43644","52,47733"
2496,191799,Berlin,4,2019,1,8,1,2,1,1,0,0,1,0,0,0,0,1,"13,30356","52,49943"
2497,191800,Berlin,1,2019,1,4,1,3,5,3,2,0,1,0,0,0,1,0,"13,37707","52,55641"
2498,191801,Berlin,8,2019,1,18,1,3,2,6,2,0,1,0,0,0,0,1,"13,44196","52,48308"
2499,191802,Berlin,4,2019,1,18,1,2,6,2,2,0,1,1,0,0,0,1,"13,30682","52,51726"
2500,191803,Berlin,3,2019,1,5,5,3,0,6,2,0,1,0,0,0,1,1,"13,4374","52,59224"
2501,191804,Berlin,1,2019,1,18,1,3,2,6,2,0,1,0,0,0,0,1,"13,34821","52,5154"
2502,191805,Berlin,7,2019,1,18,1,2,6,4,2,0,1,1,0,0,0,1,"13,39809","52,44008"
2503,191806,Berlin,5,2019,1,17,1,3,5,3,2,0,1,0,0,0,0,1,"13,20664","52,56022"
2504,191807,Berlin,6,2019,1,16,1,3,5,2,2,1,1,0,0,0,0,1,"13,27353","52,40987"
2505,191808,Berlin,6,2019,1,15,1,3,4,6,0,1,1,0,0,0,0,1,"13,28562","52,43176"
2506,191809,Berlin,12,2019,1,21,7,3,4,6,2,0,1,0,0,0,0,1,"13,28197","52,60075"
2507,191810,Berlin,4,2019,1,22,7,2,6,4,2,0,1,1,0,0,0,1,"13,3082","52,49674"
2508,191811,Berlin,7,2019,1,14,7,2,0,7,0,0,1,0,0,0,0,1,"13,39775","52,39626"
2509,191812,Berlin,11,2019,1,13,7,3,6,4,0,0,0,1,0,0,1,2,"13,50593","52,56342"
2510,191813,Berlin,1,2019,1,15,5,3,5,7,0,1,0,0,0,0,1,0,"13,40796","52,51175"
2511,191814,Berlin,12,2019,1,13,7,3,5,3,0,0,1,0,0,0,0,1,"13,37191","52,56408"
2512,191815,Berlin,8,2019,1,12,7,3,6,4,0,0,1,1,0,0,0,1,"13,43648","52,42383"
2513,191816,Berlin,9,2019,1,11,7,2,4,6,0,0,1,0,0,0,0,1,"13,47375","52,47497"
2514,191817,Berlin,1,2019,1,19,5,3,1,5,2,1,1,0,0,0,0,0,"13,40737","52,52377"
2515,191818,Berlin,3,2019,1,11,7,3,5,3,0,0,1,0,0,0,0,1,"13,42248","52,55981"
2516,191819,Berlin,7,2019,1,10,7,2,1,5,0,0,1,0,0,0,0,1,"13,40575","52,45275"
2517,191820,Berlin,1,2019,1,8,7,3,2,6,0,0,1,0,0,0,0,1,"13,37673","52,55632"
2518,191821,Berlin,5,2019,1,22,7,3,6,7,2,0,1,1,0,0,0,1,"13,18483","52,54782"
2519,191822,Berlin,2,2019,1,21,7,3,5,7,2,0,1,0,0,0,0,1,"13,44088","52,50479"
2520,191823,Berlin,4,2019,1,20,7,3,6,7,2,0,1,1,0,0,0,1,"13,30455","52,49961"
2521,191824,Berlin,8,2019,2,22,6,3,4,5,2,1,0,0,0,0,1,0,"13,4273","52,47499"
2522,191825,Berlin,6,2019,1,20,7,3,6,2,2,0,1,1,0,0,0,1,"13,27093","52,45087"
2523,191826,Berlin,4,2019,1,17,7,3,0,3,1,1,1,0,0,0,0,1,"13,28824","52,49576"
2524,191827,Berlin,3,2019,1,4,7,3,9,1,2,0,1,0,0,0,0,2,"13,44483","52,61536"
2525,191828,Berlin,2,2019,1,12,4,3,5,3,0,1,1,0,0,0,0,0,"13,3839","52,49518"
2526,191829,Berlin,9,2019,1,18,7,3,6,2,2,0,1,1,0,0,0,1,"13,50063","52,43526"
2527,191830,Berlin,3,2019,1,17,7,3,5,3,1,0,1,0,0,0,0,1,"13,42618","52,57584"
2528,191831,Berlin,1,2019,1,17,7,3,5,2,1,0,1,0,0,0,0,1,"13,3899","52,51031"
2529,191832,Berlin,7,2019,1,17,7,2,5,3,1,1,1,0,0,0,0,1,"13,37449","52,46866"
2530,191833,Berlin,6,2019,1,0,7,3,1,5,2,0,0,0,1,1,0,1,"13,3348","52,4338"
2531,191834,Berlin,4,2019,1,12,5,3,5,3,0,0,1,0,0,0,0,0,"13,33254","52,5053"
2532,191835,Berlin,9,2019,1,17,7,3,6,4,1,0,1,1,0,0,0,1,"13,57777","52,44594"
2533,191836,Berlin,4,2019,1,16,7,3,2,2,1,0,1,0,0,0,0,1,"13,2969","52,54801"
2534,191837,Berlin,10,2019,1,13,5,3,2,6,0,0,1,0,0,0,0,0,"13,52699","52,52548"
2535,191838,Berlin,7,2019,1,16,7,3,3,6,1,1,0,0,0,0,1,1,"13,3376","52,47338"
2536,191839,Berlin,1,2019,1,18,6,3,2,6,2,0,1,0,0,0,0,1,"13,35515","52,50178"
2537,191840,Berlin,7,2019,1,20,4,3,2,6,2,0,1,0,0,0,0,0,"13,34841","52,45892"
2538,191841,Berlin,8,2019,1,22,6,3,5,2,2,1,1,0,0,0,0,1,"13,43364","52,48209"
2539,191842,Berlin,3,2019,1,21,6,2,0,7,2,0,1,0,0,0,1,0,"13,43297","52,59915"
2540,191843,Berlin,10,2019,1,12,6,3,9,1,0,0,1,0,0,0,0,2,"13,53782","52,54007"
2541,191844,Berlin,8,2019,1,19,6,3,0,5,2,1,1,0,0,0,0,1,"13,42798","52,47371"
2542,191845,Berlin,6,2019,1,7,6,3,0,1,1,1,0,0,0,0,0,1,"13,30192","52,45688"
2543,191846,Berlin,1,2019,1,7,6,2,5,2,1,1,1,0,0,0,0,1,"13,42424","52,51351"
2544,191847,Berlin,6,2019,1,6,5,3,2,6,2,0,1,0,0,0,1,0,"13,32727","52,44"
2545,191848,Berlin,1,2019,1,8,6,3,2,6,0,0,1,0,0,0,0,2,"13,35111","52,51516"
2546,191849,Berlin,1,2019,1,10,6,3,6,2,0,0,0,1,0,0,1,1,"13,41664","52,51096"
2547,191850,Berlin,4,2019,1,11,6,3,5,2,0,0,1,0,0,0,1,0,"13,27685","52,50709"
2548,191851,Berlin,7,2019,1,11,6,3,2,7,0,0,1,0,0,0,0,1,"13,37856","52,48214"
2549,191852,Berlin,11,2019,1,13,6,3,6,4,0,0,1,1,0,0,0,1,"13,47913","52,49985"
2550,191853,Berlin,11,2019,1,13,6,2,2,2,0,1,0,0,0,1,0,0,"13,47005","52,50227"
2551,191854,Berlin,9,2019,1,14,6,3,5,3,0,0,1,0,0,0,0,0,"13,5854","52,44454"
2552,191855,Berlin,12,2019,1,6,6,3,5,2,1,0,1,0,0,0,0,1,"13,32481","52,60211"
2553,191856,Berlin,2,2019,1,18,6,3,5,2,2,0,1,0,1,0,0,1,"13,47134","52,5073"
2554,191857,Berlin,9,2019,1,10,6,3,0,7,0,0,1,0,0,0,0,1,"13,63834","52,44862"
2555,191858,Berlin,8,2019,1,18,6,2,6,4,2,0,1,1,0,0,0,1,"13,46827","52,42757"
2556,191859,Berlin,9,2019,1,17,6,3,5,2,2,0,1,0,0,0,0,1,"13,53264","52,43084"
2557,191860,Berlin,7,2019,1,18,5,3,6,2,2,0,1,1,0,0,0,0,"13,39338","52,4579"
2558,191861,Berlin,4,2019,1,16,6,3,5,3,1,0,1,0,0,0,0,0,"13,33109","52,49539"
2559,191862,Berlin,4,2019,1,19,5,3,3,6,2,1,1,0,0,0,0,0,"13,32171","52,50676"
2560,191863,Berlin,11,2019,1,18,5,3,2,6,2,0,1,0,0,0,0,0,"13,48502","52,53331"
2561,191864,Berlin,8,2019,1,17,5,2,5,3,2,0,1,0,0,0,1,0,"13,44049","52,46193"
2562,191865,Berlin,6,2019,1,16,5,3,5,3,2,1,1,0,0,0,0,0,"13,19794","52,43515"
2563,191866,Berlin,10,2019,1,15,5,2,6,4,0,0,1,1,0,0,0,0,"13,5769","52,56672"
2564,191867,Berlin,6,2019,2,15,6,3,5,3,0,0,1,0,0,0,0,0,"13,14371","52,39765"
2565,191868,Berlin,10,2019,1,15,5,3,5,3,0,0,1,0,0,1,0,0,"13,55807","52,56274"
2566,191869,Berlin,8,2019,1,14,5,3,6,7,0,1,0,1,0,0,0,0,"13,43421","52,46318"
2567,191870,Berlin,9,2019,1,9,5,3,6,4,0,0,1,1,0,0,0,0,"13,5368","52,43564"
2568,191871,Berlin,9,2019,1,7,5,3,1,5,0,0,1,0,0,0,0,0,"13,5352","52,41556"
2569,191872,Berlin,7,2019,1,12,4,3,2,6,0,0,1,0,0,0,0,0,"13,36889","52,48487"
2570,191873,Berlin,5,2019,1,15,4,2,6,4,0,0,1,1,0,0,0,0,"13,15783","52,5232"
2571,191874,Berlin,8,2019,1,16,4,3,5,2,2,0,1,0,0,0,0,0,"13,49531","52,4316"
2572,191875,Berlin,9,2019,1,17,5,3,2,2,1,0,1,0,0,0,0,0,"13,45404","52,48891"
2573,191876,Berlin,1,2019,1,15,4,3,5,2,0,1,1,0,0,0,0,0,"13,38665","52,51184"
2574,191877,Berlin,7,2019,1,15,4,3,2,6,0,0,0,0,1,0,0,0,"13,36601","52,49546"
2575,191878,Berlin,3,2019,1,15,4,3,1,5,0,1,1,0,0,0,0,0,"13,46503","52,5483"
2576,191879,Berlin,3,2019,1,14,4,3,1,5,0,0,1,0,0,0,0,0,"13,40625","52,55386"
2577,191880,Berlin,4,2019,1,12,4,2,5,2,0,0,1,0,1,0,0,0,"13,2965","52,50173"
2578,191881,Berlin,3,2019,1,7,5,3,2,6,0,0,1,0,0,0,0,0,"13,46959","52,56741"
2579,191882,Berlin,9,2019,1,6,4,3,2,6,2,0,1,0,0,0,0,1,"13,49981","52,44774"
2580,191883,Berlin,9,2019,1,6,4,3,0,6,2,0,1,0,0,0,1,0,"13,50928","52,45309"
2581,191884,Berlin,2,2019,1,22,4,3,5,3,2,0,1,0,0,0,0,0,"13,42663","52,51583"
2582,191885,Berlin,3,2019,1,7,4,3,6,4,0,0,1,1,0,0,0,0,"13,42445","52,60746"
2583,191886,Berlin,4,2019,1,7,4,3,3,6,0,1,1,0,0,0,0,0,"13,3308","52,49708"
2584,191887,Berlin,1,2019,1,8,4,3,2,6,0,1,1,0,0,0,0,1,"13,3789","52,5339"
2585,191888,Berlin,9,2019,1,17,4,3,5,2,2,1,1,0,0,0,0,0,"13,49117","52,46899"
2586,191889,Berlin,4,2019,1,8,4,3,2,6,0,0,1,0,0,0,0,0,"13,29884","52,51952"
2587,191890,Berlin,4,2019,1,8,4,3,5,2,0,1,1,0,0,0,0,0,"13,31388","52,52578"
2588,191891,Berlin,5,2019,1,9,4,3,6,2,0,0,1,1,0,0,0,0,"13,18659","52,54711"
2589,191892,Berlin,7,2019,1,11,4,2,6,2,0,0,1,1,0,0,0,0,"13,39257","52,41269"
2590,191893,Berlin,12,2019,1,6,4,3,2,6,2,0,1,0,0,0,0,0,"13,35091","52,59662"
2591,191894,Berlin,8,2019,1,9,5,3,0,3,0,0,1,0,1,0,0,0,"13,44426","52,48482"
2592,191895,Berlin,6,2019,1,19,4,2,5,3,2,0,1,0,0,0,0,2,"13,2922","52,44139"
2593,191896,Berlin,2,2019,1,18,4,3,5,2,2,1,1,0,0,0,0,0,"13,39776","52,49534"
2594,191897,Berlin,4,2019,1,14,4,3,6,4,0,1,0,1,0,0,0,0,"13,3234","52,51107"
2595,191898,Berlin,4,2019,1,12,4,3,6,4,0,0,1,1,0,0,0,0,"13,31941","52,48709"
2596,191899,Berlin,8,2019,1,18,4,3,2,6,2,0,1,0,0,0,0,0,"13,43236","52,48543"
2597,191900,Berlin,6,2019,1,18,4,3,5,3,2,1,1,0,0,0,0,0,"13,33577","52,46497"
2598,191901,Berlin,3,2019,1,12,4,2,5,3,0,1,1,0,0,0,0,0,"13,42186","52,56271"
2599,191902,Berlin,2,2019,1,4,4,2,8,1,2,0,1,0,0,0,0,0,"13,41172","52,49216"
2600,191903,Berlin,4,2019,1,17,4,3,6,4,2,1,0,1,0,0,0,0,"13,33015","52,50364"
2601,191904,Berlin,7,2019,1,17,4,3,5,2,2,1,1,0,0,0,0,0,"13,38708","52,46857"
2602,191905,Berlin,2,2019,1,17,4,3,2,6,2,0,1,0,0,0,0,0,"13,44351","52,52507"
2603,191906,Berlin,2,2019,1,13,4,3,1,5,0,1,0,0,0,0,1,0,"13,42485","52,49974"
2604,191907,Berlin,6,2019,1,13,5,3,5,2,0,1,1,0,0,0,0,0,"13,32727","52,43035"
2605,191908,Berlin,8,2019,1,7,3,3,2,6,0,0,1,0,0,0,0,0,"13,43343","52,44482"
2606,191909,Berlin,3,2019,1,10,3,2,5,7,0,0,1,0,0,0,1,0,"13,40613","52,55331"
2607,191910,Berlin,1,2019,1,16,3,3,6,4,0,1,0,1,0,0,0,0,"13,39743","52,53867"
2608,191911,Berlin,4,2019,1,13,4,2,5,3,0,1,1,0,0,0,0,0,"13,31727","52,51219"
2609,191912,Berlin,11,2019,1,14,3,3,5,3,0,0,1,0,0,0,0,0,"13,49962","52,53495"
2610,191913,Berlin,3,2019,1,14,3,3,5,2,0,1,1,0,0,0,0,0,"13,44053","52,54071"