,id,city,district,year,month,hour,weekday,injury_level,collision,movement,light_conditions,bicycle,car,pedestrian,motorbike,truck,other_vehicle,road_conditions,longitude,latitude
2869,192172,Berlin,2,2019,2,12,3,3,6,4,0,0,1,1,0,0,0,1,"13,40651","52,50483"
2870,192173,Berlin,1,2019,2,15,3,3,2,6,0,0,1,0,0,0,0,0,"13,40921","52,52874"
2871,192174,Berlin,4,2019,2,7,3,3,5,3,0,0,1,0,0,0,0,1,"13,31537","52,50307"
2872,192175,Berlin,2,2019,2,17,3,3,6,7,2,0,1,1,0,0,0,0,"13,41665","52,49957"
2873,192176,Berlin,9,2019,2,20,3,3,2,6,2,0,1,0,0,0,0,1,"13,55912","52,44845"
2874,192177,Berlin,12,2019,2,22,3,3,6,2,2,0,1,1,0,0,0,0,"13,31871","52,5729"
2875,192178,Berlin,1,2019,2,6,4,3,6,2,1,0,1,1,0,0,0,1,"13,37942","52,52942"
2876,192179,Berlin,1,2019,2,22,3,3,5,2,2,0,1,0,0,0,0,0,"13,37744","52,52216"
2877,192180,Berlin,7,2019,2,22,3,3,0,2,2,0,1,0,1,0,0,0,"13,36576","52,49349"
2878,192181,Berlin,12,2019,2,21,3,3,5,2,2,0,1,0,0,0,0,0,"13,31544","52,57784"
2879,192182,Berlin,4,2019,2,11,3,2,5,2,0,1,1,0,0,0,0,1,"13,29722","52,51175"
2880,192183,Berlin,10,2019,2,15,5,3,5,2,0,1,1,0,0,0,0,0,"13,61325","52,50869"
2881,192184,Berlin,8,2019,2,17,3,2,5,2,2,0,1,0,1,0,0,1,"13,43518","52,4912"
2882,192185,Berlin,4,2019,2,11,3,2,4,6,0,0,1,0,0,0,1,0,"13,32561","52,54131"
2883,192186,Berlin,7,2019,2,13,3,2,2,6,0,0,1,0,0,0,0,1,"13,40817","52,45282"
2884,192187,Berlin,6,2019,2,18,4,3,2,6,2,0,1,0,0,0,0,1,"13,31371","52,42716"
2885,192188,Berlin,5,2019,2,17,3,3,1,6,2,0,1,0,0,0,0,1,"13,23056","52,53839"
2886,192189,Berlin,5,2019,2,12,3,2,1,5,0,1,1,0,0,0,0,1,"13,20762","52,53837"
2887,192190,Berlin,8,2019,2,21,3,3,0,1,2,1,0,0,0,0,0,1,"13,43862","52,48138"
2888,192191,Berlin,4,2019,2,10,6,3,6,2,0,0,1,1,0,0,0,0,"13,31384","52,48676"
2889,192192,Berlin,7,2019,2,14,3,3,8,1,0,0,1,0,0,0,0,0,"13,36346","52,47493"
2890,192193,Berlin,12,2019,2,9,2,3,5,3,0,1,1,0,0,0,0,1,"13,31716","52,56887"
2891,192194,Berlin,9,2019,2,18,4,2,6,2,2,0,1,1,0,0,0,1,"13,53986","52,41677"
2892,192195,Berlin,4,2019,2,21,2,3,0,7,2,0,0,0,1,0,0,1,"13,2988","52,50676"
2893,192196,Berlin,3,2019,2,20,2,3,5,3,2,0,1,0,0,0,0,1,"13,49293","52,61433"
2894,192197,Berlin,9,2019,2,6,4,3,2,6,1,0,1,0,0,0,0,1,"13,48164","52,45137"
2895,192198,Berlin,8,2019,2,20,2,3,1,5,2,1,1,0,0,0,0,0,"13,43213","52,48166"
2896,192199,Berlin,1,2019,2,20,2,3,5,3,2,0,1,0,0,0,0,0,"13,37713","52,50858"
2897,192200,Berlin,4,2019,2,20,2,3,5,2,2,0,1,0,0,0,0,0,"13,29","52,48223"
2898,192201,Berlin,4,2019,2,9,4,3,0,1,0,0,0,0,1,0,0,1,"13,31302","52,52577"
2899,192202,Berlin,8,2019,2,19,2,3,2,6,2,0,1,0,0,0,0,1,"13,45622","52,47378"
2900,192203,Berlin,3,2019,2,18,2,3,2,6,2,0,1,0,0,0,0,0,"13,45798","52,52883"
2901,192204,Berlin,8,2019,2,18,2,2,6,4,2,0,1,1,0,0,0,0,"13,42725","52,47508"
2902,192205,Berlin,10,2019,2,15,6,2,5,3,0,0,1,0,0,0,1,0,"13,57172","52,54624"
2903,192206,Berlin,5,2019,2,17,2,2,6,4,2,0,1,1,0,0,0,0,"13,19781","52,51962"
2904,192207,Berlin,2,2019,2,17,2,2,6,4,2,0,1,1,0,0,0,0,"13,40945","52,50401"
2905,192208,Berlin,6,2019,2,7,4,3,3,2,0,1,0,0,0,1,0,0,"13,31231","52,43029"
2906,192209,Berlin,6,2019,2,15,2,3,2,6,0,0,1,0,0,0,1,0,"13,31169","52,42178"
2907,192210,Berlin,4,2019,2,14,2,3,5,3,0,1,1,0,0,0,0,0,"13,31526","52,51475"
2908,192211,Berlin,7,2019,2,8,4,3,5,3,0,0,1,0,0,0,0,1,"13,34519","52,49028"
2909,192212,Berlin,4,2019,2,14,2,3,9,1,0,0,1,0,0,0,0,0,"13,31509","52,51456"
2910,192213,Berlin,5,2019,2,14,2,3,6,4,0,0,1,1,0,0,0,0,"13,19523","52,53539"
2911,192214,Berlin,2,2019,2,13,2,3,5,3,0,1,1,0,0,0,0,0,"13,43115","52,51292"
2912,192215,Berlin,7,2019,2,19,5,3,5,2,2,0,1,0,0,0,1,0,"13,3612","52,49423"
2913,192216,Berlin,2,2019,2,13,2,3,6,2,0,0,1,1,0,0,0,0,"13,42696","52,51578"
2914,192217,Berlin,3,2019,2,11,2,3,0,7,0,0,1,0,0,0,1,1,"13,41429","52,55361"
2915,192218,Berlin,5,2019,2,5,2,3,6,2,2,0,1,1,0,0,0,1,"13,27369","52,5361"
2916,192219,Berlin,11,2019,2,20,5,3,6,2,2,0,1,1,0,0,0,0,"13,49842","52,51572"
2917,192220,Berlin,12,2019,2,6,2,3,6,4,1,0,1,1,0,0,0,1,"13,28073","52,58698"
2918,192221,Berlin,3,2019,2,6,2,3,2,2,2,0,1,0,0,0,1,1,"13,4204","52,56713"
2919,192222,Berlin,4,2019,2,7,2,3,5,3,0,1,1,0,0,0,0,1,"13,30824","52,48775"
2920,192223,Berlin,9,2019,2,8,4,3,0,1,0,1,0,0,0,0,0,1,"13,61716","52,45524"
2921,192224,Berlin,6,2019,2,7,2,3,6,2,0,0,1,1,0,0,0,1,"13,30348","52,45847"
2922,192225,Berlin,4,2019,2,8,2,3,6,2,0,0,1,1,0,0,0,1,"13,31994","52,46709"
2923,192226,Berlin,12,2019,2,9,2,3,2,6,0,0,1,0,0,0,0,1,"13,32993","52,56954"
2924,192227,Berlin,1,2019,2,18,4,3,5,3,2,0,1,0,0,0,0,1,"13,39897","52,50823"
2925,192228,Berlin,2,2019,2,12,2,3,2,6,0,0,1,0,0,0,0,1,"13,37665","52,48772"
2926,192229,Berlin,11,2019,2,12,2,3,0,3,0,0,1,0,0,0,1,0,"13,50934","52,57545"
2927,192230,Berlin,12,2019,2,11,1,3,5,2,0,0,1,0,0,0,0,1,"13,36084","52,57036"
2928,192231,Berlin,3,2019,2,16,5,2,6,4,0,0,1,1,0,0,0,0,"13,43191","52,61458"
2929,192232,Berlin,2,2019,2,4,1,3,5,3,2,0,1,0,0,0,0,0,"13,40648","52,5026"
2930,192233,Berlin,8,2019,2,1,1,3,5,3,2,0,1,0,0,0,0,1,"13,43533","52,46974"
2931,192234,Berlin,4,2019,2,15,1,3,5,3,0,0,1,0,1,0,0,1,"13,24134","52,50952"
2932,192235,Berlin,4,2019,2,18,4,3,6,2,2,0,1,1,0,0,0,1,"13,30463","52,5036"
2933,192236,Berlin,4,2019,2,15,1,3,6,2,0,0,1,1,0,0,0,0,"13,31154","52,46837"
2934,192237,Berlin,1,2019,2,16,1,3,5,3,1,0,1,0,0,0,0,0,"13,40427","52,53309"
2935,192238,Berlin,1,2019,2,17,1,3,6,4,1,1,0,1,0,0,0,0,"13,34451","52,50424"
2936,192239,Berlin,10,2019,2,19,1,3,5,2,2,0,1,0,0,0,0,1,"13,59157","52,54481"
2937,192240,Berlin,6,2019,2,7,4,3,6,4,0,0,1,1,0,0,0,0,"13,34402","52,43856"
2938,192241,Berlin,11,2019,2,13,1,3,5,3,0,0,1,0,0,0,0,1,"13,47827","52,53098"
2939,192242,Berlin,8,2019,2,23,7,3,6,4,2,0,1,1,0,0,0,1,"13,43404","52,48184"
2940,192243,Berlin,4,2019,2,21,7,3,5,2,2,0,1,0,0,0,0,1,"13,32844","52,5223"
2941,192244,Berlin,9,2019,2,20,7,3,5,2,2,0,1,0,0,0,0,1,"13,5452","52,42574"
2942,192245,Berlin,4,2019,2,18,7,2,5,3,2,0,1,0,0,0,0,1,"13,33077","52,49214"
2943,192246,Berlin,3,2019,2,14,5,3,2,6,0,0,1,0,0,0,1,0,"13,46841","52,56737"
2944,192247,Berlin,4,2019,2,20,7,3,2,6,2,0,1,0,0,0,0,1,"13,25957","52,52182"
2945,192248,Berlin,3,2019,2,18,7,3,5,3,2,0,1,0,0,0,0,1,"13,48601","52,61594"
2946,192249,Berlin,1,2019,2,17,7,3,5,2,2,0,1,0,0,0,0,1,"13,41808","52,51544"
2947,192250,Berlin,10,2019,2,17,4,2,6,4,1,0,1,1,0,0,0,1,"13,56402","52,56121"
2948,192251,Berlin,7,2019,2,16,7,3,3,2,2,0,1,0,0,0,1,1,"13,41639","52,45161"
2949,192252,Berlin,1,2019,2,16,7,3,5,3,1,0,1,0,0,0,0,1,"13,37842","52,55043"
2950,192253,Berlin,11,2019,2,16,7,3,5,3,1,0,1,0,0,0,0,1,"13,48879","52,51463"
2951,192254,Berlin,1,2019,2,14,6,3,2,6,0,0,1,0,0,0,0,0,"13,32434","52,52533"
2952,192255,Berlin,7,2019,2,15,7,3,5,3,0,1,1,0,0,0,0,1,"13,34978","52,49645"
2953,192256,Berlin,6,2019,2,15,7,3,5,2,0,0,1,0,0,0,0,2,"13,27491","52,46043"
2954,192257,Berlin,5,2019,2,15,7,3,2,6,0,0,1,0,0,0,0,1,"13,18849","52,54676"
2955,192258,Berlin,9,2019,2,15,7,3,5,3,0,0,1,0,0,0,0,1,"13,46102","52,45425"
2956,192259,Berlin,4,2019,2,11,6,3,5,2,0,0,1,0,0,0,0,0,"13,2405","52,51195"
2957,192260,Berlin,2,2019,2,12,7,3,1,5,0,1,1,0,0,0,0,0,"13,41714","52,49943"
2958,192261,Berlin,12,2019,2,9,7,3,2,2,0,0,1,0,0,0,0,1,"13,32039","52,5834"
2959,192262,Berlin,8,2019,2,17,4,3,5,3,1,1,1,0,0,0,0,0,"13,43353","52,44431"
2960,192263,Berlin,4,2019,2,19,6,3,2,6,2,0,1,0,0,0,0,0,"13,33753","52,49449"
2961,192264,Berlin,5,2019,2,10,6,3,3,6,0,0,1,0,0,0,0,0,"13,20293","52,54073"
2962,192265,Berlin,1,2019,2,12,6,3,2,6,0,0,1,0,0,0,0,1,"13,34106","52,5263"
2963,192266,Berlin,2,2019,2,7,4,3,2,2,0,0,1,0,0,0,0,1,"13,43474","52,50863"
2964,192267,Berlin,1,2019,2,17,6,3,1,5,1,0,1,0,0,0,0,0,"13,38379","52,55539"
2965,192268,Berlin,4,2019,2,20,6,3,5,2,2,0,1,0,0,0,1,0,"13,33157","52,50394"
2966,192269,Berlin,5,2019,2,19,6,3,5,2,2,0,1,0,0,0,0,1,"13,19686","52,5131"
2967,192270,Berlin,11,2019,2,18,5,3,2,6,2,0,1,0,0,0,0,0,"13,48464","52,53362"
2968,192271,Berlin,9,2019,2,17,6,3,2,6,2,0,1,0,0,0,0,1,"13,56922","52,44345"
2969,192272,Berlin,6,2019,2,15,6,3,5,3,0,0,1,0,0,0,0,1,"13,35223","52,42759"
2970,192273,Berlin,5,2019,2,16,4,2,6,4,1,0,1,1,0,0,0,1,"13,16193","52,5513"
2971,192274,Berlin,3,2019,2,23,6,2,6,4,2,0,1,1,0,0,0,1,"13,45742","52,52896"
2972,192275,Berlin,3,2019,2,8,6,3,5,3,0,1,1,0,0,0,0,1,"13,42183","52,56271"
2973,192276,Berlin,3,2019,2,7,4,3,3,2,0,0,1,0,0,1,0,0,"13,40422","52,58148"
2974,192277,Berlin,7,2019,2,16,6,3,2,6,1,0,1,0,0,0,0,0,"13,33211","52,4686"
2975,192278,Berlin,1,2019,2,17,6,3,1,5,1,1,1,0,0,0,0,0,"13,37812","52,51085"
2976,192279,Berlin,3,2019,2,10,6,3,0,2,0,0,1,0,0,0,1,0,"13,42868","52,58161"
2977,192280,Berlin,2,2019,2,7,4,3,2,6,0,0,1,0,0,0,1,0,"13,39677","52,49125"
2978,192281,Berlin,4,2019,2,10,6,3,0,5,0,0,1,0,1,0,0,0,"13,31667","52,50309"
2979,192282,Berlin,4,2019,2,9,6,2,1,5,0,1,1,0,0,0,1,0,"13,29961","52,50571"
2980,192283,Berlin,4,2019,2,9,6,3,1,5,0,0,1,0,1,0,0,0,"13,33795","52,50356"
2981,192284,Berlin,2,2019,2,19,5,3,1,5,2,1,1,0,0,0,0,0,"13,4254","52,49959"
2982,192285,Berlin,6,2019,2,7,6,3,5,2,1,1,1,0,0,0,0,1,"13,24009","52,44282"
2983,192286,Berlin,1,2019,2,7,6,3,5,3,1,0,1,0,0,0,0,0,"13,37","52,55293"
2984,192287,Berlin,8,2019,2,7,6,3,5,3,1,0,1,0,0,0,0,0,"13,47816","52,41775"
2985,192288,Berlin,1,2019,2,9,3,3,2,6,0,0,1,0,0,0,0,0,"13,42511","52,51459"
2986,192289,Berlin,2,2019,2,7,6,3,5,3,1,1,1,0,0,0,0,1,"13,41218","52,49875"
2987,192290,Berlin,2,2019,2,6,6,3,6,4,2,0,1,1,0,0,0,1,"13,41301","52,49193"
2988,192291,Berlin,2,2019,2,20,1,3,5,3,2,0,1,0,1,0,0,0,"13,38676","52,50101"
2989,192292,Berlin,1,2019,2,12,4,3,6,4,0,1,0,1,0,0,0,0,"13,40235","52,53106"
2990,192293,Berlin,9,2019,2,14,1,3,5,3,0,0,1,0,1,0,0,0,"13,57744","52,40234"
2991,192294,Berlin,12,2019,2,13,1,3,6,4,0,0,1,1,0,0,0,0,"13,34872","52,60318"
2992,192295,Berlin,12,2019,2,7,4,3,5,2,0,1,1,0,0,0,0,0,"13,30411","52,61956"
2993,192296,Berlin,3,2019,2,12,1,3,5,3,0,0,1,0,0,0,0,0,"13,42474","52,54694"
2994,192297,Berlin,4,2019,2,0,1,3,2,6,2,0,1,0,0,0,0,0,"13,2959","52,49784"
2995,192298,Berlin,2,2019,2,0,1,3,5,3,2,0,1,0,0,0,0,0,"13,38442","52,49676"
2996,192299,Berlin,1,2019,2,22,4,3,5,3,2,0,1,0,0,0,0,0,"13,39213","52,5078"
2997,192300,Berlin,2,2019,2,5,7,3,5,3,1,0,1,0,0,0,0,0,"13,42968","52,49823"
2998,192301,Berlin,10,2019,2,13,7,3,6,4,0,0,1,1,0,0,0,0,"13,56153","52,50162"
2999,192302,Berlin,10,2019,2,19,7,2,6,4,2,0,0,1,0,0,1,0,"13,55885","52,55635"
3000,192303,Berlin,2,2019,2,20,7,3,5,3,2,1,1,0,0,0,0,0,"13,42723","52,49911"
3001,192304,Berlin,11,2019,2,20,7,3,2,6,2,0,1,0,0,0,0,0,"13,55563","52,5702"
3002,192305,Berlin,12,2019,2,19,7,3,5,2,2,0,1,0,0,0,0,0,"13,30946","52,58391"
3003,192306,Berlin,4,2019,2,19,7,3,3,6,2,0,1,0,0,0,0,0,"13,29965","52,48736"
3004,192307,Berlin,5,2019,2,21,7,2,0,1,2,0,1,0,0,0,0,0,"13,20344","52,54084"
3005,192308,Berlin,4,2019,2,8,7,3,1,5,0,1,1,0,0,0,0,0,"13,31914","52,48739"
3006,192309,Berlin,6,2019,2,20,4,3,1,5,2,0,1,0,0,0,0,0,"13,28849","52,41824"
3007,192310,Berlin,5,2019,2,13,7,3,0,7,0,0,1,0,0,0,0,0,"13,19767","52,56724"
3008,192311,Berlin,4,2019,2,20,4,3,5,3,2,1,1,0,0,0,0,0,"13,30041","52,50788"
3009,192312,Berlin,3,2019,2,12,7,3,2,6,0,0,1,0,0,0,0,0,"13,42092","52,53338"
3010,192313,Berlin,7,2019,2,12,7,2,6,4,0,0,1,1,0,0,0,0,"13,40369","52,43958"
3011,192314,Berlin,11,2019,2,12,7,3,6,4,0,1,0,1,0,0,0,0,"13,50484","52,56341"
3012,192315,Berlin,4,2019,2,19,4,3,3,6,2,0,1,0,0,0,0,0,"13,28125","52,47711"
3013,192316,Berlin,4,2019,2,11,7,3,0,1,0,0,0,0,1,0,0,0,"13,30212","52,50674"
3014,192317,Berlin,9,2019,2,11,7,3,5,2,0,1,1,0,0,0,0,0,"13,49124","52,46904"
3015,192318,Berlin,4,2019,2,11,7,3,5,2,0,1,1,0,0,0,0,0,"13,27345","52,49997"
3016,192319,Berlin,12,2019,2,19,4,2,6,4,2,0,1,1,0,0,0,0,"13,28208","52,594"
3017,192320,Berlin,10,2019,2,10,7,3,2,6,0,0,1,0,0,0,0,0,"13,51913","52,52897"
3018,192321,Berlin,2,2019,2,1,7,3,1,5,2,1,1,0,0,0,0,0,"13,43214","52,50261"
3019,192322,Berlin,1,2019,2,19,4,3,5,2,2,1,0,0,0,0,1,0,"13,3855","52,50752"
3020,192323,Berlin,9,2019,2,3,7,2,5,3,2,0,1,0,0,0,0,0,"13,4542","52,49395"
3021,192324,Berlin,5,2019,2,9,7,3,5,2,0,0,1,0,0,0,0,0,"13,19427","52,54567"
3022,192325,Berlin,12,2019,2,10,7,3,6,7,0,0,1,1,0,0,0,0,"13,36384","52,60102"
3023,192326,Berlin,8,2019,2,19,4,3,6,2,2,0,1,1,0,0,0,0,"13,46097","52,43216"
3024,192327,Berlin,1,2019,2,10,7,3,2,6,0,0,1,0,0,0,0,0,"13,33947","52,52648"
3025,192328,Berlin,11,2019,2,19,5,2,0,1,2,1,0,0,0,0,0,0,"13,4721","52,50429"
3026,192329,Berlin,1,2019,2,19,7,3,2,6,2,0,1,0,0,0,0,0,"13,41627","52,52691"
3027,192330,Berlin,12,2019,2,17,7,3,5,3,1,0,1,0,0,0,1,0,"13,30929","52,57874"
3028,192331,Berlin,4,2019,2,18,4,3,1,5,1,1,1,0,0,0,0,0,"13,3122","52,50645"
3029,192332,Berlin,1,2019,2,10,5,3,1,5,0,1,1,0,0,0,0,0,"13,37981","52,52262"
3030,192333,Berlin,3,2019,2,17,7,3,2,6,2,0,1,0,0,0,0,0,"13,43116","52,55096"
3031,192334,Berlin,1,2019,2,16,7,3,5,3,0,1,1,0,0,0,0,0,"13,37434","52,52798"
3032,192335,Berlin,7,2019,2,18,4,3,5,3,2,0,1,0,0,0,0,0,"13,38487","52,41897"
3033,192336,Berlin,3,2019,2,15,7,3,5,3,0,0,1,0,0,0,0,0,"13,46294","52,54884"
3034,192337,Berlin,1,2019,2,13,7,3,6,7,0,0,1,1,0,0,0,0,"13,41298","52,5207"
3035,192338,Berlin,3,2019,2,17,4,3,2,7,1,1,1,0,0,0,0,0,"13,41463","52,53325"
3036,192339,Berlin,12,2019,2,13,7,2,6,7,0,0,0,1,0,0,1,0,"13,3682","52,57401"
3037,192340,Berlin,4,2019,2,9,6,3,0,5,0,0,1,0,1,0,0,0,"13,30867","52,49623"
3038,192341,Berlin,3,2019,2,18,4,3,5,3,1,1,0,0,0,0,0,0,"13,46428","52,52327"
3039,192342,Berlin,6,2019,2,18,6,3,3,2,2,1,1,0,0,0,0,1,"13,3065","52,41757"
3040,192343,Berlin,3,2019,2,13,4,3,5,2,0,1,1,0,0,0,0,0,"13,4147","52,55357"
3041,192344,Berlin,6,2019,2,14,6,3,2,6,0,0,1,0,0,0,0,0,"13,33235","52,45511"
3042,192345,Berlin,6,2019,2,8,6,3,2,6,0,0,1,0,0,0,1,0,"13,26826","52,40649"
3043,192346,Berlin,4,2019,2,17,4,3,5,2,0,1,1,0,0,0,0,0,"13,32012","52,48356"
3044,192347,Berlin,4,2019,2,21,6,3,5,2,2,1,1,0,0,0,0,0,"13,28766","52,49606"
3045,192348,Berlin,11,2019,2,13,6,3,6,4,0,0,1,1,0,0,0,0,"13,49319","52,56813"
3046,192349,Berlin,1,2019,2,12,6,3,5,2,0,1,0,0,0,1,0,0,"13,34489","52,53904"
3047,192350,Berlin,1,2019,2,16,4,3,2,6,1,0,1,0,0,0,1,0,"13,39494","52,55511"
3048,192351,Berlin,2,2019,2,13,6,3,6,2,0,0,1,1,0,0,0,0,"13,43332","52,51987"
3049,192352,Berlin,5,2019,2,13,6,3,6,4,0,0,1,1,0,0,0,0,"13,19885","52,53489"
3050,192353,Berlin,1,2019,2,14,6,3,2,2,0,1,1,0,0,0,0,0,"13,37365","52,55694"
3051,192354,Berlin,6,2019,2,17,4,3,2,6,2,1,1,0,0,0,0,0,"13,22963","52,42207"
3052,192355,Berlin,3,2019,2,13,6,3,0,3,0,1,0,0,1,0,0,0,"13,41418","52,53285"
3053,192356,Berlin,3,2019,2,14,6,3,2,6,0,0,1,0,0,0,0,0,"13,47879","52,64309"
3054,192357,Berlin,2,2019,2,14,6,3,1,5,0,1,1,0,0,0,0,0,"13,43316","52,51907"
3055,192358,Berlin,8,2019,2,16,4,3,1,5,0,0,1,0,0,0,0,0,"13,425","52,42015"
3056,192359,Berlin,9,2019,2,14,6,3,6,4,0,0,1,1,0,0,0,0,"13,51211","52,46742"
3057,192360,Berlin,9,2019,2,10,4,3,2,6,0,0,1,0,0,0,0,0,"13,52866","52,42637"
3058,192361,Berlin,2,2019,2,7,6,3,6,7,0,0,1,1,0,0,0,0,"13,44074","52,52442"
3059,192362,Berlin,2,2019,2,15,6,3,5,3,0,1,1,0,0,0,0,0,"13,43841","52,51183"
3060,192363,Berlin,1,2019,2,15,4,3,5,3,0,0,1,0,0,0,0,0,"13,39075","52,5402"
3061,192364,Berlin,2,2019,2,12,6,3,5,7,0,1,1,0,0,0,0,0,"13,40716","52,48599"
3062,192365,Berlin,7,2019,2,5,6,3,0,5,2,0,0,0,0,0,1,0,"13,32827","52,46818"
3063,192366,Berlin,1,2019,2,16,6,3,5,3,0,0,1,0,0,0,0,0,"13,40106","52,5104"
3064,192367,Berlin,4,2019,2,15,4,3,1,5,0,1,1,0,0,0,0,0,"13,31598","52,50099"
3065,192368,Berlin,2,2019,2,11,6,3,5,5,0,0,1,0,1,0,0,0,"13,42862","52,49853"
3066,192369,Berlin,2,2019,2,16,6,3,1,5,0,1,1,0,0,0,1,0,"13,44167","52,50437"
3067,192370,Berlin,3,2019,2,11,6,3,5,2,0,0,0,0,1,1,0,1,"13,44631","52,55868"
3068,192371,Berlin,11,2019,2,16,6,3,2,7,0,0,1,0,0,0,0,0,"13,51181","52,55457"
3069,192372,Berlin,8,2019,2,15,4,2,6,4,0,0,1,1,0,0,0,0,"13,49423","52,41877"
3070,192373,Berlin,4,2019,2,11,6,3,2,6,0,0,0,0,0,1,1,0,"13,29972","52,5231"
3071,192374,Berlin,4,2019,2,10,6,3,5,3,0,0,1,0,0,0,0,0,"13,31117","52,49608"
3072,192375,Berlin,1,2019,2,18,6,3,1,5,1,1,1,0,0,0,0,0,"13,40046","52,52365"
3073,192376,Berlin,5,2019,2,7,4,3,0,2,0,1,1,0,0,0,0,0,"13,19529","52,53309"
3074,192377,Berlin,3,2019,2,14,6,3,5,2,0,1,1,0,0,0,0,0,"13,41316","52,54768"
3075,192378,Berlin,3,2019,2,19,6,3,2,6,2,0,1,0,1,0,0,0,"13,40579","52,54611"
3076,192379,Berlin,4,2019,2,5,4,3,6,4,2,0,1,1,0,0,0,0,"13,30367","52,50439"
3077,192380,Berlin,11,2019,2,10,6,3,5,2,0,1,1,0,0,0,0,0,"13,47951","52,51665"
3078,192381,Berlin,4,2019,2,19,6,3,6,7,2,0,1,1,0,0,0,0,"13,31895","52,49813"
3079,192382,Berlin,2,2019,2,20,6,3,5,3,2,1,1,0,0,0,0,0,"13,46398","52,51309"
3080,192383,Berlin,5,2019,2,7,3,3,2,6,0,0,1,0,0,0,0,0,"13,20412","52,53601"
3081,192384,Berlin,7,2019,2,20,6,3,6,4,2,1,0,1,0,0,0,0,"13,41221","52,38777"
3082,192385,Berlin,4,2019,2,21,6,3,5,2,2,0,1,0,0,0,0,0,"13,30795","52,48851"
3083,192386,Berlin,10,2019,2,11,6,2,5,3,0,1,1,0,0,0,0,0,"13,61865","52,51845"
3084,192387,Berlin,5,2019,2,13,3,3,5,3,0,0,1,0,0,0,0,0,"13,20263","52,54984"
3085,192388,Berlin,1,2019,2,9,6,3,2,6,0,0,1,0,0,0,1,0,"13,35897","52,5462"
3086,192389,Berlin,8,2019,2,14,6,3,5,2,0,0,1,0,0,0,1,0,"13,42128","52,41923"
3087,192390,Berlin,10,2019,2,7,3,3,5,3,0,0,1,0,0,0,1,0,"13,57278","52,55017"
3088,192391,Berlin,12,2019,2,16,6,2,3,6,0,1,1,0,0,0,0,0,"13,26123","52,57349"
3089,192392,Berlin,6,2019,2,20,6,3,0,1,2,0,0,0,1,0,0,0,"13,3589","52,43724"
3090,192393,Berlin,9,2019,2,16,6,2,0,1,0,0,0,0,1,0,0,0,"13,58667","52,45145"
3091,192394,Berlin,12,2019,2,12,3,3,6,4,0,0,1,1,0,0,0,0,"13,29393","52,55258"
3092,192395,Berlin,7,2019,2,16,5,3,3,6,0,0,1,0,0,0,0,0,"13,34519","52,49026"
3093,192396,Berlin,7,2019,2,15,5,3,5,2,0,0,1,0,0,0,1,0,"13,36197","52,44725"
3094,192397,Berlin,7,2019,2,18,5,2,6,2,2,0,1,1,0,0,0,1,"13,34501","52,49219"
3095,192398,Berlin,7,2019,2,15,3,3,5,3,0,0,1,0,0,0,0,0,"13,40189","52,39104"
3096,192399,Berlin,8,2019,2,16,5,3,1,5,0,0,1,0,0,0,0,1,"13,44826","52,47871"
3097,192400,Berlin,8,2019,2,20,5,3,6,2,2,0,1,1,0,0,0,0,"13,43795","52,48287"
3098,192401,Berlin,7,2019,2,11,5,3,2,6,0,0,1,0,0,0,0,1,"13,32809","52,46464"
3099,192402,Berlin,4,2019,2,21,5,3,6,2,2,0,1,1,0,0,0,1,"13,29055","52,47531"
3100,192403,Berlin,10,2019,2,12,3,3,5,3,0,0,1,0,0,0,0,0,"13,60094","52,47932"
3101,192404,Berlin,1,2019,2,19,5,2,5,2,2,0,1,0,1,0,0,1,"13,37187","52,5091"
3102,192405,Berlin,2,2019,2,19,5,3,6,2,2,0,1,1,0,0,0,1,"13,41916","52,50132"
3103,192406,Berlin,2,2019,2,9,3,3,3,6,0,1,0,0,0,1,0,0,"13,4446","52,50083"
3104,192407,Berlin,1,2019,2,19,5,3,5,3,2,1,1,0,0,0,0,1,"13,34433","52,50417"
3105,192408,Berlin,8,2019,2,19,5,3,5,2,2,0,0,0,1,0,1,1,"13,43358","52,48483"
3106,192409,Berlin,2,2019,2,9,3,3,5,2,0,1,1,0,0,0,0,0,"13,44093","52,50477"
3107,192410,Berlin,10,2019,2,19,5,2,6,2,2,0,1,1,0,0,0,1,"13,62611","52,52937"
3108,192411,Berlin,4,2019,2,13,4,3,6,2,0,0,1,1,0,0,0,0,"13,25994","52,51607"
3109,192412,Berlin,7,2019,2,18,5,3,5,2,1,0,1,0,1,0,0,1,"13,39642","52,44012"
3110,192413,Berlin,5,2019,2,17,5,3,5,7,2,0,1,0,1,0,0,1,"13,2359","52,54187"
3111,192414,Berlin,1,2019,2,8,3,3,5,2,0,1,1,0,0,0,0,0,"13,36559","52,50311"
3112,192415,Berlin,3,2019,2,17,5,3,5,3,2,1,1,0,0,0,0,1,"13,43647","52,54844"
3113,192416,Berlin,1,2019,2,15,4,3,2,6,0,0,1,0,0,0,0,0,"13,40309","52,51601"
3114,192417,Berlin,4,2019,2,16,5,3,5,7,0,0,1,0,0,0,0,1,"13,30432","52,50357"
3115,192418,Berlin,12,2019,2,16,5,3,0,2,0,1,1,0,0,0,0,1,"13,28055","52,59381"
3116,192419,Berlin,9,2019,2,6,3,3,3,6,0,0,1,0,0,0,0,0,"13,51092","52,45004"
3117,192420,Berlin,6,2019,2,10,5,3,0,7,0,0,1,0,0,0,0,1,"13,25994","52,42926"
3118,192421,Berlin,11,2019,2,8,5,3,2,2,0,0,1,0,0,0,0,1,"13,46984","52,50231"
3119,192422,Berlin,8,2019,2,8,5,3,5,2,0,0,1,0,0,0,1,1,"13,435","52,43927"
3120,192423,Berlin,11,2019,2,18,3,3,1,1,2,0,1,0,0,0,0,0,"13,51615","52,54312"
3121,192424,Berlin,1,2019,2,8,5,3,6,7,0,0,1,1,0,0,0,1,"13,38529","52,52015"
3122,192425,Berlin,10,2019,2,7,5,3,5,2,0,0,1,0,0,0,1,0,"13,54899","52,52801"
3123,192426,Berlin,1,2019,2,6,5,3,6,2,0,0,1,1,0,0,0,1,"13,40168","52,53986"
3124,192427,Berlin,6,2019,2,8,4,3,5,7,0,0,1,0,0,0,0,0,"13,30761","52,44034"
3125,192428,Berlin,9,2019,2,6,5,2,5,2,0,1,1,0,0,0,0,1,"13,5719","52,43004"
3126,192429,Berlin,1,2019,2,1,5,3,1,1,2,0,1,0,0,0,0,0,"13,38808","52,55159"