,id,city,district,year,month,hour,weekday,injury_level,collision,movement,light_conditions,bicycle,car,pedestrian,motorbike,truck,other_vehicle,road_conditions,longitude,latitude
3127,192430,Berlin,3,2019,2,5,3,3,2,6,2,0,1,0,0,0,0,0,"13,49682","52,63457"
3128,192431,Berlin,4,2019,2,6,5,3,5,2,1,0,1,0,1,0,0,1,"13,29318","52,53451"
3129,192432,Berlin,1,2019,2,13,5,3,5,3,0,0,1,0,0,0,0,0,"13,38274","52,54214"
3130,192433,Berlin,2,2019,2,12,5,3,5,3,0,0,1,0,1,0,0,1,"13,44342","52,51793"
3131,192434,Berlin,1,2019,2,12,5,3,2,6,0,0,1,0,0,0,0,0,"13,38753","52,51865"
3132,192435,Berlin,4,2019,2,0,3,3,5,3,2,0,1,0,0,0,0,0,"13,22172","52,51117"
3133,192436,Berlin,10,2019,2,12,5,3,6,4,0,0,1,1,0,0,0,1,"13,53453","52,5273"
3134,192437,Berlin,5,2019,2,11,5,2,2,6,0,0,1,0,0,0,1,0,"13,23619","52,52697"
3135,192438,Berlin,8,2019,2,11,5,2,6,2,0,0,0,1,0,0,1,1,"13,42129","52,41309"
3136,192439,Berlin,5,2019,2,16,3,2,5,2,0,0,1,0,0,0,0,0,"13,26494","52,53666"
3137,192440,Berlin,7,2019,2,9,5,3,0,6,0,1,1,0,0,0,0,0,"13,3663","52,44941"
3138,192441,Berlin,3,2019,2,11,5,2,6,3,0,0,1,1,0,0,0,0,"13,44309","52,5711"
3139,192442,Berlin,7,2019,2,10,5,3,5,3,0,0,1,0,0,0,0,1,"13,35874","52,47453"
3140,192443,Berlin,1,2019,2,18,4,3,3,6,2,1,0,0,0,0,0,0,"13,39342","52,52602"
3141,192444,Berlin,10,2019,2,14,4,3,2,6,0,0,1,0,0,0,0,0,"13,56538","52,52493"
3142,192445,Berlin,12,2019,2,8,4,3,0,6,0,0,1,0,0,0,0,0,"13,30029","52,58092"
3143,192446,Berlin,1,2019,2,17,4,3,0,3,0,1,1,0,0,0,0,0,"13,36375","52,5082"
3144,192447,Berlin,11,2019,2,16,3,3,2,2,0,1,1,0,0,0,1,0,"13,51198","52,51014"
3145,192448,Berlin,6,2019,2,8,4,3,6,4,0,0,1,1,0,0,0,0,"13,35398","52,44913"
3146,192449,Berlin,3,2019,2,5,4,3,5,2,2,1,1,0,0,0,0,0,"13,48125","52,60935"
3147,192450,Berlin,3,2019,2,7,4,3,5,3,0,0,1,0,0,0,0,0,"13,40189","52,58735"
3148,192451,Berlin,8,2019,2,11,3,2,0,1,0,0,0,0,1,0,0,0,"13,43826","52,45346"
3149,192452,Berlin,7,2019,2,7,4,3,5,3,0,1,1,0,0,0,0,0,"13,41908","52,39748"
3150,192453,Berlin,10,2019,2,11,5,3,5,3,0,0,1,0,0,0,0,0,"13,58946","52,52328"
3151,192454,Berlin,8,2019,2,12,4,3,2,6,0,0,1,0,0,0,0,0,"13,40967","52,48193"
3152,192455,Berlin,10,2019,2,13,4,3,0,3,0,0,1,0,0,0,1,0,"13,51698","52,53564"
3153,192456,Berlin,2,2019,2,16,3,3,3,6,0,1,1,0,0,0,0,0,"13,39514","52,49694"
3154,192457,Berlin,4,2019,2,10,4,3,6,2,0,0,1,1,0,0,0,0,"13,3073","52,49995"
3155,192458,Berlin,8,2019,2,11,4,3,0,2,0,0,1,0,1,0,0,0,"13,42539","52,47977"
3156,192459,Berlin,1,2019,2,11,4,3,1,5,0,1,1,0,0,0,0,0,"13,33731","52,52653"
3157,192460,Berlin,5,2019,2,14,4,3,5,3,0,0,1,0,0,0,0,0,"13,22266","52,54001"
3158,192461,Berlin,1,2019,2,18,2,2,0,7,2,0,0,0,1,0,0,0,"13,42046","52,52478"
3159,192462,Berlin,1,2019,2,11,4,3,6,3,0,0,1,1,0,0,0,0,"13,34629","52,52496"
3160,192463,Berlin,1,2019,2,13,4,3,5,2,0,1,1,0,0,0,0,0,"13,34615","52,52498"
3161,192464,Berlin,8,2019,2,14,2,3,1,5,0,0,1,0,0,0,0,0,"13,44586","52,48604"
3162,192465,Berlin,2,2019,2,14,4,3,3,6,0,1,1,0,0,0,0,0,"13,44121","52,50057"
3163,192466,Berlin,4,2019,2,15,4,3,5,2,0,0,1,0,0,0,0,0,"13,33428","52,50782"
3164,192467,Berlin,4,2019,2,10,4,3,0,1,0,0,0,0,1,0,0,0,"13,31349","52,51531"
3165,192468,Berlin,1,2019,2,8,2,3,2,6,0,0,0,0,0,1,1,0,"13,32703","52,53611"
3166,192469,Berlin,5,2019,2,16,4,2,5,3,0,0,1,0,0,0,0,0,"13,18481","52,54758"
3167,192470,Berlin,7,2019,2,17,5,3,5,2,1,0,1,0,0,0,0,0,"13,34493","52,49036"
3168,192471,Berlin,3,2019,2,17,4,2,6,4,0,0,1,1,0,0,0,0,"13,4555","52,5462"
3169,192472,Berlin,8,2019,2,17,4,3,2,6,1,0,1,0,0,0,0,0,"13,43391","52,44302"
3170,192473,Berlin,10,2019,2,7,2,3,0,7,0,1,0,0,0,0,0,0,"13,54808","52,53398"
3171,192474,Berlin,3,2019,2,18,4,2,6,4,1,0,1,1,0,0,0,0,"13,43548","52,54542"
3172,192475,Berlin,2,2019,2,12,3,3,5,2,0,0,1,0,0,0,0,0,"13,38946","52,49601"
3173,192476,Berlin,6,2019,2,18,2,3,5,2,2,1,0,0,0,0,1,0,"13,31","52,46671"
3174,192477,Berlin,3,2019,2,17,2,3,1,5,1,1,0,0,0,1,0,0,"13,46763","52,5707"
3175,192478,Berlin,4,2019,2,8,3,3,0,4,0,1,0,1,0,0,0,0,"13,31395","52,50676"
3176,192479,Berlin,1,2019,2,10,3,3,5,7,0,0,1,0,0,0,0,0,"13,38542","52,51898"
3177,192480,Berlin,3,2019,2,17,2,2,6,4,0,0,1,1,0,0,0,0,"13,39736","52,56585"
3178,192481,Berlin,4,2019,2,16,3,3,1,5,0,1,1,0,0,0,0,0,"13,30844","52,50022"
3179,192482,Berlin,5,2019,2,15,3,3,5,7,0,0,1,0,1,0,0,0,"13,16537","52,55115"
3180,192483,Berlin,6,2019,2,16,2,3,0,2,0,1,0,0,0,0,1,0,"13,26654","52,43057"
3181,192484,Berlin,3,2019,2,14,3,3,4,7,0,0,1,0,0,0,0,0,"13,45337","52,55836"
3182,192485,Berlin,2,2019,2,12,4,3,2,6,0,0,1,0,0,0,0,0,"13,42284","52,48688"
3183,192486,Berlin,12,2019,2,12,3,3,5,3,0,0,1,0,0,0,1,0,"13,30594","52,55471"
3184,192487,Berlin,12,2019,2,11,3,3,5,3,0,0,1,0,0,0,1,0,"13,33853","52,58996"
3185,192488,Berlin,2,2019,2,16,2,3,5,3,0,0,1,0,0,0,0,0,"13,3944","52,48469"
3186,192489,Berlin,6,2019,2,10,3,3,2,6,0,0,1,0,0,0,0,0,"13,34398","52,43862"
3187,192490,Berlin,11,2019,2,9,3,3,2,4,0,0,1,1,1,0,0,0,"13,50537","52,56322"
3188,192491,Berlin,9,2019,2,9,3,3,0,1,0,1,0,0,0,0,0,0,"13,58819","52,42094"
3189,192492,Berlin,12,2019,2,16,2,3,5,3,0,0,1,0,1,0,0,0,"13,30594","52,55471"
3190,192493,Berlin,2,2019,2,8,3,3,5,7,0,1,1,0,0,0,0,0,"13,46429","52,5137"
3191,192494,Berlin,1,2019,2,8,3,3,5,3,0,1,1,0,0,0,0,0,"13,3332","52,5609"
3192,192495,Berlin,1,2019,2,8,3,3,5,2,0,1,1,0,0,0,0,0,"13,34272","52,52532"
3193,192496,Berlin,12,2019,2,7,3,3,6,4,0,1,0,1,0,0,0,0,"13,29193","52,57552"
3194,192497,Berlin,1,2019,2,22,3,3,0,7,2,1,0,0,0,0,0,0,"13,37482","52,50865"
3195,192498,Berlin,8,2019,2,20,3,3,6,4,2,0,1,1,0,0,0,1,"13,43187","52,46656"
3196,192499,Berlin,8,2019,2,18,3,3,5,2,2,1,1,0,0,0,0,0,"13,44001","52,48694"
3197,192500,Berlin,6,2019,2,11,4,3,5,2,0,1,1,0,0,0,0,0,"13,23226","52,43771"
3198,192501,Berlin,12,2019,2,17,3,3,3,6,2,1,1,0,0,0,0,0,"13,37799","52,56451"
3199,192502,Berlin,1,2019,2,17,3,3,2,6,2,1,1,0,0,0,0,0,"13,41802","52,51518"
3200,192503,Berlin,12,2019,2,15,2,3,0,7,0,0,0,0,0,0,1,0,"13,22644","52,58325"
3201,192504,Berlin,1,2019,2,17,3,3,6,4,1,0,1,1,0,0,0,0,"13,31597","52,52917"
3202,192505,Berlin,9,2019,2,14,2,3,5,2,0,0,1,0,0,0,0,0,"13,53534","52,41069"
3203,192506,Berlin,8,2019,2,7,2,3,5,3,0,0,1,0,0,0,0,0,"13,43111","52,47825"
3204,192507,Berlin,6,2019,2,15,2,3,2,6,0,0,1,0,0,0,1,0,"13,31093","52,43073"
3205,192508,Berlin,2,2019,2,19,2,3,1,5,2,1,1,0,0,0,1,0,"13,43514","52,50819"
3206,192509,Berlin,9,2019,2,13,2,2,6,4,0,1,0,1,0,0,0,0,"13,57669","52,45519"
3207,192510,Berlin,1,2019,2,21,2,3,5,3,2,1,1,0,0,0,0,0,"13,35154","52,50556"
3208,192511,Berlin,2,2019,2,19,2,3,3,6,2,0,1,0,1,0,0,0,"13,41682","52,49895"
3209,192512,Berlin,9,2019,2,17,2,3,2,7,2,0,1,0,0,0,0,0,"13,56961","52,44219"
3210,192513,Berlin,7,2019,2,17,2,3,6,4,1,1,0,1,0,0,0,0,"13,35376","52,49391"
3211,192514,Berlin,2,2019,2,15,2,3,4,5,0,1,0,0,0,0,0,0,"13,38816","52,48991"
3212,192515,Berlin,4,2019,2,17,2,2,0,6,0,0,1,0,0,0,1,0,"13,3368","52,50522"
3213,192516,Berlin,8,2019,2,17,2,3,6,4,0,0,1,1,0,0,0,0,"13,42501","52,48101"
3214,192517,Berlin,2,2019,2,9,4,2,5,3,0,0,1,0,0,0,0,0,"13,39711","52,50035"
3215,192518,Berlin,12,2019,2,14,2,3,5,3,0,1,1,0,0,0,0,0,"13,37838","52,56596"
3216,192519,Berlin,8,2019,2,14,2,3,5,3,0,0,1,0,0,0,0,0,"13,4646","52,47021"
3217,192520,Berlin,10,2019,2,14,2,3,2,6,0,0,1,0,0,0,0,0,"13,59175","52,53696"
3218,192521,Berlin,11,2019,2,12,2,3,5,3,0,1,0,0,0,0,1,0,"13,49968","52,53459"
3219,192522,Berlin,10,2019,2,11,2,3,3,6,0,0,1,0,0,0,0,0,"13,51667","52,5353"
3220,192523,Berlin,3,2019,2,11,2,3,0,5,0,1,1,0,0,0,0,0,"13,40717","52,58256"
3221,192524,Berlin,5,2019,2,14,2,3,3,6,0,1,1,0,0,0,0,0,"13,18803","52,55553"
3222,192525,Berlin,9,2019,2,11,2,2,0,1,0,1,0,0,0,0,0,0,"13,57755","52,44466"
3223,192526,Berlin,1,2019,2,10,2,3,2,6,0,0,1,0,0,0,0,0,"13,35437","52,54696"
3224,192527,Berlin,4,2019,2,8,2,2,6,4,0,0,1,1,0,0,0,0,"13,28879","52,51183"
3225,192528,Berlin,8,2019,2,13,2,3,1,1,0,0,1,0,0,0,1,0,"13,46281","52,43286"
3226,192529,Berlin,1,2019,2,17,2,3,5,3,0,0,1,0,1,0,0,0,"13,39604","52,53243"
3227,192530,Berlin,7,2019,2,16,2,3,5,2,0,1,0,0,0,0,0,0,"13,35408","52,48728"
3228,192531,Berlin,11,2019,2,13,2,2,6,4,0,0,1,1,0,0,0,0,"13,49729","52,5466"
3229,192532,Berlin,3,2019,2,16,2,3,5,2,0,1,1,0,0,0,0,0,"13,43472","52,61309"
3230,192533,Berlin,6,2019,2,16,2,3,5,2,0,0,1,0,0,0,0,0,"13,29383","52,44559"
3231,192534,Berlin,12,2019,2,13,2,3,2,6,0,0,1,0,1,0,0,0,"13,3199","52,57599"
3232,192535,Berlin,1,2019,2,15,2,3,3,2,0,0,1,0,1,0,0,0,"13,35021","52,51369"
3233,192536,Berlin,4,2019,2,15,5,2,5,3,0,0,1,0,0,0,0,0,"13,28977","52,47076"
3234,192537,Berlin,9,2019,2,14,2,3,5,3,0,1,1,0,0,0,0,0,"13,53425","52,45726"
3235,192538,Berlin,1,2019,2,14,2,3,5,5,0,0,1,0,1,0,0,0,"13,34186","52,52549"
3236,192539,Berlin,9,2019,2,10,2,3,6,4,0,0,1,1,0,0,0,0,"13,48422","52,46314"
3237,192540,Berlin,3,2019,2,20,1,3,6,4,2,0,1,1,0,0,0,0,"13,44064","52,54052"
3238,192541,Berlin,1,2019,2,23,5,3,5,2,2,0,1,0,0,0,0,0,"13,37122","52,51111"
3239,192542,Berlin,7,2019,2,13,1,3,1,5,0,1,1,0,0,0,0,0,"13,34345","52,48419"
3240,192543,Berlin,8,2019,2,14,1,3,2,6,0,0,1,0,0,0,0,0,"13,40601","52,41562"
3241,192544,Berlin,3,2019,2,10,2,3,3,6,0,0,1,0,0,1,0,0,"13,40643","52,588"
3242,192545,Berlin,9,2019,2,9,1,3,3,6,0,1,0,0,0,0,1,0,"13,51201","52,44878"
3243,192546,Berlin,5,2019,2,18,1,2,2,4,2,0,1,1,0,0,0,0,"13,19976","52,53476"
3244,192547,Berlin,11,2019,2,10,2,3,6,2,0,0,1,1,0,0,0,0,"13,50968","52,4963"
3245,192548,Berlin,4,2019,2,16,1,3,1,5,0,1,1,0,0,0,0,0,"13,31662","52,47002"
3246,192549,Berlin,2,2019,2,21,1,2,6,2,2,0,1,1,0,0,0,0,"13,38647","52,50531"
3247,192550,Berlin,1,2019,2,9,2,3,0,7,0,0,1,0,1,0,0,0,"13,38805","52,52157"
3248,192551,Berlin,2,2019,2,21,1,2,5,2,2,0,1,0,1,0,0,0,"13,44063","52,51708"
3249,192552,Berlin,11,2019,2,13,4,3,5,2,0,1,1,0,0,0,0,0,"13,46887","52,53135"
3250,192553,Berlin,1,2019,2,17,1,3,5,2,1,1,1,0,0,0,0,0,"13,40122","52,51116"
3251,192554,Berlin,9,2019,2,15,1,3,6,4,0,1,0,1,0,0,0,0,"13,58027","52,44326"
3252,192555,Berlin,4,2019,2,9,2,3,5,7,0,0,1,0,0,0,1,0,"13,30789","52,48865"
3253,192556,Berlin,1,2019,2,15,1,3,6,2,0,0,1,1,0,0,0,0,"13,38416","52,55604"
3254,192557,Berlin,2,2019,2,15,1,3,2,6,0,1,1,0,0,0,0,0,"13,44478","52,49959"
3255,192558,Berlin,11,2019,2,14,1,3,5,3,0,0,1,0,0,0,0,0,"13,47597","52,53308"
3256,192559,Berlin,12,2019,2,8,2,3,2,6,0,0,1,0,0,0,0,0,"13,29535","52,6104"
3257,192560,Berlin,1,2019,2,14,1,3,2,1,0,1,1,0,0,0,0,0,"13,35623","52,54205"
3258,192561,Berlin,4,2019,2,3,1,3,9,1,2,0,1,0,0,0,0,0,"13,29487","52,53963"
3259,192562,Berlin,2,2019,2,14,1,3,1,5,0,0,1,0,0,0,0,0,"13,43295","52,50533"
3260,192563,Berlin,1,2019,2,22,2,3,5,2,2,1,1,0,0,0,0,0,"13,41671","52,52187"
3261,192564,Berlin,1,2019,2,18,1,2,5,2,2,1,1,0,0,0,0,0,"13,39626","52,51759"
3262,192565,Berlin,7,2019,2,21,1,2,5,2,2,0,1,0,0,0,1,0,"13,34533","52,48459"
3263,192566,Berlin,10,2019,2,15,1,2,5,2,0,0,1,0,0,0,0,0,"13,5775","52,54779"
3264,192567,Berlin,12,2019,2,5,2,3,2,6,2,0,1,0,0,0,0,0,"13,37708","52,56095"
3265,192568,Berlin,2,2019,2,8,1,3,1,5,0,0,1,0,0,0,1,0,"13,38501","52,48497"
3266,192569,Berlin,6,2019,2,8,4,3,5,3,0,1,1,0,0,0,0,0,"13,19787","52,43508"
3267,192570,Berlin,11,2019,2,10,7,3,5,2,0,0,1,0,1,0,0,0,"13,51392","52,57623"
3268,192571,Berlin,1,2019,2,2,7,3,6,4,2,0,1,1,0,0,0,0,"13,36775","52,52583"
3269,192572,Berlin,9,2019,2,6,2,3,2,6,1,0,1,0,0,0,0,0,"13,58538","52,42785"
3270,192573,Berlin,4,2019,2,22,7,3,5,3,2,1,1,0,0,0,0,0,"13,33155","52,50513"
3271,192574,Berlin,2,2019,2,21,7,3,3,6,2,1,1,0,0,0,0,0,"13,42602","52,50371"
3272,192575,Berlin,4,2019,2,18,7,3,1,5,2,0,1,0,0,0,0,0,"13,30926","52,50787"
3273,192576,Berlin,12,2019,2,7,2,3,3,6,0,0,1,0,0,1,0,0,"13,32976","52,56852"
3274,192577,Berlin,10,2019,2,17,7,3,5,3,1,0,1,0,0,0,1,0,"13,58874","52,53932"
3275,192578,Berlin,7,2019,2,11,7,3,5,2,0,1,1,0,0,0,0,0,"13,34356","52,50152"
3276,192579,Berlin,3,2019,2,9,7,3,5,3,0,0,1,0,0,0,0,0,"13,47403","52,60998"
3277,192580,Berlin,5,2019,2,16,7,3,0,7,0,0,1,0,0,0,0,0,"13,18891","52,55792"
3278,192581,Berlin,12,2019,2,20,2,3,1,5,2,0,1,0,0,0,0,0,"13,32246","52,56751"
3279,192582,Berlin,4,2019,2,15,7,3,6,4,0,0,1,1,0,0,0,0,"13,33035","52,50531"
3280,192583,Berlin,8,2019,2,14,7,3,5,2,0,1,1,0,0,0,0,0,"13,44281","52,46506"
3281,192584,Berlin,2,2019,2,14,7,3,2,6,0,0,1,0,0,0,0,0,"13,40012","52,49449"
3282,192585,Berlin,3,2019,2,7,4,3,5,2,0,1,1,0,0,0,0,0,"13,48002","52,55327"
3283,192586,Berlin,4,2019,2,13,7,2,6,7,0,0,1,1,0,0,0,0,"13,31316","52,49017"
3284,192587,Berlin,7,2019,2,13,7,3,6,4,0,0,1,1,0,0,0,0,"13,37755","52,48339"
3285,192588,Berlin,10,2019,2,19,2,3,6,7,2,0,1,1,0,0,0,0,"13,54333","52,53319"
3286,192589,Berlin,7,2019,2,13,7,3,2,6,0,0,1,0,0,0,0,0,"13,37816","52,4077"
3287,192590,Berlin,1,2019,2,20,6,2,5,3,2,1,1,0,0,0,0,0,"13,38209","52,51911"
3288,192591,Berlin,5,2019,2,19,6,3,2,6,2,0,1,0,0,0,0,0,"13,20592","52,53952"
3289,192592,Berlin,12,2019,2,7,2,3,1,5,0,1,1,0,0,0,0,0,"13,30627","52,62004"
3290,192593,Berlin,3,2019,2,21,6,3,6,4,2,1,0,1,0,0,0,0,"13,42053","52,54865"
3291,192594,Berlin,5,2019,2,10,5,2,1,7,0,0,1,0,0,0,1,0,"13,19881","52,55325"
3292,192595,Berlin,4,2019,2,20,6,3,2,6,2,0,1,0,1,0,0,0,"13,28193","52,53383"
3293,192596,Berlin,12,2019,2,18,6,3,2,6,2,0,1,0,0,0,0,0,"13,35138","52,59643"
3294,192597,Berlin,10,2019,2,21,2,2,9,1,2,0,0,0,1,0,0,0,"13,5697","52,51701"
3295,192598,Berlin,9,2019,2,8,6,3,5,3,0,0,1,0,0,0,1,0,"13,59307","52,43275"
3296,192599,Berlin,4,2019,2,8,6,3,1,5,0,0,1,0,1,0,0,0,"13,34018","52,50385"
3297,192600,Berlin,8,2019,2,8,6,3,6,4,0,0,1,1,0,0,0,0,"13,44716","52,48387"
3298,192601,Berlin,4,2019,2,7,6,3,5,2,0,1,1,0,0,0,0,0,"13,33103","52,48927"
3299,192602,Berlin,7,2019,2,7,2,3,0,1,0,0,0,0,1,0,0,0,"13,33446","52,46824"
3300,192603,Berlin,1,2019,2,15,6,2,6,2,0,0,1,1,0,0,0,0,"13,33577","52,52043"
3301,192604,Berlin,12,2019,2,15,6,3,2,6,0,0,1,0,0,0,0,0,"13,34134","52,58839"
3302,192605,Berlin,3,2019,2,8,2,3,5,3,0,1,1,0,0,0,0,0,"13,39736","52,58003"
3303,192606,Berlin,1,2019,2,15,6,3,1,5,0,1,1,0,0,0,0,0,"13,37394","52,51151"
3304,192607,Berlin,9,2019,2,16,6,2,2,7,0,1,1,0,0,0,0,0,"13,45654","52,48714"
3305,192608,Berlin,1,2019,2,7,6,2,2,7,0,1,0,0,0,0,0,0,"13,36108","52,55538"
3306,192609,Berlin,4,2019,2,16,1,3,2,6,0,0,1,0,0,0,0,0,"13,32612","52,53831"
3307,192610,Berlin,10,2019,2,7,6,3,3,6,0,0,1,0,0,1,0,0,"13,58727","52,52239"
3308,192611,Berlin,11,2019,2,18,5,3,2,6,1,0,1,0,0,0,0,0,"13,47304","52,53642"
3309,192612,Berlin,8,2019,2,7,6,3,6,2,0,0,1,1,0,0,0,0,"13,43385","52,48981"
3310,192613,Berlin,7,2019,2,7,6,3,5,3,1,1,1,0,0,0,0,0,"13,3899","52,45311"
3311,192614,Berlin,7,2019,2,16,1,3,0,7,0,0,0,1,0,0,1,0,"13,39305","52,41264"
3312,192615,Berlin,1,2019,2,6,6,3,2,6,0,0,1,0,0,0,0,0,"13,37714","52,51208"
3313,192616,Berlin,2,2019,2,5,6,2,5,2,2,1,1,0,0,0,0,0,"13,37671","52,48948"
3314,192617,Berlin,9,2019,2,16,1,3,2,6,0,0,1,0,0,0,0,0,"13,55016","52,43867"
3315,192618,Berlin,9,2019,2,5,6,2,3,6,2,0,1,0,0,1,0,0,"13,51918","52,47286"
3316,192619,Berlin,3,2019,2,16,6,3,6,4,0,0,1,1,0,0,0,0,"13,45226","52,55786"
3317,192620,Berlin,8,2019,2,16,1,3,1,5,0,0,1,0,0,0,1,0,"13,45507","52,43527"
3318,192621,Berlin,3,2019,2,16,6,2,2,6,1,0,1,0,0,0,0,0,"13,41752","52,56862"
3319,192622,Berlin,8,2019,2,17,6,3,1,1,1,0,1,0,0,0,1,0,"13,41719","52,41777"
3320,192623,Berlin,2,2019,2,8,6,3,2,3,0,1,1,0,0,0,0,0,"13,38935","52,49611"
3321,192624,Berlin,1,2019,2,16,1,3,5,7,0,0,1,0,0,0,0,0,"13,41521","52,52091"
3322,192625,Berlin,2,2019,2,8,6,3,5,2,0,1,1,0,0,0,0,0,"13,39782","52,49528"
3323,192626,Berlin,3,2019,2,14,4,3,3,6,0,0,1,0,0,0,0,0,"13,42519","52,55273"
3324,192627,Berlin,6,2019,2,18,6,3,5,2,1,0,1,0,0,0,1,0,"13,29025","52,4445"
3325,192628,Berlin,3,2019,2,18,6,3,6,4,1,0,1,1,0,0,0,0,"13,41023","52,52976"
3326,192629,Berlin,4,2019,2,17,1,3,5,7,1,1,1,0,0,0,0,0,"13,32468","52,4991"
3327,192630,Berlin,9,2019,2,9,6,3,3,6,0,1,0,0,0,0,0,0,"13,56786","52,45419"
3328,192631,Berlin,8,2019,2,18,6,3,5,3,2,0,1,0,0,0,0,0,"13,44227","52,45656"
3329,192632,Berlin,5,2019,2,15,6,3,5,2,0,1,1,0,0,0,0,0,"13,23264","52,53944"
3330,192633,Berlin,4,2019,2,17,1,3,2,7,2,0,1,0,0,1,0,0,"13,29273","52,53427"
3331,192634,Berlin,11,2019,2,10,6,3,5,3,0,0,1,0,0,0,0,0,"13,48967","52,51227"
3332,192635,Berlin,4,2019,2,7,4,3,6,4,0,0,1,1,0,0,0,0,"13,31739","52,51748"
3333,192636,Berlin,2,2019,3,23,2,3,5,3,2,0,1,0,0,0,0,1,"13,38798","52,49298"
3334,192637,Berlin,9,2019,3,17,5,3,6,2,0,0,1,1,0,0,0,1,"13,56217","52,43723"
3335,192638,Berlin,7,2019,3,8,2,3,5,2,0,0,1,0,0,0,0,1,"13,34517","52,49121"
3336,192639,Berlin,12,2019,3,22,2,3,9,1,2,0,1,0,0,0,0,1,"13,36615","52,57238"
3337,192640,Berlin,6,2019,3,16,5,2,5,3,0,1,1,0,0,0,0,1,"13,20506","52,42454"
3338,192641,Berlin,4,2019,3,8,2,3,1,5,0,1,1,0,0,0,1,1,"13,33341","52,50579"
3339,192642,Berlin,3,2019,3,5,1,3,1,1,2,0,1,0,0,0,0,0,"13,461","52,54547"
3340,192643,Berlin,11,2019,3,5,1,3,2,6,2,0,1,0,0,0,0,0,"13,46753","52,547"
3341,192644,Berlin,12,2019,3,16,5,3,5,3,1,1,1,0,0,0,0,1,"13,29163","52,5925"
3342,192645,Berlin,9,2019,3,20,1,3,6,2,2,0,1,1,0,0,0,1,"13,45047","52,48919"
3343,192646,Berlin,2,2019,3,19,5,3,5,3,2,1,1,0,0,0,0,1,"13,38762","52,49305"
3344,192647,Berlin,7,2019,3,19,1,3,5,2,2,1,1,0,0,0,0,1,"13,34599","52,49696"
3345,192648,Berlin,2,2019,3,20,1,3,5,2,2,1,1,0,0,0,0,1,"13,45707","52,50299"
3346,192649,Berlin,11,2019,3,18,1,3,6,2,1,0,1,1,0,0,0,1,"13,50944","52,49633"
3347,192650,Berlin,2,2019,3,20,1,2,5,7,2,0,1,0,0,0,0,1,"13,41203","52,48853"
3348,192651,Berlin,12,2019,3,19,1,3,5,3,2,0,1,0,0,0,0,1,"13,33064","52,56247"
3349,192652,Berlin,10,2019,3,18,1,2,6,2,2,0,1,1,0,0,0,1,"13,59155","52,54473"
3350,192653,Berlin,4,2019,3,18,1,3,6,2,2,0,1,1,0,0,0,1,"13,32008","52,50582"
3351,192654,Berlin,5,2019,3,8,1,2,9,1,0,0,1,0,0,0,0,1,"13,20344","52,5871"
3352,192655,Berlin,1,2019,3,16,5,3,5,2,0,1,0,0,0,0,1,1,"13,40014","52,50953"
3353,192656,Berlin,8,2019,3,17,1,3,2,6,1,0,1,0,0,0,0,1,"13,44389","52,47976"
3354,192657,Berlin,10,2019,3,16,5,3,5,3,0,1,1,0,0,0,0,1,"13,55532","52,49788"
3355,192658,Berlin,1,2019,3,14,1,3,0,1,0,0,0,0,1,0,0,1,"13,39292","52,53725"
3356,192659,Berlin,6,2019,3,14,1,3,5,7,0,0,1,0,0,0,0,1,"13,35822","52,42139"
3357,192660,Berlin,7,2019,3,12,1,3,2,6,0,0,1,0,0,0,0,1,"13,3464","52,50119"
3358,192661,Berlin,11,2019,3,15,5,3,5,2,0,1,1,0,0,0,0,1,"13,47972","52,52385"
3359,192662,Berlin,1,2019,3,12,1,3,5,2,0,1,1,0,0,0,0,1,"13,36084","52,52382"
3360,192663,Berlin,1,2019,3,19,5,3,5,3,2,0,1,0,1,0,0,1,"13,34898","52,5148"
3361,192664,Berlin,12,2019,3,12,1,3,5,2,0,0,1,0,0,0,0,1,"13,36455","52,56269"
3362,192665,Berlin,8,2019,3,20,7,3,5,3,2,1,1,0,0,0,0,1,"13,43133","52,46788"
3363,192666,Berlin,3,2019,3,15,5,3,5,3,0,0,1,0,0,0,0,1,"13,40188","52,58734"
3364,192667,Berlin,3,2019,3,14,7,2,5,2,0,0,1,0,0,0,0,1,"13,47957","52,64368"
3365,192668,Berlin,5,2019,3,15,7,3,0,6,0,0,1,0,1,0,0,1,"13,20045","52,53677"
3366,192669,Berlin,12,2019,3,20,5,3,6,4,2,0,0,1,1,0,0,1,"13,29521","52,5764"
3367,192670,Berlin,5,2019,3,8,7,2,1,5,0,0,1,0,1,0,0,1,"13,23152","52,52774"
3368,192671,Berlin,8,2019,3,16,7,3,5,3,0,0,1,0,0,0,0,1,"13,46026","52,43533"
3369,192672,Berlin,12,2019,3,17,7,3,6,4,1,0,1,1,0,0,0,0,"13,29658","52,59774"
3370,192673,Berlin,4,2019,3,20,5,3,5,2,2,1,1,0,0,0,0,1,"13,30384","52,49937"
3371,192674,Berlin,7,2019,3,17,7,3,5,7,1,0,1,0,0,0,0,1,"13,37076","52,40831"
3372,192675,Berlin,5,2019,3,20,5,2,5,7,2,0,1,0,0,0,0,1,"13,1985","52,54278"
3373,192676,Berlin,12,2019,3,19,7,3,6,2,2,0,1,1,0,0,0,1,"13,3607","52,57031"
3374,192677,Berlin,7,2019,3,13,7,3,2,7,0,0,1,0,0,0,0,0,"13,38333","52,45582"
3375,192678,Berlin,4,2019,3,22,5,3,6,2,2,0,1,1,0,0,0,1,"13,30462","52,5036"
3376,192679,Berlin,12,2019,3,23,5,3,1,5,2,1,1,0,0,0,1,1,"13,36317","52,56625"
3377,192680,Berlin,4,2019,3,12,7,3,3,6,0,0,1,0,0,0,0,0,"13,30553","52,50241"
3378,192681,Berlin,6,2019,3,9,7,3,5,3,0,0,1,0,0,0,0,1,"13,25822","52,43541"
3379,192682,Berlin,12,2019,3,16,5,3,2,6,0,0,1,0,0,0,0,1,"13,32824","52,56477"
3380,192683,Berlin,12,2019,3,9,7,3,5,2,0,0,1,0,0,0,1,0,"13,35387","52,56209"
3381,192684,Berlin,10,2019,3,15,7,3,6,4,0,1,0,1,0,0,0,1,"13,58737","52,54928"
3382,192685,Berlin,8,2019,3,14,5,3,5,7,0,0,1,0,0,0,1,1,"13,47094","52,46605"
3383,192686,Berlin,2,2019,3,2,7,3,5,2,2,0,1,0,0,0,0,0,"13,38649","52,49008"