,id,city,district,year,month,hour,weekday,injury_level,collision,movement,light_conditions,bicycle,car,pedestrian,motorbike,truck,other_vehicle,road_conditions,longitude,latitude
3384,192687,Berlin,2,2019,3,19,7,2,6,4,2,0,1,1,0,0,0,1,"13,39456","52,50588"
3385,192688,Berlin,9,2019,3,15,5,3,2,6,0,0,1,0,0,0,0,1,"13,47563","52,45635"
3386,192689,Berlin,6,2019,3,19,7,2,5,2,2,1,1,0,0,0,0,1,"13,30951","52,43147"
3387,192690,Berlin,9,2019,3,16,5,3,5,2,1,0,1,0,0,0,0,1,"13,531","52,41558"
3388,192691,Berlin,12,2019,3,19,7,3,6,2,2,0,1,1,0,0,0,1,"13,34742","52,59622"
3389,192692,Berlin,4,2019,3,19,7,3,5,2,2,0,1,0,0,0,0,1,"13,30818","52,47785"
3390,192693,Berlin,4,2019,3,23,5,2,9,1,2,0,1,0,0,0,0,1,"13,33711","52,49407"
3391,192694,Berlin,6,2019,3,19,7,3,6,2,2,0,1,1,0,0,0,1,"13,34649","52,45004"
3392,192695,Berlin,8,2019,3,20,7,3,5,3,2,1,1,0,0,0,0,1,"13,42959","52,47029"
3393,192696,Berlin,9,2019,3,20,7,3,8,1,2,0,1,0,0,0,0,1,"13,56208","52,43763"
3394,192697,Berlin,8,2019,3,18,5,3,6,2,1,0,1,1,0,0,0,0,"13,43282","52,46481"
3395,192698,Berlin,8,2019,3,10,7,3,5,2,0,0,1,0,0,0,0,0,"13,43363","52,44533"
3396,192699,Berlin,9,2019,3,20,7,3,5,3,2,0,1,0,0,0,0,1,"13,52698","52,43766"
3397,192700,Berlin,8,2019,3,21,7,2,6,4,2,0,1,1,0,0,0,1,"13,43718","52,45608"
3398,192701,Berlin,1,2019,3,18,5,3,0,1,2,0,0,0,1,0,0,1,"13,39132","52,53623"
3399,192702,Berlin,4,2019,3,22,7,3,5,3,2,0,1,0,0,0,0,1,"13,33077","52,50055"
3400,192703,Berlin,8,2019,3,23,7,3,5,3,2,0,1,0,0,0,0,1,"13,43553","52,46908"
3401,192704,Berlin,8,2019,3,11,6,3,5,3,0,0,1,0,0,0,0,1,"13,45238","52,47279"
3402,192705,Berlin,7,2019,3,13,5,3,5,3,0,1,1,0,0,0,0,0,"13,39865","52,3865"
3403,192706,Berlin,1,2019,3,23,6,2,6,4,2,0,1,1,0,0,0,0,"13,37608","52,55369"
3404,192707,Berlin,9,2019,3,1,5,3,9,1,2,0,1,0,0,0,0,1,"13,58737","52,46859"
3405,192708,Berlin,3,2019,3,23,6,3,6,4,2,0,1,1,0,0,0,0,"13,40969","52,54744"
3406,192709,Berlin,2,2019,3,17,6,3,2,6,0,1,1,0,0,0,0,0,"13,39063","52,50603"
3407,192710,Berlin,3,2019,3,6,5,2,6,4,0,0,1,1,0,0,0,1,"13,50658","52,63784"
3408,192711,Berlin,9,2019,3,17,6,2,1,1,0,0,1,0,0,0,1,0,"13,5103","52,46407"
3409,192712,Berlin,3,2019,3,16,6,2,6,4,0,0,1,1,0,0,0,0,"13,40465","52,57228"
3410,192713,Berlin,3,2019,3,14,6,3,5,3,0,0,1,0,0,0,0,1,"13,42703","52,55221"
3411,192714,Berlin,8,2019,3,13,5,3,5,3,0,0,1,0,0,0,0,1,"13,45241","52,48119"
3412,192715,Berlin,2,2019,3,8,6,3,5,3,0,1,1,0,0,0,0,0,"13,41097","52,50391"
3413,192716,Berlin,9,2019,3,19,5,3,3,6,2,1,0,0,0,0,0,1,"13,49057","52,47217"
3414,192717,Berlin,4,2019,3,5,5,3,0,3,2,0,1,0,1,0,0,1,"13,29396","52,48414"
3415,192718,Berlin,1,2019,3,17,5,3,2,6,0,0,1,0,0,0,0,1,"13,38492","52,55598"
3416,192719,Berlin,4,2019,3,6,5,2,5,2,0,1,1,0,0,0,0,1,"13,33037","52,49539"
3417,192720,Berlin,9,2019,3,7,5,3,5,3,0,0,1,0,0,0,1,1,"13,50263","52,4808"
3418,192721,Berlin,8,2019,3,8,5,2,5,3,0,1,1,0,0,0,0,1,"13,47948","52,41039"
3419,192722,Berlin,6,2019,3,22,5,3,6,7,2,0,1,1,0,0,0,1,"13,27549","52,45063"
3420,192723,Berlin,2,2019,3,23,5,3,5,3,2,1,1,0,0,0,0,0,"13,41768","52,49927"
3421,192724,Berlin,2,2019,3,20,5,3,1,5,2,1,1,0,0,0,0,1,"13,41984","52,50113"
3422,192725,Berlin,3,2019,3,13,5,3,5,3,0,0,1,0,0,0,1,1,"13,44128","52,56856"
3423,192726,Berlin,10,2019,3,20,5,3,5,3,2,0,1,0,0,0,0,0,"13,60991","52,53393"
3424,192727,Berlin,8,2019,3,19,5,3,2,5,2,1,1,0,0,0,0,0,"13,42544","52,4796"
3425,192728,Berlin,9,2019,3,8,5,3,5,3,0,1,1,0,0,0,0,1,"13,57044","52,47352"
3426,192729,Berlin,6,2019,3,18,5,3,6,2,1,0,1,1,0,0,0,0,"13,34851","52,43494"
3427,192730,Berlin,2,2019,3,18,5,3,5,2,2,1,1,0,0,0,0,1,"13,38612","52,48487"
3428,192731,Berlin,2,2019,3,18,5,3,2,6,0,1,1,0,0,0,0,1,"13,41662","52,50208"
3429,192732,Berlin,6,2019,3,8,5,3,1,5,0,1,1,0,0,0,0,1,"13,28266","52,4329"
3430,192733,Berlin,12,2019,3,17,5,3,3,6,0,0,1,0,0,0,1,1,"13,32681","52,56441"
3431,192734,Berlin,2,2019,3,17,5,3,5,3,1,0,1,0,1,0,0,1,"13,43189","52,50565"
3432,192735,Berlin,4,2019,3,17,5,3,2,6,0,0,1,0,0,0,0,0,"13,30723","52,50662"
3433,192736,Berlin,2,2019,3,17,5,3,6,4,0,1,0,1,0,0,0,1,"13,4202","52,49902"
3434,192737,Berlin,1,2019,3,12,5,3,5,2,0,0,1,0,0,0,0,1,"13,34504","52,53912"
3435,192738,Berlin,9,2019,3,17,5,3,2,1,0,0,1,0,0,0,0,0,"13,57133","52,44473"
3436,192739,Berlin,3,2019,3,16,5,3,0,3,0,0,1,0,1,0,0,1,"13,5055","52,63687"
3437,192740,Berlin,1,2019,3,12,5,3,2,6,0,0,1,0,0,0,0,1,"13,33377","52,52696"
3438,192741,Berlin,1,2019,3,16,5,3,2,7,0,1,1,0,0,0,0,1,"13,39062","52,53"
3439,192742,Berlin,1,2019,3,16,5,3,2,2,0,0,1,0,1,0,0,1,"13,35093","52,52432"
3440,192743,Berlin,8,2019,3,15,5,3,2,1,0,0,1,0,0,0,0,0,"13,43633","52,42396"
3441,192744,Berlin,10,2019,3,10,5,3,5,3,0,0,1,0,0,0,0,1,"13,59774","52,52452"
3442,192745,Berlin,2,2019,3,7,5,3,5,2,0,1,1,0,0,0,0,1,"13,43034","52,49944"
3443,192746,Berlin,12,2019,3,8,5,2,5,3,0,0,1,0,0,1,0,0,"13,31964","52,57045"
3444,192747,Berlin,1,2019,3,8,5,3,2,6,0,0,1,0,1,0,0,1,"13,39624","52,53796"
3445,192748,Berlin,10,2019,3,10,5,3,5,7,0,0,1,0,0,0,0,1,"13,55049","52,52792"
3446,192749,Berlin,11,2019,3,10,5,3,5,2,0,1,1,0,0,0,0,0,"13,49063","52,54313"
3447,192750,Berlin,10,2019,3,9,5,3,2,6,0,0,1,0,0,0,0,1,"13,5202","52,52602"
3448,192751,Berlin,4,2019,3,12,5,3,5,2,0,1,1,0,0,0,0,0,"13,32239","52,48637"
3449,192752,Berlin,9,2019,3,12,5,3,1,5,0,1,1,0,0,0,0,0,"13,62718","52,45043"
3450,192753,Berlin,1,2019,3,9,5,3,5,5,0,1,1,0,0,0,0,1,"13,39309","52,54189"
3451,192754,Berlin,9,2019,3,12,5,3,2,2,0,0,1,0,0,0,0,0,"13,57061","52,47349"
3452,192755,Berlin,3,2019,3,14,5,3,3,6,0,1,1,0,0,0,0,0,"13,41249","52,58254"
3453,192756,Berlin,4,2019,3,6,4,2,5,3,0,1,1,0,0,0,0,1,"13,28425","52,48528"
3454,192757,Berlin,4,2019,3,14,5,3,6,7,0,0,1,1,0,0,0,0,"13,33645","52,49125"
3455,192758,Berlin,3,2019,3,7,5,3,6,4,0,1,0,1,0,0,0,1,"13,42456","52,54695"
3456,192759,Berlin,7,2019,3,13,4,2,6,4,0,1,0,1,0,0,0,1,"13,37805","52,46621"
3457,192760,Berlin,11,2019,3,5,5,3,5,3,2,1,0,0,0,0,1,1,"13,52715","52,48656"
3458,192761,Berlin,9,2019,3,9,4,3,2,2,0,0,1,0,0,0,0,0,"13,55328","52,46957"
3459,192762,Berlin,3,2019,3,9,5,3,2,6,0,0,1,0,0,1,0,0,"13,41185","52,60445"
3460,192763,Berlin,4,2019,3,8,5,3,5,2,0,0,1,0,0,0,0,0,"13,27914","52,50368"
3461,192764,Berlin,3,2019,3,15,4,3,0,3,0,1,1,0,0,0,0,1,"13,39313","52,58409"
3462,192765,Berlin,7,2019,3,9,5,2,5,3,0,1,1,0,0,0,0,1,"13,33866","52,49471"
3463,192766,Berlin,1,2019,3,20,4,2,6,4,2,0,1,1,0,0,0,1,"13,40051","52,53062"
3464,192767,Berlin,11,2019,3,0,5,2,6,4,2,0,1,1,0,0,0,0,"13,51362","52,56634"
3465,192768,Berlin,8,2019,3,14,4,3,3,6,0,0,1,0,0,1,0,0,"13,42499","52,45222"
3466,192769,Berlin,4,2019,3,23,4,3,6,2,2,0,1,1,0,0,0,1,"13,33955","52,50324"
3467,192770,Berlin,4,2019,3,10,4,3,5,2,0,0,1,0,0,0,0,0,"13,33539","52,49937"
3468,192771,Berlin,5,2019,3,16,4,3,5,2,0,0,1,0,0,0,0,0,"13,15782","52,54304"
3469,192772,Berlin,9,2019,3,5,4,3,2,6,2,1,0,0,0,0,1,0,"13,55467","52,44027"
3470,192773,Berlin,12,2019,3,5,4,3,5,3,2,0,1,0,0,0,0,1,"13,33921","52,59583"
3471,192774,Berlin,10,2019,3,11,4,2,5,3,0,1,1,0,0,0,0,0,"13,6134","52,49859"
3472,192775,Berlin,3,2019,3,12,6,3,5,3,0,1,1,0,0,0,0,1,"13,45226","52,59134"
3473,192776,Berlin,2,2019,3,20,4,2,6,2,2,0,1,1,0,0,0,0,"13,45097","52,52719"
3474,192777,Berlin,4,2019,3,20,4,3,5,2,2,1,1,0,0,0,0,0,"13,33437","52,49839"
3475,192778,Berlin,6,2019,3,5,4,3,6,2,2,0,1,1,0,0,0,1,"13,34016","52,4647"
3476,192779,Berlin,5,2019,3,20,4,2,6,2,2,0,1,1,0,0,0,0,"13,15942","52,55236"
3477,192780,Berlin,12,2019,3,19,4,3,5,2,2,0,1,0,0,0,0,0,"13,29116","52,58101"
3478,192781,Berlin,1,2019,3,6,4,3,5,5,2,0,1,0,1,0,0,1,"13,42239","52,50944"
3479,192782,Berlin,2,2019,3,19,4,3,4,5,2,0,1,0,0,0,1,0,"13,42916","52,49441"
3480,192783,Berlin,12,2019,3,18,4,3,5,3,1,0,1,0,0,0,0,1,"13,30579","52,62045"
3481,192784,Berlin,2,2019,3,16,4,3,2,2,0,0,1,0,0,0,0,0,"13,38977","52,49591"
3482,192785,Berlin,8,2019,3,16,4,2,3,6,0,0,1,0,1,0,1,0,"13,44102","52,48117"
3483,192786,Berlin,11,2019,3,6,4,3,4,7,2,0,1,0,0,0,0,0,"13,48948","52,56549"
3484,192787,Berlin,3,2019,3,15,4,3,5,3,0,0,1,0,0,0,0,0,"13,41708","52,53527"
3485,192788,Berlin,9,2019,3,7,4,3,5,2,0,1,0,0,0,0,1,0,"13,59813","52,44159"
3486,192789,Berlin,10,2019,3,15,4,3,6,4,0,0,0,1,0,0,1,0,"13,61226","52,51165"
3487,192790,Berlin,4,2019,3,7,4,3,1,5,0,1,1,0,0,0,0,0,"13,31482","52,52554"
3488,192791,Berlin,4,2019,3,13,4,3,5,2,0,1,1,0,0,0,0,0,"13,29531","52,51947"
3489,192792,Berlin,11,2019,3,19,5,3,6,2,2,0,1,1,0,0,0,1,"13,4903","52,51469"
3490,192793,Berlin,4,2019,3,12,4,3,1,5,0,1,1,0,0,0,0,0,"13,33749","52,50397"
3491,192794,Berlin,1,2019,3,13,4,3,5,2,0,0,1,0,0,0,0,0,"13,36028","52,5373"
3492,192795,Berlin,6,2019,3,11,4,3,5,7,0,1,1,0,0,0,0,0,"13,32703","52,43987"
3493,192796,Berlin,7,2019,3,13,4,3,1,7,0,0,1,0,0,0,1,0,"13,32414","52,47278"
3494,192797,Berlin,1,2019,3,11,4,3,5,3,0,1,1,0,0,0,0,0,"13,35195","52,50641"
3495,192798,Berlin,1,2019,3,11,4,2,5,2,0,1,1,0,0,0,0,0,"13,37663","52,50936"
3496,192799,Berlin,1,2019,3,13,4,3,5,2,0,1,1,0,0,0,0,0,"13,36034","52,53724"
3497,192800,Berlin,7,2019,3,11,4,3,5,2,0,0,1,0,1,0,0,0,"13,39576","52,39692"
3498,192801,Berlin,4,2019,3,9,4,3,6,4,0,1,0,1,0,0,0,0,"13,32994","52,51444"
3499,192802,Berlin,9,2019,3,8,4,3,3,6,0,0,0,0,1,0,1,0,"13,57345","52,44998"
3500,192803,Berlin,7,2019,3,15,4,2,6,4,0,0,1,1,0,0,0,0,"13,35019","52,48136"
3501,192804,Berlin,1,2019,3,7,4,3,5,2,0,0,1,0,0,0,0,0,"13,37856","52,54475"
3502,192805,Berlin,4,2019,3,15,4,3,2,6,0,0,1,0,0,0,1,0,"13,32374","52,52137"
3503,192806,Berlin,3,2019,3,7,4,3,5,2,0,1,1,0,0,0,0,0,"13,4403","52,5671"
3504,192807,Berlin,10,2019,3,6,4,3,6,4,1,0,1,1,0,0,0,0,"13,61851","52,52136"
3505,192808,Berlin,5,2019,3,15,4,3,0,2,0,0,1,0,0,0,1,0,"13,20078","52,53849"
3506,192809,Berlin,3,2019,3,15,3,3,5,3,0,1,1,0,0,0,0,0,"13,39419","52,56508"
3507,192810,Berlin,4,2019,3,19,5,3,5,3,2,1,1,0,0,0,0,1,"13,30386","52,49953"
3508,192811,Berlin,6,2019,3,8,3,3,5,3,0,1,0,0,0,0,1,0,"13,30983","52,46659"
3509,192812,Berlin,4,2019,3,21,3,3,6,2,2,1,0,1,0,0,0,0,"13,30639","52,48832"
3510,192813,Berlin,2,2019,3,19,3,3,5,3,2,0,1,0,0,0,1,1,"13,45887","52,51142"
3511,192814,Berlin,11,2019,3,16,4,2,5,7,0,0,1,0,1,0,0,0,"13,48503","52,5333"
3512,192815,Berlin,4,2019,3,19,3,3,2,6,2,0,1,0,0,0,0,1,"13,28519","52,494"
3513,192816,Berlin,2,2019,3,19,3,3,5,2,2,1,1,0,0,0,0,0,"13,40794","52,50438"
3514,192817,Berlin,4,2019,3,16,4,3,2,7,0,1,1,0,0,0,0,0,"13,31331","52,51767"
3515,192818,Berlin,7,2019,3,18,3,3,6,2,2,0,1,1,0,0,0,1,"13,3619","52,48649"
3516,192819,Berlin,1,2019,3,18,3,3,5,3,2,1,1,0,0,0,0,1,"13,36027","52,50975"
3517,192820,Berlin,8,2019,3,19,3,3,5,2,2,1,1,0,0,0,0,1,"13,44885","52,48505"
3518,192821,Berlin,5,2019,3,16,4,2,5,7,0,0,1,0,0,0,0,0,"13,20137","52,54768"
3519,192822,Berlin,7,2019,3,17,3,3,5,3,2,0,1,0,0,0,0,1,"13,40313","52,46343"
3520,192823,Berlin,7,2019,3,18,4,3,5,2,1,1,1,0,0,0,0,0,"13,38599","52,39205"
3521,192824,Berlin,1,2019,3,17,3,2,6,4,1,0,1,1,0,0,0,1,"13,36684","52,52327"
3522,192825,Berlin,8,2019,3,16,3,2,6,7,0,0,1,1,0,0,0,0,"13,44372","52,47984"
3523,192826,Berlin,2,2019,3,20,4,3,0,1,2,1,1,0,0,0,0,0,"13,39687","52,49094"
3524,192827,Berlin,9,2019,3,15,3,3,5,3,2,1,1,0,0,0,0,0,"13,6125","52,45416"
3525,192828,Berlin,1,2019,3,15,3,3,3,6,0,0,1,0,1,0,0,1,"13,33963","52,50526"
3526,192829,Berlin,6,2019,3,23,4,3,6,7,2,0,1,1,0,0,0,1,"13,33657","52,44352"
3527,192830,Berlin,4,2019,3,10,3,3,6,3,0,0,1,1,0,0,0,1,"13,28012","52,51977"
3528,192831,Berlin,10,2019,3,12,3,2,0,3,0,0,1,0,1,0,0,1,"13,59334","52,53691"
3529,192832,Berlin,6,2019,3,12,3,2,5,2,0,0,1,0,0,1,0,0,"13,28708","52,45809"
3530,192833,Berlin,4,2019,3,16,3,3,2,6,0,0,1,0,0,0,1,0,"13,33429","52,50858"
3531,192834,Berlin,11,2019,3,6,3,3,6,4,1,0,0,1,1,0,0,0,"13,47738","52,53732"
3532,192835,Berlin,1,2019,3,6,3,3,5,2,0,1,1,0,0,0,0,0,"13,40584","52,53052"
3533,192836,Berlin,2,2019,3,9,3,2,1,5,0,1,1,0,0,0,0,0,"13,39231","52,50748"
3534,192837,Berlin,12,2019,3,6,3,3,0,3,0,0,1,0,1,0,0,1,"13,32487","52,60825"
3535,192838,Berlin,7,2019,3,19,3,3,0,2,2,0,1,0,0,0,1,0,"13,33256","52,46903"
3536,192839,Berlin,1,2019,3,6,3,3,5,3,0,0,1,0,0,0,0,0,"13,38929","52,51476"
3537,192840,Berlin,1,2019,3,7,3,3,3,6,0,1,0,0,0,1,0,0,"13,36007","52,53738"
3538,192841,Berlin,3,2019,3,19,3,2,5,3,2,1,1,0,0,0,0,0,"13,38977","52,57429"
3539,192842,Berlin,3,2019,3,8,3,3,2,2,0,1,1,0,0,0,0,0,"13,42385","52,54391"
3540,192843,Berlin,2,2019,3,8,3,3,5,3,0,1,1,0,0,0,0,0,"13,40675","52,49481"
3541,192844,Berlin,6,2019,3,17,3,3,0,2,0,1,1,0,0,0,0,1,"13,31229","52,43034"
3542,192845,Berlin,3,2019,3,19,3,3,5,3,2,0,1,0,0,0,0,0,"13,45857","52,55777"
3543,192846,Berlin,1,2019,3,9,3,3,6,4,0,0,1,1,0,0,0,0,"13,39084","52,53593"
3544,192847,Berlin,1,2019,3,5,5,3,0,6,2,0,1,0,1,0,0,1,"13,35308","52,55082"
3545,192848,Berlin,1,2019,3,9,3,3,5,2,0,1,1,0,0,0,0,0,"13,41642","52,51093"
3546,192849,Berlin,4,2019,3,17,3,3,5,2,1,1,1,0,0,0,0,0,"13,28037","52,51828"
3547,192850,Berlin,6,2019,3,10,3,3,5,3,0,0,1,0,0,0,0,0,"13,30959","52,43126"
3548,192851,Berlin,4,2019,3,11,3,3,5,3,0,0,1,0,0,0,0,0,"13,30432","52,51922"
3549,192852,Berlin,5,2019,3,16,3,3,5,3,0,1,1,0,0,0,0,0,"13,22602","52,55443"
3550,192853,Berlin,4,2019,3,11,3,3,5,2,0,1,1,0,0,0,0,0,"13,33197","52,49316"
3551,192854,Berlin,4,2019,3,18,3,3,5,3,2,1,1,0,0,0,0,1,"13,29674","52,51689"
3552,192855,Berlin,1,2019,3,16,3,3,5,7,0,0,1,0,0,0,0,0,"13,39968","52,50914"
3553,192856,Berlin,2,2019,3,16,3,3,1,5,0,1,1,0,0,0,0,1,"13,45549","52,51005"
3554,192857,Berlin,11,2019,3,17,3,3,5,3,0,0,1,0,0,0,0,0,"13,46687","52,52839"
3555,192858,Berlin,2,2019,3,16,3,2,6,4,0,0,1,1,0,0,0,0,"13,38848","52,49424"
3556,192859,Berlin,7,2019,3,16,3,3,5,3,0,1,1,0,0,0,0,0,"13,37861","52,46586"
3557,192860,Berlin,1,2019,3,9,2,3,1,5,0,1,1,0,0,0,0,0,"13,37344","52,51063"
3558,192861,Berlin,1,2019,3,17,3,3,5,3,0,1,0,0,0,1,0,0,"13,39172","52,53019"
3559,192862,Berlin,2,2019,3,18,2,3,2,2,2,0,1,0,0,0,0,1,"13,41467","52,48819"
3560,192863,Berlin,8,2019,3,18,5,3,5,3,2,1,1,0,0,0,0,1,"13,45384","52,48255"
3561,192864,Berlin,4,2019,3,16,2,3,6,4,0,0,1,1,0,0,0,0,"13,31384","52,49054"
3562,192865,Berlin,4,2019,3,16,2,3,2,6,1,0,1,0,0,0,0,1,"13,33103","52,49059"
3563,192866,Berlin,2,2019,3,16,2,3,5,3,0,1,1,0,0,0,0,0,"13,4136","52,4884"
3564,192867,Berlin,6,2019,3,15,2,3,2,6,0,0,1,0,0,0,0,0,"13,32212","52,45606"
3565,192868,Berlin,1,2019,3,14,2,3,5,7,0,0,1,0,1,0,0,0,"13,32405","52,52789"
3566,192869,Berlin,5,2019,3,14,3,3,2,6,0,0,1,0,0,0,0,0,"13,22582","52,55305"
3567,192870,Berlin,10,2019,3,14,2,3,5,3,0,0,1,0,0,0,0,0,"13,53971","52,53982"
3568,192871,Berlin,6,2019,3,12,2,3,3,6,0,1,1,0,0,0,0,1,"13,32816","52,42413"
3569,192872,Berlin,3,2019,3,11,3,3,5,7,0,1,0,0,0,0,1,0,"13,42115","52,54523"
3570,192873,Berlin,7,2019,3,13,2,3,5,2,0,0,1,0,0,0,1,1,"13,35024","52,41429"
3571,192874,Berlin,6,2019,3,13,2,3,1,5,0,0,1,0,1,0,0,1,"13,307","52,41969"
3572,192875,Berlin,8,2019,3,10,3,3,5,3,0,1,0,0,0,0,1,1,"13,42506","52,48082"
3573,192876,Berlin,7,2019,3,12,2,3,5,3,0,0,1,0,0,0,0,1,"13,37586","52,48026"
3574,192877,Berlin,4,2019,3,12,2,3,5,3,0,0,1,0,0,0,0,1,"13,29748","52,52651"
3575,192878,Berlin,1,2019,3,11,2,3,1,5,0,0,1,0,1,0,0,0,"13,38971","52,55018"
3576,192879,Berlin,4,2019,3,10,3,3,6,4,0,1,0,1,0,0,0,0,"13,33338","52,49301"
3577,192880,Berlin,4,2019,3,9,2,3,2,6,0,0,1,0,0,0,0,1,"13,27747","52,51264"
3578,192881,Berlin,8,2019,3,17,5,3,2,6,2,0,1,0,0,0,0,1,"13,45622","52,47378"
3579,192882,Berlin,4,2019,3,6,2,3,3,6,0,0,1,0,0,0,0,1,"13,31866","52,51384"
3580,192883,Berlin,4,2019,3,18,2,3,5,2,1,0,1,0,1,0,0,1,"13,31697","52,50245"
3581,192884,Berlin,4,2019,3,9,3,3,5,2,0,0,1,0,1,0,0,0,"13,33443","52,49847"
3582,192885,Berlin,1,2019,3,19,2,3,5,3,2,1,1,0,0,0,0,1,"13,3921","52,50779"
3583,192886,Berlin,9,2019,3,19,2,3,5,3,2,1,1,0,0,0,0,1,"13,52903","52,4265"
3584,192887,Berlin,2,2019,3,8,3,2,6,2,0,0,0,1,0,1,0,0,"13,3898","52,49591"
3585,192888,Berlin,2,2019,3,20,2,2,5,3,2,1,1,0,0,0,0,1,"13,41321","52,49173"
3586,192889,Berlin,1,2019,3,22,2,2,5,2,2,0,1,0,0,0,0,1,"13,3603","52,53731"
3587,192890,Berlin,9,2019,3,8,3,3,5,3,0,1,1,0,0,0,0,1,"13,45095","52,4919"
3588,192891,Berlin,1,2019,3,23,2,2,6,4,2,0,1,1,0,0,0,0,"13,37707","52,52881"
3589,192892,Berlin,1,2019,3,8,3,3,5,3,0,1,1,0,0,0,0,1,"13,38688","52,51074"
3590,192893,Berlin,5,2019,3,17,2,2,6,4,1,0,1,1,0,0,0,1,"13,19706","52,53515"
3591,192894,Berlin,9,2019,3,8,2,3,5,3,0,0,1,0,0,0,0,0,"13,55326","52,434"
3592,192895,Berlin,2,2019,3,0,3,3,5,3,2,0,1,0,0,0,0,1,"13,3875","52,49284"
3593,192896,Berlin,11,2019,3,17,2,2,0,1,0,1,0,0,0,0,0,1,"13,4991","52,51758"
3594,192897,Berlin,5,2019,3,6,3,3,0,6,0,0,0,0,1,0,1,1,"13,20275","52,5401"
3595,192898,Berlin,10,2019,3,4,2,3,0,6,2,0,1,0,0,0,1,1,"13,61461","52,50237"
3596,192899,Berlin,1,2019,3,13,2,3,0,1,0,0,0,0,1,0,0,1,"13,3544","52,54917"
3597,192900,Berlin,6,2019,3,7,3,3,5,2,0,1,1,0,0,0,0,0,"13,26757","52,40771"
3598,192901,Berlin,12,2019,3,18,1,3,5,2,1,1,1,0,0,0,0,0,"13,35623","52,59669"
3599,192902,Berlin,8,2019,3,13,1,3,5,2,0,0,1,0,0,0,0,1,"13,4442","52,46371"
3600,192903,Berlin,4,2019,3,7,3,3,3,6,0,0,1,0,1,0,0,0,"13,3083","52,50666"
3601,192904,Berlin,9,2019,3,0,1,2,1,5,2,0,1,0,0,0,0,0,"13,52972","52,41399"
3602,192905,Berlin,4,2019,3,22,1,3,4,1,2,0,1,0,0,0,1,1,"13,2789","52,52606"
3603,192906,Berlin,1,2019,3,16,3,3,2,6,0,0,1,0,0,0,0,0,"13,3808","52,5518"
3604,192907,Berlin,3,2019,3,18,1,3,0,6,2,0,1,0,1,0,0,1,"13,41296","52,54529"
3605,192908,Berlin,3,2019,3,8,3,3,5,2,0,1,1,0,0,0,0,1,"13,42968","52,57182"
3606,192909,Berlin,1,2019,3,17,1,3,5,2,1,1,1,0,0,0,0,1,"13,42328","52,52014"
3607,192910,Berlin,5,2019,3,16,1,3,2,1,0,0,1,0,1,0,0,1,"13,1841","52,53417"
3608,192911,Berlin,5,2019,3,16,3,3,6,4,0,0,1,1,0,0,0,0,"13,19733","52,52475"
3609,192912,Berlin,2,2019,3,15,1,3,3,6,0,0,1,0,1,0,0,1,"13,41832","52,49879"
3610,192913,Berlin,4,2019,3,15,1,3,5,3,0,0,1,0,0,0,0,1,"13,25612","52,50685"
3611,192914,Berlin,12,2019,3,10,1,3,5,3,0,0,1,0,0,0,0,1,"13,31057","52,56798"
3612,192915,Berlin,3,2019,3,8,3,3,1,5,0,1,1,0,0,0,0,1,"13,40851","52,56605"
3613,192916,Berlin,6,2019,3,4,1,2,6,4,2,0,0,1,0,0,1,1,"13,25017","52,42142"
3614,192917,Berlin,2,2019,3,23,1,3,2,2,2,0,1,0,0,0,0,1,"13,42106","52,48722"
3615,192918,Berlin,6,2019,3,10,1,3,2,6,0,0,1,0,0,0,0,1,"13,31491","52,41731"
3616,192919,Berlin,3,2019,3,16,3,3,2,6,0,1,1,0,0,0,0,0,"13,41848","52,57583"
3617,192920,Berlin,1,2019,3,10,1,3,5,3,0,0,1,0,0,0,0,0,"13,357","52,5421"
3618,192921,Berlin,1,2019,3,23,1,3,9,1,2,0,1,0,0,0,0,1,"13,38346","52,5561"
3619,192922,Berlin,7,2019,3,13,7,3,2,6,0,0,1,0,0,0,0,0,"13,34614","52,49877"
3620,192923,Berlin,7,2019,3,16,3,3,2,6,0,0,1,0,0,1,0,0,"13,36174","52,44717"
3621,192924,Berlin,1,2019,3,17,7,3,6,4,1,0,1,1,0,0,0,0,"13,40765","52,52463"
3622,192925,Berlin,3,2019,3,16,3,3,3,6,0,0,1,0,0,0,1,0,"13,46703","52,55703"
3623,192926,Berlin,4,2019,3,18,7,3,5,2,2,1,1,0,0,0,0,0,"13,30682","52,51726"
3624,192927,Berlin,5,2019,3,14,7,3,5,3,0,0,1,0,0,0,0,0,"13,17331","52,51432"
3625,192928,Berlin,4,2019,3,14,3,3,1,5,0,0,1,0,1,0,0,0,"13,28758","52,51578"
3626,192929,Berlin,11,2019,3,13,7,3,5,2,0,0,1,0,0,0,0,0,"13,46773","52,54645"
3627,192930,Berlin,4,2019,3,12,7,3,3,1,0,1,0,0,0,0,1,0,"13,32302","52,52125"
3628,192931,Berlin,3,2019,3,18,7,3,5,3,2,0,1,0,0,0,0,0,"13,46337","52,56007"
3629,192932,Berlin,4,2019,3,14,3,2,5,2,0,0,1,0,1,0,0,0,"13,29487","52,53963"
3630,192933,Berlin,7,2019,3,12,7,3,6,4,0,1,0,1,0,0,0,0,"13,35612","52,48598"
3631,192934,Berlin,9,2019,3,18,5,2,6,2,2,0,1,1,0,0,0,1,"13,55618","52,43374"
3632,192935,Berlin,2,2019,3,12,7,3,5,7,0,0,1,0,0,0,0,0,"13,43426","52,52272"
3633,192936,Berlin,1,2019,3,6,7,3,2,6,2,0,1,0,0,0,1,1,"13,35337","52,53391"
3634,192937,Berlin,1,2019,3,19,7,3,2,2,2,0,1,0,0,0,0,0,"13,38029","52,51361"
3635,192938,Berlin,12,2019,3,14,3,3,5,3,0,0,1,0,0,0,0,0,"13,35138","52,57147"
3636,192939,Berlin,8,2019,3,19,7,2,6,7,2,1,0,1,0,0,0,0,"13,49736","52,41856"
3637,192940,Berlin,1,2019,3,18,5,3,5,2,1,1,1,0,0,0,0,1,"13,37974","52,5402"
3638,192941,Berlin,5,2019,3,18,7,2,1,1,2,0,1,0,0,0,0,0,"13,16216","52,52262"
3639,192942,Berlin,3,2019,3,1,7,3,5,5,2,0,1,0,0,0,0,0,"13,4141","52,53278"
3640,192943,Berlin,4,2019,3,18,2,3,6,2,1,0,1,1,0,0,0,0,"13,31512","52,4906"
3641,192944,Berlin,11,2019,3,1,7,3,0,1,2,1,0,0,0,0,0,0,"13,52078","52,47439"