,id,city,district,year,month,hour,weekday,injury_level,collision,movement,light_conditions,bicycle,car,pedestrian,motorbike,truck,other_vehicle,road_conditions,longitude,latitude
3642,192945,Berlin,2,2019,3,15,6,2,5,2,0,1,1,0,0,0,0,0,"13,45286","52,51241"
3643,192946,Berlin,3,2019,3,14,2,3,2,6,0,0,1,0,0,0,0,1,"13,42266","52,57085"
3644,192947,Berlin,1,2019,3,17,6,3,2,2,1,0,1,0,0,0,0,0,"13,37683","52,50941"
3645,192948,Berlin,8,2019,3,17,6,3,6,4,0,1,0,1,0,0,0,0,"13,44726","52,43835"
3646,192949,Berlin,2,2019,3,16,6,3,2,3,0,1,0,0,0,0,1,0,"13,41407","52,49839"
3647,192950,Berlin,2,2019,3,19,2,3,6,2,2,0,1,1,0,0,0,1,"13,4005","52,49056"
3648,192951,Berlin,3,2019,3,13,6,3,6,3,0,0,1,1,0,0,0,0,"13,41366","52,58289"
3649,192952,Berlin,4,2019,3,12,2,3,6,2,0,0,1,1,0,0,0,0,"13,27009","52,51064"
3650,192953,Berlin,4,2019,3,14,6,3,2,2,0,0,0,0,0,0,1,0,"13,33238","52,50615"
3651,192954,Berlin,5,2019,3,14,6,2,5,3,0,1,0,0,1,0,0,0,"13,19489","52,52763"
3652,192955,Berlin,6,2019,3,12,2,3,5,7,0,0,1,0,1,0,0,1,"13,31973","52,4528"
3653,192956,Berlin,4,2019,3,12,6,3,5,3,0,0,1,0,0,0,0,0,"13,29657","52,49268"
3654,192957,Berlin,9,2019,3,13,6,3,5,2,0,1,1,0,0,0,0,0,"13,53632","52,43283"
3655,192958,Berlin,6,2019,3,14,6,3,0,7,0,0,1,0,0,0,0,0,"13,29281","52,44634"
3656,192959,Berlin,1,2019,3,8,6,3,5,7,0,0,1,0,1,0,0,0,"13,4058","52,51934"
3657,192960,Berlin,5,2019,3,7,2,3,0,5,0,0,1,0,0,0,0,0,"13,23307","52,54548"
3658,192961,Berlin,10,2019,3,8,6,2,0,6,0,0,1,0,0,0,1,0,"13,5618","52,5054"
3659,192962,Berlin,3,2019,3,14,6,3,5,3,0,1,1,0,0,0,0,0,"13,39884","52,58335"
3660,192963,Berlin,9,2019,3,8,2,3,5,3,0,1,1,0,0,0,0,1,"13,61615","52,45497"
3661,192964,Berlin,1,2019,3,1,6,3,3,6,2,0,1,0,0,0,0,0,"13,39727","52,53662"
3662,192965,Berlin,8,2019,3,19,6,3,5,3,2,0,1,0,0,0,0,0,"13,43553","52,46908"
3663,192966,Berlin,3,2019,3,18,6,2,4,2,2,0,1,0,1,0,0,0,"13,46536","52,52343"
3664,192967,Berlin,8,2019,3,10,2,3,2,6,0,0,0,0,0,0,1,0,"13,43557","52,48386"
3665,192968,Berlin,1,2019,3,18,6,3,2,6,2,0,1,0,0,0,0,0,"13,33952","52,519"
3666,192969,Berlin,4,2019,3,11,2,3,5,3,0,1,1,0,0,0,0,1,"13,3125","52,49151"
3667,192970,Berlin,5,2019,3,18,6,3,0,2,2,0,1,0,1,0,0,0,"13,16705","52,55607"
3668,192971,Berlin,10,2019,2,13,5,3,3,6,0,1,0,0,0,0,1,0,"13,58191","52,50308"
3669,192972,Berlin,10,2019,3,13,2,3,6,4,0,0,1,1,0,0,0,1,"13,56361","52,49826"
3670,192973,Berlin,8,2019,2,16,5,3,5,3,0,0,1,0,1,0,0,0,"13,42964","52,49296"
3671,192974,Berlin,4,2019,2,10,5,3,5,3,0,0,1,0,0,0,0,0,"13,2739","52,50968"
3672,192975,Berlin,8,2019,3,15,2,3,5,3,0,0,1,0,0,0,0,1,"13,42879","52,45555"
3673,192976,Berlin,5,2019,2,12,5,3,5,2,0,0,1,0,1,0,0,0,"13,26481","52,5368"
3674,192977,Berlin,8,2019,2,8,5,3,5,2,0,0,1,0,1,0,0,0,"13,45566","52,43618"
3675,192978,Berlin,12,2019,3,15,2,3,2,6,0,0,1,0,0,0,0,0,"13,28535","52,59516"
3676,192979,Berlin,7,2019,2,8,5,3,5,7,0,0,1,0,1,0,0,0,"13,38334","52,4837"
3677,192980,Berlin,12,2019,2,15,5,3,5,3,0,0,1,0,0,0,0,0,"13,32117","52,56578"
3678,192981,Berlin,8,2019,2,15,5,2,5,2,0,0,1,0,0,0,0,0,"13,46644","52,43355"
3679,192982,Berlin,11,2019,3,16,2,3,2,6,0,0,1,0,0,0,0,1,"13,47086","52,53194"
3680,192983,Berlin,1,2019,2,16,5,2,6,4,0,0,1,1,0,0,0,0,"13,3522","52,52425"
3681,192984,Berlin,11,2019,3,19,2,3,6,4,2,0,1,1,0,0,0,1,"13,48158","52,52677"
3682,192985,Berlin,1,2019,2,16,5,2,3,6,1,1,0,0,0,0,0,0,"13,42654","52,52303"
3683,192986,Berlin,4,2019,2,16,5,3,5,2,0,1,1,0,0,0,0,0,"13,30643","52,51761"
3684,192987,Berlin,8,2019,3,21,2,2,6,4,2,0,1,1,0,0,0,1,"13,45968","52,43183"
3685,192988,Berlin,1,2019,2,17,5,3,6,7,1,0,1,1,0,0,0,0,"13,38938","52,5136"
3686,192989,Berlin,12,2019,2,11,5,3,6,7,0,0,1,1,0,0,0,0,"13,28164","52,58938"
3687,192990,Berlin,11,2019,2,11,5,2,5,2,0,0,1,0,1,0,0,0,"13,50002","52,53118"
3688,192991,Berlin,2,2019,3,22,2,3,2,6,2,1,0,0,0,1,0,1,"13,38933","52,48975"
3689,192992,Berlin,3,2019,2,11,5,2,6,4,0,0,1,1,0,0,0,0,"13,40111","52,56565"
3690,192993,Berlin,5,2019,3,5,5,2,6,4,2,0,1,1,0,0,0,1,"13,16532","52,55105"
3691,192994,Berlin,8,2019,3,8,2,3,3,6,0,0,0,0,0,0,1,1,"13,42541","52,4797"
3692,192995,Berlin,2,2019,3,19,5,3,5,2,2,0,1,0,1,0,0,1,"13,41876","52,48753"
3693,192996,Berlin,10,2019,3,12,2,3,0,1,0,0,0,0,1,0,0,1,"13,53879","52,52467"
3694,192997,Berlin,1,2019,3,10,1,3,5,2,0,1,1,0,0,0,0,0,"13,40954","52,52889"
3695,192998,Berlin,2,2019,3,15,5,3,5,3,0,1,1,0,0,0,0,1,"13,458","52,50946"
3696,192999,Berlin,7,2019,3,20,1,2,0,1,2,0,0,0,1,0,0,0,"13,36114","52,4959"
3697,193000,Berlin,9,2019,3,14,1,2,3,6,0,1,0,0,0,0,0,0,"13,59838","52,4416"
3698,193001,Berlin,1,2019,3,22,5,3,6,2,2,0,1,1,0,0,0,1,"13,3429","52,52637"
3699,193002,Berlin,9,2019,3,14,1,3,5,3,0,1,1,0,0,0,0,0,"13,69266","52,44115"
3700,193003,Berlin,5,2019,3,16,5,3,1,5,0,1,1,0,0,0,0,1,"13,20594","52,54042"
3701,193004,Berlin,11,2019,3,13,1,3,3,6,0,1,1,0,0,0,0,0,"13,51443","52,53963"
3702,193005,Berlin,8,2019,3,16,5,2,5,3,0,0,1,0,0,0,0,1,"13,43514","52,42758"
3703,193006,Berlin,7,2019,3,12,1,3,2,6,0,0,1,0,0,0,0,0,"13,33352","52,46995"
3704,193007,Berlin,1,2019,3,11,1,3,6,4,0,0,1,1,0,0,0,0,"13,37912","52,52884"
3705,193008,Berlin,1,2019,3,11,1,3,2,7,0,1,1,0,0,0,0,0,"13,41592","52,52745"
3706,193009,Berlin,7,2019,3,10,1,3,5,3,0,0,1,0,0,0,0,0,"13,37444","52,47887"
3707,193010,Berlin,6,2019,3,10,1,3,5,3,0,0,1,0,0,0,0,0,"13,27525","52,46092"
3708,193011,Berlin,8,2019,3,14,6,3,5,3,0,0,1,0,0,0,0,0,"13,47974","52,41268"
3709,193012,Berlin,4,2019,3,0,1,3,5,2,2,1,1,0,0,0,0,0,"13,33116","52,50371"
3710,193013,Berlin,12,2019,3,13,1,1,6,4,0,0,0,1,1,0,0,0,"13,34783","52,56703"
3711,193014,Berlin,4,2019,3,8,5,3,5,2,0,1,1,0,0,0,0,1,"13,31423","52,5149"
3712,193015,Berlin,10,2019,3,9,7,3,6,2,0,0,1,1,0,0,0,0,"13,58304","52,52095"
3713,193016,Berlin,5,2019,3,16,5,3,2,6,0,0,1,0,0,0,1,1,"13,1578","52,59545"
3714,193017,Berlin,1,2019,3,13,7,3,2,6,0,0,1,0,0,0,0,0,"13,34113","52,54496"
3715,193018,Berlin,10,2019,3,16,5,3,6,4,0,0,1,1,0,0,0,1,"13,59214","52,54632"
3716,193019,Berlin,2,2019,3,5,7,3,4,1,2,0,1,0,0,0,0,1,"13,46696","52,50268"
3717,193020,Berlin,6,2019,3,9,7,3,2,6,0,0,1,0,0,0,0,0,"13,30369","52,43229"
3718,193021,Berlin,1,2019,3,0,5,3,5,3,2,0,1,0,0,0,0,1,"13,35158","52,52647"
3719,193022,Berlin,5,2019,3,14,7,3,2,6,0,0,1,0,0,0,0,0,"13,23139","52,53824"
3720,193023,Berlin,8,2019,3,16,5,3,3,6,0,0,1,0,0,0,0,1,"13,43379","52,44397"
3721,193024,Berlin,5,2019,3,14,7,3,6,7,0,0,1,1,0,0,0,0,"13,18781","52,50643"
3722,193025,Berlin,7,2019,3,16,5,3,6,4,0,0,1,1,0,0,0,1,"13,34592","52,49876"
3723,193026,Berlin,5,2019,3,12,7,3,5,2,0,0,1,0,1,0,0,0,"13,15783","52,54309"
3724,193027,Berlin,8,2019,3,10,7,3,5,3,0,0,1,0,1,0,0,0,"13,46218","52,43275"
3725,193028,Berlin,5,2019,3,17,5,3,5,2,0,0,1,0,0,0,0,1,"13,1824","52,53847"
3726,193029,Berlin,5,2019,3,11,7,3,5,2,0,0,1,0,0,0,1,0,"13,17","52,51855"
3727,193030,Berlin,5,2019,3,12,7,3,0,6,0,0,0,0,1,0,1,0,"13,19666","52,53082"
3728,193031,Berlin,7,2019,3,22,6,3,5,3,2,0,1,0,0,0,0,0,"13,38556","52,46712"
3729,193032,Berlin,11,2019,3,15,5,3,0,1,0,1,0,0,0,0,0,1,"13,49218","52,54394"
3730,193033,Berlin,2,2019,3,14,7,3,1,5,0,1,1,0,0,0,0,0,"13,41176","52,50334"
3731,193034,Berlin,6,2019,3,14,7,2,0,6,0,0,0,0,0,0,1,0,"13,34186","52,44171"
3732,193035,Berlin,4,2019,3,12,5,3,2,6,0,0,1,0,0,0,0,0,"13,30772","52,49897"
3733,193036,Berlin,1,2019,3,14,7,3,1,5,0,1,1,0,0,0,0,0,"13,40223","52,53091"
3734,193037,Berlin,2,2019,3,18,5,3,0,5,1,0,1,0,1,0,0,1,"13,40893","52,49001"
3735,193038,Berlin,5,2019,3,14,7,3,5,3,0,1,1,0,0,0,0,0,"13,181","52,49441"
3736,193039,Berlin,5,2019,3,12,5,2,9,1,0,0,1,0,0,0,0,1,"13,17409","52,58779"
3737,193040,Berlin,8,2019,3,15,7,3,1,5,0,1,1,0,0,0,0,0,"13,43445","52,46084"
3738,193041,Berlin,4,2019,3,15,7,3,6,7,0,0,1,1,0,0,0,0,"13,29411","52,49773"
3739,193042,Berlin,1,2019,3,18,5,3,5,3,0,1,1,0,0,0,0,0,"13,35155","52,50555"
3740,193043,Berlin,1,2019,3,13,5,3,8,1,0,0,0,0,1,0,0,0,"13,37973","52,5213"
3741,193044,Berlin,4,2019,3,15,7,3,1,5,0,1,1,0,0,0,0,0,"13,31849","52,50153"
3742,193045,Berlin,1,2019,3,6,7,3,5,3,0,0,1,0,0,0,0,0,"13,35554","52,51975"
3743,193046,Berlin,6,2019,3,17,5,3,0,6,0,0,1,0,1,0,0,1,"13,33067","52,45911"
3744,193047,Berlin,4,2019,3,9,7,3,2,6,0,0,1,0,0,0,0,0,"13,29469","52,53276"
3745,193048,Berlin,4,2019,3,15,7,3,1,5,0,1,1,0,0,0,0,0,"13,33699","52,48296"
3746,193049,Berlin,9,2019,3,17,6,3,5,3,0,0,1,0,1,0,0,0,"13,55362","52,4558"
3747,193050,Berlin,4,2019,3,9,4,3,5,7,0,0,1,0,0,0,0,0,"13,3138","52,50572"
3748,193051,Berlin,11,2019,3,10,7,3,5,3,0,0,1,0,0,0,0,0,"13,49036","52,51659"
3749,193052,Berlin,1,2019,3,19,5,3,1,5,2,1,1,0,0,0,0,0,"13,40438","52,52221"
3750,193053,Berlin,12,2019,3,19,7,3,0,3,2,0,1,0,1,0,0,0,"13,21728","52,61121"
3751,193054,Berlin,10,2019,3,10,4,3,5,3,0,1,1,0,0,0,0,0,"13,64099","52,52811"
3752,193055,Berlin,3,2019,3,10,7,3,5,2,0,0,1,0,1,0,0,0,"13,43105","52,59093"
3753,193056,Berlin,1,2019,3,7,4,3,5,2,0,1,1,0,0,0,0,0,"13,38562","52,5125"
3754,193057,Berlin,2,2019,3,2,7,3,2,4,2,0,1,1,0,0,0,0,"13,44677","52,50266"
3755,193058,Berlin,2,2019,3,9,7,2,8,1,0,0,1,0,0,0,0,0,"13,44458","52,5008"
3756,193059,Berlin,2,2019,3,6,4,3,2,2,0,1,1,0,0,0,0,0,"13,44184","52,50114"
3757,193060,Berlin,2,2019,3,2,7,2,0,1,2,1,0,0,0,0,0,0,"13,42112","52,49917"
3758,193061,Berlin,5,2019,3,17,6,3,6,2,0,0,0,1,0,0,1,0,"13,22879","52,53809"
3759,193062,Berlin,10,2019,3,14,6,2,0,1,0,0,0,0,1,0,0,0,"13,61379","52,51098"
3760,193063,Berlin,8,2019,3,23,6,3,5,3,2,1,1,0,0,0,0,0,"13,44196","52,48579"
3761,193064,Berlin,1,2019,3,22,4,2,5,3,2,0,1,0,0,0,1,1,"13,39074","52,51705"
3762,193065,Berlin,6,2019,3,8,6,3,0,2,0,0,0,0,0,0,1,0,"13,30982","52,43133"
3763,193066,Berlin,2,2019,3,17,6,2,5,7,0,1,1,0,0,0,0,0,"13,39105","52,49661"
3764,193067,Berlin,12,2019,3,0,6,3,0,7,2,0,1,0,1,0,0,1,"13,29141","52,60654"
3765,193068,Berlin,9,2019,3,16,6,3,5,3,0,1,1,0,0,0,0,0,"13,52942","52,41351"
3766,193069,Berlin,10,2019,3,16,4,3,2,2,0,0,1,0,0,0,1,0,"13,58096","52,50344"
3767,193070,Berlin,9,2019,3,9,6,2,6,4,0,0,1,1,0,0,0,0,"13,57665","52,45513"
3768,193071,Berlin,9,2019,3,11,6,3,5,3,0,1,1,0,0,0,0,0,"13,522","52,4023"
3769,193072,Berlin,1,2019,3,8,6,3,1,5,0,1,1,0,0,0,1,0,"13,3895","52,51282"
3770,193073,Berlin,6,2019,3,15,4,3,2,2,0,1,1,0,0,0,0,0,"13,27056","52,45102"
3771,193074,Berlin,1,2019,3,8,6,3,0,2,0,0,1,0,0,0,1,0,"13,37514","52,55676"
3772,193075,Berlin,7,2019,3,14,4,3,5,3,0,0,1,0,0,0,0,0,"13,40405","52,45983"
3773,193076,Berlin,4,2019,3,7,6,3,3,6,0,1,1,0,0,0,0,0,"13,29218","52,49673"
3774,193077,Berlin,2,2019,3,7,6,3,0,7,0,0,1,0,1,0,0,0,"13,46818","52,51258"
3775,193078,Berlin,9,2019,3,13,4,3,5,2,0,0,1,0,0,1,0,0,"13,48133","52,46086"
3776,193079,Berlin,6,2019,3,14,6,2,3,6,0,0,1,0,1,0,0,0,"13,35334","52,44911"
3777,193080,Berlin,2,2019,3,15,6,2,1,5,0,0,1,0,0,0,1,0,"13,39804","52,50676"
3778,193081,Berlin,6,2019,3,16,5,3,0,6,0,0,1,0,0,0,1,0,"13,32732","52,45474"
3779,193082,Berlin,1,2019,3,18,6,2,5,2,1,0,0,0,1,0,1,0,"13,33687","52,52508"
3780,193083,Berlin,4,2019,3,17,4,3,5,2,0,0,1,0,0,0,0,0,"13,29638","52,52931"
3781,193084,Berlin,9,2019,3,14,6,3,2,6,0,0,1,0,0,0,0,0,"13,56103","52,45937"
3782,193085,Berlin,5,2019,3,11,4,3,5,3,0,1,1,0,0,0,0,0,"13,26064","52,53719"
3783,193086,Berlin,5,2019,3,19,6,3,5,3,2,1,1,0,0,0,0,0,"13,21184","52,57548"
3784,193087,Berlin,8,2019,3,12,6,3,5,3,0,0,1,0,0,0,0,0,"13,43251","52,49125"
3785,193088,Berlin,12,2019,3,19,6,2,5,3,2,0,1,0,0,0,0,0,"13,37256","52,5683"
3786,193089,Berlin,1,2019,3,21,4,3,5,3,2,1,1,0,0,0,0,1,"13,35225","52,50529"
3787,193090,Berlin,1,2019,3,8,5,3,5,2,0,1,1,0,0,0,0,0,"13,3553","52,51899"
3788,193091,Berlin,8,2019,3,22,4,3,5,3,2,0,1,0,0,0,0,1,"13,44761","52,47611"
3789,193092,Berlin,12,2019,3,23,5,3,5,2,2,0,1,0,0,0,0,0,"13,32179","52,56056"
3790,193093,Berlin,1,2019,3,21,5,3,2,6,2,0,1,0,0,0,0,0,"13,35012","52,50305"
3791,193094,Berlin,2,2019,3,23,4,3,2,2,2,0,1,0,0,0,0,1,"13,41831","52,49872"
3792,193095,Berlin,9,2019,3,20,5,3,6,4,2,0,1,1,0,0,0,0,"13,62545","52,45678"
3793,193096,Berlin,1,2019,3,19,5,3,0,7,2,1,0,0,0,0,1,0,"13,34371","52,52623"
3794,193097,Berlin,6,2019,3,11,6,3,1,5,0,1,1,0,0,0,0,0,"13,34609","52,44416"
3795,193098,Berlin,5,2019,3,10,4,3,5,3,0,0,1,0,0,0,1,0,"13,13725","52,45014"
3796,193099,Berlin,12,2019,3,19,5,3,5,3,2,1,1,0,0,0,0,0,"13,32327","52,62592"
3797,193100,Berlin,4,2019,3,16,5,3,0,3,0,1,1,0,0,0,0,0,"13,30242","52,51891"
3798,193101,Berlin,3,2019,3,7,5,3,1,5,0,1,1,0,0,0,0,1,"13,41399","52,54761"
3799,193102,Berlin,12,2019,3,16,5,3,6,4,0,0,1,1,0,0,0,0,"13,31291","52,57146"
3800,193103,Berlin,6,2019,3,9,4,3,5,2,0,0,1,0,1,0,0,0,"13,25111","52,45009"
3801,193104,Berlin,5,2019,3,16,5,2,2,6,0,0,1,0,0,0,0,0,"13,21535","52,50932"
3802,193105,Berlin,6,2019,3,9,4,3,5,2,0,0,1,0,1,0,0,0,"13,35019","52,43421"
3803,193106,Berlin,4,2019,3,15,5,3,2,6,0,0,1,0,0,0,0,0,"13,32924","52,49496"
3804,193107,Berlin,1,2019,3,15,5,3,2,2,0,1,1,0,0,0,0,0,"13,37396","52,55648"
3805,193108,Berlin,1,2019,3,21,4,3,2,6,2,0,1,0,1,0,0,1,"13,3895","52,52764"
3806,193109,Berlin,3,2019,3,15,5,3,6,4,0,0,1,1,0,0,0,0,"13,40857","52,55333"
3807,193110,Berlin,5,2019,3,15,5,3,5,3,0,0,1,0,0,0,0,0,"13,19854","52,5329"
3808,193111,Berlin,2,2019,3,17,6,3,0,3,0,1,1,0,0,0,0,0,"13,45289","52,5124"
3809,193112,Berlin,3,2019,3,8,4,3,0,1,0,1,0,0,0,0,0,0,"13,38315","52,59115"
3810,193113,Berlin,4,2019,3,15,5,3,3,6,0,1,0,0,0,0,1,0,"13,33794","52,50518"
3811,193114,Berlin,12,2019,3,13,5,2,5,3,0,0,1,0,0,1,0,0,"13,2812","52,58556"
3812,193115,Berlin,4,2019,3,12,5,3,5,3,0,1,1,0,0,0,0,1,"13,3278","52,48673"
3813,193116,Berlin,4,2019,3,13,5,3,2,7,0,1,1,0,0,0,0,0,"13,3248","52,49965"
3814,193117,Berlin,7,2019,3,12,6,3,2,6,0,0,1,0,0,0,0,0,"13,39934","52,44405"
3815,193118,Berlin,6,2019,3,21,4,3,6,2,2,0,1,1,0,0,0,1,"13,33935","52,46155"
3816,193119,Berlin,7,2019,3,13,5,3,2,6,0,0,1,0,1,0,0,0,"13,35406","52,41344"
3817,193120,Berlin,3,2019,3,11,5,3,5,3,0,0,1,0,0,0,0,0,"13,41019","52,5821"
3818,193121,Berlin,8,2019,3,9,5,3,6,4,0,0,0,1,1,0,0,0,"13,43401","52,48998"
3819,193122,Berlin,5,2019,3,14,5,3,0,1,0,0,1,0,0,0,1,0,"13,23853","52,54256"
3820,193123,Berlin,5,2019,3,8,4,3,5,2,0,0,1,0,0,0,0,0,"13,24775","52,53809"
3821,193124,Berlin,9,2019,3,14,5,3,0,3,0,0,1,0,1,0,0,0,"13,50024","52,44128"
3822,193125,Berlin,9,2019,3,18,4,3,3,6,2,0,1,0,1,0,0,0,"13,55812","52,45556"
3823,193126,Berlin,5,2019,3,14,5,3,5,3,0,1,0,0,0,0,1,0,"13,13295","52,52865"
3824,193127,Berlin,4,2019,3,13,5,3,1,5,0,1,0,0,0,0,1,0,"13,28777","52,51887"
3825,193128,Berlin,9,2019,3,17,4,3,0,5,0,1,1,0,0,0,0,0,"13,57477","52,42299"
3826,193129,Berlin,4,2019,3,13,5,2,2,6,0,1,0,0,0,1,0,0,"13,28403","52,50641"
3827,193130,Berlin,6,2019,3,9,5,3,5,3,0,0,1,0,0,0,0,0,"13,28255","52,41667"
3828,193131,Berlin,4,2019,3,17,6,3,5,3,0,0,1,0,0,0,0,0,"13,27942","52,53804"
3829,193132,Berlin,11,2019,3,6,4,3,2,6,0,1,1,0,0,0,0,0,"13,48881","52,49517"
3830,193133,Berlin,1,2019,3,8,5,3,5,3,0,1,1,0,0,0,0,0,"13,40231","52,51194"
3831,193134,Berlin,7,2019,3,14,5,3,5,3,0,0,1,0,1,0,0,0,"13,35314","52,50172"
3832,193135,Berlin,2,2019,3,8,5,3,2,6,0,0,1,0,0,0,0,0,"13,40616","52,50493"
3833,193136,Berlin,1,2019,3,17,4,3,5,2,0,1,1,0,0,0,0,0,"13,37103","52,5111"
3834,193137,Berlin,7,2019,3,7,5,3,5,3,0,1,1,0,0,0,0,0,"13,39136","52,45301"
3835,193138,Berlin,4,2019,3,17,4,3,2,6,0,0,1,0,0,0,0,0,"13,31252","52,48057"
3836,193139,Berlin,10,2019,3,7,5,2,5,3,0,0,1,0,1,0,0,0,"13,59739","52,50227"
3837,193140,Berlin,3,2019,3,7,5,3,5,2,0,1,1,0,0,0,0,0,"13,41422","52,55361"
3838,193141,Berlin,8,2019,3,5,4,3,6,2,0,0,1,1,0,0,0,0,"13,42106","52,48139"
3839,193142,Berlin,3,2019,3,6,5,3,5,3,1,0,1,0,0,0,0,0,"13,42367","52,60453"
3840,193143,Berlin,1,2019,3,4,4,3,6,2,2,0,1,1,0,0,0,0,"13,3897","52,51211"
3841,193144,Berlin,1,2019,3,6,5,3,0,1,0,1,0,0,0,0,0,0,"13,34334","52,52898"
3842,193145,Berlin,9,2019,3,14,4,2,0,3,0,1,0,0,0,0,1,0,"13,57355","52,40407"
3843,193146,Berlin,12,2019,3,16,4,3,0,6,0,0,1,0,1,0,0,1,"13,31091","52,56794"
3844,193147,Berlin,1,2019,3,21,4,3,0,6,2,0,1,0,1,0,0,0,"13,38074","52,51253"
3845,193148,Berlin,1,2019,3,8,4,3,1,5,0,1,0,0,0,0,1,0,"13,37492","52,54238"
3846,193149,Berlin,6,2019,3,14,6,3,2,6,0,0,1,0,0,0,0,0,"13,33085","52,4446"
3847,193150,Berlin,12,2019,3,21,4,3,5,3,2,0,1,0,0,0,0,0,"13,27558","52,57577"
3848,193151,Berlin,2,2019,3,10,3,3,6,4,0,1,0,1,0,0,0,0,"13,45132","52,52643"
3849,193152,Berlin,8,2019,3,18,4,3,2,6,1,0,1,0,0,0,0,0,"13,4275","52,4746"
3850,193153,Berlin,2,2019,3,12,3,3,5,2,0,1,0,0,0,0,1,1,"13,45203","52,51069"
3851,193154,Berlin,9,2019,3,18,4,3,5,3,1,1,1,0,0,0,0,0,"13,65878","52,41395"
3852,193155,Berlin,3,2019,3,18,4,3,5,3,1,1,1,0,0,0,0,0,"13,41479","52,55386"
3853,193156,Berlin,5,2019,3,7,3,3,5,2,0,1,1,0,0,0,0,0,"13,19573","52,5296"
3854,193157,Berlin,10,2019,3,17,4,3,2,1,1,0,1,0,0,0,0,0,"13,60672","52,48966"
3855,193158,Berlin,1,2019,3,17,4,3,5,2,0,1,1,0,0,0,0,0,"13,34646","52,55701"
3856,193159,Berlin,4,2019,3,8,3,3,2,6,0,0,1,0,0,0,0,0,"13,27662","52,51245"
3857,193160,Berlin,11,2019,3,16,4,3,2,2,0,0,1,0,0,0,0,0,"13,47999","52,51709"
3858,193161,Berlin,11,2019,3,16,4,3,2,2,2,0,1,0,0,0,0,0,"13,52768","52,55733"
3859,193162,Berlin,8,2019,3,16,5,2,2,6,0,0,1,0,0,0,0,1,"13,4347","52,42289"
3860,193163,Berlin,2,2019,3,16,4,3,3,6,0,1,0,0,0,1,0,0,"13,44597","52,502"
3861,193164,Berlin,1,2019,3,9,4,3,5,2,0,1,1,0,0,0,0,0,"13,40276","52,52135"
3862,193165,Berlin,12,2019,3,20,3,2,0,7,2,0,0,0,1,0,0,1,"13,32901","52,56339"
3863,193166,Berlin,12,2019,3,22,4,2,5,2,2,0,1,0,0,0,0,0,"13,36118","52,57049"
3864,193167,Berlin,1,2019,3,18,4,3,9,1,2,0,0,0,0,0,1,0,"13,38003","52,54032"
3865,193168,Berlin,1,2019,3,10,5,3,0,7,0,1,0,0,0,0,0,1,"13,40515","52,53887"
3866,193169,Berlin,6,2019,3,16,4,3,2,6,0,0,1,0,0,0,0,0,"13,33186","52,44237"
3867,193170,Berlin,10,2019,3,19,3,3,5,3,2,1,1,0,0,0,0,0,"13,55428","52,54493"
3868,193171,Berlin,1,2019,3,16,4,3,5,3,0,0,1,0,0,0,0,0,"13,33439","52,55741"
3869,193172,Berlin,2,2019,3,18,3,3,1,5,1,1,0,0,0,0,1,0,"13,39917","52,50684"
3870,193173,Berlin,2,2019,3,15,4,3,1,5,0,1,1,0,0,0,0,0,"13,43989","52,50214"
3871,193174,Berlin,12,2019,3,15,4,3,0,7,0,0,1,0,0,0,0,0,"13,24019","52,61866"
3872,193175,Berlin,3,2019,3,15,4,2,5,3,0,0,1,0,1,0,1,0,"13,42742","52,55241"
3873,193176,Berlin,1,2019,3,16,3,3,5,2,0,0,1,0,0,0,0,0,"13,32854","52,53112"
3874,193177,Berlin,2,2019,3,12,4,3,3,6,0,1,0,0,0,0,0,0,"13,45159","52,52757"
3875,193178,Berlin,12,2019,3,12,4,3,6,4,0,1,0,1,0,0,0,0,"13,32706","52,56336"
3876,193179,Berlin,1,2019,3,9,6,3,0,5,0,0,1,0,0,0,0,0,"13,39269","52,51229"
3877,193180,Berlin,5,2019,3,15,3,3,2,6,0,0,1,0,0,0,0,1,"13,27013","52,53649"
3878,193181,Berlin,12,2019,3,11,4,3,2,6,0,0,1,0,0,0,0,0,"13,31011","52,56796"
3879,193182,Berlin,12,2019,3,6,4,3,5,3,0,1,1,0,0,0,0,0,"13,28749","52,63213"
3880,193183,Berlin,8,2019,3,8,5,3,5,3,0,0,1,0,0,0,0,1,"13,43512","52,42304"
3881,193184,Berlin,11,2019,3,6,4,3,6,4,0,0,0,1,0,0,1,0,"13,50695","52,57552"
3882,193185,Berlin,10,2019,3,15,3,3,6,4,0,0,0,1,0,0,1,1,"13,61936","52,54121"
3883,193186,Berlin,4,2019,3,6,4,3,6,2,0,0,0,1,0,0,1,0,"13,32045","52,47878"
3884,193187,Berlin,8,2019,3,18,3,3,0,6,0,0,1,0,0,0,1,0,"13,42827","52,48687"
3885,193188,Berlin,3,2019,3,7,4,3,5,3,0,1,1,0,0,0,0,0,"13,494","52,61527"
3886,193189,Berlin,10,2019,3,7,4,3,5,3,0,0,1,0,0,0,1,0,"13,59173","52,54159"
3887,193190,Berlin,10,2019,3,17,3,2,5,3,0,0,1,0,0,0,0,1,"13,53863","52,52463"
3888,193191,Berlin,10,2019,3,7,4,3,0,7,0,0,1,0,0,0,1,0,"13,55045","52,53353"
3889,193192,Berlin,7,2019,3,19,3,3,2,2,2,0,1,0,0,0,1,0,"13,37588","52,45775"
3890,193193,Berlin,3,2019,3,8,4,3,2,7,0,0,1,0,0,0,0,0,"13,42483","52,54704"
3891,193194,Berlin,1,2019,3,8,4,2,5,2,0,1,0,0,0,1,0,0,"13,38423","52,50993"
3892,193195,Berlin,4,2019,3,10,4,3,3,6,0,0,1,0,0,1,0,0,"13,29329","52,53414"
3893,193196,Berlin,12,2019,3,15,3,3,5,3,0,1,1,0,0,0,0,0,"13,30663","52,59163"
3894,193197,Berlin,4,2019,3,11,4,2,5,3,0,1,1,0,0,0,0,0,"13,30676","52,50002"
3895,193198,Berlin,8,2019,3,7,4,3,5,3,0,1,1,0,0,0,0,0,"13,47605","52,40934"
3896,193199,Berlin,1,2019,3,23,6,3,0,1,2,1,0,0,0,0,0,0,"13,37718","52,54561"
3897,193200,Berlin,1,2019,3,15,3,3,0,4,0,1,0,1,0,0,0,1,"13,38819","52,51983"
3898,193201,Berlin,4,2019,3,11,4,2,0,7,0,1,0,0,0,0,0,0,"13,30394","52,51817"
3899,193202,Berlin,1,2019,3,19,4,1,6,4,1,0,1,1,0,0,1,0,"13,37369","52,53778"