,id,city,district,year,month,hour,weekday,injury_level,collision,movement,light_conditions,bicycle,car,pedestrian,motorbike,truck,other_vehicle,road_conditions,longitude,latitude
3900,193203,Berlin,9,2019,3,11,5,3,5,2,0,1,0,0,0,1,0,0,"13,53862","52,43453"
3901,193204,Berlin,4,2019,3,13,3,3,1,5,0,1,1,0,0,0,1,0,"13,30395","52,50425"
3902,193205,Berlin,5,2019,3,15,3,3,6,4,0,0,1,1,0,0,0,1,"13,19774","52,52257"
3903,193206,Berlin,6,2019,3,9,3,3,5,3,0,0,1,0,1,0,0,0,"13,33512","52,46258"
3904,193207,Berlin,6,2019,3,15,3,2,1,5,0,0,1,0,1,0,0,1,"13,34443","52,43552"
3905,193208,Berlin,8,2019,3,8,3,2,5,3,0,0,1,0,0,0,0,0,"13,47051","52,46249"
3906,193209,Berlin,3,2019,3,7,3,3,5,2,0,1,1,0,0,0,0,0,"13,4582","52,59331"
3907,193210,Berlin,8,2019,3,15,3,3,5,3,0,1,1,0,0,0,0,1,"13,47646","52,46264"
3908,193211,Berlin,6,2019,3,18,3,2,1,5,1,1,1,0,0,0,0,0,"13,1853","52,42829"
3909,193212,Berlin,1,2019,3,19,3,3,3,6,2,0,1,0,0,0,0,0,"13,37569","52,5284"
3910,193213,Berlin,3,2019,3,16,6,3,2,6,0,0,1,0,1,0,0,0,"13,43063","52,55117"
3911,193214,Berlin,8,2019,3,15,3,3,6,4,0,0,1,1,0,0,0,1,"13,42586","52,47832"
3912,193215,Berlin,8,2019,3,15,3,3,6,4,0,0,1,1,0,0,0,1,"13,43655","52,44936"
3913,193216,Berlin,5,2019,3,19,3,3,5,3,2,0,1,0,0,0,0,0,"13,19853","52,55531"
3914,193217,Berlin,11,2019,3,23,3,3,5,2,2,0,1,0,0,0,1,0,"13,46795","52,54667"
3915,193218,Berlin,7,2019,3,16,6,3,0,2,0,0,1,0,1,0,0,0,"13,34988","52,50045"
3916,193219,Berlin,1,2019,3,15,3,3,5,3,0,0,1,0,0,0,0,1,"13,35104","52,5149"
3917,193220,Berlin,7,2019,3,17,3,2,0,1,0,1,0,0,0,0,0,0,"13,39586","52,44537"
3918,193221,Berlin,8,2019,3,20,5,3,1,5,2,1,1,0,0,0,0,1,"13,42965","52,48639"
3919,193222,Berlin,1,2019,3,11,3,3,1,5,0,0,1,0,0,1,0,0,"13,34914","52,5567"
3920,193223,Berlin,2,2019,3,15,3,3,2,6,0,0,1,0,0,0,0,1,"13,42967","52,52311"
3921,193224,Berlin,4,2019,3,11,3,2,0,5,0,0,1,0,1,0,0,0,"13,31365","52,50479"
3922,193225,Berlin,12,2019,3,15,3,3,5,3,0,0,1,0,0,0,0,1,"13,36781","52,60274"
3923,193226,Berlin,7,2019,3,11,3,2,3,6,0,0,0,0,1,0,1,0,"13,40358","52,44817"
3924,193227,Berlin,2,2019,3,9,3,3,0,2,0,1,0,0,0,0,1,0,"13,39453","52,4917"
3925,193228,Berlin,1,2019,3,15,3,3,3,6,0,1,0,0,0,0,1,1,"13,4078","52,52433"
3926,193229,Berlin,1,2019,3,9,3,3,6,4,0,0,1,1,0,0,0,0,"13,33447","52,5412"
3927,193230,Berlin,5,2019,3,7,3,3,6,2,0,0,0,1,0,1,0,0,"13,2157","52,52682"
3928,193231,Berlin,7,2019,3,14,6,3,5,2,0,0,1,0,0,0,0,0,"13,34618","52,50105"
3929,193232,Berlin,6,2019,3,7,3,3,1,5,0,1,1,0,0,0,0,1,"13,33563","52,46379"
3930,193233,Berlin,6,2019,3,9,3,3,0,5,0,0,1,0,0,0,1,0,"13,32457","52,42841"
3931,193234,Berlin,2,2019,3,17,3,3,3,2,0,0,1,0,1,0,0,0,"13,4655","52,49866"
3932,193235,Berlin,1,2019,3,19,3,3,6,4,2,1,0,1,0,0,0,0,"13,41012","52,5284"
3933,193236,Berlin,2,2019,3,17,3,2,6,4,1,0,1,1,0,0,0,0,"13,42595","52,50178"
3934,193237,Berlin,8,2019,3,16,3,3,5,2,0,0,1,0,0,0,0,0,"13,4303","52,48615"
3935,193238,Berlin,5,2019,3,15,3,3,0,4,0,0,0,1,0,0,1,0,"13,19781","52,52017"
3936,193239,Berlin,7,2019,3,13,3,3,1,7,0,1,0,0,0,0,1,0,"13,38399","52,48396"
3937,193240,Berlin,3,2019,3,14,3,3,5,2,0,1,0,0,0,0,0,0,"13,39976","52,58125"
3938,193241,Berlin,5,2019,3,13,3,3,6,4,0,0,1,1,0,0,0,0,"13,19778","52,54842"
3939,193242,Berlin,2,2019,3,21,3,3,5,2,2,1,1,0,0,0,0,0,"13,47391","52,51016"
3940,193243,Berlin,8,2019,3,13,3,3,6,2,0,0,1,1,0,0,0,0,"13,43384","52,48181"
3941,193244,Berlin,4,2019,3,23,3,3,3,6,2,0,1,0,0,0,1,1,"13,29678","52,54812"
3942,193245,Berlin,1,2019,3,15,3,3,2,6,0,0,1,0,0,0,0,1,"13,41115","52,52855"
3943,193246,Berlin,8,2019,3,12,3,3,3,6,0,0,1,0,1,0,1,1,"13,42894","52,47188"
3944,193247,Berlin,10,2019,3,15,2,3,2,6,0,0,1,0,0,0,0,1,"13,55174","52,5544"
3945,193248,Berlin,4,2019,3,21,5,3,6,2,2,0,1,1,0,0,0,1,"13,28677","52,51881"
3946,193249,Berlin,1,2019,3,15,2,3,1,5,0,1,1,0,0,0,0,1,"13,38236","52,53497"
3947,193250,Berlin,2,2019,3,6,3,3,5,2,0,1,1,0,0,0,0,0,"13,38759","52,5035"
3948,193251,Berlin,8,2019,3,14,2,3,2,6,0,0,1,0,0,0,0,1,"13,43646","52,43988"
3949,193252,Berlin,9,2019,3,7,3,3,5,3,0,1,1,0,0,0,0,0,"13,53741","52,40482"
3950,193253,Berlin,7,2019,3,15,2,3,2,6,0,0,1,0,0,0,0,0,"13,38286","52,43826"
3951,193254,Berlin,7,2019,3,15,2,3,0,2,0,0,1,0,1,0,0,1,"13,36024","52,47979"
3952,193255,Berlin,2,2019,3,15,2,3,5,2,0,1,1,0,0,0,0,0,"13,38219","52,485"
3953,193256,Berlin,5,2019,3,16,2,3,2,1,0,0,1,0,0,0,0,0,"13,23424","52,53865"
3954,193257,Berlin,1,2019,3,17,2,2,5,3,1,1,0,0,0,0,0,1,"13,39208","52,52346"
3955,193258,Berlin,8,2019,3,13,6,3,2,2,0,1,1,0,0,0,0,0,"13,44427","52,48483"
3956,193259,Berlin,1,2019,3,8,3,3,5,3,0,0,1,0,1,0,0,0,"13,41006","52,51797"
3957,193260,Berlin,1,2019,3,18,2,3,5,7,1,0,1,0,0,0,0,1,"13,34688","52,52488"
3958,193261,Berlin,7,2019,3,18,2,3,6,2,1,0,1,1,0,0,0,1,"13,34726","52,47053"
3959,193262,Berlin,3,2019,3,8,3,3,5,3,0,1,1,0,0,0,0,0,"13,43251","52,55765"
3960,193263,Berlin,2,2019,3,18,2,3,6,4,1,0,0,1,1,0,0,1,"13,42713","52,50027"
3961,193264,Berlin,11,2019,3,18,2,3,5,3,1,1,0,0,0,0,1,1,"13,47433","52,50464"
3962,193265,Berlin,12,2019,3,9,3,3,1,5,0,1,1,0,0,0,0,0,"13,22462","52,58331"
3963,193266,Berlin,5,2019,3,18,2,2,6,4,1,0,1,1,0,0,0,1,"13,20073","52,54882"
3964,193267,Berlin,7,2019,3,20,2,3,5,2,2,1,1,0,0,0,0,1,"13,36121","52,41249"
3965,193268,Berlin,6,2019,3,12,5,2,1,5,0,0,1,0,0,0,1,1,"13,26284","52,43897"
3966,193269,Berlin,2,2019,3,20,2,3,5,7,2,0,1,0,0,0,0,1,"13,42207","52,49286"
3967,193270,Berlin,2,2019,3,9,3,3,5,3,0,1,1,0,0,0,0,0,"13,44819","52,49742"
3968,193271,Berlin,9,2019,3,20,2,3,6,4,2,0,1,1,0,0,0,1,"13,58347","52,4517"
3969,193272,Berlin,9,2019,3,14,3,3,5,2,0,1,1,0,0,0,0,0,"13,55369","52,43136"
3970,193273,Berlin,1,2019,3,22,2,3,5,2,2,1,1,0,0,0,0,1,"13,38421","52,55568"
3971,193274,Berlin,6,2019,3,9,2,3,0,6,0,1,1,0,0,0,0,0,"13,29911","52,46523"
3972,193275,Berlin,6,2019,3,14,3,3,5,2,0,1,1,0,0,0,0,1,"13,27314","52,40974"
3973,193276,Berlin,3,2019,3,15,2,3,5,3,0,0,1,0,0,0,0,1,"13,48498","52,64879"
3974,193277,Berlin,12,2019,3,15,2,3,0,1,0,0,0,0,1,0,0,1,"13,33758","52,59578"
3975,193278,Berlin,5,2019,3,22,6,2,6,2,2,0,1,1,0,0,0,0,"13,19548","52,52904"
3976,193279,Berlin,2,2019,3,9,3,3,2,6,0,0,1,0,0,0,0,1,"13,42499","52,51446"
3977,193280,Berlin,8,2019,3,14,2,3,0,3,0,1,1,0,0,0,0,1,"13,44348","52,46419"
3978,193281,Berlin,4,2019,3,14,5,2,6,4,0,0,1,1,0,0,0,1,"13,29856","52,52405"
3979,193282,Berlin,8,2019,3,14,2,3,2,6,0,0,1,0,0,0,0,1,"13,49536","52,43164"
3980,193283,Berlin,11,2019,3,10,3,3,5,3,0,0,1,0,0,0,0,0,"13,49182","52,52304"
3981,193284,Berlin,1,2019,3,13,2,3,6,2,0,0,0,1,0,0,1,0,"13,42127","52,50974"
3982,193285,Berlin,7,2019,3,10,3,3,6,7,0,0,1,1,0,0,0,0,"13,34542","52,49888"
3983,193286,Berlin,10,2019,3,12,2,3,2,6,0,0,1,0,0,0,0,0,"13,5656","52,52929"
3984,193287,Berlin,8,2019,3,9,5,2,1,5,0,0,1,0,1,0,0,1,"13,43759","52,45078"
3985,193288,Berlin,4,2019,3,12,2,3,6,2,0,0,1,1,0,0,0,0,"13,32562","52,50917"
3986,193289,Berlin,2,2019,3,14,3,3,2,2,0,0,1,0,0,0,0,1,"13,40588","52,48951"
3987,193290,Berlin,3,2019,3,11,2,3,5,2,0,0,1,0,0,0,0,0,"13,42955","52,57186"
3988,193291,Berlin,9,2019,3,10,3,3,6,4,0,0,1,1,0,0,0,0,"13,58389","52,46324"
3989,193292,Berlin,10,2019,3,11,2,3,5,3,0,1,1,0,0,0,0,0,"13,61994","52,51238"
3990,193293,Berlin,2,2019,3,7,2,3,3,6,0,0,1,0,0,1,0,0,"13,38869","52,49418"
3991,193294,Berlin,1,2019,3,10,3,2,2,7,0,0,1,0,0,0,0,0,"13,33916","52,52678"
3992,193295,Berlin,7,2019,3,7,2,2,6,4,0,0,1,1,0,0,0,0,"13,42301","52,39498"
3993,193296,Berlin,11,2019,3,8,2,3,1,5,0,1,1,0,0,0,0,0,"13,51695","52,49009"
3994,193297,Berlin,2,2019,3,13,6,2,5,3,0,1,1,0,0,0,0,0,"13,44792","52,49782"
3995,193298,Berlin,1,2019,3,14,3,3,6,4,0,0,1,1,0,0,0,1,"13,36719","52,50462"
3996,193299,Berlin,6,2019,3,9,2,2,5,3,0,0,1,0,0,0,1,0,"13,24257","52,43389"
3997,193300,Berlin,3,2019,3,15,5,3,6,4,0,0,1,1,0,0,0,1,"13,41278","52,55749"
3998,193301,Berlin,6,2019,3,10,2,3,0,1,0,1,0,0,0,0,0,0,"13,33801","52,432"
3999,193302,Berlin,12,2019,3,13,3,3,1,5,0,0,1,0,0,0,0,1,"13,29975","52,57031"
4000,193303,Berlin,2,2019,3,8,2,3,0,1,0,0,0,0,0,0,1,1,"13,40571","52,48961"
4001,193304,Berlin,12,2019,3,10,3,3,2,6,0,0,1,0,0,0,0,1,"13,35182","52,57369"
4002,193305,Berlin,2,2019,3,19,1,3,5,7,2,0,1,0,0,0,0,0,"13,43307","52,51867"
4003,193306,Berlin,8,2019,3,19,1,3,2,6,2,0,1,0,0,0,0,1,"13,43566","52,484"
4004,193307,Berlin,9,2019,3,12,3,3,0,4,0,0,1,1,0,0,0,0,"13,50051","52,44743"
4005,193308,Berlin,6,2019,3,18,1,3,5,3,2,0,1,0,0,0,0,1,"13,3376","52,46031"
4006,193309,Berlin,12,2019,3,15,1,2,5,3,0,0,1,0,1,0,0,0,"13,37246","52,56821"
4007,193310,Berlin,12,2019,3,11,1,3,2,6,0,0,1,0,0,0,0,0,"13,31108","52,56933"
4008,193311,Berlin,12,2019,3,13,3,3,5,3,0,0,1,0,0,0,0,1,"13,30257","52,58437"
4009,193312,Berlin,11,2019,3,10,1,3,1,1,0,0,1,0,0,0,1,0,"13,49784","52,50193"
4010,193313,Berlin,1,2019,3,11,1,3,2,6,0,0,1,0,0,0,0,0,"13,40659","52,52922"
4011,193314,Berlin,4,2019,3,14,6,3,0,4,0,1,0,1,0,0,0,0,"13,26099","52,51643"
4012,193315,Berlin,2,2019,3,12,1,3,5,3,0,0,1,0,0,0,0,0,"13,41465","52,50015"
4013,193316,Berlin,1,2019,3,13,3,3,0,7,0,0,0,0,1,0,0,1,"13,36423","52,54489"
4014,193317,Berlin,5,2019,3,14,1,3,5,2,0,0,1,0,0,0,0,1,"13,16536","52,55113"
4015,193318,Berlin,1,2019,3,14,1,3,5,7,0,0,1,0,0,0,0,1,"13,35266","52,54312"
4016,193319,Berlin,3,2019,3,17,1,3,9,1,1,0,1,0,0,0,0,1,"13,3891","52,58715"
4017,193320,Berlin,4,2019,3,12,3,3,2,6,0,0,1,0,0,0,0,1,"13,31649","52,50107"
4018,193321,Berlin,9,2019,3,19,1,3,2,6,2,0,1,0,0,0,0,1,"13,57415","52,45266"
4019,193322,Berlin,11,2019,3,12,2,3,0,3,0,0,0,0,0,0,1,0,"13,4912","52,50134"
4020,193323,Berlin,10,2019,3,20,1,2,5,2,2,1,1,0,0,0,0,1,"13,56624","52,5354"
4021,193324,Berlin,1,2019,3,21,1,3,2,6,2,0,1,0,0,0,0,1,"13,3877","52,52361"
4022,193325,Berlin,12,2019,3,7,2,2,6,4,0,0,1,1,0,0,0,1,"13,33435","52,58951"
4023,193326,Berlin,3,2019,3,10,1,3,1,5,0,0,1,0,0,0,0,0,"13,4248","52,55014"
4024,193327,Berlin,3,2019,3,9,1,3,5,3,0,0,1,0,0,0,1,0,"13,42332","52,5511"
4025,193328,Berlin,1,2019,3,21,5,3,5,3,2,0,1,0,0,0,0,1,"13,40462","52,50896"
4026,193329,Berlin,11,2019,3,8,1,3,5,3,0,0,1,0,1,0,0,0,"13,49376","52,54131"
4027,193330,Berlin,5,2019,3,6,2,3,5,3,0,0,1,0,0,1,0,1,"13,16509","52,53337"
4028,193331,Berlin,11,2019,3,17,7,3,5,3,2,0,1,0,1,0,0,1,"13,49873","52,53821"
4029,193332,Berlin,2,2019,3,4,2,2,0,1,2,1,0,0,0,0,0,0,"13,4673","52,50963"
4030,193333,Berlin,1,2019,3,18,7,2,1,5,2,1,1,0,0,0,0,1,"13,38766","52,5239"
4031,193334,Berlin,7,2019,3,12,7,2,1,5,0,1,1,0,0,0,0,1,"13,38986","52,39137"
4032,193335,Berlin,11,2019,3,16,5,3,2,6,0,0,1,0,0,0,0,1,"13,50733","52,49772"
4033,193336,Berlin,7,2019,3,13,7,3,1,5,0,0,1,0,0,0,0,1,"13,33925","52,48881"
4034,193337,Berlin,6,2019,3,0,2,2,5,7,2,0,1,0,0,0,0,0,"13,3327","52,45584"
4035,193338,Berlin,7,2019,3,14,7,3,2,6,0,0,1,0,0,0,0,1,"13,35945","52,49437"
4036,193339,Berlin,2,2019,3,16,2,3,2,6,0,1,0,0,0,0,0,0,"13,44489","52,50117"
4037,193340,Berlin,1,2019,3,15,7,3,2,6,0,0,1,0,0,0,0,1,"13,40547","52,51428"
4038,193341,Berlin,7,2019,3,18,7,3,2,6,1,0,1,0,0,0,0,1,"13,3944","52,48423"
4039,193342,Berlin,6,2019,3,17,2,3,6,4,0,0,1,1,0,0,0,0,"13,27012","52,44324"
4040,193343,Berlin,8,2019,3,18,7,3,6,4,1,0,1,1,0,0,0,1,"13,45574","52,47369"
4041,193344,Berlin,6,2019,3,18,7,3,6,2,1,0,1,1,0,0,0,1,"13,35411","52,4384"
4042,193345,Berlin,4,2019,3,9,6,3,1,5,0,1,1,0,0,0,0,0,"13,33789","52,50179"
4043,193346,Berlin,9,2019,3,9,2,3,5,3,0,0,1,0,0,0,1,1,"13,53122","52,40513"
4044,193347,Berlin,7,2019,3,18,7,3,6,2,1,0,1,1,0,0,0,1,"13,34621","52,49726"
4045,193348,Berlin,1,2019,3,18,7,3,0,3,1,0,1,0,0,0,1,1,"13,37647","52,51009"
4046,193349,Berlin,11,2019,3,7,5,3,6,4,0,0,1,1,0,0,0,1,"13,49913","52,51817"
4047,193350,Berlin,7,2019,3,19,7,3,6,4,1,0,1,1,0,0,0,1,"13,36427","52,4762"
4048,193351,Berlin,7,2019,3,11,2,3,5,2,0,0,1,0,0,0,0,0,"13,3761","52,40913"
4049,193352,Berlin,10,2019,3,19,7,3,6,2,2,0,1,1,0,0,0,1,"13,57184","52,5683"
4050,193353,Berlin,1,2019,3,11,2,3,2,6,0,0,1,0,0,0,0,1,"13,37201","52,52727"
4051,193354,Berlin,1,2019,3,20,7,3,2,6,2,0,1,0,0,0,0,1,"13,35001","52,54961"
4052,193355,Berlin,11,2019,3,20,7,3,5,2,2,0,1,0,0,0,0,1,"13,51532","52,56699"
4053,193356,Berlin,11,2019,3,12,2,3,0,6,0,0,1,0,1,0,0,1,"13,47423","52,53543"
4054,193357,Berlin,1,2019,3,20,7,2,1,5,2,0,1,0,0,1,0,1,"13,38701","52,56733"
4055,193358,Berlin,7,2019,3,21,7,3,6,7,2,1,0,1,0,0,0,1,"13,39976","52,48376"
4056,193359,Berlin,4,2019,3,17,6,3,2,6,2,0,1,0,0,0,0,0,"13,31345","52,50346"
4057,193360,Berlin,1,2019,3,21,7,3,6,4,2,0,1,1,0,0,0,1,"13,39075","52,53587"
4058,193361,Berlin,4,2019,3,10,7,3,5,2,0,0,1,0,0,0,0,0,"13,30815","52,4778"
4059,193362,Berlin,1,2019,3,12,2,3,1,5,0,1,1,0,0,0,0,0,"13,38755","52,52458"
4060,193363,Berlin,11,2019,3,10,7,2,6,4,0,0,1,1,0,0,0,0,"13,47677","52,50091"
4061,193364,Berlin,7,2019,3,6,7,2,1,1,1,0,1,0,0,0,1,0,"13,36147","52,48499"
4062,193365,Berlin,8,2019,3,18,6,3,5,3,0,0,1,0,0,0,0,0,"13,43332","52,46408"
4063,193366,Berlin,1,2019,3,13,2,3,1,5,0,0,1,0,0,0,0,1,"13,37258","52,54017"
4064,193367,Berlin,3,2019,3,17,6,3,6,4,1,0,1,1,0,0,0,1,"13,42012","52,56582"
4065,193368,Berlin,1,2019,3,9,6,3,1,5,0,1,1,0,0,0,0,1,"13,42218","52,50719"
4066,193369,Berlin,2,2019,3,10,5,3,5,2,0,1,1,0,0,0,0,1,"13,43288","52,51782"
4067,193370,Berlin,11,2019,3,21,6,2,0,7,2,1,0,0,0,0,0,1,"13,47343","52,536"
4068,193371,Berlin,5,2019,3,15,2,3,6,2,0,0,1,1,0,0,0,0,"13,20921","52,5654"
4069,193372,Berlin,7,2019,3,18,6,3,5,2,1,1,1,0,0,0,0,1,"13,34373","52,47116"
4070,193373,Berlin,9,2019,3,15,2,3,2,6,0,0,1,0,0,0,0,1,"13,55869","52,44937"
4071,193374,Berlin,4,2019,3,23,6,3,2,6,2,0,1,0,0,0,0,0,"13,29289","52,50679"
4072,193375,Berlin,1,2019,3,20,6,2,6,2,2,0,1,1,0,0,0,1,"13,39122","52,51489"
4073,193376,Berlin,8,2019,3,16,2,3,0,6,0,0,1,0,1,0,0,1,"13,45339","52,43142"
4074,193377,Berlin,2,2019,3,21,6,3,5,3,2,1,1,0,0,0,0,0,"13,4264","52,49934"
4075,193378,Berlin,11,2019,3,18,6,3,5,7,1,0,1,0,0,0,1,1,"13,52802","52,48984"
4076,193379,Berlin,7,2019,3,16,6,3,0,3,0,1,0,0,0,0,1,0,"13,4089","52,38703"
4077,193380,Berlin,11,2019,3,16,2,3,2,6,0,0,1,0,0,0,0,0,"13,4994","52,5477"
4078,193381,Berlin,3,2019,3,16,6,3,2,6,1,0,1,0,1,0,0,1,"13,43669","52,553"
4079,193382,Berlin,8,2019,3,15,6,3,5,3,0,1,1,0,0,0,0,1,"13,44471","52,48517"
4080,193383,Berlin,12,2019,3,17,2,3,6,7,0,0,1,1,0,0,0,0,"13,23109","52,61394"
4081,193384,Berlin,12,2019,3,15,6,3,2,6,0,0,1,0,0,0,0,1,"13,31634","52,57097"
4082,193385,Berlin,2,2019,3,15,6,3,1,5,0,1,1,0,0,0,0,1,"13,41552","52,4999"
4083,193386,Berlin,7,2019,3,20,5,3,2,6,2,0,1,0,0,0,0,1,"13,36495","52,49382"
4084,193387,Berlin,1,2019,3,16,6,3,0,1,0,0,0,0,1,0,0,1,"13,38388","52,5299"
4085,193388,Berlin,2,2019,3,17,2,2,5,2,0,1,1,0,0,0,0,0,"13,40049","52,49054"
4086,193389,Berlin,4,2019,3,1,6,2,9,1,2,0,1,0,0,0,0,1,"13,2789","52,52605"
4087,193390,Berlin,3,2019,3,16,2,3,2,6,0,0,1,0,0,0,0,0,"13,46101","52,52993"
4088,193391,Berlin,1,2019,3,1,6,2,5,2,2,1,1,0,0,0,0,1,"13,41164","52,52396"
4089,193392,Berlin,9,2019,3,6,6,2,5,3,1,1,1,0,0,0,0,1,"13,55323","52,4339"
4090,193393,Berlin,12,2019,3,13,2,2,0,4,0,0,0,1,0,0,1,1,"13,28288","52,59053"
4091,193394,Berlin,3,2019,3,9,6,3,0,1,0,0,0,0,1,0,0,1,"13,51086","52,63397"
4092,193395,Berlin,4,2019,3,9,6,3,5,2,0,1,1,0,0,0,0,0,"13,3173","52,51217"
4093,193396,Berlin,4,2019,3,14,6,3,3,6,0,0,1,0,0,0,1,0,"13,32791","52,50818"
4094,193397,Berlin,1,2019,3,15,6,2,0,1,0,0,0,0,1,0,0,1,"13,41652","52,51581"
4095,193398,Berlin,5,2019,3,11,2,3,5,2,0,0,1,0,0,0,0,1,"13,18621","52,51764"
4096,193399,Berlin,11,2019,3,14,6,3,5,2,0,1,1,0,0,0,0,0,"13,50964","52,54629"
4097,193400,Berlin,2,2019,4,15,5,3,6,4,0,0,1,1,0,0,0,0,"13,41851","52,50019"
4098,193401,Berlin,4,2019,4,20,4,3,2,6,2,0,1,0,0,0,0,0,"13,32419","52,54226"
4099,193402,Berlin,8,2019,4,7,5,3,5,3,0,0,1,0,1,0,0,0,"13,47228","52,46515"
4100,193403,Berlin,6,2019,4,18,4,3,2,7,0,0,1,0,0,0,0,0,"13,26599","52,4285"
4101,193404,Berlin,2,2019,4,0,7,3,2,2,2,1,1,0,0,0,0,0,"13,47022","52,50625"
4102,193405,Berlin,6,2019,4,17,4,3,2,6,0,0,1,0,0,0,0,0,"13,31661","52,43076"
4103,193406,Berlin,8,2019,4,17,4,3,5,3,0,0,1,0,1,0,0,0,"13,45293","52,47521"
4104,193407,Berlin,1,2019,4,8,6,2,5,2,0,0,1,0,1,0,0,0,"13,39601","52,53827"
4105,193408,Berlin,10,2019,4,16,4,3,2,7,0,1,1,0,0,0,0,0,"13,56321","52,49645"
4106,193409,Berlin,2,2019,4,15,5,3,2,6,0,0,1,0,0,0,0,0,"13,43313","52,52317"
4107,193410,Berlin,11,2019,4,12,1,3,6,4,0,0,1,1,0,0,0,0,"13,48214","52,51099"
4108,193411,Berlin,2,2019,4,16,4,3,6,4,0,0,1,1,0,0,0,0,"13,4561","52,51643"
4109,193412,Berlin,4,2019,4,13,7,3,5,2,0,0,1,0,0,0,0,0,"13,30989","52,52573"
4110,193413,Berlin,1,2019,4,15,4,3,6,2,0,1,0,1,0,0,0,0,"13,38361","52,55139"
4111,193414,Berlin,8,2019,4,15,4,3,5,3,0,0,1,0,0,0,1,0,"13,49678","52,41035"
4112,193415,Berlin,4,2019,4,2,6,2,1,5,2,1,1,0,0,0,0,0,"13,32754","52,50359"
4113,193416,Berlin,3,2019,4,14,4,2,5,3,0,1,0,0,0,0,0,0,"13,42235","52,54793"
4114,193417,Berlin,9,2019,4,15,7,2,2,2,0,0,1,0,1,0,0,0,"13,66844","52,40829"
4115,193418,Berlin,9,2019,4,14,4,2,0,5,0,1,0,0,0,0,1,0,"13,57628","52,44137"
4116,193419,Berlin,12,2019,4,16,4,2,5,2,0,0,1,0,0,0,0,0,"13,35111","52,5676"
4117,193420,Berlin,2,2019,4,19,6,2,0,2,1,0,0,1,1,0,0,0,"13,44684","52,50272"
4118,193421,Berlin,9,2019,4,12,4,3,5,7,0,0,1,0,0,0,1,0,"13,55458","52,45588"
4119,193422,Berlin,9,2019,4,14,5,3,0,1,0,1,0,0,0,0,0,0,"13,51279","52,44801"
4120,193423,Berlin,8,2019,4,12,4,3,0,7,0,1,0,0,0,0,1,1,"13,45404","52,46914"
4121,193424,Berlin,11,2019,4,14,1,3,2,2,0,0,1,0,0,0,0,0,"13,52052","52,56873"
4122,193425,Berlin,4,2019,4,12,4,3,5,2,0,1,1,0,0,0,0,0,"13,31698","52,51243"
4123,193426,Berlin,4,2019,4,10,4,2,5,2,0,1,1,0,0,0,0,0,"13,26582","52,48332"
4124,193427,Berlin,8,2019,4,15,7,3,5,3,0,0,0,0,0,0,1,0,"13,43554","52,46909"
4125,193428,Berlin,1,2019,4,9,4,2,1,5,0,1,1,0,0,0,1,0,"13,40787","52,51261"
4126,193429,Berlin,1,2019,4,8,4,3,1,5,0,1,1,0,0,0,1,0,"13,39875","52,52855"
4127,193430,Berlin,1,2019,4,1,5,3,2,6,2,1,0,0,0,0,1,0,"13,35815","52,53294"
4128,193431,Berlin,8,2019,4,7,4,3,6,2,0,0,0,1,0,0,1,0,"13,43547","52,48089"
4129,193432,Berlin,4,2019,4,10,5,3,5,2,0,1,1,0,0,0,0,0,"13,31764","52,50687"
4130,193433,Berlin,3,2019,4,7,4,3,1,5,0,0,1,0,1,0,0,0,"13,41608","52,54727"
4131,193434,Berlin,1,2019,4,7,4,3,5,3,0,1,1,0,0,0,0,0,"13,35614","52,54332"
4132,193435,Berlin,8,2019,4,17,5,3,0,4,0,1,0,1,0,0,0,0,"13,43073","52,48659"
4133,193436,Berlin,9,2019,4,7,4,3,0,1,0,1,0,0,0,0,0,0,"13,5367","52,43584"
4134,193437,Berlin,12,2019,4,16,1,3,5,2,0,0,1,0,0,0,0,0,"13,31543","52,57794"
4135,193438,Berlin,3,2019,4,7,4,3,6,6,0,1,0,1,0,0,0,0,"13,40866","52,54133"
4136,193439,Berlin,3,2019,4,5,4,3,2,6,2,0,1,0,0,0,0,0,"13,38518","52,59121"
4137,193440,Berlin,1,2019,4,17,6,3,6,4,0,0,1,1,0,0,0,0,"13,36307","52,52451"
4138,193441,Berlin,7,2019,4,1,4,3,5,3,2,0,1,0,0,0,0,0,"13,38294","52,43404"
4139,193442,Berlin,11,2019,4,16,3,3,6,7,0,0,1,1,0,0,0,0,"13,50219","52,51576"
4140,193443,Berlin,5,2019,4,11,5,3,0,7,0,0,1,0,0,0,1,0,"13,18729","52,53644"
4141,193444,Berlin,1,2019,4,14,3,3,0,5,0,1,1,0,0,0,0,0,"13,33396","52,55866"
4142,193445,Berlin,2,2019,4,9,5,2,3,6,0,0,1,0,1,0,0,0,"13,43073","52,52331"
4143,193446,Berlin,8,2019,4,16,3,3,2,6,0,0,1,0,0,0,0,0,"13,42891","52,48575"
4144,193447,Berlin,1,2019,4,19,7,3,5,2,0,0,1,0,0,0,1,0,"13,34533","52,55433"
4145,193448,Berlin,8,2019,4,7,3,3,6,7,0,1,0,1,0,0,0,0,"13,43344","52,46661"
4146,193449,Berlin,10,2019,4,16,3,3,5,3,0,1,1,0,0,0,0,0,"13,565","52,52227"
4147,193450,Berlin,4,2019,4,9,6,3,5,3,0,1,0,0,0,0,0,0,"13,33308","52,48957"
4148,193451,Berlin,4,2019,4,15,7,3,7,7,0,0,0,0,1,0,0,0,"13,27091","52,54765"
4149,193452,Berlin,4,2019,4,16,3,3,5,3,0,0,1,0,0,0,0,0,"13,31983","52,46881"
4150,193453,Berlin,12,2019,4,16,3,3,2,2,0,0,1,0,0,0,1,0,"13,31993","52,60705"
4151,193454,Berlin,4,2019,4,14,6,3,5,2,0,0,1,0,1,0,0,0,"13,2964","52,52926"
4152,193455,Berlin,6,2019,4,16,3,3,6,4,0,0,1,1,0,0,0,0,"13,2952","52,44291"
4153,193456,Berlin,6,2019,4,15,5,3,2,6,0,0,1,0,0,0,0,0,"13,34307","52,4474"
4154,193457,Berlin,8,2019,4,16,3,3,1,1,0,0,1,0,0,0,0,0,"13,44462","52,48061"
4155,193458,Berlin,1,2019,4,16,2,3,2,6,0,0,1,0,0,0,0,0,"13,3769","52,55392"
4156,193459,Berlin,8,2019,4,17,5,3,5,3,0,1,1,0,0,0,0,0,"13,47349","52,42411"