,id,city,district,year,month,hour,weekday,injury_level,collision,movement,light_conditions,bicycle,car,pedestrian,motorbike,truck,other_vehicle,road_conditions,longitude,latitude
4157,193460,Berlin,1,2019,4,18,3,3,2,6,0,0,1,0,0,0,0,0,"13,41615","52,5273"
4158,193461,Berlin,3,2019,4,16,7,3,0,3,0,1,1,0,0,0,0,0,"13,40172","52,58855"
4159,193462,Berlin,12,2019,4,16,3,3,5,2,0,0,1,0,0,0,1,0,"13,32181","52,56056"
4160,193463,Berlin,6,2019,4,18,3,3,0,6,0,1,0,0,0,0,1,0,"13,29953","52,44039"
4161,193464,Berlin,8,2019,4,7,6,3,4,5,0,1,1,0,0,0,0,0,"13,44686","52,47248"
4162,193465,Berlin,2,2019,4,18,3,3,5,2,0,0,1,0,1,0,0,0,"13,39578","52,49837"
4163,193466,Berlin,1,2019,4,15,5,2,3,6,0,1,0,0,0,0,0,0,"13,41831","52,51673"
4164,193467,Berlin,2,2019,4,18,3,3,5,2,0,1,1,0,0,0,0,0,"13,38801","52,49298"
4165,193468,Berlin,5,2019,4,11,1,3,1,5,0,1,1,0,0,0,0,0,"13,15828","52,53225"
4166,193469,Berlin,4,2019,4,17,3,2,6,7,0,0,1,1,0,0,0,0,"13,29957","52,5204"
4167,193470,Berlin,1,2019,4,16,5,3,2,2,0,1,1,0,0,0,0,0,"13,37909","52,50701"
4168,193471,Berlin,11,2019,4,11,3,2,2,6,0,0,1,0,1,0,0,0,"13,49206","52,53406"
4169,193472,Berlin,4,2019,4,15,1,3,1,5,0,1,1,0,0,0,0,0,"13,30466","52,50563"
4170,193473,Berlin,1,2019,4,17,3,2,5,2,0,0,1,0,1,0,0,0,"13,4111","52,52587"
4171,193474,Berlin,10,2019,4,8,3,3,3,6,0,0,1,0,0,1,0,0,"13,53942","52,54003"
4172,193475,Berlin,10,2019,4,9,7,3,2,2,0,0,1,0,1,0,0,0,"13,51945","52,51877"
4173,193476,Berlin,8,2019,4,23,3,2,5,2,2,0,0,0,1,0,1,0,"13,43848","52,45259"
4174,193477,Berlin,1,2019,4,22,3,3,1,5,2,0,1,0,0,0,0,0,"13,39995","52,52711"
4175,193478,Berlin,8,2019,4,20,6,2,5,3,2,1,1,0,0,0,0,0,"13,43805","52,42105"
4176,193479,Berlin,7,2019,4,21,3,3,6,4,2,0,1,1,0,0,0,0,"13,34343","52,50152"
4177,193480,Berlin,7,2019,4,18,5,3,6,4,0,1,0,1,0,0,0,0,"13,3284","52,47741"
4178,193481,Berlin,7,2019,4,21,3,3,5,2,2,0,1,0,0,0,1,0,"13,42308","52,39498"
4179,193482,Berlin,1,2019,4,22,1,3,5,3,2,0,1,0,0,0,0,0,"13,316","52,52587"
4180,193483,Berlin,2,2019,4,13,3,3,5,2,0,0,0,0,0,0,1,0,"13,40656","52,49847"
4181,193484,Berlin,1,2019,4,12,3,3,2,6,0,0,1,0,0,0,0,0,"13,38617","52,54964"
4182,193485,Berlin,12,2019,4,13,6,3,2,6,0,0,1,0,0,0,0,0,"13,32599","52,56145"
4183,193486,Berlin,3,2019,4,12,3,3,2,6,0,0,1,0,0,0,0,0,"13,41686","52,55364"
4184,193487,Berlin,2,2019,4,12,3,3,0,2,0,0,0,0,0,0,1,0,"13,42743","52,49904"
4185,193488,Berlin,9,2019,4,14,3,3,4,6,0,0,1,0,0,0,0,0,"13,55825","52,46249"
4186,193489,Berlin,8,2019,4,13,7,3,2,6,0,0,1,0,0,0,0,0,"13,46835","52,42768"
4187,193490,Berlin,1,2019,4,11,3,3,2,6,0,0,1,0,0,0,0,0,"13,34861","52,54848"
4188,193491,Berlin,9,2019,4,15,3,3,2,6,0,0,1,0,0,1,0,0,"13,50828","52,45287"
4189,193492,Berlin,1,2019,4,17,6,3,2,6,1,0,1,0,0,0,0,0,"13,388","52,52185"
4190,193493,Berlin,5,2019,4,11,3,3,1,1,0,0,1,0,1,0,0,0,"13,18951","52,52807"
4191,193494,Berlin,5,2019,4,16,5,3,5,3,0,0,1,0,0,0,0,0,"13,18827","52,53732"
4192,193495,Berlin,12,2019,4,15,3,3,5,3,0,1,0,0,1,0,0,0,"13,30859","52,57204"
4193,193496,Berlin,5,2019,4,19,1,3,5,3,0,0,1,0,0,0,1,0,"13,19532","52,53548"
4194,193497,Berlin,1,2019,4,11,3,3,3,6,0,0,1,0,1,0,1,0,"13,3918","52,52525"
4195,193498,Berlin,2,2019,4,15,3,2,3,6,0,1,1,0,0,0,0,0,"13,44652","52,50274"
4196,193499,Berlin,1,2019,4,15,6,3,5,2,0,1,1,0,0,0,0,0,"13,39604","52,53835"
4197,193500,Berlin,4,2019,4,16,3,2,5,2,0,0,1,0,1,0,0,0,"13,29733","52,52652"
4198,193501,Berlin,4,2019,4,10,3,2,6,7,0,0,0,1,0,0,1,0,"13,30071","52,51578"
4199,193502,Berlin,5,2019,4,11,5,3,5,7,0,0,1,0,0,0,0,0,"13,22709","52,54952"
4200,193503,Berlin,1,2019,4,10,3,2,5,2,0,0,1,0,1,0,0,0,"13,35927","52,54638"
4201,193504,Berlin,1,2019,4,11,3,3,1,5,0,1,0,0,0,0,1,0,"13,37133","52,52706"
4202,193505,Berlin,11,2019,4,8,5,3,5,2,0,1,1,0,0,0,0,0,"13,52449","52,47865"
4203,193506,Berlin,2,2019,4,10,3,3,0,4,0,1,1,0,0,0,1,0,"13,47086","52,51232"
4204,193507,Berlin,6,2019,4,10,5,3,3,6,0,0,1,0,1,0,0,0,"13,32311","52,45642"
4205,193508,Berlin,1,2019,4,9,3,3,1,5,0,1,0,0,0,0,1,0,"13,42151","52,50557"
4206,193509,Berlin,3,2019,4,20,7,3,2,7,2,1,1,0,0,0,0,0,"13,44868","52,53104"
4207,193510,Berlin,1,2019,4,1,3,3,1,5,2,1,1,0,0,0,0,0,"13,39667","52,527"
4208,193511,Berlin,5,2019,4,5,3,3,5,3,2,0,1,0,0,0,0,0,"13,19695","52,53139"
4209,193512,Berlin,9,2019,4,12,6,3,5,7,0,0,1,0,0,0,1,0,"13,58174","52,44119"
4210,193513,Berlin,9,2019,4,7,3,3,5,3,0,0,1,0,1,0,0,0,"13,50898","52,46384"
4211,193514,Berlin,5,2019,4,14,5,3,6,3,0,0,1,1,0,0,0,0,"13,25981","52,54518"
4212,193515,Berlin,11,2019,4,7,3,3,2,1,0,0,1,0,0,0,0,0,"13,50626","52,50882"
4213,193516,Berlin,12,2019,4,17,1,3,2,6,0,0,1,0,0,0,0,0,"13,31022","52,56796"
4214,193517,Berlin,5,2019,4,5,5,3,2,6,2,0,1,0,1,0,0,0,"13,19834","52,53266"
4215,193518,Berlin,4,2019,4,7,3,3,6,7,0,0,1,1,0,0,0,0,"13,29138","52,51191"
4216,193519,Berlin,3,2019,4,16,7,3,5,3,0,0,1,0,0,0,0,0,"13,43254","52,55771"
4217,193520,Berlin,1,2019,4,8,3,3,5,3,0,0,1,0,0,0,0,0,"13,34861","52,54609"
4218,193521,Berlin,1,2019,4,8,5,3,5,3,0,1,1,0,0,0,0,0,"13,36396","52,50618"
4219,193522,Berlin,6,2019,4,8,3,2,0,6,0,0,1,0,0,0,0,0,"13,1991","52,44329"
4220,193523,Berlin,12,2019,4,18,7,3,2,6,0,0,1,0,0,0,0,0,"13,29254","52,59062"
4221,193524,Berlin,10,2019,4,8,3,3,5,2,0,0,1,0,0,0,0,0,"13,55584","52,54847"
4222,193525,Berlin,4,2019,4,9,3,2,6,2,0,0,1,1,0,0,0,0,"13,26616","52,51298"
4223,193526,Berlin,5,2019,4,11,6,2,6,4,0,0,1,1,0,0,0,0,"13,18732","52,53428"
4224,193527,Berlin,2,2019,4,18,2,3,3,6,1,1,0,0,0,0,0,0,"13,39082","52,49207"
4225,193528,Berlin,8,2019,4,16,5,3,6,6,0,0,1,1,0,0,0,0,"13,49388","52,41902"
4226,193529,Berlin,1,2019,4,9,2,3,4,6,0,1,0,0,0,0,0,0,"13,40564","52,52957"
4227,193530,Berlin,8,2019,4,13,1,3,5,2,0,0,1,0,1,0,0,0,"13,44692","52,42697"
4228,193531,Berlin,9,2019,4,19,2,3,5,2,0,1,1,0,0,0,0,0,"13,57961","52,45904"
4229,193532,Berlin,11,2019,4,12,2,3,3,6,0,0,1,0,0,1,0,0,"13,47764","52,50052"
4230,193533,Berlin,4,2019,4,12,7,3,5,2,0,1,1,0,0,0,0,0,"13,27345","52,49997"
4231,193534,Berlin,7,2019,4,12,2,3,5,2,0,1,1,0,0,0,0,0,"13,38569","52,46573"
4232,193535,Berlin,8,2019,4,16,2,3,1,5,0,1,1,0,0,0,0,0,"13,43405","52,4824"
4233,193536,Berlin,1,2019,4,9,6,3,2,6,0,0,1,0,1,0,0,0,"13,38449","52,51532"
4234,193537,Berlin,12,2019,4,16,2,2,2,6,0,0,1,0,0,0,0,0,"13,25449","52,56177"
4235,193538,Berlin,10,2019,4,17,5,3,5,3,0,1,1,0,0,0,0,0,"13,58565","52,52364"
4236,193539,Berlin,9,2019,4,16,2,3,5,3,0,1,1,0,0,0,0,0,"13,54355","52,43378"
4237,193540,Berlin,8,2019,4,7,6,3,3,6,0,1,1,0,0,0,0,0,"13,47624","52,41843"
4238,193541,Berlin,8,2019,4,15,2,3,5,3,0,1,0,0,0,0,1,0,"13,43533","52,47023"
4239,193542,Berlin,3,2019,4,12,5,3,5,2,0,0,0,0,0,1,1,0,"13,42882","52,57912"
4240,193543,Berlin,1,2019,4,15,2,3,2,4,0,1,1,1,0,0,0,0,"13,40949","52,52571"
4241,193544,Berlin,5,2019,4,14,1,3,5,2,0,0,1,0,0,0,0,0,"13,1625","52,52174"
4242,193545,Berlin,1,2019,4,15,2,3,5,3,0,1,0,0,0,0,0,0,"13,41513","52,52102"
4243,193546,Berlin,1,2019,4,15,2,3,5,2,0,1,1,0,0,0,0,0,"13,34631","52,52495"
4244,193547,Berlin,5,2019,4,15,7,3,5,2,0,0,1,0,0,0,0,0,"13,13796","52,52533"
4245,193548,Berlin,5,2019,4,13,2,3,0,3,0,1,0,0,0,0,1,0,"13,17411","52,5338"
4246,193549,Berlin,10,2019,4,14,2,3,5,3,0,1,0,0,0,0,1,0,"13,51947","52,53537"
4247,193550,Berlin,2,2019,4,7,5,3,3,6,0,1,0,0,0,0,0,0,"13,39364","52,49812"
4248,193551,Berlin,5,2019,4,14,2,3,5,3,0,0,1,0,1,0,0,0,"13,19589","52,5274"
4249,193552,Berlin,10,2019,4,16,5,3,2,6,0,0,1,0,0,0,0,0,"13,58975","52,5281"
4250,193553,Berlin,6,2019,4,16,2,2,6,4,0,1,0,1,0,0,0,0,"13,33983","52,4646"
4251,193554,Berlin,3,2019,4,13,7,3,5,3,0,1,1,0,0,0,0,0,"13,42214","52,55311"
4252,193555,Berlin,4,2019,4,18,2,3,1,5,0,0,1,0,0,0,0,0,"13,33365","52,50216"
4253,193556,Berlin,10,2019,4,13,2,3,5,3,0,1,1,0,0,0,0,0,"13,6269","52,52721"
4254,193557,Berlin,2,2019,4,16,2,3,2,6,0,0,1,0,0,0,0,0,"13,40577","52,48969"
4255,193558,Berlin,3,2019,4,19,1,3,2,6,0,0,1,0,0,0,0,0,"13,44374","52,53343"
4256,193559,Berlin,4,2019,4,12,2,3,1,5,0,1,1,0,0,0,0,0,"13,27229","52,4796"
4257,193560,Berlin,5,2019,4,14,2,3,0,7,0,0,0,0,1,0,0,1,"13,23251","52,54051"
4258,193561,Berlin,4,2019,4,19,4,3,5,3,1,1,1,0,0,0,0,0,"13,32498","52,50795"
4259,193562,Berlin,2,2019,4,18,6,3,5,3,0,0,1,0,0,0,0,0,"13,40648","52,49833"
4260,193563,Berlin,1,2019,4,17,2,3,5,5,0,1,1,0,0,0,0,0,"13,38064","52,55268"
4261,193564,Berlin,1,2019,4,18,4,3,2,6,0,0,1,0,0,0,0,0,"13,3981","52,53477"
4262,193565,Berlin,5,2019,4,12,2,3,2,6,0,0,1,0,0,0,0,0,"13,19844","52,53314"
4263,193566,Berlin,1,2019,4,18,4,3,3,6,0,1,1,0,0,0,0,0,"13,40912","52,5273"
4264,193567,Berlin,6,2019,4,14,5,3,5,2,0,0,1,0,1,0,0,0,"13,25373","52,44496"
4265,193568,Berlin,6,2019,4,16,2,3,5,3,0,1,1,0,0,0,0,0,"13,35192","52,43596"
4266,193569,Berlin,8,2019,4,18,4,3,2,7,0,1,0,0,0,0,1,0,"13,44015","52,47043"
4267,193570,Berlin,3,2019,4,17,4,3,1,1,0,0,0,0,1,1,0,0,"13,42609","52,55847"
4268,193571,Berlin,4,2019,4,9,5,3,5,7,0,0,1,0,0,0,0,0,"13,33045","52,51109"
4269,193572,Berlin,1,2019,4,13,2,3,0,3,0,1,1,0,0,0,0,0,"13,40425","52,53316"
4270,193573,Berlin,9,2019,4,17,4,3,2,7,0,0,1,0,0,0,0,0,"13,56218","52,44528"
4271,193574,Berlin,4,2019,4,18,7,3,6,4,1,0,0,1,1,0,0,0,"13,31766","52,54709"
4272,193575,Berlin,7,2019,4,17,4,3,0,6,0,0,1,0,0,0,1,0,"13,34821","52,50238"
4273,193576,Berlin,1,2019,4,13,2,3,1,5,0,0,1,0,0,0,1,0,"13,35066","52,54937"
4274,193577,Berlin,4,2019,4,17,4,3,5,3,0,0,1,0,1,0,0,0,"13,2739","52,50968"
4275,193578,Berlin,5,2019,4,18,2,3,5,2,0,1,1,0,0,0,0,0,"13,2325","52,5405"
4276,193579,Berlin,2,2019,4,17,4,3,5,3,0,1,1,0,0,0,0,0,"13,45227","52,52746"
4277,193580,Berlin,7,2019,4,10,6,3,3,6,0,0,1,0,1,0,0,0,"13,37856","52,45138"
4278,193581,Berlin,7,2019,4,11,2,3,2,6,0,0,1,0,0,0,0,0,"13,34501","52,49032"
4279,193582,Berlin,7,2019,4,16,4,3,2,6,0,0,1,0,0,0,0,0,"13,37056","52,45568"
4280,193583,Berlin,2,2019,4,16,4,3,5,2,0,1,1,0,0,0,0,0,"13,39524","52,49632"
4281,193584,Berlin,6,2019,4,15,5,3,3,2,0,0,1,0,0,0,0,0,"13,30966","52,43132"
4282,193585,Berlin,6,2019,4,16,4,3,4,6,0,1,1,0,0,0,0,0,"13,13774","52,39721"
4283,193586,Berlin,7,2019,4,14,6,3,5,3,0,0,1,0,0,0,0,0,"13,38184","52,42931"
4284,193587,Berlin,12,2019,4,15,4,3,6,6,0,1,0,1,0,0,0,0,"13,33435","52,58951"
4285,193588,Berlin,4,2019,4,15,4,3,5,3,0,0,1,0,0,0,0,0,"13,25731","52,51885"
4286,193589,Berlin,6,2019,4,15,4,3,5,7,0,0,1,0,1,0,0,0,"13,3391","52,45101"
4287,193590,Berlin,1,2019,4,14,5,3,5,7,0,0,1,0,1,0,0,0,"13,39663","52,52403"
4288,193591,Berlin,7,2019,4,18,2,3,5,2,0,1,1,0,0,0,0,0,"13,3629","52,47618"
4289,193592,Berlin,7,2019,4,14,4,3,5,3,0,0,1,0,0,0,0,0,"13,39938","52,45298"
4290,193593,Berlin,4,2019,4,16,2,3,6,4,0,0,1,1,0,0,0,0,"13,32865","52,49273"
4291,193594,Berlin,1,2019,4,14,4,3,5,3,0,0,1,0,1,0,0,0,"13,4045","52,50884"
4292,193595,Berlin,7,2019,4,7,5,3,0,7,0,0,0,1,1,0,0,0,"13,36472","52,45978"
4293,193596,Berlin,1,2019,4,10,2,3,6,2,0,0,1,1,0,0,0,0,"13,37921","52,52506"
4294,193597,Berlin,10,2019,4,17,4,3,0,1,0,0,0,0,1,0,0,0,"13,53932","52,5257"
4295,193598,Berlin,1,2019,4,17,7,3,6,7,0,1,0,1,0,0,0,0,"13,38909","52,54709"
4296,193599,Berlin,7,2019,4,8,4,3,5,3,0,0,1,0,0,0,0,0,"13,39453","52,46438"
4297,193600,Berlin,10,2019,4,17,2,2,5,2,0,0,1,0,1,0,0,0,"13,58397","52,48362"
4298,193601,Berlin,7,2019,4,8,4,3,5,2,0,1,1,0,0,0,0,0,"13,36709","52,49321"
4299,193602,Berlin,1,2019,4,18,2,3,6,4,0,0,1,1,0,0,0,0,"13,33351","52,55714"
4300,193603,Berlin,2,2019,4,9,3,3,2,6,0,1,0,0,0,0,0,0,"13,44906","52,49713"
4301,193604,Berlin,4,2019,4,8,6,3,2,6,0,0,1,0,0,0,1,0,"13,31502","52,46949"
4302,193605,Berlin,3,2019,4,19,2,3,2,6,0,0,1,0,1,0,0,0,"13,41977","52,60602"
4303,193606,Berlin,1,2019,4,18,3,3,5,2,0,0,1,0,0,0,0,0,"13,38885","52,51689"
4304,193607,Berlin,1,2019,4,9,3,3,2,6,0,0,1,0,0,0,0,0,"13,34079","52,50516"
4305,193608,Berlin,4,2019,4,16,5,3,2,6,0,0,1,0,0,0,0,0,"13,28491","52,49169"
4306,193609,Berlin,3,2019,4,12,3,3,5,2,0,1,1,0,0,0,0,0,"13,36748","52,58636"
4307,193610,Berlin,8,2019,4,17,3,3,6,3,0,0,1,1,0,0,0,0,"13,45445","52,45451"
4308,193611,Berlin,9,2019,4,11,1,3,2,6,0,0,1,0,0,0,0,0,"13,61833","52,45546"
4309,193612,Berlin,1,2019,4,17,3,3,6,4,0,1,0,1,0,0,0,0,"13,34342","52,52635"
4310,193613,Berlin,11,2019,4,20,2,2,6,4,2,0,1,1,0,0,0,0,"13,52697","52,48648"
4311,193614,Berlin,7,2019,4,10,2,3,5,2,0,1,0,0,0,1,0,0,"13,40096","52,41443"
4312,193615,Berlin,2,2019,4,17,3,3,2,6,0,1,1,0,0,0,0,0,"13,3886","52,4926"
4313,193616,Berlin,4,2019,4,13,7,2,5,3,0,0,1,0,1,0,0,0,"13,26009","52,51655"
4314,193617,Berlin,7,2019,4,12,3,3,5,3,0,0,1,0,0,0,0,0,"13,37831","52,45749"
4315,193618,Berlin,1,2019,4,9,2,3,5,3,0,1,1,0,0,0,0,0,"13,40252","52,52807"
4316,193619,Berlin,1,2019,4,18,3,3,2,6,0,1,1,0,0,0,0,0,"13,37205","52,53885"
4317,193620,Berlin,4,2019,4,1,1,2,9,1,2,0,0,0,1,0,0,0,"13,21086","52,50071"
4318,193621,Berlin,6,2019,4,12,3,3,5,3,0,0,1,0,1,0,0,0,"13,28598","52,44961"
4319,193622,Berlin,3,2019,4,14,4,3,2,2,0,0,1,0,0,0,0,0,"13,4494","52,53721"
4320,193623,Berlin,10,2019,4,9,2,3,5,3,0,1,1,0,0,0,0,0,"13,59289","52,54482"
4321,193624,Berlin,8,2019,4,11,3,3,6,4,0,0,1,1,0,0,0,0,"13,45568","52,4736"
4322,193625,Berlin,8,2019,4,1,7,3,1,6,2,1,1,0,0,0,0,0,"13,42905","52,47167"
4323,193626,Berlin,6,2019,4,11,3,3,5,3,0,0,1,0,0,0,0,0,"13,32566","52,43425"
4324,193627,Berlin,5,2019,4,8,2,3,1,5,0,0,1,0,0,0,1,0,"13,21843","52,53742"
4325,193628,Berlin,4,2019,4,10,3,3,5,3,0,0,1,0,0,0,0,0,"13,26446","52,51463"
4326,193629,Berlin,7,2019,4,8,2,3,2,6,0,0,0,0,1,0,1,0,"13,36064","52,49798"
4327,193630,Berlin,1,2019,4,18,3,2,5,2,1,1,1,0,0,0,0,0,"13,40981","52,52401"
4328,193631,Berlin,6,2019,4,11,6,3,1,5,0,1,1,0,0,0,1,0,"13,32606","52,44723"
4329,193632,Berlin,1,2019,4,8,2,2,6,4,0,0,1,1,0,0,0,0,"13,32669","52,52761"
4330,193633,Berlin,11,2019,4,20,3,3,5,3,2,1,1,0,0,0,0,0,"13,50603","52,51536"
4331,193634,Berlin,4,2019,4,10,3,3,2,7,0,1,0,0,0,0,1,0,"13,32291","52,48979"
4332,193635,Berlin,12,2019,4,20,5,3,5,3,2,0,1,0,0,0,0,0,"13,29737","52,57785"
4333,193636,Berlin,2,2019,4,8,2,3,2,6,0,1,0,0,0,0,0,0,"13,45808","52,50503"
4334,193637,Berlin,12,2019,4,21,3,3,5,2,2,0,1,0,0,0,0,0,"13,36085","52,57036"
4335,193638,Berlin,1,2019,4,12,1,3,0,1,0,1,0,0,0,0,0,0,"13,39738","52,53249"
4336,193639,Berlin,4,2019,4,10,3,3,3,6,0,1,1,0,0,0,0,0,"13,30346","52,50371"
4337,193640,Berlin,9,2019,4,11,2,2,0,1,0,0,0,0,1,0,0,0,"13,50867","52,44264"
4338,193641,Berlin,12,2019,4,17,2,3,2,6,0,0,1,0,0,0,1,0,"13,31851","52,56634"
4339,193642,Berlin,12,2019,4,9,3,3,3,6,0,0,1,0,0,0,0,0,"13,23986","52,61888"
4340,193643,Berlin,1,2019,4,19,6,3,2,6,0,1,1,0,0,0,0,0,"13,42451","52,50887"
4341,193644,Berlin,9,2019,3,18,1,3,5,3,0,0,1,0,0,0,0,0,"13,46149","52,45437"
4342,193645,Berlin,7,2019,4,21,3,3,5,2,2,1,1,0,0,0,0,0,"13,36675","52,49656"
4343,193646,Berlin,1,2019,3,18,1,3,3,6,0,0,1,0,1,0,0,0,"13,33338","52,56036"
4344,193647,Berlin,5,2019,4,13,3,3,2,6,0,0,1,0,0,0,0,0,"13,26886","52,53658"
4345,193648,Berlin,1,2019,4,11,5,3,3,6,0,1,0,0,0,1,0,0,"13,40599","52,52505"
4346,193649,Berlin,12,2019,3,17,1,3,5,2,0,1,0,0,0,0,0,0,"13,34664","52,61669"
4347,193650,Berlin,2,2019,4,22,3,3,5,7,2,1,1,0,0,0,0,0,"13,45448","52,51214"
4348,193651,Berlin,12,2019,3,17,1,3,2,2,0,0,1,0,0,0,0,0,"13,29554","52,55016"
4349,193652,Berlin,1,2019,4,7,3,3,5,3,0,1,0,0,1,0,0,0,"13,36581","52,52538"
4350,193653,Berlin,9,2019,3,15,1,3,6,4,0,0,0,1,0,0,1,0,"13,52166","52,46059"
4351,193654,Berlin,7,2019,4,6,3,3,3,6,0,1,1,0,0,0,0,0,"13,38582","52,45282"
4352,193655,Berlin,12,2019,4,14,6,3,2,7,0,0,1,0,1,0,0,0,"13,2844","52,58876"
4353,193656,Berlin,1,2019,3,13,1,3,5,2,0,1,1,0,0,0,0,0,"13,39595","52,53246"
4354,193657,Berlin,12,2019,4,13,3,3,0,6,0,0,1,0,0,0,1,0,"13,32861","52,56242"
4355,193658,Berlin,3,2019,4,17,3,2,5,3,0,0,1,0,0,0,0,0,"13,4314","52,58058"
4356,193659,Berlin,10,2019,4,17,5,3,6,4,0,0,1,1,0,0,0,0,"13,60403","52,53969"
4357,193660,Berlin,12,2019,3,16,1,3,3,6,0,0,1,0,0,0,0,0,"13,31312","52,57494"
4358,193661,Berlin,6,2019,4,11,3,2,6,4,0,0,1,1,0,0,0,0,"13,23228","52,42693"
4359,193662,Berlin,1,2019,4,16,1,3,2,1,0,0,1,0,1,0,0,0,"13,39407","52,51507"
4360,193663,Berlin,6,2019,4,22,3,2,6,2,2,0,1,1,0,0,0,0,"13,33777","52,45113"
4361,193664,Berlin,4,2019,3,16,1,2,2,6,0,0,1,0,0,0,0,0,"13,33281","52,50405"
4362,193665,Berlin,3,2019,3,1,1,3,6,4,2,0,1,1,0,0,0,0,"13,43056","52,55685"
4363,193666,Berlin,4,2019,4,9,3,3,1,5,0,1,1,0,0,0,1,0,"13,32267","52,48824"
4364,193667,Berlin,5,2019,4,18,6,3,5,2,1,1,1,0,0,0,0,0,"13,27532","52,53578"
4365,193668,Berlin,8,2019,3,0,1,3,3,6,2,0,1,0,0,0,0,0,"13,42644","52,4769"
4366,193669,Berlin,4,2019,4,17,3,3,1,5,0,1,1,0,0,0,0,0,"13,31105","52,477"
4367,193670,Berlin,5,2019,3,9,1,3,2,6,0,0,1,0,0,0,0,0,"13,15793","52,5331"
4368,193671,Berlin,5,2019,4,20,3,3,0,1,2,1,0,0,0,0,0,0,"13,19667","52,53106"
4369,193672,Berlin,8,2019,4,15,5,3,6,4,0,0,1,1,0,0,0,0,"13,47468","52,46353"
4370,193673,Berlin,5,2019,3,11,1,3,5,3,0,1,1,0,0,0,0,0,"13,16952","52,51822"
4371,193674,Berlin,1,2019,4,17,3,3,0,1,0,1,0,0,0,0,0,0,"13,38923","52,52202"
4372,193675,Berlin,2,2019,4,18,3,3,0,1,0,1,0,0,0,0,0,0,"13,45387","52,51406"
4373,193676,Berlin,10,2019,4,9,5,3,5,2,0,1,1,0,0,0,0,0,"13,52165","52,52592"
4374,193677,Berlin,4,2019,3,12,1,3,5,2,0,0,1,0,0,0,0,0,"13,29639","52,52929"
4375,193678,Berlin,3,2019,4,7,3,2,5,3,0,1,1,0,0,0,0,0,"13,47951","52,61255"
4376,193679,Berlin,7,2019,4,18,7,2,5,3,0,1,1,0,0,0,0,0,"13,40809","52,45248"
4377,193680,Berlin,7,2019,4,16,3,3,1,5,0,1,1,0,0,0,0,0,"13,36598","52,49555"
4378,193681,Berlin,1,2019,4,16,3,3,5,2,0,0,1,0,1,0,0,0,"13,37083","52,5178"
4379,193682,Berlin,1,2019,4,10,5,3,6,4,0,0,0,1,0,0,1,0,"13,38844","52,51925"
4380,193683,Berlin,5,2019,3,13,7,3,5,3,0,0,1,0,0,0,0,0,"13,19545","52,53337"
4381,193684,Berlin,9,2019,4,16,3,3,5,2,0,1,1,0,0,0,0,0,"13,53522","52,4324"
4382,193685,Berlin,1,2019,4,23,7,3,5,7,2,0,1,0,0,0,1,0,"13,40959","52,52867"
4383,193686,Berlin,7,2019,4,16,3,3,0,6,0,0,1,0,0,0,1,0,"13,35971","52,41894"
4384,193687,Berlin,3,2019,3,15,7,3,5,3,0,1,1,0,0,0,0,0,"13,38163","52,62861"
4385,193688,Berlin,7,2019,4,15,3,3,5,2,0,1,1,0,0,0,0,0,"13,40994","52,45537"
4386,193689,Berlin,12,2019,3,15,7,3,1,1,0,0,1,0,0,1,0,0,"13,3427","52,56657"
4387,193690,Berlin,11,2019,4,15,3,2,6,4,0,0,1,1,0,0,0,0,"13,47696","52,52298"
4388,193691,Berlin,1,2019,4,13,6,3,3,6,0,0,1,0,1,0,0,0,"13,37728","52,52887"
4389,193692,Berlin,4,2019,4,14,3,2,6,4,0,0,1,1,0,0,0,0,"13,2992","52,52353"
4390,193693,Berlin,4,2019,4,14,3,3,2,6,0,0,1,0,1,0,0,0,"13,28471","52,51873"
4391,193694,Berlin,3,2019,3,14,7,3,5,3,0,1,0,0,0,0,0,0,"13,41344","52,54966"
4392,193695,Berlin,8,2019,4,14,3,3,2,6,0,0,1,0,0,0,0,0,"13,47081","52,46614"
4393,193696,Berlin,7,2019,4,16,5,3,5,2,0,0,1,0,1,0,0,0,"13,3879","52,45305"
4394,193697,Berlin,7,2019,3,14,7,3,5,2,0,0,1,0,1,0,0,0,"13,37702","52,48334"
4395,193698,Berlin,12,2019,4,14,3,3,5,2,0,0,1,0,0,0,1,0,"13,36291","52,56663"
4396,193699,Berlin,11,2019,4,17,1,2,5,7,0,0,1,0,1,0,0,0,"13,47369","52,52298"
4397,193700,Berlin,1,2019,4,14,3,3,5,2,0,1,1,0,0,0,0,0,"13,40977","52,52402"
4398,193701,Berlin,2,2019,4,7,5,3,6,4,0,0,1,1,0,0,0,0,"13,43026","52,52452"
4399,193702,Berlin,3,2019,3,14,7,3,2,2,0,0,1,0,0,0,0,0,"13,41958","52,59127"
4400,193703,Berlin,2,2019,4,13,3,3,0,1,0,1,0,0,0,0,1,0,"13,37739","52,48947"
4401,193704,Berlin,4,2019,4,16,7,3,1,5,0,1,1,0,0,0,0,0,"13,32303","52,49049"
4402,193705,Berlin,12,2019,4,13,3,3,5,2,0,0,1,0,0,0,0,0,"13,28083","52,59378"
4403,193706,Berlin,7,2019,3,14,7,2,5,2,0,1,1,0,0,0,0,0,"13,38885","52,39842"
4404,193707,Berlin,3,2019,4,13,3,3,5,2,0,0,0,0,1,0,1,0,"13,41981","52,5728"
4405,193708,Berlin,6,2019,3,13,7,2,0,5,0,0,0,0,1,0,1,0,"13,3545","52,42978"
4406,193709,Berlin,7,2019,4,13,3,3,1,5,0,1,1,0,0,0,0,0,"13,35553","52,49013"
4407,193710,Berlin,2,2019,4,7,6,3,0,2,0,1,1,0,0,0,0,0,"13,40931","52,50173"
4408,193711,Berlin,11,2019,3,13,7,3,1,5,0,0,1,0,0,0,0,0,"13,47953","52,52597"
4409,193712,Berlin,11,2019,4,15,2,3,0,1,0,1,0,0,0,0,0,0,"13,48865","52,5266"
4410,193713,Berlin,3,2019,4,23,2,3,5,2,2,1,0,0,0,0,0,0,"13,41102","52,53062"
4411,193714,Berlin,8,2019,3,13,7,3,2,6,0,0,1,0,0,0,0,0,"13,45592","52,43427"
4412,193715,Berlin,3,2019,4,15,2,3,2,6,0,0,1,0,0,0,0,0,"13,44449","52,61521"
4413,193716,Berlin,12,2019,3,13,7,2,5,3,0,1,1,0,0,0,0,0,"13,30661","52,55519"
4414,193717,Berlin,3,2019,4,15,2,3,6,2,0,0,1,1,0,0,0,0,"13,4117","52,5716"