,id,city,district,year,month,hour,weekday,injury_level,collision,movement,light_conditions,bicycle,car,pedestrian,motorbike,truck,other_vehicle,road_conditions,longitude,latitude
4415,193718,Berlin,10,2019,4,16,6,2,6,4,0,0,1,1,0,0,0,0,"13,6043","52,53649"
4416,193719,Berlin,10,2019,3,12,7,3,6,4,0,0,1,1,0,0,0,0,"13,57739","52,56207"
4417,193720,Berlin,5,2019,4,17,2,3,5,3,0,1,1,0,0,0,0,0,"13,20895","52,5594"
4418,193721,Berlin,7,2019,4,14,2,3,6,4,0,0,1,1,0,0,0,0,"13,37828","52,47828"
4419,193722,Berlin,12,2019,4,14,5,3,1,5,0,0,1,0,1,0,0,0,"13,35963","52,57496"
4420,193723,Berlin,2,2019,3,8,7,2,5,2,0,0,1,0,0,0,0,0,"13,37658","52,48505"
4421,193724,Berlin,1,2019,4,15,2,3,2,7,0,0,1,0,0,0,0,0,"13,35691","52,52487"
4422,193725,Berlin,3,2019,4,15,1,3,0,2,0,1,1,0,0,0,0,0,"13,4286","52,58297"
4423,193726,Berlin,8,2019,4,8,2,3,5,3,0,1,1,0,0,0,0,0,"13,42687","52,48737"
4424,193727,Berlin,12,2019,3,8,7,3,1,1,0,0,1,0,0,0,0,0,"13,34191","52,60041"
4425,193728,Berlin,7,2019,3,7,7,2,6,2,0,0,0,1,0,0,1,0,"13,40013","52,4592"
4426,193729,Berlin,4,2019,4,22,2,3,5,2,2,0,1,0,0,0,0,0,"13,29676","52,54812"
4427,193730,Berlin,6,2019,4,11,7,2,5,2,0,1,1,0,0,0,0,0,"13,10924","52,41408"
4428,193731,Berlin,3,2019,4,21,2,3,3,6,2,1,1,0,0,0,0,0,"13,45902","52,55013"
4429,193732,Berlin,3,2019,3,8,7,3,0,1,0,1,0,0,0,0,0,0,"13,40785","52,54937"
4430,193733,Berlin,8,2019,4,20,2,3,6,7,2,0,1,1,0,0,0,0,"13,44469","52,44674"
4431,193734,Berlin,5,2019,3,13,7,3,0,1,0,0,0,0,1,0,0,0,"13,19781","52,51938"
4432,193735,Berlin,2,2019,4,20,2,3,6,2,2,0,1,1,0,0,0,0,"13,41813","52,49941"
4433,193736,Berlin,4,2019,4,19,6,3,4,5,1,1,0,0,0,0,0,0,"13,33561","52,49599"
4434,193737,Berlin,7,2019,3,0,7,3,5,3,2,0,1,0,0,0,0,0,"13,34627","52,50107"
4435,193738,Berlin,2,2019,4,20,2,3,2,6,2,0,1,0,1,0,0,0,"13,39625","52,49838"
4436,193739,Berlin,8,2019,4,19,2,3,2,7,1,0,1,0,1,0,0,0,"13,44534","52,48241"
4437,193740,Berlin,5,2019,4,17,5,3,2,6,0,0,1,0,0,0,0,0,"13,22215","52,54883"
4438,193741,Berlin,2,2019,3,15,7,3,0,4,0,1,0,1,0,0,0,0,"13,43143","52,49941"
4439,193742,Berlin,1,2019,4,18,2,3,5,2,0,0,1,0,1,0,0,0,"13,36584","52,52531"
4440,193743,Berlin,4,2019,4,19,1,3,6,2,2,0,1,1,0,0,0,0,"13,33079","52,48715"
4441,193744,Berlin,11,2019,4,18,2,3,5,2,0,1,1,0,0,0,0,0,"13,49167","52,53997"
4442,193745,Berlin,11,2019,3,15,7,3,2,2,0,0,1,0,0,0,0,0,"13,47615","52,53309"
4443,193746,Berlin,9,2019,4,17,2,3,2,6,0,0,1,0,0,1,0,0,"13,56203","52,43739"
4444,193747,Berlin,12,2019,4,12,5,3,5,2,0,0,1,0,0,0,1,0,"13,292","52,59059"
4445,193748,Berlin,4,2019,4,16,2,3,2,6,0,0,1,0,0,0,0,0,"13,294","52,50683"
4446,193749,Berlin,9,2019,3,15,7,3,5,3,0,1,1,0,0,0,0,0,"13,57388","52,44455"
4447,193750,Berlin,2,2019,4,8,2,3,3,6,0,0,1,0,0,0,0,0,"13,41941","52,48757"
4448,193751,Berlin,3,2019,4,12,1,3,2,6,0,1,1,0,0,0,0,0,"13,41609","52,545"
4449,193752,Berlin,1,2019,4,8,2,3,5,3,0,1,1,0,0,0,0,0,"13,37188","52,50908"
4450,193753,Berlin,10,2019,3,15,7,3,5,2,0,0,1,0,0,0,0,0,"13,59291","52,54844"
4451,193754,Berlin,2,2019,3,16,7,3,5,7,0,0,1,0,0,0,0,0,"13,42335","52,48672"
4452,193755,Berlin,4,2019,4,8,2,3,5,2,0,1,0,0,1,0,0,0,"13,33921","52,50313"
4453,193756,Berlin,2,2019,4,14,7,3,0,3,0,0,1,0,1,0,0,0,"13,4668","52,52016"
4454,193757,Berlin,3,2019,4,8,2,3,2,6,0,0,1,0,0,0,0,0,"13,43178","52,54403"
4455,193758,Berlin,9,2019,3,16,7,3,2,6,0,0,1,0,0,0,1,0,"13,50401","52,46089"
4456,193759,Berlin,9,2019,4,7,2,3,2,6,0,0,1,0,0,0,0,0,"13,69659","52,43671"
4457,193760,Berlin,1,2019,3,20,7,3,6,2,2,0,1,1,0,0,0,0,"13,34942","52,54234"
4458,193761,Berlin,2,2019,4,7,2,3,6,7,0,1,0,1,0,0,0,0,"13,45361","52,50809"
4459,193762,Berlin,11,2019,4,14,6,3,0,7,0,0,1,0,0,0,0,0,"13,4625","52,53006"
4460,193763,Berlin,12,2019,3,21,7,3,5,3,2,0,1,0,0,0,0,0,"13,34941","52,6039"
4461,193764,Berlin,1,2019,4,8,2,3,2,6,0,1,1,0,0,0,0,0,"13,38094","52,51637"
4462,193765,Berlin,3,2019,4,9,2,3,5,3,0,0,1,0,0,0,0,0,"13,42744","52,5524"
4463,193766,Berlin,7,2019,4,17,5,2,0,7,0,1,0,0,0,0,0,0,"13,37357","52,4246"
4464,193767,Berlin,1,2019,3,21,7,3,1,5,2,1,1,0,0,0,0,0,"13,34773","52,54361"
4465,193768,Berlin,2,2019,4,10,2,3,5,3,0,0,1,0,0,0,0,0,"13,43017","52,51029"
4466,193769,Berlin,6,2019,4,18,7,3,6,4,0,0,1,1,0,0,0,0,"13,31995","52,4188"
4467,193770,Berlin,1,2019,4,10,2,3,5,3,0,0,1,0,0,0,0,0,"13,37861","52,52868"
4468,193771,Berlin,9,2019,3,14,7,3,2,6,0,1,1,0,1,0,0,0,"13,45513","52,48814"
4469,193772,Berlin,2,2019,3,21,7,3,0,7,2,1,0,0,0,0,0,0,"13,4685","52,50698"
4470,193773,Berlin,4,2019,4,10,2,3,5,3,0,0,1,0,0,0,0,0,"13,26693","52,51414"
4471,193774,Berlin,2,2019,4,14,6,3,5,2,0,0,1,0,0,0,0,0,"13,40665","52,49843"
4472,193775,Berlin,10,2019,4,11,2,3,2,6,0,0,1,0,0,0,0,0,"13,51955","52,52782"
4473,193776,Berlin,3,2019,3,20,7,3,0,1,2,1,0,0,0,0,0,0,"13,41383","52,54242"
4474,193777,Berlin,1,2019,4,12,2,3,2,6,0,0,1,0,1,0,0,0,"13,36045","52,53714"
4475,193778,Berlin,4,2019,4,22,6,2,2,6,2,0,1,0,0,0,0,0,"13,29979","52,48743"
4476,193779,Berlin,8,2019,4,13,2,3,6,7,0,0,1,1,0,0,0,0,"13,43275","52,46808"
4477,193780,Berlin,7,2019,3,11,7,3,5,3,0,0,1,0,0,0,1,0,"13,36015","52,49046"
4478,193781,Berlin,5,2019,4,12,2,3,5,3,0,0,1,0,0,0,0,0,"13,18515","52,5342"
4479,193782,Berlin,2,2019,3,23,6,3,5,7,2,1,1,0,0,0,0,0,"13,44583","52,5019"
4480,193783,Berlin,8,2019,4,12,2,3,2,2,0,0,1,0,0,0,1,0,"13,42898","52,48662"
4481,193784,Berlin,6,2019,4,11,5,3,5,2,0,0,1,0,0,0,0,0,"13,31782","52,45794"
4482,193785,Berlin,2,2019,3,9,6,3,1,7,0,0,1,0,0,0,0,0,"13,41547","52,49007"
4483,193786,Berlin,10,2019,4,15,2,3,5,3,0,1,1,0,0,0,0,0,"13,54941","52,52355"
4484,193787,Berlin,3,2019,4,15,2,3,1,5,0,1,1,0,0,0,0,0,"13,42536","52,54434"
4485,193788,Berlin,2,2019,4,10,5,3,2,6,0,0,1,0,1,0,0,0,"13,44677","52,49849"
4486,193789,Berlin,4,2019,3,13,6,3,5,2,0,1,0,0,0,0,1,0,"13,28906","52,47067"
4487,193790,Berlin,11,2019,4,15,2,3,5,3,0,1,1,0,0,0,0,0,"13,52977","52,5698"
4488,193791,Berlin,1,2019,4,19,7,3,5,3,1,0,1,0,0,0,0,0,"13,34172","52,53486"
4489,193792,Berlin,4,2019,4,15,2,3,1,5,0,1,1,0,0,0,0,0,"13,29398","52,47572"
4490,193793,Berlin,7,2019,3,12,6,3,2,2,0,0,1,0,0,0,0,0,"13,37605","52,40912"
4491,193794,Berlin,8,2019,4,16,2,3,1,5,0,1,1,0,0,0,0,0,"13,43091","52,46918"
4492,193795,Berlin,7,2019,3,12,6,3,5,3,0,1,1,0,0,0,0,0,"13,33262","52,46887"
4493,193796,Berlin,8,2019,4,11,6,3,5,3,0,0,1,0,0,0,1,0,"13,428","52,49254"
4494,193797,Berlin,4,2019,4,18,4,3,6,4,0,1,0,1,0,0,0,0,"13,27967","52,51829"
4495,193798,Berlin,2,2019,4,15,5,3,5,2,0,0,1,0,0,0,0,0,"13,40659","52,49835"
4496,193799,Berlin,1,2019,4,13,1,3,6,4,0,0,1,1,0,0,0,0,"13,39215","52,55432"
4497,193800,Berlin,5,2019,4,15,4,2,0,2,0,0,0,0,0,0,1,0,"13,14432","52,45419"
4498,193801,Berlin,10,2019,4,19,4,3,5,2,0,1,1,0,0,0,0,0,"13,60296","52,48447"
4499,193802,Berlin,4,2019,4,9,4,3,3,6,0,1,1,0,0,0,0,0,"13,31289","52,50628"
4500,193803,Berlin,1,2019,4,10,7,2,0,1,0,1,0,0,0,0,0,0,"13,39768","52,5325"
4501,193804,Berlin,5,2019,4,17,6,3,5,2,0,1,0,0,0,0,1,0,"13,18881","52,54683"
4502,193805,Berlin,2,2019,4,15,6,3,6,7,0,1,0,1,0,0,0,0,"13,45049","52,50865"
4503,193806,Berlin,8,2019,4,16,6,3,2,6,0,0,1,0,0,0,0,0,"13,43542","52,47871"
4504,193807,Berlin,9,2019,4,13,6,3,0,7,0,1,0,0,0,0,0,0,"13,57762","52,44377"
4505,193808,Berlin,4,2019,4,14,6,3,2,6,0,0,1,0,0,0,0,0,"13,28683","52,51882"
4506,193809,Berlin,5,2019,4,11,6,3,5,3,0,1,1,0,0,0,0,0,"13,16148","52,54612"
4507,193810,Berlin,9,2019,4,10,6,2,0,6,0,0,1,0,1,0,0,0,"13,59535","52,453"
4508,193811,Berlin,7,2019,4,8,6,3,9,1,0,0,1,0,0,0,0,0,"13,37025","52,45163"
4509,193812,Berlin,4,2019,4,9,6,3,5,7,0,0,1,0,0,0,0,0,"13,30123","52,51907"
4510,193813,Berlin,4,2019,4,12,6,3,3,6,0,0,1,0,1,0,0,0,"13,3225","52,51365"
4511,193814,Berlin,5,2019,4,14,6,3,2,2,0,0,1,0,0,0,0,0,"13,2327","52,53945"
4512,193815,Berlin,4,2019,4,14,6,3,0,1,0,1,0,0,0,0,0,0,"13,30989","52,46774"
4513,193816,Berlin,4,2019,4,11,6,3,0,1,0,0,0,0,1,0,0,0,"13,23145","52,50986"
4514,193817,Berlin,1,2019,4,16,6,3,6,2,0,1,0,1,0,0,0,0,"13,40697","52,51852"
4515,193818,Berlin,4,2019,4,16,6,2,5,3,0,0,1,0,0,0,0,0,"13,27277","52,51949"
4516,193819,Berlin,7,2019,4,14,4,2,5,3,0,1,1,0,0,0,0,0,"13,3858","52,47156"
4517,193820,Berlin,7,2019,4,17,6,3,3,2,0,1,0,0,0,0,1,0,"13,35572","52,45735"
4518,193821,Berlin,3,2019,4,17,6,2,1,5,0,1,1,0,0,0,0,0,"13,45212","52,53947"
4519,193822,Berlin,12,2019,4,18,6,3,2,6,0,0,1,0,0,0,0,0,"13,29569","52,54947"
4520,193823,Berlin,4,2019,4,20,6,3,2,6,2,0,1,0,0,0,0,0,"13,33827","52,50343"
4521,193824,Berlin,8,2019,4,17,6,3,5,7,0,0,1,0,0,0,0,0,"13,44015","52,4816"
4522,193825,Berlin,4,2019,4,18,6,3,0,1,0,1,0,0,0,0,0,0,"13,2798","52,50627"
4523,193826,Berlin,12,2019,4,15,5,3,0,1,0,1,0,0,0,0,0,0,"13,28814","52,58489"
4524,193827,Berlin,8,2019,4,19,5,3,6,4,0,1,0,1,0,0,0,0,"13,42743","52,47472"
4525,193828,Berlin,1,2019,4,16,5,3,0,2,0,1,1,0,0,0,0,0,"13,35153","52,50952"
4526,193829,Berlin,2,2019,4,20,5,3,6,4,2,0,0,1,1,0,0,0,"13,4172","52,499"
4527,193830,Berlin,9,2019,4,14,5,3,2,2,0,1,0,0,0,0,1,0,"13,65374","52,4167"
4528,193831,Berlin,12,2019,4,20,5,3,1,5,1,0,1,0,1,0,0,0,"13,32542","52,58947"
4529,193832,Berlin,11,2019,4,20,5,3,1,5,1,0,1,0,1,0,0,0,"13,51908","52,49456"
4530,193833,Berlin,9,2019,4,14,5,3,5,5,0,1,1,0,0,0,0,0,"13,56513","52,45638"
4531,193834,Berlin,10,2019,4,5,5,3,5,7,0,0,1,0,1,0,0,0,"13,62284","52,53972"
4532,193835,Berlin,4,2019,4,20,5,2,5,7,0,0,1,0,1,0,0,0,"13,33157","52,50524"
4533,193836,Berlin,6,2019,4,19,5,3,5,3,1,1,1,0,0,0,0,0,"13,33658","52,46315"
4534,193837,Berlin,10,2019,4,12,5,3,5,2,0,0,1,0,0,0,0,0,"13,53823","52,55434"
4535,193838,Berlin,8,2019,4,12,5,3,6,4,0,0,1,1,0,0,0,0,"13,44915","52,43697"
4536,193839,Berlin,1,2019,4,11,5,3,6,7,0,0,0,1,0,0,1,0,"13,38367","52,55522"
4537,193840,Berlin,2,2019,4,19,5,3,5,3,0,1,1,0,0,0,0,0,"13,42216","52,49918"
4538,193841,Berlin,6,2019,4,19,5,3,2,6,1,0,1,0,0,0,0,0,"13,31092","52,42104"
4539,193842,Berlin,2,2019,4,18,5,3,6,2,0,0,1,1,0,0,0,0,"13,45062","52,52238"
4540,193843,Berlin,4,2019,4,18,5,3,5,3,0,1,1,0,0,0,0,0,"13,33278","52,47973"
4541,193844,Berlin,2,2019,4,18,5,3,5,2,0,1,1,0,0,0,0,0,"13,45075","52,52713"
4542,193845,Berlin,1,2019,4,10,5,3,4,6,0,1,0,0,0,0,1,0,"13,39827","52,52355"
4543,193846,Berlin,12,2019,4,8,5,3,5,2,0,1,1,0,0,0,0,0,"13,3537","52,59656"
4544,193847,Berlin,1,2019,4,7,5,3,1,5,0,1,1,0,0,0,0,0,"13,34951","52,5244"
4545,193848,Berlin,5,2019,4,5,5,3,2,7,0,0,0,0,1,0,1,0,"13,20108","52,53848"
4546,193849,Berlin,12,2019,4,12,5,3,5,2,0,0,1,0,0,0,0,0,"13,35914","52,57425"
4547,193850,Berlin,5,2019,4,12,5,3,2,6,0,0,1,0,0,0,0,0,"13,22722","52,53766"
4548,193851,Berlin,1,2019,4,11,5,3,0,1,0,1,0,0,0,0,0,0,"13,38264","52,53047"
4549,193852,Berlin,6,2019,4,4,5,3,1,1,2,1,1,0,0,0,0,0,"13,31216","52,44852"
4550,193853,Berlin,3,2019,4,17,5,3,5,2,0,0,1,0,1,0,0,0,"13,44436","52,56523"
4551,193854,Berlin,1,2019,4,17,5,3,2,6,0,0,1,0,0,0,0,0,"13,38154","52,55217"
4552,193855,Berlin,1,2019,4,16,5,3,0,6,0,0,1,0,0,0,1,0,"13,35158","52,50518"
4553,193856,Berlin,9,2019,4,16,5,3,5,2,0,1,1,0,0,0,0,0,"13,45419","52,49396"
4554,193857,Berlin,1,2019,4,15,5,3,5,3,0,1,1,0,0,0,0,0,"13,3793","52,50703"
4555,193858,Berlin,4,2019,4,15,5,3,2,2,0,0,1,0,0,0,1,0,"13,32366","52,4936"
4556,193859,Berlin,5,2019,4,15,5,3,2,6,0,0,1,0,0,0,0,0,"13,2078","52,5547"
4557,193860,Berlin,4,2019,4,15,5,3,5,7,0,0,1,0,0,0,0,0,"13,32036","52,4837"
4558,193861,Berlin,5,2019,4,14,5,3,5,3,0,0,1,0,0,0,0,0,"13,16945","52,52694"
4559,193862,Berlin,7,2019,4,14,5,3,5,2,0,0,1,0,0,0,0,0,"13,40403","52,46347"
4560,193863,Berlin,10,2019,4,17,4,3,2,3,0,1,1,0,0,0,0,0,"13,56562","52,52918"
4561,193864,Berlin,6,2019,4,17,4,3,1,1,0,1,1,0,0,0,0,0,"13,30072","52,46125"
4562,193865,Berlin,1,2019,4,9,4,3,3,6,0,0,1,0,0,1,0,0,"13,37532","52,55644"
4563,193866,Berlin,1,2019,4,12,4,3,6,7,0,0,1,1,0,0,0,0,"13,39859","52,52544"
4564,193867,Berlin,1,2019,4,19,4,3,0,1,0,0,1,0,1,0,0,0,"13,39136","52,55546"
4565,193868,Berlin,1,2019,4,23,4,3,1,5,2,1,1,0,0,0,0,0,"13,39021","52,5318"
4566,193869,Berlin,6,2019,4,23,4,3,8,1,2,0,1,0,0,0,0,0,"13,31484","52,4306"
4567,193870,Berlin,3,2019,4,22,4,3,5,3,2,0,1,0,0,0,0,0,"13,36995","52,58934"
4568,193871,Berlin,6,2019,4,22,4,3,0,1,2,1,0,0,0,0,0,0,"13,16113","52,43386"
4569,193872,Berlin,5,2019,4,22,4,2,5,3,2,0,1,0,0,0,1,0,"13,13002","52,54072"
4570,193873,Berlin,12,2019,4,20,4,3,6,7,1,0,1,1,0,0,0,0,"13,356","52,59764"
4571,193874,Berlin,4,2019,4,20,4,3,3,2,2,0,0,0,1,1,0,0,"13,27908","52,50362"
4572,193875,Berlin,5,2019,4,18,4,3,2,6,0,0,1,0,0,0,0,0,"13,20943","52,53841"
4573,193876,Berlin,1,2019,4,11,4,3,1,7,0,1,1,0,0,0,0,0,"13,35125","52,54899"
4574,193877,Berlin,9,2019,4,10,4,3,5,3,0,1,1,0,0,0,0,0,"13,56603","52,44505"
4575,193878,Berlin,7,2019,4,10,4,3,5,2,0,0,1,0,0,0,0,0,"13,40106","52,41457"
4576,193879,Berlin,3,2019,4,10,4,3,3,6,0,1,1,0,0,0,0,0,"13,41852","52,52853"
4577,193880,Berlin,4,2019,4,17,4,3,6,7,0,1,0,0,0,0,1,0,"13,33382","52,50442"
4578,193881,Berlin,5,2019,4,9,4,3,2,6,0,0,1,0,0,0,1,0,"13,24805","52,53644"
4579,193882,Berlin,9,2019,4,9,4,3,5,3,0,1,1,0,0,0,0,0,"13,4925","52,46999"
4580,193883,Berlin,2,2019,4,9,4,3,6,4,0,1,0,1,0,0,0,0,"13,4203","52,4967"
4581,193884,Berlin,2,2019,4,9,4,3,3,6,0,1,0,0,1,0,0,0,"13,45788","52,51275"
4582,193885,Berlin,5,2019,4,8,4,3,2,6,0,0,1,0,0,0,0,0,"13,1834","52,53281"
4583,193886,Berlin,3,2019,4,8,4,3,5,3,0,0,1,0,0,0,1,0,"13,45858","52,55777"
4584,193887,Berlin,5,2019,4,16,4,3,6,7,0,0,1,1,0,0,0,0,"13,21495","52,56069"
4585,193888,Berlin,3,2019,4,7,4,3,0,3,0,0,1,0,1,0,0,0,"13,39838","52,59245"
4586,193889,Berlin,1,2019,4,12,4,3,5,3,0,1,1,0,0,0,0,0,"13,37001","52,55292"
4587,193890,Berlin,11,2019,4,9,4,2,5,3,0,0,1,0,1,0,0,0,"13,49332","52,51448"
4588,193891,Berlin,3,2019,4,13,4,3,8,1,0,0,1,0,0,0,0,0,"13,38663","52,59014"
4589,193892,Berlin,1,2019,4,13,4,3,6,4,0,1,0,1,0,0,0,0,"13,34959","52,549"
4590,193893,Berlin,11,2019,4,14,4,3,2,2,0,1,1,0,0,0,0,0,"13,51903","52,57737"
4591,193894,Berlin,10,2019,4,14,4,3,5,3,0,0,1,0,0,1,0,0,"13,59098","52,48306"
4592,193895,Berlin,9,2019,4,15,4,3,4,6,0,0,1,0,0,1,0,0,"13,68866","52,42535"
4593,193896,Berlin,7,2019,4,15,4,3,2,6,0,0,1,0,0,0,0,0,"13,38136","52,48276"
4594,193897,Berlin,4,2019,4,15,4,3,5,3,0,0,1,0,1,0,0,0,"13,3065","52,4928"
4595,193898,Berlin,1,2019,4,15,4,3,5,2,0,1,1,0,0,0,0,0,"13,39373","52,52861"
4596,193899,Berlin,5,2019,4,15,4,3,1,5,0,0,1,0,1,0,0,0,"13,24078","52,53893"
4597,193900,Berlin,5,2019,4,16,4,2,2,1,0,0,1,0,1,0,0,0,"13,15694","52,55273"
4598,193901,Berlin,2,2019,4,16,4,3,0,5,0,1,1,0,0,0,0,0,"13,46845","52,50252"
4599,193902,Berlin,3,2019,4,16,4,3,6,4,0,1,0,1,0,0,0,0,"13,40957","52,53841"
4600,193903,Berlin,9,2019,4,16,4,3,2,6,0,0,0,0,1,0,1,0,"13,58005","52,45554"
4601,193904,Berlin,8,2019,4,16,4,2,2,1,0,0,1,0,0,0,0,0,"13,4346","52,45102"
4602,193905,Berlin,3,2019,4,16,4,3,0,1,0,1,0,0,0,0,0,0,"13,44387","52,55073"
4603,193906,Berlin,5,2019,4,11,4,2,0,7,0,0,1,0,0,0,0,0,"13,18861","52,52158"
4604,193907,Berlin,2,2019,4,16,3,3,0,5,0,0,1,0,1,0,0,0,"13,39981","52,49867"
4605,193908,Berlin,2,2019,4,15,3,3,5,2,0,1,1,0,0,0,0,0,"13,45084","52,52736"
4606,193909,Berlin,2,2019,4,18,3,3,5,3,0,0,1,0,0,0,0,0,"13,46686","52,51271"
4607,193910,Berlin,9,2019,4,11,3,3,5,3,0,1,0,0,0,0,1,0,"13,57769","52,44425"
4608,193911,Berlin,2,2019,4,9,3,3,5,2,0,1,1,0,0,0,0,0,"13,38759","52,49306"
4609,193912,Berlin,2,2019,4,10,3,3,2,6,0,1,1,0,0,0,0,0,"13,41935","52,49003"
4610,193913,Berlin,1,2019,4,9,3,3,5,2,0,1,1,0,0,0,0,0,"13,38709","52,52712"
4611,193914,Berlin,1,2019,4,8,3,3,6,6,0,1,0,1,0,0,0,0,"13,39186","52,5498"
4612,193915,Berlin,1,2019,4,17,3,3,0,7,0,0,0,0,1,0,0,0,"13,38604","52,51969"
4613,193916,Berlin,12,2019,4,20,3,3,2,6,2,0,1,0,0,0,0,0,"13,32205","52,56059"
4614,193917,Berlin,11,2019,4,19,3,3,5,2,1,1,1,0,0,0,0,0,"13,51966","52,50584"
4615,193918,Berlin,2,2019,4,10,3,3,6,4,0,1,0,1,0,0,0,0,"13,42363","52,49052"
4616,193919,Berlin,12,2019,4,18,3,3,3,6,0,0,1,0,0,0,0,0,"13,3329","52,57778"
4617,193920,Berlin,5,2019,4,7,3,3,2,6,0,0,1,0,0,0,0,0,"13,20941","52,53841"
4618,193921,Berlin,10,2019,4,18,3,3,4,5,0,0,1,0,1,0,0,0,"13,60201","52,53849"
4619,193922,Berlin,8,2019,4,18,3,3,5,3,0,1,1,0,0,0,0,0,"13,42411","52,47732"
4620,193923,Berlin,2,2019,4,6,3,3,5,3,0,0,0,0,1,0,1,0,"13,44789","52,51956"
4621,193924,Berlin,7,2019,4,18,3,3,2,6,0,0,1,0,0,0,0,0,"13,32848","52,47098"
4622,193925,Berlin,7,2019,4,9,3,3,5,2,0,1,1,0,0,0,0,0,"13,34373","52,50155"
4623,193926,Berlin,2,2019,4,8,3,3,2,6,0,0,1,0,0,0,0,0,"13,38791","52,5029"
4624,193927,Berlin,3,2019,4,3,3,2,5,2,2,0,1,0,1,0,0,0,"13,45582","52,53081"
4625,193928,Berlin,12,2019,4,9,3,3,0,2,0,0,1,0,0,0,1,0,"13,35492","52,59663"
4626,193929,Berlin,2,2019,4,22,3,3,0,6,2,0,1,0,1,0,0,0,"13,42207","52,49595"
4627,193930,Berlin,8,2019,4,21,3,3,5,2,2,1,1,0,0,0,0,0,"13,42719","52,47522"
4628,193931,Berlin,7,2019,4,17,3,3,1,5,0,1,1,0,0,0,0,0,"13,32149","52,47034"
4629,193932,Berlin,9,2019,4,16,3,3,3,6,0,0,1,0,1,0,0,0,"13,50916","52,453"
4630,193933,Berlin,4,2019,4,16,3,3,1,5,0,1,1,0,0,0,0,0,"13,33555","52,49805"
4631,193934,Berlin,7,2019,4,15,3,2,4,6,0,0,1,0,0,0,0,0,"13,4052","52,43946"
4632,193935,Berlin,6,2019,4,14,3,3,3,6,0,0,1,0,0,1,0,0,"13,35979","52,44647"
4633,193936,Berlin,9,2019,4,11,3,3,6,2,0,0,1,1,0,0,0,0,"13,5593","52,44671"
4634,193937,Berlin,5,2019,4,11,3,3,2,6,0,0,1,0,0,0,0,0,"13,17742","52,52534"
4635,193938,Berlin,2,2019,4,23,3,3,0,1,2,0,0,0,1,0,0,0,"13,44198","52,49397"
4636,193939,Berlin,8,2019,4,14,2,3,1,5,0,1,0,0,0,0,1,0,"13,4259","52,48772"
4637,193940,Berlin,1,2019,4,13,4,2,6,4,0,0,1,1,0,0,0,0,"13,36908","52,52649"
4638,193941,Berlin,4,2019,4,8,4,3,2,6,0,0,1,0,0,0,0,0,"13,32347","52,51585"
4639,193942,Berlin,11,2019,4,15,2,3,6,7,0,0,0,1,0,0,1,0,"13,47974","52,52444"
4640,193943,Berlin,1,2019,4,6,2,3,5,3,0,1,1,0,0,0,0,0,"13,41789","52,50657"
4641,193944,Berlin,10,2019,4,5,2,3,5,3,1,1,1,0,0,0,0,0,"13,5606","52,48761"
4642,193945,Berlin,2,2019,4,17,2,3,1,5,0,1,0,0,0,0,1,0,"13,39064","52,48956"
4643,193946,Berlin,4,2019,4,18,2,3,5,2,0,0,1,0,1,0,0,0,"13,33536","52,49926"
4644,193947,Berlin,2,2019,4,19,2,3,2,6,0,1,1,0,0,0,0,0,"13,39548","52,4962"
4645,193948,Berlin,9,2019,4,19,2,3,6,2,0,0,1,1,0,0,0,0,"13,49143","52,4692"
4646,193949,Berlin,3,2019,4,18,2,3,5,3,0,1,1,0,0,0,0,0,"13,38978","52,57429"
4647,193950,Berlin,8,2019,4,18,2,2,6,4,0,0,1,1,0,0,0,0,"13,4489","52,41941"
4648,193951,Berlin,8,2019,4,16,2,3,5,2,0,1,1,0,0,0,0,0,"13,45313","52,45271"
4649,193952,Berlin,8,2019,4,16,2,3,0,5,0,0,1,0,1,0,0,0,"13,4315","52,46856"
4650,193953,Berlin,2,2019,4,9,4,3,3,6,0,1,0,0,0,1,0,0,"13,44193","52,50109"
4651,193954,Berlin,8,2019,4,14,2,3,5,3,0,1,1,0,0,0,0,0,"13,4349","52,42876"
4652,193955,Berlin,7,2019,4,16,2,3,5,3,0,0,1,0,0,0,0,0,"13,32416","52,47358"
4653,193956,Berlin,5,2019,4,15,2,3,2,6,0,0,1,0,0,0,0,0,"13,22216","52,55578"
4654,193957,Berlin,1,2019,4,15,2,3,5,2,0,0,1,0,1,0,0,0,"13,40529","52,51434"
4655,193958,Berlin,10,2019,4,15,2,2,6,4,0,0,0,1,0,0,1,0,"13,54038","52,52574"
4656,193959,Berlin,5,2019,4,14,2,3,2,6,0,0,1,0,0,0,0,0,"13,20775","52,52859"
4657,193960,Berlin,9,2019,4,13,2,3,5,3,0,0,1,0,0,0,0,0,"13,65439","52,41092"
4658,193961,Berlin,7,2019,4,12,2,3,3,6,0,0,1,0,0,0,0,0,"13,40557","52,43943"
4659,193962,Berlin,9,2019,4,8,2,3,5,2,0,1,1,0,0,0,0,0,"13,58247","52,44272"
4660,193963,Berlin,2,2019,4,9,2,3,5,3,0,1,1,0,0,0,0,0,"13,39018","52,50449"
4661,193964,Berlin,8,2019,4,9,2,3,2,6,0,0,1,0,0,0,0,0,"13,50614","52,41852"
4662,193965,Berlin,9,2019,4,11,2,3,5,3,0,1,1,0,0,0,0,0,"13,57446","52,44874"
4663,193966,Berlin,8,2019,4,10,2,3,5,3,0,1,1,0,0,0,0,0,"13,45874","52,44023"
4664,193967,Berlin,7,2019,4,10,2,3,5,2,0,1,1,0,0,0,0,0,"13,37736","52,48211"
4665,193968,Berlin,2,2019,4,11,2,3,1,5,0,0,1,0,1,0,0,0,"13,39392","52,48973"
4666,193969,Berlin,2,2019,4,11,2,3,0,3,0,0,1,0,0,0,1,0,"13,43514","52,49402"
4667,193970,Berlin,9,2019,4,12,2,3,2,6,0,0,1,0,0,0,0,0,"13,52614","52,42376"
4668,193971,Berlin,1,2019,4,12,2,3,0,1,0,1,0,0,0,0,0,0,"13,39878","52,53259"
4669,193972,Berlin,7,2019,4,12,1,3,2,7,0,0,1,0,0,0,0,1,"13,36113","52,4959"
4670,193973,Berlin,6,2019,4,11,1,3,5,3,0,0,1,0,0,0,0,1,"13,27173","52,42729"
4671,193974,Berlin,4,2019,4,11,1,3,5,3,0,0,1,0,0,0,0,1,"13,27552","52,48276"
4672,193975,Berlin,3,2019,4,11,1,3,5,3,0,0,1,0,0,0,0,1,"13,47397","52,60983"