,id,city,district,year,month,hour,weekday,injury_level,collision,movement,light_conditions,bicycle,car,pedestrian,motorbike,truck,other_vehicle,road_conditions,longitude,latitude
4673,193976,Berlin,9,2019,4,9,1,3,5,3,0,0,1,0,0,0,0,1,"13,45429","52,49595"
4674,193977,Berlin,10,2019,4,5,1,3,1,5,1,0,1,0,0,0,1,1,"13,59185","52,54556"
4675,193978,Berlin,9,2019,4,16,1,2,5,2,0,0,1,0,0,0,0,0,"13,59662","52,43699"
4676,193979,Berlin,4,2019,4,16,1,2,5,2,0,0,1,0,1,0,0,0,"13,30292","52,5055"
4677,193980,Berlin,5,2019,4,20,1,3,1,5,2,1,1,0,0,0,0,0,"13,1991","52,56209"
4678,193981,Berlin,6,2019,4,22,1,3,5,3,2,0,1,0,1,0,0,0,"13,22953","52,4338"
4679,193982,Berlin,6,2019,4,10,7,3,3,6,0,0,1,0,0,0,0,0,"13,30984","52,43135"
4680,193983,Berlin,8,2019,4,15,7,3,3,6,0,0,1,0,0,0,0,0,"13,42785","52,48702"
4681,193984,Berlin,4,2019,4,18,7,3,1,5,0,1,1,0,0,0,0,0,"13,33735","52,50129"
4682,193985,Berlin,1,2019,4,22,7,2,5,2,2,1,1,0,0,0,0,0,"13,34636","52,52495"
4683,193986,Berlin,1,2019,4,19,7,3,5,2,0,1,1,0,0,0,0,0,"13,40793","52,52688"
4684,193987,Berlin,3,2019,4,18,7,3,5,3,0,0,1,0,0,0,0,0,"13,42663","52,54291"
4685,193988,Berlin,8,2019,4,18,7,3,5,3,0,0,1,0,0,0,0,0,"13,43344","52,46405"
4686,193989,Berlin,7,2019,4,16,7,3,6,4,0,0,1,1,0,0,0,0,"13,34004","52,47552"
4687,193990,Berlin,6,2019,4,14,7,3,1,5,0,1,1,0,0,0,0,0,"13,33664","52,45119"
4688,193991,Berlin,11,2019,4,13,7,3,2,6,0,0,1,0,0,0,0,0,"13,51461","52,5353"
4689,193992,Berlin,4,2019,4,12,7,2,6,4,0,0,1,1,0,0,0,0,"13,33823","52,5021"
4690,193993,Berlin,10,2019,4,12,7,3,2,4,0,0,1,1,0,0,0,0,"13,60422","52,53884"
4691,193994,Berlin,3,2019,4,11,7,3,5,3,0,1,1,0,0,0,0,0,"13,49641","52,6348"
4692,193995,Berlin,1,2019,4,10,7,2,6,4,0,0,1,1,0,0,0,0,"13,37028","52,52661"
4693,193996,Berlin,1,2019,4,0,7,3,4,6,2,0,1,0,0,0,0,0,"13,36367","52,52861"
4694,193997,Berlin,7,2019,4,10,6,3,6,4,0,0,1,1,0,0,0,0,"13,32639","52,47642"
4695,193998,Berlin,7,2019,4,14,6,3,5,5,0,0,1,0,0,0,0,0,"13,37763","52,45286"
4696,193999,Berlin,4,2019,4,14,6,3,5,2,0,0,1,0,1,0,0,0,"13,29535","52,53961"
4697,194000,Berlin,5,2019,4,11,4,3,0,2,0,0,1,0,0,0,1,0,"13,20067","52,53871"
4698,194001,Berlin,12,2019,4,14,6,2,5,3,0,0,1,0,1,0,0,0,"13,30556","52,58204"
4699,194002,Berlin,12,2019,4,13,6,3,1,5,0,0,1,0,0,0,1,0,"13,33153","52,56211"
4700,194003,Berlin,8,2019,4,11,6,3,5,3,0,1,1,0,0,0,0,0,"13,43523","52,43932"
4701,194004,Berlin,1,2019,4,11,6,3,5,3,0,1,1,0,0,0,0,0,"13,38383","52,55501"
4702,194005,Berlin,11,2019,4,10,6,3,5,2,0,1,1,0,0,0,0,0,"13,47789","52,51462"
4703,194006,Berlin,4,2019,4,9,6,3,3,6,0,0,1,0,0,0,1,0,"13,27715","52,50738"
4704,194007,Berlin,3,2019,4,8,6,3,1,5,0,1,1,0,0,0,0,0,"13,42212","52,56018"
4705,194008,Berlin,1,2019,4,8,6,3,3,6,0,1,0,0,0,1,0,0,"13,38615","52,51544"
4706,194009,Berlin,1,2019,4,12,6,3,2,1,0,0,1,0,1,0,0,0,"13,36049","52,50039"
4707,194010,Berlin,8,2019,4,7,6,3,5,3,0,1,1,0,0,0,0,0,"13,49494","52,41265"
4708,194011,Berlin,2,2019,4,13,6,3,2,6,0,0,1,0,0,0,1,0,"13,3893","52,49246"
4709,194012,Berlin,12,2019,4,10,6,3,5,2,0,0,1,0,0,0,1,0,"13,33409","52,5956"
4710,194013,Berlin,1,2019,4,8,6,3,5,3,0,1,1,0,0,0,0,0,"13,38906","52,51558"
4711,194014,Berlin,9,2019,4,8,6,2,6,4,0,0,1,1,0,0,0,0,"13,58178","52,44269"
4712,194015,Berlin,9,2019,4,23,6,3,1,5,2,0,1,0,0,0,0,0,"13,54226","52,4177"
4713,194016,Berlin,8,2019,4,21,6,3,5,3,2,0,1,0,0,0,0,0,"13,44828","52,42738"
4714,194017,Berlin,2,2019,4,19,6,3,5,7,1,0,1,0,0,0,0,0,"13,41924","52,49006"
4715,194018,Berlin,5,2019,4,17,6,2,6,4,0,0,1,1,0,0,0,0,"13,19896","52,53487"
4716,194019,Berlin,1,2019,4,17,6,3,0,1,0,0,1,0,0,0,0,0,"13,35191","52,5078"
4717,194020,Berlin,6,2019,4,17,6,3,5,3,0,1,1,0,0,0,0,0,"13,24483","52,42586"
4718,194021,Berlin,3,2019,4,6,6,3,5,3,0,0,1,0,0,0,0,0,"13,46117","52,56269"
4719,194022,Berlin,5,2019,4,3,6,2,8,1,2,0,1,0,0,0,1,0,"13,14486","52,45492"
4720,194023,Berlin,9,2019,4,9,5,3,5,3,0,1,1,0,0,0,0,0,"13,47856","52,4716"
4721,194024,Berlin,4,2019,4,9,5,3,6,2,0,0,1,1,0,0,0,0,"13,30519","52,49678"
4722,194025,Berlin,1,2019,4,19,5,2,6,4,1,0,1,1,0,0,0,0,"13,35766","52,54109"
4723,194026,Berlin,4,2019,4,14,5,3,2,6,0,0,1,0,0,1,0,0,"13,27928","52,52432"
4724,194027,Berlin,2,2019,4,19,5,3,5,2,0,1,1,0,0,0,0,0,"13,43767","52,50035"
4725,194028,Berlin,6,2019,4,14,5,3,5,2,0,1,0,0,1,0,0,0,"13,26513","52,44217"
4726,194029,Berlin,6,2019,4,14,5,3,5,3,0,1,1,0,0,0,0,0,"13,33422","52,41747"
4727,194030,Berlin,1,2019,4,17,5,3,0,1,1,1,0,0,0,0,0,0,"13,33099","52,52396"
4728,194031,Berlin,1,2019,4,13,5,3,5,3,0,1,1,0,0,0,0,0,"13,41146","52,51282"
4729,194032,Berlin,6,2019,4,17,5,3,5,3,0,0,1,0,1,0,1,0,"13,33887","52,44901"
4730,194033,Berlin,12,2019,4,12,5,3,5,2,0,0,1,0,0,0,1,0,"13,31542","52,57793"
4731,194034,Berlin,9,2019,4,12,5,3,5,2,0,1,1,0,0,0,0,0,"13,58659","52,44095"
4732,194035,Berlin,10,2019,4,11,5,3,2,6,0,0,1,0,0,0,0,0,"13,51796","52,53553"
4733,194036,Berlin,1,2019,4,10,5,3,5,2,0,1,1,0,0,0,0,0,"13,38418","52,55604"
4734,194037,Berlin,7,2019,4,17,5,3,0,2,0,0,1,0,0,0,1,0,"13,37611","52,45872"
4735,194038,Berlin,1,2019,4,10,5,3,6,4,0,0,1,1,0,0,0,0,"13,3836","52,53669"
4736,194039,Berlin,12,2019,4,9,5,3,6,4,0,0,1,1,0,0,0,0,"13,28888","52,58279"
4737,194040,Berlin,1,2019,4,9,5,3,3,6,0,1,1,0,0,0,0,0,"13,40167","52,52896"
4738,194041,Berlin,6,2019,4,8,5,3,5,2,0,1,1,0,0,0,0,0,"13,35071","52,42809"
4739,194042,Berlin,3,2019,4,8,5,3,2,6,0,0,1,0,0,0,1,0,"13,43158","52,54392"
4740,194043,Berlin,1,2019,4,7,5,3,5,3,0,1,1,0,0,0,0,0,"13,3575","52,52441"
4741,194044,Berlin,4,2019,4,7,5,3,5,3,0,0,0,0,1,1,0,0,"13,29002","52,48229"
4742,194045,Berlin,1,2019,4,7,5,2,0,1,0,0,0,0,1,0,0,1,"13,40133","52,52963"
4743,194046,Berlin,7,2019,4,20,4,3,5,2,2,1,1,0,0,0,0,0,"13,38544","52,4661"
4744,194047,Berlin,1,2019,4,9,4,2,1,5,0,1,1,0,0,0,0,0,"13,37734","52,5108"
4745,194048,Berlin,7,2019,4,9,5,3,0,1,0,0,0,0,1,0,0,0,"13,41061","52,43899"
4746,194049,Berlin,1,2019,4,16,5,2,6,4,0,0,1,1,0,0,0,0,"13,41648","52,52183"
4747,194050,Berlin,7,2019,4,16,5,3,2,6,0,0,1,0,0,0,0,0,"13,39791","52,39598"
4748,194051,Berlin,11,2019,4,15,5,3,5,2,0,0,1,0,0,0,1,0,"13,46817","52,54536"
4749,194052,Berlin,2,2019,4,18,5,3,5,3,0,0,1,0,0,0,1,0,"13,37671","52,48947"
4750,194053,Berlin,9,2019,4,16,4,3,5,2,0,1,1,0,0,0,0,0,"13,50967","52,47287"
4751,194054,Berlin,12,2019,4,16,4,3,5,2,0,1,1,0,0,0,0,0,"13,24406","52,61508"
4752,194055,Berlin,9,2019,4,17,4,3,5,3,0,1,1,0,0,0,0,0,"13,61858","52,45552"
4753,194056,Berlin,7,2019,4,18,4,3,5,2,1,1,1,0,0,0,0,0,"13,4236","52,39265"
4754,194057,Berlin,9,2019,4,13,4,3,1,5,0,0,1,0,0,0,0,0,"13,5029","52,43649"
4755,194058,Berlin,11,2019,4,13,4,3,6,4,0,0,1,1,0,0,0,0,"13,47621","52,51271"
4756,194059,Berlin,4,2019,4,12,4,3,5,2,0,1,0,0,0,0,1,0,"13,30663","52,52887"
4757,194060,Berlin,2,2019,4,12,4,3,2,6,0,0,1,0,0,0,0,0,"13,44621","52,52605"
4758,194061,Berlin,6,2019,4,11,4,3,6,4,0,0,0,1,0,0,1,0,"13,34273","52,44717"
4759,194062,Berlin,3,2019,4,20,4,3,0,6,2,1,1,0,0,0,0,0,"13,41005","52,53887"
4760,194063,Berlin,8,2019,4,9,4,3,2,7,0,0,0,0,1,0,1,0,"13,43444","52,46673"
4761,194064,Berlin,9,2019,4,9,3,3,6,7,0,0,1,1,0,0,0,0,"13,57826","52,45949"
4762,194065,Berlin,3,2019,4,9,3,3,6,2,0,0,1,1,0,0,0,0,"13,4382","52,54636"
4763,194066,Berlin,4,2019,4,14,3,3,0,3,0,1,0,0,1,0,0,0,"13,32209","52,51182"
4764,194067,Berlin,1,2019,4,9,3,3,2,6,0,0,1,0,0,0,1,0,"13,3344","52,54141"
4765,194068,Berlin,5,2019,4,6,3,2,5,2,0,1,0,0,0,0,1,0,"13,22627","52,53753"
4766,194069,Berlin,4,2019,4,14,2,3,6,4,0,1,0,1,0,0,0,0,"13,32615","52,47989"
4767,194070,Berlin,1,2019,4,8,3,2,5,3,0,1,1,0,0,0,0,0,"13,37359","52,5114"
4768,194071,Berlin,6,2019,4,8,3,3,5,3,0,1,1,0,0,0,0,0,"13,30393","52,46032"
4769,194072,Berlin,4,2019,4,8,3,3,0,2,0,1,1,0,0,0,0,0,"13,31389","52,48746"
4770,194073,Berlin,6,2019,4,8,3,3,5,3,0,1,1,0,0,0,0,0,"13,29387","52,44388"
4771,194074,Berlin,1,2019,4,8,3,3,5,3,0,1,1,0,0,0,0,0,"13,37921","52,52259"
4772,194075,Berlin,3,2019,4,7,3,3,2,6,0,0,1,0,0,1,0,0,"13,42915","52,60832"
4773,194076,Berlin,11,2019,4,7,3,3,5,7,0,1,1,0,0,0,0,0,"13,49947","52,5216"
4774,194077,Berlin,7,2019,4,16,3,2,5,2,0,1,1,0,0,0,0,0,"13,37226","52,45559"
4775,194078,Berlin,9,2019,4,16,3,2,5,3,0,1,1,0,0,0,0,0,"13,50706","52,46315"
4776,194079,Berlin,1,2019,4,17,3,3,5,3,0,1,1,0,0,0,0,0,"13,38626","52,54959"
4777,194080,Berlin,10,2019,4,17,3,3,2,2,0,1,1,0,0,0,0,0,"13,5628","52,51421"
4778,194081,Berlin,7,2019,4,17,3,3,2,6,0,0,1,0,0,0,0,0,"13,35836","52,413"
4779,194082,Berlin,2,2019,4,18,3,2,5,2,0,1,0,0,0,0,1,0,"13,44061","52,51702"
4780,194083,Berlin,2,2019,4,18,3,3,5,2,0,1,0,0,0,0,1,0,"13,43954","52,52389"
4781,194084,Berlin,6,2019,4,18,3,3,5,2,0,0,1,0,1,0,0,0,"13,35584","52,43374"
4782,194085,Berlin,1,2019,4,19,3,3,6,4,0,0,1,1,0,0,0,0,"13,34087","52,52561"
4783,194086,Berlin,5,2019,4,7,3,3,2,6,0,0,1,0,0,0,0,0,"13,2082","52,54539"
4784,194087,Berlin,12,2019,4,7,3,3,5,3,0,1,1,0,0,0,0,0,"13,3214","52,59362"
4785,194088,Berlin,4,2019,4,19,3,2,5,3,1,1,1,0,0,0,0,0,"13,28425","52,48528"
4786,194089,Berlin,7,2019,4,19,3,3,5,3,1,0,1,0,1,0,0,0,"13,37925","52,47252"
4787,194090,Berlin,2,2019,4,19,3,3,5,2,0,1,1,0,0,0,0,0,"13,38974","52,49591"
4788,194091,Berlin,2,2019,4,12,3,3,0,1,0,0,0,0,1,0,0,0,"13,40029","52,49028"
4789,194092,Berlin,5,2019,4,15,3,3,2,6,0,0,1,0,0,0,0,0,"13,19686","52,53107"
4790,194093,Berlin,1,2019,4,17,3,3,2,6,0,1,0,0,0,0,0,0,"13,39773","52,52791"
4791,194094,Berlin,6,2019,4,15,2,3,3,2,0,0,1,0,0,0,0,0,"13,35491","52,44891"
4792,194095,Berlin,6,2019,4,6,2,3,0,2,0,1,1,0,0,0,0,1,"13,25125","52,41554"
4793,194096,Berlin,3,2019,4,21,2,3,5,3,2,1,0,0,0,0,1,0,"13,44487","52,53912"
4794,194097,Berlin,10,2019,4,20,2,2,6,4,2,0,1,1,0,0,0,0,"13,57749","52,54758"
4795,194098,Berlin,4,2019,4,8,2,3,2,6,0,0,1,0,0,0,0,1,"13,29327","52,51935"
4796,194099,Berlin,2,2019,4,18,2,2,6,4,0,0,1,1,0,0,0,0,"13,39987","52,49842"
4797,194100,Berlin,9,2019,4,18,2,2,5,3,0,1,1,0,0,0,0,0,"13,65586","52,36793"
4798,194101,Berlin,3,2019,4,17,2,3,5,7,0,1,1,0,0,0,0,0,"13,36325","52,58515"
4799,194102,Berlin,11,2019,4,17,2,3,5,2,0,1,1,0,0,0,0,0,"13,47817","52,50671"
4800,194103,Berlin,9,2019,4,16,2,3,0,4,0,0,0,1,0,0,1,0,"13,48858","52,45128"
4801,194104,Berlin,3,2019,4,16,2,3,1,5,0,1,1,0,0,0,0,0,"13,46055","52,54617"
4802,194105,Berlin,5,2019,4,16,2,3,3,6,0,0,1,0,0,1,0,0,"13,20221","52,53988"
4803,194106,Berlin,1,2019,4,6,2,3,2,6,1,0,1,0,0,0,0,1,"13,34991","52,50283"
4804,194107,Berlin,8,2019,4,7,2,3,5,3,0,0,1,0,0,0,0,1,"13,47262","52,46113"
4805,194108,Berlin,7,2019,4,7,2,3,0,7,0,0,1,0,1,0,0,1,"13,32091","52,47159"
4806,194109,Berlin,3,2019,4,8,2,3,6,4,0,0,1,1,0,0,0,1,"13,44357","52,55757"
4807,194110,Berlin,4,2019,4,8,2,3,5,2,0,1,1,0,0,0,0,1,"13,32597","52,53887"
4808,194111,Berlin,8,2019,4,9,2,3,4,6,0,0,1,0,0,0,0,1,"13,44014","52,48169"
4809,194112,Berlin,4,2019,4,9,2,3,2,6,0,0,1,0,0,0,0,1,"13,28151","52,50129"
4810,194113,Berlin,2,2019,4,9,2,3,6,4,0,0,1,1,0,0,0,1,"13,44508","52,5257"
4811,194114,Berlin,6,2019,4,10,2,3,2,6,0,0,1,0,0,0,1,1,"13,29773","52,42154"
4812,194115,Berlin,12,2019,4,10,2,3,2,1,0,0,1,0,0,0,0,1,"13,35339","52,56808"
4813,194116,Berlin,12,2019,4,10,2,2,5,2,0,0,1,0,0,0,0,1,"13,31542","52,57793"
4814,194117,Berlin,5,2019,4,10,2,3,6,2,0,0,1,1,0,0,0,1,"13,16279","52,52005"
4815,194118,Berlin,1,2019,4,11,2,3,2,7,0,1,1,0,0,0,0,0,"13,37643","52,52305"
4816,194119,Berlin,2,2019,4,13,2,3,5,3,0,1,1,0,0,0,0,1,"13,403","52,49839"
4817,194120,Berlin,10,2019,4,13,2,3,0,4,0,0,1,1,0,0,0,0,"13,60479","52,5387"
4818,194121,Berlin,5,2019,4,15,2,2,5,3,0,1,1,0,0,0,0,0,"13,16772","52,524"
4819,194122,Berlin,10,2019,4,15,2,2,6,7,0,0,1,1,0,0,0,0,"13,57754","52,56651"
4820,194123,Berlin,4,2019,4,15,2,3,2,2,0,1,0,0,0,0,1,0,"13,2494","52,51563"
4821,194124,Berlin,9,2019,4,16,2,3,5,7,0,0,1,0,0,0,0,0,"13,71857","52,42843"
4822,194125,Berlin,4,2019,4,16,2,3,1,5,0,1,1,0,0,0,0,0,"13,32607","52,50792"
4823,194126,Berlin,1,2019,4,8,2,3,1,5,0,1,0,0,0,1,0,1,"13,37929","52,55103"
4824,194127,Berlin,6,2019,4,7,2,3,0,3,0,0,1,0,1,0,0,1,"13,26877","52,44789"
4825,194128,Berlin,12,2019,4,6,2,3,2,2,1,0,1,0,1,0,0,1,"13,36453","52,56269"
4826,194129,Berlin,4,2019,4,9,2,2,8,1,0,1,0,0,0,0,0,1,"13,29495","52,50635"
4827,194130,Berlin,2,2019,4,8,2,3,0,1,0,0,0,0,1,0,0,1,"13,44196","52,5254"
4828,194131,Berlin,4,2019,4,6,2,3,0,1,0,0,0,0,1,0,0,1,"13,33537","52,49935"
4829,194132,Berlin,1,2019,4,17,1,3,0,1,0,1,0,0,0,0,0,0,"13,39947","52,53274"
4830,194133,Berlin,1,2019,4,21,1,3,0,7,2,0,0,0,0,1,1,0,"13,36011","52,54691"
4831,194134,Berlin,1,2019,4,23,1,3,5,2,2,1,1,0,0,0,0,0,"13,34293","52,52528"
4832,194135,Berlin,11,2019,4,18,1,3,1,5,0,1,1,0,0,0,0,0,"13,50226","52,49821"
4833,194136,Berlin,11,2019,4,17,1,3,4,6,0,0,1,0,0,0,0,0,"13,52775","52,55728"
4834,194137,Berlin,2,2019,4,16,1,3,5,3,0,0,1,0,0,0,0,0,"13,41308","52,49179"
4835,194138,Berlin,8,2019,4,14,1,3,0,6,0,0,1,0,1,0,0,0,"13,46102","52,46843"
4836,194139,Berlin,11,2019,4,13,1,3,5,2,0,1,0,0,0,0,1,0,"13,50152","52,54911"
4837,194140,Berlin,2,2019,4,8,1,3,1,5,0,1,1,0,0,0,0,1,"13,42013","52,49594"
4838,194141,Berlin,2,2019,4,11,1,3,5,2,0,0,1,0,0,0,0,0,"13,40918","52,50177"
4839,194142,Berlin,11,2019,4,13,1,3,0,1,0,0,0,0,1,0,0,0,"13,48024","52,52044"
4840,194143,Berlin,2,2019,4,17,7,3,5,7,0,1,1,0,0,0,0,0,"13,43643","52,49587"
4841,194144,Berlin,8,2019,4,0,7,3,6,2,2,0,1,1,0,0,0,1,"13,43789","52,4812"
4842,194145,Berlin,7,2019,4,21,7,3,2,6,2,0,1,0,0,0,0,0,"13,38755","52,43924"
4843,194146,Berlin,6,2019,4,15,7,3,0,7,0,1,0,0,0,0,0,0,"13,25155","52,41375"
4844,194147,Berlin,1,2019,4,0,7,3,5,3,2,1,1,0,0,0,0,1,"13,40957","52,52867"
4845,194148,Berlin,4,2019,4,16,7,3,3,6,0,1,1,0,0,0,0,0,"13,31623","52,50103"
4846,194149,Berlin,1,2019,4,15,7,3,5,3,0,1,0,0,0,0,0,0,"13,35138","52,53944"
4847,194150,Berlin,4,2019,4,14,7,3,5,2,0,1,1,0,0,0,0,0,"13,30502","52,5129"
4848,194151,Berlin,9,2019,4,14,7,3,4,6,0,1,0,0,0,0,0,0,"13,57488","52,44431"
4849,194152,Berlin,5,2019,4,13,7,3,2,6,0,0,1,0,0,0,0,0,"13,24039","52,54305"
4850,194153,Berlin,3,2019,4,13,7,3,5,2,0,1,0,0,0,0,1,0,"13,4143","52,5539"
4851,194154,Berlin,7,2019,4,13,7,3,5,2,0,1,0,0,1,0,0,0,"13,38796","52,48458"
4852,194155,Berlin,1,2019,4,12,7,3,6,4,0,0,0,1,0,1,0,0,"13,34712","52,5533"
4853,194156,Berlin,8,2019,4,11,7,3,0,2,0,1,1,0,0,0,0,0,"13,42897","52,48784"
4854,194157,Berlin,11,2019,4,10,7,3,6,2,0,0,1,1,0,0,0,0,"13,4985","52,51571"
4855,194158,Berlin,12,2019,4,8,7,2,3,6,0,1,0,0,0,0,0,0,"13,27958","52,63013"
4856,194159,Berlin,3,2019,4,3,7,3,0,1,2,0,1,0,0,0,0,1,"13,46583","52,55141"
4857,194160,Berlin,11,2019,4,23,7,3,0,1,2,1,0,0,0,0,0,0,"13,48531","52,5265"
4858,194161,Berlin,3,2019,4,9,6,3,5,2,0,1,1,0,0,0,0,0,"13,41318","52,54768"
4859,194162,Berlin,9,2019,4,17,6,3,5,3,0,1,1,0,0,0,0,0,"13,48696","52,46566"
4860,194163,Berlin,1,2019,4,23,6,3,5,2,2,1,0,0,1,0,0,0,"13,38958","52,53173"
4861,194164,Berlin,2,2019,4,20,6,3,5,2,1,1,1,0,0,0,0,0,"13,42068","52,50326"
4862,194165,Berlin,3,2019,4,20,6,3,5,3,0,1,1,0,0,0,0,0,"13,38978","52,57429"
4863,194166,Berlin,8,2019,4,19,6,3,2,6,1,0,1,0,0,0,0,0,"13,43379","52,44396"
4864,194167,Berlin,3,2019,4,18,6,3,5,3,0,1,1,0,0,0,0,0,"13,42254","52,58619"
4865,194168,Berlin,6,2019,4,18,6,3,5,5,0,1,1,0,0,0,0,0,"13,30412","52,45942"
4866,194169,Berlin,12,2019,4,22,6,3,1,5,2,0,1,0,0,0,0,0,"13,3178","52,60642"
4867,194170,Berlin,8,2019,4,20,6,2,5,2,0,0,1,0,0,0,0,0,"13,45225","52,45254"
4868,194171,Berlin,4,2019,4,9,6,3,5,3,0,1,1,0,0,0,0,0,"13,30819","52,49715"
4869,194172,Berlin,7,2019,4,8,6,3,0,7,0,0,1,0,0,0,1,0,"13,37836","52,45404"
4870,194173,Berlin,3,2019,4,7,6,3,1,5,0,1,0,0,0,0,1,0,"13,43054","52,53457"
4871,194174,Berlin,1,2019,4,7,6,3,1,5,0,1,1,0,0,0,0,0,"13,37452","52,50457"
4872,194175,Berlin,7,2019,4,9,6,3,1,5,0,1,1,0,0,0,0,0,"13,36666","52,49219"
4873,194176,Berlin,1,2019,4,10,6,3,3,6,0,0,1,0,0,1,0,0,"13,33538","52,54157"
4874,194177,Berlin,4,2019,4,12,6,3,5,3,0,1,0,0,1,0,0,0,"13,29159","52,51071"
4875,194178,Berlin,2,2019,4,12,6,3,5,2,0,1,1,0,0,0,0,0,"13,47435","52,51066"
4876,194179,Berlin,1,2019,4,14,6,3,5,3,0,0,1,0,0,1,0,0,"13,39164","52,51222"
4877,194180,Berlin,5,2019,4,14,6,3,2,6,0,0,1,0,0,0,0,0,"13,2258","52,55429"
4878,194181,Berlin,4,2019,4,14,6,3,3,6,0,1,1,0,0,0,0,0,"13,27117","52,51002"
4879,194182,Berlin,4,2019,4,14,6,3,3,6,0,1,1,0,0,0,0,0,"13,30569","52,50994"
4880,194183,Berlin,10,2019,4,15,6,3,2,6,0,0,1,0,0,0,0,0,"13,51686","52,53531"
4881,194184,Berlin,1,2019,4,17,6,3,1,5,0,1,1,0,0,0,0,0,"13,3385","52,52653"
4882,194185,Berlin,9,2019,4,16,6,3,2,6,0,0,1,0,0,0,1,0,"13,55846","52,40639"
4883,194186,Berlin,3,2019,4,16,6,3,6,4,0,0,1,1,0,0,0,0,"13,42332","52,54278"
4884,194187,Berlin,6,2019,4,16,6,3,5,3,0,1,1,0,0,0,0,0,"13,27875","52,43094"
4885,194188,Berlin,8,2019,4,16,6,3,2,6,0,0,1,0,0,0,0,0,"13,42979","52,49199"
4886,194189,Berlin,6,2019,4,17,6,3,2,6,0,0,1,0,1,0,0,0,"13,31599","52,44162"
4887,194190,Berlin,8,2019,4,17,6,3,5,2,0,0,1,0,0,0,0,0,"13,42894","52,48659"
4888,194191,Berlin,7,2019,4,13,6,3,1,5,0,0,1,0,0,0,0,0,"13,33751","52,47463"
4889,194192,Berlin,10,2019,4,11,5,3,5,3,0,1,1,0,0,0,0,0,"13,61743","52,48394"
4890,194193,Berlin,10,2019,4,20,5,3,0,2,1,0,1,0,0,0,1,0,"13,60475","52,53655"
4891,194194,Berlin,7,2019,4,12,5,3,5,3,0,1,1,0,0,0,0,0,"13,36932","52,4928"
4892,194195,Berlin,4,2019,4,16,5,3,6,2,0,0,1,1,0,0,0,0,"13,27008","52,51065"
4893,194196,Berlin,4,2019,4,18,5,3,3,6,0,0,1,0,0,1,0,0,"13,2796","52,50478"
4894,194197,Berlin,7,2019,4,18,5,3,2,2,0,0,1,0,0,0,0,0,"13,35937","52,4567"
4895,194198,Berlin,8,2019,4,17,5,3,2,6,0,0,1,0,1,0,0,0,"13,43644","52,42386"
4896,194199,Berlin,7,2019,4,7,5,3,6,4,0,0,1,1,0,0,0,0,"13,36134","52,49587"
4897,194200,Berlin,7,2019,4,6,5,3,3,6,0,0,1,0,0,0,0,0,"13,39589","52,45294"
4898,194201,Berlin,3,2019,4,17,5,3,1,5,0,1,1,0,0,0,0,0,"13,41443","52,53834"
4899,194202,Berlin,7,2019,4,16,5,3,0,3,0,0,1,0,1,0,0,0,"13,36872","52,45063"
4900,194203,Berlin,5,2019,4,16,5,3,0,3,0,0,1,0,0,0,1,0,"13,20868","52,51056"
4901,194204,Berlin,2,2019,4,16,5,3,5,1,0,0,1,0,1,0,0,0,"13,44322","52,51204"
4902,194205,Berlin,9,2019,4,16,5,2,5,3,0,1,1,0,0,0,0,0,"13,55827","52,45572"
4903,194206,Berlin,4,2019,4,16,5,3,0,4,0,1,0,1,0,0,0,0,"13,28427","52,49564"
4904,194207,Berlin,3,2019,4,15,5,2,5,3,0,1,1,0,0,0,0,0,"13,43743","52,59223"
4905,194208,Berlin,4,2019,4,16,5,3,2,6,0,0,1,0,0,0,0,0,"13,33065","52,49613"
4906,194209,Berlin,6,2019,4,15,5,3,5,2,0,1,1,0,0,0,0,0,"13,24151","52,44396"
4907,194210,Berlin,9,2019,4,15,5,3,3,6,0,0,1,0,1,0,0,0,"13,57","52,44459"
4908,194211,Berlin,2,2019,4,5,5,2,2,6,0,1,1,0,0,0,0,0,"13,45023","52,52719"
4909,194212,Berlin,1,2019,4,15,5,3,2,2,0,1,1,0,0,0,0,0,"13,41182","52,52397"
4910,194213,Berlin,11,2019,4,13,5,3,5,5,0,1,1,0,0,0,1,0,"13,47266","52,50357"
4911,194214,Berlin,9,2019,4,12,5,2,5,3,0,1,1,0,0,0,0,0,"13,58593","52,44129"
4912,194215,Berlin,3,2019,4,12,5,3,5,3,0,1,0,0,0,0,1,0,"13,45324","52,59337"
4913,194216,Berlin,9,2019,4,12,5,3,0,3,0,1,1,0,0,0,0,0,"13,58467","52,42868"
4914,194217,Berlin,5,2019,4,12,5,3,5,3,0,0,1,0,1,0,0,0,"13,14246","52,53965"
4915,194218,Berlin,2,2019,4,12,5,3,5,2,0,0,1,0,1,0,0,0,"13,45074","52,52713"
4916,194219,Berlin,7,2019,4,11,5,3,5,3,0,1,1,0,0,0,0,0,"13,34292","52,50015"
4917,194220,Berlin,3,2019,4,10,5,3,3,6,0,1,1,0,0,0,0,0,"13,44459","52,55314"
4918,194221,Berlin,9,2019,4,9,5,3,5,2,0,1,0,0,0,1,0,0,"13,52591","52,42308"
4919,194222,Berlin,8,2019,4,9,5,3,1,5,0,1,1,0,0,0,0,0,"13,44146","52,48887"
4920,194223,Berlin,12,2019,4,9,5,3,0,6,0,0,0,0,0,0,1,0,"13,33358","52,59556"
4921,194224,Berlin,3,2019,4,9,5,3,5,2,0,1,1,0,0,0,0,0,"13,45416","52,56225"
4922,194225,Berlin,7,2019,4,8,5,3,5,3,0,1,1,0,0,0,0,0,"13,34877","52,461"
4923,194226,Berlin,1,2019,4,8,5,3,5,3,0,1,1,0,0,0,0,0,"13,40308","52,5337"
4924,194227,Berlin,2,2019,4,13,5,3,1,7,0,0,1,0,0,0,0,0,"13,4349","52,49639"
4925,194228,Berlin,3,2019,4,16,5,3,5,7,0,1,1,0,0,0,0,0,"13,45198","52,54283"
4926,194229,Berlin,5,2019,4,20,4,3,1,1,2,0,1,0,0,0,0,0,"13,2284","52,54853"
4927,194230,Berlin,5,2019,4,20,4,2,5,3,2,0,1,0,1,0,0,0,"13,17196","52,55001"
4928,194231,Berlin,9,2019,4,16,4,3,0,3,0,1,1,0,0,0,0,0,"13,71114","52,43287"
4929,194232,Berlin,2,2019,4,22,4,3,6,2,2,0,1,1,0,0,0,0,"13,41462","52,50025"
4930,194233,Berlin,9,2019,4,11,4,3,0,3,0,0,1,0,0,0,0,0,"13,55324","52,46969"