,id,city,district,year,month,hour,weekday,injury_level,collision,movement,light_conditions,bicycle,car,pedestrian,motorbike,truck,other_vehicle,road_conditions,longitude,latitude
4931,194234,Berlin,1,2019,4,11,4,3,2,6,0,0,1,0,1,0,0,0,"13,36736","52,52571"
4932,194235,Berlin,1,2019,4,20,4,3,5,3,2,0,1,0,0,0,1,0,"13,33343","52,5609"
4933,194236,Berlin,4,2019,4,5,4,3,6,2,1,1,0,1,0,0,0,0,"13,31453","52,49041"
4934,194237,Berlin,2,2019,4,20,4,3,5,3,1,1,0,0,0,0,0,0,"13,38935","52,48974"
4935,194238,Berlin,7,2019,4,22,4,3,3,6,2,0,1,0,0,0,0,0,"13,3573","52,47819"
4936,194239,Berlin,1,2019,4,21,4,3,5,7,2,0,1,0,1,0,0,0,"13,34337","52,50463"
4937,194240,Berlin,4,2019,4,20,4,3,5,3,1,1,1,0,0,0,0,0,"13,31678","52,50114"
4938,194241,Berlin,6,2019,4,18,4,3,3,6,0,1,1,0,0,0,0,0,"13,28917","52,44635"
4939,194242,Berlin,7,2019,4,18,4,3,0,6,0,1,0,0,0,0,1,0,"13,35666","52,47291"
4940,194243,Berlin,5,2019,4,17,4,3,6,7,0,0,1,1,0,0,0,0,"13,20124","52,54122"
4941,194244,Berlin,6,2019,4,20,4,3,1,1,1,0,1,0,0,0,0,0,"13,27339","52,43089"
4942,194245,Berlin,1,2019,4,13,4,3,0,1,0,1,0,0,0,0,0,0,"13,36094","52,50209"
4943,194246,Berlin,3,2019,4,17,4,3,1,1,0,0,1,0,1,0,0,0,"13,43714","52,59429"
4944,194247,Berlin,7,2019,4,17,4,3,2,6,0,0,1,0,0,0,0,0,"13,40003","52,45841"
4945,194248,Berlin,10,2019,4,12,4,3,2,6,0,0,1,0,1,0,0,0,"13,60438","52,53867"
4946,194249,Berlin,2,2019,4,12,4,3,2,7,0,0,1,0,0,0,1,0,"13,43714","52,52106"
4947,194250,Berlin,11,2019,4,16,4,3,6,4,0,0,1,1,0,0,0,0,"13,4907","52,52656"
4948,194251,Berlin,1,2019,4,13,4,3,1,5,0,1,1,0,0,0,0,0,"13,40053","52,5306"
4949,194252,Berlin,2,2019,4,13,4,3,5,2,0,1,1,0,0,0,0,0,"13,44679","52,50268"
4950,194253,Berlin,5,2019,4,13,4,3,5,2,0,0,1,0,0,0,0,0,"13,19849","52,54285"
4951,194254,Berlin,1,2019,4,15,4,3,5,3,0,1,1,0,0,0,0,0,"13,40297","52,5337"
4952,194255,Berlin,1,2019,4,15,4,3,5,2,0,1,1,0,0,0,0,0,"13,3355","52,54211"
4953,194256,Berlin,1,2019,4,10,4,3,5,2,0,0,1,0,0,0,1,0,"13,39601","52,53827"
4954,194257,Berlin,11,2019,4,10,4,3,2,2,0,1,0,0,0,0,1,0,"13,4699","52,5023"
4955,194258,Berlin,1,2019,4,10,4,3,6,2,0,1,0,1,0,0,0,0,"13,3797","52,52261"
4956,194259,Berlin,5,2019,4,9,4,3,2,6,0,0,1,0,0,0,0,0,"13,19692","52,5382"
4957,194260,Berlin,10,2019,4,8,4,3,5,2,0,1,1,0,0,0,0,0,"13,558","52,52964"
4958,194261,Berlin,3,2019,4,6,4,3,2,2,0,0,1,0,0,0,0,0,"13,42","52,5848"
4959,194262,Berlin,8,2019,4,17,4,3,1,2,0,0,1,1,0,0,1,0,"13,42554","52,47979"
4960,194263,Berlin,7,2019,4,14,3,3,5,2,0,1,1,0,0,0,0,0,"13,3983","52,46509"
4961,194264,Berlin,3,2019,4,21,3,3,6,4,2,1,1,1,0,0,0,0,"13,43834","52,54316"
4962,194265,Berlin,12,2019,4,21,3,3,2,2,2,0,1,0,0,0,0,0,"13,29259","52,58951"
4963,194266,Berlin,1,2019,4,21,3,3,0,7,2,0,0,0,1,0,0,0,"13,39371","52,53759"
4964,194267,Berlin,11,2019,4,10,3,3,5,2,0,0,1,0,1,0,0,0,"13,51805","52,57486"
4965,194268,Berlin,4,2019,4,10,3,3,5,3,0,1,1,0,0,0,0,0,"13,30231","52,54789"
4966,194269,Berlin,9,2019,4,20,3,3,5,2,2,0,1,0,0,0,0,0,"13,54518","52,42573"
4967,194270,Berlin,12,2019,4,10,3,3,2,2,0,0,1,0,0,0,0,0,"13,32653","52,60466"
4968,194271,Berlin,5,2019,4,12,3,3,2,6,0,0,1,0,0,0,0,0,"13,1996","52,53503"
4969,194272,Berlin,4,2019,4,17,3,3,5,2,0,0,1,0,1,0,0,0,"13,30083","52,47396"
4970,194273,Berlin,5,2019,4,10,3,3,8,1,0,0,1,0,0,0,0,0,"13,15965","52,52882"
4971,194274,Berlin,1,2019,4,9,3,3,5,3,0,1,1,0,0,0,0,0,"13,37672","52,5108"
4972,194275,Berlin,7,2019,4,9,3,3,0,2,0,0,1,0,0,0,1,0,"13,35302","52,48467"
4973,194276,Berlin,4,2019,4,9,3,2,5,2,0,1,1,0,0,0,0,0,"13,33577","52,51344"
4974,194277,Berlin,3,2019,4,8,3,3,5,2,0,0,1,0,0,0,0,0,"13,42858","52,54783"
4975,194278,Berlin,3,2019,4,9,3,3,2,6,0,0,0,0,1,0,1,0,"13,4499","52,53684"
4976,194279,Berlin,4,2019,4,9,3,3,3,6,0,0,1,0,0,0,0,0,"13,33443","52,49863"
4977,194280,Berlin,3,2019,4,8,3,3,5,3,0,0,1,0,0,0,0,0,"13,45609","52,56146"
4978,194281,Berlin,5,2019,4,8,3,2,5,2,0,0,1,0,1,0,0,0,"13,13152","52,54952"
4979,194282,Berlin,5,2019,4,8,3,3,5,7,0,0,1,0,1,0,0,0,"13,2091","52,53262"
4980,194283,Berlin,1,2019,4,8,3,2,5,3,0,1,1,0,0,0,0,0,"13,37329","52,53804"
4981,194284,Berlin,5,2019,4,7,3,3,5,2,0,1,0,0,0,0,1,0,"13,19858","52,53281"
4982,194285,Berlin,9,2019,4,6,3,3,5,3,0,1,1,0,0,0,0,0,"13,50274","52,48028"
4983,194286,Berlin,2,2019,4,11,3,2,2,6,0,0,1,0,1,0,0,0,"13,38105","52,49277"
4984,194287,Berlin,4,2019,4,11,3,3,5,2,0,1,1,0,0,0,0,0,"13,30938","52,4792"
4985,194288,Berlin,1,2019,4,11,3,3,5,2,0,0,1,0,0,0,0,0,"13,34786","52,52476"
4986,194289,Berlin,5,2019,4,12,3,3,2,7,0,1,1,0,0,0,0,0,"13,15467","52,53938"
4987,194290,Berlin,8,2019,4,12,3,3,0,7,0,0,1,0,0,0,0,0,"13,43311","52,45232"
4988,194291,Berlin,12,2019,4,12,3,3,2,6,0,0,1,0,0,0,0,0,"13,31021","52,56796"
4989,194292,Berlin,9,2019,4,13,3,3,2,6,0,0,1,0,0,0,0,0,"13,5547","52,46648"
4990,194293,Berlin,4,2019,4,14,3,3,0,7,0,0,1,0,0,0,1,0,"13,3212","52,48986"
4991,194294,Berlin,7,2019,4,13,3,3,2,6,0,0,1,0,0,0,1,0,"13,40122","52,44586"
4992,194295,Berlin,4,2019,4,14,3,3,1,5,0,1,1,0,0,0,0,0,"13,30649","52,51694"
4993,194296,Berlin,8,2019,4,14,3,3,0,6,0,0,1,0,1,0,0,0,"13,45506","52,47438"
4994,194297,Berlin,5,2019,4,15,3,3,2,6,0,0,1,0,0,0,0,0,"13,13833","52,45809"
4995,194298,Berlin,4,2019,4,15,3,3,6,4,0,0,1,1,0,0,0,0,"13,31794","52,49834"
4996,194299,Berlin,9,2019,4,16,3,2,5,2,0,1,1,0,0,0,0,0,"13,62547","52,45694"
4997,194300,Berlin,1,2019,4,16,3,3,5,3,0,1,1,0,0,0,0,0,"13,40348","52,52744"
4998,194301,Berlin,1,2019,4,16,3,3,5,2,0,0,1,0,1,0,0,0,"13,33987","52,51879"
4999,194302,Berlin,1,2019,4,15,2,3,2,2,0,0,1,0,0,0,0,0,"13,33647","52,5421"
5000,194303,Berlin,8,2019,4,14,2,3,5,2,0,1,1,0,0,0,0,0,"13,48224","52,42549"
5001,194304,Berlin,2,2019,4,15,2,3,2,6,0,0,1,0,0,0,0,0,"13,40081","52,50564"
5002,194305,Berlin,1,2019,4,22,2,3,1,5,2,0,1,0,1,0,0,0,"13,36459","52,54986"
5003,194306,Berlin,4,2019,4,19,2,3,5,7,2,0,1,0,0,0,0,0,"13,27929","52,50353"
5004,194307,Berlin,1,2019,4,0,2,3,2,6,2,0,1,0,0,0,0,0,"13,37458","52,53728"
5005,194308,Berlin,11,2019,4,23,2,3,5,3,2,0,1,0,0,0,0,0,"13,50176","52,50474"
5006,194309,Berlin,12,2019,4,18,2,3,6,4,0,0,1,1,0,0,0,0,"13,27495","52,58186"
5007,194310,Berlin,10,2019,4,18,2,3,5,2,0,0,1,0,0,0,0,0,"13,56232","52,54706"
5008,194311,Berlin,9,2019,4,18,2,2,0,1,0,0,0,0,1,0,0,0,"13,63034","52,42369"
5009,194312,Berlin,3,2019,4,16,2,2,2,6,0,1,0,0,0,0,0,0,"13,4487","52,53754"
5010,194313,Berlin,9,2019,4,14,2,3,0,7,0,1,0,1,0,0,0,0,"13,58032","52,44346"
5011,194314,Berlin,10,2019,4,14,2,3,5,3,0,1,0,0,0,0,0,0,"13,63498","52,52986"
5012,194315,Berlin,9,2019,4,14,2,2,4,1,0,0,1,0,0,0,0,0,"13,53257","52,44123"
5013,194316,Berlin,9,2019,4,13,2,3,0,2,0,0,1,0,0,0,1,0,"13,57744","52,40228"
5014,194317,Berlin,8,2019,4,13,2,3,2,6,0,1,1,0,0,0,0,0,"13,45023","52,42794"
5015,194318,Berlin,9,2019,4,10,2,3,5,3,0,1,1,0,0,0,0,0,"13,66078","52,41264"
5016,194319,Berlin,2,2019,4,9,2,2,5,3,0,0,1,0,1,0,0,0,"13,38521","52,49853"
5017,194320,Berlin,9,2019,4,10,1,2,5,3,0,0,1,0,0,0,1,0,"13,52857","52,4125"
5018,194321,Berlin,4,2019,4,18,1,3,6,4,0,1,0,1,0,0,0,0,"13,29521","52,53931"
5019,194322,Berlin,7,2019,4,16,1,3,5,3,0,1,1,0,0,0,0,0,"13,38002","52,4105"
5020,194323,Berlin,8,2019,4,16,1,3,5,3,0,0,1,0,1,0,0,0,"13,40997","52,41647"
5021,194324,Berlin,9,2019,4,16,1,3,6,7,0,1,0,1,0,0,0,0,"13,59333","52,43824"
5022,194325,Berlin,2,2019,4,15,1,3,6,7,0,1,0,1,0,0,0,0,"13,42877","52,49939"
5023,194326,Berlin,3,2019,4,11,1,3,5,7,0,1,1,0,0,0,0,0,"13,41438","52,5536"
5024,194327,Berlin,10,2019,4,17,1,2,1,5,0,1,1,0,0,0,0,0,"13,57147","52,55851"
5025,194328,Berlin,8,2019,4,3,1,3,1,1,2,0,1,0,0,0,1,0,"13,4439","52,47179"
5026,194329,Berlin,11,2019,4,14,1,3,0,2,0,0,0,0,0,0,1,0,"13,52051","52,57033"
5027,194330,Berlin,3,2019,4,16,1,3,1,1,0,0,1,0,1,0,0,0,"13,41172","52,54017"
5028,194331,Berlin,11,2019,4,7,1,3,0,1,0,1,0,0,0,0,0,0,"13,47965","52,52743"
5029,194332,Berlin,1,2019,4,15,1,3,5,2,0,0,1,0,0,0,1,0,"13,37376","52,55666"
5030,194333,Berlin,1,2019,4,18,1,3,0,1,0,0,0,0,1,0,0,0,"13,39282","52,5425"
5031,194334,Berlin,5,2019,4,3,7,1,9,1,2,0,1,0,0,1,0,0,"13,19457","52,54527"
5032,194335,Berlin,3,2019,4,17,7,3,5,2,0,1,1,0,0,0,0,0,"13,38269","52,62971"
5033,194336,Berlin,9,2019,4,9,7,2,1,5,0,1,1,0,0,0,0,0,"13,63158","52,44678"
5034,194337,Berlin,7,2019,4,14,7,3,1,5,0,1,1,0,0,0,0,0,"13,34624","52,41403"
5035,194338,Berlin,4,2019,4,20,7,3,1,5,1,1,1,0,0,0,0,0,"13,31184","52,50647"
5036,194339,Berlin,2,2019,4,18,7,3,5,2,0,1,1,0,0,0,0,0,"13,40657","52,49847"
5037,194340,Berlin,8,2019,4,15,7,3,3,6,0,1,1,0,0,0,0,0,"13,44254","52,46981"
5038,194341,Berlin,9,2019,4,15,7,3,6,4,0,0,1,1,0,0,0,0,"13,62479","52,4515"
5039,194342,Berlin,5,2019,4,13,7,3,5,2,0,0,1,0,0,0,0,0,"13,1654","52,55119"
5040,194343,Berlin,6,2019,4,13,7,3,0,7,0,1,0,0,0,0,0,0,"13,23","52,42989"
5041,194344,Berlin,2,2019,4,12,7,3,5,2,0,0,1,0,0,0,1,0,"13,38637","52,49008"
5042,194345,Berlin,8,2019,4,11,7,3,2,2,0,0,0,0,1,0,1,0,"13,43795","52,48267"
5043,194346,Berlin,7,2019,4,1,7,3,0,3,2,0,1,0,0,0,1,0,"13,40075","52,38678"
5044,194347,Berlin,8,2019,4,7,7,2,5,3,0,0,1,0,0,0,0,0,"13,49514","52,43173"
5045,194348,Berlin,12,2019,4,8,7,3,5,2,0,1,1,0,0,0,0,0,"13,32931","52,56343"
5046,194349,Berlin,6,2019,4,9,7,3,5,3,0,1,1,0,0,0,0,0,"13,34967","52,44978"
5047,194350,Berlin,7,2019,4,10,7,3,2,6,0,0,1,0,0,0,0,0,"13,40648","52,38667"
5048,194351,Berlin,6,2019,4,10,7,2,6,2,0,0,1,1,0,0,0,0,"13,31579","52,44319"
5049,194352,Berlin,7,2019,4,10,7,3,2,2,0,0,1,0,0,0,0,0,"13,38591","52,44557"
5050,194353,Berlin,2,2019,4,5,7,2,5,3,2,0,1,0,0,0,1,0,"13,43289","52,51784"
5051,194354,Berlin,11,2019,5,14,5,3,5,7,0,1,1,0,0,0,0,1,"13,49173","52,52058"
5052,194355,Berlin,1,2019,5,14,5,3,0,6,0,1,1,0,0,0,0,0,"13,38765","52,55001"
5053,194356,Berlin,6,2019,5,17,5,3,1,5,0,1,1,0,0,0,0,0,"13,32706","52,45484"
5054,194357,Berlin,9,2019,5,12,5,3,5,3,0,1,1,0,0,0,0,0,"13,54354","52,43379"
5055,194358,Berlin,6,2019,5,17,5,3,5,3,0,0,1,0,0,0,0,0,"13,36179","52,42544"
5056,194359,Berlin,9,2019,5,14,5,3,5,3,0,0,1,0,1,0,0,1,"13,48834","52,45129"
5057,194360,Berlin,4,2019,5,13,5,3,1,5,0,1,1,0,0,0,0,1,"13,31883","52,50608"
5058,194361,Berlin,2,2019,5,17,5,3,2,6,0,1,1,0,0,0,0,0,"13,44431","52,51784"
5059,194362,Berlin,7,2019,5,14,5,3,5,2,0,1,1,0,0,0,0,0,"13,34356","52,50152"
5060,194363,Berlin,11,2019,5,17,5,3,5,2,0,1,1,0,0,0,0,0,"13,48835","52,50213"
5061,194364,Berlin,3,2019,5,16,5,3,5,3,0,1,1,0,0,0,0,0,"13,40267","52,59676"
5062,194365,Berlin,2,2019,5,16,5,3,0,3,0,1,1,0,0,0,0,0,"13,42673","52,51575"
5063,194366,Berlin,12,2019,5,16,5,3,2,6,0,0,1,0,0,1,0,0,"13,33227","52,56349"
5064,194367,Berlin,9,2019,5,5,5,2,4,6,1,0,0,0,0,0,1,1,"13,65557","52,37462"
5065,194368,Berlin,9,2019,5,9,5,2,6,3,0,0,1,1,0,0,0,0,"13,57674","52,44436"
5066,194369,Berlin,4,2019,5,8,5,3,3,6,0,1,1,0,0,0,0,0,"13,32255","52,48672"
5067,194370,Berlin,1,2019,5,9,5,3,5,3,0,1,0,0,0,0,1,0,"13,40954","52,52889"
5068,194371,Berlin,8,2019,5,7,5,3,2,3,0,1,0,0,0,0,0,0,"13,45003","52,47659"
5069,194372,Berlin,2,2019,5,7,5,3,5,2,0,1,1,0,0,0,0,1,"13,37321","52,5035"
5070,194373,Berlin,10,2019,5,7,5,3,5,3,0,1,1,0,0,0,0,0,"13,58667","52,51658"
5071,194374,Berlin,2,2019,5,7,5,3,5,2,0,1,0,0,0,0,1,1,"13,45075","52,52713"
5072,194375,Berlin,12,2019,5,7,5,3,5,2,0,1,0,0,0,0,1,0,"13,31463","52,57723"
5073,194376,Berlin,10,2019,5,14,5,3,5,2,0,0,0,0,1,0,1,1,"13,56478","52,52225"
5074,194377,Berlin,12,2019,5,13,5,3,5,3,0,1,1,0,0,0,0,1,"13,37214","52,57216"
5075,194378,Berlin,2,2019,5,13,5,2,4,6,0,0,1,0,0,1,0,1,"13,45411","52,52232"
5076,194379,Berlin,5,2019,5,13,5,2,5,2,0,0,1,0,0,0,0,0,"13,16265","52,52008"
5077,194380,Berlin,9,2019,5,12,5,3,5,2,0,1,0,0,0,0,0,0,"13,58123","52,46028"
5078,194381,Berlin,1,2019,5,11,5,2,5,3,0,0,1,0,0,0,0,0,"13,3686","52,50628"
5079,194382,Berlin,4,2019,5,10,5,3,5,2,0,0,1,0,0,0,0,0,"13,29001","52,48222"
5080,194383,Berlin,4,2019,5,10,5,3,6,2,0,0,1,1,0,0,0,0,"13,2284","52,50684"
5081,194384,Berlin,10,2019,5,6,4,3,5,2,0,1,1,0,0,0,0,0,"13,60462","52,5367"
5082,194385,Berlin,11,2019,5,10,4,3,3,6,0,0,0,0,1,0,1,0,"13,52459","52,49555"
5083,194386,Berlin,3,2019,5,13,4,3,5,2,0,1,1,0,0,0,0,0,"13,41763","52,53832"
5084,194387,Berlin,5,2019,5,10,4,3,2,6,0,0,1,0,0,0,0,0,"13,18245","52,48642"
5085,194388,Berlin,7,2019,5,20,4,3,6,4,0,0,1,1,0,0,0,0,"13,34971","52,46526"
5086,194389,Berlin,5,2019,5,18,4,3,5,3,0,0,1,0,0,0,0,0,"13,12207","52,45323"
5087,194390,Berlin,2,2019,5,8,4,3,0,6,0,1,1,0,0,0,0,0,"13,46293","52,50512"
5088,194391,Berlin,11,2019,5,7,4,2,6,4,0,0,0,1,0,0,1,0,"13,5192","52,5133"
5089,194392,Berlin,5,2019,5,21,4,3,5,3,2,1,1,0,0,0,0,0,"13,19685","52,56301"
5090,194393,Berlin,3,2019,5,20,4,2,5,2,1,1,1,0,0,0,0,0,"13,42792","52,54551"
5091,194394,Berlin,10,2019,5,16,4,3,5,3,0,1,1,0,0,0,0,0,"13,60558","52,4878"
5092,194395,Berlin,7,2019,5,16,4,3,5,2,0,0,1,0,1,0,0,0,"13,34851","52,45892"
5093,194396,Berlin,8,2019,5,15,4,3,5,3,0,1,1,0,0,0,0,0,"13,48818","52,41337"
5094,194397,Berlin,1,2019,5,15,4,3,2,2,0,1,1,0,0,0,0,0,"13,40978","52,52402"
5095,194398,Berlin,1,2019,5,17,4,3,2,6,0,0,1,0,0,0,0,0,"13,36019","52,52341"
5096,194399,Berlin,4,2019,5,17,4,3,5,3,0,0,1,0,0,0,0,0,"13,28021","52,51848"
5097,194400,Berlin,1,2019,5,16,4,3,2,6,0,0,1,0,1,0,0,0,"13,41676","52,52625"
5098,194401,Berlin,4,2019,5,16,4,3,2,6,0,0,1,0,0,0,0,0,"13,31503","52,50086"
5099,194402,Berlin,6,2019,5,16,4,3,0,1,0,1,0,0,0,0,0,0,"13,25529","52,44063"
5100,194403,Berlin,7,2019,5,15,4,3,2,6,0,0,1,0,0,0,0,0,"13,3492","52,45915"
5101,194404,Berlin,7,2019,5,14,4,3,3,6,0,0,1,0,1,0,0,0,"13,37759","52,4653"
5102,194405,Berlin,5,2019,5,7,4,2,5,3,0,1,1,0,0,0,0,0,"13,21887","52,55985"
5103,194406,Berlin,2,2019,5,13,4,3,0,2,0,1,0,0,0,0,1,0,"13,37698","52,50197"
5104,194407,Berlin,2,2019,5,15,4,2,0,1,0,0,0,0,1,0,0,0,"13,47064","52,50587"
5105,194408,Berlin,4,2019,5,14,4,3,2,6,0,0,1,0,0,0,0,0,"13,29577","52,54804"
5106,194409,Berlin,1,2019,5,13,4,2,5,2,0,0,1,0,1,0,0,0,"13,34514","52,5543"
5107,194410,Berlin,9,2019,5,13,4,3,2,6,0,0,1,0,0,0,0,0,"13,59274","52,43845"
5108,194411,Berlin,6,2019,5,12,4,3,6,7,0,0,1,1,0,0,0,0,"13,2655","52,43211"
5109,194412,Berlin,8,2019,5,12,4,3,6,7,0,0,1,1,0,0,0,0,"13,49642","52,41712"
5110,194413,Berlin,1,2019,5,11,4,3,2,6,0,0,1,0,0,0,0,0,"13,41123","52,52395"
5111,194414,Berlin,8,2019,5,11,4,3,5,2,0,1,1,0,0,0,0,0,"13,4357","52,46909"
5112,194415,Berlin,1,2019,5,9,4,3,5,2,0,0,1,0,1,0,0,0,"13,39671","52,51099"
5113,194416,Berlin,1,2019,5,9,4,3,5,3,0,1,1,0,0,0,0,0,"13,37986","52,54017"
5114,194417,Berlin,2,2019,5,9,4,3,5,2,0,0,1,0,1,0,0,0,"13,4489","52,49723"
5115,194418,Berlin,8,2019,5,9,4,3,0,1,0,0,0,0,1,0,0,0,"13,4733","52,46465"
5116,194419,Berlin,4,2019,5,9,4,2,2,6,0,0,1,0,0,0,0,0,"13,28486","52,49128"
5117,194420,Berlin,5,2019,5,9,4,3,5,3,0,0,1,0,0,0,0,0,"13,17918","52,53385"
5118,194421,Berlin,9,2019,5,9,4,3,5,3,0,0,1,0,0,0,0,0,"13,52247","52,42839"
5119,194422,Berlin,3,2019,5,8,4,3,2,2,0,0,1,0,0,0,0,0,"13,4299","52,55288"
5120,194423,Berlin,2,2019,5,8,4,3,5,2,0,1,1,0,0,0,0,0,"13,4287","52,51893"
5121,194424,Berlin,11,2019,5,8,4,3,0,2,0,0,0,0,0,1,1,0,"13,46892","52,54334"
5122,194425,Berlin,4,2019,5,7,4,3,0,5,0,1,1,0,0,0,0,0,"13,32612","52,50824"
5123,194426,Berlin,1,2019,5,6,4,3,5,2,0,0,1,0,1,0,0,0,"13,36897","52,52962"
5124,194427,Berlin,4,2019,5,8,3,3,0,6,0,0,1,0,0,0,0,0,"13,26129","52,50793"
5125,194428,Berlin,1,2019,5,19,3,3,0,3,0,0,1,0,1,0,0,0,"13,35205","52,50634"
5126,194429,Berlin,1,2019,5,19,3,3,5,3,0,1,1,0,0,0,0,0,"13,35286","52,50399"
5127,194430,Berlin,2,2019,5,19,3,3,1,5,0,1,1,0,0,0,0,0,"13,4454","52,50306"
5128,194431,Berlin,2,2019,5,22,3,3,1,5,2,1,1,0,0,0,0,0,"13,41514","52,50359"
5129,194432,Berlin,3,2019,5,18,3,3,6,6,0,1,0,1,0,0,0,0,"13,44164","52,54328"
5130,194433,Berlin,12,2019,5,18,3,3,5,2,0,0,1,0,1,0,0,0,"13,34608","52,59149"
5131,194434,Berlin,7,2019,5,18,3,3,0,1,0,0,1,0,0,0,0,0,"13,40032","52,445"
5132,194435,Berlin,11,2019,5,13,3,3,2,6,0,0,1,0,0,0,0,0,"13,49125","52,54346"
5133,194436,Berlin,8,2019,5,17,3,3,5,2,0,0,1,0,1,0,0,0,"13,442","52,46767"
5134,194437,Berlin,9,2019,5,17,3,2,0,1,0,1,1,0,0,0,0,0,"13,54891","52,43821"
5135,194438,Berlin,3,2019,5,17,3,3,4,5,0,0,1,0,0,0,1,0,"13,44638","52,55359"
5136,194439,Berlin,5,2019,5,16,3,3,2,6,0,0,1,0,0,0,0,0,"13,20721","52,53888"
5137,194440,Berlin,3,2019,5,16,3,3,5,2,0,1,1,0,0,0,0,0,"13,43912","52,54733"
5138,194441,Berlin,5,2019,5,15,3,3,2,6,0,0,1,0,1,0,0,0,"13,19788","52,5391"
5139,194442,Berlin,4,2019,5,16,3,2,6,7,0,0,1,1,0,0,0,0,"13,30456","52,51684"
5140,194443,Berlin,2,2019,5,15,3,2,3,6,0,1,1,0,0,0,0,0,"13,4584","52,51266"
5141,194444,Berlin,2,2019,5,15,3,3,2,6,0,0,1,0,0,0,0,0,"13,38774","52,49279"
5142,194445,Berlin,2,2019,5,12,3,3,1,5,0,1,1,0,0,0,0,0,"13,45419","52,5103"
5143,194446,Berlin,4,2019,5,11,3,3,4,6,0,0,1,0,0,1,0,0,"13,30543","52,52877"
5144,194447,Berlin,1,2019,5,10,3,3,3,6,0,1,1,0,0,0,0,0,"13,3848","52,53224"
5145,194448,Berlin,4,2019,5,9,3,3,5,3,0,1,1,0,0,0,0,0,"13,31184","52,50057"
5146,194449,Berlin,4,2019,5,8,3,3,5,3,0,0,1,0,1,0,0,0,"13,30607","52,52573"
5147,194450,Berlin,12,2019,5,8,3,3,2,2,0,0,1,0,0,0,1,0,"13,34719","52,59621"
5148,194451,Berlin,1,2019,5,7,3,3,1,5,0,1,1,0,0,0,0,0,"13,3822","52,51375"
5149,194452,Berlin,12,2019,5,7,3,3,5,3,0,1,1,0,0,0,0,0,"13,30951","52,60386"
5150,194453,Berlin,1,2019,5,7,3,3,3,6,0,0,1,0,0,0,0,0,"13,41711","52,52654"
5151,194454,Berlin,12,2019,5,5,3,3,2,6,1,0,1,0,1,0,0,1,"13,33081","52,57147"
5152,194455,Berlin,3,2019,5,15,2,2,5,2,0,1,1,0,0,0,0,0,"13,41032","52,55083"
5153,194456,Berlin,6,2019,5,10,2,3,1,5,0,0,1,0,0,0,0,0,"13,32367","52,43079"
5154,194457,Berlin,1,2019,5,16,2,3,2,2,0,0,1,0,0,0,1,0,"13,40252","52,51185"
5155,194458,Berlin,1,2019,5,22,2,3,5,3,2,1,1,0,0,0,0,0,"13,34289","52,52637"
5156,194459,Berlin,4,2019,5,20,2,2,6,4,2,0,1,1,0,0,0,0,"13,32235","52,52119"
5157,194460,Berlin,1,2019,5,19,2,2,5,3,0,1,1,0,0,0,0,0,"13,41363","52,51129"
5158,194461,Berlin,1,2019,5,19,2,3,2,6,2,0,1,0,0,0,0,0,"13,35826","52,5012"
5159,194462,Berlin,2,2019,5,18,2,3,0,2,0,1,1,0,0,0,0,0,"13,38935","52,49611"
5160,194463,Berlin,6,2019,5,18,2,3,2,6,0,0,1,0,0,0,0,1,"13,27069","52,45066"
5161,194464,Berlin,7,2019,5,17,2,2,2,6,0,0,1,0,1,0,0,0,"13,37582","52,45748"
5162,194465,Berlin,7,2019,5,16,2,3,5,3,0,1,1,0,0,0,0,0,"13,35497","52,49017"
5163,194466,Berlin,11,2019,5,17,2,3,5,3,0,0,1,0,0,0,0,0,"13,51947","52,54626"
5164,194467,Berlin,6,2019,5,16,2,3,1,5,0,1,1,0,0,0,0,0,"13,1851","52,42867"
5165,194468,Berlin,6,2019,5,16,2,3,2,6,0,0,1,0,0,0,0,0,"13,30214","52,43805"
5166,194469,Berlin,5,2019,5,17,2,3,1,5,0,0,1,0,0,0,1,0,"13,24243","52,52803"
5167,194470,Berlin,3,2019,5,16,2,3,5,2,0,1,1,0,0,0,0,0,"13,41431","52,55361"
5168,194471,Berlin,4,2019,5,16,2,3,0,3,0,0,1,0,0,0,1,0,"13,31942","52,50147"
5169,194472,Berlin,8,2019,5,15,2,3,2,6,0,0,1,0,0,0,0,0,"13,47124","52,42971"
5170,194473,Berlin,1,2019,5,15,2,3,1,5,0,1,1,0,0,0,1,0,"13,3943","52,51509"
5171,194474,Berlin,3,2019,5,14,2,3,1,5,0,1,1,0,0,0,0,0,"13,49368","52,62664"
5172,194475,Berlin,6,2019,5,14,2,3,5,2,0,1,1,0,0,0,0,0,"13,29287","52,45806"
5173,194476,Berlin,4,2019,5,13,2,3,0,5,0,0,1,0,0,0,0,0,"13,32609","52,50804"
5174,194477,Berlin,9,2019,5,13,2,3,5,3,0,1,1,0,0,0,0,0,"13,67051","52,42201"
5175,194478,Berlin,12,2019,5,16,2,3,5,3,0,1,1,0,0,0,0,0,"13,37353","52,5747"
5176,194479,Berlin,7,2019,5,13,2,3,5,3,0,1,1,0,0,0,0,0,"13,37174","52,45288"
5177,194480,Berlin,6,2019,5,12,2,3,1,5,0,0,1,0,0,0,0,0,"13,30254","52,4252"
5178,194481,Berlin,7,2019,5,11,2,2,3,6,0,1,0,0,0,1,0,0,"13,38734","52,43989"
5179,194482,Berlin,7,2019,5,6,2,3,5,3,0,0,1,0,1,0,0,0,"13,42002","52,40164"
5180,194483,Berlin,10,2019,5,7,2,3,6,2,0,0,1,1,0,0,0,0,"13,60714","52,53366"
5181,194484,Berlin,4,2019,5,12,2,3,5,2,0,1,1,0,0,0,0,0,"13,29816","52,47345"
5182,194485,Berlin,6,2019,5,7,2,3,6,4,0,1,0,1,0,0,0,0,"13,2831","52,45881"
5183,194486,Berlin,8,2019,5,6,2,3,5,3,0,0,1,0,1,0,0,0,"13,47358","52,46182"
5184,194487,Berlin,3,2019,5,6,2,3,5,3,0,0,1,0,1,0,0,0,"13,39765","52,58603"
5185,194488,Berlin,6,2019,5,7,2,3,5,7,0,1,1,0,0,0,0,0,"13,33751","52,42852"
5186,194489,Berlin,5,2019,5,7,2,3,5,2,0,0,1,0,0,0,0,0,"13,21136","52,53223"
5187,194490,Berlin,12,2019,5,7,2,3,6,4,0,0,1,1,0,0,0,0,"13,35313","52,59652"
5188,194491,Berlin,7,2019,5,8,2,2,5,3,0,0,1,0,0,0,0,0,"13,38445","52,48022"