,id,city,district,year,month,hour,weekday,injury_level,collision,movement,light_conditions,bicycle,car,pedestrian,motorbike,truck,other_vehicle,road_conditions,longitude,latitude
5704,195007,Berlin,5,2019,5,10,2,3,6,7,0,0,1,1,0,0,0,0,"13,1943","52,52898"
5705,195008,Berlin,10,2019,5,10,2,3,6,4,0,0,1,1,0,0,0,0,"13,57869","52,53996"
5706,195009,Berlin,12,2019,5,18,2,3,2,6,0,0,1,0,0,0,0,0,"13,37708","52,56094"
5707,195010,Berlin,12,2019,5,10,2,3,5,2,0,1,0,0,0,1,0,0,"13,32627","52,59162"
5708,195011,Berlin,1,2019,5,10,2,3,5,2,0,1,1,0,0,0,0,0,"13,3842","52,55604"
5709,195012,Berlin,4,2019,5,18,2,3,5,2,0,1,1,0,0,0,0,0,"13,33074","52,49316"
5710,195013,Berlin,8,2019,5,11,2,2,6,4,0,0,1,1,0,0,0,0,"13,44413","52,47964"
5711,195014,Berlin,1,2019,5,12,2,2,2,6,0,0,1,0,0,0,0,0,"13,33024","52,52382"
5712,195015,Berlin,2,2019,5,18,2,3,6,4,0,0,1,1,1,0,0,0,"13,44194","52,50086"
5713,195016,Berlin,7,2019,5,13,2,3,2,6,0,0,1,0,0,0,0,0,"13,36282","52,44766"
5714,195017,Berlin,10,2019,5,15,2,3,2,6,0,0,1,0,0,0,0,0,"13,61228","52,51131"
5715,195018,Berlin,9,2019,5,17,2,3,6,2,0,0,1,1,0,0,0,0,"13,56698","52,41216"
5716,195019,Berlin,12,2019,5,10,2,3,0,1,0,1,0,0,0,0,0,0,"13,28841","52,63207"
5717,195020,Berlin,6,2019,5,16,2,3,2,6,0,0,1,0,0,0,0,0,"13,33429","52,44292"
5718,195021,Berlin,1,2019,5,16,2,3,2,6,0,0,1,0,0,0,0,0,"13,34068","52,52643"
5719,195022,Berlin,2,2019,5,15,2,3,5,3,0,1,1,0,0,0,0,0,"13,42197","52,49302"
5720,195023,Berlin,2,2019,5,15,2,3,2,7,0,1,1,0,0,0,0,0,"13,3935","52,48915"
5721,195024,Berlin,12,2019,5,12,2,3,5,5,0,1,1,0,0,0,0,0,"13,2882","52,58628"
5722,195025,Berlin,3,2019,5,18,2,3,2,6,0,0,1,0,0,0,1,1,"13,41503","52,55384"
5723,195026,Berlin,11,2019,5,13,1,2,5,3,0,1,1,0,0,0,0,0,"13,50161","52,5661"
5724,195027,Berlin,12,2019,5,13,1,3,0,5,0,1,1,0,0,0,0,0,"13,22581","52,62785"
5725,195028,Berlin,7,2019,5,14,1,3,5,3,0,0,1,0,0,0,0,0,"13,3289","52,47132"
5726,195029,Berlin,9,2019,5,9,1,3,1,5,0,1,1,0,0,0,1,0,"13,56578","52,43932"
5727,195030,Berlin,2,2019,5,9,1,3,5,3,0,0,1,0,0,0,0,0,"13,41927","52,50125"
5728,195031,Berlin,2,2019,5,12,1,3,2,2,0,1,1,0,0,0,0,0,"13,40686","52,49847"
5729,195032,Berlin,4,2019,5,14,1,3,6,4,0,1,0,1,0,0,0,0,"13,32704","52,4951"
5730,195033,Berlin,3,2019,5,14,1,3,2,6,0,0,1,0,1,0,0,0,"13,43054","52,5895"
5731,195034,Berlin,1,2019,5,17,1,2,5,3,0,1,0,0,0,0,0,0,"13,41928","52,52529"
5732,195035,Berlin,9,2019,5,18,1,3,6,4,0,0,0,1,0,0,1,0,"13,49897","52,44584"
5733,195036,Berlin,2,2019,5,6,1,3,1,5,0,0,1,0,0,0,0,0,"13,4368","52,49284"
5734,195037,Berlin,11,2019,5,3,1,3,5,3,2,0,1,0,0,0,1,0,"13,47959","52,52665"
5735,195038,Berlin,5,2019,5,13,1,3,2,6,0,0,1,0,0,0,0,0,"13,13767","52,52539"
5736,195039,Berlin,6,2019,5,1,1,2,1,5,2,0,1,0,0,0,0,0,"13,31556","52,43067"
5737,195040,Berlin,4,2019,5,13,1,3,0,7,0,1,0,0,0,0,0,0,"13,30445","52,51806"
5738,195041,Berlin,1,2019,5,22,1,3,6,4,2,1,0,1,0,0,0,0,"13,38091","52,51622"
5739,195042,Berlin,1,2019,5,23,1,3,3,6,2,0,1,0,0,0,1,0,"13,38785","52,55574"
5740,195043,Berlin,8,2019,5,22,1,3,3,6,2,1,1,0,0,0,0,0,"13,42519","52,48037"
5741,195044,Berlin,3,2019,5,20,1,3,0,1,0,1,0,0,0,0,0,0,"13,42015","52,5483"
5742,195045,Berlin,11,2019,5,17,7,3,3,6,0,0,1,0,0,0,0,0,"13,50552","52,56351"
5743,195046,Berlin,8,2019,5,22,7,3,2,5,2,1,1,0,0,0,0,0,"13,44666","52,47838"
5744,195047,Berlin,3,2019,5,11,7,3,2,6,0,0,1,0,0,1,0,0,"13,42457","52,58618"
5745,195048,Berlin,1,2019,5,16,7,3,6,6,0,0,0,1,0,0,1,0,"13,32865","52,52404"
5746,195049,Berlin,2,2019,5,15,7,3,1,5,0,0,1,0,1,0,0,0,"13,43626","52,51645"
5747,195050,Berlin,2,2019,5,16,7,3,5,7,0,0,1,0,1,0,0,0,"13,46667","52,4973"
5748,195051,Berlin,8,2019,5,22,7,3,1,5,2,0,1,0,1,0,0,0,"13,44707","52,47621"
5749,195052,Berlin,5,2019,5,23,7,3,2,6,2,0,1,0,0,0,0,0,"13,19833","52,53265"
5750,195053,Berlin,2,2019,5,13,7,3,5,3,0,1,1,0,0,0,0,0,"13,46314","52,51146"
5751,195054,Berlin,2,2019,5,13,7,3,5,7,0,1,1,0,0,0,0,0,"13,44397","52,50012"
5752,195055,Berlin,2,2019,5,13,7,3,3,6,0,0,1,0,0,0,0,0,"13,46142","52,50097"
5753,195056,Berlin,10,2019,5,11,7,3,5,2,0,1,1,0,0,0,0,0,"13,60376","52,48549"
5754,195057,Berlin,4,2019,5,10,7,3,2,6,0,0,1,0,0,0,0,0,"13,31705","52,50132"
5755,195058,Berlin,2,2019,5,10,7,3,6,4,0,1,0,1,0,0,0,0,"13,44979","52,51024"
5756,195059,Berlin,7,2019,5,9,7,3,6,4,0,0,1,1,0,0,0,0,"13,37454","52,47923"
5757,195060,Berlin,7,2019,5,10,7,3,5,2,0,0,1,0,0,0,0,0,"13,37202","52,46985"
5758,195061,Berlin,6,2019,5,11,7,3,5,3,0,0,1,0,0,0,0,0,"13,33403","52,43023"
5759,195062,Berlin,4,2019,5,11,7,2,5,5,0,0,1,0,1,0,0,0,"13,3405","52,50432"
5760,195063,Berlin,1,2019,5,21,7,3,3,6,2,0,1,0,1,0,0,0,"13,3647","52,52637"
5761,195064,Berlin,1,2019,5,20,7,3,0,7,0,0,1,0,0,0,0,0,"13,36173","52,54486"
5762,195065,Berlin,3,2019,5,20,7,3,5,2,0,1,1,0,0,0,0,0,"13,4026","52,55426"
5763,195066,Berlin,12,2019,5,19,7,3,1,5,0,1,1,0,0,0,0,0,"13,29154","52,63312"
5764,195067,Berlin,1,2019,5,19,7,3,2,6,0,0,1,0,0,0,0,0,"13,39266","52,5283"
5765,195068,Berlin,3,2019,5,19,7,3,5,7,0,1,1,0,0,0,0,0,"13,41052","52,53934"
5766,195069,Berlin,11,2019,5,19,7,3,5,3,0,1,0,0,0,0,0,0,"13,49509","52,51811"
5767,195070,Berlin,8,2019,5,18,7,3,5,2,0,0,1,0,0,0,1,0,"13,45519","52,47293"
5768,195071,Berlin,7,2019,5,17,7,3,5,3,0,1,1,0,0,0,0,0,"13,36877","52,48467"
5769,195072,Berlin,7,2019,5,17,7,3,2,6,0,0,1,0,1,0,0,0,"13,40958","52,39907"
5770,195073,Berlin,11,2019,5,17,7,3,5,3,0,0,1,0,0,0,0,0,"13,53204","52,484"
5771,195074,Berlin,8,2019,5,16,7,3,1,5,0,1,1,0,0,0,1,0,"13,45011","52,44829"
5772,195075,Berlin,6,2019,5,23,7,3,0,1,2,1,0,0,0,0,0,0,"13,31984","52,45297"
5773,195076,Berlin,12,2019,5,15,7,3,2,6,0,0,1,0,0,0,1,0,"13,32718","52,56349"
5774,195077,Berlin,8,2019,5,15,7,3,2,6,0,0,1,0,1,0,0,0,"13,44346","52,46441"
5775,195078,Berlin,9,2019,5,14,7,3,5,3,0,0,1,0,0,0,0,0,"13,48987","52,4678"
5776,195079,Berlin,4,2019,5,14,7,3,5,2,0,0,1,0,0,0,0,0,"13,30819","52,49616"
5777,195080,Berlin,12,2019,5,14,7,2,5,2,0,0,0,0,1,1,0,0,"13,33296","52,59545"
5778,195081,Berlin,7,2019,5,13,7,2,1,5,0,0,1,0,0,0,0,0,"13,37557","52,43719"
5779,195082,Berlin,6,2019,5,17,7,3,0,5,0,0,1,0,1,0,0,0,"13,18548","52,43128"
5780,195083,Berlin,3,2019,5,22,6,3,5,3,2,0,1,0,0,0,0,0,"13,39809","52,58481"
5781,195084,Berlin,10,2019,5,20,6,3,2,6,0,0,1,0,1,0,0,0,"13,56039","52,48677"
5782,195085,Berlin,3,2019,5,18,6,3,6,4,0,1,0,1,0,0,0,0,"13,45739","52,52896"
5783,195086,Berlin,8,2019,5,19,6,3,2,2,1,0,1,0,1,0,0,0,"13,45533","52,45338"
5784,195087,Berlin,2,2019,5,12,6,3,5,3,0,1,0,0,0,0,0,0,"13,40064","52,49829"
5785,195088,Berlin,7,2019,5,11,6,3,5,2,0,0,1,0,1,0,0,0,"13,34702","52,49898"
5786,195089,Berlin,1,2019,5,10,6,3,5,3,0,0,1,0,0,0,0,0,"13,3771","52,55624"
5787,195090,Berlin,8,2019,5,10,6,3,5,2,0,1,1,0,0,0,0,0,"13,43435","52,48464"
5788,195091,Berlin,12,2019,5,9,6,3,0,3,0,0,1,0,1,0,0,0,"13,36276","52,5666"
5789,195092,Berlin,4,2019,5,7,6,3,5,2,0,0,1,0,1,0,0,0,"13,27254","52,51934"
5790,195093,Berlin,1,2019,5,8,6,3,5,2,0,1,1,0,0,0,0,0,"13,37978","52,52172"
5791,195094,Berlin,4,2019,5,7,6,3,0,1,0,1,1,0,0,0,0,0,"13,31395","52,50676"
5792,195095,Berlin,7,2019,5,6,6,3,5,2,0,0,1,0,0,0,0,0,"13,40489","52,46359"
5793,195096,Berlin,10,2019,5,9,6,3,5,3,0,0,1,0,0,0,0,0,"13,60447","52,53868"
5794,195097,Berlin,2,2019,5,8,6,3,2,6,0,0,1,0,0,0,0,0,"13,43295","52,52334"
5795,195098,Berlin,2,2019,5,11,6,2,2,6,0,0,0,0,0,1,0,0,"13,39994","52,49842"
5796,195099,Berlin,5,2019,5,13,6,3,6,2,0,0,1,1,0,0,0,0,"13,19799","52,52105"
5797,195100,Berlin,4,2019,5,14,6,3,6,4,0,0,1,1,0,0,0,0,"13,34033","52,50416"
5798,195101,Berlin,4,2019,5,14,6,3,5,3,0,1,1,0,0,0,0,0,"13,28919","52,47065"
5799,195102,Berlin,4,2019,5,15,6,3,5,2,0,1,1,0,0,0,0,0,"13,31342","52,51512"
5800,195103,Berlin,5,2019,5,14,6,3,1,5,0,0,0,0,1,0,1,0,"13,19378","52,52525"
5801,195104,Berlin,1,2019,5,15,6,3,3,6,0,1,1,0,0,0,0,0,"13,35135","52,5329"
5802,195105,Berlin,6,2019,5,15,6,3,5,3,0,0,1,0,0,0,0,0,"13,33272","52,44036"
5803,195106,Berlin,1,2019,5,16,6,3,5,2,0,1,1,0,0,0,0,0,"13,35152","52,50956"
5804,195107,Berlin,1,2019,5,16,6,3,5,3,0,1,0,0,0,0,1,0,"13,36541","52,55711"
5805,195108,Berlin,4,2019,5,16,6,3,5,2,0,1,1,0,0,0,0,0,"13,31514","52,49086"
5806,195109,Berlin,10,2019,5,17,6,3,5,3,0,0,1,0,0,0,0,0,"13,53954","52,53981"
5807,195110,Berlin,3,2019,5,17,6,3,2,6,0,0,1,0,0,0,1,0,"13,43401","52,61058"
5808,195111,Berlin,7,2019,5,17,6,3,5,3,0,0,1,0,0,0,0,0,"13,35029","52,41436"
5809,195112,Berlin,12,2019,5,17,6,3,5,7,0,0,1,0,1,0,0,0,"13,35905","52,5698"
5810,195113,Berlin,7,2019,5,17,6,3,0,2,0,1,1,0,0,0,0,0,"13,37226","52,44444"
5811,195114,Berlin,9,2019,5,16,6,2,5,3,0,1,1,0,0,0,0,0,"13,71671","52,43812"
5812,195115,Berlin,2,2019,5,16,6,3,1,5,0,1,1,0,0,0,0,0,"13,42027","52,50267"
5813,195116,Berlin,5,2019,5,18,6,3,2,2,0,1,1,0,0,0,0,0,"13,18893","52,55993"
5814,195117,Berlin,2,2019,5,15,6,3,3,6,0,1,0,0,0,0,0,0,"13,45422","52,51396"
5815,195118,Berlin,3,2019,5,15,5,3,3,6,0,1,1,0,0,0,0,0,"13,39036","52,58371"
5816,195119,Berlin,2,2019,5,15,5,3,6,4,0,1,0,1,0,0,0,0,"13,40061","52,4943"
5817,195120,Berlin,12,2019,5,8,5,3,1,5,0,0,1,0,0,0,1,0,"13,35642","52,58339"
5818,195121,Berlin,10,2019,5,6,5,3,5,2,0,1,1,0,0,0,0,0,"13,59263","52,54737"
5819,195122,Berlin,11,2019,5,18,5,3,2,3,0,1,1,0,0,0,0,0,"13,5061","52,56373"
5820,195123,Berlin,1,2019,5,17,5,3,2,6,0,0,0,0,1,0,1,0,"13,376","52,5488"
5821,195124,Berlin,3,2019,5,15,5,3,3,2,0,1,1,0,0,0,0,0,"13,43886","52,55547"
5822,195125,Berlin,2,2019,5,23,5,3,2,6,2,0,1,0,0,0,0,0,"13,3981","52,49826"
5823,195126,Berlin,3,2019,5,8,5,3,2,6,0,0,1,0,0,0,0,0,"13,43107","52,59099"
5824,195127,Berlin,4,2019,5,11,5,3,5,3,0,0,1,0,0,0,0,0,"13,32004","52,47434"
5825,195128,Berlin,9,2019,5,8,5,3,6,2,0,0,1,1,0,0,0,0,"13,53009","52,41459"
5826,195129,Berlin,9,2019,5,11,5,3,5,2,0,0,1,0,0,0,0,0,"13,58186","52,44168"
5827,195130,Berlin,10,2019,5,9,5,3,3,6,0,0,1,0,1,0,0,0,"13,51682","52,53531"
5828,195131,Berlin,2,2019,5,11,5,3,2,6,0,0,1,0,1,0,0,0,"13,38023","52,49874"
5829,195132,Berlin,11,2019,5,9,5,3,5,3,0,1,1,0,0,0,0,0,"13,47962","52,51907"
5830,195133,Berlin,2,2019,5,13,5,3,3,6,0,1,0,0,0,0,0,0,"13,44187","52,52474"
5831,195134,Berlin,9,2019,5,9,5,2,5,2,0,1,0,0,0,1,0,0,"13,47886","52,47765"
5832,195135,Berlin,4,2019,5,13,5,2,2,7,0,0,1,0,1,0,0,0,"13,30148","52,54802"
5833,195136,Berlin,4,2019,5,13,5,3,0,1,0,1,0,0,0,0,0,0,"13,32652","52,50285"
5834,195137,Berlin,9,2019,5,9,5,2,6,4,0,0,1,1,0,0,0,0,"13,54917","52,43831"
5835,195138,Berlin,1,2019,5,9,5,3,2,6,0,0,1,0,0,0,1,0,"13,40358","52,52631"
5836,195139,Berlin,2,2019,5,22,5,3,5,3,2,1,1,0,0,0,0,0,"13,43043","52,49918"
5837,195140,Berlin,2,2019,5,21,5,3,5,3,2,0,1,0,0,0,0,0,"13,39947","52,49829"
5838,195141,Berlin,3,2019,5,21,5,3,0,7,2,0,1,0,0,0,0,0,"13,41057","52,53825"
5839,195142,Berlin,1,2019,5,20,5,3,5,2,0,0,1,0,0,0,1,0,"13,3814","52,55235"
5840,195143,Berlin,4,2019,5,18,5,3,3,6,0,1,1,0,0,0,0,0,"13,30163","52,51035"
5841,195144,Berlin,11,2019,5,17,5,3,5,2,0,1,1,0,0,0,1,0,"13,49395","52,54487"
5842,195145,Berlin,1,2019,5,17,5,3,3,6,0,1,0,0,0,0,0,0,"13,38901","52,51592"
5843,195146,Berlin,7,2019,5,16,5,3,6,3,0,1,0,1,0,0,0,0,"13,3537","52,49992"
5844,195147,Berlin,1,2019,5,16,5,3,5,3,0,1,1,0,0,0,0,0,"13,35904","52,50976"
5845,195148,Berlin,12,2019,5,15,5,3,2,6,0,1,1,0,0,0,0,0,"13,29477","52,63716"
5846,195149,Berlin,5,2019,5,15,5,3,2,6,0,0,1,0,0,0,0,0,"13,24817","52,54938"
5847,195150,Berlin,4,2019,5,15,5,3,5,7,0,1,1,0,0,0,0,0,"13,30132","52,51916"
5848,195151,Berlin,10,2019,5,14,5,3,5,7,0,0,1,0,0,0,0,0,"13,58569","52,54238"
5849,195152,Berlin,9,2019,5,13,5,3,2,2,0,0,1,0,0,0,0,0,"13,48039","52,4703"
5850,195153,Berlin,4,2019,5,13,5,3,2,6,0,0,1,0,1,0,0,0,"13,32359","52,48655"
5851,195154,Berlin,8,2019,5,17,5,3,0,1,0,0,0,0,1,0,0,0,"13,448","52,47884"
5852,195155,Berlin,11,2019,5,8,5,2,5,2,0,1,0,0,0,1,0,0,"13,47978","52,52307"
5853,195156,Berlin,8,2019,5,8,5,3,0,3,0,0,1,0,1,0,0,0,"13,44095","52,42456"
5854,195157,Berlin,6,2019,5,8,5,2,0,1,0,0,0,0,1,0,0,0,"13,34496","52,45895"
5855,195158,Berlin,3,2019,5,8,5,3,5,2,0,1,0,0,0,0,1,0,"13,41334","52,5487"
5856,195159,Berlin,5,2019,5,7,5,3,5,2,0,1,1,0,0,0,0,0,"13,24779","52,54721"
5857,195160,Berlin,5,2019,5,6,5,3,2,7,0,0,1,0,0,0,1,0,"13,12339","52,52843"
5858,195161,Berlin,1,2019,5,15,5,3,0,1,0,1,0,0,0,0,0,0,"13,33114","52,53089"
5859,195162,Berlin,7,2019,5,19,5,3,0,1,0,0,0,0,0,0,1,0,"13,34087","52,49973"
5860,195163,Berlin,1,2019,5,7,4,3,5,2,0,1,0,0,0,0,1,0,"13,37183","52,50924"
5861,195164,Berlin,6,2019,5,11,4,3,5,3,0,0,1,0,0,0,0,1,"13,31987","52,42658"
5862,195165,Berlin,2,2019,5,16,4,3,5,2,0,1,0,0,0,0,1,0,"13,43007","52,51013"
5863,195166,Berlin,1,2019,5,21,4,3,3,6,2,0,1,0,0,0,0,0,"13,32837","52,53405"
5864,195167,Berlin,7,2019,5,18,4,3,5,3,0,1,1,0,0,0,0,1,"13,34786","52,46494"
5865,195168,Berlin,6,2019,5,16,4,3,5,2,0,1,0,0,0,0,1,0,"13,29385","52,44557"
5866,195169,Berlin,7,2019,5,16,4,3,2,6,0,0,1,0,0,0,0,1,"13,34077","52,50266"
5867,195170,Berlin,2,2019,5,16,4,3,6,4,0,1,0,1,0,0,0,1,"13,38683","52,49296"
5868,195171,Berlin,1,2019,5,16,4,3,6,4,0,1,0,1,0,0,0,1,"13,41518","52,52095"
5869,195172,Berlin,1,2019,5,15,4,2,0,1,0,0,0,0,1,0,0,1,"13,40026","52,5225"
5870,195173,Berlin,4,2019,5,3,4,3,5,2,2,0,0,0,0,1,1,1,"13,28009","52,51834"
5871,195174,Berlin,5,2019,5,0,4,3,5,3,2,0,1,0,0,0,0,1,"13,15789","52,5332"
5872,195175,Berlin,6,2019,5,7,4,3,2,6,0,0,1,0,0,0,0,0,"13,31934","52,4303"
5873,195176,Berlin,6,2019,5,7,4,3,5,3,0,0,1,0,1,0,0,1,"13,31613","52,4411"
5874,195177,Berlin,3,2019,5,7,4,3,5,2,1,1,1,0,0,0,0,1,"13,42273","52,57997"
5875,195178,Berlin,6,2019,5,7,4,3,5,2,0,1,1,0,0,0,0,1,"13,27352","52,40991"
5876,195179,Berlin,9,2019,5,7,4,3,5,2,0,0,1,0,0,0,0,1,"13,5513","52,43996"
5877,195180,Berlin,8,2019,5,8,4,3,5,3,0,0,1,0,1,0,0,1,"13,44675","52,4271"
5878,195181,Berlin,11,2019,5,8,4,3,0,1,0,1,1,0,0,0,0,1,"13,49843","52,51501"
5879,195182,Berlin,4,2019,5,8,4,3,2,3,0,0,1,0,1,0,0,1,"13,32627","52,53798"
5880,195183,Berlin,1,2019,5,8,4,3,1,5,0,1,1,0,0,0,0,1,"13,35971","52,50986"
5881,195184,Berlin,1,2019,5,9,4,3,5,2,0,0,1,0,0,0,0,1,"13,35915","52,54647"
5882,195185,Berlin,8,2019,5,11,4,3,2,6,0,0,1,0,0,0,0,1,"13,4312","52,4677"
5883,195186,Berlin,4,2019,5,12,4,3,5,3,0,1,1,0,0,0,0,1,"13,31569","52,48643"
5884,195187,Berlin,2,2019,5,13,4,3,5,3,0,0,1,0,0,0,0,1,"13,42993","52,50352"
5885,195188,Berlin,9,2019,5,13,4,3,3,6,0,0,0,0,1,0,1,0,"13,5077","52,47491"
5886,195189,Berlin,8,2019,5,13,4,3,0,2,0,1,0,0,0,1,0,0,"13,4259","52,47821"
5887,195190,Berlin,11,2019,5,14,4,3,5,3,0,0,1,0,0,0,1,1,"13,51599","52,48807"
5888,195191,Berlin,3,2019,5,14,4,3,5,3,0,1,1,0,0,0,0,1,"13,43661","52,60704"
5889,195192,Berlin,7,2019,5,15,4,3,2,6,0,1,1,0,0,0,0,1,"13,41556","52,46462"
5890,195193,Berlin,4,2019,5,15,4,3,5,3,0,0,0,0,0,0,1,1,"13,22325","52,51014"
5891,195194,Berlin,3,2019,5,15,4,3,5,2,0,1,1,0,0,0,0,0,"13,45834","52,59335"
5892,195195,Berlin,2,2019,5,15,4,3,2,7,0,1,1,0,0,0,0,1,"13,43745","52,51954"
5893,195196,Berlin,5,2019,5,17,4,3,2,6,0,0,0,0,0,0,1,0,"13,26846","52,53666"
5894,195197,Berlin,9,2019,5,15,3,3,0,7,0,0,0,0,1,1,0,0,"13,62475","52,45689"
5895,195198,Berlin,2,2019,5,5,3,3,5,2,0,1,0,0,0,0,1,0,"13,45075","52,52713"
5896,195199,Berlin,7,2019,5,8,3,3,5,7,0,0,1,0,1,0,0,0,"13,36427","52,44663"
5897,195200,Berlin,4,2019,5,17,3,3,5,3,0,0,1,0,0,0,0,0,"13,27206","52,49877"
5898,195201,Berlin,3,2019,5,17,3,3,2,2,0,1,1,0,0,0,0,0,"13,39873","52,57055"
5899,195202,Berlin,9,2019,5,13,3,3,6,4,0,0,1,1,0,0,0,0,"13,57356","52,44439"
5900,195203,Berlin,3,2019,5,14,3,3,5,3,0,1,1,0,0,0,0,0,"13,4419","52,55026"
5901,195204,Berlin,12,2019,5,16,3,3,2,6,0,0,1,0,1,0,0,0,"13,30899","52,55712"
5902,195205,Berlin,4,2019,5,15,3,3,2,6,0,0,1,0,0,0,0,0,"13,27547","52,51882"
5903,195206,Berlin,1,2019,5,14,3,3,5,3,0,1,1,0,0,0,0,0,"13,33851","52,5301"
5904,195207,Berlin,1,2019,5,14,3,3,6,4,0,0,0,1,0,1,0,0,"13,36341","52,52462"
5905,195208,Berlin,3,2019,5,16,4,2,5,2,0,1,0,0,0,0,1,0,"13,41471","52,55617"
5906,195209,Berlin,9,2019,5,16,3,3,5,2,0,1,1,0,0,0,0,0,"13,50751","52,47495"
5907,195210,Berlin,6,2019,5,17,4,3,2,2,0,0,1,0,0,0,0,0,"13,2627","52,43925"
5908,195211,Berlin,1,2019,5,17,3,3,6,4,0,0,1,1,0,0,0,0,"13,41538","52,52271"
5909,195212,Berlin,4,2019,5,16,4,3,0,7,0,0,1,0,1,0,0,0,"13,30365","52,52529"
5910,195213,Berlin,4,2019,5,18,3,3,0,7,0,0,1,0,1,0,0,1,"13,32642","52,48743"
5911,195214,Berlin,9,2019,5,16,4,2,4,6,0,1,0,0,0,0,0,0,"13,54895","52,43027"
5912,195215,Berlin,2,2019,5,19,3,3,5,3,0,1,0,0,0,0,0,0,"13,37977","52,49626"
5913,195216,Berlin,11,2019,5,13,4,2,1,5,0,1,1,0,0,0,0,0,"13,46795","52,52832"
5914,195217,Berlin,9,2019,5,19,3,3,5,2,0,1,1,0,0,0,0,0,"13,5509","52,42904"
5915,195218,Berlin,2,2019,5,17,4,3,0,1,0,1,0,0,0,0,0,0,"13,455","52,51373"
5916,195219,Berlin,11,2019,5,0,3,3,2,6,2,0,0,0,1,0,1,0,"13,49975","52,52599"
5917,195220,Berlin,8,2019,5,19,3,3,2,1,0,1,1,0,1,0,0,0,"13,4454","52,48569"
5918,195221,Berlin,8,2019,5,14,4,3,5,2,0,0,1,0,1,0,0,0,"13,50346","52,41167"
5919,195222,Berlin,1,2019,5,13,3,3,2,6,0,0,1,0,0,0,1,0,"13,38022","52,52874"
5920,195223,Berlin,1,2019,5,14,4,3,6,2,0,0,1,1,0,0,0,0,"13,33927","52,52582"
5921,195224,Berlin,1,2019,5,19,3,3,0,6,1,0,1,0,0,0,1,0,"13,37011","52,54472"
5922,195225,Berlin,3,2019,5,11,3,3,6,4,0,0,1,1,0,0,0,0,"13,43353","52,55706"
5923,195226,Berlin,11,2019,5,14,4,3,2,6,0,0,0,0,0,1,1,0,"13,47755","52,51418"
5924,195227,Berlin,7,2019,5,11,3,3,1,5,0,0,1,0,0,0,1,0,"13,40348","52,39393"
5925,195228,Berlin,3,2019,5,16,4,3,5,2,0,1,1,0,0,0,0,0,"13,43156","52,60322"
5926,195229,Berlin,7,2019,5,10,3,2,1,5,0,1,0,0,0,0,1,0,"13,3492","52,49942"
5927,195230,Berlin,11,2019,5,15,4,3,1,5,0,0,1,0,0,0,1,0,"13,49768","52,51579"
5928,195231,Berlin,4,2019,5,11,3,3,1,7,0,0,1,0,0,0,0,0,"13,32735","52,50235"
5929,195232,Berlin,6,2019,5,15,4,3,1,5,0,1,1,0,0,0,0,0,"13,31861","52,46262"
5930,195233,Berlin,7,2019,5,10,3,3,5,3,0,1,1,0,0,0,0,0,"13,37825","52,46626"
5931,195234,Berlin,4,2019,5,10,3,3,0,4,0,1,0,1,0,0,0,0,"13,32207","52,48654"
5932,195235,Berlin,4,2019,5,15,4,3,5,3,0,0,1,0,0,0,0,0,"13,31074","52,47228"
5933,195236,Berlin,8,2019,5,15,4,3,5,3,0,1,1,0,0,0,0,0,"13,4257","52,47882"
5934,195237,Berlin,1,2019,5,10,3,3,1,5,0,1,1,0,0,0,0,0,"13,34992","52,52105"
5935,195238,Berlin,8,2019,5,17,4,3,5,3,0,0,1,0,0,0,0,0,"13,48823","52,41937"
5936,195239,Berlin,1,2019,5,9,3,3,5,2,0,0,1,0,0,0,1,0,"13,35629","52,5432"
5937,195240,Berlin,7,2019,5,15,4,3,6,4,0,0,1,1,0,0,0,0,"13,41751","52,46246"
5938,195241,Berlin,1,2019,5,9,3,3,3,6,0,0,1,0,0,0,0,0,"13,36283","52,55627"
5939,195242,Berlin,1,2019,5,9,3,3,5,2,0,0,1,0,0,0,1,0,"13,36788","52,52612"
5940,195243,Berlin,12,2019,5,15,4,3,0,3,0,0,1,0,0,0,0,0,"13,30662","52,57745"
5941,195244,Berlin,3,2019,5,15,4,3,0,2,0,1,1,0,0,0,0,0,"13,4051","52,56727"
5942,195245,Berlin,1,2019,5,9,3,3,5,2,0,1,1,0,0,0,0,0,"13,40977","52,52402"
5943,195246,Berlin,3,2019,5,8,3,3,2,6,0,0,1,0,0,0,1,0,"13,40298","52,55454"
5944,195247,Berlin,6,2019,5,16,4,3,2,3,0,0,1,0,0,0,0,0,"13,31911","52,45448"
5945,195248,Berlin,4,2019,5,8,3,3,5,2,0,1,1,0,0,0,0,0,"13,29036","52,49711"
5946,195249,Berlin,11,2019,5,16,4,3,5,2,0,1,1,0,0,0,0,0,"13,51383","52,55124"
5947,195250,Berlin,2,2019,5,8,3,3,5,2,0,1,0,0,0,0,1,0,"13,40585","52,48951"
5948,195251,Berlin,4,2019,5,8,3,3,5,2,0,0,1,0,0,0,0,0,"13,31389","52,48099"
5949,195252,Berlin,6,2019,5,15,4,3,5,3,0,0,1,0,1,0,0,0,"13,20935","52,43411"
5950,195253,Berlin,9,2019,5,7,3,3,5,2,0,0,1,0,0,0,0,0,"13,50645","52,44662"
5951,195254,Berlin,5,2019,5,15,4,2,5,2,0,0,1,0,0,0,1,0,"13,21583","52,52676"
5952,195255,Berlin,4,2019,5,8,3,3,0,3,0,0,1,0,1,0,0,0,"13,28196","52,51101"
5953,195256,Berlin,4,2019,5,7,4,3,2,6,0,1,0,0,0,0,0,0,"13,29158","52,51079"
5954,195257,Berlin,9,2019,5,7,3,2,2,6,0,0,1,0,1,0,0,0,"13,55465","52,44026"
5955,195258,Berlin,1,2019,5,23,4,3,0,1,2,0,1,0,1,0,0,0,"13,39525","52,54149"
5956,195259,Berlin,5,2019,5,7,3,3,2,6,0,0,1,0,0,0,0,0,"13,1233","52,52845"
5957,195260,Berlin,9,2019,5,6,3,3,5,3,0,0,1,0,0,0,0,1,"13,52144","52,46636"
5958,195261,Berlin,6,2019,5,7,4,3,2,6,0,0,1,0,0,0,0,0,"13,30998","52,4312"
5959,195262,Berlin,1,2019,5,7,4,3,2,3,0,1,1,0,0,0,0,0,"13,41639","52,52009"
5960,195263,Berlin,10,2019,5,22,3,3,5,2,2,0,1,0,0,0,1,1,"13,59176","52,537"
5961,195264,Berlin,6,2019,5,8,3,3,0,7,0,1,0,0,0,0,0,0,"13,25641","52,43847"