,id,city,district,year,month,hour,weekday,injury_level,collision,movement,light_conditions,bicycle,car,pedestrian,motorbike,truck,other_vehicle,road_conditions,longitude,latitude
6219,195522,Berlin,12,2019,6,10,1,3,4,5,0,0,1,0,0,0,0,0,"13,33619","52,58578"
6220,195523,Berlin,12,2019,6,7,6,2,5,2,0,1,0,0,0,1,0,0,"13,32368","52,58751"
6221,195524,Berlin,1,2019,6,10,1,3,5,2,0,0,1,0,0,0,0,0,"13,34504","52,53912"
6222,195525,Berlin,1,2019,6,11,1,3,5,3,0,0,1,0,0,0,1,0,"13,38411","52,55584"
6223,195526,Berlin,5,2019,6,12,6,3,5,3,0,1,1,0,0,0,0,0,"13,21885","52,55964"
6224,195527,Berlin,6,2019,6,12,1,2,2,1,0,0,1,0,0,0,0,0,"13,2943","52,41978"
6225,195528,Berlin,4,2019,6,12,6,3,0,6,0,0,1,0,1,0,0,0,"13,3241","52,49648"
6226,195529,Berlin,11,2019,6,1,1,3,0,1,2,0,0,0,1,0,0,0,"13,4772","52,52415"
6227,195530,Berlin,4,2019,6,11,6,3,5,2,0,0,1,0,1,0,0,0,"13,30162","52,473"
6228,195531,Berlin,8,2019,6,0,1,3,0,1,2,1,0,0,0,0,0,0,"13,43869","52,48231"
6229,195532,Berlin,8,2019,6,11,6,3,5,2,0,1,1,0,0,0,0,0,"13,42647","52,42061"
6230,195533,Berlin,2,2019,6,12,7,3,5,3,0,0,1,0,0,0,0,0,"13,4242","52,5136"
6231,195534,Berlin,3,2019,6,18,7,3,5,3,0,0,1,0,0,0,0,0,"13,40811","52,53038"
6232,195535,Berlin,9,2019,6,12,6,3,5,3,0,0,1,0,0,0,1,0,"13,58643","52,4449"
6233,195536,Berlin,3,2019,6,13,6,2,5,3,0,1,1,0,0,0,0,0,"13,47665","52,56049"
6234,195537,Berlin,6,2019,6,15,7,3,1,5,0,1,1,0,0,0,0,0,"13,32207","52,44445"
6235,195538,Berlin,10,2019,6,18,7,2,5,3,0,1,1,0,0,0,0,0,"13,57268","52,54989"
6236,195539,Berlin,9,2019,6,12,6,2,3,6,0,1,0,0,0,1,0,0,"13,56907","52,44458"
6237,195540,Berlin,7,2019,6,15,7,3,5,2,0,1,0,0,0,0,0,0,"13,38555","52,4782"
6238,195541,Berlin,4,2019,6,16,6,3,5,3,0,1,1,0,0,0,0,0,"13,26778","52,51227"
6239,195542,Berlin,1,2019,6,14,7,3,5,2,0,0,1,0,1,0,0,0,"13,33824","52,52644"
6240,195543,Berlin,1,2019,6,19,7,3,2,6,0,0,1,0,0,0,0,0,"13,37723","52,55628"
6241,195544,Berlin,8,2019,6,16,6,3,5,3,0,0,1,0,1,0,0,0,"13,43533","52,41674"
6242,195545,Berlin,2,2019,6,19,7,3,5,3,0,1,1,0,0,0,0,0,"13,41483","52,5025"
6243,195546,Berlin,4,2019,6,13,7,3,5,2,0,1,1,0,0,0,0,0,"13,33431","52,50545"
6244,195547,Berlin,3,2019,6,16,6,3,6,4,0,0,1,1,0,0,0,0,"13,48475","52,62176"
6245,195548,Berlin,11,2019,6,19,7,3,2,6,0,0,1,0,0,0,0,0,"13,52507","52,48052"
6246,195549,Berlin,9,2019,6,16,6,2,5,2,0,1,1,0,0,0,0,0,"13,58667","52,44042"
6247,195550,Berlin,4,2019,6,16,6,2,4,6,0,1,0,0,0,0,0,0,"13,27788","52,52656"
6248,195551,Berlin,7,2019,6,19,7,3,5,3,0,0,1,0,0,0,0,0,"13,34496","52,48677"
6249,195552,Berlin,2,2019,6,15,6,2,5,7,0,0,1,0,0,1,0,0,"13,41216","52,49852"
6250,195553,Berlin,2,2019,6,12,7,2,5,2,0,1,1,0,0,0,0,0,"13,43491","52,50449"
6251,195554,Berlin,4,2019,6,16,6,3,5,2,0,1,0,0,1,0,0,0,"13,32758","52,52067"
6252,195555,Berlin,6,2019,6,22,7,3,6,4,2,0,1,1,0,0,0,0,"13,25124","52,45013"
6253,195556,Berlin,7,2019,6,12,7,3,1,5,0,0,1,0,0,0,0,0,"13,41263","52,4026"
6254,195557,Berlin,7,2019,6,16,6,3,1,5,0,1,1,0,0,0,0,0,"13,35971","52,49892"
6255,195558,Berlin,4,2019,6,9,6,3,2,7,0,0,1,0,0,0,0,0,"13,29641","52,4849"
6256,195559,Berlin,5,2019,6,11,7,3,0,2,0,0,1,0,0,0,1,0,"13,20074","52,5386"
6257,195560,Berlin,5,2019,6,10,7,3,5,2,0,1,1,0,0,0,0,0,"13,2475","52,52458"
6258,195561,Berlin,3,2019,6,12,6,2,1,1,0,0,1,0,0,0,1,0,"13,44923","52,55236"
6259,195562,Berlin,1,2019,6,23,7,2,0,1,2,1,0,0,0,0,0,0,"13,4007","52,52364"
6260,195563,Berlin,2,2019,6,17,6,3,5,3,0,0,1,0,0,0,0,0,"13,39712","52,50036"
6261,195564,Berlin,8,2019,6,9,7,3,5,7,0,0,1,0,0,0,0,0,"13,45","52,44555"
6262,195565,Berlin,1,2019,6,9,7,2,5,2,0,1,0,0,0,1,0,0,"13,39589","52,53823"
6263,195566,Berlin,8,2019,6,15,6,3,6,2,0,0,1,1,0,0,0,0,"13,42752","52,4743"
6264,195567,Berlin,4,2019,5,5,6,3,5,2,0,1,1,0,0,0,0,0,"13,29821","52,49132"
6265,195568,Berlin,3,2019,5,7,6,3,5,3,0,0,1,0,1,0,0,0,"13,44059","52,55376"
6266,195569,Berlin,2,2019,6,23,6,2,5,3,2,0,1,0,0,0,0,0,"13,39932","52,50466"
6267,195570,Berlin,4,2019,5,9,6,3,5,2,0,1,1,0,0,0,0,0,"13,30989","52,52578"
6268,195571,Berlin,11,2019,6,15,6,3,5,2,0,0,1,0,1,0,0,0,"13,54434","52,56687"
6269,195572,Berlin,4,2019,5,9,6,3,5,2,0,0,1,0,0,0,0,0,"13,3021","52,50795"
6270,195573,Berlin,7,2019,5,15,6,3,2,6,0,0,1,0,0,0,0,0,"13,40255","52,44736"
6271,195574,Berlin,7,2019,6,11,6,3,1,5,0,1,1,0,0,0,1,0,"13,38341","52,44542"
6272,195575,Berlin,3,2019,6,11,6,3,2,1,0,0,1,0,0,0,0,0,"13,44277","52,55108"
6273,195576,Berlin,12,2019,5,15,6,3,5,3,0,0,1,0,0,0,0,0,"13,31871","52,57416"
6274,195577,Berlin,7,2019,5,15,6,3,5,2,0,1,1,0,0,0,0,0,"13,38447","52,47157"
6275,195578,Berlin,4,2019,6,18,6,3,0,7,0,1,0,0,0,0,0,0,"13,29382","52,51675"
6276,195579,Berlin,9,2019,5,13,6,3,5,3,0,1,1,0,0,0,0,0,"13,56534","52,3976"
6277,195580,Berlin,2,2019,6,10,6,2,6,4,0,1,0,1,0,0,0,0,"13,41705","52,49882"
6278,195581,Berlin,12,2019,5,13,6,2,5,2,0,0,1,0,0,0,0,0,"13,32612","52,56166"
6279,195582,Berlin,12,2019,5,16,6,3,5,3,0,0,1,0,0,0,0,0,"13,33923","52,59583"
6280,195583,Berlin,4,2019,5,17,6,2,2,6,0,0,1,0,0,0,0,0,"13,28203","52,53381"
6281,195584,Berlin,12,2019,6,15,6,3,1,5,0,0,1,0,0,0,0,0,"13,28247","52,63039"
6282,195585,Berlin,9,2019,5,17,6,2,5,2,0,1,1,0,0,0,0,0,"13,48396","52,47416"
6283,195586,Berlin,3,2019,6,10,6,3,5,2,0,0,1,0,1,0,0,0,"13,40504","52,54802"
6284,195587,Berlin,2,2019,5,19,6,3,5,7,0,1,0,0,0,0,1,0,"13,41638","52,49126"
6285,195588,Berlin,5,2019,6,9,6,3,1,5,0,1,1,0,0,0,1,0,"13,23248","52,5384"
6286,195589,Berlin,2,2019,5,19,6,3,0,6,0,0,1,0,0,0,1,0,"13,41275","52,49188"
6287,195590,Berlin,2,2019,6,9,6,3,5,3,0,1,1,0,0,0,0,0,"13,41628","52,50173"
6288,195591,Berlin,12,2019,5,20,6,3,5,2,0,0,1,0,0,0,0,1,"13,3277","52,56404"
6289,195592,Berlin,9,2019,6,15,6,3,5,3,0,1,1,0,0,0,0,0,"13,51065","52,45033"
6290,195593,Berlin,7,2019,5,21,6,3,2,6,2,0,1,0,0,0,1,1,"13,40043","52,45917"
6291,195594,Berlin,7,2019,6,15,6,3,1,5,0,1,1,0,0,0,0,0,"13,40458","52,38667"
6292,195595,Berlin,2,2019,5,18,6,3,0,1,0,1,0,0,0,0,0,0,"13,40718","52,48602"
6293,195596,Berlin,6,2019,5,9,6,3,2,2,0,0,1,0,0,0,1,0,"13,30829","52,45977"
6294,195597,Berlin,4,2019,6,14,6,3,5,2,0,1,1,0,0,0,0,0,"13,32399","52,54241"
6295,195598,Berlin,9,2019,5,10,6,3,5,2,0,1,1,0,0,0,0,0,"13,69943","52,43585"
6296,195599,Berlin,4,2019,6,14,6,3,5,2,0,1,1,0,0,0,0,0,"13,30221","52,51867"
6297,195600,Berlin,3,2019,5,12,6,3,2,6,0,0,1,0,0,0,0,0,"13,42214","52,53544"
6298,195601,Berlin,1,2019,5,12,6,3,0,7,0,1,0,0,0,0,1,1,"13,41937","52,50579"
6299,195602,Berlin,3,2019,6,14,6,2,5,2,0,1,1,0,0,0,0,0,"13,40561","52,55119"
6300,195603,Berlin,1,2019,5,12,6,3,2,6,0,0,1,0,0,0,0,0,"13,35868","52,55373"
6301,195604,Berlin,6,2019,6,13,6,3,1,5,0,1,1,0,0,0,0,0,"13,34692","52,43707"
6302,195605,Berlin,2,2019,5,12,6,3,2,6,0,0,1,0,0,0,1,0,"13,4387","52,50277"
6303,195606,Berlin,6,2019,6,14,6,3,2,6,0,0,1,0,0,1,0,0,"13,27014","52,4501"
6304,195607,Berlin,1,2019,5,12,6,3,0,7,0,0,0,0,1,0,1,1,"13,41938","52,50575"
6305,195608,Berlin,1,2019,6,10,6,3,2,6,0,0,1,0,0,1,0,0,"13,33568","52,54209"
6306,195609,Berlin,12,2019,5,23,6,3,2,6,2,0,1,0,0,0,0,1,"13,33987","52,58803"
6307,195610,Berlin,1,2019,5,21,6,3,0,1,2,0,0,0,1,0,0,1,"13,37937","52,52946"
6308,195611,Berlin,1,2019,6,8,6,3,1,1,0,0,1,0,0,0,0,0,"13,3343","52,52456"
6309,195612,Berlin,11,2019,6,8,6,1,6,4,0,0,0,1,0,1,0,0,"13,52351","52,47895"
6310,195613,Berlin,2,2019,5,18,5,3,6,7,0,0,1,1,0,0,0,0,"13,38688","52,50273"
6311,195614,Berlin,8,2019,6,16,5,3,0,2,0,1,0,0,0,0,1,1,"13,456","52,48406"
6312,195615,Berlin,7,2019,5,18,5,2,5,2,0,0,1,0,1,0,0,0,"13,41234","52,39439"
6313,195616,Berlin,2,2019,6,18,5,3,3,6,0,1,1,0,0,0,0,0,"13,38814","52,50657"
6314,195617,Berlin,4,2019,5,17,5,3,6,4,0,0,1,1,0,0,0,0,"13,31447","52,47412"
6315,195618,Berlin,10,2019,5,17,5,2,5,3,0,1,1,0,0,0,0,0,"13,60474","52,53226"
6316,195619,Berlin,12,2019,6,15,5,3,2,6,0,0,1,0,0,0,0,0,"13,29057","52,5816"
6317,195620,Berlin,9,2019,6,7,5,3,5,2,0,1,1,0,0,0,0,0,"13,57695","52,44435"
6318,195621,Berlin,3,2019,5,16,5,3,5,3,0,0,1,0,0,0,0,0,"13,38821","52,58418"
6319,195622,Berlin,10,2019,5,16,5,2,5,3,0,1,1,0,0,0,0,0,"13,59905","52,5284"
6320,195623,Berlin,9,2019,6,7,5,3,5,2,0,1,1,0,0,0,0,0,"13,55087","52,42905"
6321,195624,Berlin,1,2019,5,18,5,3,5,2,0,1,1,0,0,0,0,0,"13,33926","52,52585"
6322,195625,Berlin,5,2019,6,6,5,3,5,3,0,0,1,0,1,0,0,0,"13,20831","52,562"
6323,195626,Berlin,12,2019,5,16,5,3,0,1,0,1,0,0,0,0,0,0,"13,29544","52,64324"
6324,195627,Berlin,10,2019,5,16,5,3,5,7,0,0,1,0,0,0,0,0,"13,56562","52,57044"
6325,195628,Berlin,8,2019,6,6,5,3,5,2,0,1,0,0,1,0,0,0,"13,46437","52,47021"
6326,195629,Berlin,2,2019,5,23,5,2,6,4,2,0,1,1,0,0,0,0,"13,43438","52,50855"
6327,195630,Berlin,1,2019,6,21,5,3,5,7,2,1,1,0,0,0,0,1,"13,36534","52,5571"
6328,195631,Berlin,8,2019,5,22,5,3,5,7,2,1,1,0,0,0,0,0,"13,43413","52,46669"
6329,195632,Berlin,8,2019,6,21,5,3,2,6,1,1,1,0,0,0,0,1,"13,42833","52,47307"
6330,195633,Berlin,4,2019,5,20,5,3,5,3,1,1,1,0,0,0,0,0,"13,31512","52,49089"
6331,195634,Berlin,4,2019,6,21,5,3,6,4,1,0,1,1,0,0,0,1,"13,32013","52,50615"
6332,195635,Berlin,3,2019,5,20,5,3,5,2,1,1,1,0,0,0,0,0,"13,49207","52,55872"
6333,195636,Berlin,1,2019,5,19,5,3,1,5,0,1,1,0,0,0,0,0,"13,34493","52,52513"
6334,195637,Berlin,8,2019,6,12,5,2,6,2,0,0,1,1,0,0,0,0,"13,49562","52,41521"
6335,195638,Berlin,3,2019,6,23,5,3,5,3,2,0,1,0,0,0,0,1,"13,43024","52,55097"
6336,195639,Berlin,10,2019,5,18,5,3,2,6,0,1,0,0,0,0,0,0,"13,56188","52,49382"
6337,195640,Berlin,10,2019,5,18,5,3,5,3,0,0,1,0,0,0,0,0,"13,57369","52,48496"
6338,195641,Berlin,3,2019,6,15,5,3,0,7,0,0,1,0,0,0,0,0,"13,47083","52,58363"
6339,195642,Berlin,1,2019,5,15,5,3,3,6,0,1,1,0,0,0,0,0,"13,38832","52,51995"
6340,195643,Berlin,8,2019,6,15,5,3,5,2,0,0,1,0,0,0,0,1,"13,43367","52,48209"
6341,195644,Berlin,4,2019,5,15,5,3,5,3,0,0,1,0,0,0,0,0,"13,26029","52,51653"
6342,195645,Berlin,1,2019,6,15,5,3,1,5,0,1,1,0,0,0,1,1,"13,32081","52,52582"
6343,195646,Berlin,3,2019,5,14,5,3,2,2,0,0,1,0,0,0,0,0,"13,38502","52,59756"
6344,195647,Berlin,7,2019,6,13,5,2,2,6,0,1,1,0,0,0,0,0,"13,36161","52,41579"
6345,195648,Berlin,4,2019,5,14,5,3,2,6,0,0,1,0,0,0,0,0,"13,30821","52,48792"
6346,195649,Berlin,11,2019,6,12,5,2,6,2,0,0,1,1,0,0,0,0,"13,48587","52,51847"
6347,195650,Berlin,11,2019,5,13,5,3,6,2,0,0,0,1,0,0,1,0,"13,50051","52,51063"
6348,195651,Berlin,2,2019,6,12,5,3,5,2,0,1,1,0,0,0,0,0,"13,43655","52,52336"
6349,195652,Berlin,5,2019,5,13,5,2,1,5,0,1,1,0,0,0,0,0,"13,1819","52,4872"
6350,195653,Berlin,6,2019,5,10,5,2,5,7,0,0,1,0,1,0,0,0,"13,30913","52,43087"
6351,195654,Berlin,1,2019,6,12,5,3,5,2,0,0,1,0,1,0,0,0,"13,36501","52,52598"
6352,195655,Berlin,5,2019,5,6,5,2,1,5,0,0,1,0,0,0,0,0,"13,1878","52,52767"
6353,195656,Berlin,9,2019,6,12,5,3,2,6,0,0,1,0,0,0,0,0,"13,51237","52,47077"
6354,195657,Berlin,12,2019,5,16,4,3,2,6,0,0,1,0,0,0,0,0,"13,25204","52,59972"
6355,195658,Berlin,2,2019,6,11,5,2,5,7,0,1,1,0,0,0,0,0,"13,39291","52,48921"
6356,195659,Berlin,4,2019,5,18,4,3,2,2,0,1,1,0,0,0,0,0,"13,32611","52,53835"
6357,195660,Berlin,6,2019,6,11,5,3,5,2,0,0,1,0,1,0,0,0,"13,22198","52,43079"
6358,195661,Berlin,2,2019,5,18,4,3,5,2,0,1,0,0,0,0,1,0,"13,4467","52,50261"
6359,195662,Berlin,1,2019,5,16,4,3,3,6,0,0,1,0,1,0,0,0,"13,3432","52,52767"
6360,195663,Berlin,10,2019,6,11,5,3,2,6,0,0,1,0,0,0,0,0,"13,56472","52,54475"
6361,195664,Berlin,9,2019,6,7,5,3,6,2,0,0,1,1,0,0,0,0,"13,63278","52,45665"
6362,195665,Berlin,9,2019,5,23,4,3,0,1,2,1,0,0,0,0,0,0,"13,56707","52,45513"
6363,195666,Berlin,4,2019,5,17,4,3,6,4,0,0,1,1,0,0,0,0,"13,30488","52,51411"
6364,195667,Berlin,2,2019,6,10,5,3,5,5,0,0,1,0,1,0,0,0,"13,45369","52,51227"
6365,195668,Berlin,1,2019,5,20,4,3,0,2,1,1,0,0,0,1,0,0,"13,38991","52,5103"
6366,195669,Berlin,4,2019,6,10,5,3,2,2,0,0,1,0,0,0,0,0,"13,33575","52,51365"
6367,195670,Berlin,4,2019,5,18,4,3,5,3,0,1,1,0,0,0,0,0,"13,33101","52,49293"
6368,195671,Berlin,9,2019,5,18,4,2,5,2,0,0,1,0,0,0,0,0,"13,48125","52,46079"
6369,195672,Berlin,4,2019,6,9,5,3,6,2,0,1,0,1,0,0,0,0,"13,32452","52,49794"
6370,195673,Berlin,2,2019,5,23,4,3,5,3,2,0,1,0,0,0,0,0,"13,38795","52,49299"
6371,195674,Berlin,11,2019,5,22,4,3,5,2,2,0,1,0,0,0,0,0,"13,48835","52,50213"
6372,195675,Berlin,11,2019,6,9,5,2,6,4,0,0,0,1,0,0,1,0,"13,50753","52,56426"
6373,195676,Berlin,3,2019,5,21,4,3,5,2,1,1,1,0,0,0,0,0,"13,42755","52,56794"
6374,195677,Berlin,3,2019,5,18,4,3,0,2,0,0,1,0,1,0,0,0,"13,41823","52,54652"
6375,195678,Berlin,4,2019,6,19,5,3,2,6,0,1,0,0,1,0,0,1,"13,31328","52,50226"
6376,195679,Berlin,1,2019,5,18,4,3,5,2,0,1,1,0,0,0,0,0,"13,36686","52,55215"
6377,195680,Berlin,1,2019,6,18,5,3,0,1,0,1,0,0,0,0,0,1,"13,40298","52,52442"
6378,195681,Berlin,5,2019,5,15,4,3,6,2,0,0,1,1,0,0,0,0,"13,19758","52,5317"
6379,195682,Berlin,1,2019,6,18,5,3,0,3,0,1,0,0,1,0,0,1,"13,39567","52,52899"
6380,195683,Berlin,10,2019,5,18,4,3,5,3,0,1,1,0,0,0,0,0,"13,57667","52,49397"
6381,195684,Berlin,5,2019,6,18,5,3,0,2,0,1,1,0,0,0,0,1,"13,19529","52,53553"
6382,195685,Berlin,6,2019,5,9,4,2,3,6,0,0,1,0,1,0,0,0,"13,31824","52,45437"
6383,195686,Berlin,2,2019,5,11,4,3,5,3,0,1,1,0,0,0,0,0,"13,43006","52,50353"
6384,195687,Berlin,1,2019,6,18,5,2,5,3,1,1,1,0,0,0,0,1,"13,39046","52,5077"
6385,195688,Berlin,12,2019,6,18,5,3,5,2,0,1,1,0,0,0,0,1,"13,35836","52,60141"
6386,195689,Berlin,4,2019,5,18,4,3,2,6,0,0,1,0,0,0,0,0,"13,30704","52,49941"
6387,195690,Berlin,4,2019,5,11,4,3,5,2,0,0,1,0,0,1,0,0,"13,27881","52,47769"
6388,195691,Berlin,6,2019,6,18,5,2,6,4,0,0,1,1,0,0,0,1,"13,25189","52,44851"
6389,195692,Berlin,7,2019,5,11,4,3,5,7,0,0,1,0,0,0,0,0,"13,35394","52,50013"
6390,195693,Berlin,1,2019,6,18,5,3,0,1,0,0,0,0,1,0,0,1,"13,37584","52,52844"
6391,195694,Berlin,5,2019,5,11,4,3,5,2,0,0,1,0,1,0,0,0,"13,19852","52,5397"
6392,195695,Berlin,2,2019,6,17,5,2,6,4,0,0,0,1,1,0,0,1,"13,41836","52,49998"
6393,195696,Berlin,2,2019,5,12,4,3,1,5,0,1,1,0,0,0,1,0,"13,44227","52,50416"
6394,195697,Berlin,12,2019,6,16,5,2,0,1,0,1,0,0,0,0,0,1,"13,24688","52,62225"
6395,195698,Berlin,9,2019,5,17,4,3,2,6,0,1,1,0,0,0,0,0,"13,47565","52,45636"
6396,195699,Berlin,4,2019,5,17,4,2,6,4,0,0,1,1,0,0,0,0,"13,26089","52,51699"
6397,195700,Berlin,1,2019,6,16,5,3,6,4,0,0,1,1,0,0,0,1,"13,32806","52,52586"
6398,195701,Berlin,7,2019,6,15,5,3,1,5,0,0,1,0,0,0,0,1,"13,38888","52,43921"
6399,195702,Berlin,6,2019,5,17,4,3,5,3,0,0,1,0,0,0,1,0,"13,32746","52,42272"
6400,195703,Berlin,4,2019,6,17,5,3,5,3,0,1,1,0,0,0,0,0,"13,30099","52,51525"
6401,195704,Berlin,1,2019,6,17,5,3,4,6,0,0,0,0,1,1,0,0,"13,37698","52,55733"
6402,195705,Berlin,4,2019,6,17,5,3,5,3,0,0,1,0,0,0,0,0,"13,2957","52,53037"
6403,195706,Berlin,12,2019,6,17,5,3,5,3,0,1,1,0,0,0,0,0,"13,36189","52,56859"
6404,195707,Berlin,1,2019,6,16,5,3,5,3,0,0,1,0,0,0,1,0,"13,42198","52,50508"
6405,195708,Berlin,6,2019,6,16,5,3,5,2,0,1,1,0,0,0,0,0,"13,27901","52,43094"
6406,195709,Berlin,4,2019,6,16,5,2,5,3,0,1,1,0,0,0,0,0,"13,31335","52,51518"
6407,195710,Berlin,3,2019,6,16,5,3,5,2,0,1,1,0,0,0,0,0,"13,4973","52,63433"
6408,195711,Berlin,1,2019,6,16,5,3,5,2,0,0,1,0,1,0,0,0,"13,38061","52,53253"
6409,195712,Berlin,10,2019,6,20,5,3,2,6,0,0,1,0,1,0,0,0,"13,59072","52,52944"
6410,195713,Berlin,2,2019,6,20,5,3,5,3,0,1,1,0,0,0,0,0,"13,47392","52,51017"
6411,195714,Berlin,2,2019,6,19,5,3,5,3,0,1,1,0,0,0,0,0,"13,45227","52,52746"
6412,195715,Berlin,11,2019,6,19,5,3,2,2,0,0,1,0,0,0,0,0,"13,48661","52,50239"
6413,195716,Berlin,5,2019,6,19,5,3,1,5,0,0,1,0,0,0,1,0,"13,19698","52,52104"
6414,195717,Berlin,10,2019,6,18,5,3,2,6,0,0,1,0,0,0,1,0,"13,598","52,54756"
6415,195718,Berlin,6,2019,6,18,5,3,0,7,0,1,0,0,0,0,0,0,"13,27849","52,46816"
6416,195719,Berlin,1,2019,6,18,5,3,5,3,0,1,1,0,0,0,0,0,"13,34354","52,53218"
6417,195720,Berlin,1,2019,6,18,5,3,0,1,0,1,0,0,0,0,0,0,"13,39877","52,53259"
6418,195721,Berlin,7,2019,6,18,5,3,0,2,0,1,1,0,0,0,0,0,"13,34805","52,41478"
6419,195722,Berlin,9,2019,6,15,5,3,6,7,0,1,0,1,0,0,0,0,"13,52336","52,46276"
6420,195723,Berlin,9,2019,6,17,5,3,2,6,0,0,1,0,1,0,0,0,"13,55849","52,45396"
6421,195724,Berlin,2,2019,6,15,5,3,6,4,0,0,1,1,0,0,0,0,"13,46207","52,51902"
6422,195725,Berlin,9,2019,6,15,5,3,2,6,0,0,1,0,0,0,0,0,"13,51258","52,46277"
6423,195726,Berlin,2,2019,6,15,5,3,5,7,0,0,1,0,0,0,0,0,"13,4105","52,49845"
6424,195727,Berlin,10,2019,6,6,5,2,5,2,0,1,1,0,0,0,0,0,"13,54522","52,5536"
6425,195728,Berlin,3,2019,6,7,5,2,5,3,0,1,1,0,0,0,0,0,"13,41395","52,58297"
6426,195729,Berlin,1,2019,6,14,5,3,6,4,0,0,1,1,0,0,0,0,"13,34743","52,51558"
6427,195730,Berlin,11,2019,6,7,5,3,3,6,0,0,1,0,1,0,0,1,"13,4752","52,50155"
6428,195731,Berlin,2,2019,6,7,5,3,3,6,0,1,0,0,0,0,1,0,"13,44405","52,49998"
6429,195732,Berlin,6,2019,6,7,5,3,3,6,0,0,1,0,1,0,0,0,"13,35371","52,44741"
6430,195733,Berlin,6,2019,6,7,5,2,5,2,0,0,1,0,1,0,0,1,"13,25074","52,43506"
6431,195734,Berlin,1,2019,6,8,5,3,5,3,0,1,1,0,0,0,0,0,"13,36817","52,55006"
6432,195735,Berlin,11,2019,6,8,5,3,6,4,0,0,1,1,0,0,0,0,"13,51614","52,54499"
6433,195736,Berlin,9,2019,6,8,5,3,5,2,0,1,1,0,0,0,0,0,"13,45406","52,4889"
6434,195737,Berlin,9,2019,6,9,5,3,5,2,0,1,1,0,0,0,0,0,"13,50918","52,47342"
6435,195738,Berlin,1,2019,6,14,5,3,5,7,0,0,1,0,1,0,0,0,"13,39463","52,51511"
6436,195739,Berlin,1,2019,6,10,5,3,5,3,0,1,1,0,0,0,0,0,"13,38044","52,51809"
6437,195740,Berlin,11,2019,6,10,5,2,5,3,0,1,0,0,0,1,0,0,"13,52461","52,49603"
6438,195741,Berlin,4,2019,6,12,5,3,2,6,0,1,1,0,0,0,0,0,"13,2718","52,47984"
6439,195742,Berlin,3,2019,6,12,5,3,1,5,0,1,1,0,0,0,0,0,"13,46787","52,55146"
6440,195743,Berlin,2,2019,6,12,5,3,0,3,0,1,0,0,0,1,0,0,"13,39781","52,49539"
6441,195744,Berlin,4,2019,6,8,5,2,0,1,0,1,0,0,0,0,0,0,"13,30379","52,49931"
6442,195745,Berlin,4,2019,6,16,5,3,5,3,0,1,0,0,0,0,1,0,"13,22868","52,50425"
6443,195746,Berlin,6,2019,6,15,4,3,6,7,0,0,0,1,1,0,0,0,"13,2892","52,43521"
6444,195747,Berlin,1,2019,6,11,4,3,6,4,0,1,0,1,0,0,0,0,"13,39023","52,53554"
6445,195748,Berlin,1,2019,6,19,4,3,0,1,0,0,0,0,1,0,0,1,"13,38258","52,53045"
6446,195749,Berlin,8,2019,6,19,4,3,0,1,1,1,0,0,0,0,0,1,"13,47314","52,46456"
6447,195750,Berlin,3,2019,6,11,4,2,4,6,0,0,1,0,0,1,0,0,"13,50632","52,63624"
6448,195751,Berlin,2,2019,6,8,4,3,0,1,0,0,0,0,1,0,0,1,"13,3767","52,48922"
6449,195752,Berlin,1,2019,6,23,4,3,0,2,2,1,1,0,0,0,0,1,"13,39148","52,55549"
6450,195753,Berlin,1,2019,6,22,4,3,0,3,2,0,1,0,1,0,0,1,"13,3733","52,53804"
6451,195754,Berlin,12,2019,6,22,4,3,5,3,2,0,1,0,0,0,0,1,"13,34114","52,60009"
6452,195755,Berlin,6,2019,6,15,4,3,5,2,0,0,1,0,1,0,0,0,"13,33866","52,44902"
6453,195756,Berlin,10,2019,6,15,4,2,6,4,0,0,1,1,0,0,0,0,"13,59189","52,54567"
6454,195757,Berlin,7,2019,6,15,4,3,0,7,0,0,1,0,0,0,1,0,"13,39416","52,45669"
6455,195758,Berlin,1,2019,6,16,4,3,6,4,0,1,0,1,0,0,0,0,"13,37897","52,50703"
6456,195759,Berlin,9,2019,6,18,4,3,5,2,0,1,1,0,0,0,0,1,"13,57718","52,45577"
6457,195760,Berlin,9,2019,6,18,4,3,6,4,0,0,1,1,0,0,0,1,"13,56412","52,43821"
6458,195761,Berlin,4,2019,6,18,4,3,5,3,0,1,1,0,0,0,0,1,"13,30193","52,52129"
6459,195762,Berlin,11,2019,6,19,4,3,0,7,0,0,1,0,0,0,0,1,"13,49162","52,51145"
6460,195763,Berlin,8,2019,6,18,4,3,5,2,0,0,0,0,1,0,1,0,"13,45068","52,48006"
6461,195764,Berlin,5,2019,6,17,4,3,6,4,0,1,0,1,0,0,0,0,"13,15468","52,55327"
6462,195765,Berlin,3,2019,6,16,4,3,6,4,0,1,0,1,0,0,0,0,"13,45646","52,53016"
6463,195766,Berlin,3,2019,6,16,4,3,5,3,0,0,1,0,0,0,1,0,"13,42756","52,56794"
6464,195767,Berlin,8,2019,6,22,4,3,2,6,2,0,1,0,0,0,0,1,"13,42422","52,48669"
6465,195768,Berlin,3,2019,6,20,4,3,5,3,1,1,1,0,0,0,0,1,"13,45271","52,55187"
6466,195769,Berlin,5,2019,6,16,4,3,2,6,0,0,1,0,0,0,0,0,"13,17809","52,52547"
6467,195770,Berlin,1,2019,6,20,4,3,1,5,0,1,1,0,0,0,0,1,"13,38076","52,5137"
6468,195771,Berlin,1,2019,6,19,4,2,5,7,0,0,1,0,0,0,1,1,"13,39541","52,53915"
6469,195772,Berlin,8,2019,6,18,4,3,0,1,1,1,0,0,0,0,0,1,"13,45834","52,4312"
6470,195773,Berlin,1,2019,6,10,4,3,1,5,0,1,1,0,0,0,1,0,"13,40323","52,52484"
6471,195774,Berlin,6,2019,6,13,4,3,5,2,0,1,1,0,0,0,0,0,"13,30727","52,43327"
6472,195775,Berlin,5,2019,6,14,4,3,5,2,0,1,1,0,0,0,0,0,"13,20973","52,54781"
6473,195776,Berlin,6,2019,6,14,4,3,5,3,0,0,1,0,0,0,0,0,"13,20746","52,43183"
6474,195777,Berlin,2,2019,6,12,4,3,2,6,0,1,1,0,0,0,0,0,"13,41369","52,50043"
6475,195778,Berlin,2,2019,6,13,4,3,5,2,0,0,1,0,1,0,0,0,"13,4474","52,49813"
6476,195779,Berlin,1,2019,6,13,4,3,5,3,0,1,1,0,0,0,0,0,"13,35105","52,5298"