,id,city,district,year,month,hour,weekday,injury_level,collision,movement,light_conditions,bicycle,car,pedestrian,motorbike,truck,other_vehicle,road_conditions,longitude,latitude
6477,195780,Berlin,4,2019,6,13,4,3,5,3,0,1,1,0,0,0,0,0,"13,28147","52,51146"
6478,195781,Berlin,6,2019,6,15,4,3,5,2,0,1,1,0,0,0,0,0,"13,34806","52,42391"
6479,195782,Berlin,4,2019,6,15,4,3,2,6,0,0,1,0,0,0,0,0,"13,33098","52,49403"
6480,195783,Berlin,4,2019,6,12,4,2,5,3,0,1,1,0,0,0,0,0,"13,29293","52,50932"
6481,195784,Berlin,6,2019,6,13,4,3,2,6,0,0,1,0,0,0,0,0,"13,3375","52,41674"
6482,195785,Berlin,3,2019,6,10,4,3,5,7,0,0,1,0,0,0,1,0,"13,47761","52,55574"
6483,195786,Berlin,1,2019,6,19,4,3,3,6,0,0,1,0,0,0,0,1,"13,38066","52,55268"
6484,195787,Berlin,2,2019,6,19,4,3,0,5,0,1,1,0,0,0,0,1,"13,41061","52,49082"
6485,195788,Berlin,11,2019,6,4,4,3,0,7,1,0,0,0,1,0,1,1,"13,47949","52,52689"
6486,195789,Berlin,4,2019,6,5,4,3,0,3,0,0,1,0,1,0,0,1,"13,32003","52,47434"
6487,195790,Berlin,1,2019,6,6,4,3,5,3,0,0,1,0,0,0,0,1,"13,39164","52,51222"
6488,195791,Berlin,9,2019,6,6,4,3,5,3,0,0,1,0,0,0,0,0,"13,52054","52,46542"
6489,195792,Berlin,10,2019,6,10,4,3,5,3,0,1,1,0,0,0,0,0,"13,51947","52,53538"
6490,195793,Berlin,4,2019,6,6,4,3,2,7,0,0,0,0,1,1,0,1,"13,32758","52,52066"
6491,195794,Berlin,4,2019,6,7,4,3,5,7,0,0,1,0,0,0,0,0,"13,30797","52,48847"
6492,195795,Berlin,11,2019,6,7,4,3,5,2,0,1,1,0,0,0,0,0,"13,48181","52,52679"
6493,195796,Berlin,5,2019,6,8,4,3,5,2,0,1,1,0,0,0,0,1,"13,1616","52,52354"
6494,195797,Berlin,2,2019,6,9,4,3,3,6,0,1,0,0,0,0,0,0,"13,39247","52,49603"
6495,195798,Berlin,1,2019,6,9,4,3,5,2,0,1,1,0,0,0,0,0,"13,40975","52,52402"
6496,195799,Berlin,9,2019,6,9,4,3,2,6,0,0,1,0,0,1,0,0,"13,58047","52,4434"
6497,195800,Berlin,2,2019,6,9,4,3,5,2,0,0,1,0,1,0,0,0,"13,4215","52,49816"
6498,195801,Berlin,6,2019,6,8,4,3,5,3,0,1,1,0,0,0,0,0,"13,29383","52,44559"
6499,195802,Berlin,4,2019,6,9,4,3,6,4,0,0,1,1,0,0,0,0,"13,3061","52,52649"
6500,195803,Berlin,3,2019,6,8,4,3,1,5,0,0,1,0,0,0,0,0,"13,46734","52,52299"
6501,195804,Berlin,3,2019,6,9,4,3,2,6,0,1,0,0,0,0,1,0,"13,43122","52,55094"
6502,195805,Berlin,7,2019,6,8,4,3,6,4,0,1,0,1,0,0,0,0,"13,376","52,45497"
6503,195806,Berlin,12,2019,6,8,4,3,5,3,0,0,1,0,0,0,1,0,"13,34134","52,59999"
6504,195807,Berlin,4,2019,6,8,4,3,0,1,0,0,0,0,1,0,0,0,"13,30791","52,50001"
6505,195808,Berlin,3,2019,6,15,3,3,2,6,0,0,1,0,0,0,0,0,"13,38216","52,59113"
6506,195809,Berlin,1,2019,6,18,3,3,2,6,0,1,1,0,0,0,0,0,"13,37938","52,55286"
6507,195810,Berlin,1,2019,6,14,3,3,6,7,0,1,0,1,0,0,0,0,"13,39008","52,55334"
6508,195811,Berlin,8,2019,6,14,3,3,2,6,0,0,1,0,0,0,0,0,"13,44024","52,48951"
6509,195812,Berlin,1,2019,6,12,3,3,6,7,0,1,0,1,0,0,0,0,"13,37592","52,51957"
6510,195813,Berlin,5,2019,6,19,3,3,5,3,0,0,1,0,0,0,0,0,"13,17468","52,52021"
6511,195814,Berlin,1,2019,6,18,3,3,2,6,0,1,1,0,0,0,0,0,"13,39033","52,50786"
6512,195815,Berlin,3,2019,6,17,3,3,2,6,0,0,0,0,1,1,0,0,"13,41405","52,55363"
6513,195816,Berlin,1,2019,6,18,3,3,0,7,0,0,1,0,0,0,1,0,"13,351","52,54106"
6514,195817,Berlin,5,2019,6,18,3,3,2,6,0,0,1,0,0,0,0,0,"13,21192","52,52736"
6515,195818,Berlin,2,2019,6,18,3,3,5,3,0,0,1,0,0,0,0,0,"13,4466","52,51133"
6516,195819,Berlin,4,2019,6,18,3,3,6,2,0,0,1,1,0,0,0,0,"13,31505","52,50106"
6517,195820,Berlin,11,2019,6,17,3,2,5,3,0,1,0,0,0,0,0,0,"13,52005","52,50479"
6518,195821,Berlin,3,2019,6,17,3,3,6,4,0,1,0,1,0,0,0,0,"13,40952","52,54735"
6519,195822,Berlin,1,2019,6,17,3,3,5,2,0,1,1,0,0,0,0,0,"13,3591","52,50986"
6520,195823,Berlin,1,2019,6,17,3,3,2,6,0,0,1,0,0,0,0,0,"13,37563","52,54033"
6521,195824,Berlin,11,2019,6,16,3,3,6,7,0,1,0,1,0,0,0,0,"13,52702","52,48733"
6522,195825,Berlin,9,2019,6,15,3,3,5,2,0,0,1,0,1,0,0,0,"13,58015","52,45553"
6523,195826,Berlin,8,2019,6,15,3,3,2,7,0,0,1,0,1,0,0,0,"13,42426","52,48524"
6524,195827,Berlin,7,2019,6,10,2,2,8,1,0,0,1,0,0,0,0,0,"13,35965","52,41904"
6525,195828,Berlin,4,2019,6,15,3,3,2,6,0,0,1,0,0,0,0,0,"13,33103","52,49497"
6526,195829,Berlin,11,2019,6,8,2,3,0,7,0,0,0,0,1,1,0,1,"13,49788","52,50092"
6527,195830,Berlin,12,2019,6,14,3,3,1,5,0,1,1,0,0,0,1,0,"13,32624","52,56455"
6528,195831,Berlin,3,2019,6,10,2,3,0,1,0,1,0,0,0,0,0,0,"13,41848","52,56896"
6529,195832,Berlin,9,2019,6,14,3,3,5,2,0,0,1,0,0,0,0,0,"13,48126","52,4608"
6530,195833,Berlin,2,2019,6,19,2,3,5,2,0,1,1,0,0,0,0,0,"13,39501","52,49633"
6531,195834,Berlin,5,2019,6,19,2,3,2,7,0,0,0,0,1,0,1,0,"13,14505","52,53483"
6532,195835,Berlin,5,2019,6,14,3,3,1,5,0,1,1,0,0,0,0,0,"13,23699","52,54216"
6533,195836,Berlin,12,2019,6,13,3,3,3,6,0,0,1,0,1,0,0,0,"13,33463","52,60361"
6534,195837,Berlin,1,2019,6,19,2,3,5,2,0,1,1,0,0,0,0,0,"13,3698","52,55295"
6535,195838,Berlin,2,2019,6,21,2,2,9,1,1,0,0,0,1,0,0,0,"13,42777","52,51799"
6536,195839,Berlin,11,2019,6,17,3,3,8,1,0,0,1,0,0,0,0,0,"13,50368","52,57573"
6537,195840,Berlin,3,2019,6,18,2,2,0,1,0,0,0,0,1,0,0,0,"13,40797","52,5418"
6538,195841,Berlin,1,2019,6,9,3,3,3,6,0,1,0,0,0,0,1,0,"13,34087","52,50527"
6539,195842,Berlin,10,2019,6,18,2,3,5,3,0,0,1,0,0,0,1,0,"13,61315","52,50551"
6540,195843,Berlin,6,2019,6,18,2,3,5,3,0,1,1,0,0,0,0,0,"13,28085","52,42956"
6541,195844,Berlin,2,2019,6,17,2,3,5,3,0,0,1,0,0,1,0,0,"13,44898","52,52431"
6542,195845,Berlin,1,2019,6,10,3,3,2,6,0,1,1,0,0,0,0,0,"13,34319","52,52729"
6543,195846,Berlin,1,2019,6,17,2,3,5,7,0,0,1,0,1,0,0,0,"13,3266","52,5371"
6544,195847,Berlin,4,2019,6,10,3,3,0,6,0,0,1,0,0,0,1,0,"13,30884","52,47832"
6545,195848,Berlin,2,2019,6,18,2,3,5,2,0,1,1,0,0,0,0,0,"13,38975","52,49591"
6546,195849,Berlin,9,2019,6,16,2,3,2,2,0,0,1,0,0,0,0,0,"13,53884","52,43432"
6547,195850,Berlin,1,2019,6,10,3,3,8,1,0,1,1,0,0,0,0,0,"13,38877","52,51741"
6548,195851,Berlin,12,2019,6,16,2,3,5,2,0,1,0,0,0,0,1,0,"13,35923","52,57425"
6549,195852,Berlin,7,2019,6,17,2,3,8,1,0,0,1,0,0,0,0,0,"13,41947","52,39477"
6550,195853,Berlin,9,2019,6,11,3,3,0,2,0,1,0,0,0,0,0,0,"13,59315","52,4534"
6551,195854,Berlin,5,2019,6,7,2,2,6,4,0,0,1,1,0,0,0,0,"13,13333","52,52864"
6552,195855,Berlin,5,2019,6,13,3,3,5,3,0,0,1,0,0,0,0,0,"13,16876","52,54142"
6553,195856,Berlin,12,2019,6,7,2,3,0,2,0,1,0,0,0,1,0,0,"13,33971","52,58811"
6554,195857,Berlin,1,2019,6,7,2,2,5,3,0,0,1,0,1,0,0,0,"13,39005","52,50947"
6555,195858,Berlin,7,2019,6,11,3,3,0,7,0,0,0,0,1,0,0,1,"13,35594","52,48611"
6556,195859,Berlin,6,2019,6,12,3,2,2,2,0,0,1,0,1,0,0,0,"13,33544","52,42272"
6557,195860,Berlin,10,2019,6,7,2,3,5,2,0,0,1,0,1,0,0,0,"13,56552","52,53429"
6558,195861,Berlin,3,2019,6,7,2,3,2,6,0,0,1,0,0,0,0,0,"13,48458","52,64845"
6559,195862,Berlin,11,2019,6,10,3,2,2,7,0,0,1,0,0,0,0,0,"13,51497","52,56733"
6560,195863,Berlin,6,2019,6,6,2,3,5,3,0,1,1,0,0,0,0,0,"13,32442","52,46047"
6561,195864,Berlin,9,2019,6,9,3,2,5,2,0,1,1,0,0,0,0,0,"13,55198","52,42832"
6562,195865,Berlin,12,2019,6,5,2,3,5,3,0,0,1,0,0,0,0,0,"13,36152","52,59697"
6563,195866,Berlin,3,2019,6,9,3,3,9,1,0,0,1,0,0,0,0,0,"13,3746","52,58432"
6564,195867,Berlin,2,2019,6,3,2,3,0,1,2,1,0,0,0,0,0,0,"13,45758","52,50956"
6565,195868,Berlin,12,2019,6,19,3,3,0,4,1,0,0,1,0,0,1,0,"13,32702","52,56332"
6566,195869,Berlin,8,2019,6,10,2,3,5,3,0,0,1,0,0,0,0,0,"13,44894","52,48504"
6567,195870,Berlin,4,2019,6,10,2,3,2,6,0,0,1,0,0,0,0,0,"13,29722","52,52638"
6568,195871,Berlin,4,2019,6,22,3,3,2,6,2,0,1,0,0,0,0,1,"13,28506","52,49495"
6569,195872,Berlin,2,2019,6,8,3,3,1,5,0,1,1,0,0,0,0,0,"13,43828","52,49434"
6570,195873,Berlin,9,2019,6,10,2,3,5,3,0,1,1,0,0,0,0,0,"13,59193","52,41419"
6571,195874,Berlin,12,2019,6,9,3,3,1,5,0,1,1,0,0,0,0,0,"13,37727","52,56167"
6572,195875,Berlin,11,2019,6,9,2,3,1,5,0,0,1,0,0,0,0,0,"13,46798","52,52831"
6573,195876,Berlin,8,2019,6,9,3,3,5,3,0,0,1,0,1,0,0,0,"13,42802","52,45936"
6574,195877,Berlin,6,2019,6,9,2,3,5,7,0,0,1,0,0,0,0,0,"13,31751","52,43083"
6575,195878,Berlin,1,2019,6,8,3,2,3,6,0,1,0,0,0,1,0,0,"13,35476","52,50969"
6576,195879,Berlin,9,2019,6,9,2,2,5,2,0,0,1,0,0,0,1,0,"13,50879","52,46364"
6577,195880,Berlin,3,2019,6,6,3,3,2,6,0,0,1,0,0,0,0,0,"13,44323","52,56538"
6578,195881,Berlin,6,2019,6,8,2,3,5,3,0,0,1,0,1,0,0,0,"13,27227","52,45351"
6579,195882,Berlin,7,2019,6,9,2,3,5,2,0,1,0,0,0,0,1,0,"13,36431","52,49393"
6580,195883,Berlin,5,2019,6,4,3,3,2,2,1,0,1,0,0,0,0,1,"13,24791","52,5488"
6581,195884,Berlin,11,2019,6,8,2,3,5,3,0,1,1,0,0,0,0,1,"13,5077","52,50314"
6582,195885,Berlin,2,2019,6,8,3,3,0,1,0,0,0,0,1,0,0,0,"13,42075","52,50336"
6583,195886,Berlin,12,2019,6,16,2,3,0,2,0,0,1,0,0,0,1,0,"13,33001","52,56923"
6584,195887,Berlin,11,2019,6,16,2,3,5,7,0,0,0,0,1,0,1,0,"13,48453","52,51894"
6585,195888,Berlin,7,2019,6,8,3,3,0,7,0,1,0,0,0,0,0,0,"13,37106","52,45394"
6586,195889,Berlin,1,2019,6,11,2,3,5,2,0,1,0,0,0,0,1,0,"13,41822","52,51738"
6587,195890,Berlin,4,2019,6,15,2,3,2,6,0,0,1,0,0,0,0,0,"13,28957","52,47018"
6588,195891,Berlin,1,2019,6,11,2,2,5,3,0,1,1,0,0,0,0,0,"13,3283","52,53486"
6589,195892,Berlin,1,2019,6,17,2,3,0,5,0,0,1,0,0,0,1,0,"13,34995","52,54958"
6590,195893,Berlin,2,2019,6,11,2,3,5,2,0,0,1,0,0,0,0,0,"13,40666","52,49844"
6591,195894,Berlin,7,2019,6,16,2,2,5,2,0,0,1,0,0,0,1,0,"13,40091","52,41453"
6592,195895,Berlin,6,2019,6,11,2,3,5,2,0,1,1,0,0,0,0,0,"13,27217","52,45361"
6593,195896,Berlin,3,2019,6,12,2,3,2,2,0,0,1,0,0,0,0,0,"13,42895","52,57204"
6594,195897,Berlin,8,2019,6,16,2,3,5,2,0,1,1,0,0,0,0,0,"13,44805","52,47807"
6595,195898,Berlin,10,2019,6,16,2,3,4,6,0,1,0,0,0,0,0,0,"13,60623","52,53441"
6596,195899,Berlin,5,2019,6,16,2,3,6,7,0,0,1,1,0,0,0,0,"13,15953","52,46214"
6597,195900,Berlin,8,2019,6,14,2,3,2,6,0,0,1,0,0,0,0,0,"13,4315","52,46638"
6598,195901,Berlin,7,2019,6,13,2,2,5,3,0,1,0,0,0,0,0,0,"13,41107","52,45677"
6599,195902,Berlin,4,2019,6,13,2,3,5,3,0,0,1,0,0,0,0,0,"13,32027","52,47668"
6600,195903,Berlin,3,2019,6,14,2,3,1,5,0,1,1,0,0,0,0,0,"13,44738","52,53818"
6601,195904,Berlin,3,2019,6,14,2,2,0,7,0,0,0,0,1,0,0,1,"13,42713","52,55223"
6602,195905,Berlin,4,2019,6,16,2,3,5,3,0,0,1,0,0,0,0,0,"13,29735","52,51096"
6603,195906,Berlin,11,2019,6,14,2,3,5,3,0,1,1,0,0,0,0,0,"13,47821","52,53607"
6604,195907,Berlin,2,2019,6,17,2,3,5,2,0,0,1,0,1,0,0,0,"13,41577","52,49046"
6605,195908,Berlin,12,2019,6,15,2,3,2,6,0,0,1,0,1,0,0,0,"13,31658","52,56681"
6606,195909,Berlin,3,2019,6,22,2,3,5,3,2,0,1,0,0,1,0,0,"13,36983","52,58932"
6607,195910,Berlin,8,2019,6,14,2,3,6,7,0,0,1,1,0,0,0,0,"13,43582","52,47876"
6608,195911,Berlin,10,2019,6,19,2,3,5,3,0,0,1,0,0,0,0,0,"13,58622","52,51675"
6609,195912,Berlin,8,2019,6,15,2,3,0,2,0,0,1,0,1,0,0,0,"13,47301","52,43753"
6610,195913,Berlin,3,2019,6,19,2,2,0,3,0,1,0,0,0,0,0,0,"13,42881","52,53979"
6611,195914,Berlin,10,2019,6,15,2,3,0,2,0,1,0,0,0,0,1,0,"13,51939","52,51804"
6612,195915,Berlin,7,2019,6,15,2,3,6,4,0,0,0,1,0,0,1,0,"13,36164","52,41574"
6613,195916,Berlin,5,2019,6,18,2,3,0,5,0,0,1,0,1,0,0,0,"13,19807","52,53156"
6614,195917,Berlin,4,2019,6,15,2,3,5,3,0,1,1,0,0,0,0,0,"13,31185","52,52458"
6615,195918,Berlin,5,2019,6,16,2,2,5,2,0,0,1,0,1,0,0,0,"13,18499","52,5342"
6616,195919,Berlin,8,2019,6,14,2,3,5,2,0,1,1,0,0,0,0,0,"13,44034","52,46742"
6617,195920,Berlin,7,2019,6,11,2,3,0,1,0,1,0,0,0,0,0,0,"13,36878","52,40976"
6618,195921,Berlin,5,2019,6,14,2,3,0,3,0,0,1,0,0,0,0,0,"13,18285","52,51273"
6619,195922,Berlin,8,2019,6,7,2,3,0,1,0,0,0,0,1,0,0,1,"13,44426","52,48482"
6620,195923,Berlin,8,2019,6,15,2,3,5,3,0,0,1,0,0,0,0,0,"13,49798","52,43045"
6621,195924,Berlin,4,2019,6,14,2,3,1,5,0,1,1,0,0,0,0,0,"13,32034","52,46707"
6622,195925,Berlin,2,2019,6,0,2,3,5,3,2,1,1,0,0,0,0,0,"13,40265","52,49396"
6623,195926,Berlin,4,2019,6,0,2,3,3,6,2,1,1,0,0,0,0,0,"13,27297","52,54379"
6624,195927,Berlin,12,2019,6,15,2,3,5,3,0,1,1,0,0,0,0,0,"13,28661","52,59133"
6625,195928,Berlin,1,2019,6,16,1,3,3,6,0,0,1,0,0,0,0,0,"13,38971","52,54653"
6626,195929,Berlin,9,2019,6,10,1,3,5,2,0,0,1,0,1,0,0,0,"13,48127","52,46081"
6627,195930,Berlin,11,2019,6,14,1,3,2,2,0,0,1,0,0,0,0,0,"13,51522","52,56713"
6628,195931,Berlin,1,2019,6,4,1,3,9,1,1,0,1,0,0,0,0,0,"13,3492","52,55196"
6629,195932,Berlin,3,2019,6,20,1,3,0,7,0,0,1,0,1,0,0,0,"13,41925","52,57425"
6630,195933,Berlin,2,2019,6,19,1,3,5,3,0,1,1,0,0,0,0,0,"13,47036","52,50626"
6631,195934,Berlin,3,2019,6,13,1,3,1,5,0,1,1,0,0,0,0,0,"13,40762","52,58552"
6632,195935,Berlin,8,2019,6,18,1,3,5,2,0,0,1,0,0,0,0,0,"13,43622","52,44891"
6633,195936,Berlin,2,2019,6,18,1,3,5,7,0,1,1,0,0,0,0,0,"13,42111","52,49827"
6634,195937,Berlin,4,2019,6,14,1,3,1,5,0,1,1,0,0,0,0,0,"13,31723","52,48651"
6635,195938,Berlin,3,2019,6,17,1,3,3,6,0,1,1,0,0,0,0,0,"13,40743","52,53638"
6636,195939,Berlin,6,2019,6,16,1,3,2,7,0,0,1,0,1,0,0,0,"13,31571","52,43469"
6637,195940,Berlin,11,2019,6,17,1,3,2,6,0,0,1,0,1,0,0,0,"13,47897","52,50288"
6638,195941,Berlin,8,2019,6,16,1,3,6,7,0,1,0,1,0,0,0,0,"13,42744","52,47429"
6639,195942,Berlin,1,2019,6,17,1,3,5,2,0,1,0,0,1,0,0,0,"13,35295","52,50239"
6640,195943,Berlin,5,2019,6,16,1,3,0,1,0,1,1,0,0,0,0,0,"13,20356","52,54545"
6641,195944,Berlin,12,2019,6,14,1,2,6,4,0,0,1,1,0,0,0,0,"13,35698","52,56915"
6642,195945,Berlin,4,2019,6,16,1,2,1,5,0,0,1,0,1,0,0,0,"13,28351","52,53365"
6643,195946,Berlin,7,2019,6,16,1,3,3,6,0,1,1,0,0,0,0,0,"13,40377","52,38668"
6644,195947,Berlin,4,2019,6,12,1,2,5,2,0,1,1,0,0,0,0,0,"13,29622","52,49794"
6645,195948,Berlin,5,2019,6,11,1,2,6,4,0,0,1,1,0,0,0,0,"13,19721","52,5126"
6646,195949,Berlin,1,2019,6,16,1,3,1,5,0,1,1,0,0,0,0,0,"13,38131","52,54688"
6647,195950,Berlin,9,2019,6,15,1,3,5,2,0,1,1,0,0,0,0,0,"13,55182","52,42843"
6648,195951,Berlin,8,2019,6,15,1,3,5,2,0,0,1,0,0,0,0,0,"13,43157","52,48571"
6649,195952,Berlin,5,2019,6,14,1,3,2,6,0,0,1,0,0,0,0,0,"13,16257","52,46499"
6650,195953,Berlin,12,2019,6,11,1,2,5,2,0,0,1,0,0,0,0,0,"13,3645","52,56268"
6651,195954,Berlin,9,2019,6,14,1,3,0,1,0,1,0,0,0,0,0,0,"13,54948","52,43842"
6652,195955,Berlin,7,2019,6,14,1,2,3,1,0,1,1,0,0,0,0,0,"13,34234","52,49433"
6653,195956,Berlin,1,2019,6,5,1,3,0,1,0,1,0,0,0,0,0,0,"13,3989","52,53261"
6654,195957,Berlin,3,2019,6,13,1,2,1,5,0,1,1,0,0,0,0,0,"13,4116","52,56271"
6655,195958,Berlin,6,2019,6,12,1,3,0,1,0,0,0,0,1,0,0,0,"13,24911","52,41932"
6656,195959,Berlin,6,2019,6,16,1,3,0,1,0,1,0,0,0,0,0,0,"13,22194","52,44097"
6657,195960,Berlin,12,2019,6,10,1,2,5,3,0,0,1,0,0,0,0,0,"13,34108","52,59997"
6658,195961,Berlin,8,2019,6,1,1,3,5,3,2,1,1,0,0,0,0,0,"13,43035","52,4862"
6659,195962,Berlin,2,2019,6,2,1,2,0,1,2,0,0,0,1,0,0,0,"13,37983","52,49724"
6660,195963,Berlin,2,2019,6,1,1,3,2,6,2,1,1,0,0,0,0,0,"13,41096","52,48867"
6661,195964,Berlin,6,2019,6,21,1,3,0,4,2,0,0,1,0,0,1,0,"13,34503","52,43586"
6662,195965,Berlin,6,2019,6,18,1,3,5,3,0,0,1,0,1,0,0,0,"13,31537","52,45239"
6663,195966,Berlin,8,2019,6,1,1,3,5,2,2,1,1,0,0,0,0,0,"13,44065","52,48209"
6664,195967,Berlin,4,2019,6,1,1,3,0,1,2,1,0,0,0,0,0,0,"13,2942","52,53358"
6665,195968,Berlin,8,2019,6,3,7,3,6,4,2,0,0,1,1,0,0,0,"13,43613","52,48377"
6666,195969,Berlin,4,2019,6,12,7,3,2,6,0,0,1,0,0,0,0,0,"13,29976","52,51925"
6667,195970,Berlin,11,2019,6,10,7,3,6,4,0,0,1,1,0,0,0,0,"13,4945","52,5457"
6668,195971,Berlin,10,2019,6,9,7,3,5,2,0,1,1,0,0,0,0,0,"13,60093","52,4792"
6669,195972,Berlin,2,2019,6,15,7,3,1,5,0,1,0,0,0,0,0,0,"13,40602","52,49763"
6670,195973,Berlin,3,2019,6,19,7,3,2,6,0,0,1,0,0,0,0,0,"13,42765","52,55198"
6671,195974,Berlin,8,2019,6,16,7,3,5,2,0,0,1,0,1,0,0,0,"13,42438","52,48617"
6672,195975,Berlin,1,2019,6,16,7,3,2,2,0,1,1,0,0,0,0,0,"13,41167","52,50483"
6673,195976,Berlin,3,2019,6,14,7,3,5,3,0,1,0,0,0,0,0,0,"13,44918","52,55056"
6674,195977,Berlin,2,2019,6,14,7,3,5,3,0,1,1,0,0,0,0,0,"13,42998","52,51022"
6675,195978,Berlin,3,2019,6,13,7,3,6,7,0,1,0,1,0,0,0,0,"13,39645","52,56424"
6676,195979,Berlin,10,2019,6,15,7,3,2,7,0,0,1,0,0,0,0,0,"13,56204","52,56158"
6677,195980,Berlin,8,2019,6,12,7,3,3,6,0,1,1,0,0,0,0,0,"13,4358","52,491"
6678,195981,Berlin,7,2019,6,15,7,3,0,3,0,0,0,0,1,0,1,0,"13,37714","52,45368"
6679,195982,Berlin,9,2019,6,12,7,3,6,4,0,0,1,1,0,0,0,0,"13,58066","52,45698"
6680,195983,Berlin,4,2019,6,15,7,3,5,3,0,1,1,0,0,0,0,0,"13,33143","52,50302"
6681,195984,Berlin,12,2019,6,12,7,3,5,7,0,0,1,0,0,0,0,0,"13,28563","52,58376"
6682,195985,Berlin,12,2019,6,17,7,3,0,7,0,0,1,0,0,0,0,0,"13,2831","52,59827"
6683,195986,Berlin,4,2019,6,18,7,3,1,5,0,1,1,0,0,0,0,0,"13,289","52,51114"
6684,195987,Berlin,4,2019,6,9,7,3,5,3,0,1,1,0,0,0,0,0,"13,32679","52,49823"
6685,195988,Berlin,10,2019,6,18,7,3,0,1,0,0,0,0,1,0,0,0,"13,59886","52,48172"
6686,195989,Berlin,9,2019,6,14,7,3,0,1,0,1,0,0,0,0,0,0,"13,50279","52,44335"
6687,195990,Berlin,7,2019,6,21,7,2,9,1,0,0,0,0,1,0,0,0,"13,34882","52,45919"
6688,195991,Berlin,4,2019,6,20,7,3,5,2,0,0,1,0,1,0,0,0,"13,29645","52,49262"
6689,195992,Berlin,2,2019,6,13,7,2,6,7,0,0,1,1,0,0,0,0,"13,38672","52,50269"
6690,195993,Berlin,5,2019,6,18,7,2,2,6,0,0,1,0,1,0,0,0,"13,20226","52,53151"
6691,195994,Berlin,1,2019,6,13,7,3,0,1,0,1,0,0,0,0,0,0,"13,38971","52,53513"
6692,195995,Berlin,7,2019,6,7,7,3,2,2,0,1,0,0,0,0,0,0,"13,35649","52,49022"
6693,195996,Berlin,2,2019,6,15,7,2,5,2,0,1,0,0,0,0,1,0,"13,45242","52,51248"
6694,195997,Berlin,4,2019,6,3,7,3,1,5,2,0,1,0,1,0,0,0,"13,32989","52,51032"
6695,195998,Berlin,12,2019,6,11,7,3,0,2,0,0,1,0,0,0,1,0,"13,35134","52,56745"
6696,195999,Berlin,8,2019,6,13,7,3,5,3,0,0,1,0,1,0,0,0,"13,44662","52,42076"
6697,196000,Berlin,12,2019,6,12,7,2,5,3,0,1,1,0,0,0,0,0,"13,32502","52,58875"
6698,196001,Berlin,12,2019,6,11,7,2,0,7,0,0,1,0,0,0,1,0,"13,35812","52,59679"
6699,196002,Berlin,11,2019,6,11,7,3,0,7,0,1,0,0,0,0,0,0,"13,50401","52,53447"
6700,196003,Berlin,9,2019,6,12,7,3,0,7,0,1,0,0,0,0,0,0,"13,59962","52,45199"
6701,196004,Berlin,4,2019,6,3,7,3,5,3,1,0,1,0,1,0,0,0,"13,30687","52,50084"
6702,196005,Berlin,9,2019,6,11,7,3,5,2,0,1,1,0,0,0,0,0,"13,55175","52,42848"
6703,196006,Berlin,6,2019,6,21,7,3,5,3,2,0,1,0,0,0,0,0,"13,2653","52,44215"
6704,196007,Berlin,3,2019,6,11,7,3,5,2,0,1,1,0,0,0,0,0,"13,41335","52,5487"
6705,196008,Berlin,3,2019,6,9,7,3,0,1,0,1,0,0,0,0,0,0,"13,39139","52,56801"
6706,196009,Berlin,6,2019,6,20,7,3,1,5,0,1,1,0,0,0,0,0,"13,3533","52,44151"
6707,196010,Berlin,10,2019,6,20,7,3,2,2,0,1,1,0,0,0,0,0,"13,57283","52,48745"
6708,196011,Berlin,12,2019,6,10,7,3,2,3,0,0,1,0,0,0,0,0,"13,23534","52,61312"
6709,196012,Berlin,7,2019,6,10,7,3,7,7,0,1,0,0,0,0,1,0,"13,35429","52,49977"
6710,196013,Berlin,2,2019,6,19,7,3,2,6,0,0,1,0,0,0,0,0,"13,41471","52,48806"
6711,196014,Berlin,6,2019,6,2,7,3,0,1,2,1,0,0,0,0,0,0,"13,34721","52,44995"
6712,196015,Berlin,4,2019,6,11,7,3,1,5,0,1,1,0,0,0,0,0,"13,28291","52,48429"
6713,196016,Berlin,1,2019,6,16,6,3,0,1,0,1,0,0,0,0,0,0,"13,37712","52,52218"
6714,196017,Berlin,6,2019,6,15,6,3,0,1,0,0,0,0,1,0,0,0,"13,32287","52,46077"
6715,196018,Berlin,5,2019,6,19,7,2,6,4,0,0,1,1,0,0,0,0,"13,15503","52,53293"
6716,196019,Berlin,4,2019,6,9,6,3,5,3,0,0,1,0,1,0,0,0,"13,26073","52,51627"
6717,196020,Berlin,9,2019,6,19,7,3,5,3,0,1,1,0,0,0,0,0,"13,57542","52,44749"
6718,196021,Berlin,9,2019,6,15,6,2,5,3,0,0,1,0,1,0,0,0,"13,50252","52,45568"
6719,196022,Berlin,3,2019,6,18,7,2,5,3,0,0,1,0,0,0,0,0,"13,42405","52,55289"
6720,196023,Berlin,4,2019,6,15,6,3,2,6,0,0,1,0,0,0,0,0,"13,26221","52,5153"
6721,196024,Berlin,4,2019,6,18,7,3,5,2,0,1,1,0,0,0,0,0,"13,33103","52,48908"
6722,196025,Berlin,5,2019,6,14,6,3,2,6,0,0,1,0,0,0,0,0,"13,22437","52,53727"
6723,196026,Berlin,7,2019,6,14,6,3,0,6,0,0,1,0,1,0,0,0,"13,34748","52,46941"
6724,196027,Berlin,5,2019,6,17,7,3,2,6,0,0,1,0,1,0,0,0,"13,2112","52,56836"
6725,196028,Berlin,6,2019,6,17,7,3,5,3,0,1,1,0,0,0,0,0,"13,31848","52,45453"
6726,196029,Berlin,4,2019,6,13,6,2,5,3,0,0,1,0,0,0,1,0,"13,31133","52,46821"
6727,196030,Berlin,1,2019,6,9,6,3,6,4,0,0,1,1,0,0,0,0,"13,4179","52,51468"
6728,196031,Berlin,1,2019,6,19,7,3,2,6,0,0,1,0,1,0,0,0,"13,38799","52,54851"
6729,196032,Berlin,9,2019,6,12,6,3,5,3,0,1,1,0,0,0,0,0,"13,6059","52,44042"
6730,196033,Berlin,3,2019,6,16,7,3,5,2,0,0,1,0,0,0,0,0,"13,44308","52,57108"
6731,196034,Berlin,1,2019,6,14,6,3,2,6,0,0,1,0,0,0,0,0,"13,34113","52,52629"
6732,196035,Berlin,2,2019,6,16,7,3,1,5,0,1,1,0,0,0,0,0,"13,45618","52,51333"
6733,196036,Berlin,1,2019,6,16,6,3,4,6,0,1,0,0,0,0,0,0,"13,41208","52,52071"
6734,196037,Berlin,5,2019,6,9,6,2,6,7,0,0,0,1,0,0,1,0,"13,20322","52,5372"