,id,city,district,year,month,hour,weekday,injury_level,collision,movement,light_conditions,bicycle,car,pedestrian,motorbike,truck,other_vehicle,road_conditions,longitude,latitude
6735,196038,Berlin,9,2019,6,15,6,3,2,6,0,0,1,0,0,0,0,0,"13,57238","52,45122"
6736,196039,Berlin,4,2019,6,9,6,3,1,5,0,0,1,0,0,1,0,0,"13,29439","52,48835"
6737,196040,Berlin,5,2019,6,16,6,3,0,1,0,1,0,0,0,0,0,0,"13,22113","52,54906"
6738,196041,Berlin,12,2019,6,17,6,3,2,5,0,0,1,0,1,0,0,0,"13,31604","52,56702"
6739,196042,Berlin,9,2019,6,9,6,3,5,3,0,1,1,0,0,0,0,0,"13,58797","52,42214"
6740,196043,Berlin,1,2019,6,8,6,3,5,2,0,1,0,0,0,0,1,0,"13,39539","52,52436"
6741,196044,Berlin,1,2019,6,9,6,3,5,2,0,1,1,0,0,0,0,0,"13,41822","52,51739"
6742,196045,Berlin,5,2019,6,8,6,3,2,6,0,0,1,0,0,0,0,0,"13,19123","52,54624"
6743,196046,Berlin,7,2019,6,11,6,3,6,4,0,1,0,1,0,0,0,0,"13,39017","52,46575"
6744,196047,Berlin,1,2019,6,8,6,3,5,3,0,1,1,0,0,0,0,0,"13,35115","52,54095"
6745,196048,Berlin,7,2019,6,19,6,3,5,7,0,0,1,0,1,0,0,0,"13,34367","52,50151"
6746,196049,Berlin,3,2019,6,8,6,3,6,7,0,0,1,1,0,0,0,0,"13,45317","52,53352"
6747,196050,Berlin,2,2019,6,18,6,3,5,3,0,1,1,0,0,0,0,0,"13,38753","52,49307"
6748,196051,Berlin,7,2019,6,8,6,3,5,3,0,0,1,0,1,0,0,0,"13,38374","52,41931"
6749,196052,Berlin,6,2019,6,7,6,3,5,2,0,0,1,0,1,0,0,0,"13,30165","52,45662"
6750,196053,Berlin,12,2019,6,17,6,3,2,2,0,0,1,0,0,0,0,0,"13,2955","52,55018"
6751,196054,Berlin,9,2019,6,17,6,3,5,2,0,1,1,0,0,0,0,0,"13,5285","52,43036"
6752,196055,Berlin,6,2019,6,5,6,3,2,6,1,0,1,0,0,1,0,0,"13,23896","52,44172"
6753,196056,Berlin,8,2019,6,23,6,3,1,5,2,1,1,0,0,0,0,0,"13,43729","52,48118"
6754,196057,Berlin,3,2019,6,8,6,3,6,2,0,0,1,1,0,0,0,0,"13,40633","52,56539"
6755,196058,Berlin,1,2019,6,21,6,3,6,4,1,0,1,1,0,0,0,0,"13,41217","52,52425"
6756,196059,Berlin,4,2019,6,8,6,3,5,2,0,0,1,0,0,0,0,0,"13,27687","52,50708"
6757,196060,Berlin,1,2019,6,20,6,3,5,2,1,0,1,0,0,0,0,0,"13,41174","52,52397"
6758,196061,Berlin,2,2019,6,1,6,2,5,3,2,1,1,0,0,0,0,0,"13,38759","52,49306"
6759,196062,Berlin,4,2019,6,8,6,3,5,2,0,1,1,0,0,0,0,0,"13,27735","52,51062"
6760,196063,Berlin,1,2019,6,0,6,3,5,3,2,1,1,0,0,0,0,0,"13,38567","52,50743"
6761,196064,Berlin,1,2019,6,18,6,2,0,7,0,1,0,0,0,0,0,0,"13,39052","52,52785"
6762,196065,Berlin,10,2019,6,7,6,3,5,3,0,1,1,0,0,0,0,0,"13,53945","52,53448"
6763,196066,Berlin,1,2019,6,18,6,3,6,4,0,0,1,1,0,0,0,0,"13,41773","52,51815"
6764,196067,Berlin,11,2019,6,18,6,3,5,2,0,1,1,0,0,0,0,0,"13,4806","52,49902"
6765,196068,Berlin,5,2019,6,7,6,3,3,6,0,0,1,0,1,0,0,0,"13,15573","52,52156"
6766,196069,Berlin,7,2019,6,18,6,3,5,2,0,1,1,0,0,0,0,0,"13,37605","52,40912"
6767,196070,Berlin,1,2019,6,6,6,3,5,2,0,1,1,0,0,0,0,0,"13,38091","52,51637"
6768,196071,Berlin,1,2019,6,17,6,2,3,6,0,0,1,0,1,0,0,0,"13,34484","52,53898"
6769,196072,Berlin,2,2019,6,3,6,3,1,5,2,1,1,0,0,0,0,0,"13,46102","52,50875"
6770,196073,Berlin,2,2019,6,18,6,3,2,6,0,1,1,0,0,0,0,0,"13,46845","52,51108"
6771,196074,Berlin,8,2019,6,17,6,3,1,5,0,1,1,0,0,0,1,0,"13,45675","52,47352"
6772,196075,Berlin,2,2019,6,17,6,3,5,2,0,1,1,0,0,0,0,0,"13,41217","52,49875"
6773,196076,Berlin,12,2019,6,17,6,3,2,6,0,0,1,0,0,0,0,0,"13,30088","52,61575"
6774,196077,Berlin,5,2019,6,19,6,3,5,3,0,0,1,0,0,0,0,0,"13,19605","52,54787"
6775,196078,Berlin,3,2019,6,7,6,3,5,3,0,0,1,1,0,0,0,0,"13,43371","52,61244"
6776,196079,Berlin,7,2019,6,18,6,3,8,1,0,1,0,0,0,0,0,0,"13,42306","52,39498"
6777,196080,Berlin,1,2019,6,9,6,3,3,6,0,1,0,0,0,1,0,0,"13,39293","52,56429"
6778,196081,Berlin,7,2019,6,8,6,3,5,3,0,0,1,0,0,0,1,0,"13,3797","52,44166"
6779,196082,Berlin,1,2019,6,17,5,2,2,6,0,1,0,0,0,0,0,0,"13,38632","52,53291"
6780,196083,Berlin,6,2019,6,22,6,3,1,1,2,0,1,0,0,0,0,0,"13,25909","52,45144"
6781,196084,Berlin,3,2019,6,8,5,3,5,3,0,1,1,0,0,0,0,0,"13,42493","52,54701"
6782,196085,Berlin,1,2019,6,21,6,2,5,2,0,1,1,0,0,0,0,0,"13,32963","52,52379"
6783,196086,Berlin,6,2019,6,17,5,2,5,3,0,0,1,0,0,0,0,0,"13,19085","52,43457"
6784,196087,Berlin,12,2019,6,20,6,2,5,3,0,0,1,0,1,0,0,0,"13,31186","52,56788"
6785,196088,Berlin,7,2019,6,17,5,3,0,6,0,0,1,0,1,0,0,0,"13,37789","52,46894"
6786,196089,Berlin,10,2019,6,17,5,3,6,4,0,0,1,1,0,0,0,0,"13,59551","52,52874"
6787,196090,Berlin,2,2019,6,18,6,2,6,4,0,1,0,1,0,0,0,0,"13,41386","52,49845"
6788,196091,Berlin,8,2019,6,13,6,3,6,4,0,0,0,1,0,1,0,0,"13,43499","52,48312"
6789,196092,Berlin,1,2019,6,13,1,3,1,5,0,1,1,0,0,0,0,0,"13,33745","52,55199"
6790,196093,Berlin,8,2019,6,12,1,3,3,6,0,1,1,0,0,0,0,0,"13,42624","52,47734"
6791,196094,Berlin,6,2019,6,18,1,3,2,6,0,0,1,0,0,0,0,0,"13,24803","52,46741"
6792,196095,Berlin,5,2019,6,21,1,2,8,1,1,0,1,0,0,0,0,0,"13,19886","52,53274"
6793,196096,Berlin,1,2019,6,18,1,3,0,1,0,0,0,0,1,0,0,0,"13,40567","52,53459"
6794,196097,Berlin,11,2019,6,20,7,3,0,7,0,1,0,0,0,0,0,0,"13,52755","52,49019"
6795,196098,Berlin,10,2019,6,15,7,3,0,1,0,0,0,0,1,0,0,0,"13,64316","52,52933"
6796,196099,Berlin,6,2019,6,12,7,3,1,7,0,0,1,0,0,0,0,0,"13,21516","52,43884"
6797,196100,Berlin,4,2019,6,19,7,3,2,2,0,0,1,0,0,0,1,0,"13,27327","52,51314"
6798,196101,Berlin,8,2019,6,15,7,3,5,2,0,0,1,0,0,0,0,0,"13,47105","52,46606"
6799,196102,Berlin,2,2019,6,15,7,3,5,3,0,0,1,0,0,0,0,0,"13,38726","52,50428"
6800,196103,Berlin,8,2019,6,15,7,3,5,3,0,0,1,0,1,0,0,0,"13,42741","52,45225"
6801,196104,Berlin,7,2019,6,16,7,3,5,2,0,0,1,0,1,0,0,0,"13,4001","52,44503"
6802,196105,Berlin,11,2019,6,16,7,3,3,6,0,1,1,0,0,0,0,0,"13,47355","52,50311"
6803,196106,Berlin,3,2019,6,17,7,3,5,3,0,1,1,0,0,0,0,0,"13,42774","52,56059"
6804,196107,Berlin,8,2019,6,17,7,3,2,6,0,0,1,0,0,0,0,0,"13,43546","52,44785"
6805,196108,Berlin,7,2019,6,19,7,3,5,3,0,1,1,0,0,0,0,0,"13,34369","52,50148"
6806,196109,Berlin,4,2019,6,20,7,3,2,6,0,0,1,0,0,0,0,0,"13,32782","52,50313"
6807,196110,Berlin,11,2019,6,20,7,3,5,3,0,1,0,0,0,0,1,0,"13,47959","52,52297"
6808,196111,Berlin,11,2019,6,21,7,3,0,1,1,1,1,0,0,0,0,0,"13,47168","52,50478"
6809,196112,Berlin,2,2019,6,21,7,3,2,6,1,0,1,0,1,0,0,0,"13,41732","52,49901"
6810,196113,Berlin,1,2019,6,14,7,3,5,3,0,1,1,0,0,0,0,0,"13,39547","52,52433"
6811,196114,Berlin,12,2019,6,12,7,3,1,1,0,0,1,0,0,0,0,0,"13,25796","52,56778"
6812,196115,Berlin,10,2019,6,11,7,3,5,3,0,0,1,0,0,0,0,0,"13,55113","52,5161"
6813,196116,Berlin,4,2019,6,11,7,3,0,5,0,0,1,0,0,0,1,0,"13,30111","52,49881"
6814,196117,Berlin,6,2019,6,10,7,3,5,3,0,0,1,0,0,1,0,0,"13,24011","52,4245"
6815,196118,Berlin,11,2019,6,16,7,3,5,2,0,0,0,0,0,0,1,0,"13,52709","52,49214"
6816,196119,Berlin,9,2019,6,10,7,3,5,3,0,0,1,0,1,0,0,0,"13,55017","52,39951"
6817,196120,Berlin,11,2019,6,9,7,3,5,3,0,1,1,0,0,0,0,0,"13,51127","52,50422"
6818,196121,Berlin,1,2019,6,2,7,3,6,4,2,0,0,1,0,0,1,0,"13,38775","52,5487"
6819,196122,Berlin,10,2019,6,15,6,3,2,6,0,0,1,0,0,0,1,0,"13,56513","52,55618"
6820,196123,Berlin,3,2019,6,18,6,3,0,7,0,1,0,0,0,0,1,0,"13,40701","52,5817"
6821,196124,Berlin,8,2019,6,14,6,3,2,2,0,1,1,0,0,0,0,0,"13,44004","52,48166"
6822,196125,Berlin,11,2019,6,14,6,3,3,6,0,0,1,0,0,1,0,0,"13,47588","52,50131"
6823,196126,Berlin,5,2019,6,17,6,3,5,3,0,1,1,0,0,0,0,0,"13,21921","52,5571"
6824,196127,Berlin,5,2019,6,16,6,2,1,5,0,1,1,0,0,0,0,0,"13,20994","52,55012"
6825,196128,Berlin,5,2019,6,16,6,3,2,6,0,0,1,0,0,1,0,0,"13,15345","52,53287"
6826,196129,Berlin,6,2019,6,16,6,2,3,6,0,1,1,0,0,0,0,0,"13,33175","52,45824"
6827,196130,Berlin,2,2019,6,15,6,3,2,6,0,1,1,0,0,0,0,0,"13,46615","52,50013"
6828,196131,Berlin,3,2019,6,13,6,3,1,5,0,1,1,0,0,0,0,0,"13,46261","52,56264"
6829,196132,Berlin,1,2019,6,13,6,3,2,6,0,1,0,0,0,0,0,0,"13,41791","52,51475"
6830,196133,Berlin,7,2019,6,13,6,3,5,2,0,0,1,0,0,0,0,0,"13,3474","52,4706"
6831,196134,Berlin,3,2019,6,13,6,3,0,7,0,1,0,0,0,0,0,0,"13,46844","52,55965"
6832,196135,Berlin,8,2019,6,18,6,3,5,2,0,0,1,0,0,0,0,0,"13,42883","52,47792"
6833,196136,Berlin,1,2019,6,13,6,3,5,2,0,0,1,0,1,0,0,0,"13,33543","52,5267"
6834,196137,Berlin,4,2019,6,13,6,3,2,6,0,0,1,0,0,0,0,0,"13,32233","52,51317"
6835,196138,Berlin,2,2019,6,14,6,3,0,1,0,0,0,0,1,0,0,0,"13,42745","52,51139"
6836,196139,Berlin,11,2019,6,15,6,3,2,6,0,0,1,0,0,0,1,0,"13,5135","52,56795"
6837,196140,Berlin,1,2019,6,13,6,3,5,2,0,0,1,0,0,0,0,0,"13,41811","52,51552"
6838,196141,Berlin,11,2019,6,13,6,3,0,7,0,0,0,0,1,0,0,1,"13,47817","52,50029"
6839,196142,Berlin,2,2019,6,20,6,3,1,5,1,1,1,0,0,0,1,0,"13,42346","52,51277"
6840,196143,Berlin,9,2019,6,19,6,3,3,6,0,1,0,0,0,0,1,0,"13,59055","52,43736"
6841,196144,Berlin,10,2019,6,19,6,2,5,3,0,1,1,0,0,0,0,0,"13,60815","52,5352"
6842,196145,Berlin,4,2019,6,19,6,3,1,5,0,1,0,0,0,1,0,0,"13,30818","52,4968"
6843,196146,Berlin,8,2019,6,19,6,3,2,2,0,0,1,0,0,0,0,0,"13,4307","52,46855"
6844,196147,Berlin,1,2019,6,19,6,3,5,2,0,1,0,0,0,0,1,0,"13,40252","52,54018"
6845,196148,Berlin,2,2019,6,19,6,3,0,7,0,0,1,0,0,0,1,0,"13,43966","52,50226"
6846,196149,Berlin,2,2019,6,7,6,3,1,5,0,1,1,0,0,0,1,0,"13,42221","52,49159"
6847,196150,Berlin,2,2019,6,23,6,2,0,1,2,1,0,0,0,0,1,0,"13,45228","52,51064"
6848,196151,Berlin,11,2019,6,7,6,2,5,2,0,1,1,0,0,0,0,0,"13,49969","52,54786"
6849,196152,Berlin,9,2019,6,6,6,3,6,4,0,1,0,1,0,0,0,0,"13,52446","52,44688"
6850,196153,Berlin,12,2019,6,5,6,3,5,3,0,0,1,0,0,0,0,0,"13,31457","52,56737"
6851,196154,Berlin,8,2019,6,13,6,3,5,3,0,1,1,0,0,0,0,0,"13,47205","52,46174"
6852,196155,Berlin,1,2019,6,13,6,3,2,2,0,0,1,0,0,0,1,0,"13,34877","52,53586"
6853,196156,Berlin,1,2019,6,9,6,3,1,5,0,1,1,0,0,0,1,0,"13,41011","52,52463"
6854,196157,Berlin,6,2019,6,12,6,3,5,3,0,1,1,0,0,0,0,0,"13,2683","52,40639"
6855,196158,Berlin,5,2019,6,10,6,3,4,6,0,1,1,0,0,0,0,0,"13,12957","52,45287"
6856,196159,Berlin,1,2019,6,11,6,3,6,4,0,1,0,1,0,0,0,0,"13,37631","52,53599"
6857,196160,Berlin,6,2019,6,10,6,3,5,3,0,0,1,0,0,0,0,0,"13,35868","52,43415"
6858,196161,Berlin,10,2019,6,9,6,3,5,3,0,1,1,0,0,0,0,0,"13,60557","52,4878"
6859,196162,Berlin,9,2019,6,10,6,2,5,2,0,1,0,0,0,1,0,0,"13,58199","52,44261"
6860,196163,Berlin,10,2019,6,9,6,3,5,3,0,1,1,0,0,0,0,0,"13,60111","52,47924"
6861,196164,Berlin,1,2019,6,10,6,3,2,6,0,0,1,0,0,0,0,0,"13,35366","52,50514"
6862,196165,Berlin,8,2019,6,3,6,3,3,6,2,0,1,0,1,0,0,1,"13,42636","52,47708"
6863,196166,Berlin,2,2019,6,0,6,3,6,4,2,0,1,1,0,0,0,1,"13,45521","52,5078"
6864,196167,Berlin,1,2019,6,11,6,2,1,5,0,1,1,0,0,0,1,0,"13,34926","52,52378"
6865,196168,Berlin,7,2019,6,21,5,3,3,6,2,0,1,0,0,0,0,0,"13,37521","52,45531"
6866,196169,Berlin,7,2019,6,13,5,3,4,6,0,1,1,0,0,0,0,0,"13,32963","52,47383"
6867,196170,Berlin,1,2019,6,9,5,3,0,2,0,1,0,0,0,1,0,1,"13,34112","52,505"
6868,196171,Berlin,1,2019,6,9,5,3,0,1,0,1,0,0,0,0,0,1,"13,35089","52,52642"
6869,196172,Berlin,4,2019,6,8,5,3,2,2,0,1,1,0,0,0,0,1,"13,28653","52,5188"
6870,196173,Berlin,3,2019,6,21,5,3,5,3,2,0,1,0,0,0,0,1,"13,36981","52,58938"
6871,196174,Berlin,2,2019,6,22,5,3,1,1,2,1,1,0,0,0,0,0,"13,4355","52,51095"
6872,196175,Berlin,2,2019,6,23,5,3,0,3,1,1,0,0,1,0,0,0,"13,40785","52,48903"
6873,196176,Berlin,8,2019,6,7,5,3,5,3,0,1,1,0,0,0,0,0,"13,47018","52,43503"
6874,196177,Berlin,3,2019,6,7,5,3,2,6,0,0,1,0,0,0,0,0,"13,42609","52,5487"
6875,196178,Berlin,1,2019,6,7,5,3,5,2,0,1,1,0,0,0,0,0,"13,37761","52,52908"
6876,196179,Berlin,9,2019,6,6,5,3,5,3,0,1,1,0,0,0,0,0,"13,54353","52,4338"
6877,196180,Berlin,9,2019,6,0,5,3,0,1,2,0,1,0,1,0,0,0,"13,59131","52,45525"
6878,196181,Berlin,6,2019,6,23,5,1,0,1,2,1,0,0,0,0,0,0,"13,26798","52,45116"
6879,196182,Berlin,4,2019,6,8,5,3,6,4,0,0,1,1,0,0,0,1,"13,32274","52,48883"
6880,196183,Berlin,1,2019,6,8,5,3,5,3,0,1,1,0,0,0,0,1,"13,35291","52,55323"
6881,196184,Berlin,9,2019,6,8,5,2,5,2,0,1,1,0,0,0,0,1,"13,52583","52,42304"
6882,196185,Berlin,6,2019,6,2,5,3,1,1,2,0,1,0,0,0,0,1,"13,31372","52,42646"
6883,196186,Berlin,2,2019,6,2,5,3,0,1,2,1,0,0,0,0,0,1,"13,43768","52,50625"
6884,196187,Berlin,1,2019,6,20,5,2,6,4,0,0,1,1,0,0,0,0,"13,41538","52,52271"
6885,196188,Berlin,9,2019,6,7,5,3,5,3,0,1,1,0,0,0,0,0,"13,50736","52,47489"
6886,196189,Berlin,4,2019,6,13,5,3,5,7,0,1,1,0,0,0,0,0,"13,28623","52,50961"
6887,196190,Berlin,2,2019,6,7,5,3,5,2,0,1,0,0,0,0,1,0,"13,39183","52,48939"
6888,196191,Berlin,7,2019,6,13,5,3,5,3,0,0,1,0,0,0,1,0,"13,37655","52,45999"
6889,196192,Berlin,1,2019,6,0,5,3,1,7,2,0,1,0,0,0,1,0,"13,34594","52,53811"
6890,196193,Berlin,2,2019,6,17,5,3,5,5,0,1,1,0,0,0,0,0,"13,44219","52,50419"
6891,196194,Berlin,8,2019,6,14,5,3,1,5,0,0,1,0,0,0,0,0,"13,43838","52,45317"
6892,196195,Berlin,6,2019,6,16,5,3,2,6,0,0,1,0,1,0,0,0,"13,3283","52,42871"
6893,196196,Berlin,3,2019,6,15,5,3,5,3,0,1,1,0,0,0,0,0,"13,49603","52,64174"
6894,196197,Berlin,4,2019,6,16,5,3,1,5,0,1,1,0,0,0,0,0,"13,33974","52,50342"
6895,196198,Berlin,4,2019,6,13,5,3,3,6,0,0,1,0,1,0,0,0,"13,29862","52,49534"
6896,196199,Berlin,12,2019,6,12,5,3,5,3,0,0,1,0,1,0,0,0,"13,24761","52,60984"
6897,196200,Berlin,6,2019,6,16,5,3,5,2,0,0,1,0,0,0,0,0,"13,32211","52,41037"
6898,196201,Berlin,9,2019,6,16,5,3,5,3,0,1,1,0,0,0,0,0,"13,53135","52,44224"
6899,196202,Berlin,2,2019,6,11,5,3,5,3,0,0,1,0,0,0,0,0,"13,41678","52,50431"
6900,196203,Berlin,5,2019,6,15,5,3,5,2,0,1,1,0,0,0,0,0,"13,19452","52,53364"
6901,196204,Berlin,9,2019,6,12,5,2,5,3,0,0,1,0,1,0,0,0,"13,62284","52,42538"
6902,196205,Berlin,4,2019,6,19,5,3,6,4,0,0,1,1,0,0,0,0,"13,31494","52,50031"
6903,196206,Berlin,5,2019,6,11,5,3,5,7,0,0,1,0,1,0,0,0,"13,25919","52,54755"
6904,196207,Berlin,8,2019,6,15,5,3,5,3,0,1,1,0,0,0,0,0,"13,44756","52,47615"
6905,196208,Berlin,2,2019,6,19,5,3,2,5,0,1,1,0,0,0,0,0,"13,42495","52,49971"
6906,196209,Berlin,11,2019,6,11,4,3,5,2,0,1,1,0,0,0,0,0,"13,52689","52,4921"
6907,196210,Berlin,8,2019,6,8,4,3,1,5,0,1,1,0,0,0,0,0,"13,4476","52,47625"
6908,196211,Berlin,8,2019,6,11,5,3,5,3,0,0,1,0,0,0,0,1,"13,43757","52,4485"
6909,196212,Berlin,4,2019,6,11,5,3,6,4,0,0,1,1,0,0,0,1,"13,30185","52,48862"
6910,196213,Berlin,2,2019,6,13,4,3,6,4,0,0,1,1,0,0,0,0,"13,39018","52,50669"
6911,196214,Berlin,8,2019,6,18,5,2,6,4,0,0,1,1,0,0,0,0,"13,4364","52,44916"
6912,196215,Berlin,4,2019,6,16,4,3,6,4,0,1,0,1,0,0,0,0,"13,28541","52,50793"
6913,196216,Berlin,1,2019,6,10,5,3,3,6,0,1,1,0,0,0,0,0,"13,38181","52,55206"
6914,196217,Berlin,7,2019,6,15,4,3,3,2,0,0,1,0,1,0,0,0,"13,32837","52,47119"
6915,196218,Berlin,2,2019,6,7,5,3,0,6,0,1,0,0,0,1,0,0,"13,44915","52,49708"
6916,196219,Berlin,3,2019,6,15,4,2,1,5,0,1,1,0,0,0,0,0,"13,40976","52,5594"
6917,196220,Berlin,7,2019,6,15,4,3,5,2,0,0,1,0,0,0,0,0,"13,33256","52,46903"
6918,196221,Berlin,6,2019,6,10,5,3,5,2,0,1,1,0,0,0,0,0,"13,30084","52,45585"
6919,196222,Berlin,1,2019,6,15,4,3,3,6,0,0,1,0,1,0,0,0,"13,40028","52,52958"
6920,196223,Berlin,1,2019,6,9,5,2,6,4,0,0,1,1,0,0,0,1,"13,35239","52,52412"
6921,196224,Berlin,1,2019,6,14,4,3,2,6,0,1,0,0,0,0,1,0,"13,39765","52,51536"
6922,196225,Berlin,7,2019,6,18,5,3,2,2,0,0,1,0,0,0,0,0,"13,38559","52,4661"
6923,196226,Berlin,4,2019,6,14,4,3,5,2,0,1,1,0,0,0,0,0,"13,3087","52,52916"
6924,196227,Berlin,7,2019,6,17,5,3,2,6,0,0,1,0,0,0,0,0,"13,34491","52,48245"
6925,196228,Berlin,4,2019,6,13,4,3,5,5,0,1,1,0,0,0,0,0,"13,32294","52,48995"
6926,196229,Berlin,1,2019,6,13,4,2,0,2,0,1,1,0,0,0,0,0,"13,39878","52,53259"
6927,196230,Berlin,1,2019,6,18,5,3,5,3,0,0,1,0,0,0,0,0,"13,37716","52,55476"
6928,196231,Berlin,2,2019,6,17,5,3,5,2,0,1,0,0,0,0,1,0,"13,41631","52,50171"
6929,196232,Berlin,2,2019,6,13,4,3,6,4,0,0,1,1,0,0,0,0,"13,46592","52,50889"
6930,196233,Berlin,1,2019,6,13,4,3,5,2,0,0,1,0,0,0,0,0,"13,36155","52,548"
6931,196234,Berlin,1,2019,6,17,5,3,2,2,0,0,1,0,1,0,0,0,"13,33634","52,54235"
6932,196235,Berlin,1,2019,6,12,4,3,5,5,0,0,1,0,1,0,0,0,"13,38846","52,52743"
6933,196236,Berlin,7,2019,6,12,4,3,5,2,0,1,1,0,0,0,0,0,"13,346","52,4943"
6934,196237,Berlin,4,2019,6,18,5,2,6,4,0,0,1,1,0,0,0,0,"13,28694","52,54017"
6935,196238,Berlin,1,2019,6,9,5,3,0,6,0,0,1,0,1,0,0,0,"13,32703","52,53611"
6936,196239,Berlin,4,2019,6,22,4,3,6,4,2,0,0,1,1,0,0,0,"13,33317","52,50655"
6937,196240,Berlin,4,2019,6,16,5,3,5,7,0,0,1,0,1,0,0,0,"13,32511","52,54156"
6938,196241,Berlin,12,2019,6,22,4,3,1,5,2,0,1,0,0,0,0,0,"13,32602","52,60109"
6939,196242,Berlin,2,2019,6,9,5,3,3,6,0,0,1,0,0,0,1,1,"13,4576","52,50201"
6940,196243,Berlin,9,2019,6,21,4,3,5,3,1,0,1,0,1,0,0,0,"13,61601","52,42936"
6941,196244,Berlin,7,2019,6,9,5,3,0,4,0,0,0,1,0,0,1,0,"13,38366","52,48383"
6942,196245,Berlin,1,2019,6,20,4,3,3,6,1,1,1,0,0,0,0,0,"13,40302","52,52447"
6943,196246,Berlin,4,2019,6,19,4,3,5,3,0,0,1,0,0,0,0,0,"13,29673","52,54812"
6944,196247,Berlin,9,2019,6,9,5,3,1,1,0,1,1,0,0,0,0,1,"13,57422","52,45416"
6945,196248,Berlin,2,2019,6,19,4,3,5,2,0,1,1,0,0,0,0,0,"13,40213","52,50603"
6946,196249,Berlin,1,2019,6,8,5,3,0,2,0,0,1,0,1,0,0,1,"13,38656","52,54942"
6947,196250,Berlin,4,2019,6,18,4,3,6,4,0,1,0,1,0,0,0,0,"13,28872","52,49665"
6948,196251,Berlin,9,2019,6,17,5,3,5,2,0,1,1,0,0,0,0,0,"13,50254","52,46132"
6949,196252,Berlin,5,2019,6,17,4,3,2,6,0,0,1,0,0,0,0,0,"13,21812","52,56033"
6950,196253,Berlin,1,2019,6,10,5,3,0,1,0,0,0,0,1,0,0,1,"13,37656","52,5432"
6951,196254,Berlin,6,2019,6,17,4,3,5,2,0,1,1,0,0,0,0,0,"13,27057","52,45102"
6952,196255,Berlin,1,2019,6,17,4,3,1,5,0,1,1,0,0,0,0,0,"13,38114","52,53211"
6953,196256,Berlin,3,2019,6,16,5,3,4,1,0,0,1,0,0,0,0,1,"13,40811","52,54132"
6954,196257,Berlin,4,2019,6,15,5,3,3,6,0,0,1,0,0,0,0,0,"13,29419","52,53444"
6955,196258,Berlin,10,2019,6,10,4,3,0,2,0,0,1,0,1,0,0,0,"13,51751","52,53541"
6956,196259,Berlin,2,2019,6,10,4,3,2,6,0,0,1,0,1,0,0,0,"13,44613","52,52602"
6957,196260,Berlin,1,2019,6,15,5,3,6,4,0,0,1,1,0,0,0,0,"13,41557","52,52725"
6958,196261,Berlin,9,2019,6,9,4,3,2,6,0,1,1,0,0,0,0,0,"13,45286","52,49301"
6959,196262,Berlin,4,2019,6,15,5,3,0,2,0,1,1,0,0,0,0,0,"13,24952","52,52381"
6960,196263,Berlin,6,2019,6,9,4,3,6,2,0,0,1,1,0,0,0,0,"13,33603","52,43074"
6961,196264,Berlin,3,2019,6,8,4,3,1,1,0,0,1,0,0,0,1,0,"13,40855","52,56607"
6962,196265,Berlin,2,2019,6,8,4,3,2,6,0,1,0,0,0,0,0,0,"13,43665","52,50376"
6963,196266,Berlin,3,2019,6,8,5,3,0,1,0,1,0,0,0,0,0,1,"13,45321","52,54443"
6964,196267,Berlin,1,2019,6,8,4,3,5,2,0,1,1,0,0,0,0,0,"13,41164","52,52396"
6965,196268,Berlin,1,2019,6,18,4,2,5,3,0,0,1,0,0,0,0,0,"13,39607","52,53818"
6966,196269,Berlin,11,2019,6,8,4,3,2,6,0,0,1,0,0,0,0,0,"13,48936","52,5339"
6967,196270,Berlin,3,2019,6,8,4,3,5,3,0,1,1,0,0,0,0,0,"13,49307","52,62386"
6968,196271,Berlin,2,2019,6,14,4,3,0,3,0,1,0,0,0,0,0,1,"13,41439","52,49315"
6969,196272,Berlin,10,2019,6,7,4,3,2,6,0,0,1,0,0,0,0,0,"13,59202","52,54857"
6970,196273,Berlin,1,2019,6,7,4,3,1,5,0,1,1,0,0,0,0,0,"13,3793","52,52458"
6971,196274,Berlin,4,2019,6,23,4,3,0,1,2,0,1,0,1,0,0,0,"13,30757","52,52327"
6972,196275,Berlin,7,2019,6,7,4,3,2,6,0,0,1,0,0,0,0,0,"13,39779","52,42409"
6973,196276,Berlin,7,2019,6,21,4,3,6,4,0,0,0,1,0,0,1,0,"13,39252","52,43991"
6974,196277,Berlin,3,2019,6,6,4,3,6,4,0,1,0,1,0,0,0,0,"13,45274","52,53395"
6975,196278,Berlin,2,2019,6,4,4,3,3,6,1,0,1,0,0,0,0,0,"13,38606","52,48737"
6976,196279,Berlin,8,2019,6,20,4,3,5,3,0,0,1,0,0,0,0,0,"13,46826","52,47206"
6977,196280,Berlin,12,2019,6,19,4,3,5,3,0,0,1,0,1,0,0,0,"13,2771","52,58505"
6978,196281,Berlin,7,2019,6,12,4,2,5,3,0,1,0,0,0,0,1,0,"13,40015","52,4641"
6979,196282,Berlin,3,2019,6,11,4,3,0,2,0,0,1,0,1,0,0,0,"13,3772","52,57748"
6980,196283,Berlin,1,2019,6,18,4,3,1,5,0,1,1,0,0,0,0,0,"13,36097","52,54456"
6981,196284,Berlin,1,2019,6,11,4,3,6,7,0,0,0,1,0,0,1,0,"13,42237","52,50509"
6982,196285,Berlin,10,2019,6,17,4,3,5,3,0,1,1,0,0,0,0,0,"13,57448","52,555"
6983,196286,Berlin,2,2019,6,10,4,3,3,6,0,1,0,0,0,0,0,0,"13,37916","52,50689"
6984,196287,Berlin,1,2019,6,22,4,3,0,2,2,0,1,0,0,0,1,0,"13,36574","52,52534"
6985,196288,Berlin,10,2019,6,10,4,3,0,2,0,0,1,0,0,0,1,0,"13,55886","52,53637"
6986,196289,Berlin,1,2019,6,9,4,3,5,2,0,0,1,0,0,0,0,0,"13,40251","52,51185"
6987,196290,Berlin,4,2019,6,10,4,3,5,3,0,1,0,0,0,0,0,0,"13,30074","52,48946"
6988,196291,Berlin,6,2019,6,13,4,3,5,3,0,0,1,0,0,0,1,0,"13,31777","52,4579"
6989,196292,Berlin,5,2019,6,9,4,2,5,2,0,0,1,0,0,0,0,0,"13,18517","52,52707"
6990,196293,Berlin,1,2019,6,18,4,3,0,7,0,1,0,0,0,0,0,0,"13,41591","52,52035"
6991,196294,Berlin,1,2019,6,11,3,3,3,6,0,0,0,0,1,0,1,0,"13,32931","52,52387"