,id,city,district,year,month,hour,weekday,injury_level,collision,movement,light_conditions,bicycle,car,pedestrian,motorbike,truck,other_vehicle,road_conditions,longitude,latitude
6992,196295,Berlin,1,2019,6,9,4,3,2,6,0,0,1,0,0,0,0,0,"13,37818","52,55621"
6993,196296,Berlin,1,2019,6,10,3,3,5,2,0,1,1,0,0,0,0,0,"13,35061","52,53251"
6994,196297,Berlin,5,2019,6,8,4,3,5,2,0,1,1,0,0,0,0,0,"13,26732","52,5312"
6995,196298,Berlin,8,2019,6,21,3,3,1,5,0,1,1,0,0,0,0,0,"13,43986","52,48056"
6996,196299,Berlin,7,2019,6,7,4,3,1,5,0,1,1,0,0,0,0,0,"13,34855","52,40655"
6997,196300,Berlin,2,2019,6,20,3,3,2,6,0,0,1,0,0,0,0,0,"13,45162","52,51077"
6998,196301,Berlin,6,2019,6,7,4,3,1,5,0,0,0,0,1,0,1,0,"13,32449","52,46414"
6999,196302,Berlin,4,2019,6,13,3,3,2,6,0,0,0,0,1,1,0,0,"13,29858","52,54808"
7000,196303,Berlin,7,2019,6,13,3,3,5,2,0,1,1,0,0,0,0,0,"13,41939","52,39477"
7001,196304,Berlin,10,2019,6,7,4,3,5,3,0,1,1,0,0,0,0,0,"13,61378","52,49091"
7002,196305,Berlin,2,2019,6,10,3,3,3,6,0,0,1,0,0,0,1,0,"13,43223","52,51511"
7003,196306,Berlin,6,2019,6,7,4,3,5,3,0,1,0,0,0,0,0,0,"13,25247","52,45038"
7004,196307,Berlin,12,2019,6,13,3,3,5,3,0,1,1,0,0,0,0,0,"13,36693","52,5654"
7005,196308,Berlin,5,2019,6,12,3,3,5,2,0,1,0,0,0,1,0,0,"13,17051","52,53366"
7006,196309,Berlin,9,2019,6,7,4,2,5,2,0,1,1,0,0,0,0,0,"13,56397","52,4381"
7007,196310,Berlin,2,2019,6,11,3,3,3,6,0,0,1,0,0,0,1,0,"13,46479","52,49763"
7008,196311,Berlin,2,2019,6,6,4,3,5,2,0,0,1,0,0,0,0,0,"13,44347","52,51189"
7009,196312,Berlin,10,2019,6,11,3,2,3,6,0,1,0,0,0,0,1,0,"13,57951","52,51334"
7010,196313,Berlin,7,2019,6,1,4,3,2,6,2,1,1,0,0,0,0,0,"13,37883","52,48028"
7011,196314,Berlin,1,2019,6,10,3,2,5,5,0,0,1,0,1,0,0,0,"13,34719","52,54378"
7012,196315,Berlin,3,2019,6,7,4,3,0,7,0,1,0,0,0,0,0,0,"13,46945","52,55604"
7013,196316,Berlin,1,2019,6,10,3,3,2,6,0,0,1,0,0,0,0,0,"13,40182","52,5399"
7014,196317,Berlin,4,2019,6,19,3,3,4,2,0,0,1,0,0,0,0,0,"13,28322","52,51851"
7015,196318,Berlin,8,2019,6,16,4,3,5,2,0,1,0,0,0,0,1,0,"13,43719","52,43953"
7016,196319,Berlin,2,2019,6,16,4,3,5,3,0,1,1,0,0,0,0,0,"13,41179","52,501"
7017,196320,Berlin,2,2019,6,8,3,3,5,2,0,1,1,0,0,0,0,0,"13,39778","52,4953"
7018,196321,Berlin,7,2019,6,15,4,3,1,5,0,1,1,0,0,0,0,0,"13,33855","52,48124"
7019,196322,Berlin,3,2019,6,8,3,3,5,3,0,1,1,0,0,0,0,0,"13,45617","52,55552"
7020,196323,Berlin,11,2019,6,13,4,3,6,4,0,0,0,1,0,0,1,0,"13,49827","52,54711"
7021,196324,Berlin,2,2019,6,8,3,3,5,2,0,1,0,0,0,0,0,0,"13,39728","52,48889"
7022,196325,Berlin,12,2019,6,15,4,3,5,2,0,0,1,0,0,0,0,0,"13,36193","52,56863"
7023,196326,Berlin,1,2019,6,19,3,3,5,2,0,1,1,0,0,0,0,0,"13,42237","52,52008"
7024,196327,Berlin,1,2019,6,8,3,3,0,1,0,1,0,0,0,0,0,0,"13,39904","52,53239"
7025,196328,Berlin,1,2019,6,15,4,3,1,5,0,1,1,0,0,0,0,0,"13,38523","52,55261"
7026,196329,Berlin,6,2019,6,8,3,2,5,7,0,0,1,0,0,0,0,0,"13,33707","52,43253"
7027,196330,Berlin,1,2019,6,14,4,2,5,2,0,0,1,0,1,0,0,0,"13,39593","52,53825"
7028,196331,Berlin,1,2019,6,8,3,3,0,1,0,1,0,0,0,0,0,0,"13,39905","52,53238"
7029,196332,Berlin,8,2019,6,11,4,3,3,2,0,1,1,0,0,0,0,0,"13,42503","52,45796"
7030,196333,Berlin,8,2019,6,18,3,3,5,2,0,1,0,0,0,0,1,0,"13,45197","52,45253"
7031,196334,Berlin,4,2019,6,12,4,3,2,6,0,1,1,0,0,0,0,0,"13,33107","52,50194"
7032,196335,Berlin,2,2019,6,18,3,3,5,2,0,1,1,0,0,0,0,0,"13,39436","52,50696"
7033,196336,Berlin,9,2019,6,18,3,3,5,2,0,0,1,0,1,0,0,0,"13,48838","52,45133"
7034,196337,Berlin,8,2019,6,11,4,2,5,2,0,0,1,0,1,0,0,0,"13,42998","52,46983"
7035,196338,Berlin,2,2019,6,18,3,3,5,2,0,1,0,0,0,1,0,0,"13,44061","52,51702"
7036,196339,Berlin,9,2019,6,11,4,3,2,6,0,0,1,0,0,0,0,0,"13,56289","52,44598"
7037,196340,Berlin,9,2019,6,18,3,2,5,2,0,1,1,0,0,0,0,0,"13,51726","52,45447"
7038,196341,Berlin,9,2019,6,10,4,3,5,3,0,1,1,0,0,0,0,0,"13,53928","52,45074"
7039,196342,Berlin,1,2019,6,17,3,2,5,7,0,1,1,0,0,0,0,0,"13,38651","52,51275"
7040,196343,Berlin,4,2019,6,10,4,3,2,6,0,0,1,0,0,0,1,0,"13,28099","52,54845"
7041,196344,Berlin,10,2019,6,13,3,3,5,3,0,1,1,0,0,0,0,0,"13,56599","52,52904"
7042,196345,Berlin,5,2019,6,15,3,3,6,2,0,0,1,1,0,0,0,0,"13,23369","52,53958"
7043,196346,Berlin,6,2019,6,10,4,3,5,3,0,0,1,0,1,0,0,0,"13,33743","52,41144"
7044,196347,Berlin,7,2019,6,10,4,3,0,5,0,0,1,0,0,0,0,0,"13,38653","52,46858"
7045,196348,Berlin,9,2019,6,16,3,2,5,3,0,1,0,0,0,1,0,0,"13,59793","52,43862"
7046,196349,Berlin,6,2019,6,16,3,3,2,6,0,0,1,0,0,1,0,0,"13,34546","52,43611"
7047,196350,Berlin,1,2019,6,9,4,3,5,3,0,1,0,0,1,0,0,0,"13,42228","52,50551"
7048,196351,Berlin,2,2019,6,16,3,3,2,2,0,0,1,0,0,0,0,0,"13,39491","52,49615"
7049,196352,Berlin,8,2019,6,13,3,3,2,6,0,0,1,0,0,0,0,0,"13,47041","52,42919"
7050,196353,Berlin,7,2019,6,16,3,3,0,2,0,1,1,0,0,0,0,0,"13,37777","52,46863"
7051,196354,Berlin,3,2019,6,15,3,2,0,1,0,1,0,0,0,0,0,0,"13,40377","52,55126"
7052,196355,Berlin,3,2019,6,10,3,3,5,3,0,1,1,0,0,0,0,0,"13,41178","52,58176"
7053,196356,Berlin,7,2019,6,15,3,2,3,6,0,0,0,0,1,1,0,0,"13,36297","52,45595"
7054,196357,Berlin,4,2019,6,15,3,3,5,2,0,0,1,0,0,0,0,0,"13,31387","52,50631"
7055,196358,Berlin,2,2019,6,16,3,3,6,7,0,1,0,1,0,0,0,0,"13,40545","52,49689"
7056,196359,Berlin,5,2019,6,14,3,3,5,3,0,1,1,0,0,0,0,0,"13,19435","52,53381"
7057,196360,Berlin,7,2019,6,11,3,3,1,5,0,1,1,0,0,0,0,0,"13,38724","52,4606"
7058,196361,Berlin,1,2019,6,8,3,3,0,5,0,0,1,0,1,0,0,0,"13,41392","52,51156"
7059,196362,Berlin,4,2019,6,7,3,2,1,5,0,1,1,0,0,0,0,0,"13,32607","52,50793"
7060,196363,Berlin,4,2019,6,0,3,3,1,1,2,0,1,0,0,0,0,0,"13,298","52,5248"
7061,196364,Berlin,11,2019,6,6,3,3,2,6,0,0,1,0,0,1,0,0,"13,4681","52,54625"
7062,196365,Berlin,2,2019,6,18,3,3,5,2,0,1,1,0,0,0,0,0,"13,4096","52,504"
7063,196366,Berlin,1,2019,6,1,3,3,0,1,2,0,0,0,0,0,1,0,"13,39781","52,53554"
7064,196367,Berlin,2,2019,6,19,2,3,5,2,0,1,0,0,1,0,0,0,"13,41102","52,5038"
7065,196368,Berlin,3,2019,6,3,3,3,0,1,2,0,0,0,1,0,0,0,"13,3654","52,58373"
7066,196369,Berlin,4,2019,6,15,3,3,0,4,0,1,0,1,0,0,0,0,"13,33443","52,50185"
7067,196370,Berlin,8,2019,6,11,2,3,2,6,0,0,1,0,0,1,0,0,"13,44798","52,4644"
7068,196371,Berlin,1,2019,6,19,2,3,5,3,0,0,1,0,0,0,1,0,"13,40456","52,52021"
7069,196372,Berlin,4,2019,6,9,3,3,5,3,0,1,0,0,0,0,0,0,"13,32932","52,48136"
7070,196373,Berlin,4,2019,6,15,2,3,3,2,0,1,0,0,0,0,1,0,"13,31128","52,50881"
7071,196374,Berlin,3,2019,6,15,3,3,6,4,0,1,0,1,0,0,0,0,"13,42854","52,55163"
7072,196375,Berlin,1,2019,6,18,2,3,6,4,0,1,0,1,0,0,0,0,"13,35728","52,54506"
7073,196376,Berlin,6,2019,6,18,2,3,5,2,0,1,1,0,0,0,0,0,"13,3353","52,45136"
7074,196377,Berlin,1,2019,6,15,3,3,2,6,0,0,1,0,0,0,0,0,"13,41663","52,51133"
7075,196378,Berlin,12,2019,6,14,2,3,5,3,0,1,0,0,0,0,1,0,"13,3412","52,61586"
7076,196379,Berlin,5,2019,6,16,2,3,5,3,0,1,1,0,0,0,0,0,"13,19655","52,56295"
7077,196380,Berlin,8,2019,6,20,3,3,1,5,1,1,1,0,0,0,0,0,"13,44022","52,47756"
7078,196381,Berlin,3,2019,6,16,2,2,5,3,0,1,0,0,0,0,0,0,"13,49753","52,61062"
7079,196382,Berlin,8,2019,6,16,3,3,5,3,0,0,1,0,0,0,0,0,"13,43815","52,46707"
7080,196383,Berlin,2,2019,6,20,2,3,3,6,0,0,1,0,0,0,0,0,"13,42382","52,48849"
7081,196384,Berlin,1,2019,6,17,2,3,5,2,0,1,1,0,0,0,0,0,"13,33651","52,54212"
7082,196385,Berlin,6,2019,6,16,3,3,5,7,0,1,0,0,0,0,0,0,"13,34832","52,42853"
7083,196386,Berlin,1,2019,6,16,3,3,6,4,0,0,0,1,0,0,1,0,"13,36099","52,55533"
7084,196387,Berlin,7,2019,6,18,2,3,5,5,0,1,1,0,0,0,0,0,"13,38226","52,39704"
7085,196388,Berlin,10,2019,6,17,2,3,4,6,0,1,0,0,0,0,0,0,"13,56467","52,54502"
7086,196389,Berlin,1,2019,6,16,3,3,0,6,0,1,0,0,0,0,1,0,"13,36413","52,52706"
7087,196390,Berlin,4,2019,6,17,2,3,5,3,0,0,1,0,0,0,0,0,"13,31402","52,50635"
7088,196391,Berlin,11,2019,6,15,3,3,3,6,0,1,1,0,0,0,0,0,"13,48825","52,54046"
7089,196392,Berlin,1,2019,6,17,2,3,2,6,0,0,1,0,1,0,0,0,"13,34337","52,53178"
7090,196393,Berlin,7,2019,6,16,2,3,3,6,0,0,1,0,1,0,0,0,"13,34646","52,5012"
7091,196394,Berlin,4,2019,6,10,2,3,5,2,0,0,1,0,1,0,0,0,"13,31698","52,5025"
7092,196395,Berlin,7,2019,6,14,3,3,5,2,0,0,1,0,1,0,0,0,"13,37628","52,40915"
7093,196396,Berlin,7,2019,6,9,2,3,5,3,0,0,1,0,0,0,0,0,"13,38285","52,48041"
7094,196397,Berlin,8,2019,6,15,3,3,5,7,0,0,1,0,0,0,1,0,"13,43534","52,46013"
7095,196398,Berlin,2,2019,6,18,2,2,2,6,0,0,1,0,1,0,0,0,"13,41174","52,48845"
7096,196399,Berlin,3,2019,6,15,3,3,6,4,0,0,1,1,0,0,0,0,"13,43042","52,5288"
7097,196400,Berlin,1,2019,6,8,2,3,5,2,0,1,0,0,0,0,1,0,"13,3591","52,54628"
7098,196401,Berlin,10,2019,6,15,3,3,5,2,0,1,1,0,0,0,0,0,"13,55727","52,5072"
7099,196402,Berlin,1,2019,6,17,2,2,6,4,0,0,1,1,0,0,0,0,"13,38546","52,55024"
7100,196403,Berlin,7,2019,6,15,3,3,2,6,0,0,0,0,1,0,1,0,"13,37544","52,45571"
7101,196404,Berlin,4,2019,6,18,2,3,2,6,0,0,1,0,0,0,0,0,"13,31077","52,50639"
7102,196405,Berlin,1,2019,6,15,3,2,0,1,0,1,0,0,0,0,0,0,"13,39263","52,55525"
7103,196406,Berlin,5,2019,6,18,2,3,5,3,0,0,1,0,0,0,0,0,"13,19768","52,52035"
7104,196407,Berlin,9,2019,6,16,2,3,5,2,0,0,0,0,1,0,1,0,"13,48304","52,44666"
7105,196408,Berlin,4,2019,6,16,3,3,6,7,0,0,1,1,0,0,0,0,"13,31998","52,50176"
7106,196409,Berlin,7,2019,6,18,2,3,2,6,0,0,1,0,0,0,0,0,"13,37848","52,47745"
7107,196410,Berlin,1,2019,6,11,3,3,6,4,0,0,1,1,0,0,0,0,"13,39038","52,50758"
7108,196411,Berlin,12,2019,6,15,2,2,1,5,0,0,1,0,0,0,0,0,"13,30104","52,59954"
7109,196412,Berlin,1,2019,6,15,2,3,5,2,0,1,1,0,0,0,0,0,"13,41714","52,51244"
7110,196413,Berlin,7,2019,6,13,3,3,1,7,0,0,1,0,0,0,0,0,"13,4028","52,40379"
7111,196414,Berlin,6,2019,6,15,2,3,5,2,0,0,1,0,0,0,0,0,"13,27063","52,45099"
7112,196415,Berlin,7,2019,6,12,3,3,5,3,0,0,1,0,0,0,0,0,"13,35999","52,47541"
7113,196416,Berlin,12,2019,6,8,2,3,5,2,0,1,1,0,0,0,0,0,"13,32504","52,57576"
7114,196417,Berlin,9,2019,6,12,3,3,5,2,0,0,1,0,1,0,0,0,"13,57568","52,4237"
7115,196418,Berlin,7,2019,6,10,2,3,5,2,0,0,1,0,1,0,0,0,"13,32835","52,47343"
7116,196419,Berlin,2,2019,6,12,3,3,5,3,0,0,1,0,1,0,0,0,"13,4321","52,5057"
7117,196420,Berlin,4,2019,6,15,2,3,5,7,0,0,1,0,0,0,0,0,"13,3166","52,5"
7118,196421,Berlin,7,2019,6,15,2,3,5,3,0,0,1,0,0,0,0,0,"13,34492","52,50038"
7119,196422,Berlin,10,2019,6,12,3,3,0,7,0,0,1,0,0,0,0,0,"13,56151","52,50133"
7120,196423,Berlin,12,2019,6,12,3,3,5,3,0,0,1,0,0,0,0,0,"13,34111","52,6001"
7121,196424,Berlin,7,2019,6,15,2,3,2,6,0,0,1,0,0,0,1,0,"13,37478","52,45546"
7122,196425,Berlin,10,2019,6,11,3,3,5,5,0,0,1,0,0,0,0,0,"13,56932","52,57041"
7123,196426,Berlin,2,2019,6,6,2,3,2,7,0,0,1,0,1,0,0,0,"13,46734","52,51598"
7124,196427,Berlin,9,2019,6,21,3,3,6,2,2,0,1,1,0,0,0,0,"13,49126","52,46906"
7125,196428,Berlin,3,2019,6,6,2,3,5,2,0,1,0,0,0,0,1,0,"13,45423","52,56215"
7126,196429,Berlin,3,2019,6,7,2,3,2,7,0,1,0,0,0,0,1,0,"13,42521","52,54348"
7127,196430,Berlin,11,2019,6,19,3,3,5,3,0,1,0,0,0,0,0,0,"13,47022","52,53164"
7128,196431,Berlin,2,2019,6,18,3,3,2,6,0,1,1,0,0,0,0,0,"13,41351","52,50286"
7129,196432,Berlin,4,2019,6,14,2,3,5,2,0,0,1,0,0,0,0,0,"13,3014","52,51916"
7130,196433,Berlin,7,2019,6,16,2,3,2,6,0,0,1,0,0,0,1,0,"13,39434","52,45396"
7131,196434,Berlin,8,2019,6,19,3,3,0,6,0,0,1,0,0,0,1,0,"13,43175","52,46677"
7132,196435,Berlin,6,2019,6,14,2,3,3,6,0,0,1,0,1,0,0,0,"13,27219","52,4532"
7133,196436,Berlin,8,2019,6,19,3,2,6,4,0,0,1,1,0,0,0,0,"13,41674","52,4804"
7134,196437,Berlin,2,2019,6,13,2,3,6,7,0,0,0,1,0,0,1,0,"13,42176","52,4872"
7135,196438,Berlin,12,2019,6,12,2,3,0,2,0,0,1,0,1,0,0,0,"13,29222","52,59058"
7136,196439,Berlin,4,2019,6,18,3,3,5,2,0,0,1,0,0,0,0,0,"13,30815","52,4778"
7137,196440,Berlin,3,2019,6,11,2,3,3,6,0,0,1,0,0,0,0,0,"13,44531","52,6156"
7138,196441,Berlin,5,2019,6,18,3,3,3,6,0,0,1,0,0,0,0,0,"13,16426","52,53341"
7139,196442,Berlin,1,2019,6,23,2,2,6,2,2,0,1,1,0,0,0,0,"13,3925","52,52428"
7140,196443,Berlin,12,2019,6,18,3,3,2,2,0,1,1,0,0,0,0,0,"13,28084","52,59391"
7141,196444,Berlin,8,2019,6,21,2,3,3,6,2,1,1,0,0,0,0,0,"13,42883","52,49322"
7142,196445,Berlin,8,2019,6,11,3,3,2,6,0,0,1,0,0,0,0,0,"13,45384","52,46935"
7143,196446,Berlin,3,2019,6,11,2,3,5,3,0,1,1,0,0,0,0,0,"13,39859","52,56929"
7144,196447,Berlin,11,2019,6,10,2,3,5,2,0,0,1,0,0,0,1,0,"13,52685","52,48659"
7145,196448,Berlin,1,2019,6,17,3,3,5,3,0,1,0,0,0,0,0,0,"13,34244","52,52396"
7146,196449,Berlin,6,2019,6,11,3,3,5,3,0,1,1,0,0,0,0,0,"13,23369","52,44726"
7147,196450,Berlin,1,2019,6,21,2,2,6,4,1,0,0,1,0,0,1,0,"13,42374","52,52364"
7148,196451,Berlin,9,2019,6,10,2,3,5,3,0,1,1,0,0,0,0,0,"13,58754","52,43901"
7149,196452,Berlin,1,2019,6,10,3,3,2,6,0,0,1,0,0,0,0,0,"13,41944","52,51503"
7150,196453,Berlin,4,2019,6,10,2,3,6,4,0,0,1,1,0,0,0,0,"13,32869","52,51425"
7151,196454,Berlin,12,2019,6,17,3,3,2,6,0,0,1,0,0,0,0,0,"13,34724","52,57857"
7152,196455,Berlin,7,2019,6,10,2,3,1,5,0,1,1,0,0,0,0,0,"13,38295","52,46566"
7153,196456,Berlin,4,2019,6,16,3,3,2,6,0,0,1,0,1,0,0,0,"13,33077","52,49218"
7154,196457,Berlin,1,2019,6,20,2,2,5,2,0,0,1,0,0,0,1,0,"13,3532","52,50228"
7155,196458,Berlin,4,2019,6,10,3,3,1,5,0,1,1,0,0,0,0,0,"13,33792","52,50181"
7156,196459,Berlin,4,2019,6,17,2,3,0,7,0,0,0,0,1,0,0,1,"13,307","52,51737"
7157,196460,Berlin,1,2019,6,9,3,3,5,3,0,0,1,0,0,0,0,0,"13,39136","52,55026"
7158,196461,Berlin,6,2019,6,9,2,3,5,2,0,0,1,0,0,0,0,0,"13,31387","52,42358"
7159,196462,Berlin,2,2019,6,9,3,3,3,6,0,1,0,0,1,0,0,0,"13,38601","52,50655"
7160,196463,Berlin,5,2019,6,9,2,3,5,3,0,0,1,0,0,0,0,0,"13,15578","52,52164"
7161,196464,Berlin,11,2019,6,9,2,3,6,4,0,0,0,1,1,0,0,0,"13,49761","52,49973"
7162,196465,Berlin,1,2019,6,16,3,3,2,6,0,0,1,0,1,0,0,0,"13,33431","52,54113"
7163,196466,Berlin,1,2019,6,9,2,2,5,2,0,1,1,0,0,0,0,0,"13,35126","52,55836"
7164,196467,Berlin,12,2019,6,9,3,3,5,2,0,1,1,0,0,0,0,0,"13,32195","52,60746"
7165,196468,Berlin,11,2019,6,9,2,3,5,3,0,0,1,0,1,0,0,0,"13,49391","52,50285"
7166,196469,Berlin,11,2019,6,16,3,3,3,6,0,0,1,0,0,1,0,0,"13,47143","52,53858"
7167,196470,Berlin,9,2019,6,8,2,2,5,2,0,1,1,0,0,0,0,0,"13,5804","52,45551"
7168,196471,Berlin,10,2019,6,16,3,3,5,3,0,1,1,0,0,0,0,0,"13,58084","52,48519"
7169,196472,Berlin,9,2019,6,8,2,3,0,6,0,1,0,0,0,1,0,0,"13,50889","52,46382"
7170,196473,Berlin,7,2019,6,8,2,3,2,6,0,0,1,0,0,0,0,0,"13,38613","52,44396"
7171,196474,Berlin,1,2019,6,9,3,3,2,6,0,0,1,0,0,0,0,0,"13,34321","52,5321"
7172,196475,Berlin,1,2019,6,16,3,3,3,6,0,1,1,0,0,0,0,0,"13,42231","52,50946"
7173,196476,Berlin,10,2019,6,8,2,3,5,2,0,0,1,0,0,0,0,0,"13,56573","52,5291"
7174,196477,Berlin,4,2019,6,18,2,3,2,6,0,0,1,0,0,0,1,0,"13,3033","52,51855"
7175,196478,Berlin,2,2019,6,9,3,3,5,2,0,1,1,0,0,0,0,0,"13,38021","52,50607"
7176,196479,Berlin,4,2019,6,9,1,3,5,2,0,1,1,0,0,0,0,0,"13,29646","52,49262"
7177,196480,Berlin,9,2019,6,16,3,3,1,5,0,1,1,0,0,0,1,0,"13,5812","52,44313"
7178,196481,Berlin,11,2019,6,0,1,3,5,3,2,0,1,0,0,0,0,0,"13,53039","52,48659"
7179,196482,Berlin,5,2019,6,1,1,2,0,1,2,0,1,0,1,0,0,0,"13,2317","52,54502"
7180,196483,Berlin,1,2019,6,8,3,3,5,3,0,0,1,0,1,0,0,0,"13,34901","52,51476"
7181,196484,Berlin,1,2019,6,9,1,3,2,6,0,0,1,0,0,0,1,0,"13,35192","52,54301"
7182,196485,Berlin,12,2019,6,9,1,3,5,3,0,0,1,0,0,0,0,0,"13,30152","52,61129"
7183,196486,Berlin,2,2019,6,8,3,3,5,2,0,1,0,0,0,0,1,0,"13,41098","52,50382"
7184,196487,Berlin,9,2019,6,11,1,3,0,2,0,0,1,0,1,0,0,0,"13,52723","52,43601"
7185,196488,Berlin,8,2019,6,22,1,3,1,5,1,1,1,0,0,0,0,0,"13,44319","52,48401"
7186,196489,Berlin,5,2019,6,7,3,3,3,6,0,0,1,0,1,0,0,0,"13,19964","52,53511"
7187,196490,Berlin,1,2019,6,21,1,2,5,3,1,0,1,0,1,0,0,0,"13,38981","52,5317"
7188,196491,Berlin,1,2019,6,8,3,3,5,2,0,1,1,0,0,0,0,0,"13,32969","52,52282"
7189,196492,Berlin,1,2019,6,21,1,3,1,5,1,1,1,0,0,0,1,0,"13,33412","52,54706"
7190,196493,Berlin,5,2019,6,6,3,3,2,2,0,0,1,0,1,0,0,0,"13,22684","52,53777"
7191,196494,Berlin,1,2019,6,20,1,2,2,6,0,0,1,0,1,0,0,0,"13,38173","52,53164"
7192,196495,Berlin,1,2019,6,8,3,3,5,2,0,0,1,0,0,0,1,0,"13,39104","52,54465"
7193,196496,Berlin,10,2019,6,19,1,3,5,7,0,1,1,0,0,0,0,0,"13,55551","52,51826"
7194,196497,Berlin,10,2019,6,19,1,3,5,3,0,0,1,0,1,0,0,0,"13,60113","52,47924"
7195,196498,Berlin,9,2019,6,7,3,3,5,3,0,1,1,0,0,0,0,0,"13,58622","52,42558"
7196,196499,Berlin,12,2019,6,7,3,3,5,2,0,0,1,0,1,0,0,0,"13,33291","52,59544"
7197,196500,Berlin,7,2019,6,17,1,3,1,5,0,1,1,0,0,0,0,0,"13,36481","52,48802"
7198,196501,Berlin,7,2019,6,17,1,3,1,5,0,1,1,0,0,0,0,0,"13,37659","52,47246"
7199,196502,Berlin,3,2019,6,7,3,3,5,2,0,1,1,0,0,0,0,0,"13,45341","52,59131"
7200,196503,Berlin,8,2019,6,17,1,3,0,6,0,0,1,0,1,0,0,0,"13,4427","52,46519"
7201,196504,Berlin,5,2019,6,6,3,3,5,3,0,1,1,0,0,0,0,0,"13,19818","52,55174"
7202,196505,Berlin,6,2019,6,14,1,3,5,3,0,0,1,0,0,0,0,0,"13,28462","52,44578"
7203,196506,Berlin,1,2019,6,14,2,3,6,4,0,0,1,1,0,0,0,0,"13,37718","52,51224"
7204,196507,Berlin,3,2019,6,14,1,3,5,2,0,0,1,0,0,0,0,0,"13,39664","52,59014"
7205,196508,Berlin,1,2019,6,17,2,3,5,7,0,0,1,0,0,0,0,0,"13,40036","52,52959"
7206,196509,Berlin,9,2019,6,14,1,3,2,7,0,1,1,0,0,0,0,0,"13,45385","52,49557"
7207,196510,Berlin,6,2019,6,14,1,3,5,3,0,1,1,0,0,0,0,0,"13,20625","52,43523"
7208,196511,Berlin,4,2019,6,12,2,3,5,2,0,0,1,0,1,0,0,0,"13,28386","52,51279"
7209,196512,Berlin,5,2019,7,19,5,3,6,6,0,0,1,1,0,0,0,0,"13,14532","52,54386"
7210,196513,Berlin,2,2019,7,19,5,2,5,2,0,1,1,0,0,0,0,0,"13,40032","52,49024"
7211,196514,Berlin,1,2019,7,18,5,3,6,7,0,1,0,1,0,0,0,0,"13,3452","52,55422"
7212,196515,Berlin,1,2019,7,17,5,2,5,2,0,0,1,0,1,0,0,0,"13,37743","52,50956"
7213,196516,Berlin,9,2019,7,17,5,2,5,3,0,1,1,0,0,0,0,0,"13,63129","52,45678"
7214,196517,Berlin,8,2019,7,17,5,3,5,2,0,0,1,0,0,0,0,0,"13,43193","52,46645"
7215,196518,Berlin,2,2019,7,17,5,3,5,2,0,1,1,0,0,0,0,0,"13,44172","52,50125"
7216,196519,Berlin,1,2019,7,16,5,2,0,4,0,1,0,1,0,0,0,0,"13,39689","52,52857"
7217,196520,Berlin,4,2019,7,15,5,3,0,7,0,0,0,0,1,0,1,1,"13,32038","52,48327"
7218,196521,Berlin,5,2019,7,16,5,2,6,4,0,0,1,1,0,0,0,0,"13,1943","52,52898"
7219,196522,Berlin,3,2019,7,16,5,2,5,3,0,1,1,0,0,0,0,0,"13,50087","52,63582"
7220,196523,Berlin,8,2019,7,14,5,2,5,3,0,0,1,0,1,0,0,0,"13,45722","52,4532"
7221,196524,Berlin,10,2019,7,13,5,3,1,5,0,1,1,0,0,0,0,0,"13,55778","52,50216"
7222,196525,Berlin,2,2019,7,13,5,3,1,5,0,0,1,0,1,0,1,0,"13,45471","52,50789"
7223,196526,Berlin,4,2019,7,13,5,2,6,4,0,0,1,1,0,0,0,0,"13,30174","52,49908"
7224,196527,Berlin,9,2019,7,12,5,3,5,3,0,0,0,0,0,1,1,0,"13,54123","52,43537"
7225,196528,Berlin,8,2019,7,9,5,3,2,6,0,0,1,0,0,0,0,0,"13,44789","52,44272"
7226,196529,Berlin,2,2019,7,8,5,2,5,3,0,1,1,0,0,0,0,0,"13,42643","52,51585"
7227,196530,Berlin,1,2019,7,7,5,3,6,4,0,0,0,1,0,1,0,0,"13,37711","52,55617"
7228,196531,Berlin,1,2019,7,7,5,3,5,2,0,1,1,0,0,0,0,0,"13,42136","52,50561"
7229,196532,Berlin,4,2019,7,7,5,3,5,3,0,1,1,0,0,0,0,0,"13,29021","52,49722"
7230,196533,Berlin,5,2019,7,7,5,3,2,6,0,0,1,0,0,0,0,0,"13,16958","52,51864"
7231,196534,Berlin,1,2019,7,7,5,3,3,6,0,1,1,0,0,0,0,0,"13,39203","52,51989"
7232,196535,Berlin,11,2019,7,1,5,3,6,4,2,0,1,1,0,0,0,0,"13,49976","52,52615"
7233,196536,Berlin,4,2019,7,9,4,3,6,7,0,1,0,0,0,0,1,0,"13,32842","52,50812"
7234,196537,Berlin,3,2019,7,22,4,3,0,3,2,0,1,0,1,0,0,0,"13,4141","52,53045"
7235,196538,Berlin,3,2019,7,20,4,3,6,7,0,1,0,1,0,0,0,0,"13,49272","52,63667"
7236,196539,Berlin,2,2019,7,19,4,2,5,3,0,1,1,0,0,0,0,0,"13,43163","52,49751"
7237,196540,Berlin,1,2019,7,17,4,3,5,2,0,1,1,0,0,0,0,0,"13,40391","52,51541"
7238,196541,Berlin,1,2019,7,17,4,3,5,2,0,1,1,0,0,0,0,0,"13,41639","52,51102"
7239,196542,Berlin,6,2019,7,16,4,3,9,1,0,0,1,0,0,0,0,0,"13,18041","52,42204"
7240,196543,Berlin,8,2019,7,16,4,3,1,1,0,0,1,0,1,0,0,0,"13,44042","52,46192"
7241,196544,Berlin,2,2019,7,16,4,3,3,6,0,1,1,0,0,0,0,0,"13,43126","52,51324"
7242,196545,Berlin,4,2019,7,15,4,2,0,1,0,1,0,0,0,0,0,0,"13,26069","52,4896"
7243,196546,Berlin,10,2019,7,14,4,3,5,2,0,1,0,0,0,0,1,0,"13,52191","52,53573"
7244,196547,Berlin,5,2019,7,23,4,2,7,7,2,0,0,0,0,0,1,0,"13,15974","52,5523"
7245,196548,Berlin,7,2019,7,22,4,3,0,3,2,0,1,0,0,0,1,0,"13,39089","52,45748"
7246,196549,Berlin,4,2019,7,20,4,3,1,5,0,0,1,0,0,0,1,0,"13,30748","52,50124"
7247,196550,Berlin,1,2019,7,13,4,3,1,7,0,0,1,0,1,0,0,0,"13,33794","52,52775"
7248,196551,Berlin,8,2019,7,13,4,3,0,2,0,0,0,0,1,0,1,0,"13,47395","52,42565"
7249,196552,Berlin,9,2019,7,9,4,3,2,6,0,1,0,0,0,0,0,0,"13,69746","52,4229"