,id,city,district,year,month,hour,weekday,injury_level,collision,movement,light_conditions,bicycle,car,pedestrian,motorbike,truck,other_vehicle,road_conditions,longitude,latitude
7250,196553,Berlin,7,2019,7,12,4,3,5,7,0,0,1,0,1,0,0,0,"13,39383","52,45721"
7251,196554,Berlin,2,2019,7,11,4,3,2,6,0,0,1,0,0,0,0,0,"13,41796","52,49928"
7252,196555,Berlin,4,2019,7,11,4,3,5,5,0,1,1,0,0,0,0,0,"13,33081","52,50033"
7253,196556,Berlin,1,2019,7,10,4,3,5,2,0,1,1,0,0,0,0,0,"13,38215","52,51397"
7254,196557,Berlin,1,2019,7,7,4,3,1,5,0,1,1,0,0,0,0,0,"13,38271","52,55167"
7255,196558,Berlin,2,2019,7,9,4,3,6,7,0,1,0,1,0,0,0,0,"13,38004","52,5062"
7256,196559,Berlin,1,2019,7,9,4,3,5,3,0,1,0,0,0,1,0,0,"13,37935","52,5405"
7257,196560,Berlin,9,2019,7,9,4,3,0,1,0,1,0,0,0,0,0,0,"13,47873","52,47163"
7258,196561,Berlin,5,2019,7,9,4,3,0,3,0,0,1,0,1,0,0,0,"13,20137","52,56214"
7259,196562,Berlin,12,2019,7,16,4,3,9,1,0,0,1,0,0,0,0,0,"13,36312","52,56624"
7260,196563,Berlin,11,2019,7,9,4,3,5,2,0,1,1,0,0,0,0,0,"13,48563","52,53879"
7261,196564,Berlin,12,2019,7,15,4,2,1,7,0,0,1,0,0,0,1,0,"13,34115","52,57271"
7262,196565,Berlin,4,2019,7,15,4,3,0,1,0,0,0,0,1,0,0,0,"13,30418","52,50374"
7263,196566,Berlin,11,2019,7,15,4,3,1,5,0,1,1,0,0,0,0,0,"13,4848","52,52078"
7264,196567,Berlin,10,2019,7,15,4,2,5,2,0,0,0,0,1,0,1,0,"13,57357","52,5524"
7265,196568,Berlin,5,2019,7,15,4,3,0,2,0,1,1,0,0,0,0,0,"13,18298","52,54792"
7266,196569,Berlin,4,2019,7,14,4,3,2,7,0,0,1,0,0,0,0,0,"13,31758","52,50124"
7267,196570,Berlin,4,2019,7,14,4,3,5,2,0,1,1,0,0,0,0,0,"13,331","52,50153"
7268,196571,Berlin,9,2019,7,8,4,3,5,2,0,1,1,0,0,0,0,0,"13,52586","52,42293"
7269,196572,Berlin,3,2019,7,7,4,3,0,1,0,1,0,0,0,0,0,0,"13,4323","52,60464"
7270,196573,Berlin,9,2019,7,7,4,3,5,3,0,1,0,0,1,0,0,0,"13,5388","52,43149"
7271,196574,Berlin,4,2019,7,0,4,3,7,7,2,0,1,0,0,0,0,0,"13,26944","52,54861"
7272,196575,Berlin,6,2019,7,14,4,3,5,3,0,1,1,0,0,0,0,0,"13,26717","52,4103"
7273,196576,Berlin,7,2019,7,14,4,2,2,6,0,0,1,0,0,0,1,0,"13,36335","52,44793"
7274,196577,Berlin,9,2019,7,13,4,3,4,6,0,0,1,0,0,0,0,0,"13,4719","52,45529"
7275,196578,Berlin,2,2019,7,15,4,3,3,6,0,1,1,0,0,0,0,0,"13,4439","52,51897"
7276,196579,Berlin,1,2019,7,13,4,3,1,5,0,1,1,0,0,0,0,0,"13,37932","52,52448"
7277,196580,Berlin,4,2019,7,13,4,3,5,7,0,1,1,0,0,0,0,0,"13,30678","52,51005"
7278,196581,Berlin,4,2019,7,12,4,3,3,6,0,1,1,0,0,0,0,0,"13,31395","52,50675"
7279,196582,Berlin,1,2019,7,19,3,3,0,6,0,0,1,0,1,0,0,0,"13,39604","52,53834"
7280,196583,Berlin,8,2019,7,13,3,3,0,6,0,0,1,0,0,0,1,0,"13,44908","52,47059"
7281,196584,Berlin,4,2019,7,8,3,3,0,7,0,1,0,0,0,0,0,1,"13,31363","52,49069"
7282,196585,Berlin,11,2019,7,19,3,3,5,3,0,1,0,0,0,0,1,0,"13,53578","52,47786"
7283,196586,Berlin,7,2019,7,22,3,3,0,7,2,0,0,0,1,0,0,0,"13,36025","52,49806"
7284,196587,Berlin,4,2019,7,15,3,3,5,3,0,1,1,0,0,0,0,0,"13,31722","52,51396"
7285,196588,Berlin,3,2019,7,15,3,3,2,6,0,0,1,0,1,0,0,0,"13,41397","52,55363"
7286,196589,Berlin,9,2019,7,14,3,3,5,2,0,0,1,0,0,0,1,0,"13,52698","52,41852"
7287,196590,Berlin,1,2019,7,16,3,3,2,2,0,0,1,0,0,0,0,0,"13,37123","52,5111"
7288,196591,Berlin,7,2019,7,14,3,2,5,7,0,0,1,0,1,0,0,0,"13,35395","52,50011"
7289,196592,Berlin,4,2019,7,14,3,3,6,7,0,1,0,1,0,0,0,0,"13,32891","52,50007"
7290,196593,Berlin,2,2019,7,22,3,3,2,6,2,0,1,0,1,0,0,0,"13,40574","52,49344"
7291,196594,Berlin,4,2019,7,21,3,3,5,2,0,0,1,0,1,0,0,0,"13,28885","52,50666"
7292,196595,Berlin,5,2019,7,20,3,3,2,6,1,0,1,0,0,0,0,0,"13,1845","52,54631"
7293,196596,Berlin,1,2019,7,13,3,2,5,7,0,0,1,0,1,0,0,0,"13,37123","52,55881"
7294,196597,Berlin,4,2019,7,12,3,3,2,6,0,0,1,0,1,0,0,0,"13,334","52,49981"
7295,196598,Berlin,1,2019,7,19,3,3,3,6,0,1,0,1,0,0,1,0,"13,38472","52,52923"
7296,196599,Berlin,6,2019,7,18,3,3,5,3,0,1,1,0,0,0,0,0,"13,20659","52,43045"
7297,196600,Berlin,7,2019,7,18,3,2,0,7,0,1,0,1,0,0,0,0,"13,36902","52,49306"
7298,196601,Berlin,2,2019,7,12,3,3,6,4,0,1,0,1,0,0,0,0,"13,43973","52,51406"
7299,196602,Berlin,2,2019,7,18,3,3,0,6,0,0,0,0,0,0,1,0,"13,41644","52,49097"
7300,196603,Berlin,8,2019,7,17,3,3,0,3,0,1,1,0,0,0,0,0,"13,4456","52,41631"
7301,196604,Berlin,9,2019,7,17,3,3,0,1,0,1,1,0,0,0,0,0,"13,51173","52,45828"
7302,196605,Berlin,7,2019,7,17,3,3,2,6,0,0,1,0,1,0,0,0,"13,39461","52,4657"
7303,196606,Berlin,6,2019,7,17,3,2,1,5,0,1,0,0,0,0,1,0,"13,26707","52,44465"
7304,196607,Berlin,4,2019,7,17,3,3,5,3,0,1,1,0,0,0,0,0,"13,28167","52,47645"
7305,196608,Berlin,11,2019,7,15,3,3,6,4,0,1,0,1,0,0,0,0,"13,48892","52,54223"
7306,196609,Berlin,11,2019,7,10,3,3,5,3,0,0,1,0,0,0,0,0,"13,53187","52,48406"
7307,196610,Berlin,2,2019,7,16,3,3,5,2,0,1,1,0,0,0,0,0,"13,45071","52,50167"
7308,196611,Berlin,8,2019,7,16,3,3,5,3,0,1,1,0,0,0,0,0,"13,45728","52,43114"
7309,196612,Berlin,1,2019,7,16,3,3,1,5,0,1,1,0,0,0,0,0,"13,39629","52,55073"
7310,196613,Berlin,1,2019,7,16,3,3,5,3,0,1,1,0,0,0,0,0,"13,34741","52,54386"
7311,196614,Berlin,9,2019,7,15,3,3,5,2,0,0,1,0,0,0,1,0,"13,55454","52,45589"
7312,196615,Berlin,11,2019,7,15,3,2,2,6,0,0,1,0,0,0,0,0,"13,48965","52,51224"
7313,196616,Berlin,5,2019,7,15,3,3,6,4,0,0,1,1,0,0,0,0,"13,19963","52,53449"
7314,196617,Berlin,7,2019,7,10,3,2,5,2,0,0,1,0,0,0,0,0,"13,37629","52,40915"
7315,196618,Berlin,4,2019,7,10,3,3,5,2,0,1,1,0,0,0,0,0,"13,31416","52,49056"
7316,196619,Berlin,8,2019,7,10,3,3,5,2,0,1,1,0,0,0,0,0,"13,43491","52,4403"
7317,196620,Berlin,12,2019,7,7,4,2,2,6,0,1,1,0,0,0,0,0,"13,34474","52,57392"
7318,196621,Berlin,1,2019,7,9,3,3,5,7,0,1,1,0,0,0,0,0,"13,3657","52,50309"
7319,196622,Berlin,7,2019,7,9,3,3,5,2,0,0,1,0,1,0,0,0,"13,3856","52,46859"
7320,196623,Berlin,4,2019,7,16,4,3,6,4,0,0,1,1,0,0,0,0,"13,29361","52,49135"
7321,196624,Berlin,10,2019,7,7,4,2,5,3,0,1,1,0,0,0,0,0,"13,56244","52,51147"
7322,196625,Berlin,9,2019,7,6,3,3,5,2,0,0,1,0,0,0,0,0,"13,50661","52,44655"
7323,196626,Berlin,1,2019,7,6,3,3,2,2,0,0,1,0,0,0,0,0,"13,35992","52,54679"
7324,196627,Berlin,4,2019,7,16,4,3,2,6,0,0,1,0,0,0,0,0,"13,31105","52,50049"
7325,196628,Berlin,12,2019,7,6,3,3,5,3,0,1,1,0,0,0,0,0,"13,29249","52,57869"
7326,196629,Berlin,4,2019,7,18,4,3,5,3,0,0,1,0,0,0,0,0,"13,32098","52,51305"
7327,196630,Berlin,1,2019,7,4,3,2,5,3,1,0,1,0,0,0,0,0,"13,3439","52,54641"
7328,196631,Berlin,10,2019,7,1,3,3,5,2,2,0,1,0,0,0,1,0,"13,51734","52,53564"
7329,196632,Berlin,6,2019,7,16,4,3,6,4,0,0,1,1,0,0,0,0,"13,3193","52,45931"
7330,196633,Berlin,8,2019,7,0,3,2,6,4,2,0,1,1,0,0,0,0,"13,43501","52,43555"
7331,196634,Berlin,8,2019,7,15,4,2,5,2,0,1,1,0,0,0,0,0,"13,4211","52,48027"
7332,196635,Berlin,7,2019,7,6,3,3,5,3,0,0,0,0,0,0,1,0,"13,3325","52,46898"
7333,196636,Berlin,6,2019,7,8,4,3,0,1,0,0,0,0,1,0,0,0,"13,26986","52,40917"
7334,196637,Berlin,4,2019,7,9,4,3,2,6,0,0,1,0,0,0,0,0,"13,27723","52,51866"
7335,196638,Berlin,1,2019,7,15,2,3,6,4,0,1,0,1,0,0,0,0,"13,38974","52,51135"
7336,196639,Berlin,7,2019,7,18,2,3,0,7,0,1,1,0,0,0,0,0,"13,38642","52,46147"
7337,196640,Berlin,12,2019,7,0,4,2,0,1,2,0,1,0,0,0,0,0,"13,35332","52,60007"
7338,196641,Berlin,4,2019,7,11,2,3,5,3,0,0,0,0,1,1,0,0,"13,33927","52,50318"
7339,196642,Berlin,1,2019,7,0,4,3,5,2,2,0,0,0,0,0,1,0,"13,37753","52,55638"
7340,196643,Berlin,8,2019,7,15,2,3,6,4,0,0,1,1,0,0,0,0,"13,43558","52,42322"
7341,196644,Berlin,1,2019,7,19,4,3,6,4,0,1,0,1,0,0,0,0,"13,37455","52,5481"
7342,196645,Berlin,7,2019,7,21,2,3,0,1,0,0,0,0,1,0,0,0,"13,35568","52,45744"
7343,196646,Berlin,1,2019,7,8,4,3,6,7,0,0,1,1,0,0,0,0,"13,3358","52,52075"
7344,196647,Berlin,2,2019,7,19,2,2,5,2,0,1,1,0,0,0,0,0,"13,44664","52,50282"
7345,196648,Berlin,4,2019,7,19,2,2,5,2,0,0,1,0,0,0,0,0,"13,30609","52,52329"
7346,196649,Berlin,4,2019,7,17,4,1,2,2,0,1,1,0,0,0,0,0,"13,30955","52,51026"
7347,196650,Berlin,11,2019,7,22,3,3,0,1,2,1,0,0,0,0,0,0,"13,47391","52,53622"
7348,196651,Berlin,3,2019,7,19,2,3,4,2,0,1,1,0,0,0,0,0,"13,40935","52,55932"
7349,196652,Berlin,9,2019,7,14,3,3,0,1,0,1,0,0,0,0,0,0,"13,50766","52,44108"
7350,196653,Berlin,6,2019,7,18,2,2,2,7,0,0,1,0,1,0,1,0,"13,35389","52,44345"
7351,196654,Berlin,8,2019,7,18,3,3,5,2,0,1,1,0,0,0,0,0,"13,43419","52,44295"
7352,196655,Berlin,1,2019,7,17,2,3,0,1,0,0,0,0,1,0,0,0,"13,3529","52,51624"
7353,196656,Berlin,11,2019,7,17,3,3,5,2,0,0,1,0,0,0,0,0,"13,49437","52,54508"
7354,196657,Berlin,7,2019,7,16,2,2,0,1,0,0,0,0,0,0,1,0,"13,38469","52,42208"
7355,196658,Berlin,1,2019,7,16,2,3,2,6,0,0,1,0,0,0,0,0,"13,38352","52,55579"
7356,196659,Berlin,4,2019,7,17,3,2,5,7,0,0,1,0,1,0,0,0,"13,33122","52,50292"
7357,196660,Berlin,1,2019,7,12,2,3,5,7,0,0,1,0,0,1,0,0,"13,38261","52,55188"
7358,196661,Berlin,2,2019,7,17,3,3,1,5,0,1,1,0,0,0,0,0,"13,41843","52,50152"
7359,196662,Berlin,6,2019,7,11,2,3,5,3,0,1,1,0,0,0,0,0,"13,31844","52,45451"
7360,196663,Berlin,5,2019,7,17,3,3,1,5,0,1,1,0,0,0,0,0,"13,19738","52,52104"
7361,196664,Berlin,2,2019,7,12,2,3,5,7,0,0,1,0,1,0,0,0,"13,41166","52,50336"
7362,196665,Berlin,4,2019,7,15,3,2,1,1,0,0,1,1,0,0,0,0,"13,30002","52,52947"
7363,196666,Berlin,5,2019,7,10,2,3,5,2,0,0,1,0,0,0,0,0,"13,22578","52,55514"
7364,196667,Berlin,11,2019,7,10,2,2,5,2,0,1,0,0,0,0,1,0,"13,50892","52,49496"
7365,196668,Berlin,6,2019,7,14,3,3,5,3,0,1,0,0,0,1,0,0,"13,19087","52,43458"
7366,196669,Berlin,5,2019,7,14,3,3,0,3,0,0,1,0,1,0,0,0,"13,20745","52,55034"
7367,196670,Berlin,12,2019,7,11,2,3,0,1,0,0,0,0,1,0,0,0,"13,3317","52,56202"
7368,196671,Berlin,8,2019,7,16,2,3,1,5,0,1,1,0,0,0,0,0,"13,44245","52,48345"
7369,196672,Berlin,4,2019,7,11,3,3,5,3,0,1,1,0,0,0,0,0,"13,26954","52,51972"
7370,196673,Berlin,1,2019,7,9,2,2,5,3,0,1,1,0,0,0,0,0,"13,41792","52,51558"
7371,196674,Berlin,12,2019,7,15,2,2,5,2,0,0,1,0,1,0,0,0,"13,31713","52,58821"
7372,196675,Berlin,12,2019,7,11,3,3,2,6,0,0,1,0,0,0,0,0,"13,35644","52,5967"
7373,196676,Berlin,1,2019,7,11,3,2,5,2,0,0,1,0,1,0,0,0,"13,42203","52,51099"
7374,196677,Berlin,4,2019,7,8,2,3,1,5,0,1,0,0,0,0,1,0,"13,30964","52,47651"
7375,196678,Berlin,6,2019,7,11,3,3,2,6,0,0,1,0,0,0,0,0,"13,3132","52,42298"
7376,196679,Berlin,4,2019,7,7,2,3,5,3,0,0,1,0,0,0,0,0,"13,2969","52,54801"
7377,196680,Berlin,1,2019,7,10,3,3,2,6,0,0,1,0,0,0,0,0,"13,39712","52,53681"
7378,196681,Berlin,9,2019,7,6,2,3,5,2,0,0,1,0,0,0,0,0,"13,49584","52,46607"
7379,196682,Berlin,1,2019,7,8,3,3,0,2,0,1,0,0,1,0,0,0,"13,38531","52,52876"
7380,196683,Berlin,1,2019,7,6,2,3,5,2,0,0,1,0,0,0,0,0,"13,4118","52,52397"
7381,196684,Berlin,5,2019,7,6,2,3,3,6,0,0,0,0,1,1,0,0,"13,21839","52,53743"
7382,196685,Berlin,7,2019,7,8,3,2,5,3,0,1,1,0,0,0,0,0,"13,41982","52,3929"
7383,196686,Berlin,9,2019,7,5,2,3,0,1,1,0,0,0,1,0,0,0,"13,51033","52,46407"
7384,196687,Berlin,4,2019,7,6,3,3,5,2,1,0,1,0,0,0,0,0,"13,32624","52,53804"
7385,196688,Berlin,8,2019,7,2,2,3,5,3,2,0,1,0,0,0,0,0,"13,42512","52,48061"
7386,196689,Berlin,11,2019,7,22,3,3,2,6,2,0,1,0,0,0,0,0,"13,47486","52,50158"
7387,196690,Berlin,4,2019,7,7,2,3,0,3,0,1,1,0,0,0,0,0,"13,31346","52,47702"
7388,196691,Berlin,3,2019,7,22,3,3,5,2,2,0,1,0,0,0,0,0,"13,46772","52,555"
7389,196692,Berlin,4,2019,7,1,2,2,1,5,2,1,1,0,0,0,0,0,"13,32935","52,50346"
7390,196693,Berlin,10,2019,7,14,2,2,1,1,0,0,1,0,0,1,0,0,"13,55815","52,53553"
7391,196694,Berlin,4,2019,7,20,3,3,2,7,1,0,1,0,0,0,0,0,"13,31275","52,50331"
7392,196695,Berlin,1,2019,7,19,3,3,2,6,0,0,1,0,1,0,0,0,"13,34256","52,5453"
7393,196696,Berlin,9,2019,7,14,2,3,6,2,0,0,1,1,0,0,0,0,"13,57158","52,43672"
7394,196697,Berlin,1,2019,7,14,2,3,2,2,0,0,1,0,0,0,0,0,"13,35466","52,51702"
7395,196698,Berlin,12,2019,7,19,3,3,6,2,0,0,1,1,0,0,0,0,"13,28236","52,59085"
7396,196699,Berlin,8,2019,7,14,2,2,5,2,0,0,1,0,1,0,0,0,"13,46621","52,46501"
7397,196700,Berlin,7,2019,7,19,3,2,5,2,0,1,1,0,0,0,0,0,"13,34813","52,50235"
7398,196701,Berlin,4,2019,7,13,2,3,5,2,0,1,1,0,0,0,0,0,"13,29155","52,51047"
7399,196702,Berlin,7,2019,7,13,2,3,2,6,0,0,1,0,0,0,0,0,"13,38273","52,41117"
7400,196703,Berlin,3,2019,7,12,2,3,5,3,0,0,1,0,0,0,0,0,"13,43044","52,55124"
7401,196704,Berlin,9,2019,7,19,3,3,2,6,0,0,1,0,0,0,0,0,"13,46064","52,45416"
7402,196705,Berlin,4,2019,7,13,2,2,5,7,0,0,1,0,1,0,0,0,"13,31711","52,54718"
7403,196706,Berlin,4,2019,7,12,2,3,2,6,0,0,1,0,0,0,0,0,"13,29308","52,47468"
7404,196707,Berlin,10,2019,6,16,1,3,5,3,0,0,1,0,1,0,0,0,"13,57758","52,48222"
7405,196708,Berlin,4,2019,6,3,1,2,0,7,2,1,0,0,0,0,0,0,"13,3214","52,51801"
7406,196709,Berlin,1,2019,7,12,2,3,6,4,0,0,1,1,0,0,0,0,"13,32838","52,53372"
7407,196710,Berlin,7,2019,6,1,1,3,1,1,2,0,1,0,0,0,1,0,"13,34144","52,47899"
7408,196711,Berlin,2,2019,6,22,1,2,0,7,2,1,0,0,0,0,0,0,"13,41344","52,48822"
7409,196712,Berlin,9,2019,7,11,2,3,0,1,0,0,0,0,1,0,0,1,"13,56721","52,455"
7410,196713,Berlin,5,2019,6,20,1,3,1,5,0,0,1,0,1,0,0,0,"13,11518","52,46091"
7411,196714,Berlin,2,2019,7,10,2,3,3,6,0,1,0,0,0,0,0,0,"13,41976","52,49916"
7412,196715,Berlin,10,2019,6,19,1,3,5,2,0,1,1,0,0,0,0,0,"13,58952","52,54496"
7413,196716,Berlin,9,2019,6,19,1,2,2,6,0,0,1,0,0,0,0,0,"13,63708","52,4477"
7414,196717,Berlin,9,2019,7,9,2,3,5,3,0,1,1,0,0,0,0,0,"13,58274","52,4342"
7415,196718,Berlin,8,2019,7,8,2,3,2,6,0,0,1,0,0,0,0,0,"13,4475","52,42713"
7416,196719,Berlin,2,2019,6,19,1,3,5,2,0,1,1,0,0,0,0,0,"13,40523","52,50518"
7417,196720,Berlin,3,2019,6,16,1,3,5,3,0,1,1,0,0,0,0,0,"13,43004","52,62095"
7418,196721,Berlin,1,2019,7,8,2,3,1,5,0,1,1,0,0,0,0,0,"13,41326","52,51334"
7419,196722,Berlin,8,2019,6,15,1,2,5,3,0,1,1,0,0,0,0,0,"13,44514","52,47395"
7420,196723,Berlin,1,2019,7,7,2,3,5,3,0,0,1,0,0,1,0,0,"13,40521","52,5084"
7421,196724,Berlin,7,2019,6,14,1,2,6,7,0,0,1,1,0,0,0,0,"13,39085","52,43447"
7422,196725,Berlin,8,2019,7,6,2,3,5,3,0,1,1,0,0,0,0,0,"13,43869","52,46938"
7423,196726,Berlin,2,2019,6,14,1,3,5,2,0,0,1,0,1,0,0,0,"13,42065","52,50326"
7424,196727,Berlin,12,2019,7,3,2,3,9,1,2,0,1,0,0,0,0,0,"13,31552","52,57799"
7425,196728,Berlin,4,2019,6,9,1,3,1,5,0,1,1,0,0,0,0,0,"13,31408","52,50745"
7426,196729,Berlin,5,2019,6,13,1,3,1,5,0,0,1,0,0,0,0,0,"13,19606","52,52994"
7427,196730,Berlin,2,2019,7,18,2,3,6,4,0,1,0,1,0,0,0,0,"13,39698","52,50529"
7428,196731,Berlin,7,2019,7,16,2,3,5,2,0,1,1,0,0,0,0,1,"13,36271","52,48894"
7429,196732,Berlin,3,2019,6,12,1,3,5,2,0,0,1,0,0,0,0,0,"13,47025","52,55363"
7430,196733,Berlin,12,2019,7,15,2,3,2,2,0,0,1,0,0,0,0,0,"13,28091","52,59391"
7431,196734,Berlin,8,2019,6,12,1,3,5,7,0,1,1,0,0,0,0,0,"13,46414","52,42531"
7432,196735,Berlin,3,2019,7,15,2,3,5,2,0,1,1,0,0,0,0,0,"13,38015","52,57503"
7433,196736,Berlin,2,2019,6,11,1,3,2,2,0,1,1,0,0,0,0,0,"13,41917","52,50131"
7434,196737,Berlin,7,2019,7,14,2,2,3,6,0,0,1,0,0,0,1,1,"13,34762","52,46693"
7435,196738,Berlin,3,2019,6,11,1,3,3,6,0,1,1,0,0,0,0,0,"13,43565","52,55401"
7436,196739,Berlin,8,2019,7,14,2,3,2,6,0,0,1,0,0,0,0,1,"13,42431","52,48588"
7437,196740,Berlin,11,2019,6,10,1,3,5,3,0,0,1,0,0,1,0,0,"13,49492","52,54206"
7438,196741,Berlin,10,2019,6,10,1,3,5,3,0,1,1,0,0,0,0,0,"13,55494","52,51564"
7439,196742,Berlin,10,2019,7,14,2,3,5,2,0,1,1,0,0,0,0,0,"13,57568","52,49021"
7440,196743,Berlin,4,2019,6,9,1,3,1,5,0,1,1,0,0,0,0,0,"13,31117","52,4894"
7441,196744,Berlin,6,2019,7,14,2,3,2,5,0,0,0,0,1,0,1,1,"13,3252","52,45854"
7442,196745,Berlin,6,2019,6,8,1,2,0,1,0,1,0,0,0,0,0,0,"13,27851","52,42989"
7443,196746,Berlin,1,2019,6,11,7,3,5,5,0,1,1,0,0,0,0,0,"13,33975","52,55436"
7444,196747,Berlin,7,2019,7,14,2,3,2,6,0,0,1,0,1,0,0,1,"13,3824","52,45588"
7445,196748,Berlin,10,2019,6,2,7,3,5,3,2,0,1,0,0,0,0,0,"13,54415","52,52583"
7446,196749,Berlin,9,2019,7,13,2,3,0,4,0,0,0,1,0,0,1,0,"13,57867","52,45781"
7447,196750,Berlin,6,2019,6,16,7,2,2,7,0,0,1,0,1,0,0,0,"13,26277","52,43899"
7448,196751,Berlin,12,2019,7,13,2,3,3,6,0,0,1,0,0,0,0,0,"13,29346","52,55233"
7449,196752,Berlin,2,2019,6,23,7,3,0,7,2,0,0,1,1,0,0,0,"13,44275","52,50116"
7450,196753,Berlin,1,2019,7,20,2,3,3,6,1,1,1,0,0,0,0,0,"13,35901","52,53981"
7451,196754,Berlin,1,2019,6,22,7,3,5,2,2,0,1,0,0,0,0,0,"13,39135","52,55517"
7452,196755,Berlin,8,2019,6,21,7,3,0,7,1,1,0,0,0,0,0,0,"13,42626","52,47763"
7453,196756,Berlin,4,2019,7,19,2,3,5,2,0,0,1,0,0,0,0,0,"13,31387","52,50631"
7454,196757,Berlin,8,2019,7,19,2,3,2,6,0,0,1,0,0,0,0,0,"13,46824","52,47205"
7455,196758,Berlin,3,2019,6,21,7,3,5,2,1,1,0,0,0,0,1,0,"13,40257","52,5546"
7456,196759,Berlin,8,2019,7,17,2,3,3,6,0,0,1,0,1,0,0,1,"13,43342","52,46396"
7457,196760,Berlin,9,2019,6,19,7,3,3,6,0,0,1,0,1,0,0,0,"13,59318","52,45197"
7458,196761,Berlin,2,2019,7,17,2,3,5,2,0,1,1,0,0,0,0,0,"13,43058","52,51126"
7459,196762,Berlin,4,2019,6,19,7,2,5,2,0,1,1,0,0,0,0,0,"13,31944","52,47686"
7460,196763,Berlin,1,2019,7,17,2,3,2,6,0,0,1,0,0,1,0,1,"13,38101","52,55629"
7461,196764,Berlin,4,2019,6,18,7,3,1,5,0,1,1,0,0,0,0,0,"13,30742","52,50425"
7462,196765,Berlin,4,2019,6,18,7,3,5,2,0,1,1,0,0,0,0,0,"13,29793","52,4955"
7463,196766,Berlin,12,2019,7,17,2,2,2,6,0,0,1,0,1,0,0,1,"13,29698","52,5802"
7464,196767,Berlin,8,2019,6,18,7,3,0,2,0,1,1,0,0,0,0,0,"13,47324","52,43238"
7465,196768,Berlin,3,2019,7,17,2,3,5,3,0,1,1,0,0,0,0,1,"13,44933","52,52883"
7466,196769,Berlin,10,2019,6,18,7,3,5,2,0,0,1,0,0,0,0,0,"13,61551","52,53195"
7467,196770,Berlin,9,2019,7,16,2,3,2,6,0,1,1,0,0,0,0,1,"13,57285","52,45422"
7468,196771,Berlin,1,2019,6,17,7,3,0,1,0,0,0,0,0,0,1,0,"13,37663","52,51776"
7469,196772,Berlin,3,2019,7,11,2,3,0,5,0,1,1,0,0,0,0,0,"13,4243","52,57609"
7470,196773,Berlin,2,2019,6,15,7,2,6,2,0,0,1,1,0,0,0,0,"13,37653","52,48771"
7471,196774,Berlin,8,2019,6,15,7,3,2,6,0,0,1,0,0,0,0,0,"13,46487","52,47047"
7472,196775,Berlin,10,2019,7,15,2,3,6,4,0,0,1,1,0,0,0,0,"13,58953","52,52802"
7473,196776,Berlin,10,2019,6,13,7,3,5,3,0,0,1,0,0,0,0,0,"13,59628","52,50616"
7474,196777,Berlin,8,2019,7,16,2,3,2,6,0,0,1,0,0,0,0,1,"13,43497","52,4505"
7475,196778,Berlin,11,2019,6,12,7,2,5,7,0,0,1,0,1,0,0,0,"13,47471","52,53646"
7476,196779,Berlin,4,2019,7,18,2,3,1,7,0,1,1,0,0,0,0,0,"13,33451","52,50324"
7477,196780,Berlin,8,2019,6,11,7,3,0,1,0,1,0,0,0,0,0,0,"13,43493","52,4609"
7478,196781,Berlin,1,2019,7,22,1,3,6,4,1,0,1,1,0,0,0,0,"13,36796","52,52442"
7479,196782,Berlin,3,2019,6,11,7,3,5,3,0,0,1,0,0,0,0,0,"13,44132","52,56856"
7480,196783,Berlin,3,2019,6,11,7,2,5,2,0,1,1,0,0,0,0,0,"13,45351","52,59127"
7481,196784,Berlin,1,2019,7,21,1,3,3,2,1,1,0,0,0,0,0,0,"13,41182","52,52397"
7482,196785,Berlin,1,2019,7,21,1,3,0,3,1,0,1,0,1,0,0,0,"13,33799","52,53021"
7483,196786,Berlin,4,2019,6,8,7,3,0,7,0,0,1,0,1,0,0,0,"13,31272","52,48926"
7484,196787,Berlin,1,2019,6,7,7,3,5,2,0,1,1,0,0,0,0,0,"13,42119","52,50981"
7485,196788,Berlin,1,2019,7,20,1,3,5,3,0,0,1,0,0,0,0,0,"13,36722","52,52317"
7486,196789,Berlin,12,2019,6,7,7,3,4,6,0,0,1,0,0,0,0,0,"13,2949","52,63711"
7487,196790,Berlin,4,2019,7,19,1,3,0,1,0,1,0,0,0,0,0,0,"13,28344","52,51852"
7488,196791,Berlin,2,2019,6,1,7,3,5,3,2,0,1,0,0,0,0,0,"13,42958","52,4982"
7489,196792,Berlin,2,2019,6,1,7,3,1,5,2,1,0,0,0,0,1,0,"13,41816","52,49971"
7490,196793,Berlin,8,2019,7,17,1,3,5,2,0,0,1,0,0,0,0,0,"13,44691","52,42697"
7491,196794,Berlin,7,2019,6,19,6,3,5,2,0,0,1,0,0,0,1,0,"13,39616","52,44729"
7492,196795,Berlin,9,2019,6,19,6,3,5,2,0,0,1,0,0,0,0,0,"13,53516","52,43231"
7493,196796,Berlin,5,2019,7,17,1,3,9,1,0,0,1,0,0,0,0,0,"13,13253","52,4731"
7494,196797,Berlin,11,2019,6,14,6,3,6,4,0,0,1,1,0,0,0,0,"13,52662","52,49288"
7495,196798,Berlin,12,2019,7,16,1,3,5,3,0,1,1,0,0,0,0,0,"13,35466","52,61802"
7496,196799,Berlin,7,2019,7,13,1,3,6,4,0,1,0,1,0,0,0,0,"13,35372","52,49372"
7497,196800,Berlin,3,2019,6,6,6,3,5,7,0,0,1,0,0,0,1,0,"13,42765","52,52847"
7498,196801,Berlin,1,2019,7,12,1,3,5,2,0,0,1,0,0,0,0,0,"13,36024","52,53732"
7499,196802,Berlin,1,2019,6,15,6,3,5,2,0,1,1,0,0,0,0,0,"13,40366","52,52601"
7500,196803,Berlin,4,2019,7,8,1,2,5,3,0,1,1,0,0,0,0,0,"13,26195","52,50115"
7501,196804,Berlin,12,2019,6,20,6,3,9,1,0,0,1,0,0,0,0,0,"13,25094","52,59998"
7502,196805,Berlin,3,2019,6,19,6,3,1,5,0,1,0,0,0,0,1,0,"13,41079","52,5396"
7503,196806,Berlin,7,2019,7,5,1,3,5,3,0,0,1,0,0,0,1,0,"13,40642","52,39376"
7504,196807,Berlin,8,2019,7,16,7,3,5,2,0,1,1,0,0,0,0,0,"13,44336","52,46991"
7505,196808,Berlin,1,2019,6,18,6,3,5,2,0,1,1,0,0,0,0,0,"13,34944","52,54233"
7506,196809,Berlin,4,2019,6,17,6,3,5,2,0,1,0,0,0,0,0,0,"13,28135","52,51233"
7507,196810,Berlin,5,2019,7,23,7,3,6,4,2,0,1,1,0,0,0,1,"13,19807","52,53306"