,id,city,district,year,month,hour,weekday,injury_level,collision,movement,light_conditions,bicycle,car,pedestrian,motorbike,truck,other_vehicle,road_conditions,longitude,latitude
7508,196811,Berlin,5,2019,6,17,6,3,5,3,0,1,1,0,0,0,0,0,"13,20739","52,54482"
7509,196812,Berlin,1,2019,7,23,7,3,5,2,2,0,1,0,0,0,0,0,"13,34131","52,50511"
7510,196813,Berlin,3,2019,6,17,6,3,2,2,0,0,1,0,0,0,0,0,"13,4305","52,55177"
7511,196814,Berlin,1,2019,6,16,6,3,5,2,0,0,0,0,1,0,1,0,"13,40672","52,53576"
7512,196815,Berlin,8,2019,7,23,7,2,0,1,2,0,0,0,1,0,0,1,"13,51574","52,42088"
7513,196816,Berlin,1,2019,6,15,6,3,5,2,0,1,1,0,0,0,0,0,"13,35863","52,50675"
7514,196817,Berlin,6,2019,6,16,6,3,5,2,0,0,1,0,1,0,0,0,"13,3531","52,43338"
7515,196818,Berlin,1,2019,7,22,7,2,0,1,2,1,0,0,0,0,0,1,"13,37437","52,52799"
7516,196819,Berlin,7,2019,6,14,6,3,1,5,0,1,1,0,0,0,0,0,"13,33274","52,4762"
7517,196820,Berlin,1,2019,7,22,7,3,2,6,2,0,1,0,0,0,0,1,"13,40103","52,52999"
7518,196821,Berlin,2,2019,6,13,6,3,5,2,0,1,1,0,0,0,0,0,"13,42953","52,5231"
7519,196822,Berlin,12,2019,6,13,6,3,5,2,0,1,1,0,0,0,0,0,"13,28426","52,59444"
7520,196823,Berlin,8,2019,7,20,7,3,0,1,2,0,1,0,0,0,0,1,"13,45617","52,47381"
7521,196824,Berlin,7,2019,7,21,7,3,6,2,2,0,1,1,0,0,0,1,"13,3878","52,43903"
7522,196825,Berlin,1,2019,6,12,6,3,5,2,0,1,1,0,0,0,0,0,"13,40159","52,53976"
7523,196826,Berlin,2,2019,6,12,6,3,5,7,0,0,0,0,1,0,1,0,"13,42919","52,50914"
7524,196827,Berlin,1,2019,7,20,7,3,5,3,1,1,1,0,0,0,0,1,"13,40961","52,52264"
7525,196828,Berlin,1,2019,6,12,6,3,5,3,0,1,1,0,0,0,0,0,"13,39226","52,55481"
7526,196829,Berlin,1,2019,7,20,7,3,0,2,0,1,1,0,0,0,0,1,"13,37683","52,5094"
7527,196830,Berlin,2,2019,6,11,6,3,5,2,0,1,1,0,0,0,0,0,"13,39097","52,50418"
7528,196831,Berlin,3,2019,6,11,6,3,6,3,0,0,1,1,0,0,0,0,"13,43222","52,6045"
7529,196832,Berlin,1,2019,6,11,6,3,5,5,0,1,1,0,0,0,0,0,"13,40617","52,51797"
7530,196833,Berlin,1,2019,7,19,7,3,2,6,0,0,1,0,0,0,0,1,"13,36518","52,54911"
7531,196834,Berlin,11,2019,6,10,6,3,2,6,0,0,1,0,0,1,0,0,"13,52021","52,56846"
7532,196835,Berlin,1,2019,7,19,7,3,5,3,0,1,1,0,0,0,0,1,"13,40266","52,52803"
7533,196836,Berlin,1,2019,6,10,6,3,0,3,0,1,1,0,0,0,0,0,"13,39507","52,52797"
7534,196837,Berlin,4,2019,7,19,7,3,0,3,0,1,0,0,1,0,0,1,"13,30759","52,50368"
7535,196838,Berlin,2,2019,6,9,6,3,5,3,0,1,1,0,0,0,0,0,"13,39841","52,50705"
7536,196839,Berlin,2,2019,7,19,7,3,5,3,0,0,1,0,0,0,1,1,"13,44746","52,52643"
7537,196840,Berlin,12,2019,6,18,6,3,2,6,0,0,1,0,0,0,0,0,"13,28306","52,57565"
7538,196841,Berlin,6,2019,7,18,7,3,5,2,0,1,1,0,0,0,0,0,"13,32756","52,45465"
7539,196842,Berlin,8,2019,6,22,6,3,0,1,2,1,0,0,0,0,0,0,"13,43353","52,48203"
7540,196843,Berlin,6,2019,7,18,7,3,0,1,0,0,0,0,1,0,0,0,"13,3103","52,46658"
7541,196844,Berlin,9,2019,6,17,6,2,0,1,0,1,0,0,0,0,0,0,"13,553","52,43969"
7542,196845,Berlin,7,2019,6,17,6,2,6,4,0,0,1,1,0,0,0,0,"13,33268","52,46914"
7543,196846,Berlin,10,2019,7,17,7,3,0,1,0,0,0,0,1,0,0,0,"13,55486","52,51572"
7544,196847,Berlin,1,2019,6,13,6,3,1,5,0,0,1,0,0,0,0,0,"13,35431","52,52804"
7545,196848,Berlin,4,2019,7,17,7,3,5,2,0,0,1,0,0,0,0,0,"13,32021","52,48369"
7546,196849,Berlin,11,2019,6,12,6,2,5,3,0,1,1,0,0,0,0,0,"13,47649","52,50089"
7547,196850,Berlin,9,2019,6,11,6,3,2,6,0,0,1,0,0,0,0,0,"13,55113","52,42888"
7548,196851,Berlin,1,2019,7,16,7,3,5,3,0,1,1,0,0,0,0,0,"13,37569","52,55063"
7549,196852,Berlin,4,2019,6,9,6,3,5,2,0,1,1,0,0,0,0,0,"13,29241","52,51908"
7550,196853,Berlin,1,2019,7,15,7,3,5,3,0,0,1,0,0,0,0,0,"13,35985","52,52346"
7551,196854,Berlin,4,2019,6,9,6,3,1,5,0,1,1,0,0,0,0,0,"13,33818","52,5052"
7552,196855,Berlin,4,2019,7,15,7,3,6,6,0,1,0,1,0,0,0,0,"13,32423","52,48423"
7553,196856,Berlin,1,2019,6,9,6,3,5,2,0,1,0,0,1,0,0,0,"13,42002","52,52497"
7554,196857,Berlin,5,2019,7,13,7,3,0,6,0,0,1,0,1,0,0,0,"13,14694","52,53965"
7555,196858,Berlin,9,2019,6,9,6,3,6,7,0,1,1,1,0,0,0,0,"13,54457","52,43662"
7556,196859,Berlin,8,2019,6,8,6,3,6,2,0,0,1,1,0,0,0,0,"13,43364","52,48189"
7557,196860,Berlin,1,2019,7,12,7,3,5,2,0,0,1,0,1,0,0,0,"13,33757","52,51979"
7558,196861,Berlin,3,2019,7,12,7,3,7,7,0,1,0,0,0,0,0,0,"13,4805","52,6372"
7559,196862,Berlin,4,2019,6,8,6,3,5,2,0,1,1,0,0,0,0,0,"13,27347","52,49996"
7560,196863,Berlin,9,2019,7,12,7,3,1,5,0,0,1,0,1,0,0,0,"13,52853","52,4179"
7561,196864,Berlin,2,2019,6,7,6,2,2,2,0,1,1,0,0,0,0,0,"13,45877","52,50643"
7562,196865,Berlin,7,2019,7,12,7,3,5,3,0,0,1,0,0,0,0,0,"13,3722","52,45551"
7563,196866,Berlin,6,2019,6,7,6,3,5,2,0,0,1,0,0,0,0,0,"13,34835","52,43788"
7564,196867,Berlin,4,2019,6,1,6,3,1,5,2,0,1,0,0,0,0,0,"13,2783","52,47787"
7565,196868,Berlin,1,2019,7,11,7,3,3,6,0,0,1,0,1,0,0,0,"13,36494","52,55008"
7566,196869,Berlin,4,2019,7,11,7,3,2,6,0,1,0,0,0,0,0,0,"13,31995","52,49599"
7567,196870,Berlin,8,2019,6,10,6,3,3,6,0,1,1,0,0,0,0,0,"13,43334","52,49178"
7568,196871,Berlin,8,2019,6,9,6,3,3,6,0,1,1,0,0,0,0,0,"13,43258","52,46529"
7569,196872,Berlin,6,2019,7,0,7,3,1,7,2,0,1,0,0,0,0,0,"13,34123","52,46044"
7570,196873,Berlin,11,2019,6,7,5,2,5,3,0,1,1,0,0,0,0,0,"13,48225","52,50773"
7571,196874,Berlin,8,2019,7,6,7,3,4,6,0,0,1,0,0,0,0,0,"13,4305","52,46888"
7572,196875,Berlin,3,2019,6,13,5,3,6,7,0,0,0,0,0,0,1,0,"13,45466","52,55061"
7573,196876,Berlin,6,2019,6,13,5,3,3,6,0,0,1,0,0,0,0,0,"13,31536","52,46475"
7574,196877,Berlin,1,2019,7,12,6,3,5,2,0,1,1,0,0,0,0,0,"13,37706","52,50859"
7575,196878,Berlin,1,2019,6,13,5,3,0,1,0,1,1,0,0,0,0,0,"13,37737","52,54964"
7576,196879,Berlin,10,2019,7,22,6,3,5,3,2,0,1,0,0,0,0,0,"13,5397","52,53982"
7577,196880,Berlin,1,2019,6,13,5,3,5,3,0,0,1,0,0,0,0,0,"13,3915","52,52208"
7578,196881,Berlin,8,2019,7,22,6,3,3,6,2,0,1,0,0,0,0,0,"13,43188","52,46654"
7579,196882,Berlin,4,2019,6,13,5,3,5,3,0,1,1,0,0,0,0,0,"13,33125","52,50311"
7580,196883,Berlin,7,2019,7,21,6,3,5,2,2,1,1,0,0,0,0,0,"13,3463","52,50124"
7581,196884,Berlin,9,2019,6,12,5,3,3,6,0,0,1,0,1,0,0,0,"13,50196","52,48208"
7582,196885,Berlin,4,2019,6,12,5,3,1,5,0,0,1,0,1,0,0,0,"13,32313","52,51058"
7583,196886,Berlin,6,2019,7,21,6,2,5,2,0,0,1,0,1,0,0,0,"13,32272","52,45648"
7584,196887,Berlin,1,2019,7,20,6,2,5,3,1,1,1,0,0,0,0,0,"13,37002","52,55291"
7585,196888,Berlin,1,2019,6,11,5,2,5,3,0,0,0,0,0,1,1,0,"13,38693","52,52713"
7586,196889,Berlin,1,2019,6,11,5,3,1,5,0,0,1,0,0,0,0,0,"13,41343","52,52777"
7587,196890,Berlin,1,2019,7,20,6,3,5,3,0,1,0,0,0,0,0,0,"13,38789","52,52241"
7588,196891,Berlin,10,2019,6,20,5,3,5,2,0,0,1,0,0,0,0,0,"13,51751","52,53541"
7589,196892,Berlin,1,2019,7,19,6,3,0,2,0,0,1,0,0,0,1,0,"13,37854","52,5291"
7590,196893,Berlin,4,2019,6,19,5,3,5,2,0,1,1,0,0,0,0,0,"13,31109","52,50659"
7591,196894,Berlin,9,2019,7,18,6,3,3,6,0,0,1,0,0,0,1,0,"13,62536","52,45607"
7592,196895,Berlin,2,2019,6,18,5,3,1,5,0,1,1,0,0,0,1,0,"13,41781","52,50169"
7593,196896,Berlin,7,2019,7,17,6,3,6,7,0,0,1,1,0,0,0,0,"13,38433","52,45698"
7594,196897,Berlin,1,2019,6,11,5,3,4,6,0,1,1,0,0,0,0,0,"13,37403","52,54752"
7595,196898,Berlin,7,2019,7,17,6,2,5,3,0,0,1,0,1,0,0,0,"13,42183","52,3949"
7596,196899,Berlin,11,2019,6,11,5,2,5,3,0,1,1,0,0,0,0,0,"13,50607","52,49198"
7597,196900,Berlin,6,2019,7,17,6,3,5,2,0,1,0,0,0,0,1,0,"13,23237","52,43764"
7598,196901,Berlin,3,2019,6,11,5,3,5,2,0,1,0,0,0,0,1,0,"13,43034","52,55093"
7599,196902,Berlin,7,2019,6,10,5,3,0,2,0,1,0,0,1,0,0,0,"13,33141","52,46965"
7600,196903,Berlin,3,2019,7,16,6,3,5,3,0,1,1,0,0,0,0,0,"13,40892","52,5711"
7601,196904,Berlin,2,2019,6,18,5,3,6,2,0,0,1,1,0,0,0,0,"13,39145","52,50097"
7602,196905,Berlin,12,2019,7,16,6,3,2,6,0,0,1,0,0,0,0,0,"13,33104","52,57269"
7603,196906,Berlin,9,2019,6,11,5,3,5,2,0,1,1,0,0,0,0,0,"13,51256","52,46277"
7604,196907,Berlin,2,2019,7,15,6,3,2,2,0,1,1,0,0,0,0,0,"13,46966","52,5204"
7605,196908,Berlin,11,2019,6,10,5,3,5,2,0,0,1,0,0,0,0,0,"13,46794","52,54672"
7606,196909,Berlin,3,2019,7,13,6,3,5,3,0,1,1,0,0,0,0,0,"13,40628","52,55399"
7607,196910,Berlin,8,2019,6,18,5,2,0,2,0,1,1,0,0,0,0,0,"13,46196","52,42237"
7608,196911,Berlin,3,2019,6,9,5,3,1,5,0,1,0,0,0,0,1,0,"13,42088","52,5659"
7609,196912,Berlin,2,2019,7,13,6,3,2,6,0,0,1,0,0,0,0,0,"13,4463","52,5028"
7610,196913,Berlin,8,2019,7,13,6,3,2,6,0,0,1,0,0,0,0,0,"13,43813","52,47814"
7611,196914,Berlin,2,2019,6,18,5,3,6,2,0,0,1,1,0,0,0,0,"13,38794","52,50285"
7612,196915,Berlin,1,2019,6,18,5,3,1,5,0,0,1,0,1,0,0,0,"13,39509","52,52443"
7613,196916,Berlin,9,2019,7,13,6,3,5,2,0,1,1,0,0,0,0,0,"13,53637","52,43287"
7614,196917,Berlin,9,2019,6,18,5,3,0,2,0,0,1,0,0,0,1,0,"13,48054","52,47254"
7615,196918,Berlin,6,2019,7,13,6,3,1,5,0,0,1,0,0,0,0,0,"13,35788","52,44841"
7616,196919,Berlin,11,2019,6,18,5,3,5,2,0,1,1,0,0,0,0,0,"13,52696","52,48658"
7617,196920,Berlin,6,2019,6,18,5,3,1,5,0,1,1,0,0,0,0,0,"13,34303","52,45883"
7618,196921,Berlin,1,2019,7,12,6,3,5,3,0,1,1,0,0,0,0,0,"13,37985","52,54018"
7619,196922,Berlin,1,2019,6,18,5,3,2,6,0,0,1,0,0,0,0,0,"13,34502","52,52512"
7620,196923,Berlin,2,2019,6,18,5,2,1,1,0,0,1,0,0,0,1,0,"13,43398","52,51489"
7621,196924,Berlin,7,2019,7,10,6,3,2,2,0,0,1,0,0,0,0,0,"13,33952","52,48844"
7622,196925,Berlin,10,2019,6,18,5,3,0,1,0,1,0,0,0,0,0,0,"13,61445","52,49354"
7623,196926,Berlin,10,2019,6,17,5,3,1,5,0,1,1,0,0,0,1,0,"13,57548","52,51322"
7624,196927,Berlin,5,2019,7,8,6,2,2,6,0,0,1,0,1,0,0,0,"13,21876","52,53715"
7625,196928,Berlin,11,2019,6,22,5,3,2,6,2,1,1,0,0,0,0,0,"13,48611","52,50236"
7626,196929,Berlin,8,2019,7,8,6,3,5,3,0,0,1,0,0,0,0,0,"13,43683","52,46516"
7627,196930,Berlin,2,2019,6,17,5,3,5,2,0,1,0,0,0,0,0,0,"13,44549","52,52042"
7628,196931,Berlin,1,2019,7,8,6,3,5,2,0,1,1,0,0,0,0,0,"13,34491","52,53906"
7629,196932,Berlin,3,2019,6,14,5,3,5,3,0,0,1,0,1,0,0,0,"13,43446","52,54958"
7630,196933,Berlin,3,2019,7,5,6,3,0,1,0,1,0,0,0,0,0,1,"13,48703","52,61746"
7631,196934,Berlin,2,2019,6,14,5,2,0,6,0,1,1,0,0,0,0,0,"13,4646","52,50985"
7632,196935,Berlin,1,2019,6,20,5,3,0,1,0,1,0,0,0,0,0,0,"13,38235","52,55183"
7633,196936,Berlin,11,2019,7,4,6,3,0,1,0,1,0,0,0,0,0,0,"13,50583","52,49149"
7634,196937,Berlin,2,2019,7,1,6,3,0,7,2,1,0,0,0,0,1,0,"13,46","52,51729"
7635,196938,Berlin,4,2019,6,14,5,3,0,1,0,0,0,0,1,0,0,0,"13,33925","52,50327"
7636,196939,Berlin,7,2019,6,13,5,3,5,2,0,1,1,0,0,0,0,0,"13,34905","52,48944"
7637,196940,Berlin,5,2019,7,15,6,2,0,6,0,0,1,0,0,0,1,0,"13,18399","52,53416"
7638,196941,Berlin,1,2019,6,9,5,2,0,1,0,1,0,0,0,0,0,0,"13,399","52,53244"
7639,196942,Berlin,1,2019,7,11,5,3,1,5,0,1,1,0,0,0,0,0,"13,41294","52,51186"
7640,196943,Berlin,4,2019,6,9,5,3,5,3,0,1,1,0,0,0,0,0,"13,30844","52,48777"
7641,196944,Berlin,1,2019,7,21,5,3,3,6,2,0,1,0,0,0,0,0,"13,36424","52,54363"
7642,196945,Berlin,6,2019,6,8,5,2,5,2,0,0,1,0,0,0,0,0,"13,27084","52,45094"
7643,196946,Berlin,2,2019,7,20,5,3,5,2,1,0,1,0,0,0,0,0,"13,38945","52,49602"
7644,196947,Berlin,1,2019,6,8,5,3,5,2,0,1,1,0,0,0,0,0,"13,38062","52,5284"
7645,196948,Berlin,3,2019,6,8,5,2,5,2,0,1,0,0,0,1,0,0,"13,42691","52,55223"
7646,196949,Berlin,9,2019,7,17,4,3,5,3,0,0,1,0,1,0,0,0,"13,61871","52,45542"
7647,196950,Berlin,2,2019,7,16,4,3,2,6,0,1,0,0,0,0,0,0,"13,39299","52,49201"
7648,196951,Berlin,1,2019,7,9,4,3,5,2,0,0,1,0,1,0,0,0,"13,41027","52,52808"
7649,196952,Berlin,6,2019,7,17,4,3,7,7,0,0,0,0,1,0,0,0,"13,17532","52,41993"
7650,196953,Berlin,1,2019,7,14,6,3,1,5,0,0,1,0,1,0,0,0,"13,34425","52,53155"
7651,196954,Berlin,4,2019,7,17,4,3,5,3,0,1,1,0,0,0,0,0,"13,29662","52,51678"
7652,196955,Berlin,4,2019,7,16,4,3,3,6,0,0,1,0,1,0,0,0,"13,32198","52,4845"
7653,196956,Berlin,8,2019,7,8,4,3,1,5,0,1,1,0,0,0,0,0,"13,43895","52,48962"
7654,196957,Berlin,1,2019,7,1,5,3,5,2,2,1,1,0,0,0,0,0,"13,41797","52,51557"
7655,196958,Berlin,2,2019,7,20,5,3,2,2,0,0,1,0,0,0,0,0,"13,46611","52,50003"
7656,196959,Berlin,11,2019,7,20,5,3,5,2,0,1,1,0,0,0,0,0,"13,46825","52,54654"
7657,196960,Berlin,1,2019,7,19,5,3,5,2,0,0,1,0,1,0,0,0,"13,39274","52,54255"
7658,196961,Berlin,4,2019,7,19,5,3,5,2,0,1,1,0,0,0,0,0,"13,33215","52,5062"
7659,196962,Berlin,4,2019,7,19,5,3,1,5,0,1,1,0,0,0,0,0,"13,29071","52,51777"
7660,196963,Berlin,2,2019,7,19,5,3,1,5,0,1,1,0,0,0,0,0,"13,40115","52,49843"
7661,196964,Berlin,3,2019,7,18,5,3,2,6,0,0,1,0,1,0,0,0,"13,39815","52,55474"
7662,196965,Berlin,9,2019,7,18,5,3,2,6,0,0,0,0,0,0,1,0,"13,5593","52,45613"
7663,196966,Berlin,7,2019,7,15,5,3,5,2,0,1,1,0,0,0,0,0,"13,36195","52,44725"
7664,196967,Berlin,5,2019,7,15,5,3,1,5,0,1,1,0,0,0,0,0,"13,14","52,45204"
7665,196968,Berlin,5,2019,7,17,5,2,5,3,0,0,1,0,1,0,0,0,"13,21575","52,56455"
7666,196969,Berlin,9,2019,7,15,5,2,5,3,0,1,1,0,0,0,0,0,"13,52238","52,42827"
7667,196970,Berlin,4,2019,7,9,5,3,0,7,0,1,0,0,0,0,0,0,"13,28608","52,51877"
7668,196971,Berlin,1,2019,7,15,5,2,3,6,0,1,1,0,0,0,0,0,"13,39802","52,52947"
7669,196972,Berlin,9,2019,7,14,5,3,5,7,0,0,1,0,0,0,0,0,"13,56225","52,42118"
7670,196973,Berlin,9,2019,7,10,5,3,5,2,0,0,1,0,0,0,0,0,"13,52635","52,42461"
7671,196974,Berlin,8,2019,7,18,5,3,5,3,0,0,1,0,0,0,0,0,"13,45733","52,43109"
7672,196975,Berlin,1,2019,7,22,5,2,0,1,2,0,0,0,0,0,1,0,"13,39033","52,50783"
7673,196976,Berlin,6,2019,7,23,5,3,5,3,2,0,1,0,1,0,0,0,"13,36503","52,42407"
7674,196977,Berlin,7,2019,7,13,5,3,5,2,0,1,1,0,0,0,0,0,"13,34499","52,48461"
7675,196978,Berlin,5,2019,7,8,5,3,6,4,0,0,0,1,0,1,0,0,"13,15728","52,53301"
7676,196979,Berlin,7,2019,7,8,5,3,5,2,0,1,0,0,0,1,0,0,"13,33959","52,49758"
7677,196980,Berlin,4,2019,7,12,5,3,1,5,0,1,0,0,0,0,1,0,"13,21048","52,50135"
7678,196981,Berlin,1,2019,7,12,5,3,3,6,0,0,1,0,1,0,0,0,"13,35171","52,50877"
7679,196982,Berlin,1,2019,7,12,5,2,5,3,0,0,1,0,1,0,0,0,"13,37696","52,55805"
7680,196983,Berlin,11,2019,7,12,5,3,5,2,0,1,1,0,0,0,0,0,"13,50731","52,56417"
7681,196984,Berlin,9,2019,7,8,5,2,5,2,0,1,1,0,0,0,0,0,"13,5527","52,43065"
7682,196985,Berlin,2,2019,7,10,5,2,5,2,0,0,1,0,0,0,1,0,"13,3952","52,49617"
7683,196986,Berlin,2,2019,7,10,5,2,0,6,0,0,1,0,0,0,1,0,"13,40705","52,50468"
7684,196987,Berlin,7,2019,7,7,5,3,2,6,0,0,0,0,1,1,0,0,"13,37762","52,45289"
7685,196988,Berlin,3,2019,7,7,5,3,5,3,0,1,0,0,0,0,1,0,"13,42737","52,55249"
7686,196989,Berlin,9,2019,7,7,5,3,5,2,0,1,1,0,0,0,0,0,"13,44687","52,49398"
7687,196990,Berlin,12,2019,7,6,5,3,0,7,0,0,1,0,1,0,0,1,"13,37702","52,56071"
7688,196991,Berlin,1,2019,7,10,5,3,5,3,0,0,1,0,0,0,0,0,"13,34721","52,50549"
7689,196992,Berlin,2,2019,7,9,5,3,1,5,0,0,1,0,0,0,0,0,"13,42219","52,49159"
7690,196993,Berlin,6,2019,7,9,5,3,0,3,0,1,0,0,0,0,0,0,"13,17647","52,42094"
7691,196994,Berlin,4,2019,7,9,5,2,5,3,0,1,1,0,0,0,0,0,"13,29364","52,50544"
7692,196995,Berlin,2,2019,7,8,5,2,0,1,0,0,1,0,0,0,0,0,"13,39039","52,50671"
7693,196996,Berlin,1,2019,7,17,5,3,0,6,0,0,1,0,0,0,1,0,"13,34978","52,50326"
7694,196997,Berlin,5,2019,7,9,5,1,3,6,0,1,0,0,0,1,0,0,"13,21499","52,56371"
7695,196998,Berlin,4,2019,7,17,4,3,5,2,0,1,1,0,0,0,0,0,"13,33861","52,50526"
7696,196999,Berlin,1,2019,7,17,4,3,2,6,0,1,1,0,0,0,0,0,"13,37173","52,54204"
7697,197000,Berlin,10,2019,7,16,4,3,5,3,0,1,1,0,0,0,0,0,"13,60023","52,52608"
7698,197001,Berlin,7,2019,7,15,4,3,2,6,0,0,1,0,0,0,0,0,"13,3625","52,49787"
7699,197002,Berlin,8,2019,7,15,4,3,5,7,0,0,1,0,0,0,0,0,"13,4368","52,44863"
7700,197003,Berlin,6,2019,7,15,4,2,5,2,0,0,1,0,0,0,0,0,"13,3097","52,43147"
7701,197004,Berlin,7,2019,7,17,4,3,1,5,0,1,1,0,0,0,0,0,"13,36679","52,48509"
7702,197005,Berlin,8,2019,7,15,4,3,0,6,0,0,1,0,0,0,1,0,"13,43996","52,4242"
7703,197006,Berlin,2,2019,7,14,4,3,2,6,0,0,1,0,1,0,1,0,"13,44355","52,52508"
7704,197007,Berlin,8,2019,7,13,4,3,2,7,0,1,0,0,0,0,1,0,"13,49512","52,41271"
7705,197008,Berlin,9,2019,7,12,4,2,0,4,0,0,0,1,0,0,1,0,"13,56559","52,44528"
7706,197009,Berlin,2,2019,7,11,4,3,5,2,0,1,1,0,0,0,0,0,"13,39782","52,49074"
7707,197010,Berlin,6,2019,7,11,4,3,0,1,0,1,0,0,0,0,0,0,"13,34295","52,4454"
7708,197011,Berlin,7,2019,7,10,4,3,5,2,0,0,1,0,1,0,0,0,"13,37221","52,45557"
7709,197012,Berlin,7,2019,7,9,4,2,5,2,0,1,0,0,1,0,0,0,"13,35596","52,48609"
7710,197013,Berlin,9,2019,7,9,4,3,2,3,0,1,1,0,0,0,0,0,"13,71834","52,43149"
7711,197014,Berlin,2,2019,7,8,4,3,5,3,0,1,1,0,0,0,0,0,"13,41097","52,5039"
7712,197015,Berlin,12,2019,7,23,4,2,2,6,2,0,1,0,0,0,1,0,"13,30688","52,55491"
7713,197016,Berlin,4,2019,7,20,4,2,1,1,0,0,1,0,0,0,0,0,"13,31154","52,5477"
7714,197017,Berlin,8,2019,7,19,4,3,5,3,0,0,1,0,0,0,0,0,"13,48709","52,4229"
7715,197018,Berlin,1,2019,7,19,4,2,0,6,0,1,1,0,0,0,0,0,"13,37552","52,54852"
7716,197019,Berlin,3,2019,7,6,4,3,0,3,0,0,1,0,1,0,0,0,"13,43373","52,56032"
7717,197020,Berlin,3,2019,7,6,4,3,5,3,0,1,1,0,0,0,0,0,"13,43643","52,54853"
7718,197021,Berlin,11,2019,7,5,4,3,5,3,0,1,1,0,0,0,0,0,"13,50498","52,51081"
7719,197022,Berlin,2,2019,7,1,4,2,0,1,2,0,0,0,0,0,1,0,"13,46127","52,50857"
7720,197023,Berlin,6,2019,7,15,4,3,5,2,0,0,1,0,0,0,1,0,"13,31337","52,43537"
7721,197024,Berlin,2,2019,7,9,3,2,0,2,0,1,1,0,0,0,0,0,"13,44329","52,50037"
7722,197025,Berlin,2,2019,7,16,3,3,5,2,0,1,0,0,0,0,0,0,"13,44061","52,51702"
7723,197026,Berlin,2,2019,7,18,3,3,5,2,0,1,1,0,0,0,0,0,"13,40791","52,50444"
7724,197027,Berlin,3,2019,7,17,3,3,5,7,0,1,1,0,0,0,0,0,"13,46254","52,54976"
7725,197028,Berlin,9,2019,7,17,3,2,5,3,0,0,1,0,1,0,0,0,"13,50949","52,46346"
7726,197029,Berlin,8,2019,7,17,3,3,1,5,0,1,1,0,0,0,1,0,"13,43842","52,4846"
7727,197030,Berlin,9,2019,7,16,3,3,2,7,0,0,1,0,0,0,0,0,"13,60816","52,45317"
7728,197031,Berlin,2,2019,7,2,3,3,1,1,2,0,1,0,0,0,0,0,"13,39821","52,49509"
7729,197032,Berlin,10,2019,7,14,3,3,2,6,0,0,1,0,0,0,1,0,"13,51672","52,53531"
7730,197033,Berlin,5,2019,7,14,3,3,5,2,0,0,1,0,0,0,0,0,"13,18457","52,51555"
7731,197034,Berlin,12,2019,7,13,3,3,1,5,0,0,1,0,1,0,0,0,"13,24268","52,61626"
7732,197035,Berlin,4,2019,7,13,3,3,1,5,0,1,1,0,0,0,0,0,"13,33456","52,4966"
7733,197036,Berlin,8,2019,7,13,3,3,5,3,0,1,1,0,0,0,0,0,"13,49564","52,41775"
7734,197037,Berlin,7,2019,7,12,3,3,5,3,0,0,1,0,0,0,0,0,"13,39938","52,45299"
7735,197038,Berlin,4,2019,7,12,3,3,2,6,0,0,1,0,0,0,0,0,"13,28207","52,5338"
7736,197039,Berlin,2,2019,7,12,3,3,5,2,0,1,0,0,0,1,0,0,"13,45206","52,51068"
7737,197040,Berlin,4,2019,7,10,3,3,6,4,0,0,1,1,0,0,0,0,"13,30946","52,49525"
7738,197041,Berlin,4,2019,7,10,3,3,5,2,0,1,1,0,0,0,0,0,"13,30547","52,47979"
7739,197042,Berlin,1,2019,7,18,3,3,4,6,0,1,0,0,0,0,1,0,"13,40306","52,51669"
7740,197043,Berlin,2,2019,7,9,3,3,6,7,0,0,1,1,0,0,0,0,"13,39762","52,49506"
7741,197044,Berlin,8,2019,7,19,3,3,0,3,0,1,0,0,0,0,0,0,"13,44091","52,48646"
7742,197045,Berlin,3,2019,7,19,3,3,5,2,0,1,1,0,0,0,0,0,"13,45737","52,52923"
7743,197046,Berlin,9,2019,7,6,3,2,3,6,0,0,1,0,0,0,0,0,"13,55934","52,44479"
7744,197047,Berlin,9,2019,7,18,3,3,2,6,0,0,1,0,0,0,1,0,"13,5487","52,4277"
7745,197048,Berlin,9,2019,7,18,3,2,0,1,0,0,0,0,1,0,0,0,"13,51347","52,42766"
7746,197049,Berlin,9,2019,7,18,3,3,5,3,0,1,0,0,0,0,1,0,"13,58536","52,4111"
7747,197050,Berlin,3,2019,7,16,3,3,5,3,0,1,1,0,0,0,0,0,"13,38064","52,6341"
7748,197051,Berlin,4,2019,7,16,3,3,2,2,0,0,1,0,1,0,0,0,"13,29012","52,51902"
7749,197052,Berlin,2,2019,7,16,3,3,0,1,0,1,0,0,0,0,0,0,"13,41913","52,48761"
7750,197053,Berlin,4,2019,7,15,3,3,2,6,0,1,1,0,0,0,0,0,"13,32482","52,49798"
7751,197054,Berlin,5,2019,7,15,3,3,3,6,0,1,0,0,0,0,1,0,"13,21335","52,56099"
7752,197055,Berlin,1,2019,7,15,3,3,0,6,0,0,0,0,0,0,1,0,"13,34916","52,55198"
7753,197056,Berlin,2,2019,7,17,3,3,2,6,0,0,1,0,1,0,0,0,"13,42825","52,51812"
7754,197057,Berlin,8,2019,7,21,3,3,3,6,0,1,1,0,0,0,0,0,"13,4332","52,48914"
7755,197058,Berlin,11,2019,7,13,3,3,2,6,0,0,1,0,0,0,0,0,"13,46754","52,547"
7756,197059,Berlin,9,2019,7,8,3,3,1,1,0,0,1,0,1,0,0,0,"13,54842","52,45698"
7757,197060,Berlin,11,2019,7,16,2,3,2,6,0,0,1,0,0,0,0,0,"13,51564","52,55175"
7758,197061,Berlin,5,2019,7,17,2,3,5,2,0,0,1,0,1,0,0,0,"13,20126","52,51212"
7759,197062,Berlin,1,2019,7,16,2,3,2,2,0,0,0,0,1,0,1,0,"13,38071","52,51663"
7760,197063,Berlin,6,2019,7,15,2,3,1,5,0,0,1,0,0,1,0,0,"13,23549","52,43592"
7761,197064,Berlin,2,2019,7,21,2,2,5,2,2,1,1,0,0,0,0,0,"13,43537","52,51471"
7762,197065,Berlin,8,2019,7,17,2,3,2,6,0,0,1,0,1,0,0,0,"13,42789","52,42087"
7763,197066,Berlin,6,2019,7,19,2,3,0,1,0,0,0,0,1,0,0,0,"13,32435","52,45594"
7764,197067,Berlin,8,2019,7,15,2,3,2,6,0,0,1,0,0,0,0,0,"13,45303","52,47018"
7765,197068,Berlin,12,2019,7,15,2,2,6,4,0,0,1,1,0,0,1,0,"13,29447","52,57645"