,id,city,district,year,month,hour,weekday,injury_level,collision,movement,light_conditions,bicycle,car,pedestrian,motorbike,truck,other_vehicle,road_conditions,longitude,latitude
8281,197584,Berlin,1,2019,8,10,7,3,0,2,0,0,0,0,0,1,1,0,"13,38153","52,55612"
8282,197585,Berlin,11,2019,8,1,7,2,6,4,2,0,1,1,0,0,0,0,"13,4765","52,50089"
8283,197586,Berlin,8,2019,8,14,6,2,6,4,0,0,1,1,0,0,0,0,"13,4353","52,42336"
8284,197587,Berlin,5,2019,8,0,6,3,6,2,2,0,0,1,0,0,1,0,"13,20413","52,54374"
8285,197588,Berlin,1,2019,8,16,6,3,5,3,0,1,1,0,0,0,0,0,"13,3644","52,54959"
8286,197589,Berlin,12,2019,8,18,6,3,0,2,0,1,1,0,0,0,0,0,"13,34735","52,57855"
8287,197590,Berlin,1,2019,8,9,6,3,6,7,0,0,0,1,0,0,1,0,"13,38732","52,52595"
8288,197591,Berlin,1,2019,8,14,6,2,5,3,0,0,1,0,1,0,0,0,"13,35107","52,5297"
8289,197592,Berlin,2,2019,8,18,6,3,0,2,0,1,1,0,0,0,0,1,"13,38865","52,49932"
8290,197593,Berlin,1,2019,8,11,6,3,5,5,0,0,1,0,0,0,0,0,"13,37541","52,55026"
8291,197594,Berlin,3,2019,8,11,6,3,0,5,0,1,0,0,0,0,0,0,"13,4763","52,61124"
8292,197595,Berlin,2,2019,8,15,6,3,5,2,0,1,1,0,0,0,0,0,"13,42412","52,51335"
8293,197596,Berlin,8,2019,8,14,6,3,6,4,0,0,1,1,0,0,0,0,"13,44814","52,47782"
8294,197597,Berlin,4,2019,8,14,6,3,5,3,0,0,0,0,1,0,1,0,"13,30836","52,49004"
8295,197598,Berlin,6,2019,8,13,6,3,1,5,0,1,0,0,0,0,1,0,"13,31693","52,46321"
8296,197599,Berlin,7,2019,8,13,6,3,2,6,0,0,1,0,1,0,0,0,"13,35563","52,49013"
8297,197600,Berlin,4,2019,8,12,6,3,5,7,0,0,1,0,1,0,0,0,"13,32174","52,53891"
8298,197601,Berlin,5,2019,8,11,6,3,2,6,0,0,1,0,0,0,0,0,"13,20427","52,53033"
8299,197602,Berlin,12,2019,8,11,6,2,5,3,0,0,1,0,1,0,0,0,"13,31715","52,57636"
8300,197603,Berlin,5,2019,8,10,6,3,1,5,0,0,1,0,0,0,1,0,"13,18527","52,54469"
8301,197604,Berlin,6,2019,8,8,6,2,0,1,0,0,1,0,1,0,0,0,"13,28101","52,42105"
8302,197605,Berlin,2,2019,8,8,6,3,5,3,0,1,0,0,0,0,0,0,"13,39832","52,49599"
8303,197606,Berlin,10,2019,8,8,6,3,2,7,0,0,1,0,0,0,0,0,"13,56369","52,51887"
8304,197607,Berlin,12,2019,8,8,6,3,2,6,0,0,1,0,0,0,0,0,"13,33139","52,57371"
8305,197608,Berlin,6,2019,8,8,6,3,5,2,0,1,1,0,0,0,0,0,"13,26751","52,40804"
8306,197609,Berlin,11,2019,8,19,6,3,0,2,1,0,1,0,1,0,0,1,"13,48703","52,50243"
8307,197610,Berlin,3,2019,8,19,6,3,1,5,0,1,1,0,0,0,0,1,"13,41305","52,55755"
8308,197611,Berlin,9,2019,8,18,6,3,2,2,0,0,1,0,0,0,0,1,"13,57067","52,45177"
8309,197612,Berlin,4,2019,8,18,6,2,5,3,0,0,1,0,1,0,0,1,"13,31444","52,52093"
8310,197613,Berlin,11,2019,8,18,6,3,1,5,1,1,1,0,0,0,0,1,"13,52328","52,48307"
8311,197614,Berlin,3,2019,8,17,6,2,0,1,0,1,0,0,0,0,0,1,"13,45053","52,53621"
8312,197615,Berlin,3,2019,8,17,6,3,2,6,0,0,1,0,0,0,0,1,"13,45788","52,52858"
8313,197616,Berlin,4,2019,8,17,6,3,6,4,0,0,1,1,0,0,0,1,"13,32023","52,50686"
8314,197617,Berlin,3,2019,8,17,6,3,5,3,0,0,1,0,0,0,0,1,"13,44909","52,52887"
8315,197618,Berlin,4,2019,8,16,6,3,5,3,0,0,1,0,0,0,0,1,"13,26865","52,5093"
8316,197619,Berlin,1,2019,8,16,6,3,2,6,0,0,1,0,0,0,0,1,"13,37695","52,5435"
8317,197620,Berlin,5,2019,8,22,6,3,6,4,2,0,1,1,0,0,0,0,"13,1955","52,53347"
8318,197621,Berlin,1,2019,8,20,6,3,0,1,0,1,0,0,0,0,0,0,"13,36314","52,54872"
8319,197622,Berlin,3,2019,8,18,6,3,0,2,1,1,1,0,0,0,0,1,"13,41814","52,54971"
8320,197623,Berlin,1,2019,8,15,5,3,2,6,0,0,1,0,1,0,0,0,"13,38507","52,55691"
8321,197624,Berlin,4,2019,8,22,5,3,1,5,2,1,1,0,0,0,0,0,"13,33609","52,50006"
8322,197625,Berlin,6,2019,8,21,5,2,5,2,2,0,1,0,0,0,0,0,"13,3178","52,45792"
8323,197626,Berlin,3,2019,8,21,5,2,5,3,1,1,0,0,0,0,1,0,"13,43184","52,55451"
8324,197627,Berlin,2,2019,8,20,5,3,1,5,1,1,1,0,0,0,0,0,"13,46699","52,50809"
8325,197628,Berlin,2,2019,8,20,5,3,6,4,1,1,0,1,0,0,0,0,"13,3885","52,50172"
8326,197629,Berlin,3,2019,8,19,5,3,6,4,0,0,1,1,0,0,0,0,"13,411","52,5398"
8327,197630,Berlin,10,2019,8,19,5,3,5,3,0,1,1,0,0,0,0,0,"13,55726","52,50714"
8328,197631,Berlin,5,2019,8,16,5,3,2,6,0,0,1,0,1,0,0,1,"13,20875","52,56158"
8329,197632,Berlin,8,2019,8,18,5,3,1,5,0,1,1,0,0,0,0,0,"13,42145","52,47914"
8330,197633,Berlin,2,2019,8,18,5,3,0,3,0,0,1,0,1,0,0,0,"13,43188","52,50565"
8331,197634,Berlin,5,2019,8,17,5,3,5,2,0,0,1,0,0,0,0,0,"13,17819","52,54884"
8332,197635,Berlin,4,2019,8,16,5,3,2,6,0,0,1,0,0,0,1,0,"13,31075","52,51619"
8333,197636,Berlin,7,2019,8,16,5,3,0,1,0,1,0,0,0,0,0,0,"13,3646","52,45042"
8334,197637,Berlin,4,2019,8,16,5,3,5,3,0,1,1,0,0,0,0,0,"13,31467","52,49"
8335,197638,Berlin,7,2019,8,14,5,3,5,3,0,0,1,0,0,0,0,0,"13,37913","52,48058"
8336,197639,Berlin,5,2019,8,14,5,3,2,6,0,0,1,0,0,0,0,0,"13,20794","52,55389"
8337,197640,Berlin,12,2019,8,14,5,3,0,6,0,1,0,0,0,1,0,0,"13,32321","52,60771"
8338,197641,Berlin,3,2019,8,14,5,2,6,4,0,0,1,1,0,0,0,0,"13,43764","52,56978"
8339,197642,Berlin,4,2019,8,13,5,3,5,2,0,0,1,0,1,0,0,0,"13,24035","52,51192"
8340,197643,Berlin,1,2019,8,15,5,3,5,3,0,0,1,0,0,0,0,0,"13,3765","52,54303"
8341,197644,Berlin,3,2019,8,13,5,3,6,4,0,0,0,1,1,0,0,0,"13,41703","52,54989"
8342,197645,Berlin,1,2019,8,13,5,2,6,4,0,0,1,1,0,0,0,0,"13,40512","52,50823"
8343,197646,Berlin,11,2019,8,13,5,3,5,2,0,1,1,0,0,0,0,0,"13,49632","52,50016"
8344,197647,Berlin,10,2019,8,12,5,3,0,6,0,1,1,0,0,0,0,0,"13,58165","52,50746"
8345,197648,Berlin,2,2019,8,12,5,3,1,5,0,1,0,0,0,1,0,0,"13,39709","52,49119"
8346,197649,Berlin,3,2019,8,12,5,2,5,3,0,0,1,0,0,1,0,0,"13,42882","52,57917"
8347,197650,Berlin,4,2019,8,12,5,3,2,6,0,0,1,0,0,0,0,0,"13,28342","52,51867"
8348,197651,Berlin,8,2019,8,12,5,3,5,7,0,0,1,0,0,0,0,0,"13,41947","52,45215"
8349,197652,Berlin,4,2019,8,10,5,3,5,3,0,0,1,0,0,0,0,0,"13,25967","52,51476"
8350,197653,Berlin,2,2019,8,12,5,3,2,2,0,0,1,0,1,0,0,1,"13,39517","52,49625"
8351,197654,Berlin,3,2019,8,9,5,3,5,2,0,1,1,0,0,0,0,0,"13,41019","52,52988"
8352,197655,Berlin,11,2019,8,8,5,3,5,3,0,0,0,0,0,1,1,0,"13,46707","52,52846"
8353,197656,Berlin,3,2019,8,11,5,3,5,7,0,0,1,0,0,0,0,0,"13,4271","52,55221"
8354,197657,Berlin,11,2019,8,8,5,3,5,5,0,0,1,0,1,0,0,1,"13,46709","52,52873"
8355,197658,Berlin,7,2019,8,10,5,3,0,6,0,1,1,0,0,0,0,0,"13,34915","52,49074"
8356,197659,Berlin,3,2019,8,10,5,3,1,5,0,0,1,0,0,0,0,0,"13,41061","52,59041"
8357,197660,Berlin,4,2019,8,8,5,3,0,3,0,0,1,0,1,0,0,0,"13,32012","52,47679"
8358,197661,Berlin,12,2019,8,8,5,3,5,2,0,1,1,0,0,0,0,0,"13,35313","52,568"
8359,197662,Berlin,1,2019,8,7,5,3,8,1,0,0,1,0,0,0,0,0,"13,36425","52,50611"
8360,197663,Berlin,2,2019,8,6,5,3,0,4,0,1,0,1,0,0,0,1,"13,44551","52,49921"
8361,197664,Berlin,11,2019,8,6,5,3,2,6,0,0,1,0,1,0,0,0,"13,47553","52,5026"
8362,197665,Berlin,1,2019,8,5,5,3,5,3,1,0,1,0,0,0,0,1,"13,39434","52,54741"
8363,197666,Berlin,4,2019,8,2,5,3,5,2,2,0,1,0,0,0,0,0,"13,33088","52,48737"
8364,197667,Berlin,2,2019,8,0,5,3,0,2,2,1,1,0,0,0,0,1,"13,44157","52,50128"
8365,197668,Berlin,12,2019,7,2,4,3,0,7,2,1,0,0,0,0,0,0,"13,3315","52,57557"
8366,197669,Berlin,4,2019,7,20,4,3,5,2,1,0,1,0,0,0,0,1,"13,28097","52,47683"
8367,197670,Berlin,12,2019,7,20,4,3,1,5,2,0,1,0,0,0,0,1,"13,36223","52,57892"
8368,197671,Berlin,12,2019,7,20,4,3,0,1,1,0,0,0,1,0,0,1,"13,36444","52,56267"
8369,197672,Berlin,2,2019,7,19,4,3,5,5,1,0,1,0,1,0,0,0,"13,3847","52,49002"
8370,197673,Berlin,2,2019,7,23,4,3,5,7,2,0,1,0,1,0,0,1,"13,42958","52,50958"
8371,197674,Berlin,4,2019,7,22,4,3,0,1,2,0,0,0,1,0,0,1,"13,32228","52,49307"
8372,197675,Berlin,4,2019,7,18,4,3,5,2,0,0,1,0,0,0,0,0,"13,31387","52,50629"
8373,197676,Berlin,8,2019,7,18,4,3,5,3,0,0,1,0,0,0,0,0,"13,4898","52,42005"
8374,197677,Berlin,1,2019,7,17,4,3,2,6,0,0,1,0,0,0,0,1,"13,41054","52,52866"
8375,197678,Berlin,4,2019,7,17,4,3,0,6,0,0,1,0,1,0,0,1,"13,31316","52,50138"
8376,197679,Berlin,4,2019,7,17,4,2,0,1,0,1,0,0,0,0,0,1,"13,29507","52,50414"
8377,197680,Berlin,10,2019,7,17,4,3,6,4,0,0,1,1,0,0,0,1,"13,56175","52,50564"
8378,197681,Berlin,1,2019,7,17,4,2,5,2,0,1,1,0,0,0,0,1,"13,40397","52,52272"
8379,197682,Berlin,1,2019,7,16,4,3,0,5,0,0,1,0,1,0,0,1,"13,3416","52,52552"
8380,197683,Berlin,7,2019,7,16,4,3,2,6,0,0,1,0,0,0,0,1,"13,39025","52,43948"
8381,197684,Berlin,1,2019,7,16,4,3,5,3,0,0,1,0,0,0,0,1,"13,38009","52,53279"
8382,197685,Berlin,12,2019,7,15,4,3,5,2,0,1,1,0,0,0,0,1,"13,30409","52,62216"
8383,197686,Berlin,1,2019,7,15,4,3,2,6,0,0,1,0,0,0,0,1,"13,35136","52,50961"
8384,197687,Berlin,4,2019,7,10,4,3,5,2,0,0,1,0,0,0,0,0,"13,3261","52,53839"
8385,197688,Berlin,1,2019,7,9,4,3,5,7,0,1,1,0,0,0,0,0,"13,34586","52,52501"
8386,197689,Berlin,12,2019,7,9,4,2,4,6,0,1,0,0,0,0,0,0,"13,31081","52,56806"
8387,197690,Berlin,2,2019,7,9,4,3,2,6,0,0,1,0,1,0,0,0,"13,3877","52,49304"
8388,197691,Berlin,2,2019,7,7,4,3,5,2,0,1,1,0,0,0,0,0,"13,41658","52,50204"
8389,197692,Berlin,1,2019,7,15,4,2,5,7,0,0,1,0,0,0,0,0,"13,39981","52,52956"
8390,197693,Berlin,1,2019,7,7,4,3,5,3,0,1,0,0,0,0,1,0,"13,40497","52,53407"
8391,197694,Berlin,5,2019,7,7,4,3,5,2,0,0,0,0,1,0,1,0,"13,24138","52,53859"
8392,197695,Berlin,12,2019,7,4,4,3,5,3,1,1,1,0,0,0,0,0,"13,3019","52,56904"
8393,197696,Berlin,11,2019,7,2,4,3,0,1,2,1,0,0,0,0,0,0,"13,52631","52,56923"
8394,197697,Berlin,5,2019,7,14,4,3,6,4,0,0,1,1,0,0,0,0,"13,20843","52,54883"
8395,197698,Berlin,1,2019,7,14,4,3,5,3,0,0,1,0,0,0,0,0,"13,3309","52,55889"
8396,197699,Berlin,6,2019,7,12,4,3,5,3,0,0,0,0,1,0,1,0,"13,29312","52,46756"
8397,197700,Berlin,4,2019,7,12,4,3,5,3,0,0,1,0,0,0,1,0,"13,30914","52,50038"
8398,197701,Berlin,12,2019,7,11,4,2,5,7,0,0,1,0,1,0,0,0,"13,28976","52,58261"
8399,197702,Berlin,7,2019,7,10,4,3,1,5,0,1,1,0,0,0,0,0,"13,35427","52,48734"
8400,197703,Berlin,4,2019,7,10,4,3,5,3,0,1,0,0,0,0,0,0,"13,25378","52,50505"
8401,197704,Berlin,8,2019,7,10,4,3,6,4,0,0,1,1,0,0,0,0,"13,43059","52,46874"
8402,197705,Berlin,12,2019,7,9,3,3,0,6,0,1,1,0,0,0,0,0,"13,35128","52,56762"
8403,197706,Berlin,3,2019,7,7,3,3,6,7,0,0,1,1,0,0,0,0,"13,41854","52,56222"
8404,197707,Berlin,10,2019,7,9,3,3,5,3,0,0,1,0,0,0,0,0,"13,59751","52,50234"
8405,197708,Berlin,3,2019,7,8,3,3,2,2,0,0,1,0,0,0,0,1,"13,46844","52,55979"
8406,197709,Berlin,1,2019,7,8,3,3,3,6,0,1,0,0,0,0,0,0,"13,38377","52,53077"
8407,197710,Berlin,1,2019,7,0,3,2,5,2,2,0,1,0,1,0,0,0,"13,40571","52,51408"
8408,197711,Berlin,9,2019,7,6,3,2,1,5,0,1,1,0,0,0,0,0,"13,50394","52,44435"
8409,197712,Berlin,11,2019,7,17,3,3,5,3,0,0,1,0,0,0,0,0,"13,53203","52,48403"
8410,197713,Berlin,4,2019,7,16,3,2,1,5,0,1,1,0,0,0,0,0,"13,29938","52,47441"
8411,197714,Berlin,5,2019,7,16,3,2,5,7,0,0,1,0,1,0,0,0,"13,19888","52,53376"
8412,197715,Berlin,1,2019,7,15,3,3,5,2,0,1,1,0,0,0,0,0,"13,34803","52,55613"
8413,197716,Berlin,4,2019,7,15,3,3,5,7,0,0,1,0,1,0,0,0,"13,31765","52,5069"
8414,197717,Berlin,1,2019,7,15,3,3,0,3,0,0,1,0,1,0,0,0,"13,34673","52,50489"
8415,197718,Berlin,2,2019,7,23,3,3,0,1,2,1,0,0,0,0,0,0,"13,37917","52,49245"
8416,197719,Berlin,1,2019,7,15,3,3,6,4,0,0,0,1,1,0,0,0,"13,38989","52,55019"
8417,197720,Berlin,3,2019,7,20,3,3,1,5,1,1,1,0,0,0,0,0,"13,44","52,54387"
8418,197721,Berlin,4,2019,7,13,3,3,0,7,0,0,1,0,1,0,0,0,"13,26895","52,51845"
8419,197722,Berlin,1,2019,7,20,3,2,0,1,0,1,0,0,0,0,0,0,"13,34065","52,50518"
8420,197723,Berlin,8,2019,7,14,3,3,5,3,0,0,1,0,1,0,0,0,"13,42382","52,47728"
8421,197724,Berlin,1,2019,7,20,3,3,5,3,0,0,1,0,0,0,0,0,"13,3522","52,50632"
8422,197725,Berlin,5,2019,7,20,3,3,5,3,0,1,1,0,0,0,0,0,"13,16677","52,53351"
8423,197726,Berlin,7,2019,7,19,3,3,5,7,0,0,1,0,1,0,0,0,"13,34129","52,50045"
8424,197727,Berlin,9,2019,7,13,3,3,3,1,0,1,0,0,0,0,1,0,"13,48081","52,47267"
8425,197728,Berlin,5,2019,7,12,3,3,2,2,0,1,1,0,0,0,0,0,"13,14423","52,45431"
8426,197729,Berlin,8,2019,7,18,3,3,2,6,0,0,1,0,0,0,0,0,"13,4455","52,47913"
8427,197730,Berlin,6,2019,7,18,3,3,5,2,0,1,1,0,0,0,0,0,"13,25032","52,45365"
8428,197731,Berlin,4,2019,7,18,3,3,3,6,0,0,1,0,0,0,0,0,"13,30182","52,51032"
8429,197732,Berlin,9,2019,7,17,3,3,2,7,0,0,1,0,1,0,0,0,"13,50677","52,43699"
8430,197733,Berlin,8,2019,7,17,3,3,5,3,0,1,0,0,0,0,1,0,"13,4394","52,42414"
8431,197734,Berlin,9,2019,7,10,3,2,1,5,0,0,1,0,1,0,0,0,"13,62173","52,44644"
8432,197735,Berlin,1,2019,7,9,3,3,1,5,0,1,0,0,0,1,0,0,"13,39648","52,55998"
8433,197736,Berlin,8,2019,7,12,3,3,5,2,0,0,1,0,0,0,1,0,"13,49356","52,43026"
8434,197737,Berlin,7,2019,7,14,3,1,6,2,0,0,0,1,0,1,0,0,"13,34615","52,50097"
8435,197738,Berlin,2,2019,7,13,2,3,5,2,0,1,0,0,0,0,1,0,"13,44068","52,51726"
8436,197739,Berlin,7,2019,7,15,2,3,0,7,0,1,0,0,0,0,0,0,"13,39999","52,4135"
8437,197740,Berlin,10,2019,7,12,2,3,0,1,0,1,0,0,0,0,0,0,"13,60205","52,48328"
8438,197741,Berlin,1,2019,7,22,2,3,2,6,2,0,1,0,1,0,0,1,"13,39158","52,55543"
8439,197742,Berlin,3,2019,7,21,2,3,0,2,2,0,1,0,1,0,0,1,"13,40651","52,56538"
8440,197743,Berlin,2,2019,7,20,2,3,1,1,0,0,1,0,1,0,0,1,"13,4596","52,50908"
8441,197744,Berlin,1,2019,7,18,2,3,5,2,0,1,0,0,0,0,1,1,"13,39115","52,53621"
8442,197745,Berlin,4,2019,7,18,2,3,0,6,0,0,1,0,1,0,0,1,"13,32179","52,50172"
8443,197746,Berlin,6,2019,7,18,2,3,0,5,0,1,1,0,0,0,0,1,"13,29464","52,44225"
8444,197747,Berlin,1,2019,7,18,2,3,2,6,0,0,1,0,0,0,0,1,"13,37497","52,54816"
8445,197748,Berlin,1,2019,7,16,2,3,2,6,0,0,1,0,0,0,0,0,"13,39318","52,52491"
8446,197749,Berlin,5,2019,7,16,2,3,5,7,0,1,1,0,0,0,0,0,"13,20902","52,54654"
8447,197750,Berlin,6,2019,7,19,2,3,2,6,0,0,1,0,0,0,0,1,"13,34204","52,46337"
8448,197751,Berlin,1,2019,7,17,2,3,1,5,0,1,1,0,0,0,0,1,"13,39251","52,51228"
8449,197752,Berlin,4,2019,7,16,2,3,5,2,0,0,1,0,1,0,0,0,"13,33271","52,47869"
8450,197753,Berlin,1,2019,7,16,2,3,5,2,0,1,1,0,0,0,0,0,"13,39186","52,5498"
8451,197754,Berlin,3,2019,7,19,2,3,0,7,0,0,1,0,0,0,0,1,"13,44221","52,56974"
8452,197755,Berlin,4,2019,7,15,2,2,5,3,0,1,1,0,0,0,0,0,"13,33278","52,47972"
8453,197756,Berlin,11,2019,7,15,2,3,5,2,0,1,0,0,0,0,1,0,"13,516","52,53695"
8454,197757,Berlin,1,2019,7,15,2,3,2,7,0,1,1,0,0,0,0,0,"13,38107","52,53216"
8455,197758,Berlin,4,2019,7,14,2,2,2,6,0,0,1,0,1,0,0,0,"13,3083","52,47697"
8456,197759,Berlin,9,2019,7,15,2,3,2,2,0,0,1,0,0,0,0,0,"13,55432","52,4557"
8457,197760,Berlin,5,2019,7,14,2,3,0,1,0,0,0,0,1,0,0,0,"13,15133","52,55379"
8458,197761,Berlin,4,2019,7,14,2,3,5,2,0,0,0,0,0,1,1,0,"13,31265","52,49931"
8459,197762,Berlin,2,2019,7,14,2,3,5,3,0,0,1,0,0,0,0,0,"13,46471","52,50697"
8460,197763,Berlin,9,2019,7,13,2,3,3,2,0,0,1,0,1,0,0,0,"13,54691","52,43152"
8461,197764,Berlin,7,2019,7,12,2,2,6,7,0,0,0,1,0,0,1,0,"13,36413","52,47646"
8462,197765,Berlin,4,2019,7,12,2,3,2,6,0,0,1,0,0,0,0,0,"13,2762","52,51884"
8463,197766,Berlin,3,2019,7,12,2,3,5,2,0,1,1,0,0,0,0,0,"13,3995","52,55257"
8464,197767,Berlin,2,2019,7,11,2,3,5,3,0,1,1,0,0,0,0,0,"13,38616","52,48503"
8465,197768,Berlin,10,2019,7,11,2,2,5,2,0,0,1,0,0,0,0,0,"13,58792","52,52071"
8466,197769,Berlin,9,2019,7,9,2,3,6,4,0,0,1,1,0,0,0,0,"13,53902","52,42157"
8467,197770,Berlin,2,2019,7,9,2,3,5,2,0,1,1,0,0,0,0,0,"13,44061","52,51702"
8468,197771,Berlin,4,2019,7,9,2,3,2,6,0,0,1,0,0,0,0,0,"13,31481","52,48135"
8469,197772,Berlin,5,2019,7,11,2,2,8,1,0,0,1,0,0,0,0,0,"13,20789","52,52644"
8470,197773,Berlin,2,2019,7,18,2,3,0,1,0,1,0,0,0,0,0,1,"13,43206","52,50572"
8471,197774,Berlin,2,2019,7,19,2,3,0,1,0,1,0,0,0,0,0,1,"13,39079","52,50453"
8472,197775,Berlin,4,2019,7,8,2,3,3,6,0,0,1,0,0,0,1,0,"13,32616","52,53823"
8473,197776,Berlin,8,2019,7,7,2,3,2,2,0,1,1,0,0,0,0,0,"13,42904","52,4719"
8474,197777,Berlin,2,2019,7,6,2,3,2,6,0,0,1,0,1,0,0,0,"13,45159","52,51077"
8475,197778,Berlin,6,2019,7,20,1,3,0,1,0,1,0,0,0,0,0,0,"13,30465","52,41804"
8476,197779,Berlin,7,2019,7,14,1,3,2,6,0,0,1,0,1,0,0,0,"13,33872","52,49433"
8477,197780,Berlin,5,2019,7,13,1,3,2,6,0,0,1,0,0,0,0,0,"13,2386","52,5392"
8478,197781,Berlin,1,2019,7,17,1,3,0,7,0,0,0,0,0,0,1,0,"13,39526","52,52044"
8479,197782,Berlin,1,2019,7,22,1,3,0,4,2,0,0,1,1,0,0,0,"13,40054","52,52167"
8480,197783,Berlin,8,2019,7,18,1,3,0,1,0,1,0,0,0,0,0,0,"13,45455","52,46537"
8481,197784,Berlin,8,2019,7,16,1,3,5,7,0,0,1,0,0,0,0,0,"13,46588","52,43607"
8482,197785,Berlin,1,2019,7,16,1,3,1,5,0,0,1,0,0,0,1,0,"13,3755","52,5194"
8483,197786,Berlin,7,2019,7,15,1,2,2,6,0,0,1,0,1,0,0,0,"13,34821","52,46363"
8484,197787,Berlin,1,2019,7,15,1,3,0,1,0,0,0,0,0,0,1,0,"13,42229","52,52441"
8485,197788,Berlin,2,2019,7,9,1,3,5,2,0,1,0,0,0,0,1,0,"13,46617","52,4968"
8486,197789,Berlin,2,2019,7,10,7,3,0,1,0,1,0,0,0,0,0,0,"13,41316","52,50238"
8487,197790,Berlin,2,2019,7,17,7,3,0,3,0,1,1,0,0,0,0,0,"13,43671","52,52349"
8488,197791,Berlin,8,2019,7,23,7,3,0,7,2,1,0,0,0,0,1,0,"13,44507","52,47934"
8489,197792,Berlin,6,2019,7,18,7,3,5,3,0,1,1,0,0,0,0,0,"13,25596","52,43591"
8490,197793,Berlin,8,2019,7,18,7,3,0,6,0,0,1,0,1,0,0,0,"13,43156","52,49234"
8491,197794,Berlin,1,2019,7,17,7,3,2,6,0,0,1,0,0,0,0,0,"13,3343","52,54113"
8492,197795,Berlin,4,2019,7,16,7,3,2,6,0,0,1,0,0,0,0,0,"13,33642","52,49794"
8493,197796,Berlin,4,2019,7,16,7,3,5,2,0,0,1,0,0,0,0,0,"13,30202","52,50798"
8494,197797,Berlin,1,2019,7,16,7,3,5,2,0,1,1,0,0,0,0,0,"13,38794","52,56071"
8495,197798,Berlin,6,2019,7,15,7,2,6,4,0,0,1,1,0,0,0,0,"13,25073","52,44977"
8496,197799,Berlin,8,2019,7,23,7,3,0,6,2,0,0,0,1,0,0,0,"13,42936","52,48649"
8497,197800,Berlin,1,2019,8,7,4,3,6,4,0,0,1,1,0,0,0,0,"13,34436","52,51688"
8498,197801,Berlin,5,2019,8,6,4,3,5,2,0,0,1,0,0,0,0,0,"13,18465","52,5154"
8499,197802,Berlin,9,2019,8,7,4,2,6,7,0,0,0,1,0,0,1,0,"13,62264","52,44671"
8500,197803,Berlin,5,2019,8,7,4,3,0,1,0,1,0,0,0,0,0,0,"13,21749","52,57316"
8501,197804,Berlin,3,2019,8,18,3,3,0,5,0,1,1,0,0,0,0,0,"13,41071","52,5508"
8502,197805,Berlin,1,2019,8,17,3,2,6,7,0,0,0,1,0,0,1,0,"13,36058","52,52343"
8503,197806,Berlin,1,2019,8,13,3,3,6,4,0,1,0,1,0,0,0,0,"13,40034","52,51898"
8504,197807,Berlin,3,2019,8,18,3,3,1,5,0,1,1,0,0,0,1,0,"13,41086","52,53966"
8505,197808,Berlin,9,2019,8,16,3,2,6,4,0,0,0,1,1,0,0,0,"13,53409","52,45724"
8506,197809,Berlin,3,2019,8,16,3,3,5,2,0,1,1,0,0,0,0,0,"13,44464","52,54562"
8507,197810,Berlin,1,2019,8,15,3,3,2,6,0,0,1,0,0,0,0,0,"13,32881","52,524"
8508,197811,Berlin,8,2019,8,18,3,3,1,5,1,1,1,0,0,0,0,0,"13,4469","52,4861"
8509,197812,Berlin,7,2019,8,18,3,3,6,2,0,0,1,1,0,0,0,0,"13,38552","52,46859"
8510,197813,Berlin,7,2019,8,18,3,3,6,4,0,0,1,1,0,0,0,0,"13,34593","52,49875"
8511,197814,Berlin,10,2019,8,18,3,3,1,5,0,1,1,0,0,0,0,0,"13,59807","52,48935"
8512,197815,Berlin,3,2019,8,17,3,3,3,6,0,1,0,0,0,0,0,0,"13,42507","52,54099"
8513,197816,Berlin,8,2019,8,17,3,3,5,2,0,1,1,0,0,0,0,0,"13,44279","52,46508"
8514,197817,Berlin,2,2019,8,17,3,3,5,2,0,1,1,0,0,0,0,0,"13,46227","52,51322"
8515,197818,Berlin,7,2019,8,17,3,3,2,2,0,1,1,0,0,0,0,0,"13,32843","52,46896"
8516,197819,Berlin,7,2019,8,17,3,2,0,1,0,0,0,0,0,0,1,0,"13,38163","52,45943"
8517,197820,Berlin,1,2019,8,8,3,3,0,6,0,1,0,0,0,0,0,0,"13,41097","52,52577"
8518,197821,Berlin,2,2019,8,12,3,3,0,7,0,0,0,0,1,0,0,0,"13,45111","52,50229"
8519,197822,Berlin,1,2019,8,16,3,3,5,3,0,1,1,0,1,0,0,0,"13,40054","52,50999"
8520,197823,Berlin,7,2019,8,15,3,3,5,2,0,0,1,0,1,0,0,0,"13,37807","52,46637"
8521,197824,Berlin,9,2019,8,15,3,3,2,1,0,0,1,0,0,0,0,0,"13,47859","52,47158"
8522,197825,Berlin,4,2019,8,14,3,3,5,3,0,0,1,0,1,0,0,0,"13,29276","52,50683"
8523,197826,Berlin,12,2019,8,14,3,3,2,6,0,0,1,0,0,0,0,0,"13,24915","52,5521"
8524,197827,Berlin,5,2019,8,13,3,3,2,6,0,0,1,0,0,0,0,0,"13,19683","52,51318"
8525,197828,Berlin,4,2019,8,13,3,3,5,2,0,1,0,0,0,1,0,0,"13,3307","52,49082"
8526,197829,Berlin,3,2019,8,16,3,3,3,6,0,1,1,0,0,0,0,0,"13,46143","52,54945"
8527,197830,Berlin,4,2019,8,15,3,2,5,2,0,0,1,0,0,0,0,0,"13,33079","52,48727"
8528,197831,Berlin,9,2019,8,12,3,3,5,7,0,0,1,0,0,0,1,0,"13,58079","52,46007"
8529,197832,Berlin,8,2019,8,15,3,3,1,5,0,0,1,0,0,0,0,0,"13,41804","52,4186"
8530,197833,Berlin,9,2019,8,12,3,3,1,5,0,1,0,0,0,0,1,0,"13,62507","52,45379"
8531,197834,Berlin,1,2019,8,11,3,3,3,7,0,1,1,0,0,0,0,0,"13,41803","52,51524"
8532,197835,Berlin,1,2019,8,8,3,3,2,6,0,1,1,0,0,0,0,0,"13,3632","52,50355"
8533,197836,Berlin,5,2019,8,8,3,3,5,7,0,0,1,0,1,0,0,0,"13,17851","52,52556"
8534,197837,Berlin,10,2019,8,11,3,3,2,6,0,0,1,0,0,1,0,0,"13,5497","52,54271"
8535,197838,Berlin,3,2019,8,6,3,2,0,7,0,1,0,0,0,0,0,0,"13,39913","52,55468"
8536,197839,Berlin,5,2019,8,10,3,3,0,2,0,1,1,0,0,0,0,0,"13,17166","52,51102"
8537,197840,Berlin,1,2019,8,6,3,3,5,2,0,1,1,0,0,0,0,0,"13,33651","52,54212"
8538,197841,Berlin,8,2019,8,1,3,3,6,7,2,0,0,1,0,0,1,0,"13,44287","52,48026"