,id,city,district,year,month,hour,weekday,injury_level,collision,movement,light_conditions,bicycle,car,pedestrian,motorbike,truck,other_vehicle,road_conditions,longitude,latitude
8539,197842,Berlin,9,2019,8,9,3,3,5,3,0,1,1,0,0,0,0,0,"13,479","52,44306"
8540,197843,Berlin,10,2019,8,9,3,3,0,7,0,0,1,0,1,0,0,1,"13,58449","52,54037"
8541,197844,Berlin,8,2019,8,9,3,3,5,2,0,1,1,0,0,0,0,0,"13,44096","52,48136"
8542,197845,Berlin,2,2019,8,8,3,3,5,3,0,0,1,0,1,0,0,0,"13,42864","52,51955"
8543,197846,Berlin,5,2019,8,20,2,3,2,2,0,1,0,0,0,0,0,0,"13,16921","52,52063"
8544,197847,Berlin,7,2019,8,12,2,3,2,7,0,1,1,0,0,0,0,0,"13,33091","52,46722"
8545,197848,Berlin,4,2019,8,15,2,3,2,6,2,0,1,0,0,0,0,0,"13,27692","52,51855"
8546,197849,Berlin,8,2019,8,20,2,3,5,2,0,1,0,0,0,1,0,0,"13,46005","52,43204"
8547,197850,Berlin,11,2019,8,19,2,3,6,4,0,1,0,1,0,0,0,0,"13,46927","52,53158"
8548,197851,Berlin,10,2019,8,18,2,3,5,2,0,1,1,0,0,0,0,0,"13,61988","52,53953"
8549,197852,Berlin,7,2019,8,18,2,2,5,5,0,0,1,0,0,0,0,0,"13,40939","52,43909"
8550,197853,Berlin,1,2019,8,20,2,2,1,5,1,1,0,0,0,0,1,0,"13,39257","52,53205"
8551,197854,Berlin,11,2019,8,15,2,3,0,2,0,0,1,0,1,0,0,0,"13,48655","52,54098"
8552,197855,Berlin,5,2019,8,18,2,3,5,2,0,1,1,0,0,0,0,0,"13,21582","52,52678"
8553,197856,Berlin,1,2019,8,17,2,3,5,2,0,0,1,0,1,0,0,0,"13,40118","52,51042"
8554,197857,Berlin,7,2019,8,13,2,3,6,7,0,1,0,1,0,0,0,0,"13,36297","52,49395"
8555,197858,Berlin,2,2019,8,13,2,3,2,6,0,1,0,0,0,0,0,0,"13,38887","52,49917"
8556,197859,Berlin,4,2019,8,13,2,3,5,3,0,0,1,0,0,0,0,0,"13,29001","52,48222"
8557,197860,Berlin,2,2019,8,17,2,3,0,2,0,0,1,0,1,0,0,0,"13,37436","52,4887"
8558,197861,Berlin,5,2019,8,16,2,3,0,2,0,1,1,0,0,0,0,0,"13,12482","52,52812"
8559,197862,Berlin,11,2019,8,16,2,2,0,7,0,1,0,0,0,0,0,0,"13,49076","52,49315"
8560,197863,Berlin,12,2019,8,16,2,3,5,3,0,1,1,0,0,0,0,0,"13,31082","52,60404"
8561,197864,Berlin,5,2019,8,16,2,3,0,4,0,0,0,1,0,0,1,0,"13,17602","52,52454"
8562,197865,Berlin,5,2019,8,15,2,3,2,2,0,0,1,0,0,0,1,0,"13,18963","52,53689"
8563,197866,Berlin,10,2019,8,15,2,2,5,3,0,0,1,0,1,0,0,0,"13,56206","52,56649"
8564,197867,Berlin,12,2019,8,15,2,3,6,2,0,0,1,1,0,0,0,0,"13,32977","52,5691"
8565,197868,Berlin,11,2019,8,14,2,3,0,2,0,1,0,0,0,0,1,0,"13,47718","52,52026"
8566,197869,Berlin,1,2019,8,14,2,3,3,5,0,1,1,0,0,0,0,0,"13,38378","52,52999"
8567,197870,Berlin,6,2019,8,15,2,3,5,3,0,0,1,0,0,0,0,0,"13,31587","52,44174"
8568,197871,Berlin,4,2019,8,10,2,3,5,3,0,1,1,0,0,0,0,0,"13,31333","52,48001"
8569,197872,Berlin,12,2019,8,10,2,3,5,2,0,1,1,0,0,0,0,0,"13,3245","52,56489"
8570,197873,Berlin,3,2019,8,9,2,3,6,3,0,0,1,1,0,0,0,0,"13,43234","52,60473"
8571,197874,Berlin,11,2019,8,12,2,2,5,3,0,1,1,0,0,0,0,0,"13,53255","52,51071"
8572,197875,Berlin,2,2019,8,12,2,3,0,1,0,1,0,0,0,0,0,0,"13,43037","52,50334"
8573,197876,Berlin,9,2019,8,10,2,3,5,5,0,0,1,0,0,0,0,0,"13,69988","52,40398"
8574,197877,Berlin,1,2019,8,8,2,3,2,6,0,0,1,0,1,0,0,0,"13,41589","52,52741"
8575,197878,Berlin,7,2019,8,8,2,3,5,3,0,1,1,0,0,0,0,0,"13,35297","52,49932"
8576,197879,Berlin,7,2019,8,8,2,3,3,6,0,1,1,0,0,0,0,0,"13,35833","52,48645"
8577,197880,Berlin,1,2019,8,7,2,3,5,3,0,0,1,0,0,0,0,0,"13,39115","52,53621"
8578,197881,Berlin,4,2019,8,14,1,3,0,6,0,0,1,0,1,0,0,0,"13,30789","52,4969"
8579,197882,Berlin,8,2019,8,10,1,3,0,6,0,1,1,0,0,0,0,0,"13,47557","52,44072"
8580,197883,Berlin,8,2019,8,22,1,3,5,2,2,1,1,0,0,0,0,0,"13,41949","52,47361"
8581,197884,Berlin,8,2019,8,21,1,3,0,1,2,0,0,0,1,0,0,0,"13,42415","52,48648"
8582,197885,Berlin,2,2019,8,14,1,3,5,3,0,1,1,0,0,0,0,0,"13,37957","52,4923"
8583,197886,Berlin,12,2019,8,14,1,3,1,5,0,0,1,0,0,0,0,0,"13,32267","52,57586"
8584,197887,Berlin,6,2019,8,13,1,3,0,1,0,1,0,0,0,0,0,0,"13,26227","52,45156"
8585,197888,Berlin,4,2019,8,13,1,3,5,3,0,0,1,0,1,0,0,0,"13,25984","52,51618"
8586,197889,Berlin,6,2019,8,13,1,3,2,6,0,0,1,0,1,0,0,0,"13,32621","52,42784"
8587,197890,Berlin,8,2019,8,13,1,3,5,2,0,0,1,0,0,0,0,0,"13,42111","52,48024"
8588,197891,Berlin,3,2019,8,12,1,3,0,1,0,1,0,0,0,0,0,0,"13,43896","52,54716"
8589,197892,Berlin,2,2019,8,12,1,3,5,3,0,0,1,0,0,0,0,0,"13,4325","52,50247"
8590,197893,Berlin,4,2019,8,12,1,3,2,6,0,0,1,0,1,0,0,0,"13,28436","52,49584"
8591,197894,Berlin,1,2019,8,12,1,3,2,6,0,0,1,0,0,0,0,0,"13,38096","52,5524"
8592,197895,Berlin,9,2019,8,20,1,3,2,5,0,0,1,0,0,0,0,0,"13,62612","52,44678"
8593,197896,Berlin,11,2019,8,20,1,2,5,2,1,1,1,0,0,0,0,0,"13,48672","52,5025"
8594,197897,Berlin,1,2019,8,19,1,3,5,2,0,1,1,0,0,0,0,0,"13,33402","52,52112"
8595,197898,Berlin,9,2019,8,18,1,3,5,2,0,1,1,0,0,0,0,0,"13,56475","52,43862"
8596,197899,Berlin,8,2019,8,18,1,3,5,3,0,0,1,0,1,0,0,0,"13,42903","52,48539"
8597,197900,Berlin,10,2019,8,17,1,3,5,3,0,0,1,0,0,0,0,0,"13,61307","52,50865"
8598,197901,Berlin,12,2019,8,17,1,3,5,3,0,0,1,0,1,0,0,0,"13,28058","52,63015"
8599,197902,Berlin,5,2019,8,15,1,2,5,2,0,0,1,0,0,0,0,0,"13,1846","52,54753"
8600,197903,Berlin,12,2019,8,15,1,3,2,6,0,0,1,0,0,0,1,0,"13,35036","52,59637"
8601,197904,Berlin,6,2019,8,15,1,3,0,7,0,1,0,0,0,0,0,0,"13,26583","52,43062"
8602,197905,Berlin,8,2019,8,14,1,3,0,7,0,0,1,0,1,0,0,0,"13,43527","52,42593"
8603,197906,Berlin,1,2019,8,10,1,3,1,5,0,1,1,0,0,0,0,0,"13,35319","52,54143"
8604,197907,Berlin,9,2019,8,8,1,3,5,3,0,0,1,0,0,0,1,0,"13,55431","52,44764"
8605,197908,Berlin,5,2019,8,7,4,3,5,2,0,0,1,0,1,0,0,0,"13,14928","52,55417"
8606,197909,Berlin,5,2019,8,8,1,3,6,2,0,0,1,1,0,0,0,0,"13,19977","52,53478"
8607,197910,Berlin,3,2019,8,1,1,3,1,5,2,1,1,0,0,0,0,0,"13,40254","52,59674"
8608,197911,Berlin,3,2019,8,17,7,1,0,7,0,0,0,0,0,0,1,0,"13,47019","52,56637"
8609,197912,Berlin,3,2019,8,12,7,3,0,4,0,1,0,1,0,0,0,0,"13,40983","52,54738"
8610,197913,Berlin,3,2019,8,13,7,3,5,2,0,1,1,0,0,0,0,0,"13,39422","52,56498"
8611,197914,Berlin,4,2019,8,13,7,3,5,3,0,0,1,0,1,0,0,0,"13,32989","52,50545"
8612,197915,Berlin,11,2019,8,12,7,3,2,6,0,0,1,0,0,0,0,0,"13,50792","52,54854"
8613,197916,Berlin,3,2019,8,12,7,3,5,3,0,0,1,0,0,0,0,0,"13,47543","52,61151"
8614,197917,Berlin,9,2019,8,12,7,3,5,3,0,0,1,0,0,0,0,0,"13,51405","52,46237"
8615,197918,Berlin,4,2019,8,11,7,3,5,3,0,1,1,0,0,0,0,0,"13,30175","52,46843"
8616,197919,Berlin,5,2019,8,11,7,2,5,2,0,1,1,0,0,0,0,0,"13,20854","52,56155"
8617,197920,Berlin,6,2019,8,11,7,3,2,2,0,0,1,0,0,0,0,0,"13,3278","52,42564"
8618,197921,Berlin,9,2019,8,11,7,2,5,3,0,0,1,0,0,0,0,0,"13,57347","52,39439"
8619,197922,Berlin,5,2019,8,11,7,3,5,3,0,1,1,0,0,0,0,0,"13,15575","52,53308"
8620,197923,Berlin,9,2019,8,9,7,3,2,2,0,0,1,0,0,0,0,0,"13,4885","52,45131"
8621,197924,Berlin,1,2019,8,9,7,3,5,3,0,0,1,0,0,0,0,0,"13,38903","52,51563"
8622,197925,Berlin,12,2019,8,0,7,3,4,6,2,0,1,0,0,0,0,1,"13,32926","52,60943"
8623,197926,Berlin,5,2019,8,19,7,3,2,6,0,0,1,0,0,0,0,0,"13,25898","52,54793"
8624,197927,Berlin,4,2019,8,18,7,3,2,6,0,0,1,0,0,0,0,0,"13,32824","52,47885"
8625,197928,Berlin,3,2019,8,17,7,3,2,2,0,0,1,0,0,0,0,0,"13,42647","52,54297"
8626,197929,Berlin,4,2019,8,17,7,3,0,1,0,0,0,0,1,0,0,0,"13,30199","52,48848"
8627,197930,Berlin,1,2019,8,16,7,3,4,6,0,0,1,0,0,0,0,0,"13,36045","52,55746"
8628,197931,Berlin,9,2019,8,16,7,3,5,3,0,1,1,0,0,0,0,0,"13,53267","52,4572"
8629,197932,Berlin,4,2019,8,15,7,3,5,2,0,0,1,0,0,0,0,0,"13,32611","52,53837"
8630,197933,Berlin,2,2019,8,23,7,3,5,3,2,0,1,0,0,0,0,0,"13,40258","52,50209"
8631,197934,Berlin,7,2019,8,20,7,3,5,3,0,0,1,0,0,0,0,0,"13,40925","52,38221"
8632,197935,Berlin,3,2019,8,3,7,3,0,1,2,0,0,0,1,0,0,0,"13,40818","52,54137"
8633,197936,Berlin,1,2019,8,17,6,3,5,2,0,1,1,0,0,0,0,0,"13,38313","52,5306"
8634,197937,Berlin,2,2019,8,16,6,3,0,4,0,1,0,1,0,0,0,0,"13,37915","52,5069"
8635,197938,Berlin,2,2019,8,19,6,3,1,7,0,0,1,0,0,0,0,0,"13,40043","52,48886"
8636,197939,Berlin,4,2019,8,21,6,3,3,6,2,1,1,0,0,0,0,0,"13,33164","52,50645"
8637,197940,Berlin,12,2019,8,17,6,3,2,6,0,1,1,0,0,0,0,0,"13,32728","52,56419"
8638,197941,Berlin,8,2019,8,22,6,3,1,5,2,1,1,0,0,0,0,0,"13,42833","52,48121"
8639,197942,Berlin,2,2019,8,17,6,3,1,5,0,1,1,0,0,0,0,0,"13,39581","52,50393"
8640,197943,Berlin,2,2019,8,20,6,3,5,3,0,0,1,0,1,0,0,0,"13,4111","52,50353"
8641,197944,Berlin,8,2019,8,17,6,3,3,6,0,1,1,0,0,0,0,0,"13,42434","52,48603"
8642,197945,Berlin,9,2019,8,19,6,3,5,3,0,1,0,0,0,0,1,0,"13,56802","52,40309"
8643,197946,Berlin,3,2019,8,18,6,3,5,7,0,0,1,0,0,0,0,0,"13,4185","52,55347"
8644,197947,Berlin,6,2019,8,21,6,3,1,7,2,0,1,0,0,0,0,0,"13,31566","52,42494"
8645,197948,Berlin,4,2019,8,17,6,2,1,5,0,1,1,0,0,0,0,0,"13,29831","52,48357"
8646,197949,Berlin,4,2019,8,19,6,2,0,1,0,0,0,0,1,0,0,0,"13,29695","52,50237"
8647,197950,Berlin,8,2019,8,18,6,3,0,7,0,0,1,0,1,0,0,0,"13,42487","52,48188"
8648,197951,Berlin,7,2019,8,8,6,3,0,7,0,0,0,1,0,0,1,0,"13,40349","52,44807"
8649,197952,Berlin,9,2019,8,8,6,3,0,2,0,1,1,0,0,0,0,0,"13,52484","52,46286"
8650,197953,Berlin,12,2019,8,8,6,3,5,2,0,1,1,0,0,0,0,0,"13,30055","52,57858"
8651,197954,Berlin,7,2019,8,8,6,3,2,2,0,1,1,0,0,0,0,0,"13,35467","52,49963"
8652,197955,Berlin,12,2019,8,8,6,3,3,6,0,0,1,0,0,1,0,0,"13,28603","52,58739"
8653,197956,Berlin,4,2019,8,7,6,3,0,7,0,0,1,0,1,0,0,0,"13,31383","52,54202"
8654,197957,Berlin,12,2019,8,7,6,3,4,6,0,1,0,0,0,0,0,0,"13,2845","52,66015"
8655,197958,Berlin,4,2019,8,13,6,3,5,2,0,0,1,0,1,0,0,0,"13,19847","52,47695"
8656,197959,Berlin,1,2019,8,16,6,3,1,1,0,1,1,0,0,0,0,0,"13,39188","52,53198"
8657,197960,Berlin,9,2019,8,13,6,3,6,4,0,1,0,1,0,0,0,0,"13,48464","52,47878"
8658,197961,Berlin,11,2019,8,16,6,2,5,3,0,1,1,0,0,0,0,0,"13,51154","52,5507"
8659,197962,Berlin,1,2019,8,13,6,3,1,5,0,1,1,0,0,0,0,0,"13,3771","52,52962"
8660,197963,Berlin,7,2019,8,13,6,3,2,6,0,0,1,0,0,0,0,0,"13,36344","52,47899"
8661,197964,Berlin,3,2019,8,13,6,3,5,3,0,0,1,0,1,0,0,0,"13,39757","52,57126"
8662,197965,Berlin,9,2019,8,11,6,3,0,1,0,1,0,0,0,0,0,0,"13,58006","52,45554"
8663,197966,Berlin,1,2019,8,11,6,3,2,7,0,0,1,0,1,0,0,0,"13,38962","52,5121"
8664,197967,Berlin,12,2019,8,10,6,2,6,4,0,0,1,1,0,0,0,0,"13,22998","52,62497"
8665,197968,Berlin,5,2019,8,10,6,3,0,2,0,0,1,0,1,0,0,0,"13,19954","52,53469"
8666,197969,Berlin,3,2019,8,9,6,3,5,2,0,1,0,0,0,0,0,0,"13,45106","52,55231"
8667,197970,Berlin,1,2019,8,9,6,3,5,2,0,1,1,0,0,0,0,0,"13,34517","52,53912"
8668,197971,Berlin,9,2019,8,9,6,3,5,2,0,1,1,0,0,0,0,0,"13,45785","52,48619"
8669,197972,Berlin,5,2019,8,15,6,2,6,4,0,0,1,1,0,0,0,0,"13,19575","52,53339"
8670,197973,Berlin,1,2019,8,15,6,3,5,2,0,1,1,0,1,0,0,0,"13,35162","52,55059"
8671,197974,Berlin,2,2019,8,14,6,3,3,6,0,1,0,0,0,0,1,0,"13,3844","52,50278"
8672,197975,Berlin,5,2019,8,14,6,3,5,2,0,0,1,0,0,0,0,0,"13,15781","52,54309"
8673,197976,Berlin,11,2019,8,13,6,3,2,6,0,0,1,0,0,0,1,0,"13,47778","52,53076"
8674,197977,Berlin,4,2019,8,2,6,3,0,1,2,1,0,0,0,0,0,0,"13,30811","52,48769"
8675,197978,Berlin,3,2019,8,23,6,3,9,1,2,0,0,0,0,0,1,0,"13,4123","52,53797"
8676,197979,Berlin,4,2019,8,14,5,2,5,2,0,0,1,0,1,0,0,0,"13,33083","52,5005"
8677,197980,Berlin,5,2019,8,16,5,2,5,2,0,0,1,0,0,0,0,0,"13,19452","52,5337"
8678,197981,Berlin,11,2019,8,19,5,3,4,6,0,1,0,0,0,0,0,0,"13,47979","52,52528"
8679,197982,Berlin,4,2019,8,17,5,3,6,4,0,1,0,1,0,0,0,0,"13,33139","52,50674"
8680,197983,Berlin,9,2019,8,18,5,3,5,2,0,1,1,0,0,0,0,0,"13,51404","52,46233"
8681,197984,Berlin,6,2019,8,17,5,3,2,6,0,0,1,0,1,0,0,0,"13,35907","52,4342"
8682,197985,Berlin,6,2019,8,16,5,3,5,3,0,1,1,0,0,0,0,0,"13,27034","52,42747"
8683,197986,Berlin,1,2019,8,16,5,3,2,2,0,0,1,0,1,0,0,0,"13,34936","52,50863"
8684,197987,Berlin,1,2019,8,18,5,3,3,2,0,1,1,0,0,0,0,0,"13,41373","52,50748"
8685,197988,Berlin,9,2019,8,16,5,2,5,2,0,1,1,0,0,0,0,0,"13,52524","52,45904"
8686,197989,Berlin,8,2019,8,15,5,3,5,3,0,1,0,0,0,0,0,0,"13,45476","52,47525"
8687,197990,Berlin,2,2019,8,15,5,3,1,5,0,1,1,0,0,0,0,0,"13,39108","52,50314"
8688,197991,Berlin,1,2019,8,15,5,3,2,6,0,1,1,0,0,0,0,0,"13,39132","52,50775"
8689,197992,Berlin,8,2019,8,14,5,3,0,3,0,0,1,0,0,0,1,0,"13,43513","52,48408"
8690,197993,Berlin,1,2019,8,14,5,3,5,2,0,1,0,0,0,0,1,0,"13,3797","52,5402"
8691,197994,Berlin,5,2019,8,14,5,3,3,6,0,0,1,0,1,0,0,0,"13,2031","52,54084"
8692,197995,Berlin,2,2019,8,14,5,3,2,6,0,0,1,0,0,0,1,0,"13,42653","52,51554"
8693,197996,Berlin,8,2019,8,14,5,3,5,2,0,1,1,0,0,0,0,0,"13,45425","52,4529"
8694,197997,Berlin,11,2019,8,13,5,3,5,3,0,1,1,0,0,0,0,0,"13,5267","52,5691"
8695,197998,Berlin,1,2019,8,10,5,3,5,2,0,1,1,0,0,0,0,0,"13,33191","52,52215"
8696,197999,Berlin,7,2019,8,21,5,3,6,7,2,1,0,1,0,0,0,0,"13,35449","52,48771"
8697,198000,Berlin,4,2019,8,19,5,2,5,2,0,0,1,0,1,0,0,0,"13,2868","52,49582"
8698,198001,Berlin,6,2019,8,8,5,3,5,5,0,1,1,0,0,0,0,0,"13,30474","52,46352"
8699,198002,Berlin,12,2019,8,10,5,2,5,3,0,0,1,0,0,0,0,0,"13,31306","52,58549"
8700,198003,Berlin,3,2019,8,8,5,3,5,3,0,1,0,0,0,0,0,0,"13,46986","52,56427"
8701,198004,Berlin,3,2019,8,8,5,3,5,7,0,0,1,0,1,0,0,0,"13,46161","52,53066"
8702,198005,Berlin,1,2019,8,9,5,3,0,1,0,1,0,0,0,0,0,1,"13,37774","52,50802"
8703,198006,Berlin,8,2019,8,8,5,3,2,6,0,0,1,0,0,0,0,0,"13,43385","52,44382"
8704,198007,Berlin,5,2019,8,8,5,3,5,3,0,1,1,0,0,0,0,0,"13,13174","52,5496"
8705,198008,Berlin,10,2019,8,6,5,2,6,4,0,0,1,1,0,0,0,0,"13,5676","52,55601"
8706,198009,Berlin,5,2019,8,8,4,3,6,7,0,1,0,1,0,0,0,0,"13,23187","52,53868"
8707,198010,Berlin,1,2019,8,14,4,3,5,2,0,1,0,0,0,0,0,1,"13,39087","52,51574"
8708,198011,Berlin,9,2019,8,12,4,2,6,7,0,1,0,1,0,0,0,0,"13,51528","52,45306"
8709,198012,Berlin,7,2019,8,11,4,3,3,6,0,0,1,0,0,0,0,0,"13,39976","52,45909"
8710,198013,Berlin,4,2019,8,11,4,2,6,4,0,0,1,1,0,0,0,0,"13,30786","52,49697"
8711,198014,Berlin,2,2019,8,11,4,3,2,6,0,0,1,0,0,0,0,0,"13,37989","52,49268"
8712,198015,Berlin,2,2019,8,9,4,3,6,4,0,1,0,1,0,0,0,0,"13,4","52,49451"
8713,198016,Berlin,8,2019,8,9,4,3,6,4,0,0,1,1,0,0,0,0,"13,44866","52,4213"
8714,198017,Berlin,4,2019,8,9,4,3,5,7,0,0,1,0,0,0,0,0,"13,28925","52,50664"
8715,198018,Berlin,4,2019,8,9,4,3,5,3,0,1,1,0,0,0,0,0,"13,31512","52,49089"
8716,198019,Berlin,6,2019,8,9,4,2,5,3,0,1,1,0,0,0,0,0,"13,29465","52,42932"
8717,198020,Berlin,1,2019,8,8,4,3,0,6,0,0,1,0,1,0,0,0,"13,39697","52,537"
8718,198021,Berlin,1,2019,8,7,4,3,2,2,0,0,1,0,1,0,0,0,"13,38422","52,50996"
8719,198022,Berlin,8,2019,8,3,4,3,5,3,2,1,1,0,0,0,0,0,"13,46069","52,46825"
8720,198023,Berlin,1,2019,8,20,4,3,5,3,0,0,1,0,1,0,0,0,"13,36099","52,50222"
8721,198024,Berlin,4,2019,8,7,4,3,5,2,0,0,1,0,0,0,0,0,"13,33077","52,49316"
8722,198025,Berlin,12,2019,8,12,4,3,5,3,0,0,1,0,0,0,0,0,"13,30035","52,61851"
8723,198026,Berlin,12,2019,8,12,4,3,0,1,0,1,0,0,0,0,0,0,"13,32611","52,56458"
8724,198027,Berlin,3,2019,8,7,4,3,2,6,0,0,1,0,0,0,0,0,"13,37577","52,59093"
8725,198028,Berlin,6,2019,8,2,4,3,9,1,2,0,1,0,0,0,0,0,"13,35271","52,4411"
8726,198029,Berlin,2,2019,8,16,4,3,5,3,0,0,1,0,0,0,0,0,"13,39652","52,4913"
8727,198030,Berlin,3,2019,8,8,4,3,3,6,0,1,1,0,0,0,0,0,"13,4234","52,55555"
8728,198031,Berlin,1,2019,8,15,4,3,6,7,0,0,0,1,0,0,1,0,"13,40584","52,53077"
8729,198032,Berlin,7,2019,8,15,4,3,3,7,0,1,0,0,0,0,0,0,"13,36347","52,4818"
8730,198033,Berlin,1,2019,8,15,4,3,5,2,0,1,0,0,0,0,1,1,"13,39373","52,50968"
8731,198034,Berlin,2,2019,8,14,4,3,0,6,0,1,1,0,0,0,0,0,"13,44744","52,4981"
8732,198035,Berlin,1,2019,8,14,4,3,0,1,0,0,0,0,1,0,0,1,"13,41589","52,52178"
8733,198036,Berlin,7,2019,8,14,4,3,0,3,0,1,1,0,0,0,0,1,"13,37505","52,437"
8734,198037,Berlin,2,2019,8,14,4,3,0,2,0,0,0,0,1,0,1,1,"13,395","52,49627"
8735,198038,Berlin,3,2019,8,14,4,3,5,2,0,1,1,0,0,0,0,1,"13,45909","52,52907"
8736,198039,Berlin,4,2019,8,19,4,3,5,2,0,1,1,0,0,0,0,0,"13,31898","52,5138"
8737,198040,Berlin,5,2019,8,18,4,3,5,3,0,0,1,0,0,0,0,0,"13,14161","52,53247"
8738,198041,Berlin,11,2019,8,17,4,3,5,3,0,0,1,0,1,0,0,0,"13,51824","52,49433"
8739,198042,Berlin,11,2019,8,13,4,3,5,7,0,0,1,0,0,1,0,1,"13,49554","52,52296"
8740,198043,Berlin,10,2019,8,13,4,3,5,7,0,0,1,0,0,0,0,0,"13,59257","52,51511"
8741,198044,Berlin,1,2019,8,13,4,3,5,2,0,1,1,0,0,0,0,0,"13,33927","52,52581"
8742,198045,Berlin,1,2019,8,5,3,3,5,3,1,0,1,0,1,0,0,0,"13,33473","52,53292"
8743,198046,Berlin,6,2019,8,12,3,2,1,5,0,1,1,0,0,0,0,0,"13,3309","52,46402"
8744,198047,Berlin,4,2019,8,15,3,3,0,6,0,0,1,0,1,0,0,1,"13,33101","52,49293"
8745,198048,Berlin,7,2019,8,16,3,3,1,7,0,0,1,0,0,0,0,0,"13,34924","52,48078"
8746,198049,Berlin,4,2019,8,10,3,3,2,2,0,0,1,0,1,0,0,0,"13,27998","52,51847"
8747,198050,Berlin,1,2019,8,20,3,3,5,3,2,1,1,0,0,0,0,0,"13,39078","52,51574"
8748,198051,Berlin,7,2019,8,20,3,3,3,6,0,1,0,0,0,0,1,0,"13,36502","52,4938"
8749,198052,Berlin,6,2019,8,19,3,3,1,1,0,0,1,0,0,0,0,0,"13,25153","52,42809"
8750,198053,Berlin,7,2019,8,19,3,3,2,6,0,0,1,0,0,0,0,0,"13,33273","52,46919"
8751,198054,Berlin,5,2019,8,18,3,3,0,2,0,0,1,0,0,0,1,0,"13,20319","52,54083"
8752,198055,Berlin,5,2019,8,18,3,3,0,4,0,1,0,1,0,0,0,0,"13,19458","52,53363"
8753,198056,Berlin,1,2019,8,18,3,3,2,2,0,1,1,0,0,0,0,0,"13,38617","52,52364"
8754,198057,Berlin,1,2019,8,18,3,3,5,3,0,1,1,0,0,0,0,0,"13,37464","52,53732"
8755,198058,Berlin,2,2019,8,16,3,3,0,7,0,1,1,0,0,0,0,1,"13,41479","52,49305"
8756,198059,Berlin,2,2019,8,17,3,2,2,6,0,0,0,0,1,0,1,0,"13,40986","52,48882"
8757,198060,Berlin,9,2019,8,17,3,3,3,6,0,1,1,0,0,0,0,0,"13,59213","52,41088"
8758,198061,Berlin,1,2019,8,17,4,3,5,2,0,1,1,0,0,0,0,0,"13,36414","52,50995"
8759,198062,Berlin,1,2019,8,17,3,3,0,3,0,0,1,0,1,0,0,1,"13,39406","52,50873"
8760,198063,Berlin,4,2019,8,17,3,3,5,7,0,1,1,0,0,0,0,0,"13,31801","52,51827"
8761,198064,Berlin,1,2019,8,17,4,3,0,2,0,1,1,0,0,0,0,0,"13,36034","52,53724"
8762,198065,Berlin,3,2019,8,17,3,3,5,2,0,1,1,0,0,0,0,0,"13,40252","52,5543"
8763,198066,Berlin,7,2019,8,17,4,3,5,3,0,1,1,0,0,0,0,0,"13,42008","52,40174"
8764,198067,Berlin,1,2019,8,17,3,3,5,3,0,0,1,0,0,0,1,0,"13,38899","52,51563"
8765,198068,Berlin,10,2019,8,17,4,3,5,3,0,1,0,0,0,0,1,0,"13,53743","52,54036"
8766,198069,Berlin,6,2019,8,17,3,3,5,2,0,0,1,0,1,0,0,0,"13,34886","52,43479"
8767,198070,Berlin,1,2019,8,8,4,3,5,2,0,1,0,0,1,0,0,0,"13,388","52,52175"
8768,198071,Berlin,3,2019,8,11,3,3,2,5,0,0,1,0,1,0,0,0,"13,47479","52,55551"
8769,198072,Berlin,2,2019,8,16,4,3,6,7,0,1,0,1,0,0,0,0,"13,40608","52,4977"
8770,198073,Berlin,8,2019,8,12,3,3,2,6,0,1,1,0,0,0,0,0,"13,42669","52,47633"
8771,198074,Berlin,1,2019,8,16,4,2,1,5,0,0,1,0,1,0,0,0,"13,37604","52,55489"
8772,198075,Berlin,1,2019,8,11,3,3,5,3,0,0,1,0,1,0,0,0,"13,39273","52,56418"
8773,198076,Berlin,5,2019,8,11,3,3,6,7,0,0,1,1,0,0,0,0,"13,27195","52,53649"
8774,198077,Berlin,1,2019,8,15,4,3,5,2,0,0,1,0,1,0,0,0,"13,37155","52,55399"
8775,198078,Berlin,6,2019,8,10,3,3,1,5,0,1,1,0,0,0,0,0,"13,26002","52,45157"
8776,198079,Berlin,4,2019,8,15,4,2,5,2,0,1,0,0,0,0,1,0,"13,32458","52,51688"
8777,198080,Berlin,8,2019,8,9,3,3,5,3,0,0,1,0,1,0,1,0,"13,42704","52,47554"
8778,198081,Berlin,12,2019,8,12,4,3,5,7,0,0,1,0,1,0,0,0,"13,28688","52,58381"
8779,198082,Berlin,3,2019,8,9,3,3,0,3,0,0,1,0,0,0,1,0,"13,47288","52,617"
8780,198083,Berlin,6,2019,8,11,4,3,5,3,0,0,1,0,0,0,0,0,"13,20659","52,43046"
8781,198084,Berlin,8,2019,8,8,3,3,5,2,0,1,1,0,0,0,0,0,"13,45416","52,46913"
8782,198085,Berlin,4,2019,8,7,3,3,5,2,0,1,1,0,0,0,0,0,"13,30297","52,51866"
8783,198086,Berlin,11,2019,8,10,4,3,5,5,0,0,1,0,0,0,1,0,"13,49693","52,51715"
8784,198087,Berlin,1,2019,8,10,4,3,5,2,0,0,1,0,0,0,0,0,"13,33036","52,52641"
8785,198088,Berlin,3,2019,8,7,3,3,5,3,0,1,1,0,0,0,0,0,"13,4286","52,58297"
8786,198089,Berlin,11,2019,8,7,3,2,3,6,0,0,0,0,1,0,1,0,"13,56286","52,5719"
8787,198090,Berlin,1,2019,8,10,4,2,6,7,0,0,1,1,0,0,0,0,"13,36759","52,52403"
8788,198091,Berlin,9,2019,8,7,3,3,2,6,0,0,1,0,1,0,0,0,"13,5641","52,44573"
8789,198092,Berlin,9,2019,8,9,4,3,5,2,0,1,1,0,0,0,0,0,"13,46417","52,4818"
8790,198093,Berlin,4,2019,8,15,3,3,1,5,0,0,1,0,0,0,0,0,"13,29024","52,47559"
8791,198094,Berlin,11,2019,8,16,3,3,4,6,0,1,1,0,0,0,0,0,"13,49902","52,51726"
8792,198095,Berlin,7,2019,8,9,4,3,5,2,0,1,1,0,0,0,0,0,"13,38982","52,42032"
8793,198096,Berlin,12,2019,8,15,3,3,0,3,0,0,0,0,1,0,1,1,"13,29454","52,62947"
8794,198097,Berlin,5,2019,8,15,3,3,0,3,0,0,1,0,1,0,0,1,"13,14924","52,55418"
8795,198098,Berlin,3,2019,8,7,4,3,5,2,0,1,0,0,0,0,1,0,"13,41095","52,53061"
8796,198099,Berlin,4,2019,8,16,3,2,5,7,0,0,1,0,0,0,0,0,"13,24678","52,51374"