,id,city,district,year,month,hour,weekday,injury_level,collision,movement,light_conditions,bicycle,car,pedestrian,motorbike,truck,other_vehicle,road_conditions,longitude,latitude
8797,198100,Berlin,5,2019,8,15,3,3,0,3,0,0,1,0,1,0,0,0,"13,18764","52,51506"
8798,198101,Berlin,1,2019,8,15,4,3,5,2,0,1,1,0,0,0,0,0,"13,37723","52,55366"
8799,198102,Berlin,1,2019,8,14,3,3,6,4,0,1,0,1,0,0,0,0,"13,37429","52,55652"
8800,198103,Berlin,3,2019,8,15,4,3,4,5,0,1,1,0,0,0,0,0,"13,41935","52,53823"
8801,198104,Berlin,11,2019,8,16,3,3,3,6,0,1,0,0,0,0,0,0,"13,47157","52,53217"
8802,198105,Berlin,7,2019,8,15,4,3,3,6,0,1,1,0,0,0,0,0,"13,34628","52,50103"
8803,198106,Berlin,8,2019,8,14,3,3,0,2,0,0,1,0,1,0,0,0,"13,42602","52,46573"
8804,198107,Berlin,3,2019,8,14,4,3,5,3,0,0,1,0,1,0,0,0,"13,39965","52,56649"
8805,198108,Berlin,9,2019,8,14,3,2,5,2,0,0,1,0,1,0,0,0,"13,53636","52,43286"
8806,198109,Berlin,9,2019,8,16,3,3,5,7,0,0,1,0,1,0,0,0,"13,62717","52,46354"
8807,198110,Berlin,4,2019,8,14,4,3,6,2,0,0,1,1,0,0,0,0,"13,28329","52,51111"
8808,198111,Berlin,12,2019,8,14,4,3,1,5,0,1,1,0,0,0,0,0,"13,30212","52,59337"
8809,198112,Berlin,5,2019,8,13,3,3,5,2,0,1,1,0,0,0,0,0,"13,21397","52,53838"
8810,198113,Berlin,1,2019,8,8,3,3,5,3,0,1,1,0,0,0,0,0,"13,40314","52,53362"
8811,198114,Berlin,8,2019,8,13,4,2,5,3,0,0,1,0,1,0,0,0,"13,43878","52,48066"
8812,198115,Berlin,4,2019,8,12,3,3,5,7,0,1,1,0,0,0,0,0,"13,31937","52,48948"
8813,198116,Berlin,2,2019,8,13,4,3,5,3,0,0,1,0,0,0,0,0,"13,4267","52,51572"
8814,198117,Berlin,12,2019,8,16,3,3,3,6,0,0,1,0,0,0,0,0,"13,32627","52,59168"
8815,198118,Berlin,3,2019,8,13,4,3,5,3,0,0,1,0,0,0,0,0,"13,45845","52,55775"
8816,198119,Berlin,2,2019,8,15,3,3,5,3,0,0,1,0,0,0,0,1,"13,46106","52,51113"
8817,198120,Berlin,4,2019,8,13,4,2,1,5,0,0,1,0,0,0,1,0,"13,31097","52,51611"
8818,198121,Berlin,3,2019,8,15,3,3,5,2,0,1,1,0,0,0,0,1,"13,45907","52,52907"
8819,198122,Berlin,6,2019,8,7,4,3,0,2,0,0,1,0,1,0,0,0,"13,27671","52,45046"
8820,198123,Berlin,12,2019,8,15,3,3,0,1,0,0,0,0,1,0,0,1,"13,3157","52,57808"
8821,198124,Berlin,7,2019,8,12,4,3,1,5,0,1,1,0,0,0,1,0,"13,35981","52,49615"
8822,198125,Berlin,9,2019,8,13,5,3,5,7,0,0,1,0,0,0,1,0,"13,57393","52,44956"
8823,198126,Berlin,10,2019,8,13,5,3,1,5,0,1,1,0,0,0,0,0,"13,59095","52,50533"
8824,198127,Berlin,1,2019,8,13,5,3,5,2,0,1,1,0,0,0,0,0,"13,33876","52,5433"
8825,198128,Berlin,1,2019,8,12,5,3,2,7,0,1,1,0,0,0,0,0,"13,38861","52,51829"
8826,198129,Berlin,1,2019,8,9,5,2,2,7,0,0,1,0,0,0,0,0,"13,3342","52,52454"
8827,198130,Berlin,4,2019,8,9,5,2,5,2,0,1,0,0,0,1,0,0,"13,28042","52,51833"
8828,198131,Berlin,1,2019,8,9,5,3,5,2,0,0,1,0,1,0,0,0,"13,42459","52,5088"
8829,198132,Berlin,1,2019,8,9,5,3,0,5,0,0,1,0,1,0,0,0,"13,34609","52,53898"
8830,198133,Berlin,11,2019,8,9,5,3,5,3,0,1,1,0,0,0,0,0,"13,49315","52,56262"
8831,198134,Berlin,1,2019,8,8,5,3,5,3,0,0,1,0,0,0,0,0,"13,37698","52,5563"
8832,198135,Berlin,7,2019,8,8,5,3,5,2,0,0,1,0,1,0,0,0,"13,34746","52,47054"
8833,198136,Berlin,12,2019,8,8,5,3,3,6,0,0,1,0,0,1,0,0,"13,32912","52,56351"
8834,198137,Berlin,1,2019,8,8,5,3,5,2,0,1,1,0,0,0,0,0,"13,35721","52,52372"
8835,198138,Berlin,2,2019,8,8,5,3,5,2,0,1,1,0,0,0,0,0,"13,43292","52,52334"
8836,198139,Berlin,9,2019,8,7,5,3,5,2,0,1,1,0,0,0,0,0,"13,53341","52,45206"
8837,198140,Berlin,7,2019,8,3,5,3,6,6,2,0,0,1,0,0,1,0,"13,34456","52,49661"
8838,198141,Berlin,12,2019,8,10,5,3,0,1,0,0,0,0,1,0,0,0,"13,29944","52,62339"
8839,198142,Berlin,12,2019,8,16,4,3,5,2,0,1,1,0,0,0,0,0,"13,33151","52,56198"
8840,198143,Berlin,12,2019,8,16,4,3,0,1,0,0,1,0,1,0,0,0,"13,29597","52,59667"
8841,198144,Berlin,2,2019,8,4,4,3,5,3,2,0,1,0,0,0,0,1,"13,38516","52,4984"
8842,198145,Berlin,3,2019,8,19,4,3,2,2,2,0,1,0,1,0,0,0,"13,40059","52,55442"
8843,198146,Berlin,4,2019,8,19,4,3,5,3,1,0,1,0,1,0,0,0,"13,3066","52,51812"
8844,198147,Berlin,6,2019,8,18,4,3,5,2,0,0,1,0,1,0,0,0,"13,34639","52,44819"
8845,198148,Berlin,7,2019,8,18,4,3,5,7,0,1,0,0,0,0,1,0,"13,32837","52,46625"
8846,198149,Berlin,2,2019,8,17,4,3,1,5,0,0,1,0,1,0,0,0,"13,38785","52,50294"
8847,198150,Berlin,2,2019,8,16,4,3,1,5,0,1,1,0,0,0,0,0,"13,47213","52,51665"
8848,198151,Berlin,2,2019,8,18,4,3,3,6,0,1,1,0,0,0,0,0,"13,41821","52,49573"
8849,198152,Berlin,5,2019,8,17,4,3,0,3,0,1,1,0,0,0,0,0,"13,12936","52,52715"
8850,198153,Berlin,6,2019,8,14,4,2,2,6,0,0,1,0,0,0,1,0,"13,31916","52,43319"
8851,198154,Berlin,7,2019,8,17,4,3,3,6,0,1,1,0,0,0,0,0,"13,33447","52,47085"
8852,198155,Berlin,4,2019,8,17,4,3,0,4,0,1,0,1,0,0,0,0,"13,32341","52,49262"
8853,198156,Berlin,7,2019,8,15,4,3,3,6,0,1,1,0,0,0,0,0,"13,35697","52,49452"
8854,198157,Berlin,7,2019,8,22,4,3,5,3,2,0,1,0,0,0,0,0,"13,38271","52,4685"
8855,198158,Berlin,7,2019,8,19,4,3,5,2,0,1,1,0,0,0,0,0,"13,35297","52,48434"
8856,198159,Berlin,1,2019,8,8,4,2,6,4,0,1,0,1,0,0,0,0,"13,39298","52,54873"
8857,198160,Berlin,1,2019,8,8,4,3,5,3,0,1,1,0,0,0,0,0,"13,39026","52,50859"
8858,198161,Berlin,5,2019,8,8,4,3,5,3,0,0,1,0,1,0,0,0,"13,17995","52,49882"
8859,198162,Berlin,2,2019,8,7,4,3,5,2,0,0,1,0,0,0,0,0,"13,42867","52,51887"
8860,198163,Berlin,12,2019,8,7,4,3,6,2,0,0,1,1,0,0,0,0,"13,31306","52,57479"
8861,198164,Berlin,3,2019,8,7,4,3,6,2,0,0,1,1,0,0,0,0,"13,43011","52,60966"
8862,198165,Berlin,5,2019,8,6,4,2,0,6,1,0,1,0,1,0,0,0,"13,20652","52,53913"
8863,198166,Berlin,8,2019,8,6,4,3,5,3,0,1,0,0,0,0,1,0,"13,43353","52,44519"
8864,198167,Berlin,7,2019,8,9,4,3,9,1,0,0,1,0,0,0,1,0,"13,40676","52,44449"
8865,198168,Berlin,10,2019,8,17,4,2,5,2,0,0,1,0,1,0,0,0,"13,52","52,5326"
8866,198169,Berlin,1,2019,8,16,4,2,5,3,0,1,1,0,0,0,0,0,"13,39105","52,51488"
8867,198170,Berlin,7,2019,8,15,4,3,0,1,0,0,1,0,1,0,0,0,"13,34892","52,48564"
8868,198171,Berlin,12,2019,8,15,4,3,5,3,0,1,1,0,0,0,0,0,"13,28714","52,58609"
8869,198172,Berlin,10,2019,8,15,4,3,5,3,0,1,1,0,0,0,0,0,"13,52484","52,5362"
8870,198173,Berlin,9,2019,8,15,4,3,6,4,0,0,1,1,0,0,0,0,"13,50668","52,4473"
8871,198174,Berlin,8,2019,8,15,4,3,5,2,0,1,1,0,0,0,0,0,"13,42698","52,48733"
8872,198175,Berlin,6,2019,8,14,4,2,5,3,0,1,1,0,0,0,0,0,"13,29037","52,45768"
8873,198176,Berlin,9,2019,8,14,4,3,5,2,0,0,1,0,0,0,0,0,"13,53518","52,43229"
8874,198177,Berlin,2,2019,8,12,4,3,5,3,0,1,1,0,0,0,0,0,"13,38676","52,50101"
8875,198178,Berlin,4,2019,8,11,4,3,5,2,0,1,0,0,1,0,0,0,"13,28842","52,51301"
8876,198179,Berlin,8,2019,8,10,4,2,2,6,0,0,1,0,1,0,0,0,"13,44107","52,41756"
8877,198180,Berlin,9,2019,8,9,4,3,5,3,0,0,1,0,0,0,1,0,"13,58979","52,41074"
8878,198181,Berlin,4,2019,8,9,4,2,5,3,0,0,1,0,1,0,0,0,"13,31029","52,54764"
8879,198182,Berlin,11,2019,8,9,4,3,5,2,0,1,0,0,0,0,1,0,"13,56431","52,57228"
8880,198183,Berlin,10,2019,8,11,3,2,0,7,0,1,0,0,0,0,0,0,"13,60697","52,53375"
8881,198184,Berlin,7,2019,8,15,3,3,2,6,0,0,1,0,0,0,0,0,"13,38775","52,46039"
8882,198185,Berlin,7,2019,8,8,3,3,5,3,0,1,0,0,0,0,0,0,"13,34222","52,50183"
8883,198186,Berlin,12,2019,8,21,3,3,0,1,2,0,0,0,1,0,0,0,"13,33","52,5692"
8884,198187,Berlin,3,2019,8,20,3,3,2,6,2,1,0,0,0,0,0,0,"13,4075","52,56565"
8885,198188,Berlin,1,2019,8,18,3,3,5,3,0,1,0,0,0,0,0,0,"13,37672","52,5108"
8886,198189,Berlin,6,2019,8,16,3,3,5,3,0,0,1,0,0,0,0,0,"13,29995","52,44386"
8887,198190,Berlin,8,2019,8,19,3,2,1,1,0,0,1,0,0,0,1,0,"13,465","52,42954"
8888,198191,Berlin,2,2019,8,16,3,3,2,6,0,0,1,0,0,0,0,0,"13,39104","52,50337"
8889,198192,Berlin,8,2019,8,16,3,3,2,6,0,0,1,0,0,0,1,0,"13,43922","52,48147"
8890,198193,Berlin,12,2019,8,15,3,3,0,1,0,0,1,0,1,0,0,0,"13,34967","52,5921"
8891,198194,Berlin,12,2019,8,15,3,3,5,3,0,1,0,0,0,0,0,0,"13,23027","52,60787"
8892,198195,Berlin,2,2019,8,14,3,3,6,2,0,0,0,1,0,1,0,0,"13,3981","52,50712"
8893,198196,Berlin,4,2019,8,14,3,3,5,3,0,1,1,0,0,0,0,0,"13,29444","52,53442"
8894,198197,Berlin,1,2019,8,18,3,3,5,2,0,1,1,0,0,0,0,0,"13,3451","52,53906"
8895,198198,Berlin,1,2019,8,18,3,3,1,5,0,1,1,0,0,0,0,0,"13,38081","52,51104"
8896,198199,Berlin,2,2019,8,18,3,3,0,7,0,0,1,0,0,0,1,0,"13,41662","52,49958"
8897,198200,Berlin,1,2019,8,18,3,3,1,5,0,1,1,0,0,0,1,0,"13,35066","52,52359"
8898,198201,Berlin,4,2019,8,16,3,3,0,2,0,0,1,0,0,0,1,0,"13,33285","52,50643"
8899,198202,Berlin,1,2019,8,9,3,3,0,5,0,1,0,0,0,1,0,0,"13,41071","52,52717"
8900,198203,Berlin,8,2019,8,17,3,2,6,4,0,0,0,1,1,0,0,0,"13,4872","52,42292"
8901,198204,Berlin,1,2019,8,17,3,2,6,7,0,1,0,1,0,0,0,0,"13,35347","52,51649"
8902,198205,Berlin,5,2019,8,15,3,3,5,2,0,0,1,0,0,0,0,0,"13,24009","52,52624"
8903,198206,Berlin,9,2019,8,15,3,2,5,2,0,1,1,0,0,0,0,0,"13,57218","52,39216"
8904,198207,Berlin,1,2019,8,10,3,3,2,3,0,1,1,0,0,0,0,0,"13,36668","52,55733"
8905,198208,Berlin,3,2019,8,10,3,3,2,3,0,0,1,0,1,0,0,0,"13,42879","52,58505"
8906,198209,Berlin,3,2019,8,9,3,3,2,6,0,1,1,0,0,0,0,0,"13,42529","52,53387"
8907,198210,Berlin,5,2019,8,9,3,3,2,2,0,0,1,0,0,0,0,0,"13,14331","52,52421"
8908,198211,Berlin,12,2019,8,8,3,3,0,4,0,0,1,1,0,0,0,0,"13,29491","52,55036"
8909,198212,Berlin,7,2019,8,9,3,3,5,2,0,1,1,0,0,0,0,0,"13,40991","52,45532"
8910,198213,Berlin,9,2019,8,9,3,3,5,2,0,0,1,0,0,0,0,0,"13,59065","52,44653"
8911,198214,Berlin,9,2019,8,7,3,3,5,2,0,1,0,0,0,1,0,0,"13,51459","52,46889"
8912,198215,Berlin,2,2019,8,7,3,3,5,3,0,0,1,0,1,0,0,0,"13,44023","52,50207"
8913,198216,Berlin,7,2019,8,8,3,1,6,4,0,0,0,1,0,1,0,0,"13,3627","52,4122"
8914,198217,Berlin,2,2019,8,18,2,3,6,4,0,1,0,1,0,0,0,0,"13,41635","52,49123"
8915,198218,Berlin,3,2019,8,10,2,3,3,6,0,1,0,0,0,0,0,0,"13,43169","52,57119"
8916,198219,Berlin,1,2019,8,18,2,3,6,4,0,0,0,1,0,0,1,0,"13,33388","52,53294"
8917,198220,Berlin,3,2019,8,13,2,3,4,6,0,0,1,0,1,0,0,0,"13,47945","52,55316"
8918,198221,Berlin,3,2019,8,17,2,3,2,6,0,0,1,0,0,0,0,0,"13,42562","52,5866"
8919,198222,Berlin,10,2019,8,17,2,2,2,7,0,0,1,0,0,0,0,0,"13,57099","52,52856"
8920,198223,Berlin,4,2019,8,17,2,3,1,5,0,0,1,0,0,0,0,0,"13,30316","52,49405"
8921,198224,Berlin,10,2019,8,17,2,3,5,2,0,0,1,0,0,0,1,0,"13,60322","52,48485"
8922,198225,Berlin,7,2019,8,16,2,2,6,4,0,0,1,1,0,0,0,0,"13,4198","52,4614"
8923,198226,Berlin,7,2019,8,16,2,3,5,2,0,0,1,0,1,0,0,0,"13,37768","52,46593"
8924,198227,Berlin,12,2019,8,15,2,3,5,3,0,0,1,0,1,0,0,0,"13,31278","52,60864"
8925,198228,Berlin,1,2019,8,15,2,3,5,3,0,0,1,0,0,0,0,0,"13,36304","52,54874"
8926,198229,Berlin,7,2019,8,15,2,3,2,6,0,0,1,0,1,0,0,0,"13,3466","52,50137"
8927,198230,Berlin,1,2019,8,23,2,3,6,4,2,0,1,1,0,0,0,0,"13,36913","52,52625"
8928,198231,Berlin,5,2019,8,15,2,3,6,2,0,0,1,1,0,0,0,0,"13,19452","52,54573"
8929,198232,Berlin,3,2019,8,19,2,3,6,4,0,1,0,1,0,0,0,0,"13,41084","52,53064"
8930,198233,Berlin,11,2019,8,18,5,3,5,2,0,1,1,0,0,0,0,0,"13,52781","52,48989"
8931,198234,Berlin,1,2019,8,19,2,3,5,2,0,1,1,0,0,0,0,0,"13,39756","52,52941"
8932,198235,Berlin,6,2019,8,14,2,3,1,5,0,0,1,0,0,0,1,0,"13,27761","52,46477"
8933,198236,Berlin,4,2019,8,19,2,3,5,2,0,1,1,0,0,0,0,0,"13,31019","52,47906"
8934,198237,Berlin,2,2019,8,14,2,3,5,3,0,1,0,0,0,0,1,0,"13,44997","52,50752"
8935,198238,Berlin,6,2019,8,19,2,2,5,7,0,0,0,0,1,0,1,0,"13,35722","52,44537"
8936,198239,Berlin,11,2019,8,19,2,3,1,5,0,1,1,0,0,0,0,0,"13,50533","52,49223"
8937,198240,Berlin,3,2019,8,17,2,3,2,6,0,1,1,0,0,0,0,0,"13,46817","52,55389"
8938,198241,Berlin,1,2019,8,18,2,3,2,6,0,1,1,0,0,0,0,0,"13,41222","52,52428"
8939,198242,Berlin,1,2019,8,13,2,3,2,6,0,0,1,0,0,0,0,0,"13,35106","52,51048"
8940,198243,Berlin,10,2019,8,18,2,3,5,2,0,0,1,0,0,0,0,0,"13,55068","52,50937"
8941,198244,Berlin,12,2019,8,12,2,3,5,3,0,0,1,0,1,0,0,0,"13,29445","52,62954"
8942,198245,Berlin,6,2019,8,12,2,3,5,7,0,0,1,0,0,0,0,0,"13,27212","52,45352"
8943,198246,Berlin,2,2019,8,12,2,3,2,2,0,0,1,0,0,1,0,0,"13,44201","52,50091"
8944,198247,Berlin,2,2019,8,12,2,3,1,5,0,1,0,0,0,0,1,0,"13,42699","52,52716"
8945,198248,Berlin,2,2019,8,11,2,3,5,3,0,0,1,0,0,0,0,0,"13,43","52,50346"
8946,198249,Berlin,6,2019,8,11,2,3,5,2,0,1,1,0,0,0,0,0,"13,31775","52,45787"
8947,198250,Berlin,8,2019,8,11,2,2,6,2,0,0,1,1,0,0,0,0,"13,46795","52,42768"
8948,198251,Berlin,4,2019,8,10,2,3,2,2,0,1,1,0,0,0,0,0,"13,32944","52,48152"
8949,198252,Berlin,6,2019,8,8,2,3,5,3,0,0,1,0,0,0,1,0,"13,3628","52,42823"
8950,198253,Berlin,4,2019,8,7,2,2,5,7,0,0,1,0,1,0,0,0,"13,31326","52,50212"
8951,198254,Berlin,6,2019,8,6,2,3,2,6,0,0,1,0,1,0,0,0,"13,313","52,45273"
8952,198255,Berlin,1,2019,8,6,2,3,5,2,1,1,1,0,0,0,0,0,"13,37195","52,5194"
8953,198256,Berlin,9,2019,8,5,2,3,0,1,1,0,1,0,1,0,0,1,"13,5052","52,44535"
8954,198257,Berlin,2,2019,8,5,2,3,2,6,1,0,1,0,0,0,0,0,"13,37668","52,48483"
8955,198258,Berlin,12,2019,8,11,2,3,0,7,0,0,1,0,0,0,0,0,"13,28764","52,58018"
8956,198259,Berlin,6,2019,8,19,1,3,2,6,0,0,1,0,0,0,0,0,"13,3149","52,41732"
8957,198260,Berlin,5,2019,8,19,1,3,0,6,0,0,0,0,1,0,1,1,"13,19971","52,53525"
8958,198261,Berlin,8,2019,8,21,1,3,5,3,2,0,1,0,0,0,0,1,"13,45224","52,44337"
8959,198262,Berlin,4,2019,8,13,1,3,2,3,0,0,1,0,0,0,0,0,"13,27311","52,51943"
8960,198263,Berlin,9,2019,8,21,1,3,2,2,2,0,1,0,0,0,0,1,"13,49791","52,43363"
8961,198264,Berlin,1,2019,8,22,1,2,0,7,2,0,0,0,0,0,1,1,"13,39923","52,53216"
8962,198265,Berlin,7,2019,8,22,1,2,4,1,2,0,1,0,0,0,0,1,"13,3637","52,48844"
8963,198266,Berlin,1,2019,8,18,1,3,0,1,0,0,0,0,1,0,0,1,"13,37723","52,51282"
8964,198267,Berlin,11,2019,8,20,1,2,0,1,1,0,0,0,1,0,0,1,"13,51183","52,55053"
8965,198268,Berlin,1,2019,8,19,1,2,5,2,0,0,1,0,0,0,0,1,"13,37111","52,51111"
8966,198269,Berlin,1,2019,8,19,1,3,2,6,0,0,1,0,0,0,0,1,"13,32937","52,52268"
8967,198270,Berlin,12,2019,8,19,1,3,2,6,0,0,1,0,0,0,0,1,"13,33976","52,59585"
8968,198271,Berlin,4,2019,8,18,1,3,5,3,0,1,1,0,0,0,0,1,"13,26954","52,51972"
8969,198272,Berlin,7,2019,8,18,1,3,5,2,0,1,1,0,0,0,0,1,"13,40651","52,39376"
8970,198273,Berlin,7,2019,8,17,1,3,1,5,0,1,1,0,0,0,0,0,"13,35603","52,49017"
8971,198274,Berlin,1,2019,8,17,1,3,5,2,0,0,1,0,0,0,1,1,"13,40935","52,51677"
8972,198275,Berlin,2,2019,8,16,1,3,5,3,0,0,1,0,0,0,0,0,"13,41453","52,50014"
8973,198276,Berlin,8,2019,8,16,1,2,1,5,0,0,1,0,0,0,0,0,"13,45019","52,43695"
8974,198277,Berlin,3,2019,8,16,1,3,5,2,0,0,1,0,0,0,0,1,"13,40209","52,60285"
8975,198278,Berlin,12,2019,8,14,1,3,5,3,0,0,1,0,0,0,0,0,"13,33948","52,56397"
8976,198279,Berlin,4,2019,8,14,1,3,5,7,0,0,1,0,0,0,0,1,"13,28794","52,51462"
8977,198280,Berlin,2,2019,8,13,1,3,6,2,0,1,0,1,0,0,0,1,"13,39203","52,48936"
8978,198281,Berlin,5,2019,8,11,1,3,2,6,0,0,1,0,0,0,0,1,"13,22717","52,53766"
8979,198282,Berlin,6,2019,8,11,1,2,5,3,0,0,1,0,0,0,0,1,"13,35731","52,42299"
8980,198283,Berlin,7,2019,8,2,1,3,3,6,2,0,1,0,1,0,0,0,"13,34987","52,50045"
8981,198284,Berlin,9,2019,8,21,1,3,2,6,2,0,1,0,0,0,1,1,"13,47399","52,4751"
8982,198285,Berlin,7,2019,8,18,7,3,1,5,0,0,1,0,0,0,0,0,"13,34593","52,4892"
8983,198286,Berlin,2,2019,8,4,7,3,1,1,2,0,1,0,0,0,0,0,"13,44255","52,51626"
8984,198287,Berlin,4,2019,8,1,7,3,0,4,2,1,0,1,0,0,0,0,"13,29403","52,50674"
8985,198288,Berlin,8,2019,8,13,7,3,5,2,0,1,1,0,0,0,0,0,"13,4318","52,46641"
8986,198289,Berlin,12,2019,8,13,7,3,5,2,0,0,1,0,1,0,0,0,"13,27907","52,5784"
8987,198290,Berlin,2,2019,8,13,7,3,6,4,0,1,0,1,0,0,0,0,"13,38705","52,49316"
8988,198291,Berlin,1,2019,8,12,7,3,5,3,0,0,1,0,0,0,1,0,"13,37212","52,51957"
8989,198292,Berlin,7,2019,8,12,7,3,5,2,0,0,1,0,0,0,0,0,"13,38556","52,46859"
8990,198293,Berlin,1,2019,8,12,7,3,0,1,0,0,0,0,1,0,0,0,"13,3888","52,5172"
8991,198294,Berlin,1,2019,8,11,7,3,2,6,0,0,1,0,0,0,0,0,"13,38114","52,55597"
8992,198295,Berlin,2,2019,8,0,7,3,0,1,2,0,0,0,0,0,1,0,"13,39952","52,4946"
8993,198296,Berlin,9,2019,8,22,7,2,5,2,2,0,1,0,0,0,0,0,"13,54519","52,42574"
8994,198297,Berlin,1,2019,8,22,7,3,2,6,2,0,1,0,0,0,0,0,"13,42614","52,52305"
8995,198298,Berlin,6,2019,8,20,7,3,6,7,2,1,0,1,0,0,0,0,"13,32723","52,41072"
8996,198299,Berlin,7,2019,8,19,7,3,5,3,0,1,1,0,0,0,0,0,"13,36199","52,49771"
8997,198300,Berlin,3,2019,8,18,7,3,0,7,0,1,0,0,0,0,0,0,"13,44616","52,59074"
8998,198301,Berlin,9,2019,8,17,7,2,5,3,0,0,1,0,1,0,0,0,"13,48401","52,47418"
8999,198302,Berlin,6,2019,8,17,7,3,2,6,0,0,1,0,0,0,0,0,"13,32054","52,43465"
9000,198303,Berlin,2,2019,8,16,7,3,2,7,0,0,1,0,0,0,1,0,"13,42144","52,49608"
9001,198304,Berlin,5,2019,8,16,7,2,0,1,0,1,0,0,0,0,0,0,"13,17108","52,51832"
9002,198305,Berlin,5,2019,8,15,7,3,2,6,0,0,1,0,0,0,0,0,"13,18198","52,53751"
9003,198306,Berlin,4,2019,8,15,7,3,5,3,0,1,1,0,0,0,0,0,"13,32013","52,47289"
9004,198307,Berlin,6,2019,8,15,7,3,2,6,0,0,1,0,0,0,0,0,"13,30352","52,45907"
9005,198308,Berlin,1,2019,8,15,7,3,1,5,0,0,1,0,1,0,0,0,"13,38345","52,5561"
9006,198309,Berlin,2,2019,8,14,7,3,2,6,0,0,1,0,0,0,1,0,"13,45058","52,50864"
9007,198310,Berlin,7,2019,8,14,7,3,2,6,0,1,1,0,0,0,0,0,"13,38316","52,44817"
9008,198311,Berlin,11,2019,8,8,6,2,5,3,0,1,1,0,0,0,0,0,"13,53344","52,49255"
9009,198312,Berlin,7,2019,8,19,6,3,6,7,0,0,1,1,0,0,0,0,"13,32475","52,4657"
9010,198313,Berlin,12,2019,8,20,6,3,5,2,0,0,1,0,1,0,0,0,"13,3314","52,57352"
9011,198314,Berlin,8,2019,8,19,6,3,3,6,0,1,1,0,0,0,0,0,"13,42893","52,48647"
9012,198315,Berlin,1,2019,8,18,6,3,5,2,0,0,1,0,1,0,0,0,"13,41753","52,51847"
9013,198316,Berlin,1,2019,8,17,6,3,3,6,0,0,1,0,1,0,0,0,"13,40837","52,52891"
9014,198317,Berlin,9,2019,8,16,6,3,5,2,0,1,1,0,0,0,0,0,"13,54693","52,43151"
9015,198318,Berlin,10,2019,8,16,6,3,2,6,0,0,1,0,0,0,1,0,"13,57861","52,49907"
9016,198319,Berlin,1,2019,8,16,6,3,0,5,0,1,0,0,0,0,1,0,"13,32398","52,53213"
9017,198320,Berlin,4,2019,8,16,6,3,6,4,0,0,1,1,0,0,0,0,"13,329","52,47972"
9018,198321,Berlin,1,2019,8,15,6,3,5,2,0,1,0,0,0,0,0,0,"13,41221","52,51225"
9019,198322,Berlin,4,2019,8,15,6,3,2,6,0,0,1,0,0,0,0,0,"13,29437","52,4976"
9020,198323,Berlin,6,2019,8,15,6,3,5,2,0,1,1,0,0,0,0,0,"13,23428","52,4392"
9021,198324,Berlin,1,2019,8,14,6,3,5,3,0,1,1,0,0,0,0,0,"13,3691","52,54622"
9022,198325,Berlin,1,2019,8,15,6,3,2,6,0,0,1,0,0,0,0,0,"13,33092","52,52395"
9023,198326,Berlin,7,2019,8,15,6,3,2,7,0,0,1,0,0,0,0,0,"13,40492","52,42776"
9024,198327,Berlin,9,2019,8,16,6,3,5,2,0,1,1,0,0,0,0,0,"13,52327","52,40216"
9025,198328,Berlin,12,2019,8,14,6,3,5,7,0,0,1,0,1,0,0,0,"13,2916","52,5946"
9026,198329,Berlin,4,2019,8,18,6,3,0,7,0,0,0,0,0,0,1,0,"13,29782","52,52513"
9027,198330,Berlin,9,2019,8,17,6,3,2,6,0,1,1,0,0,0,0,0,"13,58244","52,43654"
9028,198331,Berlin,7,2019,8,2,6,2,8,7,2,1,1,0,0,0,0,0,"13,36236","52,41238"
9029,198332,Berlin,3,2019,8,7,6,3,2,6,0,0,1,0,1,0,0,0,"13,41383","52,55364"
9030,198333,Berlin,3,2019,8,7,6,3,5,3,0,0,1,0,0,0,0,0,"13,47698","52,56329"
9031,198334,Berlin,10,2019,8,7,6,3,1,5,0,1,1,0,0,0,0,0,"13,5612","52,52519"
9032,198335,Berlin,11,2019,8,6,6,3,1,7,0,0,1,0,0,0,0,0,"13,5087","52,50059"
9033,198336,Berlin,1,2019,8,0,6,2,0,1,2,1,0,0,0,0,0,0,"13,41389","52,50769"
9034,198337,Berlin,1,2019,8,13,6,3,0,5,0,1,1,0,0,0,0,0,"13,34319","52,53165"
9035,198338,Berlin,4,2019,8,13,6,3,2,6,0,0,1,0,0,0,0,0,"13,28803","52,49623"
9036,198339,Berlin,3,2019,8,13,6,3,3,6,0,0,1,0,0,0,0,0,"13,48734","52,61833"
9037,198340,Berlin,7,2019,8,13,6,3,1,5,0,0,1,0,1,0,0,0,"13,37724","52,48044"
9038,198341,Berlin,10,2019,8,12,6,3,8,1,0,0,0,0,1,0,0,0,"13,58651","52,53939"
9039,198342,Berlin,12,2019,8,12,6,3,5,2,0,1,1,0,0,0,0,0,"13,29267","52,57869"
9040,198343,Berlin,3,2019,8,11,6,3,5,3,0,1,1,0,0,0,0,0,"13,47907","52,60984"
9041,198344,Berlin,4,2019,8,11,6,3,5,2,0,0,1,0,0,0,0,0,"13,30705","52,51348"
9042,198345,Berlin,1,2019,8,11,6,2,0,7,0,0,1,0,0,0,1,0,"13,37841","52,5503"
9043,198346,Berlin,2,2019,8,10,6,3,2,6,0,0,1,0,0,0,0,0,"13,4453","52,49932"
9044,198347,Berlin,4,2019,8,10,6,2,6,2,0,0,1,1,0,0,0,0,"13,30079","52,51533"
9045,198348,Berlin,3,2019,8,10,6,3,9,1,0,0,1,0,0,0,0,0,"13,39754","52,61726"
9046,198349,Berlin,4,2019,8,10,6,3,5,3,0,1,0,0,0,0,1,0,"13,26545","52,49512"
9047,198350,Berlin,1,2019,8,9,6,3,5,3,0,1,1,0,0,0,0,0,"13,39809","52,52723"
9048,198351,Berlin,1,2019,8,9,6,3,5,2,0,1,0,0,0,1,0,0,"13,39605","52,53834"
9049,198352,Berlin,10,2019,8,10,6,3,3,6,0,1,0,0,0,0,1,0,"13,57248","52,56817"
9050,198353,Berlin,3,2019,8,8,6,3,5,3,0,0,1,0,0,0,0,0,"13,43752","52,55598"
9051,198354,Berlin,8,2019,8,10,6,3,5,2,0,1,1,0,0,0,0,0,"13,43529","52,49117"
9052,198355,Berlin,5,2019,8,17,5,3,5,3,0,0,1,0,0,0,0,0,"13,20572","52,5416"
9053,198356,Berlin,1,2019,8,8,6,3,1,5,0,0,1,0,1,0,0,0,"13,34504","52,52152"
9054,198357,Berlin,10,2019,8,8,6,3,5,2,0,1,1,0,0,0,0,0,"13,61631","52,53163"