,id,city,district,year,month,hour,weekday,injury_level,collision,movement,light_conditions,bicycle,car,pedestrian,motorbike,truck,other_vehicle,road_conditions,longitude,latitude
9055,198358,Berlin,1,2019,8,16,5,3,1,7,0,1,1,0,0,0,0,0,"13,33953","52,50537"
9056,198359,Berlin,1,2019,8,8,6,3,5,2,0,0,1,0,1,0,0,0,"13,37698","52,55718"
9057,198360,Berlin,4,2019,8,9,6,3,1,5,0,1,1,0,0,0,0,0,"13,29525","52,49774"
9058,198361,Berlin,3,2019,8,16,5,3,0,6,0,1,0,0,0,0,1,0,"13,43544","52,54927"
9059,198362,Berlin,4,2019,8,9,6,3,1,5,0,1,0,0,0,0,1,0,"13,31023","52,50346"
9060,198363,Berlin,3,2019,8,9,5,2,5,2,0,1,1,0,0,0,0,0,"13,45902","52,52906"
9061,198364,Berlin,7,2019,8,15,6,2,5,2,0,1,0,0,0,0,1,0,"13,37093","52,49262"
9062,198365,Berlin,3,2019,8,14,5,3,5,2,0,1,1,0,0,0,0,0,"13,42881","52,54775"
9063,198366,Berlin,1,2019,8,15,6,3,0,1,0,0,0,0,1,0,0,0,"13,36038","52,54437"
9064,198367,Berlin,2,2019,8,9,5,3,6,7,0,0,1,1,0,0,0,0,"13,39087","52,50453"
9065,198368,Berlin,2,2019,8,9,6,3,5,3,0,1,1,0,0,0,0,0,"13,44666","52,50281"
9066,198369,Berlin,4,2019,8,18,5,3,6,2,0,0,1,1,0,0,0,0,"13,31966","52,50308"
9067,198370,Berlin,1,2019,8,14,6,2,5,3,0,1,1,0,0,0,0,0,"13,36657","52,50289"
9068,198371,Berlin,7,2019,8,18,5,3,1,5,0,1,1,0,0,0,0,0,"13,38587","52,43462"
9069,198372,Berlin,8,2019,8,23,5,3,2,2,2,0,1,0,0,0,0,0,"13,43075","52,48601"
9070,198373,Berlin,6,2019,8,14,6,3,5,2,0,0,1,0,1,0,0,0,"13,33764","52,45854"
9071,198374,Berlin,11,2019,8,22,5,3,0,1,2,1,0,0,0,0,0,0,"13,47644","52,50106"
9072,198375,Berlin,8,2019,8,14,6,3,2,6,0,0,1,0,0,0,0,0,"13,45257","52,4292"
9073,198376,Berlin,1,2019,8,22,5,3,2,6,2,0,1,0,1,0,0,0,"13,41777","52,52582"
9074,198377,Berlin,5,2019,8,20,5,3,2,6,0,0,1,0,0,0,0,0,"13,19743","52,53305"
9075,198378,Berlin,6,2019,8,14,6,3,0,6,0,1,0,0,0,0,0,0,"13,34632","52,43237"
9076,198379,Berlin,12,2019,8,20,5,3,6,7,1,0,1,1,0,0,0,0,"13,36711","52,60244"
9077,198380,Berlin,3,2019,8,9,6,3,5,3,0,1,1,0,0,0,0,0,"13,42737","52,55249"
9078,198381,Berlin,1,2019,8,18,5,3,2,7,0,1,1,0,0,0,0,0,"13,35952","52,5463"
9079,198382,Berlin,11,2019,8,14,6,2,2,2,0,1,1,0,0,0,0,0,"13,49496","52,54538"
9080,198383,Berlin,10,2019,8,17,5,3,0,7,0,1,0,0,0,0,0,0,"13,60383","52,48547"
9081,198384,Berlin,6,2019,8,13,6,2,0,3,0,1,0,0,1,0,0,0,"13,22411","52,42947"
9082,198385,Berlin,1,2019,8,17,5,3,1,1,0,0,1,0,1,0,0,0,"13,40494","52,51467"
9083,198386,Berlin,1,2019,8,17,5,3,2,6,0,0,1,0,0,0,0,0,"13,41239","52,50576"
9084,198387,Berlin,8,2019,8,13,6,3,5,2,0,0,1,0,0,0,0,0,"13,44985","52,44555"
9085,198388,Berlin,8,2019,8,13,6,3,5,2,0,1,1,0,0,0,0,0,"13,49039","52,42783"
9086,198389,Berlin,11,2019,8,17,5,3,0,6,0,1,0,0,0,0,0,0,"13,52615","52,49324"
9087,198390,Berlin,3,2019,8,13,6,3,5,3,0,0,1,0,0,0,0,0,"13,41842","52,55514"
9088,198391,Berlin,1,2019,8,16,5,3,5,3,0,1,1,0,0,0,0,0,"13,35765","52,54111"
9089,198392,Berlin,7,2019,8,13,6,3,2,6,0,1,1,0,0,0,0,0,"13,38731","52,45852"
9090,198393,Berlin,3,2019,8,16,5,2,0,1,0,0,0,0,1,0,0,1,"13,37487","52,59657"
9091,198394,Berlin,7,2019,8,15,5,3,5,2,0,1,1,0,0,0,0,0,"13,40031","52,48371"
9092,198395,Berlin,1,2019,8,8,6,3,2,6,0,1,1,0,0,0,0,0,"13,35023","52,51365"
9093,198396,Berlin,1,2019,8,8,6,2,4,6,0,1,1,0,0,0,0,0,"13,38669","52,50749"
9094,198397,Berlin,9,2019,8,15,5,3,0,6,0,1,1,0,0,0,0,0,"13,5664","52,44398"
9095,198398,Berlin,7,2019,8,15,5,3,6,4,0,0,1,1,0,0,0,0,"13,34848","52,50078"
9096,198399,Berlin,6,2019,8,7,6,3,5,3,0,1,1,0,0,0,0,0,"13,33245","52,4583"
9097,198400,Berlin,9,2019,8,15,5,3,2,6,0,0,1,0,0,0,0,0,"13,5422","52,45778"
9098,198401,Berlin,1,2019,8,7,6,3,4,4,0,1,0,1,0,0,0,0,"13,3432","52,52848"
9099,198402,Berlin,1,2019,8,16,5,3,5,3,0,1,1,0,0,0,0,1,"13,37727","52,55363"
9100,198403,Berlin,1,2019,8,16,5,3,5,3,0,1,1,0,0,0,0,0,"13,39516","52,51726"
9101,198404,Berlin,8,2019,8,7,6,3,1,4,0,0,1,1,1,0,0,0,"13,43833","52,45421"
9102,198405,Berlin,3,2019,8,15,5,3,6,4,0,0,1,1,0,0,0,0,"13,45398","52,55401"
9103,198406,Berlin,4,2019,8,6,6,3,5,3,0,0,1,0,1,0,0,0,"13,27838","52,50695"
9104,198407,Berlin,7,2019,8,15,5,3,5,7,0,1,1,0,0,0,0,0,"13,34863","52,49793"
9105,198408,Berlin,5,2019,8,6,6,3,5,2,0,1,1,0,0,0,0,0,"13,20564","52,53945"
9106,198409,Berlin,2,2019,8,14,5,2,6,4,0,0,1,1,0,0,0,0,"13,45229","52,52774"
9107,198410,Berlin,3,2019,8,14,5,3,5,3,0,1,1,0,0,0,0,0,"13,41864","52,55508"
9108,198411,Berlin,12,2019,8,13,5,3,2,6,0,0,1,0,0,0,0,0,"13,32455","52,58821"
9109,198412,Berlin,1,2019,8,13,5,3,2,6,0,0,1,0,1,0,0,0,"13,39776","52,53251"
9110,198413,Berlin,1,2019,8,23,5,3,2,6,2,0,1,0,0,0,0,0,"13,36734","52,52571"
9111,198414,Berlin,12,2019,8,17,5,3,5,3,0,0,1,0,1,0,0,0,"13,25449","52,56194"
9112,198415,Berlin,3,2019,8,12,5,3,2,6,0,0,1,0,0,0,0,0,"13,41334","52,56642"
9113,198416,Berlin,1,2019,8,10,5,3,0,2,0,1,1,0,0,0,0,0,"13,32959","52,5238"
9114,198417,Berlin,2,2019,8,17,5,3,5,2,0,1,1,0,0,0,0,0,"13,40787","52,50445"
9115,198418,Berlin,6,2019,8,10,5,3,5,2,0,0,1,0,1,0,0,0,"13,27342","52,41665"
9116,198419,Berlin,10,2019,8,17,5,3,5,2,0,1,1,0,0,0,0,0,"13,57356","52,54655"
9117,198420,Berlin,2,2019,8,10,5,3,2,6,0,0,1,0,0,0,0,0,"13,4354","52,49982"
9118,198421,Berlin,12,2019,8,15,5,2,5,2,0,1,1,0,0,0,0,0,"13,33077","52,56256"
9119,198422,Berlin,5,2019,8,16,5,3,5,3,0,0,1,0,0,0,0,0,"13,2424","52,52804"
9120,198423,Berlin,11,2019,8,16,5,3,5,3,0,1,1,0,0,0,0,0,"13,48578","52,52078"
9121,198424,Berlin,12,2019,8,12,5,3,0,7,0,0,1,0,0,0,0,0,"13,25665","52,62666"
9122,198425,Berlin,11,2019,8,17,5,2,0,1,0,0,0,0,1,0,0,0,"13,47081","52,53192"
9123,198426,Berlin,2,2019,8,9,5,3,5,2,0,1,1,0,0,0,0,0,"13,39526","52,49688"
9124,198427,Berlin,2,2019,8,16,5,3,0,4,0,1,0,1,0,0,0,0,"13,4555","52,5005"
9125,198428,Berlin,7,2019,8,9,5,2,1,5,0,0,1,0,1,0,0,0,"13,39358","52,46557"
9126,198429,Berlin,1,2019,8,9,5,3,5,3,0,1,0,0,0,0,1,0,"13,39194","52,53002"
9127,198430,Berlin,2,2019,8,16,5,3,5,2,0,0,1,0,1,0,0,0,"13,44064","52,51711"
9128,198431,Berlin,4,2019,8,8,5,3,2,6,0,0,1,0,0,0,0,0,"13,3193","52,51358"
9129,198432,Berlin,4,2019,8,16,5,3,2,6,0,0,1,0,0,0,1,0,"13,30409","52,50407"
9130,198433,Berlin,7,2019,8,8,5,3,2,6,0,1,1,0,0,0,0,0,"13,37682","52,479"
9131,198434,Berlin,5,2019,8,16,5,3,2,6,0,0,1,0,0,0,0,0,"13,21748","52,53798"
9132,198435,Berlin,9,2019,8,8,5,3,3,6,0,1,0,0,0,0,1,0,"13,52462","52,43932"
9133,198436,Berlin,2,2019,8,15,5,2,5,3,0,1,0,0,1,0,0,0,"13,37474","52,48504"
9134,198437,Berlin,12,2019,8,8,5,3,6,4,0,0,1,1,0,0,0,0,"13,32894","52,56673"
9135,198438,Berlin,2,2019,8,7,5,3,0,1,0,1,0,0,0,0,0,0,"13,386","52,49007"
9136,198439,Berlin,10,2019,8,15,5,3,2,6,0,0,1,0,0,0,0,0,"13,59416","52,53359"
9137,198440,Berlin,1,2019,8,15,5,3,3,6,0,0,1,0,0,0,0,0,"13,3916","52,55514"
9138,198441,Berlin,12,2019,8,7,5,3,5,3,0,1,1,0,0,0,0,0,"13,28902","52,63288"
9139,198442,Berlin,8,2019,8,7,5,3,5,2,0,1,1,0,0,0,0,0,"13,43982","52,4752"
9140,198443,Berlin,2,2019,8,23,5,2,6,6,2,0,1,1,0,0,0,0,"13,41992","52,49862"
9141,198444,Berlin,3,2019,8,7,5,3,1,5,0,1,1,0,0,0,0,0,"13,42827","52,5371"
9142,198445,Berlin,2,2019,8,22,5,3,1,5,2,1,1,0,1,0,0,0,"13,41466","52,49372"
9143,198446,Berlin,9,2019,8,5,5,3,5,3,0,1,1,0,0,0,0,0,"13,52663","52,42459"
9144,198447,Berlin,1,2019,8,7,5,3,5,3,0,0,1,0,0,0,0,0,"13,35399","52,54721"
9145,198448,Berlin,3,2019,8,10,5,3,2,6,0,1,1,0,0,0,0,0,"13,40334","52,55803"
9146,198449,Berlin,8,2019,8,7,5,3,2,6,0,0,1,0,1,0,0,0,"13,43666","52,44952"
9147,198450,Berlin,1,2019,8,18,4,2,6,4,1,1,0,1,0,0,0,0,"13,39527","52,51514"
9148,198451,Berlin,4,2019,8,20,5,3,0,7,1,1,0,0,0,0,0,0,"13,32261","52,48595"
9149,198452,Berlin,4,2019,8,8,4,3,5,3,0,0,1,0,0,0,0,0,"13,32854","52,49093"
9150,198453,Berlin,1,2019,8,18,4,3,6,4,1,1,0,1,0,0,0,0,"13,39516","52,51513"
9151,198454,Berlin,11,2019,8,19,5,3,5,2,0,1,0,0,1,0,0,0,"13,46937","52,50239"
9152,198455,Berlin,2,2019,8,12,4,3,5,2,0,1,0,0,0,0,1,0,"13,39053","52,50666"
9153,198456,Berlin,3,2019,8,18,5,2,5,3,0,1,0,0,0,0,0,0,"13,44561","52,53463"
9154,198457,Berlin,6,2019,8,9,4,3,2,7,0,0,1,0,0,0,0,0,"13,32622","52,45982"
9155,198458,Berlin,6,2019,8,18,5,3,2,6,0,0,1,0,0,0,0,0,"13,35241","52,43336"
9156,198459,Berlin,6,2019,8,12,4,3,0,6,0,1,1,0,0,0,0,0,"13,33856","52,43216"
9157,198460,Berlin,2,2019,8,18,5,3,5,2,0,0,1,0,1,0,0,0,"13,42938","52,49463"
9158,198461,Berlin,12,2019,8,21,4,2,1,5,2,0,1,0,1,0,0,0,"13,32084","52,56585"
9159,198462,Berlin,10,2019,8,21,4,2,5,2,2,0,1,0,1,0,0,0,"13,54132","52,53444"
9160,198463,Berlin,7,2019,8,14,5,3,2,6,0,0,1,0,0,0,1,0,"13,37794","52,46847"
9161,198464,Berlin,4,2019,8,14,5,2,0,7,0,1,0,0,0,0,0,0,"13,27835","52,48804"
9162,198465,Berlin,6,2019,8,19,4,3,5,3,0,1,1,0,0,0,0,0,"13,29791","52,44747"
9163,198466,Berlin,2,2019,8,18,4,3,5,3,0,1,0,0,0,0,1,0,"13,42159","52,49813"
9164,198467,Berlin,6,2019,8,14,5,3,0,5,0,0,0,0,1,0,1,0,"13,23626","52,44005"
9165,198468,Berlin,4,2019,8,18,4,3,5,3,0,1,1,0,0,0,0,0,"13,3065","52,49276"
9166,198469,Berlin,8,2019,8,14,5,3,5,3,0,0,1,0,0,0,1,0,"13,44469","52,42632"
9167,198470,Berlin,10,2019,8,19,4,2,1,1,0,0,1,0,1,0,0,0,"13,53854","52,55751"
9168,198471,Berlin,7,2019,8,13,5,2,1,5,0,0,1,0,1,0,0,0,"13,40439","52,39382"
9169,198472,Berlin,12,2019,8,16,4,2,0,7,0,0,1,1,0,0,0,0,"13,36342","52,56828"
9170,198473,Berlin,1,2019,8,13,5,3,6,4,0,1,0,1,0,0,0,0,"13,40293","52,529"
9171,198474,Berlin,7,2019,8,18,4,3,5,2,0,1,1,0,0,0,0,0,"13,37106","52,47037"
9172,198475,Berlin,9,2019,8,12,5,3,3,6,0,0,1,0,0,0,0,0,"13,58249","52,45535"
9173,198476,Berlin,1,2019,8,17,4,3,0,5,0,1,1,0,0,0,0,0,"13,37518","52,53687"
9174,198477,Berlin,4,2019,8,10,5,3,2,6,0,0,1,0,0,0,1,0,"13,29978","52,48743"
9175,198478,Berlin,2,2019,8,9,5,3,3,6,0,1,1,0,0,0,0,0,"13,44247","52,5042"
9176,198479,Berlin,8,2019,8,9,5,3,5,2,0,1,1,0,0,0,0,0,"13,4327","52,47835"
9177,198480,Berlin,6,2019,8,8,5,3,2,6,0,1,1,0,0,0,0,0,"13,31519","52,4657"
9178,198481,Berlin,1,2019,8,8,5,3,2,6,0,0,1,0,1,1,0,0,"13,38845","52,52742"
9179,198482,Berlin,3,2019,8,7,5,3,5,3,0,1,1,0,0,0,0,0,"13,45298","52,56743"
9180,198483,Berlin,2,2019,8,7,5,3,2,6,0,0,1,0,0,0,0,0,"13,41351","52,49179"
9181,198484,Berlin,2,2019,8,7,5,3,5,2,0,1,1,0,0,0,0,0,"13,40158","52,50609"
9182,198485,Berlin,9,2019,8,7,5,3,5,2,0,1,1,0,0,0,0,0,"13,5728","52,47048"
9183,198486,Berlin,11,2019,8,18,5,2,1,1,0,0,1,0,1,0,0,0,"13,52003","52,57034"
9184,198487,Berlin,9,2019,8,16,5,2,0,3,0,0,1,0,1,0,0,0,"13,62565","52,45754"
9185,198488,Berlin,6,2019,8,10,5,2,1,5,0,1,1,0,0,0,0,0,"13,32091","52,44393"
9186,198489,Berlin,7,2019,8,14,5,2,0,1,0,1,0,0,0,0,0,0,"13,36093","52,49018"
9187,198490,Berlin,5,2019,8,14,5,2,5,3,0,0,1,0,0,0,0,0,"13,18747","52,51498"
9188,198491,Berlin,5,2019,8,13,5,2,5,3,0,0,1,0,1,0,0,0,"13,12825","52,53106"
9189,198492,Berlin,8,2019,8,9,5,2,5,3,0,0,1,0,1,0,0,0,"13,49109","52,42382"
9190,198493,Berlin,2,2019,8,7,5,2,2,6,0,0,1,0,1,0,0,0,"13,43228","52,50562"
9191,198494,Berlin,1,2019,8,12,5,3,3,6,0,0,1,0,0,0,0,0,"13,36142","52,55516"
9192,198495,Berlin,7,2019,8,5,5,3,1,5,2,1,1,0,0,0,0,0,"13,3656","52,49534"
9193,198496,Berlin,5,2019,8,13,5,3,1,5,0,1,1,0,0,0,0,0,"13,19937","52,53906"
9194,198497,Berlin,3,2019,8,7,4,3,6,4,0,1,0,1,0,0,0,0,"13,42126","52,56349"
9195,198498,Berlin,8,2019,8,8,4,3,6,4,0,1,0,1,0,0,0,0,"13,45279","52,47534"
9196,198499,Berlin,6,2019,8,21,4,3,1,5,2,1,1,0,0,0,0,0,"13,25021","52,46705"
9197,198500,Berlin,1,2019,8,20,4,3,0,7,1,0,0,0,1,0,1,1,"13,35044","52,51365"
9198,198501,Berlin,5,2019,8,20,4,3,0,2,0,0,1,0,1,0,0,0,"13,1846","52,54752"
9199,198502,Berlin,7,2019,8,18,4,3,0,3,0,0,1,0,1,0,0,0,"13,34765","52,48628"
9200,198503,Berlin,3,2019,8,17,4,3,6,4,0,1,0,1,0,0,0,0,"13,43988","52,5408"
9201,198504,Berlin,2,2019,8,18,4,3,3,6,0,1,1,0,0,0,0,0,"13,41588","52,49278"
9202,198505,Berlin,1,2019,8,18,4,3,2,6,0,0,1,0,1,0,0,0,"13,37273","52,53841"
9203,198506,Berlin,10,2019,8,17,4,3,1,5,0,1,1,0,0,0,0,0,"13,63315","52,52298"
9204,198507,Berlin,11,2019,8,17,4,3,5,2,0,1,0,0,0,0,1,0,"13,47503","52,50155"
9205,198508,Berlin,3,2019,8,15,4,3,6,2,0,0,1,1,0,0,0,0,"13,45896","52,55016"
9206,198509,Berlin,2,2019,8,17,4,3,5,3,0,1,1,0,0,0,0,0,"13,45484","52,52346"
9207,198510,Berlin,4,2019,8,16,4,3,2,6,0,0,1,0,0,0,1,0,"13,31486","52,51281"
9208,198511,Berlin,12,2019,8,17,4,3,5,2,0,1,1,0,0,0,0,0,"13,33195","52,57555"
9209,198512,Berlin,2,2019,8,16,4,3,2,6,0,0,0,0,0,0,1,0,"13,46513","52,50775"
9210,198513,Berlin,2,2019,8,16,4,3,0,3,0,0,1,0,1,0,0,0,"13,4355","52,52169"
9211,198514,Berlin,8,2019,8,16,4,3,5,3,0,0,1,0,0,0,0,0,"13,4349","52,43743"
9212,198515,Berlin,4,2019,8,15,4,3,6,4,0,1,0,1,0,0,0,0,"13,32668","52,48405"
9213,198516,Berlin,6,2019,8,15,4,3,0,1,0,1,0,0,0,0,0,0,"13,30123","52,44609"
9214,198517,Berlin,8,2019,8,15,4,3,5,2,0,0,1,0,0,0,0,0,"13,44468","52,4631"
9215,198518,Berlin,1,2019,8,15,4,3,0,6,0,0,1,0,1,0,0,0,"13,32932","52,52266"
9216,198519,Berlin,3,2019,8,15,4,3,5,3,0,1,0,0,0,0,0,0,"13,46076","52,52381"
9217,198520,Berlin,9,2019,8,14,4,3,0,1,0,1,0,0,0,0,0,0,"13,54896","52,43823"
9218,198521,Berlin,9,2019,8,14,4,3,5,7,0,0,1,0,1,0,0,0,"13,50996","52,47031"
9219,198522,Berlin,1,2019,8,14,4,3,1,5,0,0,1,0,0,0,0,0,"13,3545","52,56094"
9220,198523,Berlin,9,2019,8,14,4,3,5,3,0,0,1,0,0,0,1,0,"13,61139","52,45602"
9221,198524,Berlin,1,2019,8,13,4,3,5,3,0,0,1,0,0,0,0,0,"13,3606","52,54858"
9222,198525,Berlin,4,2019,8,13,4,3,2,6,0,0,1,0,0,0,0,0,"13,28623","52,48024"
9223,198526,Berlin,8,2019,8,13,4,3,5,2,0,1,1,0,0,0,0,0,"13,41634","52,48048"
9224,198527,Berlin,5,2019,8,12,4,3,6,4,0,1,0,1,0,0,0,0,"13,24797","52,54541"
9225,198528,Berlin,1,2019,8,12,4,3,1,5,0,1,1,0,0,0,0,0,"13,37355","52,55702"
9226,198529,Berlin,2,2019,8,11,4,3,5,3,0,1,1,0,0,0,0,0,"13,39782","52,49528"
9227,198530,Berlin,1,2019,8,11,4,3,6,4,0,0,0,1,0,0,1,0,"13,38629","52,52996"
9228,198531,Berlin,8,2019,8,10,4,3,2,6,0,0,1,0,1,0,0,0,"13,42687","52,47591"
9229,198532,Berlin,4,2019,8,10,4,3,5,2,0,1,1,0,0,0,0,0,"13,32866","52,4786"
9230,198533,Berlin,4,2019,8,10,4,3,5,2,0,1,0,0,0,0,1,0,"13,30564","52,47976"
9231,198534,Berlin,1,2019,8,9,4,3,5,2,0,1,1,0,0,0,0,0,"13,39002","52,52568"
9232,198535,Berlin,12,2019,8,9,4,3,4,6,0,1,0,0,0,0,0,0,"13,29162","52,59578"
9233,198536,Berlin,3,2019,8,8,4,3,6,4,0,0,1,1,0,0,0,0,"13,45426","52,53241"
9234,198537,Berlin,1,2019,8,8,4,3,2,7,0,0,1,0,0,0,0,0,"13,342","52,55231"
9235,198538,Berlin,1,2019,8,7,4,3,6,4,0,1,0,1,0,0,0,0,"13,37321","52,5381"
9236,198539,Berlin,1,2019,8,7,4,3,1,5,0,1,0,0,0,0,1,0,"13,3852","52,55022"
9237,198540,Berlin,5,2019,8,7,4,3,3,6,0,0,1,0,0,1,0,0,"13,2323","52,53958"
9238,198541,Berlin,7,2019,8,1,4,3,8,1,2,0,1,0,0,0,0,0,"13,36211","52,44731"
9239,198542,Berlin,8,2019,8,1,4,3,5,2,2,0,1,0,0,0,0,0,"13,42486","52,48196"
9240,198543,Berlin,1,2019,8,20,4,3,5,2,1,1,1,0,0,0,0,0,"13,36617","52,52394"
9241,198544,Berlin,2,2019,8,12,4,3,0,2,0,1,1,0,0,0,0,0,"13,45925","52,50119"
9242,198545,Berlin,5,2019,8,17,4,2,5,3,0,1,1,0,0,0,0,0,"13,19973","52,53457"
9243,198546,Berlin,9,2019,8,14,4,2,3,6,0,1,0,0,0,0,0,0,"13,50109","52,46044"
9244,198547,Berlin,1,2019,8,12,4,2,6,4,0,0,0,1,1,0,0,0,"13,34968","52,55726"
9245,198548,Berlin,10,2019,8,7,4,2,5,3,0,1,1,0,0,0,0,0,"13,58899","52,51125"
9246,198549,Berlin,11,2019,8,6,4,2,5,3,0,1,1,0,0,0,0,0,"13,51165","52,55073"
9247,198550,Berlin,4,2019,8,8,3,3,2,2,0,0,1,0,1,0,0,0,"13,30993","52,52325"
9248,198551,Berlin,6,2019,8,7,3,3,5,2,0,1,1,0,0,0,0,0,"13,27965","52,42977"
9249,198552,Berlin,4,2019,8,20,3,3,5,3,2,0,1,0,0,0,1,0,"13,30416","52,5267"
9250,198553,Berlin,1,2019,8,19,3,3,0,1,1,1,0,0,0,0,0,0,"13,41738","52,5157"
9251,198554,Berlin,4,2019,8,19,3,3,1,5,1,1,1,0,0,0,0,0,"13,2549","52,52083"
9252,198555,Berlin,3,2019,8,19,3,3,3,6,0,1,0,0,0,0,0,0,"13,42794","52,54551"
9253,198556,Berlin,1,2019,8,18,3,3,0,1,0,1,0,0,0,0,0,0,"13,38012","52,51991"
9254,198557,Berlin,1,2019,8,18,3,3,1,5,0,1,1,0,0,0,1,0,"13,41084","52,52689"
9255,198558,Berlin,1,2019,8,17,3,3,6,2,0,0,1,1,0,0,0,0,"13,37955","52,52258"
9256,198559,Berlin,3,2019,8,17,3,3,5,3,0,0,1,0,1,0,0,0,"13,4062","52,58178"
9257,198560,Berlin,1,2019,8,17,3,3,2,6,0,1,1,0,0,0,0,0,"13,35857","52,54012"
9258,198561,Berlin,4,2019,8,17,3,3,6,4,0,0,1,1,0,0,0,0,"13,30274","52,50608"
9259,198562,Berlin,8,2019,8,17,3,3,2,6,0,0,1,0,0,0,0,0,"13,45794","52,43122"
9260,198563,Berlin,4,2019,8,16,3,3,5,3,0,1,1,0,0,0,0,0,"13,32331","52,516"
9261,198564,Berlin,9,2019,8,16,3,3,5,2,0,0,1,0,0,0,0,0,"13,53098","52,41559"
9262,198565,Berlin,4,2019,8,16,3,3,5,2,0,1,1,0,0,0,0,0,"13,29148","52,4751"
9263,198566,Berlin,7,2019,8,16,3,3,5,2,0,1,1,0,0,0,0,0,"13,38571","52,4782"
9264,198567,Berlin,10,2019,8,15,3,3,1,5,0,1,1,0,0,0,0,0,"13,55654","52,53302"
9265,198568,Berlin,4,2019,8,9,3,3,5,2,0,1,1,0,0,0,0,0,"13,29732","52,51112"
9266,198569,Berlin,7,2019,8,12,1,2,0,7,0,1,0,0,0,0,0,0,"13,37201","52,49244"
9267,198570,Berlin,1,2019,8,4,3,3,5,3,2,0,1,0,0,0,0,1,"13,3655","52,55712"
9268,198571,Berlin,3,2019,8,15,3,3,0,3,0,0,1,0,1,0,0,0,"13,45071","52,59126"
9269,198572,Berlin,7,2019,8,14,3,3,0,5,0,1,1,0,0,0,0,0,"13,34387","52,46482"
9270,198573,Berlin,7,2019,8,14,3,3,5,3,0,0,1,0,0,0,1,0,"13,39974","52,45601"
9271,198574,Berlin,1,2019,8,14,3,3,5,2,0,1,1,0,0,0,0,0,"13,36581","52,50307"
9272,198575,Berlin,8,2019,8,14,3,3,6,4,0,0,1,1,0,0,0,0,"13,49625","52,41561"
9273,198576,Berlin,10,2019,8,13,3,3,5,2,0,1,1,0,0,0,0,0,"13,62085","52,53094"
9274,198577,Berlin,1,2019,8,12,3,3,5,3,0,0,1,0,1,0,0,0,"13,38005","52,53278"
9275,198578,Berlin,4,2019,8,12,3,3,2,6,0,0,1,0,0,0,0,0,"13,32524","52,5415"
9276,198579,Berlin,3,2019,8,12,3,3,2,6,0,0,1,0,0,0,0,0,"13,44022","52,556"
9277,198580,Berlin,1,2019,8,5,3,3,5,3,1,1,1,0,0,0,0,0,"13,36538","52,55681"
9278,198581,Berlin,7,2019,8,11,3,3,3,6,0,1,0,0,0,0,1,0,"13,36357","52,47832"
9279,198582,Berlin,4,2019,8,11,3,3,5,3,0,0,1,0,0,0,0,0,"13,2739","52,50968"
9280,198583,Berlin,6,2019,8,10,3,3,5,3,0,1,1,0,0,0,0,0,"13,33554","52,40876"
9281,198584,Berlin,7,2019,8,10,3,3,4,6,0,1,0,0,0,0,0,0,"13,32687","52,46494"
9282,198585,Berlin,9,2019,8,9,3,3,5,3,0,0,1,0,0,1,0,0,"13,52213","52,40246"
9283,198586,Berlin,6,2019,8,9,3,3,6,4,0,1,0,1,0,0,0,0,"13,31041","52,43096"
9284,198587,Berlin,3,2019,8,8,3,3,5,2,0,0,1,0,1,0,0,0,"13,39881","52,57059"
9285,198588,Berlin,1,2019,8,8,3,3,5,7,0,0,1,0,1,0,0,0,"13,3295","52,53299"
9286,198589,Berlin,7,2019,8,7,3,3,6,4,0,1,0,1,0,0,0,0,"13,35568","52,45731"
9287,198590,Berlin,4,2019,8,8,3,3,3,6,0,1,0,0,0,0,1,0,"13,30451","52,49945"
9288,198591,Berlin,8,2019,8,7,3,3,5,2,0,1,0,0,0,0,1,0,"13,49192","52,42044"
9289,198592,Berlin,3,2019,8,7,3,3,5,2,0,1,0,0,0,0,0,0,"13,48578","52,61584"
9290,198593,Berlin,1,2019,8,7,3,3,5,5,0,1,1,0,0,0,0,0,"13,41928","52,508"
9291,198594,Berlin,1,2019,8,6,3,3,3,6,0,0,1,0,1,0,0,0,"13,41589","52,52741"
9292,198595,Berlin,11,2019,8,16,3,2,0,3,0,1,0,0,0,0,0,0,"13,49248","52,51629"
9293,198596,Berlin,10,2019,8,6,3,3,5,2,1,1,0,0,0,0,1,0,"13,56577","52,57039"
9294,198597,Berlin,12,2019,8,13,3,2,8,6,0,0,1,0,0,0,0,0,"13,30161","52,58003"
9295,198598,Berlin,9,2019,8,9,3,2,1,5,0,1,0,0,0,0,1,0,"13,50083","52,45649"
9296,198599,Berlin,2,2019,8,9,3,3,1,5,0,1,1,0,0,0,1,0,"13,42172","52,50062"
9297,198600,Berlin,7,2019,8,10,3,3,2,6,0,0,1,0,0,0,0,0,"13,33772","52,46705"
9298,198601,Berlin,12,2019,8,15,2,3,6,4,0,0,0,1,1,0,0,0,"13,36643","52,56392"
9299,198602,Berlin,6,2019,8,18,2,3,6,7,0,1,0,1,0,0,0,0,"13,23749","52,44409"
9300,198603,Berlin,6,2019,8,18,2,3,2,6,0,1,1,0,0,0,0,0,"13,26173","52,41644"
9301,198604,Berlin,12,2019,8,17,2,3,5,2,0,1,0,0,0,0,1,0,"13,36298","52,56665"
9302,198605,Berlin,2,2019,8,17,2,3,5,3,0,1,1,0,0,0,0,0,"13,42155","52,50067"
9303,198606,Berlin,3,2019,8,17,2,3,2,7,0,0,1,0,0,0,0,0,"13,45734","52,52446"
9304,198607,Berlin,6,2019,8,16,2,3,2,6,0,1,1,0,0,0,0,0,"13,2503","52,42128"
9305,198608,Berlin,7,2019,8,16,2,3,0,7,0,1,0,0,0,0,0,0,"13,32819","52,4734"
9306,198609,Berlin,1,2019,8,16,2,3,5,3,0,1,0,0,0,0,0,0,"13,32434","52,52651"
9307,198610,Berlin,4,2019,8,16,2,3,1,5,0,0,1,0,0,0,0,0,"13,28093","52,47873"
9308,198611,Berlin,11,2019,8,10,2,3,0,7,0,1,0,0,0,0,0,0,"13,5016","52,49305"
9309,198612,Berlin,1,2019,9,12,2,3,0,4,0,0,0,1,0,0,1,0,"13,37361","52,55677"
9310,198613,Berlin,1,2019,8,20,2,3,5,3,2,1,1,0,0,0,0,0,"13,38383","52,55501"
9311,198614,Berlin,9,2019,9,15,2,3,5,3,0,1,1,0,0,0,0,0,"13,51811","52,44375"
9312,198615,Berlin,11,2019,9,7,2,3,3,2,0,1,1,0,0,0,0,0,"13,48583","52,51853"