,id,city,district,year,month,hour,weekday,injury_level,collision,movement,light_conditions,bicycle,car,pedestrian,motorbike,truck,other_vehicle,road_conditions,longitude,latitude
9828,199131,Berlin,6,2019,9,12,3,3,1,5,0,0,1,0,1,0,0,0,"13,32001","52,44636"
9829,199132,Berlin,5,2019,9,16,3,3,5,2,0,0,1,0,0,0,0,0,"13,1843","52,53417"
9830,199133,Berlin,1,2019,9,14,3,2,0,1,0,0,0,0,0,0,1,0,"13,39969","52,52025"
9831,199134,Berlin,2,2019,9,16,3,3,3,6,0,0,1,0,1,0,0,0,"13,43252","52,4972"
9832,199135,Berlin,9,2019,9,18,3,3,2,6,0,0,1,0,0,0,0,0,"13,56334","52,44574"
9833,199136,Berlin,9,2019,9,16,3,3,5,3,0,0,1,0,0,0,0,0,"13,48469","52,46025"
9834,199137,Berlin,2,2019,9,14,3,3,2,7,0,1,1,0,0,0,0,0,"13,43977","52,51849"
9835,199138,Berlin,5,2019,9,16,3,3,5,7,0,0,1,0,1,0,0,0,"13,20988","52,54808"
9836,199139,Berlin,6,2019,9,13,3,3,5,3,0,0,1,0,0,0,1,0,"13,28699","52,41785"
9837,199140,Berlin,4,2019,9,15,3,3,1,5,0,1,1,0,0,0,0,0,"13,3179","52,49517"
9838,199141,Berlin,12,2019,9,16,3,3,5,3,0,0,1,0,1,0,0,0,"13,33448","52,57062"
9839,199142,Berlin,6,2019,9,15,3,3,2,6,0,0,1,0,0,0,1,0,"13,31541","52,44779"
9840,199143,Berlin,9,2019,9,17,3,3,5,2,0,1,0,0,0,0,1,0,"13,52665","52,42638"
9841,199144,Berlin,1,2019,9,15,3,3,2,6,0,1,1,0,0,0,0,0,"13,34255","52,55622"
9842,199145,Berlin,4,2019,9,13,3,3,0,3,0,0,1,0,0,0,1,1,"13,2928","52,50665"
9843,199146,Berlin,1,2019,9,15,3,3,0,4,0,0,0,1,0,0,1,0,"13,32827","52,52637"
9844,199147,Berlin,2,2019,9,15,3,3,2,7,0,1,1,0,0,0,0,0,"13,43942","52,50239"
9845,199148,Berlin,10,2019,9,13,3,2,1,5,0,0,1,0,0,0,1,1,"13,60347","52,54224"
9846,199149,Berlin,12,2019,9,14,3,3,2,6,0,0,1,0,0,0,0,0,"13,3199","52,60687"
9847,199150,Berlin,6,2019,9,16,3,2,5,3,0,1,1,0,0,0,0,0,"13,24678","52,42069"
9848,199151,Berlin,10,2019,9,14,3,3,3,6,0,1,1,0,0,0,0,0,"13,60048","52,47657"
9849,199152,Berlin,11,2019,9,14,3,3,5,3,0,1,1,0,0,0,0,0,"13,47442","52,50449"
9850,199153,Berlin,3,2019,9,12,3,3,5,2,0,1,1,0,0,0,0,0,"13,39541","52,56568"
9851,199154,Berlin,10,2019,9,14,3,3,5,2,0,1,1,0,0,0,0,0,"13,56371","52,54179"
9852,199155,Berlin,8,2019,9,11,3,3,5,7,0,0,1,0,0,0,0,0,"13,42484","52,48252"
9853,199156,Berlin,4,2019,9,13,3,3,0,5,0,0,1,0,1,0,0,0,"13,30653","52,47706"
9854,199157,Berlin,8,2019,9,11,3,3,5,2,0,0,1,0,0,0,1,0,"13,43413","52,4428"
9855,199158,Berlin,4,2019,9,12,3,3,6,7,0,0,1,1,0,0,0,0,"13,33837","52,50339"
9856,199159,Berlin,2,2019,9,10,3,3,5,2,0,1,1,0,0,0,0,0,"13,38974","52,49591"
9857,199160,Berlin,3,2019,9,10,3,3,0,2,0,0,0,0,1,1,0,0,"13,46975","52,564"
9858,199161,Berlin,8,2019,9,10,3,2,5,7,0,0,1,0,1,0,0,0,"13,47615","52,41846"
9859,199162,Berlin,1,2019,9,10,3,3,5,2,0,0,1,0,0,0,1,0,"13,41176","52,52397"
9860,199163,Berlin,3,2019,9,10,3,3,6,2,0,0,1,1,0,0,0,1,"13,42354","52,55505"
9861,199164,Berlin,1,2019,9,10,3,3,5,2,0,1,1,0,0,0,0,0,"13,34945","52,54232"
9862,199165,Berlin,4,2019,9,10,3,2,5,2,0,0,1,0,1,0,0,1,"13,30302","52,50554"
9863,199166,Berlin,9,2019,9,9,3,3,6,2,0,0,1,1,0,0,0,0,"13,53891","52,43443"
9864,199167,Berlin,4,2019,9,10,3,3,0,1,0,1,0,0,0,0,0,1,"13,29662","52,5168"
9865,199168,Berlin,3,2019,9,22,3,3,0,1,2,1,0,0,0,0,0,0,"13,40776","52,55102"
9866,199169,Berlin,11,2019,9,9,3,3,1,5,0,1,0,0,0,1,0,0,"13,47678","52,50077"
9867,199170,Berlin,1,2019,9,10,3,3,0,7,0,1,0,0,0,0,0,1,"13,34684","52,54795"
9868,199171,Berlin,11,2019,9,8,3,3,0,6,0,1,1,0,0,0,0,0,"13,48824","52,5184"
9869,199172,Berlin,7,2019,9,8,3,3,5,2,0,1,1,0,0,0,0,0,"13,40031","52,48371"
9870,199173,Berlin,5,2019,9,8,3,3,2,6,0,0,1,0,0,0,1,0,"13,21856","52,56027"
9871,199174,Berlin,8,2019,9,9,3,3,6,7,0,0,1,1,0,0,0,0,"13,43576","52,42346"
9872,199175,Berlin,4,2019,9,8,3,3,5,3,0,0,1,0,0,0,0,0,"13,3355","52,4993"
9873,199176,Berlin,2,2019,9,9,3,3,5,2,0,1,0,0,0,0,1,1,"13,38238","52,48985"
9874,199177,Berlin,11,2019,9,7,3,3,6,4,0,0,0,1,1,0,0,0,"13,4794","52,52378"
9875,199178,Berlin,2,2019,9,21,3,2,3,7,2,1,1,0,0,0,0,0,"13,3893","52,48975"
9876,199179,Berlin,3,2019,9,7,3,3,5,2,0,1,1,0,0,0,0,0,"13,48315","52,55487"
9877,199180,Berlin,1,2019,9,7,3,3,2,6,0,0,1,0,0,0,0,1,"13,35003","52,50339"
9878,199181,Berlin,6,2019,9,7,3,2,6,4,0,0,1,1,0,0,0,0,"13,36051","52,44662"
9879,199182,Berlin,2,2019,9,7,3,3,5,2,0,1,1,0,0,0,0,1,"13,4663","52,50049"
9880,199183,Berlin,1,2019,9,6,3,3,5,3,0,1,1,0,0,0,0,0,"13,38548","52,51859"
9881,199184,Berlin,1,2019,9,23,3,3,5,3,2,1,0,0,1,0,0,0,"13,40518","52,52866"
9882,199185,Berlin,8,2019,9,16,3,3,5,3,0,1,1,0,0,0,0,0,"13,47886","52,41405"
9883,199186,Berlin,10,2019,9,18,3,3,5,3,0,1,1,0,0,0,0,0,"13,57918","52,55073"
9884,199187,Berlin,4,2019,9,17,3,3,0,4,0,1,0,1,0,0,0,0,"13,30196","52,51881"
9885,199188,Berlin,10,2019,9,8,3,3,0,3,0,0,1,0,0,0,1,0,"13,56306","52,51431"
9886,199189,Berlin,8,2019,9,14,3,3,2,6,0,0,1,0,0,0,1,0,"13,42736","52,47485"
9887,199190,Berlin,4,2019,9,17,3,2,5,2,0,0,1,0,1,0,0,0,"13,32294","52,48998"
9888,199191,Berlin,6,2019,9,16,3,3,5,3,0,0,1,0,0,0,1,0,"13,3212","52,42963"
9889,199192,Berlin,12,2019,9,19,3,1,5,3,2,0,1,0,1,0,0,0,"13,33323","52,57885"
9890,199193,Berlin,5,2019,9,11,3,3,2,6,0,0,1,0,0,0,1,0,"13,18445","52,54608"
9891,199194,Berlin,2,2019,9,14,2,3,1,5,0,1,1,0,0,0,0,0,"13,44631","52,49875"
9892,199195,Berlin,3,2019,9,1,3,3,5,3,2,0,1,0,0,0,0,1,"13,43043","52,55125"
9893,199196,Berlin,8,2019,9,14,2,3,2,2,0,0,1,0,1,0,0,0,"13,43746","52,47897"
9894,199197,Berlin,2,2019,9,14,3,3,1,5,0,0,1,0,0,0,1,0,"13,43343","52,50891"
9895,199198,Berlin,10,2019,9,10,2,3,5,3,0,1,0,0,0,0,1,0,"13,58694","52,51231"
9896,199199,Berlin,11,2019,9,6,2,2,6,7,1,1,0,1,0,0,0,0,"13,46988","52,54772"
9897,199200,Berlin,11,2019,9,8,2,3,2,2,0,1,1,0,0,0,0,0,"13,52439","52,47859"
9898,199201,Berlin,11,2019,9,22,2,3,1,1,2,0,1,0,0,0,0,1,"13,5202","52,55532"
9899,199202,Berlin,7,2019,9,16,2,3,5,3,0,1,0,0,0,0,0,0,"13,3353","52,47376"
9900,199203,Berlin,7,2019,9,12,2,2,5,3,0,1,1,0,0,0,0,1,"13,36139","52,47941"
9901,199204,Berlin,11,2019,9,5,2,3,6,7,2,0,1,0,0,0,1,1,"13,52535","52,48151"
9902,199205,Berlin,12,2019,9,21,2,2,5,3,2,0,1,0,1,0,0,0,"13,30582","52,62042"
9903,199206,Berlin,12,2019,9,20,2,3,5,3,2,0,1,0,0,0,0,1,"13,36265","52,60062"
9904,199207,Berlin,1,2019,9,18,2,3,6,7,0,0,1,1,0,0,0,0,"13,41526","52,52684"
9905,199208,Berlin,12,2019,9,19,2,3,5,3,2,0,1,0,0,0,0,1,"13,37741","52,57132"
9906,199209,Berlin,1,2019,9,18,2,3,3,6,0,1,1,0,0,0,0,0,"13,39139","52,51312"
9907,199210,Berlin,5,2019,9,5,2,3,6,2,2,0,1,1,0,0,0,1,"13,18179","52,53408"
9908,199211,Berlin,12,2019,9,18,2,2,6,4,0,0,1,1,0,0,0,0,"13,31893","52,58757"
9909,199212,Berlin,1,2019,9,19,2,3,2,6,1,0,1,0,0,0,0,1,"13,32887","52,52398"
9910,199213,Berlin,1,2019,9,18,2,3,2,6,0,0,1,0,0,0,0,1,"13,36819","52,5257"
9911,199214,Berlin,1,2019,9,17,2,3,5,3,0,1,1,0,0,0,0,0,"13,41964","52,50609"
9912,199215,Berlin,4,2019,9,17,2,3,5,2,0,1,1,0,0,0,0,0,"13,31937","52,49222"
9913,199216,Berlin,6,2019,9,13,2,3,2,6,0,0,1,0,1,0,0,1,"13,29497","52,44455"
9914,199217,Berlin,12,2019,9,16,2,3,6,4,0,0,1,1,0,0,0,1,"13,29481","52,57649"
9915,199218,Berlin,7,2019,9,17,2,3,5,3,0,0,1,0,0,0,0,0,"13,37226","52,46971"
9916,199219,Berlin,8,2019,9,12,2,3,2,6,0,0,1,0,0,0,1,1,"13,42996","52,44286"
9917,199220,Berlin,4,2019,9,17,2,3,5,2,0,1,1,0,0,0,0,0,"13,27667","52,51258"
9918,199221,Berlin,12,2019,9,16,2,3,5,3,0,0,1,0,0,0,0,1,"13,32221","52,57391"
9919,199222,Berlin,6,2019,9,16,2,3,5,2,0,0,1,0,0,0,0,1,"13,27972","52,43246"
9920,199223,Berlin,5,2019,9,17,2,3,5,3,0,1,1,0,0,0,0,0,"13,2093","52,54734"
9921,199224,Berlin,6,2019,9,10,2,3,2,7,0,0,1,0,0,0,0,1,"13,29473","52,458"
9922,199225,Berlin,4,2019,9,10,2,3,1,5,0,1,0,0,0,1,0,1,"13,25757","52,51847"
9923,199226,Berlin,4,2019,9,15,2,3,2,6,0,0,1,0,0,0,0,0,"13,32961","52,50994"
9924,199227,Berlin,1,2019,9,16,2,3,5,3,0,0,1,0,0,0,0,1,"13,37282","52,54978"
9925,199228,Berlin,5,2019,9,16,2,2,6,2,0,0,1,1,0,0,0,1,"13,17158","52,51104"
9926,199229,Berlin,7,2019,9,23,2,3,5,2,2,0,1,0,0,0,1,0,"13,39632","52,42332"
9927,199230,Berlin,4,2019,9,16,2,3,6,4,0,0,1,1,0,0,0,1,"13,32129","52,4958"
9928,199231,Berlin,7,2019,9,16,2,3,5,2,0,0,1,0,0,0,0,0,"13,39544","52,42439"
9929,199232,Berlin,5,2019,9,15,2,3,5,2,0,1,1,0,0,0,0,1,"13,19707","52,53134"
9930,199233,Berlin,2,2019,9,15,2,3,2,6,0,0,1,0,0,0,0,0,"13,41053","52,4886"
9931,199234,Berlin,9,2019,9,9,2,3,8,1,0,0,1,0,0,0,0,1,"13,59182","52,45519"
9932,199235,Berlin,5,2019,9,15,2,3,4,1,0,0,1,0,0,0,0,0,"13,16059","52,5952"
9933,199236,Berlin,8,2019,9,15,2,3,5,3,0,1,1,0,0,0,0,1,"13,43791","52,48289"
9934,199237,Berlin,4,2019,9,9,2,3,5,2,0,0,1,0,0,0,1,1,"13,30384","52,49935"
9935,199238,Berlin,8,2019,9,8,2,3,2,6,0,0,1,0,0,0,0,0,"13,46068","52,47169"
9936,199239,Berlin,5,2019,9,12,2,2,5,2,0,0,1,0,1,0,0,0,"13,18472","52,54759"
9937,199240,Berlin,5,2019,9,14,2,3,2,6,0,0,1,0,0,0,0,1,"13,23972","52,52632"
9938,199241,Berlin,8,2019,9,9,2,3,0,6,0,0,1,0,1,0,0,1,"13,4361","52,44009"
9939,199242,Berlin,8,2019,9,12,2,2,5,3,0,1,1,0,0,0,0,0,"13,45399","52,4692"
9940,199243,Berlin,4,2019,9,14,2,3,6,4,0,1,0,1,0,0,0,1,"13,30249","52,51549"
9941,199244,Berlin,3,2019,9,15,2,3,2,6,0,0,1,0,0,0,0,0,"13,3846","52,59119"
9942,199245,Berlin,2,2019,9,14,2,3,5,3,0,1,1,0,0,0,0,1,"13,43607","52,49805"
9943,199246,Berlin,6,2019,9,12,2,2,5,2,0,0,1,0,1,0,0,0,"13,25111","52,44998"
9944,199247,Berlin,2,2019,9,9,2,3,6,2,0,0,1,1,0,0,0,1,"13,39699","52,48883"
9945,199248,Berlin,3,2019,9,7,2,3,2,7,0,0,1,0,1,0,0,0,"13,49607","52,61451"
9946,199249,Berlin,2,2019,9,14,2,3,2,6,1,0,1,0,0,1,0,1,"13,46175","52,51837"
9947,199250,Berlin,1,2019,9,8,2,3,0,3,0,1,0,0,1,0,0,0,"13,41831","52,51686"
9948,199251,Berlin,5,2019,9,16,6,3,5,2,0,0,1,0,0,0,0,0,"13,19556","52,52917"
9949,199252,Berlin,12,2019,9,16,6,3,2,6,0,0,1,0,0,0,0,0,"13,32143","52,60736"
9950,199253,Berlin,8,2019,9,16,6,3,1,1,0,0,1,0,1,0,0,0,"13,50778","52,42623"
9951,199254,Berlin,1,2019,9,16,6,3,3,6,0,0,1,0,1,0,0,0,"13,38605","52,54972"
9952,199255,Berlin,1,2019,9,16,6,3,5,2,0,1,1,0,0,0,0,0,"13,41955","52,52518"
9953,199256,Berlin,8,2019,9,15,6,2,5,2,0,1,1,0,0,0,0,0,"13,46832","52,4277"
9954,199257,Berlin,9,2019,9,15,6,3,0,1,0,1,0,0,0,0,0,0,"13,52121","52,44165"
9955,199258,Berlin,4,2019,9,14,6,3,2,6,0,0,1,0,0,0,0,0,"13,29695","52,48605"
9956,199259,Berlin,5,2019,9,14,6,3,5,3,0,0,1,0,0,0,1,0,"13,23199","52,53833"
9957,199260,Berlin,2,2019,9,14,6,3,0,5,0,0,1,0,1,0,0,0,"13,39993","52,50663"
9958,199261,Berlin,9,2019,9,14,6,3,5,2,0,1,1,0,0,0,0,0,"13,53636","52,43286"
9959,199262,Berlin,11,2019,9,14,6,3,6,7,0,0,1,1,0,0,0,0,"13,46487","52,52473"
9960,199263,Berlin,4,2019,9,14,6,2,3,6,0,0,1,0,0,0,1,0,"13,31891","52,51364"
9961,199264,Berlin,1,2019,9,13,6,3,2,6,0,1,1,0,0,0,0,0,"13,40537","52,51964"
9962,199265,Berlin,4,2019,9,13,6,3,5,7,0,0,1,0,0,0,0,0,"13,3109","52,49543"
9963,199266,Berlin,1,2019,9,21,6,3,0,1,2,0,0,0,1,0,0,0,"13,34058","52,52644"
9964,199267,Berlin,3,2019,9,21,6,3,0,1,2,0,0,0,0,0,1,0,"13,41131","52,5306"
9965,199268,Berlin,9,2019,9,21,6,3,5,3,2,0,1,0,0,0,0,0,"13,47532","52,48006"
9966,199269,Berlin,1,2019,9,13,6,3,2,6,0,0,1,0,0,0,0,0,"13,38864","52,56141"
9967,199270,Berlin,5,2019,9,12,6,3,5,3,0,0,1,0,0,0,0,0,"13,18887","52,55901"
9968,199271,Berlin,8,2019,9,12,6,3,5,2,0,0,1,0,1,0,0,0,"13,41685","52,41828"
9969,199272,Berlin,12,2019,9,12,6,2,2,6,0,0,1,0,1,0,0,0,"13,22183","52,61884"
9970,199273,Berlin,3,2019,9,7,6,3,3,6,0,1,1,0,0,0,0,0,"13,48729","52,64046"
9971,199274,Berlin,9,2019,9,12,6,3,2,6,0,0,1,0,0,0,0,0,"13,64167","52,4215"
9972,199275,Berlin,1,2019,9,7,6,3,0,3,0,0,0,0,1,0,0,0,"13,40449","52,52196"
9973,199276,Berlin,10,2019,9,12,6,3,5,3,0,0,1,0,0,0,0,0,"13,56568","52,52915"
9974,199277,Berlin,11,2019,9,6,6,2,4,7,0,0,1,0,0,0,1,0,"13,52528","52,55551"
9975,199278,Berlin,4,2019,9,11,6,3,1,5,0,1,1,0,0,0,0,0,"13,30538","52,50791"
9976,199279,Berlin,10,2019,9,9,6,3,5,3,0,1,1,0,0,0,0,0,"13,60628","52,52469"
9977,199280,Berlin,7,2019,9,9,6,2,5,3,0,1,1,0,0,0,0,0,"13,36346","52,48129"
9978,199281,Berlin,11,2019,9,9,6,3,0,7,0,0,1,0,0,0,0,0,"13,48596","52,5207"
9979,199282,Berlin,8,2019,9,8,6,3,6,4,0,0,1,1,0,0,0,0,"13,43939","52,41753"
9980,199283,Berlin,4,2019,9,8,6,3,5,2,0,0,1,0,0,0,0,0,"13,28512","52,49362"
9981,199284,Berlin,7,2019,9,8,6,3,1,1,0,0,1,0,0,0,0,0,"13,38238","52,43132"
9982,199285,Berlin,10,2019,9,7,6,3,5,3,0,0,1,0,0,0,1,0,"13,61743","52,53126"
9983,199286,Berlin,1,2019,9,14,6,3,0,6,0,0,1,0,0,0,1,0,"13,36709","52,52563"
9984,199287,Berlin,10,2019,9,15,5,2,5,2,0,1,0,0,0,0,0,0,"13,53578","52,5258"
9985,199288,Berlin,4,2019,9,11,5,3,5,7,0,0,1,0,0,0,0,0,"13,27266","52,51947"
9986,199289,Berlin,1,2019,9,21,5,3,0,3,2,0,1,0,1,0,0,0,"13,37672","52,51079"
9987,199290,Berlin,4,2019,9,17,5,3,2,7,0,0,1,0,1,0,0,0,"13,29394","52,4844"
9988,199291,Berlin,2,2019,9,10,5,3,3,6,0,0,1,0,0,1,0,0,"13,41734","52,48784"
9989,199292,Berlin,8,2019,9,20,5,3,6,4,2,0,1,1,0,0,0,0,"13,47281","52,46479"
9990,199293,Berlin,5,2019,9,10,5,3,2,7,0,0,1,0,1,0,0,0,"13,18826","52,53267"
9991,199294,Berlin,2,2019,9,19,5,3,6,4,1,1,0,1,0,0,0,0,"13,41952","52,48756"
9992,199295,Berlin,2,2019,9,16,5,2,5,2,0,0,1,0,1,0,0,0,"13,3943","52,50114"
9993,199296,Berlin,5,2019,9,19,5,3,6,4,1,1,0,1,0,0,0,0,"13,18849","52,53433"
9994,199297,Berlin,1,2019,9,9,5,3,1,5,0,1,1,0,0,0,0,0,"13,3633","52,50748"
9995,199298,Berlin,10,2019,9,16,5,3,6,4,0,0,1,1,0,0,0,0,"13,59236","52,51925"
9996,199299,Berlin,1,2019,9,9,5,3,0,6,0,0,1,0,0,0,1,0,"13,38436","52,55618"
9997,199300,Berlin,1,2019,9,15,5,3,5,3,0,0,1,0,0,0,0,0,"13,33158","52,52233"
9998,199301,Berlin,5,2019,9,15,5,3,2,6,0,0,1,0,0,0,0,0,"13,1952","52,52757"
9999,199302,Berlin,1,2019,9,14,5,3,2,3,0,0,1,0,1,0,0,0,"13,40015","52,53105"
10000,199303,Berlin,11,2019,9,19,5,3,5,3,1,0,1,0,0,0,0,0,"13,54954","52,56873"
10001,199304,Berlin,8,2019,9,8,5,3,0,2,0,1,1,0,0,0,0,0,"13,45294","52,44562"
10002,199305,Berlin,2,2019,9,8,5,3,5,2,0,1,1,0,0,0,0,0,"13,46104","52,5111"
10003,199306,Berlin,8,2019,9,7,5,2,5,2,0,1,1,0,0,0,0,0,"13,43446","52,44647"
10004,199307,Berlin,4,2019,9,14,5,2,6,4,0,0,0,1,0,0,1,0,"13,27995","52,51847"
10005,199308,Berlin,9,2019,9,14,5,2,5,7,0,1,1,0,0,0,0,0,"13,56263","52,45637"
10006,199309,Berlin,7,2019,9,7,5,3,5,3,0,1,1,0,0,0,0,0,"13,34961","52,40689"
10007,199310,Berlin,8,2019,9,17,5,2,5,3,0,0,1,0,0,0,0,0,"13,44754","52,47606"
10008,199311,Berlin,1,2019,9,14,5,3,6,4,0,1,0,1,0,0,0,0,"13,40527","52,52218"
10009,199312,Berlin,1,2019,9,17,5,2,5,2,0,1,1,0,0,0,0,0,"13,35538","52,5193"
10010,199313,Berlin,5,2019,9,14,5,3,1,1,0,1,1,0,0,0,0,0,"13,16268","52,542"
10011,199314,Berlin,11,2019,9,13,5,2,6,4,0,0,1,1,0,0,0,0,"13,49589","52,5003"
10012,199315,Berlin,2,2019,9,2,5,3,1,5,2,0,1,0,0,0,0,0,"13,4225","52,50274"
10013,199316,Berlin,1,2019,9,13,5,3,3,6,0,0,1,0,0,1,0,0,"13,33682","52,54268"
10014,199317,Berlin,8,2019,9,12,5,3,5,2,0,0,1,0,0,0,0,0,"13,4646","52,47015"
10015,199318,Berlin,5,2019,9,11,5,3,1,5,0,0,1,0,0,0,1,0,"13,23898","52,54419"
10016,199319,Berlin,8,2019,9,5,5,3,5,7,1,0,1,0,0,0,0,0,"13,42461","52,48428"
10017,199320,Berlin,1,2019,9,14,5,3,0,6,0,0,0,0,0,0,1,0,"13,3566","52,53555"
10018,199321,Berlin,3,2019,9,13,5,2,5,3,0,0,1,0,0,0,0,0,"13,45941","52,56271"
10019,199322,Berlin,7,2019,9,4,5,3,6,2,2,0,1,1,0,0,0,0,"13,36187","52,498"
10020,199323,Berlin,1,2019,9,13,5,3,2,6,0,0,1,0,0,0,1,0,"13,35195","52,50765"
10021,199324,Berlin,12,2019,9,15,4,2,0,6,0,0,1,0,0,0,1,0,"13,2267","52,58374"
10022,199325,Berlin,4,2019,9,16,4,3,5,3,0,1,1,0,0,0,0,0,"13,30171","52,49892"
10023,199326,Berlin,1,2019,9,9,4,3,5,3,0,1,1,0,0,0,0,0,"13,40018","52,50952"
10024,199327,Berlin,2,2019,9,8,4,3,6,4,0,0,1,1,0,0,0,0,"13,43293","52,49483"
10025,199328,Berlin,8,2019,9,13,4,3,6,2,0,0,1,1,0,0,0,0,"13,49736","52,4162"
10026,199329,Berlin,1,2019,9,13,4,3,5,2,0,1,1,0,0,0,0,0,"13,38715","52,52124"
10027,199330,Berlin,9,2019,9,23,4,3,0,1,2,1,0,0,0,0,0,0,"13,45391","52,49413"
10028,199331,Berlin,11,2019,9,16,4,3,5,3,0,1,1,0,0,0,0,0,"13,51137","52,50437"
10029,199332,Berlin,10,2019,9,8,4,3,5,3,0,0,1,0,0,0,0,0,"13,60531","52,52763"
10030,199333,Berlin,1,2019,9,22,4,2,1,5,2,1,0,0,0,0,1,0,"13,35994","52,53303"
10031,199334,Berlin,1,2019,9,21,4,3,1,1,2,1,1,0,0,0,0,0,"13,38737","52,52562"
10032,199335,Berlin,6,2019,9,19,4,3,1,5,2,1,1,0,0,0,0,0,"13,22283","52,43034"
10033,199336,Berlin,7,2019,9,19,4,3,2,6,1,0,1,0,0,0,0,0,"13,34521","52,48551"
10034,199337,Berlin,5,2019,9,18,4,3,5,7,1,0,1,0,1,0,0,0,"13,19145","52,5363"
10035,199338,Berlin,11,2019,9,18,4,3,0,3,0,1,1,0,0,0,0,0,"13,49323","52,51441"
10036,199339,Berlin,4,2019,9,18,4,3,6,4,0,0,1,1,0,0,0,0,"13,33197","52,50932"
10037,199340,Berlin,3,2019,9,17,4,2,6,7,0,0,1,1,0,0,0,0,"13,43258","52,59576"
10038,199341,Berlin,1,2019,9,17,4,3,6,2,0,0,1,1,0,0,0,0,"13,37704","52,50861"
10039,199342,Berlin,2,2019,9,17,4,3,3,6,0,0,1,0,0,0,0,0,"13,46232","52,50081"
10040,199343,Berlin,6,2019,9,17,4,3,1,7,0,0,1,0,0,0,0,0,"13,2628","52,42401"
10041,199344,Berlin,5,2019,9,16,4,3,2,3,0,1,1,0,0,0,0,0,"13,22731","52,54502"
10042,199345,Berlin,9,2019,9,8,4,3,0,6,0,0,1,0,0,0,0,0,"13,53283","52,44125"
10043,199346,Berlin,5,2019,9,16,4,3,5,3,0,0,1,0,0,0,0,0,"13,20298","52,52369"
10044,199347,Berlin,3,2019,9,15,4,3,2,2,0,1,1,0,0,0,0,0,"13,44459","52,54205"
10045,199348,Berlin,9,2019,9,6,4,3,5,2,1,1,0,0,0,0,1,0,"13,60631","52,45275"
10046,199349,Berlin,9,2019,9,6,4,3,5,2,0,1,1,0,0,0,0,0,"13,4725","52,45436"
10047,199350,Berlin,1,2019,9,15,4,3,6,4,0,0,0,1,0,0,1,0,"13,41018","52,52176"
10048,199351,Berlin,5,2019,9,5,4,2,6,2,2,0,1,1,0,0,0,0,"13,19977","52,53478"
10049,199352,Berlin,12,2019,9,14,4,3,5,2,0,1,1,0,0,0,0,0,"13,35903","52,57427"
10050,199353,Berlin,7,2019,9,14,4,3,5,3,0,1,1,0,0,0,0,0,"13,40393","52,45975"
10051,199354,Berlin,4,2019,9,14,4,3,5,3,0,0,1,0,1,0,0,0,"13,30647","52,51754"
10052,199355,Berlin,12,2019,9,14,4,3,6,4,0,0,1,1,0,0,0,1,"13,34939","52,59209"
10053,199356,Berlin,7,2019,9,13,4,2,6,2,0,0,1,1,0,0,0,0,"13,35426","52,49822"
10054,199357,Berlin,2,2019,9,13,4,3,0,3,0,1,0,0,1,0,0,0,"13,43083","52,50624"
10055,199358,Berlin,11,2019,9,10,4,2,4,2,0,1,0,0,0,0,1,0,"13,53271","52,47944"
10056,199359,Berlin,1,2019,9,7,4,3,6,2,0,0,1,1,0,0,0,0,"13,39113","52,53622"
10057,199360,Berlin,12,2019,9,10,4,3,5,2,0,0,1,0,0,0,1,0,"13,3131","52,57489"
10058,199361,Berlin,8,2019,9,9,4,2,5,3,0,0,1,0,1,0,0,0,"13,45767","52,48533"
10059,199362,Berlin,5,2019,9,9,4,3,5,3,0,1,1,0,0,0,0,0,"13,18655","52,54733"
10060,199363,Berlin,10,2019,9,9,4,3,5,2,0,1,1,0,0,0,0,0,"13,51727","52,53527"
10061,199364,Berlin,2,2019,9,8,4,3,5,2,0,1,1,0,0,0,0,0,"13,42674","52,51577"
10062,199365,Berlin,8,2019,9,7,4,3,5,7,0,1,1,0,0,0,0,0,"13,44464","52,44593"
10063,199366,Berlin,2,2019,9,6,4,3,5,3,0,1,0,0,1,0,0,1,"13,4335","52,5051"
10064,199367,Berlin,5,2019,9,9,4,2,5,3,0,0,1,0,0,0,1,0,"13,1989","52,53315"
10065,199368,Berlin,2,2019,9,16,3,3,1,5,0,1,1,0,0,0,0,0,"13,39424","52,49086"
10066,199369,Berlin,3,2019,9,22,3,3,5,3,2,0,1,0,0,0,0,1,"13,44193","52,55031"
10067,199370,Berlin,1,2019,9,22,3,2,6,4,2,1,0,1,0,0,0,1,"13,344","52,51703"
10068,199371,Berlin,1,2019,9,21,3,3,6,4,2,1,0,1,0,0,0,1,"13,39611","52,53243"
10069,199372,Berlin,10,2019,9,20,3,2,5,3,2,0,1,0,0,0,0,1,"13,57273","52,55003"
10070,199373,Berlin,1,2019,9,19,3,3,5,2,1,0,1,0,0,0,1,1,"13,39115","52,55029"
10071,199374,Berlin,5,2019,9,19,3,3,5,2,2,0,1,0,0,0,0,0,"13,21641","52,52646"
10072,199375,Berlin,3,2019,9,19,3,2,6,4,0,0,1,1,0,0,0,1,"13,45315","52,54224"
10073,199376,Berlin,12,2019,9,18,3,3,2,6,1,0,1,0,0,0,0,1,"13,35438","52,5621"
10074,199377,Berlin,2,2019,9,18,3,3,2,7,1,0,1,0,1,0,0,1,"13,43572","52,52326"
10075,199378,Berlin,8,2019,9,18,3,3,6,4,2,0,0,1,1,0,0,1,"13,43401","52,48998"
10076,199379,Berlin,2,2019,9,17,3,3,0,2,1,1,1,0,0,0,0,1,"13,42998","52,52329"
10077,199380,Berlin,3,2019,9,18,3,3,5,2,0,0,1,0,1,0,0,1,"13,40853","52,5612"
10078,199381,Berlin,8,2019,9,15,3,3,0,2,0,1,1,0,0,0,0,0,"13,45898","52,44041"
10079,199382,Berlin,3,2019,9,16,3,2,2,6,0,0,1,0,0,0,0,1,"13,43011","52,54474"
10080,199383,Berlin,9,2019,9,17,3,3,2,6,0,0,1,0,0,0,0,1,"13,57414","52,45265"
10081,199384,Berlin,10,2019,9,17,3,3,5,3,1,0,1,0,1,0,0,1,"13,56742","52,57333"
10082,199385,Berlin,9,2019,9,17,3,3,2,6,0,0,1,0,0,0,0,1,"13,55833","52,45551"
10083,199386,Berlin,2,2019,9,14,3,3,2,6,0,0,1,0,1,0,0,1,"13,42604","52,49941"
10084,199387,Berlin,5,2019,9,14,3,3,2,6,0,0,1,0,0,0,0,1,"13,21783","52,53748"