,id,city,district,year,month,hour,weekday,injury_level,collision,movement,light_conditions,bicycle,car,pedestrian,motorbike,truck,other_vehicle,road_conditions,longitude,latitude
10085,199388,Berlin,4,2019,9,12,3,3,6,4,0,0,0,1,1,0,0,1,"13,32032","52,52015"
10086,199389,Berlin,11,2019,9,12,3,2,5,2,0,1,1,0,0,0,0,1,"13,51986","52,50591"
10087,199390,Berlin,2,2019,9,11,3,3,3,6,0,0,1,0,0,0,0,0,"13,38756","52,49282"
10088,199391,Berlin,10,2019,9,11,3,3,5,2,0,0,1,0,0,0,0,0,"13,51722","52,53548"
10089,199392,Berlin,3,2019,9,11,3,2,5,2,0,0,1,0,0,0,1,0,"13,46544","52,55189"
10090,199393,Berlin,7,2019,9,10,3,3,5,7,0,0,0,0,1,0,1,0,"13,34133","52,49739"
10091,199394,Berlin,2,2019,9,12,4,3,2,6,0,0,1,0,0,1,0,1,"13,41785","52,49921"
10092,199395,Berlin,3,2019,9,10,3,3,5,3,0,0,1,0,1,0,0,0,"13,43689","52,54493"
10093,199396,Berlin,11,2019,9,5,3,3,7,7,1,1,0,0,0,0,0,0,"13,47716","52,53318"
10094,199397,Berlin,4,2019,9,10,3,3,5,2,0,1,1,0,0,0,0,0,"13,30711","52,49872"
10095,199398,Berlin,4,2019,9,23,3,3,2,1,2,0,1,0,1,0,0,0,"13,32164","52,512"
10096,199399,Berlin,8,2019,9,9,3,3,2,6,0,0,1,0,0,0,0,0,"13,42434","52,48602"
10097,199400,Berlin,3,2019,9,9,3,3,5,2,0,1,1,0,0,0,0,0,"13,42031","52,60624"
10098,199401,Berlin,12,2019,9,23,3,3,5,3,2,1,1,0,0,0,0,0,"13,33187","52,5951"
10099,199402,Berlin,6,2019,9,15,3,3,5,3,0,1,0,0,0,0,0,0,"13,26057","52,4266"
10100,199403,Berlin,2,2019,9,9,3,3,2,2,0,1,1,0,0,0,0,0,"13,3781","52,49179"
10101,199404,Berlin,6,2019,9,8,3,2,1,5,0,1,1,0,0,0,0,0,"13,33288","52,43996"
10102,199405,Berlin,5,2019,9,21,3,3,5,3,2,1,1,0,0,0,0,0,"13,19016","52,52213"
10103,199406,Berlin,5,2019,9,8,3,3,0,2,0,1,0,0,0,0,1,0,"13,14164","52,53255"
10104,199407,Berlin,3,2019,9,8,3,3,6,7,0,1,0,1,0,0,0,0,"13,42311","52,55767"
10105,199408,Berlin,11,2019,9,6,3,3,5,2,0,1,1,0,0,0,0,0,"13,53521","52,56139"
10106,199409,Berlin,1,2019,9,16,3,3,1,1,0,0,1,0,0,0,0,1,"13,33936","52,54022"
10107,199410,Berlin,9,2019,9,16,3,2,5,7,0,0,1,0,0,0,1,0,"13,58419","52,46416"
10108,199411,Berlin,2,2019,9,17,3,2,6,4,0,0,0,1,1,0,0,0,"13,41236","52,50309"
10109,199412,Berlin,6,2019,9,16,3,3,5,3,0,1,0,0,0,0,1,1,"13,32339","52,44988"
10110,199413,Berlin,2,2019,9,16,3,3,5,3,0,0,1,0,0,0,0,0,"13,40641","52,50251"
10111,199414,Berlin,3,2019,9,16,3,3,5,3,0,1,1,0,0,0,0,1,"13,42675","52,56503"
10112,199415,Berlin,2,2019,9,16,3,3,5,3,0,1,1,0,0,0,0,1,"13,40566","52,49935"
10113,199416,Berlin,10,2019,9,16,3,2,2,6,0,0,1,0,0,0,0,0,"13,62184","52,52487"
10114,199417,Berlin,2,2019,9,16,3,3,5,7,0,1,1,0,0,0,0,1,"13,39067","52,49598"
10115,199418,Berlin,11,2019,9,15,3,3,0,3,0,0,1,0,0,0,1,0,"13,47677","52,53696"
10116,199419,Berlin,11,2019,9,6,3,3,6,4,0,0,0,1,1,0,0,0,"13,48216","52,52675"
10117,199420,Berlin,4,2019,9,15,3,2,3,6,0,0,1,0,1,0,0,0,"13,33076","52,50529"
10118,199421,Berlin,11,2019,9,16,3,2,5,3,0,0,1,0,1,0,0,1,"13,51441","52,55667"
10119,199422,Berlin,1,2019,9,16,3,3,5,3,0,0,1,0,0,0,0,1,"13,34605","52,54486"
10120,199423,Berlin,5,2019,9,15,3,3,5,7,0,1,1,0,0,0,0,0,"13,19135","52,52844"
10121,199424,Berlin,12,2019,9,15,3,3,6,4,0,0,1,1,0,0,0,0,"13,36344","52,5715"
10122,199425,Berlin,2,2019,9,15,3,3,2,7,0,0,1,0,0,0,0,1,"13,43682","52,52085"
10123,199426,Berlin,2,2019,9,15,3,3,5,3,0,1,1,0,0,0,0,1,"13,4146","52,50022"
10124,199427,Berlin,8,2019,9,14,3,3,5,3,0,1,1,0,0,0,0,0,"13,48812","52,41869"
10125,199428,Berlin,11,2019,9,15,3,2,0,3,0,1,1,0,0,0,0,1,"13,49485","52,54533"
10126,199429,Berlin,1,2019,9,13,3,3,5,2,0,0,1,0,0,0,0,0,"13,35737","52,53594"
10127,199430,Berlin,11,2019,9,15,3,3,0,1,0,0,0,0,1,0,0,1,"13,48003","52,51736"
10128,199431,Berlin,1,2019,9,13,3,3,5,2,0,0,1,0,0,0,0,0,"13,34982","52,50322"
10129,199432,Berlin,11,2019,9,14,3,2,2,6,0,0,1,0,0,1,1,1,"13,50363","52,53445"
10130,199433,Berlin,1,2019,9,10,3,3,5,2,0,0,1,0,1,0,0,0,"13,38866","52,56143"
10131,199434,Berlin,2,2019,9,14,3,3,2,6,0,0,1,0,1,0,0,1,"13,4152","52,49858"
10132,199435,Berlin,1,2019,9,13,3,3,0,1,0,0,0,0,1,0,0,1,"13,37927","52,52947"
10133,199436,Berlin,3,2019,9,10,3,3,2,5,0,0,1,0,0,0,0,0,"13,42067","52,52869"
10134,199437,Berlin,1,2019,9,8,3,3,5,2,0,1,1,0,0,0,0,0,"13,40568","52,51411"
10135,199438,Berlin,7,2019,9,17,3,3,5,3,0,1,1,0,0,0,0,0,"13,35706","52,49892"
10136,199439,Berlin,1,2019,9,8,3,3,5,2,0,1,1,0,0,0,0,0,"13,37727","52,55363"
10137,199440,Berlin,7,2019,9,17,2,3,0,7,0,0,0,0,1,0,1,1,"13,36807","52,45976"
10138,199441,Berlin,2,2019,9,8,3,3,0,2,0,1,0,0,1,0,0,0,"13,43031","52,49558"
10139,199442,Berlin,8,2019,9,13,2,3,2,7,0,0,1,0,0,0,1,0,"13,45495","52,47626"
10140,199443,Berlin,3,2019,9,8,3,3,2,6,0,1,1,0,0,0,0,0,"13,4503","52,55168"
10141,199444,Berlin,1,2019,9,7,2,3,5,2,0,0,1,0,0,1,0,0,"13,34947","52,5423"
10142,199445,Berlin,2,2019,9,7,3,3,2,6,1,0,1,0,0,1,0,0,"13,39818","52,50694"
10143,199446,Berlin,4,2019,9,12,2,3,6,4,0,0,1,1,0,0,0,0,"13,30209","52,50981"
10144,199447,Berlin,6,2019,9,22,2,3,1,5,2,0,1,0,0,0,0,0,"13,34972","52,45019"
10145,199448,Berlin,1,2019,9,7,3,3,3,6,0,1,1,0,0,0,0,0,"13,40743","52,52384"
10146,199449,Berlin,1,2019,9,18,2,3,5,2,0,0,1,0,1,0,0,0,"13,33083","52,53352"
10147,199450,Berlin,12,2019,9,7,3,3,2,7,0,0,1,0,0,0,0,0,"13,2909","52,62642"
10148,199451,Berlin,12,2019,9,18,2,3,2,6,0,0,1,0,0,0,0,0,"13,35827","52,61234"
10149,199452,Berlin,1,2019,9,17,2,3,5,2,0,1,1,0,0,0,0,0,"13,32469","52,53226"
10150,199453,Berlin,4,2019,9,7,3,3,2,2,1,0,1,0,0,0,0,0,"13,28196","52,50987"
10151,199454,Berlin,3,2019,9,17,2,3,4,6,0,1,1,0,0,0,0,0,"13,40043","52,5714"
10152,199455,Berlin,4,2019,9,5,3,3,6,4,2,0,0,1,1,0,0,0,"13,30635","52,52963"
10153,199456,Berlin,4,2019,9,17,2,3,3,6,0,0,1,0,0,0,0,0,"13,29649","52,54838"
10154,199457,Berlin,10,2019,9,0,3,3,9,1,2,0,1,0,0,0,0,0,"13,58653","52,54574"
10155,199458,Berlin,7,2019,9,17,2,3,0,7,0,0,0,0,1,0,0,1,"13,36785","52,45964"
10156,199459,Berlin,2,2019,9,22,3,2,5,3,2,1,1,1,0,0,0,0,"13,39597","52,49838"
10157,199460,Berlin,7,2019,9,17,2,3,0,7,0,0,0,0,1,0,1,1,"13,36662","52,45971"
10158,199461,Berlin,8,2019,9,16,2,2,5,2,0,1,0,0,0,0,1,0,"13,48216","52,42549"
10159,199462,Berlin,8,2019,9,9,2,3,0,3,0,1,0,0,0,1,0,0,"13,44468","52,46801"
10160,199463,Berlin,9,2019,9,14,2,3,5,2,0,1,1,0,0,0,0,0,"13,52679","52,42646"
10161,199464,Berlin,7,2019,9,16,2,2,5,3,0,0,1,0,0,0,0,0,"13,4106","52,40668"
10162,199465,Berlin,3,2019,9,20,2,3,0,6,2,1,1,0,0,0,0,0,"13,41906","52,56226"
10163,199466,Berlin,8,2019,9,16,2,3,6,7,0,0,0,1,0,0,1,0,"13,44123","52,46972"
10164,199467,Berlin,4,2019,9,16,2,3,5,3,0,1,1,0,0,0,0,0,"13,29587","52,48125"
10165,199468,Berlin,9,2019,9,16,2,3,1,7,0,0,1,0,0,0,0,0,"13,47596","52,47341"
10166,199469,Berlin,11,2019,9,14,2,3,2,6,0,0,1,0,0,0,0,0,"13,52076","52,56833"
10167,199470,Berlin,2,2019,9,15,2,3,1,5,0,1,1,0,0,0,0,0,"13,45369","52,51039"
10168,199471,Berlin,12,2019,9,15,2,3,2,6,0,0,1,0,0,0,0,0,"13,24938","52,55272"
10169,199472,Berlin,1,2019,9,9,2,3,2,2,0,0,1,0,0,1,0,0,"13,34902","52,51474"
10170,199473,Berlin,1,2019,9,14,2,2,5,2,0,0,1,0,0,0,0,0,"13,36549","52,55712"
10171,199474,Berlin,9,2019,9,8,2,3,5,3,0,1,1,0,0,0,0,0,"13,57017","52,4012"
10172,199475,Berlin,8,2019,9,14,2,3,6,7,0,1,0,1,0,0,0,0,"13,42427","52,48521"
10173,199476,Berlin,5,2019,9,8,2,3,2,6,0,0,1,0,0,0,0,0,"13,24728","52,53808"
10174,199477,Berlin,12,2019,9,11,2,2,5,3,0,0,0,0,1,0,1,0,"13,328","52,564"
10175,199478,Berlin,10,2019,9,8,2,3,5,2,0,1,1,0,0,0,0,0,"13,52929","52,52561"
10176,199479,Berlin,6,2019,9,14,2,3,2,7,0,0,1,0,1,0,0,0,"13,34839","52,42323"
10177,199480,Berlin,11,2019,9,10,2,3,6,4,0,0,1,1,0,0,0,0,"13,50944","52,50213"
10178,199481,Berlin,4,2019,9,8,2,3,5,2,0,1,1,0,0,0,0,0,"13,31881","52,49184"
10179,199482,Berlin,1,2019,9,9,2,3,5,2,0,1,1,0,0,0,0,0,"13,39551","52,51515"
10180,199483,Berlin,7,2019,9,7,2,3,2,2,0,0,1,0,0,1,0,0,"13,38131","52,44094"
10181,199484,Berlin,1,2019,9,10,2,3,6,7,0,0,1,1,0,0,0,0,"13,38982","52,52354"
10182,199485,Berlin,1,2019,9,21,2,2,6,4,2,0,1,1,0,0,0,0,"13,36688","52,55215"
10183,199486,Berlin,5,2019,9,14,2,3,2,6,0,0,1,0,0,0,1,0,"13,19835","52,54307"
10184,199487,Berlin,12,2019,9,19,2,3,3,6,2,0,1,0,1,0,0,0,"13,31296","52,57071"
10185,199488,Berlin,2,2019,9,9,2,3,5,2,0,1,1,0,0,0,0,1,"13,40193","52,49241"
10186,199489,Berlin,6,2019,9,9,2,3,5,3,0,1,1,0,0,0,0,1,"13,25135","52,41555"
10187,199490,Berlin,9,2019,9,20,2,2,2,7,2,0,1,0,0,0,0,0,"13,69935","52,43583"
10188,199491,Berlin,1,2019,9,20,2,3,2,6,2,0,1,0,0,0,0,0,"13,36517","52,55679"
10189,199492,Berlin,4,2019,9,9,2,3,6,2,0,0,1,1,0,0,0,0,"13,3317","52,50545"
10190,199493,Berlin,1,2019,9,9,2,3,3,6,0,1,1,0,0,0,0,0,"13,41663","52,51133"
10191,199494,Berlin,9,2019,9,16,2,3,2,6,0,0,1,0,0,0,0,0,"13,58202","52,44229"
10192,199495,Berlin,4,2019,9,8,2,3,2,6,0,1,1,0,0,0,0,1,"13,34077","52,5044"
10193,199496,Berlin,7,2019,9,9,2,2,5,3,0,1,0,0,0,0,0,0,"13,38688","52,46707"
10194,199497,Berlin,1,2019,9,8,2,3,5,2,0,1,1,0,0,0,0,0,"13,37863","52,52825"
10195,199498,Berlin,3,2019,9,8,2,3,0,2,0,1,1,0,0,0,0,0,"13,42811","52,55216"
10196,199499,Berlin,3,2019,9,15,2,3,5,3,0,0,1,0,0,0,0,0,"13,43517","52,62904"
10197,199500,Berlin,6,2019,9,7,2,2,5,3,0,1,1,0,0,0,0,0,"13,33138","52,4266"
10198,199501,Berlin,12,2019,9,13,2,3,0,7,0,0,1,0,0,0,0,0,"13,23223","52,61378"
10199,199502,Berlin,7,2019,9,14,2,3,5,3,0,1,1,0,0,0,0,0,"13,34377","52,48555"
10200,199503,Berlin,4,2019,9,11,2,3,5,7,0,0,1,0,0,0,1,0,"13,31504","52,50097"
10201,199504,Berlin,1,2019,9,19,2,3,0,4,2,1,0,1,0,0,0,0,"13,40269","52,528"
10202,199505,Berlin,8,2019,9,11,2,3,5,3,0,0,1,0,0,0,0,0,"13,42499","52,48191"
10203,199506,Berlin,8,2019,9,7,2,3,2,7,0,0,1,0,0,0,0,0,"13,42513","52,47309"
10204,199507,Berlin,4,2019,9,13,2,3,6,4,0,0,1,1,0,0,0,0,"13,29637","52,53955"
10205,199508,Berlin,1,2019,9,15,1,3,1,5,0,1,1,0,0,0,0,0,"13,38593","52,5559"
10206,199509,Berlin,5,2019,9,17,2,3,0,3,0,1,1,0,0,0,0,0,"13,13845","52,52845"
10207,199510,Berlin,11,2019,9,8,1,3,6,4,0,0,1,1,0,0,0,0,"13,4809","52,49906"
10208,199511,Berlin,1,2019,9,13,2,3,0,1,0,1,0,0,0,0,0,0,"13,3917","52,52528"
10209,199512,Berlin,4,2019,9,16,1,3,5,2,0,1,1,0,0,0,0,0,"13,33245","52,50606"
10210,199513,Berlin,4,2019,9,18,1,3,0,7,0,0,0,0,1,0,0,1,"13,29921","52,50684"
10211,199514,Berlin,8,2019,9,9,2,3,5,2,0,1,1,0,0,0,0,0,"13,43536","52,4861"
10212,199515,Berlin,3,2019,9,18,2,3,4,1,1,1,0,0,0,0,1,0,"13,44917","52,54906"
10213,199516,Berlin,8,2019,9,16,1,3,0,7,0,0,0,1,0,0,1,0,"13,43075","52,46783"
10214,199517,Berlin,1,2019,9,16,1,3,0,1,0,0,0,0,0,0,1,0,"13,35067","52,51193"
10215,199518,Berlin,1,2019,9,12,2,3,5,3,0,0,1,0,0,0,0,0,"13,37561","52,54021"
10216,199519,Berlin,9,2019,9,16,1,3,2,6,0,1,1,0,0,0,0,0,"13,45266","52,48987"
10217,199520,Berlin,9,2019,9,12,2,3,5,3,0,1,1,0,0,0,0,0,"13,65687","52,41519"
10218,199521,Berlin,4,2019,9,15,1,3,1,5,0,1,1,0,0,0,0,0,"13,31454","52,48121"
10219,199522,Berlin,4,2019,9,14,1,3,2,3,0,1,1,0,0,0,0,0,"13,30139","52,51925"
10220,199523,Berlin,3,2019,9,18,2,3,2,6,2,0,1,0,0,0,0,0,"13,41706","52,52834"
10221,199524,Berlin,4,2019,9,13,1,3,5,2,0,0,0,0,1,0,0,0,"13,29476","52,53963"
10222,199525,Berlin,4,2019,9,20,1,3,3,2,2,0,1,0,0,0,0,0,"13,29307","52,53449"
10223,199526,Berlin,4,2019,9,17,2,3,5,2,0,0,1,0,0,0,0,0,"13,30794","52,48853"
10224,199527,Berlin,1,2019,9,18,1,2,5,3,0,1,1,0,0,0,0,0,"13,35636","52,55539"
10225,199528,Berlin,1,2019,9,17,2,3,6,7,0,0,1,1,0,0,0,0,"13,34472","52,51689"
10226,199529,Berlin,9,2019,9,18,1,3,5,2,0,0,1,0,0,0,0,0,"13,53638","52,43287"
10227,199530,Berlin,7,2019,9,17,1,3,5,2,0,1,1,0,0,0,0,0,"13,38543","52,4661"
10228,199531,Berlin,9,2019,9,14,2,3,1,1,0,1,1,0,0,0,0,0,"13,57496","52,44633"
10229,199532,Berlin,1,2019,9,17,2,3,1,5,0,1,1,0,0,0,0,0,"13,39293","52,54235"
10230,199533,Berlin,1,2019,9,7,1,3,0,1,0,0,0,0,1,0,0,0,"13,37187","52,51957"
10231,199534,Berlin,2,2019,9,0,1,3,0,7,2,1,0,0,0,0,0,0,"13,44488","52,50116"
10232,199535,Berlin,4,2019,9,17,2,3,6,7,0,0,0,1,0,0,1,0,"13,32735","52,50303"
10233,199536,Berlin,9,2019,9,6,1,3,5,3,0,1,1,0,0,0,0,0,"13,45428","52,49596"
10234,199537,Berlin,8,2019,9,11,2,3,2,2,0,0,1,0,0,0,0,0,"13,44835","52,46453"
10235,199538,Berlin,8,2019,9,10,2,3,1,5,0,0,1,0,0,0,1,0,"13,43667","52,47065"
10236,199539,Berlin,4,2019,9,6,1,3,2,6,1,0,1,0,1,0,0,0,"13,32608","52,53857"
10237,199540,Berlin,4,2019,9,4,1,3,5,2,2,0,1,0,0,0,0,0,"13,33238","52,50627"
10238,199541,Berlin,5,2019,9,10,2,2,1,5,0,0,1,0,0,0,0,0,"13,21283","52,53015"
10239,199542,Berlin,5,2019,9,1,1,3,1,1,2,0,1,0,0,0,0,0,"13,24575","52,52767"
10240,199543,Berlin,7,2019,9,10,2,3,5,3,0,0,1,0,0,0,0,0,"13,40615","52,38204"
10241,199544,Berlin,9,2019,9,4,7,3,5,3,2,0,1,0,0,0,0,0,"13,5312","52,41561"
10242,199545,Berlin,8,2019,9,17,2,3,5,7,0,1,1,0,0,0,0,0,"13,43585","52,42444"
10243,199546,Berlin,7,2019,9,14,7,3,2,6,0,0,1,0,0,0,0,0,"13,40067","52,44533"
10244,199547,Berlin,3,2019,9,16,2,3,5,2,0,1,1,0,0,0,0,0,"13,42075","52,554"
10245,199548,Berlin,12,2019,9,14,7,3,6,4,0,0,1,1,0,0,0,0,"13,33105","52,57248"
10246,199549,Berlin,1,2019,9,10,2,3,5,3,0,0,1,0,0,0,0,0,"13,34092","52,55318"
10247,199550,Berlin,12,2019,9,14,7,2,0,1,0,1,0,0,0,0,0,0,"13,3181","52,61132"
10248,199551,Berlin,9,2019,9,10,2,3,2,7,0,0,1,0,1,0,0,0,"13,57374","52,46823"
10249,199552,Berlin,7,2019,9,14,7,2,5,2,0,1,1,0,0,0,0,0,"13,36094","52,49426"
10250,199553,Berlin,4,2019,9,13,2,3,0,2,0,0,0,0,0,0,1,0,"13,32814","52,50808"
10251,199554,Berlin,3,2019,9,13,7,3,5,3,0,0,1,0,0,0,0,0,"13,44116","52,54947"
10252,199555,Berlin,9,2019,9,13,7,3,5,3,0,1,1,0,0,0,0,0,"13,56917","52,44269"
10253,199556,Berlin,1,2019,9,20,1,3,5,3,2,1,1,0,0,0,0,0,"13,33669","52,5421"
10254,199557,Berlin,9,2019,9,21,7,3,3,6,2,0,1,0,1,0,0,0,"13,59942","52,45224"
10255,199558,Berlin,11,2019,9,23,1,3,5,3,2,0,1,0,0,0,0,0,"13,51158","52,50554"
10256,199559,Berlin,4,2019,9,21,7,3,0,1,2,0,0,0,0,0,1,0,"13,32929","52,48155"
10257,199560,Berlin,6,2019,9,23,7,3,6,4,2,0,1,1,0,0,0,0,"13,36085","52,44682"
10258,199561,Berlin,2,2019,9,20,1,3,5,2,2,1,1,0,0,0,0,0,"13,38612","52,48736"
10259,199562,Berlin,1,2019,9,22,7,2,6,4,1,0,1,1,0,0,0,0,"13,37931","52,55299"
10260,199563,Berlin,3,2019,9,21,1,2,5,2,2,1,1,0,0,0,0,0,"13,42762","52,54582"
10261,199564,Berlin,4,2019,9,21,7,3,5,2,2,0,1,0,0,0,0,0,"13,26856","52,50914"
10262,199565,Berlin,1,2019,9,21,1,3,3,6,2,0,1,0,0,0,0,0,"13,38515","52,55043"
10263,199566,Berlin,11,2019,9,21,7,3,6,4,2,0,1,1,0,0,0,0,"13,51921","52,51366"
10264,199567,Berlin,9,2019,9,20,1,3,0,7,2,0,0,0,1,0,0,1,"13,55833","52,45549"
10265,199568,Berlin,1,2019,9,13,7,3,0,7,0,1,0,0,0,0,0,0,"13,40351","52,53231"
10266,199569,Berlin,7,2019,9,21,7,3,0,1,2,0,0,0,1,0,0,0,"13,37784","52,45252"
10267,199570,Berlin,7,2019,9,19,1,3,5,3,2,1,1,0,0,0,0,0,"13,35988","52,49613"
10268,199571,Berlin,4,2019,9,19,1,3,5,2,2,0,1,0,0,0,1,0,"13,29641","52,52926"
10269,199572,Berlin,6,2019,9,13,7,3,5,2,0,0,1,0,1,0,0,0,"13,31779","52,46121"
10270,199573,Berlin,12,2019,9,15,1,3,4,6,0,0,1,0,0,0,0,0,"13,37027","52,57013"
10271,199574,Berlin,2,2019,9,20,7,3,1,5,2,1,1,0,0,0,0,0,"13,38309","52,49235"
10272,199575,Berlin,4,2019,9,14,1,2,3,6,0,1,0,0,0,0,1,0,"13,32492","52,50253"
10273,199576,Berlin,6,2019,9,12,7,3,5,5,0,0,1,0,0,0,0,0,"13,34487","52,45023"
10274,199577,Berlin,12,2019,9,11,7,3,5,2,0,0,1,0,0,0,0,0,"13,28684","52,5862"
10275,199578,Berlin,6,2019,9,14,1,3,1,5,0,0,1,0,1,0,0,0,"13,31373","52,43527"
10276,199579,Berlin,2,2019,9,13,1,3,5,7,0,0,1,0,0,0,1,0,"13,38088","52,50556"
10277,199580,Berlin,6,2019,9,19,7,2,0,1,1,0,0,0,1,0,0,0,"13,29708","52,44272"
10278,199581,Berlin,6,2019,9,18,7,2,2,6,0,0,1,0,0,0,0,0,"13,34972","52,43441"
10279,199582,Berlin,10,2019,9,13,1,3,5,7,0,0,1,0,1,0,0,0,"13,5656","52,57045"
10280,199583,Berlin,6,2019,9,10,7,3,0,6,0,0,1,0,1,0,0,0,"13,32892","52,42887"
10281,199584,Berlin,3,2019,9,13,1,2,5,7,0,1,1,0,0,0,0,0,"13,42314","52,54515"
10282,199585,Berlin,9,2019,9,9,7,3,3,6,0,1,0,0,0,0,0,0,"13,49857","52,4589"
10283,199586,Berlin,3,2019,9,9,7,3,2,6,0,0,1,0,0,0,0,0,"13,41477","52,55387"
10284,199587,Berlin,12,2019,9,12,1,3,5,3,0,0,1,0,1,0,0,0,"13,33006","52,56936"
10285,199588,Berlin,9,2019,9,9,7,2,6,4,0,0,1,1,0,0,0,0,"13,57171","52,43778"
10286,199589,Berlin,9,2019,9,12,1,2,5,3,0,0,1,0,1,0,0,0,"13,59254","52,43853"
10287,199590,Berlin,6,2019,9,9,7,3,6,4,0,1,0,1,0,0,0,0,"13,23249","52,43773"
10288,199591,Berlin,6,2019,9,19,1,2,2,2,1,1,1,0,0,0,0,0,"13,2967","52,44295"
10289,199592,Berlin,3,2019,9,8,7,3,6,4,0,1,0,1,0,0,0,0,"13,4646","52,57028"
10290,199593,Berlin,11,2019,9,11,7,3,5,2,0,1,1,0,0,0,0,0,"13,47616","52,53284"
10291,199594,Berlin,1,2019,9,16,7,3,1,6,0,1,1,0,0,0,0,0,"13,38825","52,52045"
10292,199595,Berlin,12,2019,9,16,7,3,0,1,0,0,0,0,1,0,0,0,"13,32235","52,5934"
10293,199596,Berlin,11,2019,9,20,7,3,1,5,2,0,1,0,0,0,1,0,"13,46012","52,5264"
10294,199597,Berlin,1,2019,9,19,7,3,5,3,2,0,1,0,0,0,0,0,"13,37123","52,51108"
10295,199598,Berlin,7,2019,9,15,7,3,3,6,0,1,1,0,0,0,0,0,"13,36507","52,45018"
10296,199599,Berlin,9,2019,9,14,7,3,5,2,0,0,1,0,0,0,1,0,"13,50067","52,43511"
10297,199600,Berlin,3,2019,9,18,7,3,1,5,1,0,1,0,0,0,1,0,"13,42678","52,54757"
10298,199601,Berlin,12,2019,9,2,7,3,1,5,2,0,1,0,0,0,0,0,"13,35352","52,59655"
10299,199602,Berlin,3,2019,9,17,7,3,5,3,0,1,1,0,0,0,0,0,"13,49344","52,61423"
10300,199603,Berlin,7,2019,9,0,7,3,1,3,2,1,1,0,0,0,0,0,"13,3413","52,46471"
10301,199604,Berlin,9,2019,9,16,7,2,5,2,0,0,1,0,0,0,0,0,"13,52662","52,42646"
10302,199605,Berlin,7,2019,9,13,6,3,1,5,0,1,1,0,0,0,0,0,"13,40954","52,38655"
10303,199606,Berlin,10,2019,9,13,7,3,1,5,0,1,1,0,0,0,0,0,"13,60226","52,53851"
10304,199607,Berlin,4,2019,9,10,6,3,0,7,0,1,0,0,0,0,0,0,"13,33203","52,50033"
10305,199608,Berlin,1,2019,9,10,7,3,5,2,0,0,1,0,0,0,0,0,"13,36033","52,53732"
10306,199609,Berlin,12,2019,9,14,6,3,5,7,0,0,1,0,0,0,0,0,"13,32521","52,56476"
10307,199610,Berlin,10,2019,9,7,7,2,6,4,0,0,0,1,0,0,1,0,"13,61227","52,5116"
10308,199611,Berlin,7,2019,9,14,6,3,2,6,0,0,1,0,0,0,0,0,"13,37797","52,46609"
10309,199612,Berlin,5,2019,9,13,6,3,2,6,0,0,1,0,0,0,0,0,"13,19522","52,5276"
10310,199613,Berlin,12,2019,9,15,7,3,1,5,0,1,1,0,0,0,1,0,"13,31374","52,56758"
10311,199614,Berlin,1,2019,9,13,6,3,3,6,0,1,0,0,0,0,0,0,"13,41821","52,51541"
10312,199615,Berlin,12,2019,9,15,7,3,2,7,0,0,1,0,0,0,0,0,"13,31986","52,58755"
10313,199616,Berlin,5,2019,9,13,6,3,5,2,0,1,0,0,0,0,1,1,"13,21405","52,53837"
10314,199617,Berlin,8,2019,9,14,7,3,3,6,0,1,1,0,0,0,0,0,"13,43887","52,48223"
10315,199618,Berlin,7,2019,9,12,6,3,0,7,0,1,1,0,0,0,0,0,"13,32857","52,47363"
10316,199619,Berlin,7,2019,9,3,7,2,9,1,2,0,0,0,1,0,0,0,"13,32856","52,47626"
10317,199620,Berlin,7,2019,9,12,6,3,0,7,0,1,1,0,0,0,0,0,"13,3551","52,487"
10318,199621,Berlin,5,2019,9,11,6,3,2,6,0,0,1,0,0,0,0,0,"13,2255","52,55437"
10319,199622,Berlin,1,2019,9,14,7,3,2,2,0,0,1,0,0,0,0,0,"13,37704","52,51251"
10320,199623,Berlin,3,2019,9,14,7,3,0,1,0,0,0,0,1,0,0,0,"13,4596","52,53065"
10321,199624,Berlin,5,2019,9,11,6,3,0,7,0,0,1,0,0,0,1,0,"13,21882","52,5594"
10322,199625,Berlin,9,2019,9,10,6,3,1,5,0,0,1,0,0,0,0,0,"13,58743","52,45141"
10323,199626,Berlin,9,2019,9,1,7,3,2,2,2,0,1,0,0,0,0,0,"13,62818","52,4467"
10324,199627,Berlin,9,2019,9,10,6,3,5,2,0,1,1,0,0,0,0,0,"13,45423","52,49389"
10325,199628,Berlin,8,2019,9,13,7,3,5,3,0,0,1,0,0,0,0,0,"13,47759","52,43016"
10326,199629,Berlin,4,2019,9,9,6,3,6,7,0,0,1,1,0,0,0,0,"13,31323","52,50192"
10327,199630,Berlin,12,2019,9,21,6,3,4,6,2,1,1,0,0,0,0,0,"13,32418","52,56588"
10328,199631,Berlin,10,2019,9,13,7,3,5,3,0,1,1,0,0,0,0,0,"13,59283","52,54824"
10329,199632,Berlin,4,2019,9,9,6,2,0,1,0,0,0,0,1,0,0,0,"13,28067","52,49905"
10330,199633,Berlin,2,2019,9,7,6,3,5,2,0,0,1,0,0,0,0,0,"13,42984","52,52328"
10331,199634,Berlin,2,2019,9,12,7,3,0,3,0,0,1,0,1,0,0,0,"13,43351","52,5051"
10332,199635,Berlin,8,2019,9,17,6,3,2,2,0,0,1,0,0,0,0,0,"13,44165","52,46968"
10333,199636,Berlin,12,2019,9,3,6,3,0,1,2,0,0,0,1,0,0,0,"13,36454","52,56269"
10334,199637,Berlin,6,2019,9,12,7,3,2,6,0,0,1,0,0,0,0,0,"13,33805","52,4513"
10335,199638,Berlin,8,2019,9,20,6,3,5,3,2,0,1,0,0,0,0,0,"13,48539","52,42419"
10336,199639,Berlin,4,2019,9,11,7,3,0,1,0,0,1,0,1,0,0,0,"13,32417","52,54227"
10337,199640,Berlin,12,2019,9,18,6,3,2,6,0,0,1,0,0,0,0,0,"13,36403","52,60635"
10338,199641,Berlin,6,2019,9,11,7,3,5,3,0,0,1,0,0,0,0,0,"13,25836","52,43569"