,id,city,district,year,month,hour,weekday,injury_level,collision,movement,light_conditions,bicycle,car,pedestrian,motorbike,truck,other_vehicle,road_conditions,longitude,latitude
10339,199642,Berlin,1,2019,9,18,6,3,6,4,0,0,1,1,0,0,0,0,"13,38672","52,52757"
10340,199643,Berlin,10,2019,9,11,7,3,0,1,0,0,0,0,1,0,0,0,"13,55482","52,55774"
10341,199644,Berlin,5,2019,9,17,6,2,5,3,0,0,1,0,1,0,0,0,"13,13696","52,54811"
10342,199645,Berlin,9,2019,9,18,6,3,5,2,0,1,1,0,0,0,0,0,"13,56246","52,45665"
10343,199646,Berlin,5,2019,9,10,7,3,5,2,0,1,1,0,0,0,0,0,"13,18176","52,53408"
10344,199647,Berlin,2,2019,9,10,7,3,5,7,0,1,1,0,0,0,0,0,"13,41052","52,49845"
10345,199648,Berlin,3,2019,9,17,6,3,5,3,0,1,1,0,0,0,0,0,"13,42175","52,56265"
10346,199649,Berlin,8,2019,9,17,6,3,2,6,0,0,1,0,0,0,0,0,"13,42682","52,48104"
10347,199650,Berlin,9,2019,9,10,7,3,5,7,0,0,1,0,0,0,1,0,"13,57331","52,45008"
10348,199651,Berlin,4,2019,9,16,6,3,5,3,0,1,1,0,0,0,0,0,"13,31735","52,5121"
10349,199652,Berlin,1,2019,9,12,7,3,1,5,0,1,1,0,0,0,0,0,"13,37121","52,51778"
10350,199653,Berlin,1,2019,9,16,6,3,4,6,0,1,0,0,0,0,1,0,"13,39104","52,54455"
10351,199654,Berlin,1,2019,9,23,6,3,2,6,2,0,1,0,0,0,0,0,"13,37425","52,55683"
10352,199655,Berlin,1,2019,9,16,6,2,5,3,0,0,1,0,0,0,1,0,"13,34686","52,55329"
10353,199656,Berlin,4,2019,9,18,6,3,1,5,0,1,1,0,0,0,0,0,"13,3296","52,50547"
10354,199657,Berlin,10,2019,9,16,6,3,2,6,0,0,1,0,0,0,1,0,"13,55516","52,53391"
10355,199658,Berlin,7,2019,9,14,2,3,5,3,0,0,1,0,0,0,1,0,"13,38044","52,47247"
10356,199659,Berlin,9,2019,9,16,2,3,2,6,0,0,1,0,0,0,0,1,"13,47425","52,47524"
10357,199660,Berlin,1,2019,9,15,2,3,2,6,0,0,1,0,0,0,0,1,"13,3495","52,54895"
10358,199661,Berlin,12,2019,9,16,2,2,6,4,0,0,1,1,0,0,0,0,"13,28602","52,58716"
10359,199662,Berlin,12,2019,9,16,2,3,0,4,0,0,1,1,0,0,0,0,"13,27788","52,57272"
10360,199663,Berlin,1,2019,9,16,2,2,5,3,0,0,0,0,1,0,1,1,"13,41538","52,52271"
10361,199664,Berlin,2,2019,9,16,2,3,5,3,0,0,1,0,0,0,0,1,"13,44896","52,5243"
10362,199665,Berlin,5,2019,9,16,2,3,1,5,0,1,1,0,0,0,0,1,"13,196","52,52716"
10363,199666,Berlin,9,2019,9,16,2,3,5,3,0,0,1,0,0,0,1,0,"13,53271","52,42877"
10364,199667,Berlin,1,2019,9,6,2,3,5,2,0,1,1,0,0,0,0,0,"13,38417","52,55604"
10365,199668,Berlin,6,2019,9,12,2,3,3,6,0,0,1,0,0,0,1,1,"13,33841","52,4492"
10366,199669,Berlin,6,2019,9,12,2,2,6,2,0,0,1,1,0,0,0,1,"13,36207","52,43461"
10367,199670,Berlin,4,2019,9,12,2,2,2,7,0,0,1,0,0,0,0,1,"13,33332","52,50416"
10368,199671,Berlin,6,2019,9,9,2,3,6,4,0,0,1,1,0,0,0,1,"13,25934","52,43072"
10369,199672,Berlin,5,2019,9,9,2,3,2,2,0,0,1,0,0,0,0,1,"13,20108","52,55543"
10370,199673,Berlin,8,2019,9,11,2,3,5,3,0,0,1,0,1,0,0,1,"13,45168","52,47805"
10371,199674,Berlin,3,2019,9,10,2,3,2,6,0,0,1,0,0,0,0,1,"13,41257","52,54524"
10372,199675,Berlin,4,2019,9,9,2,3,5,2,0,0,1,0,0,0,0,1,"13,31389","52,48099"
10373,199676,Berlin,4,2019,9,8,2,3,5,2,0,1,1,0,0,0,0,1,"13,31477","52,51198"
10374,199677,Berlin,2,2019,9,8,2,3,0,5,0,1,1,0,0,0,0,1,"13,44342","52,50091"
10375,199678,Berlin,4,2019,9,7,2,3,5,2,0,1,1,0,0,0,0,1,"13,28259","52,53389"
10376,199679,Berlin,4,2019,9,7,2,3,2,6,0,0,1,0,0,0,0,1,"13,2738","52,50009"
10377,199680,Berlin,1,2019,9,6,2,3,6,2,2,0,1,1,0,0,0,1,"13,39376","52,54126"
10378,199681,Berlin,7,2019,9,6,2,2,6,2,2,0,1,1,0,0,0,1,"13,38561","52,44556"
10379,199682,Berlin,8,2019,9,6,2,3,6,4,2,0,1,1,0,0,0,1,"13,43805","52,4175"
10380,199683,Berlin,2,2019,9,6,2,3,2,6,2,0,1,0,0,1,0,1,"13,47048","52,50604"
10381,199684,Berlin,6,2019,9,5,2,3,5,2,2,1,1,0,0,0,0,1,"13,35533","52,42768"
10382,199685,Berlin,1,2019,9,18,2,3,5,2,0,1,1,0,0,0,0,0,"13,3842","52,55566"
10383,199686,Berlin,8,2019,9,18,1,3,2,7,2,0,1,0,1,0,1,1,"13,46508","52,42596"
10384,199687,Berlin,1,2019,9,17,1,3,0,4,0,0,0,1,1,0,0,1,"13,34101","52,50524"
10385,199688,Berlin,1,2019,9,16,1,3,2,6,0,0,1,0,0,0,0,1,"13,39882","52,53281"
10386,199689,Berlin,4,2019,9,16,1,2,5,3,0,0,1,0,0,0,0,1,"13,31371","52,50623"
10387,199690,Berlin,5,2019,9,15,1,2,5,2,1,0,1,0,0,0,0,1,"13,14147","52,53249"
10388,199691,Berlin,1,2019,9,14,1,3,0,1,0,0,0,0,0,0,1,1,"13,38732","52,52632"
10389,199692,Berlin,10,2019,9,14,1,3,5,3,0,0,1,0,0,0,1,1,"13,61163","52,54008"
10390,199693,Berlin,8,2019,9,13,1,3,2,6,0,0,1,0,0,0,0,1,"13,40308","52,41493"
10391,199694,Berlin,7,2019,9,13,1,3,3,6,0,1,1,0,0,0,0,1,"13,34144","52,47642"
10392,199695,Berlin,4,2019,9,12,1,3,3,6,0,0,1,0,0,0,0,1,"13,28069","52,50675"
10393,199696,Berlin,2,2019,9,12,1,2,4,7,0,1,0,0,0,0,1,1,"13,42478","52,50194"
10394,199697,Berlin,5,2019,9,8,1,3,1,5,0,0,1,0,0,0,0,0,"13,23264","52,543"
10395,199698,Berlin,3,2019,9,19,1,3,0,6,2,0,1,0,0,0,0,1,"13,45943","52,52937"
10396,199699,Berlin,2,2019,9,8,1,3,5,3,0,1,1,0,0,0,0,1,"13,39451","52,49179"
10397,199700,Berlin,1,2019,9,19,1,3,5,2,1,0,1,0,0,0,0,1,"13,33498","52,56017"
10398,199701,Berlin,6,2019,9,18,1,3,5,7,1,0,1,0,1,0,0,1,"13,34517","52,43692"
10399,199702,Berlin,8,2019,9,17,1,3,5,2,0,1,0,0,0,0,1,1,"13,4397","52,48392"
10400,199703,Berlin,4,2019,9,21,7,3,1,1,2,0,1,0,0,0,0,1,"13,26438","52,48491"
10401,199704,Berlin,7,2019,10,17,3,3,2,6,1,0,1,0,1,0,0,1,"13,40002","52,48374"
10402,199705,Berlin,1,2019,9,13,7,2,2,6,0,1,0,0,0,0,1,0,"13,35044","52,51371"
10403,199706,Berlin,1,2019,10,17,3,3,1,5,0,1,1,0,0,0,0,1,"13,42301","52,50653"
10404,199707,Berlin,7,2019,9,15,7,3,1,5,1,0,1,0,0,0,0,1,"13,41894","52,46097"
10405,199708,Berlin,6,2019,10,17,3,3,5,3,0,0,1,0,0,0,0,1,"13,35728","52,42298"
10406,199709,Berlin,4,2019,9,22,7,3,0,2,2,0,0,1,0,0,1,0,"13,33254","52,50602"
10407,199710,Berlin,6,2019,10,16,3,3,2,6,0,0,1,0,0,0,0,1,"13,3586","52,44824"
10408,199711,Berlin,7,2019,10,16,3,3,2,2,0,0,1,0,0,0,1,1,"13,39729","52,42383"
10409,199712,Berlin,1,2019,9,23,7,3,5,2,2,1,1,0,0,0,0,0,"13,37941","52,52943"
10410,199713,Berlin,7,2019,10,16,3,3,2,6,0,0,1,0,1,0,0,1,"13,36388","52,49733"
10411,199714,Berlin,4,2019,9,21,7,3,8,1,2,0,1,0,0,0,0,1,"13,28103","52,47696"
10412,199715,Berlin,4,2019,10,16,3,3,2,6,0,0,1,0,0,0,0,1,"13,27935","52,51273"
10413,199716,Berlin,8,2019,10,15,3,3,5,3,0,0,1,0,0,0,0,1,"13,42168","52,44112"
10414,199717,Berlin,4,2019,9,19,7,2,5,2,2,0,1,0,1,0,0,1,"13,26583","52,4834"
10415,199718,Berlin,11,2019,10,15,3,3,6,4,0,0,1,1,0,0,0,1,"13,50472","52,56351"
10416,199719,Berlin,5,2019,9,18,7,3,0,1,0,1,1,0,0,0,0,1,"13,21784","52,5479"
10417,199720,Berlin,8,2019,10,15,3,3,2,2,0,0,1,0,0,0,0,1,"13,43748","52,46934"
10418,199721,Berlin,8,2019,9,18,7,3,0,5,0,1,1,0,0,0,0,1,"13,42663","52,48746"
10419,199722,Berlin,1,2019,10,14,3,3,5,2,0,1,1,0,0,0,0,1,"13,38669","52,55553"
10420,199723,Berlin,9,2019,9,15,7,3,0,1,0,0,0,0,1,0,0,1,"13,58097","52,46024"
10421,199724,Berlin,12,2019,10,10,3,3,0,5,0,0,1,0,0,0,1,1,"13,32892","52,56616"
10422,199725,Berlin,11,2019,10,9,3,3,2,7,0,0,0,0,0,1,1,1,"13,49856","52,53811"
10423,199726,Berlin,1,2019,9,17,7,3,2,7,0,0,1,0,0,0,0,1,"13,40765","52,50983"
10424,199727,Berlin,12,2019,9,15,7,3,0,6,0,0,1,0,1,0,0,1,"13,29532","52,54997"
10425,199728,Berlin,9,2019,10,9,3,3,5,2,0,0,1,0,0,0,1,1,"13,69251","52,37167"
10426,199729,Berlin,10,2019,9,16,7,3,0,5,0,0,1,0,0,0,0,0,"13,57571","52,5414"
10427,199730,Berlin,2,2019,10,14,3,3,5,3,0,1,1,0,0,0,0,1,"13,42198","52,49904"
10428,199731,Berlin,11,2019,9,15,7,3,2,6,0,0,1,0,0,0,0,1,"13,50871","52,55017"
10429,199732,Berlin,1,2019,10,2,3,3,0,7,2,0,0,0,0,0,1,0,"13,38831","52,52006"
10430,199733,Berlin,7,2019,10,13,3,3,5,2,0,0,1,0,0,0,0,1,"13,40799","52,45249"
10431,199734,Berlin,7,2019,9,16,7,2,5,2,0,0,1,0,1,0,0,1,"13,37404","52,44507"
10432,199735,Berlin,1,2019,9,14,7,3,2,6,0,0,1,0,0,0,0,1,"13,40045","52,50991"
10433,199736,Berlin,2,2019,10,12,3,3,2,2,0,0,1,0,0,0,1,1,"13,37676","52,4914"
10434,199737,Berlin,12,2019,10,11,3,3,5,2,0,0,1,0,0,0,1,1,"13,29225","52,59059"
10435,199738,Berlin,6,2019,9,14,7,3,5,2,0,1,1,0,0,0,0,1,"13,34174","52,41594"
10436,199739,Berlin,5,2019,10,10,3,2,5,3,0,0,1,0,0,1,0,1,"13,15854","52,46262"
10437,199740,Berlin,2,2019,9,12,7,3,3,6,0,1,0,0,0,0,1,1,"13,39612","52,49138"
10438,199741,Berlin,1,2019,10,20,2,3,5,2,0,0,1,0,0,0,1,0,"13,38427","52,55605"
10439,199742,Berlin,11,2019,10,14,2,3,2,2,0,0,1,0,0,0,0,0,"13,52799","52,55684"
10440,199743,Berlin,4,2019,9,12,7,3,0,4,0,0,0,1,1,0,0,1,"13,33341","52,50218"
10441,199744,Berlin,3,2019,10,17,2,3,5,3,0,0,0,0,1,0,1,0,"13,41566","52,53166"
10442,199745,Berlin,5,2019,9,9,7,3,0,1,0,0,0,0,1,0,0,1,"13,20099","52,51218"
10443,199746,Berlin,2,2019,10,20,2,2,5,2,2,0,1,0,1,0,0,0,"13,41927","52,50128"
10444,199747,Berlin,8,2019,9,9,7,3,0,1,0,0,0,0,1,0,0,1,"13,42896","52,48777"
10445,199748,Berlin,4,2019,10,20,2,3,5,2,2,0,1,0,0,0,0,0,"13,30609","52,52329"
10446,199749,Berlin,5,2019,9,12,7,2,0,6,0,0,0,0,1,0,0,1,"13,21023","52,53847"
10447,199750,Berlin,2,2019,10,19,2,3,5,7,2,0,1,0,1,0,0,0,"13,41061","52,49845"
10448,199751,Berlin,4,2019,10,19,2,3,2,7,2,0,1,0,0,0,0,0,"13,30244","52,50983"
10449,199752,Berlin,8,2019,9,11,7,3,6,4,0,0,1,1,0,0,0,0,"13,42719","52,47521"
10450,199753,Berlin,6,2019,9,11,7,3,0,1,0,1,0,0,0,0,0,1,"13,25771","52,43445"
10451,199754,Berlin,1,2019,10,16,2,3,4,2,0,1,0,0,0,0,0,0,"13,41726","52,5159"
10452,199755,Berlin,2,2019,10,18,2,3,2,6,2,0,1,0,0,0,1,0,"13,3889","52,49874"
10453,199756,Berlin,5,2019,9,10,7,2,5,2,0,1,1,0,0,0,0,1,"13,18476","52,54751"
10454,199757,Berlin,8,2019,10,16,2,3,5,3,0,1,1,0,0,0,0,0,"13,4898","52,41993"
10455,199758,Berlin,4,2019,9,10,7,3,6,7,0,0,1,1,0,0,0,0,"13,3215","52,48419"
10456,199759,Berlin,9,2019,10,18,2,3,1,5,2,1,1,0,0,0,0,0,"13,60818","52,45499"
10457,199760,Berlin,1,2019,10,15,2,2,4,6,0,1,0,0,0,0,1,0,"13,39598","52,52832"
10458,199761,Berlin,1,2019,9,10,7,3,2,6,0,0,1,0,0,0,0,1,"13,34333","52,52938"
10459,199762,Berlin,9,2019,10,15,2,3,5,3,0,1,0,0,1,0,0,0,"13,51954","52,44278"
10460,199763,Berlin,7,2019,9,1,7,3,5,3,2,0,1,0,0,0,0,0,"13,3789","52,48062"
10461,199764,Berlin,10,2019,10,15,2,3,2,6,0,0,1,0,0,0,0,0,"13,59949","52,54731"
10462,199765,Berlin,2,2019,9,15,7,3,5,2,0,0,1,0,0,0,0,1,"13,37688","52,50192"
10463,199766,Berlin,8,2019,10,15,2,3,6,4,0,0,1,1,0,0,0,0,"13,42803","52,47564"
10464,199767,Berlin,1,2019,10,8,2,3,2,2,0,0,1,0,0,0,1,0,"13,35094","52,52436"
10465,199768,Berlin,2,2019,9,11,7,3,5,3,0,0,1,0,0,0,0,0,"13,40653","52,50255"
10466,199769,Berlin,2,2019,10,9,2,3,2,6,0,0,1,0,0,0,0,0,"13,44664","52,49856"
10467,199770,Berlin,12,2019,9,16,6,3,5,2,0,1,1,0,0,0,0,1,"13,31711","52,61485"
10468,199771,Berlin,6,2019,10,14,2,3,0,1,0,0,0,0,1,0,0,0,"13,3146","52,46509"
10469,199772,Berlin,4,2019,9,21,6,3,5,2,2,1,1,0,0,0,0,1,"13,33061","52,49316"
10470,199773,Berlin,10,2019,10,14,2,3,2,2,0,0,1,0,0,0,0,0,"13,56184","52,53503"
10471,199774,Berlin,9,2019,9,17,6,3,0,1,1,0,0,0,1,0,0,1,"13,54936","52,45671"
10472,199775,Berlin,7,2019,10,13,2,3,5,2,0,1,0,0,0,0,1,0,"13,36185","52,47468"
10473,199776,Berlin,1,2019,10,13,2,3,5,3,0,1,0,0,0,0,1,0,"13,39226","52,55483"
10474,199777,Berlin,7,2019,9,15,6,3,4,6,0,0,1,0,1,0,0,1,"13,37061","52,44458"
10475,199778,Berlin,7,2019,9,12,6,3,0,1,0,0,1,0,1,0,0,1,"13,40949","52,46405"
10476,199779,Berlin,2,2019,10,10,2,3,1,7,0,1,1,0,0,0,0,0,"13,38663","52,50096"
10477,199780,Berlin,1,2019,10,13,2,3,6,4,0,0,1,1,0,0,0,0,"13,34577","52,52502"
10478,199781,Berlin,12,2019,9,7,6,3,3,2,0,0,1,0,0,0,0,1,"13,32652","52,56252"
10479,199782,Berlin,12,2019,10,13,2,2,5,3,0,0,1,0,0,0,0,0,"13,32131","52,56834"
10480,199783,Berlin,9,2019,9,13,6,3,5,2,0,1,0,0,0,0,1,1,"13,58154","52,4407"
10481,199784,Berlin,11,2019,10,10,2,3,6,2,0,0,1,1,0,0,0,0,"13,51986","52,50595"
10482,199785,Berlin,1,2019,10,10,2,3,5,2,0,1,0,0,0,1,0,0,"13,34436","52,53835"
10483,199786,Berlin,5,2019,9,19,6,3,2,2,0,0,1,0,0,0,0,0,"13,14388","52,54624"
10484,199787,Berlin,6,2019,10,12,2,3,5,3,0,1,1,0,0,0,0,0,"13,26537","52,442"
10485,199788,Berlin,12,2019,10,10,2,3,5,2,0,0,1,0,0,0,1,0,"13,35581","52,58346"
10486,199789,Berlin,7,2019,9,9,6,3,0,7,0,0,0,0,1,0,1,1,"13,37793","52,40758"
10487,199790,Berlin,1,2019,10,9,2,3,0,7,0,1,0,0,0,0,0,0,"13,39416","52,50821"
10488,199791,Berlin,2,2019,9,14,6,3,0,6,0,0,1,0,0,0,1,0,"13,46812","52,50257"
10489,199792,Berlin,8,2019,10,9,2,3,3,6,0,1,0,0,0,0,1,0,"13,43178","52,49228"
10490,199793,Berlin,2,2019,10,9,2,3,2,6,0,0,1,0,0,0,0,0,"13,39664","52,49128"
10491,199794,Berlin,12,2019,9,13,6,3,5,3,0,0,1,0,0,0,0,1,"13,33045","52,56248"
10492,199795,Berlin,4,2019,9,12,6,3,5,3,0,1,1,0,0,0,0,1,"13,32628","52,53793"
10493,199796,Berlin,3,2019,10,9,2,3,5,3,0,1,1,0,0,0,0,0,"13,44225","52,54679"
10494,199797,Berlin,11,2019,9,14,6,3,3,6,0,0,1,0,0,0,0,1,"13,48974","52,51255"
10495,199798,Berlin,7,2019,10,8,2,3,1,5,0,1,1,0,0,0,0,0,"13,38055","52,48196"
10496,199799,Berlin,2,2019,10,7,2,3,5,3,0,1,1,0,0,0,0,0,"13,38015","52,49853"
10497,199800,Berlin,5,2019,9,15,6,3,2,6,0,0,1,0,0,0,0,0,"13,20693","52,52915"
10498,199801,Berlin,1,2019,9,14,6,3,2,6,0,0,1,0,0,0,0,1,"13,37712","52,54363"
10499,199802,Berlin,9,2019,10,12,2,3,5,3,0,1,1,0,0,0,0,0,"13,57825","52,45921"
10500,199803,Berlin,1,2019,10,12,2,3,5,2,0,0,1,0,0,0,0,0,"13,37418","52,55649"
10501,199804,Berlin,10,2019,9,14,6,3,6,4,0,0,1,1,0,0,0,1,"13,58908","52,5424"
10502,199805,Berlin,5,2019,10,8,2,3,2,2,0,0,1,0,0,0,0,0,"13,20003","52,54488"
10503,199806,Berlin,1,2019,9,14,6,3,5,3,0,1,1,0,0,0,0,1,"13,35083","52,5473"
10504,199807,Berlin,4,2019,10,8,2,3,5,7,0,0,1,0,0,0,0,0,"13,30435","52,50353"
10505,199808,Berlin,9,2019,9,14,6,3,5,2,0,1,1,0,0,0,0,1,"13,58628","52,45151"
10506,199809,Berlin,12,2019,10,7,2,3,5,2,0,1,1,0,0,0,0,0,"13,36454","52,56387"
10507,199810,Berlin,5,2019,9,14,6,3,5,3,0,0,1,0,0,0,0,1,"13,1949","52,54489"
10508,199811,Berlin,7,2019,10,12,2,3,6,2,0,0,1,1,0,0,0,0,"13,40973","52,38718"
10509,199812,Berlin,12,2019,10,1,2,2,1,7,2,0,1,0,0,0,0,0,"13,36354","52,57147"
10510,199813,Berlin,6,2019,9,14,6,3,5,3,0,0,1,0,1,0,0,1,"13,29957","52,42138"
10511,199814,Berlin,4,2019,9,13,6,3,5,2,0,1,1,0,0,0,0,1,"13,32345","52,49352"
10512,199815,Berlin,5,2019,10,11,2,3,1,7,0,0,1,0,0,0,0,0,"13,20174","52,54632"
10513,199816,Berlin,3,2019,10,11,2,2,6,4,0,0,1,1,0,0,0,0,"13,45744","52,52872"
10514,199817,Berlin,4,2019,9,13,6,3,2,2,0,0,1,0,0,0,1,1,"13,30792","52,48856"
10515,199818,Berlin,1,2019,10,11,2,3,5,2,0,0,1,0,1,0,0,0,"13,42513","52,50866"
10516,199819,Berlin,2,2019,9,12,6,3,2,6,0,0,1,0,0,0,1,1,"13,39505","52,49765"
10517,199820,Berlin,9,2019,10,10,2,2,5,3,0,1,1,0,0,0,0,0,"13,50835","52,46368"
10518,199821,Berlin,2,2019,10,5,1,3,1,5,2,1,1,0,0,0,1,1,"13,46659","52,50236"
10519,199822,Berlin,7,2019,9,13,6,3,1,6,0,1,1,0,0,0,0,1,"13,39407","52,39764"
10520,199823,Berlin,10,2019,10,14,1,3,5,3,0,1,1,0,0,0,0,0,"13,57286","52,55007"
10521,199824,Berlin,8,2019,9,12,6,3,1,5,0,1,1,0,0,0,0,1,"13,43507","52,4841"
10522,199825,Berlin,1,2019,10,19,1,3,5,2,2,0,1,0,0,0,0,0,"13,38656","52,54942"
10523,199826,Berlin,1,2019,9,12,6,3,5,2,0,1,1,0,0,0,0,1,"13,40459","52,50892"
10524,199827,Berlin,7,2019,9,12,6,2,6,4,0,0,1,1,0,0,0,1,"13,38208","52,39856"
10525,199828,Berlin,1,2019,10,18,1,2,6,4,1,0,1,1,0,0,0,0,"13,34181","52,53218"
10526,199829,Berlin,5,2019,10,18,1,3,2,6,1,0,1,0,0,0,0,0,"13,21003","52,54837"
10527,199830,Berlin,1,2019,9,11,6,3,5,2,0,1,1,0,0,0,0,1,"13,34793","52,55615"
10528,199831,Berlin,11,2019,10,21,1,3,2,2,2,0,1,0,1,0,0,0,"13,49044","52,49347"
10529,199832,Berlin,1,2019,9,21,6,2,6,4,2,0,1,1,0,0,0,0,"13,38423","52,50993"
10530,199833,Berlin,1,2019,10,16,1,3,2,6,0,0,1,0,0,0,0,0,"13,38257","52,55617"
10531,199834,Berlin,7,2019,9,18,6,3,5,3,1,1,1,0,0,0,0,1,"13,34943","52,49952"
10532,199835,Berlin,8,2019,10,14,1,3,2,6,0,0,1,0,0,0,0,0,"13,43642","52,42388"
10533,199836,Berlin,9,2019,9,18,6,3,8,1,1,0,1,0,0,0,0,1,"13,46318","52,45454"
10534,199837,Berlin,12,2019,10,14,1,3,2,2,0,1,1,0,0,0,0,0,"13,28526","52,63663"
10535,199838,Berlin,7,2019,10,14,1,3,2,6,0,0,1,0,0,0,0,0,"13,38577","52,48432"
10536,199839,Berlin,1,2019,9,19,6,3,0,1,2,0,0,0,0,0,1,1,"13,38902","52,51875"
10537,199840,Berlin,11,2019,9,18,6,3,5,3,1,0,1,0,0,0,0,1,"13,49323","52,51442"
10538,199841,Berlin,8,2019,10,14,1,3,5,3,0,1,1,0,0,0,0,0,"13,44305","52,48231"
10539,199842,Berlin,4,2019,9,18,6,3,8,1,1,0,1,0,0,0,0,1,"13,27821","52,52643"
10540,199843,Berlin,1,2019,10,13,1,3,6,4,0,0,1,1,0,0,0,0,"13,37334","52,5569"
10541,199844,Berlin,1,2019,9,17,6,3,1,5,0,1,1,0,0,0,0,1,"13,32808","52,52744"
10542,199845,Berlin,2,2019,10,13,1,3,2,2,0,1,1,0,0,0,0,0,"13,4409","52,50478"
10543,199846,Berlin,7,2019,9,16,6,3,5,3,0,0,1,0,0,0,0,1,"13,3962","52,39699"
10544,199847,Berlin,12,2019,10,13,1,3,5,2,0,0,1,0,0,0,0,0,"13,31414","52,57671"
10545,199848,Berlin,6,2019,10,13,1,3,5,3,0,1,1,0,0,0,0,0,"13,22667","52,43974"
10546,199849,Berlin,4,2019,9,17,6,3,4,6,0,0,1,0,1,0,0,1,"13,29031","52,50301"
10547,199850,Berlin,5,2019,10,12,1,3,5,2,0,1,1,0,0,0,0,0,"13,16187","52,54638"
10548,199851,Berlin,7,2019,9,16,6,3,2,6,0,0,1,0,1,0,0,1,"13,41001","52,39895"
10549,199852,Berlin,7,2019,10,11,1,3,6,4,0,0,0,1,0,0,1,0,"13,34822","52,50239"
10550,199853,Berlin,11,2019,9,16,6,3,6,4,0,0,1,1,0,0,0,1,"13,52496","52,48014"
10551,199854,Berlin,2,2019,10,9,1,3,5,3,0,1,1,0,0,0,0,0,"13,43093","52,5128"
10552,199855,Berlin,1,2019,9,16,6,3,2,6,0,0,1,0,0,0,0,1,"13,39408","52,54085"
10553,199856,Berlin,8,2019,10,1,1,2,1,5,2,0,1,0,0,0,1,0,"13,44665","52,44029"
10554,199857,Berlin,8,2019,9,16,6,3,3,6,0,0,1,0,1,0,0,1,"13,42051","52,45216"
10555,199858,Berlin,4,2019,9,15,6,3,5,3,0,0,1,0,0,0,1,1,"13,27881","52,47769"
10556,199859,Berlin,12,2019,10,0,1,2,5,2,2,0,1,0,1,0,0,1,"13,292","52,59058"
10557,199860,Berlin,4,2019,9,15,6,3,6,4,0,0,1,1,0,0,0,1,"13,30619","52,52667"
10558,199861,Berlin,12,2019,10,13,7,3,2,6,0,0,1,0,0,0,0,0,"13,31227","52,56792"
10559,199862,Berlin,12,2019,10,16,7,3,8,1,0,0,1,0,0,0,0,0,"13,33471","52,60334"
10560,199863,Berlin,3,2019,9,11,6,3,0,1,0,1,1,1,0,0,0,1,"13,43833","52,55517"
10561,199864,Berlin,10,2019,9,9,6,3,5,2,0,1,1,0,0,0,0,1,"13,61262","52,50759"
10562,199865,Berlin,2,2019,10,16,7,3,5,3,0,1,1,0,0,0,0,0,"13,41117","52,50351"
10563,199866,Berlin,5,2019,9,10,6,3,2,6,0,0,1,0,0,0,1,1,"13,18498","52,54754"
10564,199867,Berlin,1,2019,10,14,7,3,0,1,0,1,0,0,0,0,0,0,"13,38096","52,51637"
10565,199868,Berlin,9,2019,9,10,6,3,5,3,0,1,1,0,0,0,0,1,"13,54998","52,43636"
10566,199869,Berlin,7,2019,10,20,7,3,6,7,2,1,0,1,0,0,0,1,"13,34115","52,50252"
10567,199870,Berlin,1,2019,9,10,6,3,5,2,0,1,1,0,0,0,0,1,"13,35121","52,5043"
10568,199871,Berlin,7,2019,10,19,7,3,5,2,2,0,1,0,0,0,0,0,"13,39005","52,43435"
10569,199872,Berlin,4,2019,10,18,7,3,2,6,1,0,1,0,0,0,0,1,"13,30591","52,52348"
10570,199873,Berlin,9,2019,10,18,7,3,9,1,0,0,0,0,1,0,0,0,"13,5668","52,45516"
10571,199874,Berlin,4,2019,9,10,6,3,6,4,0,0,1,1,0,0,0,1,"13,30155","52,49447"
10572,199875,Berlin,3,2019,10,17,7,3,0,7,0,0,1,0,0,0,1,0,"13,44775","52,55322"
10573,199876,Berlin,4,2019,9,9,6,2,5,3,0,0,1,0,0,0,0,1,"13,28147","52,51146"
10574,199877,Berlin,4,2019,10,14,7,3,6,2,0,0,1,1,0,0,0,0,"13,3376","52,5036"
10575,199878,Berlin,12,2019,9,9,6,3,5,3,0,1,1,0,0,0,0,1,"13,35926","52,57425"
10576,199879,Berlin,4,2019,10,12,7,3,3,6,0,0,1,0,1,0,0,0,"13,30719","52,50662"
10577,199880,Berlin,5,2019,10,12,7,3,6,4,0,0,1,1,0,0,0,0,"13,22732","52,54676"
10578,199881,Berlin,9,2019,9,9,6,2,5,2,0,0,1,0,0,0,0,1,"13,55067","52,42903"
10579,199882,Berlin,3,2019,9,9,6,3,0,5,0,1,0,0,0,1,0,1,"13,41943","52,54762"
10580,199883,Berlin,7,2019,10,11,7,3,2,2,0,0,1,0,0,0,0,0,"13,36131","52,41259"
10581,199884,Berlin,3,2019,10,11,7,3,5,3,0,0,1,0,0,0,0,1,"13,45878","52,55028"
10582,199885,Berlin,1,2019,9,9,6,3,3,6,0,0,1,0,0,0,0,1,"13,35106","52,50412"
10583,199886,Berlin,6,2019,10,7,7,3,5,2,1,0,1,0,0,0,0,1,"13,32847","52,46025"
10584,199887,Berlin,5,2019,9,8,6,3,5,2,0,1,1,0,0,0,0,1,"13,20839","52,56204"
10585,199888,Berlin,6,2019,10,6,7,3,5,3,2,0,1,0,0,0,0,1,"13,27067","52,45106"
10586,199889,Berlin,4,2019,10,5,7,3,2,6,2,0,1,0,0,0,0,1,"13,31557","52,48936"
10587,199890,Berlin,1,2019,10,4,7,3,5,2,2,0,1,0,0,0,0,1,"13,4181","52,51548"
10588,199891,Berlin,9,2019,9,8,6,3,2,6,0,0,1,0,0,0,0,1,"13,54703","52,43145"
10589,199892,Berlin,4,2019,10,19,7,3,1,5,2,1,1,0,0,0,0,1,"13,31405","52,5073"
10590,199893,Berlin,8,2019,9,8,6,3,5,2,0,1,1,0,0,0,0,1,"13,45583","52,47381"
10591,199894,Berlin,10,2019,10,10,6,3,6,4,0,0,1,1,0,0,0,0,"13,54901","52,54345"