,id,city,district,year,month,hour,weekday,injury_level,collision,movement,light_conditions,bicycle,car,pedestrian,motorbike,truck,other_vehicle,road_conditions,longitude,latitude
10592,199895,Berlin,11,2019,10,19,6,3,6,2,2,0,1,1,0,0,0,1,"13,49809","52,5097"
10593,199896,Berlin,9,2019,9,8,6,3,2,6,0,0,1,0,0,1,0,1,"13,56203","52,43738"
10594,199897,Berlin,1,2019,10,22,6,3,5,2,2,0,1,0,0,0,0,1,"13,38416","52,55591"
10595,199898,Berlin,1,2019,9,9,6,3,2,6,0,1,0,0,0,0,0,1,"13,38093","52,51619"
10596,199899,Berlin,6,2019,10,21,6,3,6,2,2,0,1,1,0,0,0,1,"13,31359","52,43531"
10597,199900,Berlin,1,2019,9,7,6,3,5,7,0,0,1,0,1,0,0,1,"13,35005","52,53224"
10598,199901,Berlin,5,2019,10,21,6,3,2,6,2,0,1,0,0,0,0,1,"13,20783","52,53883"
10599,199902,Berlin,6,2019,10,10,6,3,2,7,0,0,1,0,1,0,0,0,"13,25172","52,44884"
10600,199903,Berlin,1,2019,9,0,6,3,1,5,2,0,1,0,0,0,0,0,"13,38028","52,54608"
10601,199904,Berlin,4,2019,9,8,6,2,0,7,0,0,1,0,0,1,0,1,"13,29106","52,54824"
10602,199905,Berlin,5,2019,10,20,6,3,6,7,2,0,1,1,0,0,0,1,"13,21004","52,54899"
10603,199906,Berlin,7,2019,10,19,6,3,6,2,2,0,1,1,0,0,0,1,"13,34621","52,49727"
10604,199907,Berlin,10,2019,9,12,6,2,0,1,0,0,0,0,1,0,0,1,"13,59886","52,47567"
10605,199908,Berlin,5,2019,10,19,6,3,5,3,2,0,1,0,0,0,0,1,"13,19781","52,51938"
10606,199909,Berlin,2,2019,9,8,6,3,6,4,0,1,0,1,0,0,0,1,"13,4119","52,49141"
10607,199910,Berlin,1,2019,10,17,6,3,0,1,0,0,0,0,1,0,0,1,"13,38998","52,53535"
10608,199911,Berlin,7,2019,9,7,6,3,0,4,0,1,0,1,0,0,0,1,"13,38512","52,44807"
10609,199912,Berlin,1,2019,10,18,6,3,5,7,0,0,1,0,1,0,0,1,"13,38302","52,51228"
10610,199913,Berlin,6,2019,9,18,5,3,5,2,0,0,1,0,0,0,0,0,"13,23003","52,43086"
10611,199914,Berlin,4,2019,10,17,6,3,5,3,1,0,1,0,0,0,0,1,"13,27257","52,53922"
10612,199915,Berlin,5,2019,10,16,6,3,2,6,0,0,1,0,0,0,0,1,"13,20684","52,52919"
10613,199916,Berlin,2,2019,9,21,5,3,5,2,2,1,0,0,0,0,1,0,"13,41881","52,50061"
10614,199917,Berlin,4,2019,9,11,5,3,9,1,0,0,1,0,0,0,0,0,"13,20219","52,49321"
10615,199918,Berlin,2,2019,10,16,6,3,5,3,0,1,1,0,0,0,0,1,"13,42683","52,50154"
10616,199919,Berlin,4,2019,9,11,5,3,2,6,0,0,1,0,0,0,0,0,"13,30313","52,50548"
10617,199920,Berlin,3,2019,10,15,6,3,0,5,0,1,1,0,0,0,0,0,"13,43217","52,60441"
10618,199921,Berlin,6,2019,9,13,5,2,5,5,0,0,1,0,1,0,0,0,"13,34001","52,4116"
10619,199922,Berlin,1,2019,10,14,6,3,0,1,0,0,0,0,1,0,0,1,"13,39209","52,53672"
10620,199923,Berlin,4,2019,9,12,5,2,0,7,0,0,1,0,0,0,1,0,"13,31033","52,47899"
10621,199924,Berlin,3,2019,10,14,6,3,5,2,0,0,1,0,0,0,0,1,"13,42912","52,55634"
10622,199925,Berlin,5,2019,9,12,5,2,5,2,0,1,1,0,0,0,0,0,"13,12993","52,46416"
10623,199926,Berlin,7,2019,10,12,6,3,5,2,0,0,1,0,1,0,0,0,"13,37819","52,45621"
10624,199927,Berlin,2,2019,10,10,6,3,2,2,0,0,1,0,0,0,0,0,"13,44206","52,50102"
10625,199928,Berlin,5,2019,9,12,5,2,6,4,0,0,0,1,1,0,0,0,"13,20602","52,53524"
10626,199929,Berlin,12,2019,10,14,6,3,2,6,0,0,1,0,0,0,0,1,"13,33093","52,56231"
10627,199930,Berlin,1,2019,9,10,5,3,5,3,0,0,1,0,0,0,1,0,"13,38751","52,54898"
10628,199931,Berlin,6,2019,10,13,6,3,2,6,0,0,1,0,0,0,0,1,"13,32947","52,45388"
10629,199932,Berlin,7,2019,10,5,6,2,5,2,2,1,1,0,0,0,0,0,"13,37798","52,46863"
10630,199933,Berlin,1,2019,9,10,5,3,2,6,0,0,1,0,0,0,0,0,"13,37518","52,53687"
10631,199934,Berlin,8,2019,10,0,6,3,5,2,2,1,1,0,0,0,0,0,"13,43768","52,48124"
10632,199935,Berlin,3,2019,9,8,5,3,1,5,0,1,1,0,0,0,0,0,"13,40589","52,54587"
10633,199936,Berlin,4,2019,10,0,6,3,5,3,2,0,1,0,0,0,0,0,"13,30643","52,51758"
10634,199937,Berlin,7,2019,9,8,5,3,1,5,0,1,0,0,0,0,1,0,"13,3528","52,48988"
10635,199938,Berlin,2,2019,10,17,5,3,6,7,0,0,0,1,0,0,1,0,"13,42277","52,4958"
10636,199939,Berlin,6,2019,9,8,5,3,5,3,0,1,1,0,0,0,0,0,"13,25596","52,4359"
10637,199940,Berlin,3,2019,10,14,5,3,5,3,0,0,1,0,0,0,0,1,"13,45325","52,54774"
10638,199941,Berlin,9,2019,10,13,5,2,5,3,0,0,1,0,0,0,0,1,"13,50359","52,46072"
10639,199942,Berlin,6,2019,9,7,5,3,5,3,0,0,1,0,0,0,0,0,"13,34034","52,4161"
10640,199943,Berlin,5,2019,9,7,5,3,4,6,0,1,0,0,0,0,0,0,"13,20062","52,54923"
10641,199944,Berlin,5,2019,10,11,5,2,4,6,0,0,1,0,0,0,0,1,"13,23623","52,55009"
10642,199945,Berlin,2,2019,9,7,5,2,5,3,0,1,1,0,0,0,0,0,"13,39584","52,49902"
10643,199946,Berlin,8,2019,10,11,5,3,5,3,0,0,1,0,0,0,0,1,"13,4528","52,44535"
10644,199947,Berlin,3,2019,9,16,5,3,6,7,0,1,0,1,0,0,0,0,"13,43352","52,53348"
10645,199948,Berlin,1,2019,10,10,5,2,0,7,0,0,1,0,0,0,0,1,"13,40345","52,52988"
10646,199949,Berlin,11,2019,9,16,5,3,5,3,0,0,1,0,1,0,0,0,"13,50485","52,54647"
10647,199950,Berlin,8,2019,10,23,5,3,5,3,2,0,1,0,0,0,0,0,"13,43604","52,48901"
10648,199951,Berlin,1,2019,10,10,5,3,0,1,0,0,0,0,1,0,0,1,"13,38989","52,53527"
10649,199952,Berlin,3,2019,9,18,5,3,5,3,1,1,1,0,0,0,0,0,"13,44586","52,54477"
10650,199953,Berlin,1,2019,10,9,5,3,0,1,0,0,0,0,1,0,0,1,"13,37859","52,52926"
10651,199954,Berlin,9,2019,9,18,5,3,5,3,2,1,1,0,0,0,0,0,"13,58094","52,41699"
10652,199955,Berlin,2,2019,10,4,5,2,6,2,2,0,1,1,0,0,0,1,"13,38605","52,50648"
10653,199956,Berlin,4,2019,9,16,5,3,5,2,0,0,1,0,0,0,0,0,"13,28773","52,49614"
10654,199957,Berlin,8,2019,10,19,5,3,5,3,2,0,1,0,0,0,1,0,"13,43193","52,46645"
10655,199958,Berlin,3,2019,9,16,5,3,2,6,0,0,1,0,0,0,0,0,"13,45036","52,61919"
10656,199959,Berlin,1,2019,10,16,5,3,1,5,0,1,1,0,0,0,0,1,"13,32777","52,52748"
10657,199960,Berlin,4,2019,10,14,5,3,2,6,0,0,1,0,0,0,0,1,"13,28381","52,51869"
10658,199961,Berlin,1,2019,9,16,5,3,5,2,0,1,1,0,0,0,0,0,"13,38991","52,5103"
10659,199962,Berlin,11,2019,10,14,5,3,1,1,0,0,1,0,0,0,0,1,"13,54094","52,56895"
10660,199963,Berlin,12,2019,9,18,5,3,6,6,1,0,1,1,0,0,0,0,"13,21546","52,59835"
10661,199964,Berlin,2,2019,10,18,5,2,5,3,2,0,1,0,0,0,1,0,"13,40523","52,50518"
10662,199965,Berlin,8,2019,9,18,5,3,5,2,0,1,0,0,0,0,1,0,"13,43364","52,44534"
10663,199966,Berlin,1,2019,10,18,4,2,6,4,1,0,1,1,0,0,0,1,"13,37586","52,51776"
10664,199967,Berlin,3,2019,9,15,5,3,3,6,0,1,1,0,0,0,0,0,"13,42586","52,5432"
10665,199968,Berlin,9,2019,10,7,4,3,6,2,0,0,1,1,0,0,0,1,"13,57448","52,45282"
10666,199969,Berlin,6,2019,10,7,4,3,0,1,2,0,0,0,1,0,0,1,"13,29942","52,45452"
10667,199970,Berlin,11,2019,9,14,5,3,0,6,0,0,1,0,0,0,1,0,"13,49972","52,53433"
10668,199971,Berlin,4,2019,9,14,5,3,6,4,0,0,1,1,0,0,0,0,"13,33321","52,48761"
10669,199972,Berlin,8,2019,10,7,4,3,6,4,2,0,1,1,0,0,0,1,"13,44878","52,47845"
10670,199973,Berlin,6,2019,10,7,4,3,3,6,0,1,0,0,0,0,1,0,"13,31477","52,46397"
10671,199974,Berlin,7,2019,9,14,5,3,5,7,0,0,1,0,1,0,0,0,"13,34371","52,48887"
10672,199975,Berlin,3,2019,10,18,4,3,5,7,0,0,1,0,1,0,0,0,"13,42913","52,56161"
10673,199976,Berlin,1,2019,9,14,5,3,2,7,0,0,1,0,0,0,0,0,"13,3561","52,55534"
10674,199977,Berlin,1,2019,10,17,4,2,5,2,0,0,1,0,1,0,0,0,"13,33794","52,51375"
10675,199978,Berlin,5,2019,10,17,4,3,2,6,0,0,1,0,0,0,0,1,"13,23602","52,54191"
10676,199979,Berlin,7,2019,9,18,5,3,2,6,1,0,1,0,0,0,0,0,"13,34275","52,50213"
10677,199980,Berlin,8,2019,10,16,4,3,6,2,0,0,1,1,0,0,0,0,"13,45462","52,47466"
10678,199981,Berlin,1,2019,10,16,4,3,0,1,0,0,0,0,0,0,1,1,"13,31905","52,53113"
10679,199982,Berlin,1,2019,9,17,5,2,3,6,0,0,1,0,1,0,0,0,"13,37124","52,50493"
10680,199983,Berlin,8,2019,10,16,4,3,1,5,0,1,1,0,0,0,0,1,"13,44361","52,47064"
10681,199984,Berlin,2,2019,9,14,5,3,3,6,0,0,1,0,1,0,0,0,"13,37638","52,49157"
10682,199985,Berlin,6,2019,10,16,4,3,0,2,0,1,0,0,0,0,1,0,"13,30409","52,42656"
10683,199986,Berlin,7,2019,10,23,4,2,5,7,2,0,1,0,1,0,0,0,"13,32857","52,47365"
10684,199987,Berlin,12,2019,9,18,5,3,5,2,0,1,1,0,0,0,0,0,"13,3252","52,59409"
10685,199988,Berlin,8,2019,10,16,4,3,5,3,0,1,0,0,1,0,0,0,"13,43345","52,48939"
10686,199989,Berlin,7,2019,9,13,5,3,6,2,0,0,1,1,0,0,0,0,"13,34592","52,49891"
10687,199990,Berlin,1,2019,10,22,4,3,0,7,2,0,0,1,0,0,1,0,"13,41945","52,51226"
10688,199991,Berlin,1,2019,9,17,5,3,5,7,0,0,1,0,0,0,0,0,"13,38542","52,53121"
10689,199992,Berlin,12,2019,10,15,4,3,5,3,0,0,1,0,0,0,1,0,"13,3305","52,57115"
10690,199993,Berlin,1,2019,10,15,4,3,2,6,0,0,1,0,0,0,0,0,"13,33867","52,54326"
10691,199994,Berlin,4,2019,9,17,5,3,1,5,0,0,1,0,1,0,0,0,"13,30884","52,51679"
10692,199995,Berlin,1,2019,9,13,5,3,2,2,0,1,1,0,0,0,0,0,"13,34584","52,54479"
10693,199996,Berlin,1,2019,10,22,4,3,1,5,2,1,1,0,0,0,0,0,"13,36133","52,54467"
10694,199997,Berlin,12,2019,10,21,4,3,5,2,2,0,1,0,0,0,0,0,"13,32191","52,56053"
10695,199998,Berlin,4,2019,9,17,5,3,2,6,0,0,1,0,0,0,0,0,"13,28984","52,4707"
10696,199999,Berlin,3,2019,10,13,4,2,6,4,0,0,1,1,0,0,0,1,"13,46567","52,55744"
10697,200000,Berlin,8,2019,9,17,5,3,5,3,0,0,1,0,0,0,0,1,"13,43744","52,46363"
10698,200001,Berlin,1,2019,10,13,4,3,2,6,0,0,1,0,0,0,1,0,"13,40435","52,50778"
10699,200002,Berlin,3,2019,10,13,4,3,2,6,0,0,1,0,0,1,0,0,"13,38215","52,57344"
10700,200003,Berlin,9,2019,9,0,5,3,1,1,2,0,1,0,0,0,0,1,"13,54183","52,40356"
10701,200004,Berlin,7,2019,10,12,4,2,4,6,0,0,1,0,0,0,0,0,"13,40964","52,46406"
10702,200005,Berlin,8,2019,10,20,4,3,6,2,2,0,1,1,0,0,0,0,"13,42897","52,48418"
10703,200006,Berlin,2,2019,9,7,5,3,0,1,0,1,0,0,0,0,0,1,"13,40962","52,50403"
10704,200007,Berlin,6,2019,10,12,4,3,6,2,0,0,1,1,0,0,0,1,"13,32989","52,45814"
10705,200008,Berlin,9,2019,9,8,5,2,0,1,0,0,0,0,1,0,0,1,"13,68344","52,44361"
10706,200009,Berlin,3,2019,10,20,4,3,5,3,2,1,1,0,0,0,0,0,"13,42772","52,56058"
10707,200010,Berlin,8,2019,10,11,4,2,5,3,0,0,1,0,0,0,0,1,"13,45874","52,44031"
10708,200011,Berlin,2,2019,9,1,5,2,0,1,2,1,0,0,0,0,0,1,"13,42175","52,49904"
10709,200012,Berlin,3,2019,9,8,5,3,6,4,0,0,0,1,1,0,0,0,"13,37887","52,5761"
10710,200013,Berlin,3,2019,10,11,4,3,5,3,0,0,1,0,0,0,0,1,"13,39719","52,58681"
10711,200014,Berlin,1,2019,10,18,4,3,2,6,2,1,1,0,0,0,0,0,"13,37717","52,52219"
10712,200015,Berlin,7,2019,9,19,4,3,2,6,1,0,1,0,0,0,0,0,"13,39299","52,41273"
10713,200016,Berlin,1,2019,10,10,4,3,2,6,0,0,1,0,0,0,0,1,"13,32838","52,53355"
10714,200017,Berlin,2,2019,9,10,4,3,0,3,0,1,0,0,0,0,0,0,"13,45151","52,51079"
10715,200018,Berlin,1,2019,9,12,4,3,0,1,0,1,0,0,0,0,0,1,"13,40567","52,51412"
10716,200019,Berlin,1,2019,10,8,4,3,5,2,0,1,1,0,0,0,0,1,"13,37958","52,54554"
10717,200020,Berlin,7,2019,10,10,4,3,2,6,0,0,1,0,0,0,0,1,"13,34602","52,49626"
10718,200021,Berlin,2,2019,9,9,4,3,5,3,0,1,1,0,0,0,0,1,"13,39441","52,5069"
10719,200022,Berlin,1,2019,10,8,4,3,5,2,0,1,1,0,0,0,0,1,"13,38664","52,5119"
10720,200023,Berlin,3,2019,9,16,4,3,5,3,0,0,1,0,0,0,0,1,"13,44553","52,56507"
10721,200024,Berlin,7,2019,10,10,4,3,5,2,0,0,1,0,0,0,0,1,"13,39005","52,43435"
10722,200025,Berlin,4,2019,9,23,4,3,5,7,2,1,1,0,0,0,0,0,"13,31514","52,49892"
10723,200026,Berlin,11,2019,10,10,4,2,2,1,0,0,1,0,0,0,1,1,"13,48527","52,53351"
10724,200027,Berlin,1,2019,9,21,4,3,0,6,2,1,0,1,0,0,0,1,"13,3917","52,52717"
10725,200028,Berlin,2,2019,10,8,4,3,0,2,0,1,1,0,0,0,0,1,"13,40134","52,49299"
10726,200029,Berlin,3,2019,9,21,4,3,0,7,2,0,0,0,0,0,1,1,"13,41428","52,57215"
10727,200030,Berlin,2,2019,10,8,4,2,5,2,0,0,1,0,1,0,0,1,"13,42628","52,5159"
10728,200031,Berlin,11,2019,9,20,4,3,5,2,2,0,1,0,0,0,0,1,"13,52815","52,55697"
10729,200032,Berlin,11,2019,10,10,4,2,0,1,0,1,0,0,0,0,0,1,"13,48742","52,52663"
10730,200033,Berlin,1,2019,9,20,4,3,6,4,2,0,1,1,0,0,0,1,"13,35879","52,55378"
10731,200034,Berlin,8,2019,10,6,4,3,8,1,2,0,1,0,0,0,0,1,"13,45247","52,45258"
10732,200035,Berlin,6,2019,10,9,4,3,0,1,0,0,0,0,1,0,0,1,"13,31447","52,46507"
10733,200036,Berlin,1,2019,9,20,4,3,0,7,2,1,1,0,0,0,0,0,"13,35759","52,54106"
10734,200037,Berlin,9,2019,10,9,4,3,2,4,0,0,1,1,0,0,0,1,"13,48723","52,46571"
10735,200038,Berlin,10,2019,9,19,4,3,0,3,2,0,1,0,1,0,0,1,"13,53978","52,54008"
10736,200039,Berlin,4,2019,10,9,4,2,6,4,0,0,1,1,0,0,0,1,"13,28052","52,5185"
10737,200040,Berlin,10,2019,10,16,4,3,2,6,0,0,1,0,0,0,1,0,"13,60428","52,5402"
10738,200041,Berlin,1,2019,9,19,4,2,6,4,2,0,0,1,0,0,1,0,"13,37304","52,52758"
10739,200042,Berlin,9,2019,10,20,3,3,1,1,2,1,1,0,0,0,0,1,"13,57864","52,44384"
10740,200043,Berlin,2,2019,9,19,4,3,5,2,2,1,1,0,0,0,0,1,"13,422","52,48699"
10741,200044,Berlin,8,2019,10,19,3,3,6,4,2,0,1,1,0,0,0,1,"13,44791","52,47776"
10742,200045,Berlin,10,2019,9,19,4,3,5,3,2,1,1,0,0,0,0,1,"13,60615","52,52463"
10743,200046,Berlin,11,2019,10,20,3,3,5,2,2,1,1,0,0,0,0,1,"13,48076","52,49912"
10744,200047,Berlin,7,2019,9,19,4,3,5,2,2,1,1,0,0,0,0,1,"13,32202","52,47354"
10745,200048,Berlin,7,2019,10,19,3,3,5,3,2,0,1,0,0,0,0,1,"13,34755","52,48709"
10746,200049,Berlin,5,2019,10,18,3,3,5,2,0,0,1,0,0,0,0,0,"13,19964","52,53462"
10747,200050,Berlin,1,2019,9,14,4,3,0,6,0,0,1,0,0,0,1,0,"13,38332","52,51142"
10748,200051,Berlin,1,2019,9,18,4,3,1,1,1,0,1,0,0,0,0,1,"13,36338","52,55656"
10749,200052,Berlin,3,2019,10,15,3,3,5,2,0,1,1,0,0,0,0,0,"13,41192","52,54104"
10750,200053,Berlin,12,2019,9,17,4,2,5,3,0,0,1,0,0,0,1,1,"13,33213","52,56178"
10751,200054,Berlin,11,2019,10,21,3,3,6,7,2,1,0,1,0,0,0,1,"13,52423","52,55423"
10752,200055,Berlin,2,2019,9,17,4,3,5,3,0,1,1,0,0,0,0,1,"13,46331","52,50828"
10753,200056,Berlin,8,2019,10,11,3,3,6,7,0,0,1,1,0,0,0,1,"13,43556","52,4809"
10754,200057,Berlin,1,2019,10,17,3,3,5,3,0,0,1,0,0,0,1,1,"13,36579","52,55714"
10755,200058,Berlin,2,2019,9,17,4,3,5,3,0,1,1,0,0,0,0,1,"13,39615","52,49838"
10756,200059,Berlin,1,2019,9,17,4,3,5,3,0,1,1,0,0,0,0,1,"13,40439","52,5331"
10757,200060,Berlin,6,2019,10,17,3,3,5,3,1,1,1,0,0,0,0,1,"13,33714","52,44561"
10758,200061,Berlin,1,2019,10,16,3,3,5,3,0,0,1,0,0,0,1,0,"13,34827","52,50682"
10759,200062,Berlin,7,2019,9,17,4,3,5,3,0,1,1,0,0,0,0,1,"13,32868","52,47293"
10760,200063,Berlin,1,2019,10,15,3,3,6,7,0,0,0,1,0,0,1,1,"13,39293","52,54878"
10761,200064,Berlin,6,2019,9,16,4,3,5,3,0,1,1,0,0,0,0,1,"13,22915","52,42643"
10762,200065,Berlin,7,2019,10,16,3,3,5,2,0,0,1,0,1,0,0,1,"13,34592","52,49886"
10763,200066,Berlin,6,2019,10,15,3,3,0,3,0,1,1,0,0,0,0,1,"13,21762","52,4344"
10764,200067,Berlin,2,2019,9,20,4,2,0,1,2,0,0,0,1,0,0,1,"13,4174","52,49902"
10765,200068,Berlin,4,2019,10,15,3,3,0,1,0,0,1,0,0,0,1,1,"13,29971","52,50047"
10766,200069,Berlin,5,2019,9,16,4,3,6,4,0,0,1,1,0,0,0,1,"13,15398","52,54926"
10767,200070,Berlin,5,2019,10,15,3,3,0,7,0,0,0,0,1,0,0,1,"13,20648","52,54326"
10768,200071,Berlin,4,2019,9,16,4,3,0,6,0,0,1,0,1,0,0,1,"13,32354","52,49332"
10769,200072,Berlin,4,2019,10,15,3,2,5,2,0,0,1,0,0,0,0,1,"13,29742","52,52647"
10770,200073,Berlin,1,2019,9,18,4,3,0,7,1,0,0,0,1,0,0,1,"13,38043","52,55603"
10771,200074,Berlin,4,2019,10,15,3,3,2,6,0,1,1,0,0,0,0,0,"13,32916","52,50936"
10772,200075,Berlin,2,2019,10,14,3,2,3,6,0,0,1,0,0,1,0,1,"13,44948","52,52679"
10773,200076,Berlin,5,2019,9,16,4,3,4,1,0,0,1,0,0,0,0,1,"13,23622","52,55011"
10774,200077,Berlin,1,2019,9,8,4,3,5,2,0,1,1,0,0,0,0,0,"13,33976","52,51889"
10775,200078,Berlin,2,2019,10,14,3,3,3,6,0,1,1,0,0,0,0,1,"13,45119","52,52662"
10776,200079,Berlin,1,2019,10,14,3,3,2,6,0,0,1,0,0,0,1,1,"13,3587","52,55373"
10777,200080,Berlin,1,2019,9,8,4,3,2,6,0,1,1,0,0,0,0,1,"13,39159","52,51211"
10778,200081,Berlin,5,2019,10,14,3,3,5,3,0,1,1,0,0,0,0,1,"13,20471","52,54431"
10779,200082,Berlin,2,2019,9,16,4,3,8,1,0,0,1,1,0,0,0,1,"13,43192","52,50569"
10780,200083,Berlin,2,2019,10,14,3,3,2,3,0,0,1,0,0,0,0,1,"13,42396","52,51329"
10781,200084,Berlin,11,2019,9,16,4,3,5,3,0,1,1,0,0,0,0,1,"13,48654","52,55206"
10782,200085,Berlin,4,2019,10,14,3,3,5,2,0,1,1,0,0,0,0,1,"13,33161","52,51334"
10783,200086,Berlin,6,2019,9,16,4,3,0,6,0,0,0,0,1,0,0,1,"13,34962","52,44946"
10784,200087,Berlin,4,2019,10,14,3,3,6,4,0,1,0,1,0,0,0,1,"13,31668","52,50051"
10785,200088,Berlin,7,2019,9,15,4,3,5,3,1,0,1,0,0,0,0,1,"13,37207","52,4556"
10786,200089,Berlin,7,2019,10,13,3,3,2,6,0,0,1,0,1,0,0,1,"13,38859","52,43916"
10787,200090,Berlin,5,2019,9,15,4,3,2,6,0,0,1,0,0,0,0,1,"13,19729","52,56089"
10788,200091,Berlin,4,2019,10,13,3,3,2,6,0,0,1,0,0,0,0,1,"13,32041","52,506"
10789,200092,Berlin,4,2019,10,12,3,3,2,6,0,0,1,0,0,0,0,1,"13,3012","52,4947"
10790,200093,Berlin,6,2019,9,12,4,3,2,6,0,0,1,0,0,0,1,1,"13,35072","52,43397"
10791,200094,Berlin,1,2019,10,12,3,3,5,3,0,1,0,0,0,0,1,1,"13,36976","52,55974"
10792,200095,Berlin,1,2019,9,15,4,3,2,6,0,0,1,0,1,0,0,1,"13,3798","52,55639"
10793,200096,Berlin,12,2019,10,11,3,3,2,3,0,0,1,0,0,0,1,1,"13,33543","52,59567"
10794,200097,Berlin,2,2019,9,12,4,3,5,3,0,1,1,0,0,0,0,1,"13,43419","52,52332"
10795,200098,Berlin,9,2019,10,11,3,3,2,6,0,0,1,0,0,0,0,1,"13,61821","52,45543"
10796,200099,Berlin,10,2019,9,12,4,3,0,1,0,0,0,0,1,0,0,1,"13,5907","52,51425"
10797,200100,Berlin,3,2019,10,11,3,3,6,4,0,0,1,1,0,0,0,1,"13,42187","52,56271"
10798,200101,Berlin,4,2019,10,8,3,2,5,7,0,0,1,0,0,0,0,1,"13,29994","52,51839"
10799,200102,Berlin,7,2019,9,11,4,3,1,5,0,0,1,0,0,0,0,1,"13,3532","52,41669"
10800,200103,Berlin,3,2019,9,11,4,3,6,4,0,0,1,1,0,0,0,1,"13,43235","52,5353"
10801,200104,Berlin,3,2019,10,7,3,3,2,6,0,0,1,0,0,0,1,1,"13,48082","52,56649"
10802,200105,Berlin,9,2019,10,7,3,2,6,4,0,0,1,1,0,0,0,1,"13,44142","52,49071"
10803,200106,Berlin,4,2019,9,11,4,3,0,5,0,1,1,0,0,0,0,0,"13,28499","52,49241"
10804,200107,Berlin,11,2019,10,11,3,3,5,2,0,0,1,0,0,0,1,1,"13,48681","52,55222"
10805,200108,Berlin,6,2019,9,10,4,3,2,2,0,0,1,0,0,0,0,1,"13,34771","52,43529"
10806,200109,Berlin,3,2019,10,10,3,3,0,2,0,1,1,0,0,0,0,1,"13,39033","52,61857"
10807,200110,Berlin,9,2019,10,7,3,3,5,3,0,1,1,0,0,0,0,1,"13,6187","52,45528"
10808,200111,Berlin,7,2019,9,10,4,3,2,2,0,0,1,0,0,0,0,1,"13,38559","52,4661"
10809,200112,Berlin,2,2019,10,10,3,3,6,2,0,0,1,1,0,0,0,1,"13,39554","52,49834"
10810,200113,Berlin,1,2019,10,5,3,3,2,6,2,0,1,0,0,1,0,1,"13,32998","52,52721"
10811,200114,Berlin,4,2019,9,10,4,3,6,4,0,1,0,1,0,0,0,1,"13,28924","52,51896"
10812,200115,Berlin,4,2019,10,9,3,3,5,3,0,1,1,0,0,0,0,1,"13,32185","52,49307"
10813,200116,Berlin,2,2019,10,0,3,3,1,6,2,0,1,0,0,1,1,0,"13,40245","52,4983"
10814,200117,Berlin,6,2019,9,15,4,2,5,3,0,0,1,0,0,1,0,1,"13,31331","52,42298"
10815,200118,Berlin,3,2019,10,9,3,3,5,3,0,1,0,0,0,0,0,1,"13,43056","52,5518"
10816,200119,Berlin,1,2019,9,10,4,3,2,6,0,0,1,0,0,0,0,1,"13,38929","52,55015"
10817,200120,Berlin,11,2019,9,9,2,3,2,6,0,0,1,0,0,0,0,1,"13,51232","52,56804"
10818,200121,Berlin,8,2019,9,10,4,3,5,3,0,0,1,0,0,0,0,1,"13,4447","52,42631"
10819,200122,Berlin,1,2019,9,16,2,2,1,5,0,0,1,0,1,0,0,1,"13,38072","52,52833"
10820,200123,Berlin,1,2019,9,15,4,3,0,3,0,0,0,0,1,0,1,1,"13,36929","52,54619"
10821,200124,Berlin,10,2019,9,15,2,3,5,2,0,0,1,0,0,0,0,0,"13,53959","52,5398"
10822,200125,Berlin,6,2019,9,19,2,3,2,6,1,0,1,0,0,0,0,1,"13,34734","52,44993"
10823,200126,Berlin,9,2019,9,14,4,3,5,3,0,1,1,0,0,0,0,1,"13,52662","52,44543"
10824,200127,Berlin,1,2019,9,9,4,3,2,6,0,0,1,0,0,0,0,1,"13,36599","52,55715"
10825,200128,Berlin,6,2019,9,19,2,3,5,3,2,1,1,0,0,0,0,1,"13,30324","52,40885"
10826,200129,Berlin,10,2019,9,17,2,3,5,2,0,1,1,0,0,0,0,0,"13,62676","52,52998"
10827,200130,Berlin,4,2019,9,14,4,3,3,6,0,0,1,0,0,0,0,1,"13,27369","52,50837"
10828,200131,Berlin,4,2019,9,18,2,3,2,6,0,0,1,0,0,0,0,1,"13,29979","52,48743"
10829,200132,Berlin,12,2019,9,14,4,3,0,7,0,0,0,0,1,0,0,1,"13,2666","52,59808"
10830,200133,Berlin,1,2019,9,17,2,3,5,3,2,0,1,0,0,0,0,0,"13,39415","52,51149"
10831,200134,Berlin,10,2019,9,13,4,3,6,2,0,0,1,1,0,0,0,0,"13,60475","52,53655"
10832,200135,Berlin,4,2019,9,14,2,3,5,7,0,0,1,0,0,0,0,1,"13,30842","52,48765"
10833,200136,Berlin,4,2019,9,12,4,3,4,6,0,0,1,0,0,0,0,0,"13,31994","52,47884"
10834,200137,Berlin,4,2019,10,18,4,3,0,4,1,1,0,1,0,0,0,1,"13,31357","52,50427"
10835,200138,Berlin,1,2019,10,18,4,3,0,3,1,1,1,0,0,0,0,1,"13,34929","52,5085"
10836,200139,Berlin,9,2019,10,12,4,3,6,4,0,0,1,1,0,0,0,0,"13,51607","52,46452"
10837,200140,Berlin,5,2019,10,17,4,3,2,6,0,0,1,0,0,0,1,1,"13,22529","52,5374"
10838,200141,Berlin,1,2019,10,17,4,3,2,6,0,0,1,0,0,0,0,1,"13,40092","52,52963"
10839,200142,Berlin,1,2019,10,0,4,2,0,1,2,0,0,0,1,0,0,0,"13,40359","52,53344"
10840,200143,Berlin,7,2019,10,11,4,3,5,3,0,1,1,0,0,0,0,1,"13,36344","52,47862"
10841,200144,Berlin,4,2019,10,11,4,2,6,2,0,0,1,1,0,0,0,1,"13,30065","52,47395"
10842,200145,Berlin,3,2019,10,11,4,3,2,6,0,0,1,0,1,0,0,1,"13,41458","52,54756"
10843,200146,Berlin,9,2019,10,9,4,3,5,3,0,1,1,0,0,0,0,1,"13,56603","52,44506"
10844,200147,Berlin,1,2019,10,9,4,3,5,7,0,0,0,0,1,0,1,1,"13,37688","52,54345"