,id,city,district,year,month,hour,weekday,injury_level,collision,movement,light_conditions,bicycle,car,pedestrian,motorbike,truck,other_vehicle,road_conditions,longitude,latitude
10845,200148,Berlin,3,2019,10,9,4,3,1,5,0,1,0,0,0,1,0,1,"13,42463","52,54714"
10846,200149,Berlin,5,2019,10,9,4,3,2,6,0,0,1,0,0,0,1,1,"13,20775","52,5387"
10847,200150,Berlin,3,2019,10,9,4,3,5,2,0,1,1,0,0,0,0,1,"13,42264","52,54459"
10848,200151,Berlin,12,2019,10,8,4,3,5,3,0,0,1,0,0,0,0,1,"13,33417","52,61047"
10849,200152,Berlin,1,2019,10,8,4,3,0,7,0,0,1,0,0,0,1,1,"13,37937","52,5295"
10850,200153,Berlin,9,2019,10,8,4,3,0,3,0,0,1,0,1,0,0,1,"13,52681","52,43768"
10851,200154,Berlin,4,2019,10,7,4,3,5,5,0,1,1,0,0,0,0,1,"13,32195","52,48181"
10852,200155,Berlin,3,2019,10,7,4,3,6,4,1,0,0,1,1,0,0,0,"13,43337","52,55823"
10853,200156,Berlin,8,2019,10,6,4,3,5,2,2,1,1,0,0,0,0,0,"13,43621","52,44908"
10854,200157,Berlin,4,2019,10,19,4,1,6,4,2,0,1,1,1,0,0,1,"13,28765","52,47757"
10855,200158,Berlin,9,2019,10,15,3,3,3,6,0,1,0,0,0,0,0,0,"13,57504","52,4443"
10856,200159,Berlin,2,2019,10,18,3,3,0,1,1,0,0,0,1,0,0,0,"13,41828","52,49377"
10857,200160,Berlin,3,2019,10,15,3,2,5,3,0,1,1,0,0,0,0,0,"13,44367","52,546"
10858,200161,Berlin,2,2019,10,22,3,3,1,5,2,1,1,0,0,0,1,0,"13,43096","52,50619"
10859,200162,Berlin,1,2019,10,22,3,3,3,6,2,0,1,0,1,0,0,0,"13,37932","52,52949"
10860,200163,Berlin,1,2019,10,13,4,3,6,2,0,0,1,1,0,0,0,1,"13,37189","52,50906"
10861,200164,Berlin,2,2019,10,21,3,3,1,5,2,1,1,0,0,0,0,0,"13,45484","52,51018"
10862,200165,Berlin,4,2019,10,20,3,3,5,7,2,1,1,0,0,0,0,0,"13,29425","52,49772"
10863,200166,Berlin,7,2019,10,20,3,3,2,6,2,0,1,0,0,0,0,0,"13,39185","52,4398"
10864,200167,Berlin,1,2019,10,18,3,3,0,1,1,0,0,0,1,0,0,0,"13,3842","52,55573"
10865,200168,Berlin,5,2019,10,16,3,3,0,4,0,0,0,1,0,0,1,0,"13,21854","52,55851"
10866,200169,Berlin,10,2019,10,15,3,3,5,2,0,0,1,0,0,0,1,0,"13,53958","52,5398"
10867,200170,Berlin,9,2019,10,15,3,3,4,6,0,0,1,0,0,0,0,0,"13,56645","52,47326"
10868,200171,Berlin,1,2019,10,11,3,2,0,5,0,0,1,0,1,0,1,0,"13,37732","52,50836"
10869,200172,Berlin,7,2019,10,14,3,3,1,5,0,1,0,0,1,0,0,0,"13,35376","52,49475"
10870,200173,Berlin,11,2019,10,11,3,2,5,3,0,0,1,1,0,0,0,0,"13,47955","52,52055"
10871,200174,Berlin,6,2019,10,11,3,3,0,1,0,1,0,0,0,0,0,1,"13,30048","52,44681"
10872,200175,Berlin,9,2019,10,11,3,3,5,2,0,1,0,0,0,1,0,0,"13,51458","52,46889"
10873,200176,Berlin,1,2019,10,11,3,3,5,2,0,1,0,0,0,0,0,0,"13,39881","52,52888"
10874,200177,Berlin,5,2019,10,10,3,3,5,2,0,1,1,0,0,0,0,0,"13,19594","52,52729"
10875,200178,Berlin,4,2019,10,9,3,3,1,5,0,1,1,0,0,0,0,1,"13,31705","52,47022"
10876,200179,Berlin,1,2019,10,8,3,3,5,3,0,1,0,1,0,0,0,0,"13,38414","52,5101"
10877,200180,Berlin,4,2019,10,8,3,3,2,6,0,0,1,0,0,0,0,0,"13,32325","52,51118"
10878,200181,Berlin,1,2019,10,9,3,3,4,6,0,1,1,0,0,0,0,0,"13,42367","52,5091"
10879,200182,Berlin,3,2019,10,14,3,3,6,4,0,1,0,1,0,0,0,0,"13,40629","52,531"
10880,200183,Berlin,1,2019,10,8,3,3,2,2,0,1,1,0,0,0,0,0,"13,38993","52,50944"
10881,200184,Berlin,7,2019,10,14,3,3,6,7,0,0,0,1,0,0,1,0,"13,40438","52,43952"
10882,200185,Berlin,1,2019,10,18,3,3,0,2,1,0,1,0,1,0,0,0,"13,31519","52,52808"
10883,200186,Berlin,1,2019,10,14,3,3,2,6,0,0,1,0,0,0,0,0,"13,35827","52,50121"
10884,200187,Berlin,9,2019,10,8,3,3,0,3,0,0,1,0,1,0,0,0,"13,50514","52,44505"
10885,200188,Berlin,2,2019,10,7,3,2,2,6,0,0,1,0,1,0,0,0,"13,41853","52,49878"
10886,200189,Berlin,10,2019,10,18,3,3,2,7,1,0,1,0,0,0,0,0,"13,57191","52,56839"
10887,200190,Berlin,5,2019,10,7,3,3,0,6,0,0,1,0,1,0,0,0,"13,24182","52,53854"
10888,200191,Berlin,5,2019,10,6,3,3,5,3,1,1,1,0,0,0,0,0,"13,20535","52,54178"
10889,200192,Berlin,5,2019,10,17,3,3,5,2,0,1,1,0,0,0,0,0,"13,17803","52,54866"
10890,200193,Berlin,2,2019,10,17,3,3,5,3,0,1,0,0,0,1,0,0,"13,43091","52,5128"
10891,200194,Berlin,8,2019,10,13,3,3,2,6,0,0,1,0,0,0,0,0,"13,43244","52,48524"
10892,200195,Berlin,1,2019,10,17,3,3,5,2,0,0,1,0,1,0,0,0,"13,34571","52,53814"
10893,200196,Berlin,12,2019,10,12,3,3,6,2,0,0,0,1,0,0,1,0,"13,31497","52,61029"
10894,200197,Berlin,8,2019,10,15,3,3,2,6,0,0,1,0,0,0,0,0,"13,43414","52,44308"
10895,200198,Berlin,3,2019,10,12,3,3,5,2,0,0,0,0,1,0,1,0,"13,43231","52,54381"
10896,200199,Berlin,9,2019,10,16,3,3,2,6,0,0,0,0,0,0,1,0,"13,49609","52,46625"
10897,200200,Berlin,7,2019,10,21,2,2,5,3,2,0,1,0,1,0,0,0,"13,40011","52,45907"
10898,200201,Berlin,4,2019,10,21,2,3,6,7,2,0,0,1,0,1,0,0,"13,29316","52,53676"
10899,200202,Berlin,1,2019,10,20,2,3,2,6,2,1,1,0,0,0,0,0,"13,35523","52,53485"
10900,200203,Berlin,2,2019,10,19,2,3,5,2,2,1,1,0,0,0,0,0,"13,45282","52,51241"
10901,200204,Berlin,3,2019,10,18,2,3,2,2,1,1,1,0,0,0,0,0,"13,45779","52,52903"
10902,200205,Berlin,1,2019,10,18,2,3,6,4,1,1,0,1,0,0,0,0,"13,37774","52,50802"
10903,200206,Berlin,4,2019,10,18,2,3,5,2,1,1,1,0,0,0,0,0,"13,28101","52,47694"
10904,200207,Berlin,1,2019,10,17,2,3,5,2,0,1,1,0,0,0,0,0,"13,36433","52,50998"
10905,200208,Berlin,8,2019,10,17,2,2,1,5,0,0,1,0,0,0,0,0,"13,43528","52,43427"
10906,200209,Berlin,12,2019,10,17,2,3,1,5,1,0,1,0,0,0,0,0,"13,35086","52,56808"
10907,200210,Berlin,6,2019,10,16,2,2,0,6,0,0,1,0,0,0,1,0,"13,31873","52,45457"
10908,200211,Berlin,10,2019,10,15,2,3,5,2,0,1,0,0,0,0,1,0,"13,54013","52,52566"
10909,200212,Berlin,3,2019,10,15,2,3,5,7,0,0,0,0,0,0,1,0,"13,4112","52,53999"
10910,200213,Berlin,2,2019,10,15,2,2,6,4,0,0,1,1,0,0,0,0,"13,39592","52,50705"
10911,200214,Berlin,2,2019,10,9,2,3,2,2,0,1,1,0,0,0,0,0,"13,39961","52,49429"
10912,200215,Berlin,11,2019,10,15,2,3,5,5,0,0,1,0,0,0,0,0,"13,51016","52,49031"
10913,200216,Berlin,8,2019,10,15,2,3,0,6,0,1,0,0,0,0,1,0,"13,44806","52,4876"
10914,200217,Berlin,5,2019,10,11,2,2,5,3,0,1,0,0,1,0,0,0,"13,18661","52,53259"
10915,200218,Berlin,9,2019,10,11,2,3,0,6,0,1,0,0,0,0,1,0,"13,62495","52,45286"
10916,200219,Berlin,9,2019,10,11,2,2,0,7,0,1,0,0,0,0,0,0,"13,59072","52,44656"
10917,200220,Berlin,1,2019,10,15,2,3,2,6,0,0,1,0,1,0,0,0,"13,39032","52,53559"
10918,200221,Berlin,2,2019,10,8,2,3,2,6,0,0,1,0,1,0,0,0,"13,46907","52,50243"
10919,200222,Berlin,5,2019,10,14,2,3,2,2,0,0,1,0,0,0,0,0,"13,24753","52,53829"
10920,200223,Berlin,1,2019,10,8,2,3,2,6,0,0,1,0,0,0,0,0,"13,36422","52,54363"
10921,200224,Berlin,12,2019,10,7,2,3,5,2,0,0,1,0,0,0,0,0,"13,32911","52,56721"
10922,200225,Berlin,7,2019,10,13,2,3,2,3,0,0,1,0,1,0,0,0,"13,3822","52,39941"
10923,200226,Berlin,11,2019,10,10,2,2,6,4,0,0,1,1,0,0,0,0,"13,49786","52,5469"
10924,200227,Berlin,6,2019,10,6,2,3,1,5,1,1,1,0,0,0,0,0,"13,3082","52,44296"
10925,200228,Berlin,4,2019,10,10,2,3,5,2,0,0,1,0,0,0,0,0,"13,28683","52,49583"
10926,200229,Berlin,8,2019,10,14,2,3,6,2,0,0,1,1,0,0,0,0,"13,43338","52,464"
10927,200230,Berlin,3,2019,10,6,2,3,5,3,2,1,1,0,0,0,0,1,"13,4491","52,52886"
10928,200231,Berlin,9,2019,10,10,2,3,5,5,0,0,1,0,0,0,0,0,"13,50767","52,45317"
10929,200232,Berlin,10,2019,10,13,2,2,0,3,0,0,1,0,1,0,0,0,"13,53863","52,52464"
10930,200233,Berlin,4,2019,10,10,2,3,5,2,0,0,1,0,1,0,0,0,"13,28283","52,51864"
10931,200234,Berlin,4,2019,10,13,2,3,5,3,0,1,1,0,0,0,0,0,"13,30651","52,52893"
10932,200235,Berlin,10,2019,10,9,2,3,5,2,0,0,1,0,0,0,0,0,"13,58375","52,51494"
10933,200236,Berlin,2,2019,10,9,2,3,2,6,0,0,1,0,1,0,0,0,"13,40055","52,49842"
10934,200237,Berlin,3,2019,10,12,2,2,5,3,0,1,1,0,0,0,0,0,"13,41185","52,54105"
10935,200238,Berlin,7,2019,10,9,2,3,0,1,0,1,0,0,0,0,0,0,"13,37732","52,47638"
10936,200239,Berlin,2,2019,10,8,2,3,0,7,0,0,0,0,1,0,0,1,"13,40266","52,50369"
10937,200240,Berlin,7,2019,10,12,2,3,2,6,0,0,1,0,0,0,0,0,"13,37798","52,47296"
10938,200241,Berlin,8,2019,10,16,1,3,5,3,0,1,1,0,0,0,0,0,"13,42765","52,48113"
10939,200242,Berlin,3,2019,10,22,1,2,3,6,2,1,0,0,0,0,1,0,"13,40831","52,56595"
10940,200243,Berlin,3,2019,10,17,1,3,4,6,0,1,0,0,0,0,0,0,"13,4288","52,58054"
10941,200244,Berlin,9,2019,10,16,1,3,2,6,0,0,1,0,0,0,0,1,"13,59244","52,43861"
10942,200245,Berlin,12,2019,10,16,1,3,0,1,0,0,0,0,1,0,0,0,"13,36585","52,6046"
10943,200246,Berlin,3,2019,10,15,1,3,2,6,0,0,1,0,1,0,0,0,"13,37561","52,5811"
10944,200247,Berlin,1,2019,10,15,1,2,2,6,0,0,1,0,1,0,0,0,"13,34949","52,50332"
10945,200248,Berlin,1,2019,10,13,1,3,5,3,0,1,0,0,1,0,0,0,"13,37103","52,5111"
10946,200249,Berlin,12,2019,10,13,1,3,5,2,0,0,1,0,0,0,1,0,"13,32185","52,56057"
10947,200250,Berlin,4,2019,10,13,1,3,5,5,0,0,1,0,1,0,0,0,"13,31189","52,49135"
10948,200251,Berlin,4,2019,10,12,1,3,2,6,0,0,1,0,0,0,0,0,"13,2818","52,51106"
10949,200252,Berlin,8,2019,10,11,1,3,6,2,0,0,1,1,0,0,0,0,"13,41702","52,41822"
10950,200253,Berlin,3,2019,10,10,1,3,5,3,0,0,1,0,0,0,0,0,"13,47017","52,55361"
10951,200254,Berlin,11,2019,10,9,1,3,5,7,0,1,1,0,0,0,0,0,"13,52044","52,56872"
10952,200255,Berlin,2,2019,10,7,1,3,6,7,0,0,1,1,0,0,0,0,"13,43214","52,51062"
10953,200256,Berlin,4,2019,10,6,1,3,5,7,2,0,1,0,0,0,0,0,"13,31459","52,5475"
10954,200257,Berlin,1,2019,10,22,1,3,5,3,2,0,1,0,0,0,0,1,"13,41774","52,50661"
10955,200258,Berlin,3,2019,10,22,1,2,3,6,2,1,0,0,0,0,1,0,"13,40836","52,56597"
10956,200259,Berlin,2,2019,10,20,1,3,5,3,2,0,1,0,1,0,0,1,"13,43493","52,50147"
10957,200260,Berlin,4,2019,10,20,1,3,0,1,2,1,0,0,0,0,0,0,"13,31373","52,51808"
10958,200261,Berlin,4,2019,10,16,4,3,5,2,0,0,1,0,1,0,0,1,"13,30013","52,49442"
10959,200262,Berlin,1,2019,10,17,3,3,0,1,1,0,1,0,0,0,1,1,"13,3858","52,52837"
10960,200263,Berlin,4,2019,10,19,1,3,0,1,2,0,0,0,1,0,0,1,"13,31995","52,4685"
10961,200264,Berlin,11,2019,10,19,1,3,0,1,2,0,0,0,1,0,0,1,"13,47577","52,51224"
10962,200265,Berlin,2,2019,10,18,1,3,0,2,2,1,1,0,0,0,0,1,"13,4123","52,49867"
10963,200266,Berlin,4,2019,10,18,1,3,0,1,1,0,0,0,1,0,0,0,"13,31919","52,50148"
10964,200267,Berlin,7,2019,10,13,7,3,2,2,0,0,1,0,0,0,0,0,"13,37833","52,4518"
10965,200268,Berlin,6,2019,10,13,7,3,2,2,0,0,1,0,0,0,0,0,"13,27517","52,46089"
10966,200269,Berlin,1,2019,10,18,7,3,0,5,1,0,1,0,1,0,0,0,"13,34863","52,53802"
10967,200270,Berlin,2,2019,10,15,4,2,6,4,0,0,1,1,0,0,0,1,"13,46882","52,50247"
10968,200271,Berlin,6,2019,10,23,7,2,0,1,2,1,0,0,0,0,0,0,"13,3001","52,43988"
10969,200272,Berlin,3,2019,10,23,7,2,2,6,2,0,1,0,1,0,0,0,"13,4527","52,534"
10970,200273,Berlin,1,2019,10,15,4,3,6,4,0,0,0,1,1,0,0,1,"13,39554","52,52896"
10971,200274,Berlin,1,2019,10,22,7,2,5,2,1,1,1,0,0,0,0,0,"13,34507","52,55429"
10972,200275,Berlin,8,2019,10,21,7,3,5,2,2,0,1,0,0,0,1,0,"13,45406","52,4826"
10973,200276,Berlin,4,2019,10,22,7,3,5,2,2,0,1,0,0,0,1,0,"13,29542","52,53961"
10974,200277,Berlin,1,2019,10,22,7,3,6,2,2,0,1,1,0,0,0,0,"13,40996","52,51061"
10975,200278,Berlin,8,2019,10,19,7,3,0,5,2,0,1,0,0,0,1,0,"13,435","52,4611"
10976,200279,Berlin,1,2019,10,18,7,3,1,5,2,0,1,0,0,0,1,0,"13,33342","52,55957"
10977,200280,Berlin,12,2019,10,18,7,3,6,2,2,0,0,1,0,0,1,0,"13,29138","52,58103"
10978,200281,Berlin,12,2019,10,16,7,2,5,3,0,1,1,0,0,0,0,0,"13,31903","52,61136"
10979,200282,Berlin,8,2019,10,15,7,3,5,3,0,0,1,0,0,0,0,0,"13,45","52,42801"
10980,200283,Berlin,5,2019,10,15,7,2,0,6,0,0,1,0,0,0,1,0,"13,19574","52,52961"
10981,200284,Berlin,7,2019,10,14,7,3,5,2,0,1,1,0,0,0,0,0,"13,37602","52,40912"
10982,200285,Berlin,7,2019,10,14,7,3,5,7,0,0,1,0,1,0,0,0,"13,34599","52,49883"
10983,200286,Berlin,10,2019,10,13,7,3,0,6,0,0,1,0,0,0,1,0,"13,54292","52,54242"
10984,200287,Berlin,4,2019,10,12,7,3,5,3,0,1,0,0,1,0,0,0,"13,31439","52,51067"
10985,200288,Berlin,10,2019,10,12,7,3,5,2,0,0,0,0,0,0,1,0,"13,59041","52,5295"
10986,200289,Berlin,9,2019,10,12,7,3,5,3,0,1,1,0,0,0,0,0,"13,52677","52,43767"
10987,200290,Berlin,6,2019,10,12,7,3,5,3,0,0,1,0,0,0,0,0,"13,31951","52,4594"
10988,200291,Berlin,11,2019,10,11,7,3,5,3,0,1,1,0,0,0,0,0,"13,52141","52,49988"
10989,200292,Berlin,11,2019,10,11,7,3,3,6,0,1,0,0,0,0,1,0,"13,49976","52,52616"
10990,200293,Berlin,11,2019,10,10,7,3,3,6,0,1,1,0,0,0,0,0,"13,48514","52,5232"
10991,200294,Berlin,3,2019,10,10,7,3,5,3,0,0,1,0,0,0,0,0,"13,44377","52,57234"
10992,200295,Berlin,11,2019,10,10,7,3,0,3,0,0,1,0,1,0,0,0,"13,52042","52,57031"
10993,200296,Berlin,4,2019,10,9,7,3,5,7,0,0,1,0,1,0,0,0,"13,30637","52,52718"
10994,200297,Berlin,8,2019,10,1,7,3,5,3,2,0,1,0,1,0,0,0,"13,43056","52,49256"
10995,200298,Berlin,5,2019,10,0,7,3,6,4,2,0,1,1,0,0,0,0,"13,20112","52,5342"
10996,200299,Berlin,2,2019,10,19,6,3,0,6,2,0,1,0,1,0,0,0,"13,43572","52,52337"
10997,200300,Berlin,1,2019,10,10,6,2,6,4,0,1,0,1,0,0,0,1,"13,38347","52,51839"
10998,200301,Berlin,11,2019,10,20,6,3,6,4,2,0,1,1,0,0,0,1,"13,50143","52,48281"
10999,200302,Berlin,1,2019,10,14,6,3,5,7,0,1,0,0,0,0,1,0,"13,42646","52,5081"
11000,200303,Berlin,5,2019,10,13,6,3,5,2,0,0,1,0,0,0,0,0,"13,18886","52,52175"
11001,200304,Berlin,8,2019,10,13,6,3,2,6,0,0,1,0,0,0,0,0,"13,44357","52,4642"
11002,200305,Berlin,11,2019,10,19,6,2,5,3,2,0,1,0,0,0,1,1,"13,4718","52,53199"
11003,200306,Berlin,1,2019,10,10,6,3,0,6,0,1,1,0,0,0,0,0,"13,35673","52,53561"
11004,200307,Berlin,6,2019,10,19,6,3,5,3,2,0,1,0,0,0,0,1,"13,36376","52,43966"
11005,200308,Berlin,3,2019,10,19,6,3,1,5,2,1,1,0,0,0,0,1,"13,41426","52,53831"
11006,200309,Berlin,2,2019,10,17,6,3,5,2,1,1,1,0,0,0,0,1,"13,44202","52,50092"
11007,200310,Berlin,4,2019,10,19,6,3,5,2,2,1,1,0,0,0,0,1,"13,27994","52,52044"
11008,200311,Berlin,12,2019,10,6,6,3,2,6,1,0,1,0,0,0,0,0,"13,227","52,62686"
11009,200312,Berlin,2,2019,10,12,4,3,0,3,0,1,1,0,0,0,0,1,"13,45203","52,51069"
11010,200313,Berlin,6,2019,10,18,6,3,5,3,2,0,1,0,0,0,0,1,"13,28593","52,44973"
11011,200314,Berlin,5,2019,10,5,6,3,6,4,2,0,0,1,1,0,0,0,"13,27716","52,53506"
11012,200315,Berlin,2,2019,10,17,6,3,5,3,1,1,1,0,0,0,0,1,"13,41215","52,49871"
11013,200316,Berlin,1,2019,10,17,6,3,5,7,1,0,1,0,1,0,0,0,"13,38347","52,55131"
11014,200317,Berlin,7,2019,10,16,6,3,2,6,0,0,1,0,0,0,0,1,"13,36192","52,41417"
11015,200318,Berlin,6,2019,10,16,6,2,5,5,0,0,1,0,0,0,0,1,"13,26605","52,41537"
11016,200319,Berlin,7,2019,10,15,6,3,5,2,0,0,1,0,1,0,0,0,"13,40232","52,38668"
11017,200320,Berlin,11,2019,10,14,6,3,2,6,0,0,1,0,0,0,0,0,"13,48807","52,5418"
11018,200321,Berlin,1,2019,10,14,6,3,0,5,0,0,0,1,0,0,1,0,"13,32862","52,52926"
11019,200322,Berlin,4,2019,10,20,6,3,5,7,2,0,1,0,0,0,0,1,"13,29765","52,50189"
11020,200323,Berlin,8,2019,10,14,4,3,3,6,0,0,1,0,0,0,1,1,"13,42941","52,45517"
11021,200324,Berlin,4,2019,10,15,6,3,2,6,0,0,1,0,0,0,1,0,"13,28275","52,53387"
11022,200325,Berlin,2,2019,10,16,5,3,6,6,0,0,0,1,0,0,1,1,"13,40178","52,50612"
11023,200326,Berlin,1,2019,10,19,5,3,5,3,2,1,0,0,0,0,0,0,"13,39408","52,50791"
11024,200327,Berlin,8,2019,10,23,5,3,2,6,2,0,1,0,0,0,0,1,"13,42642","52,47696"
11025,200328,Berlin,1,2019,10,22,5,3,2,6,2,0,1,0,0,0,0,1,"13,35261","52,55926"
11026,200329,Berlin,3,2019,10,20,5,3,6,4,2,1,0,1,0,0,0,1,"13,4963","52,6345"
11027,200330,Berlin,7,2019,10,20,5,3,6,4,2,0,1,1,0,0,0,1,"13,32863","52,4652"
11028,200331,Berlin,10,2019,10,19,5,2,3,6,2,1,1,0,0,0,0,1,"13,60372","52,54285"
11029,200332,Berlin,5,2019,10,19,5,2,6,4,2,0,1,1,0,0,0,0,"13,19895","52,53488"
11030,200333,Berlin,1,2019,10,17,5,3,5,2,0,0,1,0,0,0,0,1,"13,4025","52,51185"
11031,200334,Berlin,7,2019,10,13,4,3,6,7,0,0,0,1,0,1,0,1,"13,37242","52,45761"
11032,200335,Berlin,8,2019,10,17,5,3,0,3,0,0,1,0,1,0,0,1,"13,42381","52,47728"
11033,200336,Berlin,11,2019,10,14,4,3,3,6,0,1,1,0,0,0,0,1,"13,51463","52,48765"
11034,200337,Berlin,1,2019,10,9,5,3,0,1,0,1,0,0,0,0,0,1,"13,4037","52,53252"
11035,200338,Berlin,6,2019,10,9,5,3,3,6,0,1,1,0,0,0,0,0,"13,25913","52,43079"
11036,200339,Berlin,7,2019,10,8,5,3,2,6,0,0,1,0,0,0,0,1,"13,36658","52,44955"
11037,200340,Berlin,2,2019,10,6,5,2,5,3,1,0,1,0,0,0,0,1,"13,42614","52,5159"
11038,200341,Berlin,3,2019,10,6,5,3,6,2,2,0,1,1,0,0,0,1,"13,35453","52,58865"
11039,200342,Berlin,3,2019,10,13,4,3,5,2,0,1,1,0,0,0,0,1,"13,47995","52,55328"
11040,200343,Berlin,1,2019,10,4,5,3,0,1,2,0,0,0,0,0,1,1,"13,41039","52,50652"
11041,200344,Berlin,7,2019,10,16,5,3,5,2,0,1,1,0,0,0,0,0,"13,39228","52,41373"
11042,200345,Berlin,2,2019,10,15,5,3,5,2,0,0,0,0,0,0,1,0,"13,4298","52,52311"
11043,200346,Berlin,2,2019,10,15,5,3,1,5,0,1,0,0,0,0,1,0,"13,46841","52,52029"
11044,200347,Berlin,1,2019,10,14,5,3,5,2,0,0,1,0,0,0,0,1,"13,3698","52,55971"
11045,200348,Berlin,1,2019,10,12,5,3,5,3,0,0,1,0,1,0,0,0,"13,40103","52,51831"
11046,200349,Berlin,2,2019,10,10,5,3,5,7,0,0,1,0,1,0,0,1,"13,38418","52,48499"
11047,200350,Berlin,5,2019,10,21,4,2,9,1,2,0,1,0,0,0,0,0,"13,20056","52,53855"
11048,200351,Berlin,11,2019,10,10,5,3,6,6,0,1,0,1,0,0,0,0,"13,50485","52,5634"
11049,200352,Berlin,5,2019,10,6,5,3,2,6,1,0,0,0,1,0,1,1,"13,24555","52,52494"
11050,200353,Berlin,1,2019,10,23,4,3,5,2,2,0,1,0,0,0,0,1,"13,37662","52,50944"
11051,200354,Berlin,1,2019,10,23,4,3,0,1,2,1,0,0,0,0,0,1,"13,42005","52,51481"
11052,200355,Berlin,3,2019,10,18,4,2,5,2,0,0,1,0,0,0,1,0,"13,42949","52,5865"
11053,200356,Berlin,10,2019,10,18,4,2,6,4,2,0,1,1,0,0,0,1,"13,57844","52,55101"
11054,200357,Berlin,9,2019,10,17,4,3,5,2,0,0,1,0,0,0,0,0,"13,58973","52,44614"
11055,200358,Berlin,1,2019,10,16,4,3,1,5,0,1,1,0,0,0,0,0,"13,35156","52,54783"
11056,200359,Berlin,7,2019,10,16,4,2,6,4,0,0,1,1,0,0,0,0,"13,34746","52,50078"
11057,200360,Berlin,1,2019,10,21,4,3,0,3,2,0,1,0,0,0,1,1,"13,40173","52,52896"
11058,200361,Berlin,4,2019,10,17,4,3,2,6,0,0,1,0,1,0,0,0,"13,31265","52,50011"
11059,200362,Berlin,11,2019,10,15,4,3,0,6,0,0,1,0,0,0,1,0,"13,51902","52,57461"
11060,200363,Berlin,11,2019,10,15,4,3,6,4,0,0,0,1,0,0,1,0,"13,49876","52,51028"
11061,200364,Berlin,4,2019,10,12,4,3,2,6,0,0,1,0,0,0,0,1,"13,3252","52,54151"
11062,200365,Berlin,2,2019,10,21,4,3,0,4,2,1,0,1,0,0,0,1,"13,42032","52,49673"
11063,200366,Berlin,4,2019,10,15,4,3,0,3,0,1,0,0,1,0,0,0,"13,3314","52,50303"
11064,200367,Berlin,11,2019,10,12,4,3,6,4,0,1,0,1,0,0,0,1,"13,46751","52,53395"
11065,200368,Berlin,1,2019,10,9,4,3,1,1,0,1,1,0,0,0,0,0,"13,3977","52,52376"
11066,200369,Berlin,3,2019,10,21,4,3,5,3,2,1,0,0,1,0,0,1,"13,40788","52,57321"
11067,200370,Berlin,6,2019,10,20,4,3,0,2,2,0,1,0,1,0,0,1,"13,26353","52,41133"
11068,200371,Berlin,12,2019,10,8,4,3,1,5,0,1,1,0,0,0,0,1,"13,28414","52,58922"
11069,200372,Berlin,11,2019,10,7,4,3,1,7,0,0,1,0,0,0,0,1,"13,50393","52,54889"
11070,200373,Berlin,12,2019,10,14,4,3,2,6,0,0,1,0,0,0,0,1,"13,32135","52,56038"
11071,200374,Berlin,11,2019,10,12,4,3,2,6,0,0,1,0,0,0,0,1,"13,47168","52,50525"
11072,200375,Berlin,3,2019,10,7,4,2,5,2,0,0,1,0,0,0,1,0,"13,41838","52,55329"
11073,200376,Berlin,10,2019,10,20,4,3,0,7,2,0,1,0,1,0,0,1,"13,56798","52,57359"
11074,200377,Berlin,8,2019,10,14,4,3,2,6,0,0,1,0,0,0,0,1,"13,43111","52,45247"
11075,200378,Berlin,3,2019,10,14,4,3,5,2,0,0,1,0,0,0,0,0,"13,40253","52,5543"
11076,200379,Berlin,9,2019,10,13,4,3,0,6,0,0,1,0,0,0,1,0,"13,66881","52,408"
11077,200380,Berlin,7,2019,10,12,4,3,1,5,0,1,1,0,0,0,0,1,"13,34096","52,47639"
11078,200381,Berlin,1,2019,10,19,4,3,0,7,2,0,0,0,0,0,1,1,"13,33882","52,50529"
11079,200382,Berlin,7,2019,10,19,4,3,5,2,2,1,1,0,0,0,0,0,"13,35454","52,49718"
11080,200383,Berlin,8,2019,10,5,4,3,0,3,2,1,1,0,0,0,0,1,"13,42778","52,48833"
11081,200384,Berlin,2,2019,10,19,4,3,3,6,2,0,1,0,0,1,0,1,"13,42222","52,50049"
11082,200385,Berlin,6,2019,10,11,4,2,5,2,0,1,1,0,0,0,0,0,"13,29684","52,46438"
11083,200386,Berlin,3,2019,10,10,4,3,2,6,0,1,1,0,0,0,0,0,"13,41365","52,56647"
11084,200387,Berlin,2,2019,10,22,4,3,5,3,2,0,1,0,0,0,1,1,"13,40298","52,49402"
11085,200388,Berlin,12,2019,10,7,4,3,2,6,0,0,1,0,0,0,0,0,"13,32626","52,56446"
11086,200389,Berlin,5,2019,10,10,4,3,6,7,0,0,1,1,0,0,0,0,"13,20804","52,54773"
11087,200390,Berlin,1,2019,10,14,4,3,0,1,0,0,0,0,1,0,0,1,"13,38475","52,53103"
11088,200391,Berlin,3,2019,10,6,4,3,5,3,0,1,0,0,0,0,1,1,"13,40514","52,58595"
11089,200392,Berlin,1,2019,10,18,4,3,2,6,2,0,1,0,0,0,0,0,"13,42804","52,50743"
11090,200393,Berlin,9,2019,10,6,4,2,5,3,2,1,1,0,0,0,0,1,"13,61724","52,45522"
11091,200394,Berlin,4,2019,10,18,4,3,2,6,2,0,1,0,0,0,0,0,"13,26545","52,5208"
11092,200395,Berlin,1,2019,10,6,4,3,6,4,2,1,0,1,0,0,0,1,"13,39016","52,56276"
11093,200396,Berlin,12,2019,10,6,4,3,5,2,1,0,1,0,0,0,0,1,"13,32433","52,58797"
11094,200397,Berlin,1,2019,10,10,3,3,5,2,0,1,1,0,0,0,0,1,"13,33511","52,52478"
11095,200398,Berlin,9,2019,10,21,3,3,5,2,2,0,1,0,0,0,0,1,"13,4913","52,46909"