,id,city,district,year,month,hour,weekday,injury_level,collision,movement,light_conditions,bicycle,car,pedestrian,motorbike,truck,other_vehicle,road_conditions,longitude,latitude
11599,200902,Berlin,6,2019,10,8,3,3,5,3,0,1,1,0,0,0,0,1,"13,22955","52,4338"
11600,200903,Berlin,4,2019,10,17,5,3,6,4,2,0,1,1,0,0,0,0,"13,29387","52,49769"
11601,200904,Berlin,3,2019,10,7,6,3,7,7,1,0,0,0,1,0,0,0,"13,48723","52,61378"
11602,200905,Berlin,10,2019,10,9,2,3,5,2,0,0,1,0,1,0,0,0,"13,56358","52,49783"
11603,200906,Berlin,1,2019,10,9,3,3,5,2,0,1,0,0,0,0,0,0,"13,40119","52,51042"
11604,200907,Berlin,4,2019,10,9,5,3,1,5,0,1,1,0,0,0,0,0,"13,32218","52,50642"
11605,200908,Berlin,10,2019,10,16,6,3,0,1,0,1,0,0,0,0,0,0,"13,61318","52,49981"
11606,200909,Berlin,8,2019,10,11,2,3,3,6,0,0,1,0,0,0,0,0,"13,45668","52,47345"
11607,200910,Berlin,10,2019,10,19,5,3,6,4,2,0,1,1,0,0,0,0,"13,60184","52,5376"
11608,200911,Berlin,3,2019,11,8,7,3,5,2,1,1,1,0,0,0,0,1,"13,4304","52,55126"
11609,200912,Berlin,3,2019,10,17,7,3,1,5,0,1,1,0,0,0,0,0,"13,45998","52,55302"
11610,200913,Berlin,9,2019,10,10,4,3,4,7,0,0,1,0,0,0,1,0,"13,4956","52,44901"
11611,200914,Berlin,7,2019,10,8,4,3,6,2,0,0,1,1,0,0,0,0,"13,34741","52,47059"
11612,200915,Berlin,11,2019,11,22,6,2,5,3,2,0,1,0,1,0,0,1,"13,51424","52,55666"
11613,200916,Berlin,10,2019,10,18,6,3,2,6,1,0,1,0,0,0,0,0,"13,62117","52,53084"
11614,200917,Berlin,6,2019,10,8,3,2,5,3,0,0,1,0,0,0,1,0,"13,27746","52,41346"
11615,200918,Berlin,6,2019,10,15,5,3,5,3,0,0,1,0,0,0,0,0,"13,35744","52,42295"
11616,200919,Berlin,7,2019,10,7,6,3,2,6,0,0,1,0,0,0,0,0,"13,34496","52,47941"
11617,200920,Berlin,12,2019,10,8,2,3,2,6,0,0,1,0,0,0,0,0,"13,35241","52,59648"
11618,200921,Berlin,10,2019,10,1,5,2,2,3,2,0,1,0,0,0,0,0,"13,55018","52,54282"
11619,200922,Berlin,1,2019,11,16,7,3,5,3,0,0,1,0,0,0,1,1,"13,35982","52,52346"
11620,200923,Berlin,1,2019,10,15,7,2,6,2,0,0,1,1,0,0,0,0,"13,33765","52,52543"
11621,200924,Berlin,10,2019,10,14,3,3,6,6,0,1,0,1,0,0,0,0,"13,59724","52,54423"
11622,200925,Berlin,8,2019,10,19,5,2,5,5,2,0,1,0,1,0,0,0,"13,42632","52,47717"
11623,200926,Berlin,4,2019,11,20,7,3,2,6,2,0,1,0,0,0,0,1,"13,32348","52,50582"
11624,200927,Berlin,7,2019,10,16,7,3,6,7,0,1,0,1,0,0,0,0,"13,35522","52,49473"
11625,200928,Berlin,3,2019,10,7,4,3,2,6,0,0,1,0,0,0,0,1,"13,48001","52,5666"
11626,200929,Berlin,11,2019,10,18,3,3,0,1,2,0,0,0,1,0,0,0,"13,49293","52,501"
11627,200930,Berlin,1,2019,10,9,6,3,5,7,0,0,1,0,1,0,0,0,"13,37319","52,51777"
11628,200931,Berlin,7,2019,11,15,6,3,5,3,0,1,1,0,0,0,0,0,"13,3764","52,4601"
11629,200932,Berlin,9,2019,10,16,6,3,6,4,0,0,0,1,0,0,1,0,"13,53908","52,40299"
11630,200933,Berlin,4,2019,10,20,2,3,5,3,2,0,1,0,0,0,0,1,"13,28009","52,51838"
11631,200934,Berlin,6,2019,10,13,5,3,5,3,0,1,1,0,0,0,0,0,"13,31569","52,44716"
11632,200935,Berlin,5,2019,10,3,6,3,9,1,2,0,1,0,0,0,0,1,"13,13252","52,47311"
11633,200936,Berlin,7,2019,10,18,1,3,2,2,2,0,1,0,0,0,0,0,"13,35282","52,49481"
11634,200937,Berlin,9,2019,10,6,4,3,5,3,2,1,1,0,0,0,0,0,"13,59488","52,43319"
11635,200938,Berlin,2,2019,10,9,6,3,2,6,0,1,1,0,0,0,0,0,"13,43358","52,5198"
11636,200939,Berlin,2,2019,11,12,7,3,5,3,0,0,1,0,0,0,0,1,"13,45948","52,50793"
11637,200940,Berlin,4,2019,10,21,7,3,0,1,2,0,0,0,0,0,1,0,"13,30243","52,5068"
11638,200941,Berlin,1,2019,10,11,3,3,5,3,0,1,0,0,1,0,0,0,"13,39395","52,51925"
11639,200942,Berlin,2,2019,11,10,6,3,2,2,0,1,1,0,0,0,0,0,"13,42917","52,5109"
11640,200943,Berlin,2,2019,10,14,6,3,2,7,0,1,1,0,0,0,0,0,"13,44213","52,50124"
11641,200944,Berlin,7,2019,10,17,2,3,0,5,2,1,1,0,0,0,0,1,"13,38063","52,44526"
11642,200945,Berlin,3,2019,10,7,5,3,2,6,0,0,1,0,0,0,0,0,"13,44805","52,53778"
11643,200946,Berlin,5,2019,10,15,6,3,2,6,0,0,1,0,0,0,0,0,"13,18379","52,54305"
11644,200947,Berlin,12,2019,11,11,6,3,2,6,0,0,0,0,0,0,1,0,"13,2965","52,58034"
11645,200948,Berlin,4,2019,10,15,6,3,5,3,0,1,1,0,0,0,0,0,"13,31938","52,50151"
11646,200949,Berlin,2,2019,10,18,2,3,2,6,2,0,1,0,0,0,0,1,"13,38885","52,49936"
11647,200950,Berlin,3,2019,10,7,5,3,5,3,0,1,1,0,0,0,0,0,"13,45509","52,55932"
11648,200951,Berlin,4,2019,10,0,6,3,5,2,2,0,1,0,0,0,0,0,"13,29489","52,53963"
11649,200952,Berlin,1,2019,10,11,1,3,0,1,0,0,0,0,1,0,0,1,"13,38468","52,53101"
11650,200953,Berlin,4,2019,10,16,4,3,5,7,1,0,1,0,0,0,0,0,"13,32541","52,50357"
11651,200954,Berlin,10,2019,10,17,5,2,1,4,1,1,1,1,0,0,0,0,"13,60198","52,53691"
11652,200955,Berlin,1,2019,11,19,6,3,2,6,2,0,1,0,0,0,0,1,"13,35481","52,55213"
11653,200956,Berlin,4,2019,10,12,7,3,5,7,0,0,1,0,0,0,0,0,"13,32038","52,48306"
11654,200957,Berlin,4,2019,10,10,3,3,5,2,0,1,1,0,0,0,0,1,"13,26159","52,51566"
11655,200958,Berlin,10,2019,10,21,5,3,5,3,2,0,1,0,0,0,0,0,"13,5989","52,52834"
11656,200959,Berlin,3,2019,11,7,6,3,5,2,1,1,1,0,0,0,0,0,"13,45817","52,52555"
11657,200960,Berlin,1,2019,10,21,6,3,8,1,2,0,0,0,0,0,1,0,"13,39493","52,51242"
11658,200961,Berlin,4,2019,10,15,2,3,5,5,0,0,1,0,0,0,1,0,"13,31353","52,50401"
11659,200962,Berlin,2,2019,10,7,5,3,5,2,0,1,1,0,0,0,0,0,"13,40114","52,5063"
11660,200963,Berlin,9,2019,10,18,5,3,5,2,0,1,1,0,0,0,0,0,"13,55085","52,42906"
11661,200964,Berlin,8,2019,10,17,7,3,0,6,1,0,1,0,1,0,0,0,"13,43275","52,46495"
11662,200965,Berlin,1,2019,10,11,4,3,5,3,0,1,1,0,0,0,0,0,"13,39279","52,56409"
11663,200966,Berlin,10,2019,10,18,5,2,5,2,2,1,1,0,0,0,0,1,"13,56376","52,51886"
11664,200967,Berlin,5,2019,10,13,4,2,5,2,0,1,1,0,0,0,0,0,"13,18542","52,55155"
11665,200968,Berlin,1,2019,10,16,5,3,1,5,0,1,1,0,0,0,0,0,"13,38894","52,51633"
11666,200969,Berlin,3,2019,10,16,5,2,3,5,0,1,1,0,0,0,0,0,"13,40803","52,56582"
11667,200970,Berlin,2,2019,10,20,1,3,5,3,2,0,1,0,0,0,0,0,"13,44064","52,51713"
11668,200971,Berlin,12,2019,10,14,4,3,2,6,0,0,1,0,0,0,0,0,"13,29831","52,61357"
11669,200972,Berlin,12,2019,10,16,5,3,2,6,0,0,1,0,0,0,1,0,"13,24636","52,60111"
11670,200973,Berlin,9,2019,10,15,5,3,3,6,0,0,0,0,0,0,1,0,"13,57864","52,45778"
11671,200974,Berlin,4,2019,11,17,6,3,3,6,2,0,1,0,0,0,0,1,"13,28258","52,51847"
11672,200975,Berlin,8,2019,10,13,7,3,2,2,0,0,1,0,1,0,0,0,"13,43491","52,44028"
11673,200976,Berlin,8,2019,10,7,3,3,5,3,0,1,1,0,0,0,0,1,"13,47006","52,43495"
11674,200977,Berlin,9,2019,10,15,5,3,5,3,0,0,1,0,0,0,0,0,"13,54658","52,40088"
11675,200978,Berlin,7,2019,10,7,5,3,5,2,0,1,1,1,0,0,0,0,"13,33507","52,46801"
11676,200979,Berlin,8,2019,10,13,6,3,5,3,0,0,1,0,1,0,0,0,"13,43681","52,46516"
11677,200980,Berlin,3,2019,10,10,2,3,6,4,0,1,0,1,0,0,0,0,"13,42831","52,56184"
11678,200981,Berlin,6,2019,10,18,5,3,1,5,2,1,1,0,0,0,0,0,"13,33424","52,45181"
11679,200982,Berlin,4,2019,11,5,7,3,0,1,2,0,1,0,0,0,0,1,"13,31367","52,48097"
11680,200983,Berlin,3,2019,10,17,7,3,5,7,0,0,1,0,0,0,1,0,"13,39252","52,58214"
11681,200984,Berlin,11,2019,10,8,4,3,2,6,0,1,1,0,0,0,0,0,"13,49081","52,50343"
11682,200985,Berlin,8,2019,10,22,3,3,5,7,2,0,1,0,0,0,0,0,"13,42448","52,48637"
11683,200986,Berlin,4,2019,11,16,6,3,5,3,1,0,1,0,0,0,0,0,"13,31585","52,50626"
11684,200987,Berlin,11,2019,10,17,6,3,2,6,0,0,1,0,0,0,0,0,"13,50379","52,56266"
11685,200988,Berlin,7,2019,10,17,3,3,0,7,1,0,0,1,0,0,1,0,"13,36385","52,4767"
11686,200989,Berlin,1,2019,10,14,5,3,5,5,0,1,1,0,0,0,0,0,"13,40054","52,52173"
11687,200990,Berlin,8,2019,10,11,6,3,6,4,0,0,1,1,0,0,0,0,"13,44633","52,43694"
11688,200991,Berlin,4,2019,11,16,7,3,6,4,0,0,1,1,0,0,0,0,"13,32149","52,48642"
11689,200992,Berlin,8,2019,11,20,6,3,8,1,2,0,1,0,0,0,0,1,"13,4436","52,46427"
11690,200993,Berlin,6,2019,10,12,7,3,0,2,0,1,1,0,0,0,0,0,"13,26168","52,44173"
11691,200994,Berlin,8,2019,11,22,7,3,5,3,2,0,1,0,0,0,0,1,"13,44271","52,46504"
11692,200995,Berlin,10,2019,10,13,3,2,6,2,0,0,1,1,0,0,0,0,"13,58943","52,52321"
11693,200996,Berlin,4,2019,11,22,7,3,5,2,2,0,1,0,0,0,0,1,"13,32034","52,4814"
11694,200997,Berlin,11,2019,10,16,5,3,2,6,2,0,1,0,0,0,0,0,"13,52581","52,49378"
11695,200998,Berlin,3,2019,10,10,6,3,5,3,0,0,1,0,0,0,1,0,"13,46688","52,61503"
11696,200999,Berlin,8,2019,11,12,7,3,3,6,0,0,1,0,0,0,1,1,"13,43486","52,4408"
11697,201000,Berlin,11,2019,11,12,7,3,5,3,0,1,1,0,0,0,0,0,"13,52206","52,49723"
11698,201001,Berlin,2,2019,10,8,2,3,5,3,0,0,1,0,1,0,0,0,"13,45243","52,51248"
11699,201002,Berlin,7,2019,10,16,5,2,5,3,0,1,1,0,0,0,0,0,"13,38284","52,41112"
11700,201003,Berlin,12,2019,11,11,7,2,5,7,0,0,1,0,1,0,0,1,"13,35213","52,57371"
11701,201004,Berlin,9,2019,11,11,7,2,3,2,0,0,1,0,0,0,1,0,"13,57178","52,45112"
11702,201005,Berlin,12,2019,11,17,7,3,6,4,2,0,1,1,0,0,0,1,"13,30964","52,58384"
11703,201006,Berlin,4,2019,10,16,7,3,1,5,0,1,1,0,0,0,0,0,"13,31401","52,50084"
11704,201007,Berlin,8,2019,10,6,4,3,5,3,2,1,1,0,0,0,0,1,"13,4959","52,43205"
11705,201008,Berlin,7,2019,11,11,7,3,0,2,0,0,1,0,1,0,0,1,"13,36091","52,49012"
11706,201009,Berlin,12,2019,10,17,3,3,0,3,2,0,1,0,1,0,1,0,"13,37471","52,56139"
11707,201010,Berlin,3,2019,11,11,7,3,0,2,0,1,1,0,0,0,0,1,"13,41316","52,54768"
11708,201011,Berlin,11,2019,10,17,5,3,6,4,0,0,1,1,0,0,0,0,"13,496","52,53412"
11709,201012,Berlin,6,2019,11,14,6,3,1,5,0,1,1,0,0,0,0,0,"13,31391","52,43586"
11710,201013,Berlin,5,2019,10,16,6,3,0,4,0,0,0,1,0,0,1,0,"13,19665","52,56278"
11711,201014,Berlin,10,2019,11,10,7,3,5,3,0,0,1,0,0,0,0,1,"13,60227","52,53606"
11712,201015,Berlin,3,2019,10,19,2,3,5,3,2,1,1,0,0,0,0,0,"13,36946","52,59738"
11713,201016,Berlin,11,2019,10,8,5,3,1,5,0,1,1,0,0,0,0,0,"13,47334","52,52058"
11714,201017,Berlin,2,2019,10,10,6,3,1,5,0,0,1,0,0,0,0,0,"13,43342","52,50318"
11715,201018,Berlin,12,2019,11,10,7,3,5,3,0,0,1,0,0,0,0,1,"13,36591","52,60455"
11716,201019,Berlin,9,2019,11,10,7,3,5,2,0,0,1,0,0,0,0,1,"13,51965","52,42822"
11717,201020,Berlin,6,2019,10,16,1,3,0,3,0,1,1,0,0,0,0,1,"13,22443","52,42556"
11718,201021,Berlin,6,2019,10,18,4,3,5,2,2,0,1,0,0,0,0,1,"13,2402","52,44271"
11719,201022,Berlin,6,2019,11,10,7,3,0,3,0,0,0,0,1,0,1,1,"13,30464","52,46203"
11720,201023,Berlin,1,2019,10,15,5,3,1,5,0,1,1,0,0,0,0,0,"13,38734","52,52582"
11721,201024,Berlin,1,2019,11,15,6,3,5,2,1,1,0,0,0,0,1,0,"13,37685","52,51073"
11722,201025,Berlin,4,2019,10,20,7,3,0,7,1,0,1,0,0,0,0,0,"13,3144","52,47202"
11723,201026,Berlin,2,2019,11,7,3,3,6,4,0,1,0,1,0,0,0,0,"13,39574","52,49908"
11724,201027,Berlin,7,2019,11,6,3,2,1,7,1,0,1,0,0,0,1,0,"13,38746","52,45883"
11725,201028,Berlin,6,2019,11,14,3,2,1,5,0,0,1,0,0,0,0,0,"13,25077","52,42253"
11726,201029,Berlin,12,2019,11,13,3,3,3,6,0,1,1,0,0,0,0,0,"13,24991","52,59482"
11727,201030,Berlin,1,2019,11,13,3,3,0,2,0,1,1,0,0,0,0,0,"13,37114","52,50131"
11728,201031,Berlin,1,2019,11,11,3,3,5,7,0,0,1,0,0,0,0,0,"13,35121","52,5521"
11729,201032,Berlin,1,2019,11,9,3,3,5,2,0,1,1,0,0,0,0,0,"13,38975","52,51129"
11730,201033,Berlin,12,2019,11,18,3,3,5,2,2,0,1,0,1,0,0,0,"13,35094","52,56948"
11731,201034,Berlin,12,2019,11,18,3,3,2,6,2,0,1,0,0,0,1,0,"13,29595","52,57679"
11732,201035,Berlin,10,2019,11,18,3,3,5,2,2,1,1,0,0,0,0,0,"13,57565","52,49006"
11733,201036,Berlin,9,2019,11,17,3,3,6,2,2,0,1,1,0,0,0,0,"13,65579","52,41551"
11734,201037,Berlin,4,2019,11,17,3,3,0,6,2,0,1,0,0,0,1,0,"13,32616","52,53822"
11735,201038,Berlin,7,2019,11,16,3,3,5,2,2,0,1,0,0,0,0,0,"13,40672","52,39377"
11736,201039,Berlin,1,2019,11,16,3,3,5,3,2,1,1,0,0,0,0,0,"13,39013","52,50946"
11737,201040,Berlin,11,2019,11,15,3,3,2,6,0,0,1,0,0,0,0,0,"13,50872","52,54887"
11738,201041,Berlin,1,2019,11,15,2,3,2,6,0,1,1,0,0,0,0,0,"13,37679","52,52254"
11739,201042,Berlin,9,2019,11,15,2,3,0,6,0,1,0,1,0,0,0,0,"13,56535","52,43902"
11740,201043,Berlin,3,2019,11,7,2,2,5,2,2,1,1,0,0,0,0,0,"13,4286","52,58308"
11741,201044,Berlin,1,2019,11,6,2,2,6,2,1,0,1,1,0,0,0,0,"13,37084","52,51787"
11742,201045,Berlin,8,2019,11,6,2,3,5,3,1,1,0,0,0,0,1,1,"13,43316","52,4449"
11743,201046,Berlin,1,2019,11,12,2,2,3,6,0,1,1,0,0,0,0,0,"13,3401","52,52633"
11744,201047,Berlin,7,2019,11,12,2,3,0,3,0,1,0,0,0,0,1,0,"13,35056","52,4091"
11745,201048,Berlin,1,2019,11,11,2,3,2,6,0,0,1,0,0,0,0,0,"13,40643","52,51808"
11746,201049,Berlin,12,2019,11,11,2,3,5,2,0,0,1,0,0,0,1,0,"13,29036","52,63346"
11747,201050,Berlin,12,2019,11,10,2,3,5,7,0,1,1,0,0,0,0,0,"13,23506","52,6085"
11748,201051,Berlin,3,2019,11,10,2,3,5,2,0,1,0,0,0,1,0,0,"13,422","52,53566"
11749,201052,Berlin,6,2019,11,9,2,2,5,2,0,1,0,0,0,1,0,0,"13,30393","52,45866"
11750,201053,Berlin,1,2019,11,19,2,3,2,6,2,0,1,0,1,0,0,0,"13,35073","52,51171"
11751,201054,Berlin,11,2019,11,9,2,3,5,2,0,0,1,0,0,1,0,0,"13,4776","52,53085"
11752,201055,Berlin,7,2019,11,18,2,3,2,3,2,0,1,0,0,0,0,0,"13,34516","52,48912"
11753,201056,Berlin,2,2019,11,18,2,3,3,3,2,0,1,0,0,0,0,0,"13,44063","52,51708"
11754,201057,Berlin,3,2019,11,17,2,3,5,3,2,1,1,0,0,0,0,0,"13,46738","52,59709"
11755,201058,Berlin,3,2019,11,17,2,3,3,6,2,0,1,0,0,0,1,0,"13,45356","52,55159"
11756,201059,Berlin,3,2019,11,15,2,3,5,3,0,0,1,0,0,0,0,0,"13,42653","52,55538"
11757,201060,Berlin,6,2019,11,15,2,3,0,6,1,0,1,0,0,0,1,0,"13,33098","52,45322"
11758,201061,Berlin,9,2019,11,15,2,3,5,3,0,0,1,0,0,0,0,0,"13,48834","52,4513"
11759,201062,Berlin,1,2019,11,15,2,3,5,2,0,1,1,0,0,0,0,0,"13,34434","52,53833"
11760,201063,Berlin,10,2019,11,15,2,3,5,3,0,1,1,0,0,0,0,0,"13,56499","52,52227"
11761,201064,Berlin,3,2019,11,15,2,3,5,2,0,1,1,0,0,0,0,0,"13,42794","52,54551"
11762,201065,Berlin,10,2019,11,13,2,3,2,2,0,0,1,0,1,0,0,0,"13,6136","52,50918"
11763,201066,Berlin,9,2019,11,13,2,3,2,6,0,0,1,0,0,0,0,0,"13,56904","52,44458"
11764,201067,Berlin,5,2019,11,12,2,3,5,3,0,0,1,0,0,0,0,0,"13,2726","52,53253"
11765,201068,Berlin,6,2019,11,21,1,3,5,3,2,0,1,0,0,0,0,1,"13,34689","52,44999"
11766,201069,Berlin,1,2019,11,20,1,3,2,6,2,0,1,0,0,0,0,0,"13,38324","52,55157"
11767,201070,Berlin,7,2019,11,19,1,2,0,7,2,0,0,1,0,0,1,0,"13,34497","52,48608"
11768,201071,Berlin,6,2019,11,17,1,3,5,2,2,0,1,0,1,0,0,0,"13,3178","52,4144"
11769,201072,Berlin,8,2019,11,17,1,3,6,2,2,0,1,1,0,0,0,1,"13,43471","52,44018"
11770,201073,Berlin,5,2019,11,14,1,3,5,2,0,1,1,0,0,0,0,0,"13,1629","52,55156"
11771,201074,Berlin,12,2019,11,13,1,3,3,6,0,1,0,0,0,0,0,0,"13,32809","52,59343"
11772,201075,Berlin,1,2019,11,14,1,3,2,6,0,0,1,0,1,0,0,0,"13,36004","52,50985"
11773,201076,Berlin,3,2019,11,13,1,3,2,6,0,0,1,0,0,0,1,0,"13,38109","52,57427"
11774,201077,Berlin,5,2019,11,13,1,2,0,2,0,0,1,0,0,0,1,0,"13,19863","52,55526"
11775,201078,Berlin,2,2019,11,11,1,2,6,4,0,0,1,1,0,0,0,0,"13,43923","52,51234"
11776,201079,Berlin,3,2019,11,11,1,3,5,3,0,0,1,0,0,0,0,0,"13,4595","52,54797"
11777,201080,Berlin,11,2019,11,10,1,2,0,1,0,0,0,0,1,0,0,1,"13,49555","52,56534"
11778,201081,Berlin,1,2019,11,7,1,3,2,6,0,0,1,0,0,0,0,0,"13,33793","52,52647"
11779,201082,Berlin,7,2019,11,5,1,3,6,7,2,0,1,1,1,0,0,1,"13,3528","52,41749"
11780,201083,Berlin,3,2019,11,0,1,3,0,5,2,0,0,0,1,0,1,1,"13,40907","52,5413"
11781,201084,Berlin,11,2019,11,18,7,2,5,3,2,0,1,0,1,0,0,1,"13,49629","52,52043"
11782,201085,Berlin,4,2019,11,15,7,3,5,3,0,0,1,1,0,0,0,0,"13,32019","52,48388"
11783,201086,Berlin,1,2019,11,17,7,3,1,5,2,1,1,0,0,0,0,1,"13,36254","52,50113"
11784,201087,Berlin,5,2019,11,17,7,3,2,7,2,0,1,0,0,0,0,1,"13,22762","52,53787"
11785,201088,Berlin,1,2019,11,17,7,3,2,2,2,0,1,0,0,0,0,1,"13,39091","52,56322"
11786,201089,Berlin,8,2019,11,16,7,3,5,2,2,1,1,0,0,0,0,1,"13,44523","52,47909"
11787,201090,Berlin,4,2019,11,15,7,2,5,2,0,0,1,0,0,0,0,1,"13,29672","52,54807"
11788,201091,Berlin,11,2019,11,20,7,3,9,1,2,0,1,0,0,0,0,1,"13,50838","52,54843"
11789,201092,Berlin,9,2019,11,14,7,3,5,2,0,0,1,0,0,0,0,1,"13,51435","52,46876"
11790,201093,Berlin,8,2019,11,14,7,3,5,2,0,0,1,0,0,0,0,1,"13,44734","52,46427"
11791,201094,Berlin,1,2019,11,14,7,3,6,2,0,0,1,1,0,0,0,1,"13,39806","52,53488"
11792,201095,Berlin,6,2019,11,14,7,3,5,3,0,0,1,0,0,0,0,1,"13,30642","52,43417"
11793,201096,Berlin,5,2019,11,19,7,2,0,1,2,0,0,0,1,0,0,1,"13,19396","52,55087"
11794,201097,Berlin,1,2019,11,14,7,3,0,1,0,0,0,0,1,0,0,1,"13,34151","52,50564"
11795,201098,Berlin,8,2019,11,14,7,3,6,2,0,0,1,1,0,0,0,1,"13,42515","52,48006"
11796,201099,Berlin,1,2019,11,14,7,3,2,6,0,0,1,0,0,0,1,1,"13,37994","52,55607"
11797,201100,Berlin,1,2019,11,18,7,2,1,5,2,0,1,0,0,0,0,0,"13,40054","52,52173"
11798,201101,Berlin,12,2019,11,18,7,3,5,7,2,0,1,0,0,0,0,1,"13,32038","52,56589"
11799,201102,Berlin,1,2019,11,13,7,3,5,3,0,1,1,0,0,0,0,1,"13,39857","52,52344"
11800,201103,Berlin,7,2019,11,18,7,3,0,6,2,0,0,0,1,0,1,1,"13,3434","52,47266"
11801,201104,Berlin,7,2019,11,13,7,3,4,7,0,0,1,0,0,0,0,1,"13,36171","52,44716"
11802,201105,Berlin,8,2019,11,12,7,3,3,6,0,0,1,0,1,0,0,1,"13,4348","52,48442"
11803,201106,Berlin,9,2019,11,12,7,3,5,2,0,0,1,0,0,0,0,1,"13,53883","52,45761"
11804,201107,Berlin,8,2019,11,11,7,3,2,6,0,0,1,0,0,0,0,1,"13,45231","52,45239"
11805,201108,Berlin,8,2019,11,11,7,3,2,6,0,0,1,0,0,0,0,1,"13,43204","52,46625"
11806,201109,Berlin,5,2019,11,0,7,3,1,1,2,0,1,0,0,0,1,1,"13,23158","52,54528"
11807,201110,Berlin,2,2019,11,0,7,3,0,1,2,1,0,0,0,0,0,1,"13,45006","52,5075"
11808,201111,Berlin,6,2019,11,23,7,3,5,2,2,0,1,0,0,0,0,1,"13,30961","52,43128"
11809,201112,Berlin,1,2019,11,23,7,3,1,5,2,1,1,0,0,0,1,0,"13,41851","52,51047"
11810,201113,Berlin,2,2019,11,22,7,3,5,2,2,1,1,0,0,0,0,1,"13,46661","52,5013"
11811,201114,Berlin,12,2019,11,22,7,3,2,6,2,0,1,0,0,0,0,0,"13,28533","52,57562"
11812,201115,Berlin,1,2019,11,21,7,2,6,2,2,0,1,1,0,0,0,0,"13,39364","52,54118"
11813,201116,Berlin,5,2019,11,21,7,2,2,6,2,0,1,0,0,0,0,1,"13,19762","52,52339"
11814,201117,Berlin,2,2019,11,21,7,3,2,6,2,0,1,0,0,0,0,1,"13,41204","52,48841"
11815,201118,Berlin,1,2019,11,18,7,3,0,1,2,1,0,0,0,0,0,1,"13,36548","52,52525"
11816,201119,Berlin,1,2019,11,11,6,3,5,2,0,1,1,0,0,0,0,0,"13,3704","52,54465"
11817,201120,Berlin,10,2019,11,23,6,3,1,5,2,0,1,0,0,1,0,1,"13,60617","52,5345"
11818,201121,Berlin,4,2019,11,23,6,3,5,3,2,0,1,0,0,0,0,1,"13,31965","52,503"
11819,201122,Berlin,2,2019,11,22,6,3,2,6,2,0,1,0,0,0,0,1,"13,41599","52,4987"
11820,201123,Berlin,10,2019,11,22,6,2,4,6,2,0,1,0,0,0,0,1,"13,61019","52,4944"
11821,201124,Berlin,5,2019,11,21,6,3,5,2,2,0,1,0,0,0,0,1,"13,12236","52,52867"
11822,201125,Berlin,9,2019,11,20,6,3,5,2,2,0,1,0,0,0,0,1,"13,47866","52,47755"
11823,201126,Berlin,2,2019,11,20,6,3,6,2,2,0,1,1,0,0,0,1,"13,42318","52,48658"
11824,201127,Berlin,1,2019,11,19,6,2,6,4,2,0,1,1,0,0,0,1,"13,37269","52,54018"
11825,201128,Berlin,5,2019,11,19,6,3,5,2,2,0,1,0,1,0,0,1,"13,18475","52,53419"
11826,201129,Berlin,6,2019,11,18,6,3,5,3,2,0,1,0,0,0,0,1,"13,36059","52,44677"
11827,201130,Berlin,12,2019,11,18,6,3,5,3,2,0,1,0,1,0,0,0,"13,32668","52,59207"
11828,201131,Berlin,12,2019,11,18,6,2,6,7,1,0,1,1,0,0,0,0,"13,32674","52,56434"
11829,201132,Berlin,3,2019,11,10,6,3,5,2,0,0,1,0,1,0,0,0,"13,41026","52,56206"
11830,201133,Berlin,2,2019,11,9,6,3,3,6,0,0,1,0,0,0,0,0,"13,40334","52,49384"
11831,201134,Berlin,11,2019,11,14,6,2,6,4,0,0,0,1,0,1,0,0,"13,47363","52,53579"
11832,201135,Berlin,5,2019,11,9,6,3,5,5,0,0,1,0,0,0,0,0,"13,16769","52,52095"
11833,201136,Berlin,3,2019,11,14,6,3,5,3,0,0,1,0,0,0,0,0,"13,37444","52,58538"
11834,201137,Berlin,8,2019,11,13,6,3,5,2,0,1,1,0,0,0,0,0,"13,42715","52,47519"
11835,201138,Berlin,12,2019,11,8,6,3,1,5,0,0,1,0,0,0,0,0,"13,30271","52,56884"
11836,201139,Berlin,8,2019,11,11,6,3,1,7,0,0,1,0,0,0,0,0,"13,43467","52,47453"
11837,201140,Berlin,4,2019,11,11,6,3,5,3,0,0,1,0,1,0,0,0,"13,30651","52,5275"
11838,201141,Berlin,2,2019,11,11,6,3,2,6,0,0,1,0,0,0,0,0,"13,42158","52,48711"
11839,201142,Berlin,2,2019,11,8,6,3,5,3,0,1,0,0,1,0,0,0,"13,42934","52,52125"
11840,201143,Berlin,7,2019,11,7,6,3,5,3,0,1,1,0,0,0,0,0,"13,41032","52,39919"
11841,201144,Berlin,7,2019,11,6,6,3,0,2,1,1,1,0,0,0,0,0,"13,35131","52,41415"
11842,201145,Berlin,5,2019,11,6,6,3,9,1,2,0,1,0,0,0,0,0,"13,19977","52,53478"
11843,201146,Berlin,11,2019,11,17,6,2,6,4,2,0,1,1,0,0,0,0,"13,47972","52,52377"
11844,201147,Berlin,4,2019,11,17,6,3,1,5,2,1,1,0,0,0,0,1,"13,30035","52,50821"
11845,201148,Berlin,4,2019,11,17,6,3,3,2,2,0,1,0,0,1,0,1,"13,27999","52,506"
11846,201149,Berlin,8,2019,11,17,6,3,6,4,2,0,0,1,0,0,1,0,"13,43403","52,48184"
11847,201150,Berlin,12,2019,11,16,6,3,5,2,1,1,1,0,0,0,0,1,"13,2859","52,59512"
11848,201151,Berlin,8,2019,11,16,6,3,1,5,2,1,1,0,0,0,0,0,"13,43264","52,46517"
11849,201152,Berlin,8,2019,11,13,6,3,6,4,0,0,1,1,0,0,0,0,"13,48868","52,41946"