,id,city,district,year,month,hour,weekday,injury_level,collision,movement,light_conditions,bicycle,car,pedestrian,motorbike,truck,other_vehicle,road_conditions,longitude,latitude
11850,201153,Berlin,1,2019,11,16,6,3,6,4,1,0,1,1,0,0,0,1,"13,37698","52,55722"
11851,201154,Berlin,5,2019,11,15,6,3,2,7,1,1,1,0,0,0,0,1,"13,18242","52,5385"
11852,201155,Berlin,5,2019,11,16,6,3,6,2,1,0,1,1,0,0,0,1,"13,17003","52,51854"
11853,201156,Berlin,2,2019,11,9,6,3,3,5,0,1,1,0,0,0,0,0,"13,43375","52,50028"
11854,201157,Berlin,3,2019,11,15,6,3,1,5,0,1,1,0,0,0,0,0,"13,39772","52,58564"
11855,201158,Berlin,4,2019,11,15,6,3,5,2,1,0,1,0,0,0,0,0,"13,29425","52,49772"
11856,201159,Berlin,3,2019,11,15,6,3,5,3,0,1,1,0,0,0,0,0,"13,40832","52,54134"
11857,201160,Berlin,9,2019,11,15,6,3,5,3,0,1,1,0,0,0,0,0,"13,68816","52,44115"
11858,201161,Berlin,1,2019,11,15,6,3,2,6,0,1,1,0,0,0,0,2,"13,33827","52,52373"
11859,201162,Berlin,4,2019,11,15,6,3,5,2,0,1,0,0,1,0,0,0,"13,32138","52,4998"
11860,201163,Berlin,2,2019,11,16,5,3,6,4,1,0,1,1,0,0,0,1,"13,43733","52,51101"
11861,201164,Berlin,1,2019,11,8,5,3,0,5,1,1,1,0,0,0,0,0,"13,37464","52,50857"
11862,201165,Berlin,2,2019,11,20,5,3,2,2,2,0,1,0,0,0,0,0,"13,4183","52,49873"
11863,201166,Berlin,10,2019,11,20,5,3,9,1,2,0,1,0,0,0,0,0,"13,58313","52,54933"
11864,201167,Berlin,12,2019,11,19,5,3,6,2,2,0,1,1,0,0,0,0,"13,34744","52,59622"
11865,201168,Berlin,8,2019,11,17,5,3,0,6,2,0,1,0,0,0,1,0,"13,42943","52,47804"
11866,201169,Berlin,11,2019,11,17,5,3,2,6,2,0,1,0,0,0,0,0,"13,52842","52,55679"
11867,201170,Berlin,1,2019,11,17,5,3,6,2,2,0,1,1,0,0,0,0,"13,37861","52,55043"
11868,201171,Berlin,6,2019,11,17,5,3,3,2,1,1,1,0,0,0,0,0,"13,31893","52,46251"
11869,201172,Berlin,11,2019,11,16,5,3,0,2,2,0,1,0,0,0,1,0,"13,52512","52,48024"
11870,201173,Berlin,2,2019,11,18,5,3,3,5,2,1,1,0,0,0,0,0,"13,41871","52,50047"
11871,201174,Berlin,1,2019,11,15,5,3,2,2,0,1,1,0,0,0,0,0,"13,39566","52,51516"
11872,201175,Berlin,1,2019,11,15,5,3,2,2,0,0,1,0,0,0,0,0,"13,36574","52,54242"
11873,201176,Berlin,9,2019,11,14,5,3,2,6,0,0,1,0,0,0,0,0,"13,50899","52,46358"
11874,201177,Berlin,7,2019,11,17,5,3,5,2,2,0,1,0,1,0,0,0,"13,34628","52,50108"
11875,201178,Berlin,9,2019,11,17,5,3,5,2,2,0,1,0,0,0,1,0,"13,5899","52,41083"
11876,201179,Berlin,3,2019,11,13,5,2,5,3,0,0,1,0,0,0,0,2,"13,39837","52,59246"
11877,201180,Berlin,6,2019,11,17,5,2,1,5,2,1,1,0,0,0,0,1,"13,23004","52,43501"
11878,201181,Berlin,12,2019,11,12,5,3,2,6,0,0,1,0,0,0,0,0,"13,29099","52,59586"
11879,201182,Berlin,2,2019,11,12,5,3,4,6,0,1,0,0,0,0,1,0,"13,43024","52,52312"
11880,201183,Berlin,4,2019,11,8,5,3,6,7,0,0,0,1,0,0,1,0,"13,31141","52,52576"
11881,201184,Berlin,11,2019,11,8,5,3,0,2,0,1,1,0,0,0,0,0,"13,49858","52,52639"
11882,201185,Berlin,1,2019,11,8,5,3,1,5,0,1,1,0,0,0,1,1,"13,3735","52,5202"
11883,201186,Berlin,4,2019,11,7,5,3,5,3,0,1,1,0,0,0,0,0,"13,31543","52,4708"
11884,201187,Berlin,3,2019,11,7,5,3,2,1,0,0,1,0,0,0,0,1,"13,38001","52,57514"
11885,201188,Berlin,7,2019,11,7,5,3,5,2,0,1,1,0,0,0,0,0,"13,37572","52,45575"
11886,201189,Berlin,5,2019,11,5,5,3,6,4,2,0,0,1,0,0,1,1,"13,14912","52,5542"
11887,201190,Berlin,6,2019,11,14,4,3,6,4,0,0,1,1,0,0,0,0,"13,23142","52,42242"
11888,201191,Berlin,1,2019,11,8,4,3,5,3,0,1,1,0,0,0,0,1,"13,39225","52,50788"
11889,201192,Berlin,7,2019,11,8,4,2,0,5,0,0,1,0,0,0,1,1,"13,36833","52,44554"
11890,201193,Berlin,1,2019,11,9,4,3,5,2,0,1,1,0,0,0,0,1,"13,33753","52,51605"
11891,201194,Berlin,11,2019,11,8,4,3,6,4,0,0,1,1,0,0,0,1,"13,46748","52,54789"
11892,201195,Berlin,8,2019,11,8,4,3,3,6,0,0,1,0,0,1,0,1,"13,42595","52,47806"
11893,201196,Berlin,10,2019,11,8,4,3,5,2,0,0,1,0,0,0,1,0,"13,60354728","52,54675821"
11894,201197,Berlin,10,2019,11,7,4,3,6,2,1,0,1,1,0,0,0,1,"13,56565","52,52897"
11895,201198,Berlin,3,2019,11,6,4,3,0,3,0,0,1,0,1,0,0,1,"13,45512","52,55924"
11896,201199,Berlin,11,2019,11,6,4,3,5,2,2,1,1,0,0,0,0,1,"13,51067","52,55052"
11897,201200,Berlin,4,2019,11,1,4,3,5,2,2,0,1,0,0,0,1,1,"13,3128","52,48047"
11898,201201,Berlin,6,2019,11,23,4,3,8,1,2,0,1,0,0,0,0,0,"13,31432","52,42404"
11899,201202,Berlin,7,2019,11,18,4,3,0,2,2,0,1,0,1,0,0,1,"13,40373","52,43958"
11900,201203,Berlin,4,2019,11,20,4,3,0,5,2,0,1,0,1,0,0,1,"13,30104","52,50675"
11901,201204,Berlin,1,2019,11,6,4,3,0,5,2,0,1,0,0,0,1,1,"13,38991","52,5353"
11902,201205,Berlin,9,2019,11,17,4,3,5,2,2,1,1,0,0,0,0,1,"13,55938","52,44651"
11903,201206,Berlin,2,2019,11,16,4,3,0,5,1,1,1,0,0,0,0,1,"13,42064","52,49712"
11904,201207,Berlin,1,2019,11,18,4,3,6,7,2,0,0,1,0,0,1,1,"13,36314","52,52923"
11905,201208,Berlin,3,2019,11,16,4,2,6,2,2,0,1,1,0,0,0,1,"13,4699","52,56398"
11906,201209,Berlin,3,2019,11,16,4,2,5,3,2,0,1,0,0,0,0,1,"13,42642","52,55541"
11907,201210,Berlin,1,2019,11,15,4,2,5,3,1,1,1,0,0,0,0,1,"13,39108","52,53624"
11908,201211,Berlin,11,2019,11,15,4,3,5,3,0,1,1,0,0,0,0,1,"13,5158","52,49374"
11909,201212,Berlin,1,2019,11,19,4,3,5,2,2,0,1,0,0,0,1,1,"13,41645","52,51097"
11910,201213,Berlin,1,2019,11,15,4,3,2,6,0,0,1,0,0,0,0,1,"13,35483","52,55214"
11911,201214,Berlin,12,2019,11,15,4,3,5,3,0,0,1,0,0,0,0,1,"13,32929","52,56341"
11912,201215,Berlin,11,2019,11,14,4,3,5,3,0,1,1,0,0,0,0,1,"13,47191","52,50452"
11913,201216,Berlin,2,2019,11,14,4,2,6,4,0,0,1,1,0,0,0,1,"13,45152","52,50846"
11914,201217,Berlin,9,2019,11,13,4,3,3,6,0,1,0,0,0,0,1,1,"13,54609","52,43718"
11915,201218,Berlin,7,2019,11,13,4,3,1,5,0,1,1,0,0,0,0,1,"13,37338","52,48086"
11916,201219,Berlin,3,2019,11,13,4,3,5,3,0,0,1,0,0,0,0,1,"13,38493","52,59116"
11917,201220,Berlin,11,2019,11,11,4,3,5,3,0,0,1,0,1,0,0,1,"13,52745","52,49167"
11918,201221,Berlin,8,2019,11,11,4,3,5,3,0,1,1,0,0,0,0,1,"13,44957","52,47909"
11919,201222,Berlin,6,2019,11,10,4,3,2,6,0,0,1,0,1,0,0,1,"13,2995","52,4477"
11920,201223,Berlin,10,2019,11,9,4,2,5,3,0,0,1,0,0,0,0,1,"13,57489","52,4872"
11921,201224,Berlin,1,2019,11,8,4,3,5,2,0,1,1,0,0,0,0,1,"13,41822","52,51737"
11922,201225,Berlin,1,2019,11,16,4,3,0,1,2,0,0,0,1,0,0,1,"13,38783","52,52276"
11923,201226,Berlin,6,2019,11,9,3,3,6,7,0,0,1,1,0,0,0,0,"13,34619","52,46052"
11924,201227,Berlin,2,2019,11,17,3,3,0,7,2,0,0,0,1,0,0,1,"13,45695","52,51306"
11925,201228,Berlin,1,2019,11,21,3,3,1,5,2,1,1,0,0,0,0,0,"13,33667","52,52669"
11926,201229,Berlin,7,2019,11,20,3,3,1,6,2,0,1,0,0,0,0,0,"13,34479","52,4622"
11927,201230,Berlin,1,2019,11,18,3,3,5,2,2,0,1,0,1,0,0,1,"13,35636","52,50983"
11928,201231,Berlin,2,2019,11,19,3,2,6,4,2,0,1,1,0,0,0,1,"13,422","52,50055"
11929,201232,Berlin,11,2019,11,19,3,3,2,6,2,0,1,0,0,0,0,1,"13,47704","52,53318"
11930,201233,Berlin,7,2019,11,22,3,3,5,2,2,0,1,0,1,0,0,0,"13,38569","52,46859"
11931,201234,Berlin,12,2019,11,21,3,3,6,2,2,0,1,1,0,0,0,1,"13,37264","52,56172"
11932,201235,Berlin,8,2019,11,0,3,3,6,2,2,0,1,1,0,0,0,0,"13,45004","52,4767"
11933,201236,Berlin,1,2019,11,11,3,3,6,7,0,0,1,1,0,0,0,1,"13,39318","52,50965"
11934,201237,Berlin,6,2019,11,10,3,3,2,2,0,0,1,0,0,0,1,0,"13,34181","52,44177"
11935,201238,Berlin,3,2019,11,10,3,3,0,3,0,0,1,0,1,0,0,1,"13,49743","52,64082"
11936,201239,Berlin,8,2019,11,10,3,3,1,5,0,1,1,0,0,0,0,0,"13,44051","52,48198"
11937,201240,Berlin,1,2019,11,9,3,3,6,4,0,1,0,1,0,0,0,1,"13,3714","52,51957"
11938,201241,Berlin,3,2019,11,9,3,2,0,2,0,0,1,0,0,0,1,0,"13,47901","52,60759"
11939,201242,Berlin,3,2019,11,9,3,3,0,1,0,0,0,0,1,0,0,0,"13,43867","52,55127"
11940,201243,Berlin,8,2019,11,8,3,3,5,3,0,0,1,0,0,0,0,1,"13,46213","52,42242"
11941,201244,Berlin,3,2019,11,8,3,2,0,3,0,1,1,0,0,0,0,1,"13,43568","52,55095"
11942,201245,Berlin,6,2019,11,8,3,2,6,4,0,0,1,1,0,0,0,1,"13,34174","52,44729"
11943,201246,Berlin,7,2019,11,7,3,3,6,4,0,0,1,1,0,0,0,0,"13,35562","52,49013"
11944,201247,Berlin,1,2019,11,8,3,3,0,4,0,0,0,1,1,0,0,1,"13,3694","52,54618"
11945,201248,Berlin,2,2019,11,7,3,3,1,5,0,0,1,0,0,0,0,0,"13,37495","52,48742"
11946,201249,Berlin,11,2019,11,7,3,3,5,2,0,1,0,0,0,0,1,0,"13,5088","52,56475"
11947,201250,Berlin,11,2019,11,7,3,3,0,1,0,1,0,0,0,0,0,1,"13,46616","52,52861"
11948,201251,Berlin,11,2019,11,6,3,3,5,2,1,1,0,0,0,0,0,0,"13,47973","52,52418"
11949,201252,Berlin,3,2019,11,2,3,3,8,1,2,0,1,0,0,0,0,1,"13,42078","52,57299"
11950,201253,Berlin,4,2019,11,18,3,3,0,1,2,1,0,0,0,0,0,0,"13,31062","52,54774"
11951,201254,Berlin,3,2019,11,17,3,3,0,1,1,0,0,0,1,0,0,1,"13,415","52,57241"
11952,201255,Berlin,7,2019,11,17,3,3,0,1,2,0,0,0,1,0,0,1,"13,36819","52,48368"
11953,201256,Berlin,12,2019,11,16,3,3,5,3,2,1,1,0,0,0,0,1,"13,29132","52,57552"
11954,201257,Berlin,7,2019,11,16,3,3,3,6,0,0,1,0,1,0,0,1,"13,36837","52,48399"
11955,201258,Berlin,11,2019,11,17,3,3,5,7,2,0,1,0,1,0,0,1,"13,48506","52,51559"
11956,201259,Berlin,1,2019,11,15,3,3,0,4,1,1,0,1,0,0,0,1,"13,40504","52,52878"
11957,201260,Berlin,2,2019,11,15,3,3,5,2,1,1,1,0,0,0,0,1,"13,43952","52,52389"
11958,201261,Berlin,4,2019,11,15,3,3,5,2,0,1,1,0,0,0,0,1,"13,29574","52,48024"
11959,201262,Berlin,7,2019,11,15,3,3,1,5,0,0,1,0,0,0,0,0,"13,37877","52,45018"
11960,201263,Berlin,2,2019,11,14,3,3,5,3,0,1,1,0,0,0,0,1,"13,41934","52,50134"
11961,201264,Berlin,2,2019,11,14,3,2,5,2,0,1,1,0,0,0,0,1,"13,38583","52,48503"
11962,201265,Berlin,9,2019,11,16,3,3,2,6,2,0,1,0,0,0,0,0,"13,50652","52,44683"
11963,201266,Berlin,1,2019,11,13,3,3,5,2,0,1,1,0,0,0,0,1,"13,38918","52,51475"
11964,201267,Berlin,1,2019,11,12,3,3,5,3,0,0,1,0,1,0,0,0,"13,39418","52,54741"
11965,201268,Berlin,6,2019,11,12,3,3,5,3,0,1,1,0,0,0,0,0,"13,27674","52,45061"
11966,201269,Berlin,7,2019,11,12,3,3,0,1,0,0,0,0,1,0,0,1,"13,35486","52,49629"
11967,201270,Berlin,3,2019,11,12,3,3,5,3,0,1,0,0,0,0,0,0,"13,40818","52,56892"
11968,201271,Berlin,1,2019,11,11,3,3,3,6,0,1,1,0,0,0,0,1,"13,34221","52,52626"
11969,201272,Berlin,4,2019,11,5,3,3,1,5,2,1,1,0,0,0,0,0,"13,29896","52,48456"
11970,201273,Berlin,1,2019,11,22,2,3,0,1,2,0,0,0,1,0,0,1,"13,35696","52,53573"
11971,201274,Berlin,1,2019,11,21,2,3,2,2,2,0,1,0,1,0,0,1,"13,41363","52,51129"
11972,201275,Berlin,1,2019,11,20,2,3,2,6,2,0,1,0,0,0,1,1,"13,33648","52,5149"
11973,201276,Berlin,1,2019,11,18,2,3,7,7,1,1,0,0,0,0,0,1,"13,34745","52,54827"
11974,201277,Berlin,4,2019,11,19,2,3,6,4,2,0,1,1,0,0,0,1,"13,31742","52,50547"
11975,201278,Berlin,1,2019,11,17,2,3,1,5,2,0,1,0,0,0,1,1,"13,34767","52,53973"
11976,201279,Berlin,7,2019,11,13,2,3,2,6,0,0,1,0,0,0,0,1,"13,40347","52,44824"
11977,201280,Berlin,7,2019,11,14,2,3,6,4,0,0,1,1,0,0,0,0,"13,34593","52,49864"
11978,201281,Berlin,12,2019,11,14,2,3,5,7,0,0,1,0,0,0,0,1,"13,30436","52,60109"
11979,201282,Berlin,12,2019,11,18,2,3,5,2,1,1,1,0,0,0,0,1,"13,35119","52,56742"
11980,201283,Berlin,9,2019,11,14,2,3,5,7,0,0,1,0,0,0,1,0,"13,58066","52,45204"
11981,201284,Berlin,3,2019,11,14,2,3,6,4,0,0,1,1,0,0,0,1,"13,4572","52,55819"
11982,201285,Berlin,12,2019,11,18,2,3,5,3,1,0,1,0,0,0,0,1,"13,34708","52,59621"
11983,201286,Berlin,4,2019,11,18,2,3,5,2,2,0,1,0,1,0,0,1,"13,33456","52,49512"
11984,201287,Berlin,7,2019,11,14,2,3,6,4,0,0,1,1,0,0,0,0,"13,38748","52,44795"
11985,201288,Berlin,6,2019,11,18,2,3,5,2,2,1,1,0,0,0,0,1,"13,3158","52,44308"
11986,201289,Berlin,5,2019,11,18,2,3,2,6,2,0,1,0,0,0,0,1,"13,21987","52,53704"
11987,201290,Berlin,2,2019,11,13,2,3,2,6,1,0,1,0,0,0,0,1,"13,3766","52,48589"
11988,201291,Berlin,9,2019,11,17,2,3,6,2,2,0,1,1,0,0,0,1,"13,45823","52,48575"
11989,201292,Berlin,1,2019,11,13,2,3,0,3,0,0,1,0,1,0,0,1,"13,36602","52,55348"
11990,201293,Berlin,7,2019,11,13,2,3,1,5,0,0,1,0,0,0,0,0,"13,38216","52,42327"
11991,201294,Berlin,3,2019,11,13,2,3,5,3,0,0,1,0,0,0,1,1,"13,47397","52,60982"
11992,201295,Berlin,4,2019,11,13,2,3,5,3,0,0,1,0,0,0,0,1,"13,30427","52,48826"
11993,201296,Berlin,6,2019,11,12,2,2,5,3,0,1,1,0,0,0,0,1,"13,35857","52,43093"
11994,201297,Berlin,10,2019,11,12,2,3,0,3,0,0,1,0,0,0,0,1,"13,61868","52,52148"
11995,201298,Berlin,1,2019,11,16,2,3,6,4,2,0,1,1,0,0,0,1,"13,36567","52,55713"
11996,201299,Berlin,4,2019,11,15,4,2,6,7,0,0,1,1,0,0,0,0,"13,2662","52,51318"
11997,201300,Berlin,1,2019,11,15,4,2,5,2,0,1,1,0,0,0,0,0,"13,32957","52,5228"
11998,201301,Berlin,12,2019,11,16,2,3,1,5,1,1,0,0,0,0,1,0,"13,34226","52,57025"
11999,201302,Berlin,8,2019,11,10,2,2,5,2,0,1,0,0,0,1,0,1,"13,45833","52,47275"
12000,201303,Berlin,6,2019,11,15,2,3,5,2,0,0,0,0,1,1,0,0,"13,29361","52,44579"
12001,201304,Berlin,8,2019,11,15,4,3,6,4,0,0,1,1,0,0,0,0,"13,43221","52,47078"
12002,201305,Berlin,5,2019,11,10,2,3,4,6,0,0,1,0,0,0,0,1,"13,24812","52,53511"
12003,201306,Berlin,4,2019,11,10,4,3,2,6,0,1,1,0,0,0,0,0,"13,28255","52,50638"
12004,201307,Berlin,9,2019,11,9,2,3,3,6,0,0,1,0,0,0,0,1,"13,55887","52,44906"
12005,201308,Berlin,1,2019,11,6,2,3,6,2,1,0,1,1,0,0,0,0,"13,34337","52,53193"
12006,201309,Berlin,8,2019,11,8,4,3,0,3,0,0,1,0,0,0,1,0,"13,45457","52,46528"
12007,201310,Berlin,8,2019,11,8,2,3,5,3,0,1,1,0,0,0,0,1,"13,49017","52,42009"
12008,201311,Berlin,6,2019,11,7,2,3,5,2,0,1,1,0,0,0,0,1,"13,304","52,45906"
12009,201312,Berlin,9,2019,11,7,2,3,2,6,0,0,1,0,0,0,0,1,"13,4671","52,45188"
12010,201313,Berlin,12,2019,11,8,4,3,5,2,0,0,1,0,0,0,0,0,"13,36461","52,56271"
12011,201314,Berlin,11,2019,11,6,2,3,5,2,1,0,1,0,1,0,0,1,"13,50957","52,49631"
12012,201315,Berlin,1,2019,11,7,2,3,0,6,1,1,1,0,0,0,0,1,"13,38557","52,54909"
12013,201316,Berlin,11,2019,11,7,4,3,5,3,0,1,1,0,0,0,0,0,"13,52523","52,4822"
12014,201317,Berlin,5,2019,11,7,2,3,5,2,0,0,1,0,0,0,1,1,"13,21132","52,52734"
12015,201318,Berlin,10,2019,11,6,4,2,5,2,2,0,1,0,1,0,0,0,"13,58683","52,51638"
12016,201319,Berlin,7,2019,11,6,2,3,6,2,1,0,1,1,0,0,0,1,"13,37019","52,46711"
12017,201320,Berlin,11,2019,11,6,2,3,6,4,2,0,0,1,1,0,0,1,"13,47687","52,50173"
12018,201321,Berlin,1,2019,11,8,4,3,2,3,0,1,0,0,0,0,0,0,"13,35044","52,51371"
12019,201322,Berlin,3,2019,11,16,4,3,5,2,2,1,0,0,0,0,1,0,"13,45182","52,5349"
12020,201323,Berlin,12,2019,11,13,1,3,0,7,0,0,0,0,1,0,0,1,"13,2922","52,59058"
12021,201324,Berlin,12,2019,11,5,1,2,1,5,2,0,1,0,0,0,0,1,"13,36963","52,60133"
12022,201325,Berlin,9,2019,11,11,3,3,5,7,0,0,0,0,0,0,1,0,"13,50319","52,44201"
12023,201326,Berlin,1,2019,11,10,3,3,2,2,0,0,1,0,0,0,0,0,"13,32957","52,5238"
12024,201327,Berlin,2,2019,11,3,1,3,0,1,2,1,0,1,0,0,0,1,"13,4606","52,50885"
12025,201328,Berlin,3,2019,11,1,1,3,2,6,2,0,1,0,1,0,0,1,"13,43061","52,58969"
12026,201329,Berlin,8,2019,11,17,1,3,2,7,2,0,1,0,0,0,0,1,"13,4467","52,4401"
12027,201330,Berlin,2,2019,11,10,3,3,5,2,0,1,0,0,0,0,1,0,"13,47248","52,50852"
12028,201331,Berlin,9,2019,11,17,1,3,0,1,2,1,0,0,0,0,0,1,"13,57411","52,44499"
12029,201332,Berlin,1,2019,11,8,3,3,5,2,0,1,1,0,0,0,0,0,"13,38743","52,53352"
12030,201333,Berlin,1,2019,11,15,1,3,5,3,0,1,1,0,0,0,0,1,"13,39198","52,55412"
12031,201334,Berlin,1,2019,11,15,1,3,2,6,0,0,1,0,0,0,0,0,"13,37368","52,55691"
12032,201335,Berlin,11,2019,11,8,3,3,5,3,0,0,1,0,0,0,1,0,"13,5377","52,49296"
12033,201336,Berlin,3,2019,11,15,1,3,5,3,0,1,1,0,0,0,0,1,"13,38977","52,57429"
12034,201337,Berlin,5,2019,11,14,1,3,0,7,0,0,0,0,1,0,0,1,"13,26476","52,5369"
12035,201338,Berlin,1,2019,11,15,1,3,5,3,0,0,1,0,0,0,0,0,"13,37327","52,55725"
12036,201339,Berlin,5,2019,11,8,3,3,5,7,0,0,1,0,0,0,0,0,"13,22877","52,52819"
12037,201340,Berlin,2,2019,11,8,3,3,2,6,0,0,1,0,0,0,0,0,"13,42845","52,51918"
12038,201341,Berlin,3,2019,11,14,1,3,0,1,0,1,0,0,0,0,0,1,"13,46014","52,5634"
12039,201342,Berlin,2,2019,11,6,1,3,1,5,2,0,1,0,0,0,0,1,"13,45721","52,50713"
12040,201343,Berlin,1,2019,11,8,3,2,5,2,0,1,1,0,0,0,0,0,"13,37767","52,52902"
12041,201344,Berlin,6,2019,11,21,1,3,2,7,2,0,1,0,0,0,0,1,"13,2649","52,44145"
12042,201345,Berlin,4,2019,11,19,5,3,6,2,2,0,1,1,0,0,0,1,"13,30729","52,49995"
12043,201346,Berlin,5,2019,11,18,5,3,5,3,2,0,0,0,1,0,0,1,"13,16865","52,52382"
12044,201347,Berlin,12,2019,11,18,5,3,6,4,2,0,1,1,0,0,0,1,"13,32646","52,5624"
12045,201348,Berlin,9,2019,11,7,5,3,2,6,0,0,1,0,0,1,0,0,"13,47523","52,4561"
12046,201349,Berlin,8,2019,11,6,5,3,6,4,1,0,1,1,0,0,0,0,"13,4219","52,41316"
12047,201350,Berlin,3,2019,11,5,5,3,6,4,2,0,1,1,0,0,0,1,"13,40282","52,55374"
12048,201351,Berlin,5,2019,11,7,5,3,5,2,0,0,1,0,0,0,1,0,"13,20031","52,53778"
12049,201352,Berlin,3,2019,11,8,4,3,0,2,0,1,1,0,0,0,0,1,"13,43237","52,59514"
12050,201353,Berlin,2,2019,11,21,4,3,5,3,2,0,1,0,0,0,0,1,"13,42881","52,51544"
12051,201354,Berlin,11,2019,11,19,4,3,6,4,2,0,1,1,0,0,0,0,"13,50575","52,5636"
12052,201355,Berlin,3,2019,11,19,4,3,5,3,2,0,1,0,0,0,0,1,"13,48304","52,61187"
12053,201356,Berlin,2,2019,11,17,4,3,4,7,2,1,0,0,0,0,0,1,"13,41539","52,49461"
12054,201357,Berlin,1,2019,11,17,4,3,5,3,2,1,1,0,0,0,0,1,"13,37985","52,54018"
12055,201358,Berlin,10,2019,11,17,4,3,5,3,2,0,1,0,0,1,0,1,"13,60093","52,51533"
12056,201359,Berlin,10,2019,11,17,4,3,5,2,2,1,1,0,0,0,0,1,"13,54962","52,53237"
12057,201360,Berlin,5,2019,11,16,4,3,5,3,2,0,1,0,0,0,0,0,"13,24698","52,54416"
12058,201361,Berlin,9,2019,11,22,4,3,0,1,2,0,0,0,0,0,1,0,"13,48075","52,47005"
12059,201362,Berlin,8,2019,11,22,4,3,0,7,2,0,1,0,1,0,0,0,"13,43243","52,46554"
12060,201363,Berlin,2,2019,11,19,4,3,0,2,2,0,1,0,1,0,0,1,"13,38222","52,48984"
12061,201364,Berlin,4,2019,11,21,4,3,5,3,2,0,1,0,0,0,0,0,"13,30785","52,48844"
12062,201365,Berlin,9,2019,11,12,4,3,5,3,0,0,1,0,0,0,0,1,"13,52847","52,4291"
12063,201366,Berlin,7,2019,11,11,4,3,9,1,0,0,1,0,0,0,0,1,"13,37581","52,40921"
12064,201367,Berlin,8,2019,11,10,4,3,2,6,0,1,1,0,0,0,0,1,"13,45392","52,47495"
12065,201368,Berlin,1,2019,11,10,4,2,2,6,0,1,1,0,0,0,0,1,"13,38577","52,517"
12066,201369,Berlin,2,2019,11,10,4,3,5,7,0,1,1,0,0,0,0,1,"13,46367","52,50591"
12067,201370,Berlin,8,2019,11,10,4,3,0,6,0,0,1,0,1,0,0,1,"13,44286","52,48376"
12068,201371,Berlin,7,2019,11,9,4,3,4,7,0,1,0,0,0,0,0,0,"13,40059","52,43756"
12069,201372,Berlin,11,2019,11,9,4,3,6,4,0,0,1,1,0,0,0,1,"13,48643","52,54094"
12070,201373,Berlin,5,2019,11,8,4,3,0,1,0,0,0,0,1,0,0,1,"13,2076","52,55735"
12071,201374,Berlin,4,2019,11,8,4,2,6,4,0,0,0,1,1,0,0,1,"13,27927","52,51273"
12072,201375,Berlin,4,2019,11,8,4,2,6,2,0,0,0,1,0,1,0,1,"13,31386","52,49038"
12073,201376,Berlin,4,2019,11,8,4,3,2,6,0,0,1,0,0,0,0,1,"13,30333","52,50556"
12074,201377,Berlin,4,2019,11,6,4,3,6,4,1,0,1,1,0,0,0,1,"13,33579","52,51371"
12075,201378,Berlin,6,2019,11,7,4,2,5,2,0,1,1,0,0,0,0,1,"13,30725","52,43326"
12076,201379,Berlin,7,2019,11,7,4,3,3,6,2,0,1,0,0,1,0,1,"13,37251","52,40907"
12077,201380,Berlin,4,2019,11,7,4,3,5,2,0,0,1,0,0,0,1,1,"13,29742","52,52648"
12078,201381,Berlin,9,2019,11,16,4,2,5,3,2,1,1,0,0,0,0,0,"13,4897","52,45081"
12079,201382,Berlin,4,2019,11,15,4,3,6,4,1,1,0,1,0,0,0,0,"13,33157","52,50379"
12080,201383,Berlin,12,2019,11,14,4,3,0,1,0,0,1,0,1,0,0,1,"13,28936","52,58311"
12081,201384,Berlin,11,2019,11,14,4,3,6,4,0,0,0,1,0,0,1,1,"13,49271","52,54422"
12082,201385,Berlin,8,2019,11,13,4,3,4,6,0,0,1,0,0,0,0,1,"13,432","52,42437"
12083,201386,Berlin,5,2019,11,7,4,3,5,2,0,0,1,0,1,0,0,1,"13,16099","52,52537"
12084,201387,Berlin,4,2019,11,7,4,3,0,3,1,1,1,0,0,0,0,1,"13,34063","52,50444"
12085,201388,Berlin,4,2019,11,6,4,3,6,2,2,0,1,1,0,0,0,1,"13,28651","52,5188"
12086,201389,Berlin,1,2019,11,9,4,3,3,6,0,1,1,0,0,0,0,1,"13,39778","52,52781"
12087,201390,Berlin,5,2019,11,6,4,3,7,7,2,1,0,0,0,0,0,1,"13,2451","52,53816"
12088,201391,Berlin,1,2019,11,5,4,2,5,2,2,1,1,0,0,0,0,1,"13,37444","52,53732"
12089,201392,Berlin,1,2019,11,4,4,3,0,1,2,0,0,0,0,0,1,1,"13,40416","52,53299"
12090,201393,Berlin,3,2019,11,13,3,3,6,4,0,0,1,1,0,0,0,1,"13,41578","52,52956"
12091,201394,Berlin,1,2019,11,22,3,3,5,2,2,0,1,0,0,0,1,1,"13,38132","52,5523"
12092,201395,Berlin,1,2019,11,22,3,2,6,4,2,0,0,1,1,0,0,1,"13,39429","52,52865"
12093,201396,Berlin,4,2019,11,23,3,3,2,6,2,0,1,0,0,0,0,1,"13,29796","52,52448"
12094,201397,Berlin,11,2019,11,21,3,3,5,3,2,1,1,0,0,0,0,1,"13,54541","52,56772"
12095,201398,Berlin,7,2019,11,19,3,3,1,5,2,0,1,0,0,0,1,0,"13,41933","52,45854"
12096,201399,Berlin,1,2019,11,19,3,3,6,7,2,0,1,1,0,0,0,1,"13,38824","52,51983"
12097,201400,Berlin,5,2019,11,19,3,3,6,2,2,0,1,1,0,0,0,1,"13,15727","52,54892"
12098,201401,Berlin,7,2019,11,20,3,2,6,2,2,0,1,1,0,0,0,1,"13,35107","52,48617"
12099,201402,Berlin,3,2019,11,18,3,3,6,4,2,0,1,1,0,0,0,1,"13,40281","52,55428"
12100,201403,Berlin,10,2019,11,17,3,3,2,6,2,0,1,0,0,0,0,0,"13,56396","52,55651"