,id,city,district,year,month,hour,weekday,injury_level,collision,movement,light_conditions,bicycle,car,pedestrian,motorbike,truck,other_vehicle,road_conditions,longitude,latitude
12101,201404,Berlin,7,2019,11,17,3,3,6,2,2,0,1,1,0,0,0,0,"13,37672","52,46149"
12102,201405,Berlin,8,2019,11,17,3,2,6,4,1,0,1,1,0,0,0,0,"13,44944","52,43895"
12103,201406,Berlin,8,2019,11,16,3,3,2,6,2,0,1,0,0,1,0,0,"13,42405","52,45235"
12104,201407,Berlin,11,2019,11,16,3,3,5,2,2,1,1,0,0,0,0,0,"13,51886","52,51353"
12105,201408,Berlin,4,2019,11,15,3,3,5,2,0,0,1,0,0,0,1,0,"13,27591","52,51874"
12106,201409,Berlin,4,2019,11,14,3,3,5,3,0,1,1,0,0,0,0,0,"13,32822","52,50799"
12107,201410,Berlin,5,2019,11,15,3,2,0,4,1,0,0,1,1,0,0,0,"13,20393","52,5399"
12108,201411,Berlin,7,2019,11,19,3,2,1,7,2,0,1,0,0,0,0,0,"13,41873","52,39485"
12109,201412,Berlin,7,2019,11,14,3,3,5,7,0,0,1,0,0,0,0,0,"13,3588","52,49046"
12110,201413,Berlin,9,2019,11,14,3,3,2,6,0,0,1,0,0,0,0,0,"13,5918","52,4412"
12111,201414,Berlin,4,2019,11,14,3,3,5,2,0,0,1,0,0,0,0,0,"13,32611","52,53836"
12112,201415,Berlin,4,2019,11,15,3,3,2,6,0,0,1,0,0,0,0,0,"13,2954","52,53961"
12113,201416,Berlin,1,2019,11,11,3,3,1,5,0,0,1,0,0,0,0,0,"13,37195","52,54014"
12114,201417,Berlin,11,2019,11,11,3,3,2,6,0,0,1,0,0,0,0,0,"13,49674","52,53413"
12115,201418,Berlin,7,2019,11,9,3,3,1,5,0,1,1,0,0,0,0,0,"13,37176","52,4581"
12116,201419,Berlin,9,2019,11,10,3,2,6,7,0,0,1,1,0,0,0,0,"13,56778","52,44484"
12117,201420,Berlin,2,2019,11,6,3,3,5,2,2,1,1,0,0,0,0,0,"13,45206","52,52773"
12118,201421,Berlin,8,2019,11,9,3,3,5,3,0,0,1,0,0,0,1,0,"13,45027","52,46863"
12119,201422,Berlin,8,2019,11,9,3,3,0,7,0,0,1,0,0,0,0,0,"13,44325","52,46994"
12120,201423,Berlin,4,2019,11,8,3,3,5,2,0,1,1,0,0,0,0,0,"13,31643","52,49891"
12121,201424,Berlin,1,2019,11,8,3,3,5,3,0,1,1,0,0,0,0,0,"13,40628","52,53234"
12122,201425,Berlin,7,2019,11,8,3,3,5,3,0,0,1,0,0,0,0,0,"13,39096","52,45738"
12123,201426,Berlin,9,2019,11,7,3,3,2,2,0,1,1,0,0,0,0,1,"13,50564","52,44574"
12124,201427,Berlin,2,2019,11,7,3,3,8,1,1,1,0,0,0,0,0,1,"13,44143","52,49763"
12125,201428,Berlin,3,2019,11,7,3,2,6,2,0,0,0,1,0,1,0,0,"13,43975","52,56798"
12126,201429,Berlin,5,2019,11,8,2,3,5,2,0,1,1,0,0,0,0,0,"13,20383","52,53991"
12127,201430,Berlin,8,2019,11,17,2,3,6,2,2,0,1,1,0,0,0,1,"13,43502","52,44037"
12128,201431,Berlin,9,2019,11,18,2,3,5,2,2,1,0,0,0,1,0,1,"13,53988","52,39668"
12129,201432,Berlin,4,2019,11,18,2,3,2,7,2,0,1,0,0,0,0,1,"13,32845","52,47881"
12130,201433,Berlin,1,2019,11,17,2,3,0,1,2,1,0,0,0,0,0,1,"13,35604","52,52117"
12131,201434,Berlin,6,2019,11,16,2,3,5,3,2,0,1,0,0,0,0,1,"13,27722","52,45998"
12132,201435,Berlin,3,2019,11,17,2,3,5,2,2,1,1,0,0,0,0,1,"13,40578","52,55134"
12133,201436,Berlin,2,2019,11,18,2,3,0,7,2,1,0,0,0,0,0,0,"13,45591","52,50996"
12134,201437,Berlin,1,2019,11,16,2,3,6,2,1,0,1,1,0,0,0,1,"13,37376","52,52347"
12135,201438,Berlin,12,2019,11,16,2,3,6,6,2,0,1,1,0,0,0,1,"13,37798","52,56448"
12136,201439,Berlin,11,2019,11,16,2,3,0,3,2,0,1,0,0,0,1,1,"13,46687","52,52839"
12137,201440,Berlin,4,2019,11,17,2,3,5,3,2,0,1,0,0,0,0,1,"13,33423","52,49863"
12138,201441,Berlin,9,2019,11,17,2,2,6,4,2,0,1,1,0,0,0,1,"13,52188","52,40212"
12139,201442,Berlin,10,2019,11,15,2,3,5,2,0,1,1,0,0,0,0,1,"13,5407","52,53446"
12140,201443,Berlin,1,2019,11,17,2,3,6,4,2,1,0,1,0,0,0,1,"13,38012","52,5189"
12141,201444,Berlin,2,2019,11,15,2,3,5,3,0,1,0,0,0,0,1,1,"13,43008","52,51014"
12142,201445,Berlin,3,2019,11,13,2,2,5,3,1,1,1,0,0,0,0,1,"13,40422","52,58148"
12143,201446,Berlin,7,2019,11,17,2,2,6,2,2,0,1,1,0,0,0,1,"13,39445","52,48393"
12144,201447,Berlin,12,2019,11,13,2,3,5,3,0,0,1,0,0,0,0,1,"13,30131","52,60177"
12145,201448,Berlin,4,2019,11,13,2,3,2,3,0,1,1,0,0,0,0,1,"13,31654","52,47826"
12146,201449,Berlin,5,2019,11,17,2,3,2,6,2,0,1,0,0,0,1,1,"13,20432","52,5303"
12147,201450,Berlin,12,2019,11,17,2,3,6,2,2,0,0,1,0,0,1,1,"13,32642","52,6045"
12148,201451,Berlin,12,2019,11,12,2,2,5,2,0,1,0,0,0,1,0,0,"13,31197","52,56803"
12149,201452,Berlin,10,2019,11,19,2,3,1,5,2,0,1,0,1,0,0,1,"13,61728","52,52006"
12150,201453,Berlin,1,2019,11,12,2,2,5,2,0,0,1,0,1,0,0,1,"13,34276","52,52544"
12151,201454,Berlin,1,2019,11,19,2,3,2,6,2,0,1,0,1,0,0,1,"13,40288","52,5297"
12152,201455,Berlin,4,2019,11,10,2,3,5,2,0,0,1,0,0,0,1,1,"13,29675","52,54801"
12153,201456,Berlin,5,2019,11,9,2,2,5,2,0,0,1,0,0,0,0,0,"13,12926","52,52717"
12154,201457,Berlin,6,2019,11,9,2,3,2,2,0,0,1,0,0,0,0,1,"13,33138","52,45311"
12155,201458,Berlin,3,2019,11,9,2,3,6,4,0,0,1,1,0,0,0,0,"13,39574","52,5659"
12156,201459,Berlin,9,2019,11,8,2,2,6,4,0,0,1,1,0,0,0,1,"13,51203","52,45719"
12157,201460,Berlin,9,2019,11,8,2,3,5,2,0,1,1,0,0,0,0,1,"13,57001","52,4525"
12158,201461,Berlin,1,2019,11,8,2,3,5,2,0,1,0,0,0,0,1,0,"13,3432","52,53194"
12159,201462,Berlin,1,2019,11,8,2,3,0,1,0,1,0,0,0,0,0,1,"13,38374","52,53001"
12160,201463,Berlin,7,2019,11,7,2,3,2,6,0,0,1,0,1,0,0,1,"13,37253","52,44436"
12161,201464,Berlin,8,2019,11,7,2,3,1,5,0,1,1,0,0,0,1,1,"13,43422","52,4902"
12162,201465,Berlin,6,2019,11,7,2,3,6,4,0,0,1,1,0,0,0,1,"13,32263","52,43317"
12163,201466,Berlin,12,2019,11,6,2,2,5,2,2,0,1,0,0,0,1,1,"13,31749","52,55984"
12164,201467,Berlin,2,2019,11,16,1,2,6,4,2,0,1,1,0,0,0,1,"13,44178","52,50433"
12165,201468,Berlin,12,2019,11,15,1,3,0,3,0,0,1,0,1,0,0,1,"13,35625","52,56205"
12166,201469,Berlin,3,2019,11,15,1,3,5,3,0,1,1,0,0,0,0,1,"13,4656","52,5517"
12167,201470,Berlin,9,2019,11,14,1,3,1,7,0,1,0,0,0,0,1,1,"13,57171","52,43804"
12168,201471,Berlin,9,2019,11,13,1,3,0,7,0,0,0,0,1,0,0,1,"13,72853","52,42783"
12169,201472,Berlin,2,2019,11,10,1,3,5,3,0,0,1,0,0,0,0,1,"13,38523","52,50229"
12170,201473,Berlin,6,2019,11,9,1,3,5,3,0,0,1,0,0,0,0,1,"13,26014","52,42721"
12171,201474,Berlin,12,2019,11,8,1,3,5,3,0,0,1,0,1,0,0,1,"13,3159","52,61764"
12172,201475,Berlin,8,2019,11,17,1,2,6,4,2,0,1,1,0,0,0,1,"13,42466","52,46557"
12173,201476,Berlin,2,2019,11,2,1,3,1,5,2,1,1,0,0,0,0,0,"13,37667","52,48841"
12174,201477,Berlin,1,2019,11,23,1,3,5,3,2,0,1,0,0,0,0,1,"13,38435","52,55603"
12175,201478,Berlin,12,2019,11,6,1,3,8,1,2,0,1,0,0,0,0,1,"13,32883","52,59379"
12176,201479,Berlin,11,2019,11,21,1,3,4,1,2,0,1,0,0,0,0,1,"13,47186","52,50525"
12177,201480,Berlin,3,2019,11,20,1,3,5,2,2,1,1,0,0,0,0,1,"13,42998","52,55142"
12178,201481,Berlin,8,2019,11,20,1,2,6,3,2,0,1,1,0,0,0,1,"13,40607","52,41576"
12179,201482,Berlin,8,2019,11,17,1,3,6,4,2,0,1,1,0,0,0,1,"13,4254","52,47975"
12180,201483,Berlin,9,2019,11,17,1,2,5,2,2,0,1,0,0,0,0,1,"13,49131","52,4691"
12181,201484,Berlin,7,2019,11,15,1,3,1,7,1,0,1,0,0,0,1,1,"13,35274","52,48454"
12182,201485,Berlin,12,2019,11,7,1,3,9,1,2,0,1,0,0,0,0,1,"13,35436","52,61705"
12183,201486,Berlin,2,2019,11,5,7,3,5,3,2,0,1,0,0,0,0,1,"13,39461","52,50456"
12184,201487,Berlin,10,2019,11,14,7,3,5,2,0,0,1,0,0,0,0,0,"13,59291","52,54844"
12185,201488,Berlin,8,2019,11,22,7,3,2,6,2,0,1,0,0,0,0,0,"13,42687","52,47591"
12186,201489,Berlin,6,2019,11,19,7,3,6,2,2,0,1,1,0,0,0,0,"13,30682","52,42893"
12187,201490,Berlin,2,2019,11,18,7,3,2,6,2,0,1,0,0,0,0,0,"13,41611","52,49973"
12188,201491,Berlin,1,2019,11,18,7,3,2,6,2,0,1,0,0,0,0,0,"13,37993","52,55143"
12189,201492,Berlin,1,2019,11,14,7,3,5,2,0,0,1,0,0,0,0,1,"13,34407","52,5461"
12190,201493,Berlin,1,2019,11,0,7,2,1,5,2,0,1,0,0,0,1,0,"13,38663","52,52482"
12191,201494,Berlin,5,2019,11,9,7,3,5,2,0,0,1,0,0,0,0,1,"13,14798","52,53277"
12192,201495,Berlin,10,2019,11,7,7,3,0,1,2,0,0,0,1,0,0,1,"13,51966","52,53564"
12193,201496,Berlin,6,2019,11,6,7,3,5,3,2,1,1,0,0,0,0,1,"13,31981","52,42657"
12194,201497,Berlin,7,2019,11,20,7,3,2,6,2,0,1,0,0,0,0,0,"13,33852","52,46655"
12195,201498,Berlin,6,2019,11,5,7,2,9,1,2,0,1,1,0,0,0,0,"13,28712","52,45108"
12196,201499,Berlin,2,2019,11,20,7,3,5,2,2,0,1,0,0,0,0,0,"13,38773","52,49303"
12197,201500,Berlin,3,2019,11,19,7,3,0,3,2,0,1,0,1,0,0,0,"13,39428","52,56501"
12198,201501,Berlin,2,2019,11,18,7,3,2,6,2,0,1,0,0,0,0,0,"13,44588","52,50193"
12199,201502,Berlin,9,2019,11,13,7,3,5,2,0,0,1,0,0,0,0,0,"13,47661","52,47296"
12200,201503,Berlin,4,2019,11,13,7,3,5,7,0,0,1,0,0,0,0,0,"13,33312","52,48709"
12201,201504,Berlin,4,2019,11,12,7,3,6,7,0,0,1,1,0,0,0,0,"13,28667","52,47947"
12202,201505,Berlin,1,2019,11,2,7,3,0,2,2,0,1,0,0,0,0,0,"13,41555","52,52708"
12203,201506,Berlin,11,2019,11,12,7,3,2,6,0,0,1,0,0,0,0,1,"13,48435","52,53346"
12204,201507,Berlin,1,2019,11,10,7,2,0,5,0,0,1,0,1,0,0,1,"13,35195","52,54808"
12205,201508,Berlin,1,2019,11,11,6,3,6,4,0,0,1,1,0,0,0,0,"13,33944","52,53382"
12206,201509,Berlin,2,2019,11,22,6,3,0,3,2,1,1,0,0,0,0,0,"13,4136","52,4884"
12207,201510,Berlin,11,2019,11,7,6,3,6,4,2,0,1,1,0,0,0,1,"13,49427","52,54011"
12208,201511,Berlin,7,2019,11,19,6,3,5,2,2,1,1,0,0,0,0,0,"13,32846","52,46493"
12209,201512,Berlin,4,2019,11,17,6,3,0,5,2,1,1,0,0,0,0,0,"13,33178","52,49687"
12210,201513,Berlin,12,2019,11,17,6,3,2,6,2,0,1,0,0,0,0,0,"13,33098","52,56244"
12211,201514,Berlin,1,2019,11,13,1,3,5,3,0,0,1,0,1,0,0,0,"13,3769","52,51077"
12212,201515,Berlin,11,2019,11,12,1,3,5,3,0,1,1,0,0,0,0,0,"13,5307","52,51017"
12213,201516,Berlin,7,2019,11,17,6,3,3,6,2,0,1,0,0,1,0,0,"13,37781","52,47346"
12214,201517,Berlin,4,2019,11,12,1,3,3,6,0,0,1,0,0,0,1,0,"13,28123","52,5131"
12215,201518,Berlin,4,2019,11,16,6,3,2,6,0,0,1,0,0,0,1,0,"13,271","52,51981"
12216,201519,Berlin,7,2019,11,11,1,3,0,5,0,1,1,0,0,0,0,0,"13,36017","52,48647"
12217,201520,Berlin,3,2019,11,10,1,3,5,3,0,0,1,0,0,0,0,0,"13,47409","52,6099"
12218,201521,Berlin,1,2019,11,16,6,3,0,1,0,1,0,0,0,0,0,1,"13,37988","52,54015"
12219,201522,Berlin,4,2019,11,1,1,3,1,1,2,0,1,0,0,0,0,0,"13,29096","52,53754"
12220,201523,Berlin,4,2019,11,16,1,3,6,2,2,0,1,1,0,0,0,0,"13,29876","52,47337"
12221,201524,Berlin,9,2019,11,2,1,3,0,1,2,1,0,0,0,0,0,1,"13,55968","52,44431"
12222,201525,Berlin,2,2019,11,14,6,3,5,3,0,1,1,0,0,0,0,0,"13,44042","52,51586"
12223,201526,Berlin,3,2019,11,14,6,3,5,3,0,1,1,0,0,0,0,0,"13,44104","52,55637"
12224,201527,Berlin,7,2019,11,19,1,2,6,4,2,0,1,1,0,0,0,0,"13,37343","52,43689"
12225,201528,Berlin,1,2019,11,17,1,3,0,1,2,0,0,0,0,0,1,0,"13,35388","52,52384"
12226,201529,Berlin,10,2019,11,15,6,2,5,3,0,1,1,0,0,0,0,0,"13,55356","52,51583"
12227,201530,Berlin,11,2019,11,17,7,3,2,6,2,0,1,0,0,0,0,0,"13,51242","52,53502"
12228,201531,Berlin,1,2019,11,17,7,2,0,1,2,1,0,0,0,0,0,0,"13,37903","52,52926"
12229,201532,Berlin,7,2019,11,15,6,3,5,3,1,0,1,0,0,0,0,0,"13,37678","52,40843"
12230,201533,Berlin,4,2019,11,14,6,3,5,3,0,0,1,0,0,0,0,0,"13,28541","52,50651"
12231,201534,Berlin,1,2019,11,15,7,3,6,4,0,0,1,1,0,0,0,0,"13,34891","52,54548"
12232,201535,Berlin,11,2019,11,13,7,3,2,6,0,0,1,0,0,0,0,0,"13,48549","52,52335"
12233,201536,Berlin,3,2019,11,14,6,3,2,6,0,0,1,0,0,0,0,0,"13,41668","52,55366"
12234,201537,Berlin,2,2019,11,14,6,3,2,2,0,0,0,0,1,0,1,0,"13,43502","52,50868"
12235,201538,Berlin,3,2019,11,12,7,3,0,5,0,0,1,0,0,0,0,0,"13,46481","52,55018"
12236,201539,Berlin,7,2019,11,12,7,3,3,6,0,1,1,0,0,0,0,0,"13,35303","52,40827"
12237,201540,Berlin,11,2019,11,22,7,3,0,2,2,1,1,0,0,0,0,0,"13,49815","52,51392"
12238,201541,Berlin,7,2019,11,12,6,3,6,7,0,0,1,1,0,0,0,0,"13,40033","52,48371"
12239,201542,Berlin,10,2019,11,20,7,2,6,4,2,0,1,1,0,0,0,0,"13,57779","52,54786"
12240,201543,Berlin,4,2019,11,14,6,3,0,7,0,1,1,0,0,0,0,0,"13,31439","52,51808"
12241,201544,Berlin,1,2019,11,19,7,3,0,5,2,0,1,0,0,0,0,0,"13,37049","52,56013"
12242,201545,Berlin,6,2019,11,20,7,2,4,6,2,0,1,0,0,0,0,0,"13,31773","52,42784"
12243,201546,Berlin,1,2019,11,13,6,2,0,6,0,0,1,0,1,0,0,0,"13,32756","52,52459"
12244,201547,Berlin,10,2019,11,19,7,3,0,1,2,0,0,0,1,0,0,0,"13,59153","52,54208"
12245,201548,Berlin,12,2019,11,10,7,3,2,6,0,0,1,0,0,0,0,0,"13,33344","52,59554"
12246,201549,Berlin,4,2019,11,10,7,3,5,2,0,0,1,0,0,0,0,0,"13,29947","52,5197"
12247,201550,Berlin,11,2019,11,13,6,3,6,7,0,0,1,1,0,0,0,0,"13,50924","52,55158"
12248,201551,Berlin,1,2019,11,13,6,2,0,2,0,1,1,0,0,0,0,0,"13,40977","52,52402"
12249,201552,Berlin,8,2019,11,7,7,3,0,1,2,1,0,0,0,0,0,0,"13,42554","52,4808"
12250,201553,Berlin,11,2019,11,2,7,3,9,1,2,0,1,0,0,0,0,1,"13,50882","52,54999"
12251,201554,Berlin,1,2019,11,12,6,3,0,2,0,1,1,0,0,0,0,0,"13,39318","52,56447"
12252,201555,Berlin,4,2019,11,12,6,3,1,5,0,1,1,0,0,0,0,0,"13,30113","52,47036"
12253,201556,Berlin,12,2019,11,9,6,3,5,3,0,1,1,0,0,0,0,1,"13,35405","52,59235"
12254,201557,Berlin,8,2019,11,17,6,3,6,2,2,0,1,1,0,0,0,0,"13,43351","52,44397"
12255,201558,Berlin,1,2019,11,12,6,3,3,6,0,0,1,0,1,0,0,0,"13,37303","52,53821"
12256,201559,Berlin,12,2019,11,21,6,3,5,3,2,0,1,0,0,0,0,0,"13,28603","52,58693"
12257,201560,Berlin,1,2019,11,20,6,3,6,7,2,0,1,1,0,0,0,0,"13,39243","52,55504"
12258,201561,Berlin,1,2019,11,10,6,3,5,5,0,1,0,0,0,0,1,0,"13,41424","52,51149"
12259,201562,Berlin,5,2019,11,10,6,3,5,7,0,0,1,0,1,0,0,0,"13,24561","52,52769"
12260,201563,Berlin,8,2019,11,19,6,3,5,2,2,0,1,0,0,0,0,0,"13,4386","52,45262"
12261,201564,Berlin,2,2019,11,23,6,3,0,7,2,1,0,0,0,0,0,0,"13,4021","52,48883"
12262,201565,Berlin,6,2019,11,19,6,2,1,7,2,0,1,0,0,0,0,1,"13,29789","52,45303"
12263,201566,Berlin,3,2019,11,9,6,3,1,5,0,1,1,0,0,0,0,0,"13,40887","52,53025"
12264,201567,Berlin,4,2019,11,19,6,3,3,5,2,0,1,0,1,0,0,1,"13,29162","52,48315"
12265,201568,Berlin,5,2019,11,10,6,2,0,7,0,0,1,0,0,0,1,0,"13,16917","52,53238"
12266,201569,Berlin,1,2019,11,18,6,3,5,2,2,1,1,0,0,0,0,0,"13,38091","52,51637"
12267,201570,Berlin,2,2019,11,18,6,3,1,5,2,1,1,0,0,0,1,1,"13,43409","52,50866"
12268,201571,Berlin,9,2019,11,8,6,3,2,6,0,0,1,0,0,0,0,0,"13,48084","52,46103"
12269,201572,Berlin,1,2019,11,8,6,3,5,2,0,0,1,0,0,0,0,0,"13,36328","52,52458"
12270,201573,Berlin,3,2019,11,18,6,3,0,5,2,0,1,0,0,0,0,0,"13,45266","52,54755"
12271,201574,Berlin,11,2019,11,6,6,3,0,6,1,0,1,0,1,0,0,0,"13,4638","52,53019"
12272,201575,Berlin,3,2019,11,17,6,3,2,6,2,0,1,0,0,0,0,0,"13,41293","52,54529"
12273,201576,Berlin,3,2019,11,17,6,3,1,5,2,1,1,0,0,0,0,0,"13,41131","52,55076"
12274,201577,Berlin,3,2019,11,8,6,3,6,7,0,1,0,1,0,0,0,0,"13,44761","52,55325"
12275,201578,Berlin,5,2019,11,6,6,2,6,4,2,0,1,1,0,0,0,0,"13,22243","52,52867"
12276,201579,Berlin,8,2019,11,17,6,3,2,6,2,0,1,0,0,0,0,1,"13,48374","52,42554"
12277,201580,Berlin,5,2019,11,17,6,2,0,1,2,1,0,0,0,0,0,0,"13,19918","52,53288"
12278,201581,Berlin,1,2019,11,8,6,3,3,6,0,0,1,0,0,1,0,0,"13,33057","52,53946"
12279,201582,Berlin,5,2019,11,5,6,2,6,4,2,0,0,1,0,0,1,0,"13,15576","52,52161"
12280,201583,Berlin,9,2019,11,17,6,3,0,7,2,1,0,0,0,0,0,0,"13,50633","52,43747"
12281,201584,Berlin,9,2019,11,17,6,3,6,7,2,0,1,1,0,0,0,0,"13,53619","52,44027"
12282,201585,Berlin,10,2019,11,7,6,2,5,3,1,1,1,0,0,0,0,0,"13,59162","52,54149"
12283,201586,Berlin,10,2019,11,17,6,3,0,5,2,0,1,0,0,0,0,0,"13,56347","52,51711"
12284,201587,Berlin,7,2019,11,16,5,3,6,2,1,0,0,1,0,0,1,0,"13,35016","52,41439"
12285,201588,Berlin,6,2019,11,11,6,3,5,3,0,0,1,0,0,0,0,1,"13,33226","52,41762"
12286,201589,Berlin,9,2019,11,10,6,3,8,7,0,0,1,0,0,0,0,1,"13,5565","52,41105"
12287,201590,Berlin,4,2019,11,19,5,3,6,7,2,0,0,1,0,0,1,0,"13,34018","52,50384"
12288,201591,Berlin,12,2019,11,7,5,3,3,6,2,0,1,0,0,0,0,0,"13,37779","52,56369"
12289,201592,Berlin,2,2019,11,16,6,3,1,5,1,1,1,0,0,0,0,0,"13,43578","52,49181"
12290,201593,Berlin,10,2019,11,15,6,3,1,5,1,0,1,0,0,0,0,0,"13,61334","52,50882"
12291,201594,Berlin,12,2019,11,7,5,3,5,3,0,1,1,0,0,0,0,0,"13,28066","52,63418"
12292,201595,Berlin,6,2019,11,9,5,3,6,2,0,0,1,1,0,0,0,0,"13,33826","52,4166"
12293,201596,Berlin,4,2019,11,15,6,3,5,2,0,0,1,0,0,0,1,0,"13,30234","52,51884"
12294,201597,Berlin,7,2019,11,13,6,3,0,6,0,1,1,0,0,0,0,0,"13,38076","52,47465"
12295,201598,Berlin,4,2019,11,1,5,3,5,2,2,0,1,0,0,1,0,0,"13,30164","52,52925"
12296,201599,Berlin,9,2019,11,19,5,3,4,6,2,0,1,0,0,0,0,0,"13,57169","52,43759"
12297,201600,Berlin,11,2019,11,13,6,3,6,4,0,0,1,1,0,0,0,0,"13,50481","52,56302"
12298,201601,Berlin,2,2019,11,9,6,3,5,2,0,1,1,0,0,0,0,1,"13,46285","52,51502"
12299,201602,Berlin,11,2019,11,9,6,3,5,2,0,0,1,0,0,0,0,0,"13,51175","52,55075"
12300,201603,Berlin,10,2019,11,19,5,2,1,5,2,0,1,0,0,0,1,0,"13,61655","52,53158"
12301,201604,Berlin,11,2019,11,18,5,2,6,4,2,0,0,1,0,0,1,0,"13,50319","52,56245"
12302,201605,Berlin,3,2019,11,9,6,3,5,3,0,0,1,0,0,0,0,0,"13,42743","52,55241"
12303,201606,Berlin,10,2019,11,13,6,3,5,3,0,0,1,0,0,0,0,0,"13,61266","52,51516"
12304,201607,Berlin,1,2019,11,17,5,3,2,6,2,0,1,0,0,0,0,0,"13,37678","52,55632"
12305,201608,Berlin,10,2019,11,15,5,3,5,3,0,1,1,0,0,0,0,0,"13,59159","52,54164"
12306,201609,Berlin,1,2019,11,8,6,3,2,6,0,0,1,0,1,0,0,1,"13,37097","52,54007"
12307,201610,Berlin,2,2019,11,7,6,3,0,6,1,0,1,0,1,0,0,1,"13,46696","52,49753"
12308,201611,Berlin,7,2019,11,15,5,3,5,2,0,1,1,0,0,0,0,0,"13,37008","52,46057"
12309,201612,Berlin,3,2019,11,12,6,3,5,3,0,0,1,0,0,0,0,0,"13,42744","52,5524"
12310,201613,Berlin,8,2019,11,12,5,2,5,2,0,1,1,0,0,0,0,0,"13,49541","52,43161"
12311,201614,Berlin,1,2019,11,6,6,3,2,6,2,0,1,0,0,0,0,1,"13,37394","52,55655"
12312,201615,Berlin,10,2019,11,7,6,2,6,2,2,0,1,1,0,0,0,1,"13,60404","52,5392"
12313,201616,Berlin,7,2019,11,12,5,2,1,7,0,0,1,0,0,0,0,0,"13,39955","52,40343"
12314,201617,Berlin,4,2019,11,12,5,3,2,6,0,0,1,0,0,0,0,0,"13,31329","52,50236"
12315,201618,Berlin,1,2019,11,5,6,3,5,2,2,1,0,0,0,1,0,1,"13,32824","52,53541"
12316,201619,Berlin,8,2019,11,5,6,3,6,2,2,0,1,1,0,0,0,1,"13,45588","52,47389"
12317,201620,Berlin,10,2019,11,11,5,3,3,6,0,0,1,0,0,0,1,0,"13,54924","52,54352"
12318,201621,Berlin,1,2019,11,10,5,3,5,7,0,1,1,0,0,0,0,0,"13,41821","52,51744"
12319,201622,Berlin,9,2019,11,12,6,2,4,6,0,0,1,0,0,0,0,1,"13,60331","52,43441"
12320,201623,Berlin,9,2019,11,11,6,3,2,6,0,0,1,0,0,0,0,1,"13,57414","52,44436"
12321,201624,Berlin,6,2019,11,15,5,3,2,6,0,0,1,0,1,0,0,0,"13,30985","52,43162"
12322,201625,Berlin,5,2019,11,11,6,3,1,5,0,1,0,0,0,0,1,1,"13,17148","52,52842"
12323,201626,Berlin,1,2019,11,14,5,3,5,2,0,1,1,0,0,0,0,0,"13,3566","52,53569"
12324,201627,Berlin,11,2019,11,13,5,3,5,2,0,1,1,0,0,0,0,0,"13,4985","52,51571"
12325,201628,Berlin,1,2019,11,11,6,3,3,5,0,1,1,0,0,0,0,0,"13,41197","52,50522"
12326,201629,Berlin,11,2019,11,13,5,3,6,4,0,0,1,1,0,0,0,0,"13,50405","52,56729"
12327,201630,Berlin,7,2019,11,19,6,3,0,7,2,0,0,0,0,0,1,1,"13,34461","52,46374"
12328,201631,Berlin,1,2019,11,22,5,3,5,2,2,0,1,0,1,0,0,0,"13,37056","52,53983"
12329,201632,Berlin,11,2019,11,19,5,3,3,6,2,1,0,0,0,0,1,0,"13,48594","52,52667"
12330,201633,Berlin,8,2019,11,14,5,3,5,2,0,1,1,0,0,0,0,0,"13,45007","52,47669"
12331,201634,Berlin,5,2019,11,17,5,3,2,6,2,0,1,0,0,0,0,1,"13,26548","52,5357"
12332,201635,Berlin,12,2019,11,10,5,3,5,3,0,0,1,0,0,0,0,0,"13,24139","52,61796"
12333,201636,Berlin,12,2019,11,17,5,2,6,2,2,0,1,1,0,0,0,1,"13,29147","52,59602"
12334,201637,Berlin,4,2019,11,17,5,2,5,2,2,0,1,0,1,0,0,1,"13,30227","52,54789"
12335,201638,Berlin,10,2019,11,17,5,3,2,6,2,0,1,0,0,0,0,1,"13,51915","52,53548"
12336,201639,Berlin,10,2019,11,17,5,3,6,2,2,0,1,1,0,0,0,1,"13,54981","52,54288"
12337,201640,Berlin,7,2019,11,16,5,3,2,6,2,0,1,0,0,0,0,1,"13,34516","52,48881"
12338,201641,Berlin,11,2019,11,19,5,3,6,3,2,0,1,1,0,0,0,0,"13,53043","52,50972"
12339,201642,Berlin,8,2019,11,9,5,3,5,3,0,0,1,0,1,0,0,0,"13,43818","52,48276"
12340,201643,Berlin,3,2019,11,16,5,3,1,5,2,1,1,0,0,0,1,1,"13,48223","52,61066"
12341,201644,Berlin,1,2019,11,17,5,3,6,4,2,0,1,1,0,0,0,1,"13,41528","52,52685"
12342,201645,Berlin,4,2019,11,16,5,3,6,2,2,0,1,1,0,0,0,1,"13,31405","52,50621"
12343,201646,Berlin,9,2019,11,8,5,3,5,3,0,0,1,0,1,0,0,0,"13,57572","52,42384"
12344,201647,Berlin,7,2019,11,16,5,2,6,4,2,0,1,1,0,0,0,1,"13,34217","52,50185"
12345,201648,Berlin,7,2019,11,9,5,2,1,7,0,0,1,0,0,0,1,0,"13,40328","52,43583"
12346,201649,Berlin,1,2019,11,16,5,3,5,2,2,1,1,0,0,0,0,1,"13,39321","52,53751"
12347,201650,Berlin,1,2019,11,16,5,3,5,2,1,0,1,0,0,0,1,1,"13,38664","52,51192"
12348,201651,Berlin,2,2019,11,6,5,3,5,5,2,1,0,0,0,0,1,0,"13,41409","52,5039"
12349,201652,Berlin,12,2019,11,15,5,3,6,4,1,0,1,1,0,0,0,1,"13,37148","52,56938"
12350,201653,Berlin,12,2019,11,15,5,3,6,4,0,0,1,1,0,0,0,1,"13,31953","52,60693"
12351,201654,Berlin,3,2019,11,15,5,3,5,2,1,1,0,0,0,0,1,0,"13,44125","52,53205"