,id,city,district,year,month,hour,weekday,injury_level,collision,movement,light_conditions,bicycle,car,pedestrian,motorbike,truck,other_vehicle,road_conditions,longitude,latitude
12352,201655,Berlin,9,2019,11,9,5,3,6,2,0,0,1,1,0,0,0,0,"13,50502","52,43708"
12353,201656,Berlin,6,2019,11,15,5,3,6,4,1,0,0,1,0,0,1,1,"13,2833","52,45878"
12354,201657,Berlin,9,2019,11,14,5,3,0,1,0,1,0,0,0,0,0,1,"13,63866","52,44767"
12355,201658,Berlin,12,2019,11,9,5,3,5,3,0,1,1,0,0,0,0,0,"13,32261","52,62465"
12356,201659,Berlin,6,2019,11,14,5,2,0,7,0,0,1,0,0,0,0,1,"13,34217","52,44707"
12357,201660,Berlin,1,2019,11,1,5,3,0,1,2,0,0,0,0,0,1,0,"13,40656","52,52515"
12358,201661,Berlin,1,2019,11,12,5,3,6,4,0,0,1,1,0,0,0,1,"13,36383","52,52841"
12359,201662,Berlin,6,2019,11,12,5,2,6,2,0,0,1,1,0,0,0,0,"13,3156","52,44319"
12360,201663,Berlin,1,2019,11,0,5,3,0,1,2,1,0,0,0,0,0,1,"13,42846","52,50724"
12361,201664,Berlin,2,2019,11,20,4,3,6,4,2,0,1,1,0,0,0,0,"13,39244","52,5067"
12362,201665,Berlin,1,2019,11,12,5,2,3,6,0,1,0,0,0,0,1,0,"13,40999","52,51803"
12363,201666,Berlin,3,2019,11,12,5,3,5,3,0,0,1,0,0,0,1,0,"13,40691","52,58639"
12364,201667,Berlin,9,2019,11,17,4,3,0,5,2,0,1,1,0,0,1,1,"13,57957","52,455"
12365,201668,Berlin,8,2019,11,7,4,3,5,3,1,1,0,0,0,0,1,0,"13,4158","52,4806"
12366,201669,Berlin,4,2019,11,10,5,3,6,4,0,0,1,1,0,0,0,0,"13,30892","52,50601"
12367,201670,Berlin,12,2019,11,11,5,3,1,5,0,0,1,0,0,0,0,1,"13,32946","52,60726"
12368,201671,Berlin,4,2019,11,9,5,3,5,2,0,1,1,0,0,0,0,0,"13,32809","52,50715"
12369,201672,Berlin,2,2019,11,20,4,3,6,4,2,0,1,1,0,0,0,0,"13,43225","52,49925"
12370,201673,Berlin,2,2019,11,9,5,3,5,3,0,1,1,0,0,0,0,0,"13,42482","52,5021"
12371,201674,Berlin,9,2019,11,19,4,3,5,3,2,1,1,0,0,0,0,0,"13,52233","52,42854"
12372,201675,Berlin,6,2019,11,8,5,3,2,2,0,1,1,0,0,0,0,0,"13,32837","52,45432"
12373,201676,Berlin,2,2019,11,22,5,3,5,3,2,1,1,0,0,0,0,1,"13,39499","52,50317"
12374,201677,Berlin,4,2019,11,18,4,3,5,2,2,1,1,0,0,0,0,0,"13,32548","52,48177"
12375,201678,Berlin,10,2019,11,20,5,3,5,2,2,0,1,0,0,0,0,1,"13,62607","52,52933"
12376,201679,Berlin,2,2019,11,18,5,3,2,6,2,0,1,0,0,0,0,1,"13,46817","52,49913"
12377,201680,Berlin,1,2019,11,20,5,3,6,2,2,0,1,1,0,0,0,1,"13,39118","52,54472"
12378,201681,Berlin,2,2019,11,18,4,3,5,2,2,1,1,0,0,0,0,0,"13,40794","52,50438"
12379,201682,Berlin,12,2019,11,18,4,2,6,4,2,0,1,1,0,0,0,0,"13,37007","52,57466"
12380,201683,Berlin,1,2019,11,19,5,2,1,1,2,0,1,0,0,1,0,1,"13,3636","52,55668"
12381,201684,Berlin,12,2019,11,19,5,2,1,5,2,1,1,0,0,0,0,1,"13,28693","52,63898"
12382,201685,Berlin,2,2019,11,14,4,3,5,3,0,0,1,0,0,0,0,0,"13,42454","52,4972"
12383,201686,Berlin,4,2019,12,22,4,3,4,1,2,0,1,0,0,1,0,0,"13,28305","52,51865"
12384,201687,Berlin,2,2019,12,22,4,3,5,2,2,0,1,0,1,0,0,0,"13,42298","52,50027"
12385,201688,Berlin,8,2019,12,21,4,3,1,1,2,0,1,0,0,0,0,0,"13,46977","52,43476"
12386,201689,Berlin,2,2019,12,12,4,2,1,1,0,1,1,0,0,0,0,1,"13,46962","52,51244"
12387,201690,Berlin,1,2019,12,11,4,3,2,6,0,0,1,0,0,0,0,0,"13,34314","52,52664"
12388,201691,Berlin,8,2019,12,9,4,3,1,5,0,1,1,0,0,0,1,0,"13,45149","52,48066"
12389,201692,Berlin,4,2019,12,9,4,3,2,2,0,1,1,0,0,0,0,1,"13,33561","52,49939"
12390,201693,Berlin,11,2019,12,9,4,3,5,2,0,1,1,0,0,0,0,0,"13,52826","52,55689"
12391,201694,Berlin,4,2019,12,9,4,3,5,3,0,1,1,0,0,0,0,1,"13,28468","52,47402"
12392,201695,Berlin,2,2019,12,9,4,2,6,4,0,0,1,1,0,0,0,0,"13,43509","52,50841"
12393,201696,Berlin,1,2019,12,9,4,3,1,5,0,1,1,0,0,0,1,0,"13,39705","52,51387"
12394,201697,Berlin,9,2019,12,8,4,3,5,3,0,0,1,0,0,0,0,1,"13,51788","52,46609"
12395,201698,Berlin,5,2019,12,8,4,3,3,6,0,0,1,0,1,0,0,1,"13,21014","52,549"
12396,201699,Berlin,3,2019,12,5,4,3,0,3,2,0,0,0,1,0,0,1,"13,39733","52,5671"
12397,201700,Berlin,6,2019,12,16,4,3,0,2,2,0,1,1,0,0,0,0,"13,25508","52,44061"
12398,201701,Berlin,1,2019,12,16,4,3,1,5,2,1,1,0,0,0,1,1,"13,34725","52,55658"
12399,201702,Berlin,6,2019,12,14,4,3,5,2,0,0,1,0,0,0,0,0,"13,31533","52,44955"
12400,201703,Berlin,9,2019,12,14,4,3,5,3,0,1,1,0,0,0,0,0,"13,48833","52,45128"
12401,201704,Berlin,10,2019,12,15,3,3,4,6,1,1,1,0,0,0,0,1,"13,54482","52,52222"
12402,201705,Berlin,5,2019,12,11,3,2,6,4,0,0,1,1,0,0,0,1,"13,19886","52,53489"
12403,201706,Berlin,6,2019,12,9,3,3,0,2,0,1,1,0,0,0,0,1,"13,25987","52,42918"
12404,201707,Berlin,11,2019,12,9,3,2,6,4,0,0,1,1,0,0,0,1,"13,50953","52,55111"
12405,201708,Berlin,2,2019,12,10,3,3,2,6,0,0,1,0,0,0,1,1,"13,44383","52,52532"
12406,201709,Berlin,4,2019,12,9,3,3,5,3,0,0,1,0,0,0,0,1,"13,26452","52,50897"
12407,201710,Berlin,7,2019,12,9,3,2,5,3,0,0,1,0,0,0,0,2,"13,38255","52,45834"
12408,201711,Berlin,8,2019,12,8,3,3,3,6,0,1,1,0,0,0,0,0,"13,43692","52,48112"
12409,201712,Berlin,8,2019,12,8,3,3,2,6,0,0,1,0,0,0,0,0,"13,41845","52,45197"
12410,201713,Berlin,11,2019,12,7,3,3,0,1,0,1,0,0,0,0,0,2,"13,47622","52,51257"
12411,201714,Berlin,6,2019,12,8,3,3,6,2,0,0,1,1,0,0,0,0,"13,27619","52,43343"
12412,201715,Berlin,2,2019,12,7,3,3,0,2,0,1,0,0,0,0,1,2,"13,38345","52,49346"
12413,201716,Berlin,9,2019,12,7,3,3,5,2,1,0,1,0,1,0,0,1,"13,55173","52,42849"
12414,201717,Berlin,5,2019,12,5,3,3,1,5,2,0,1,0,0,0,0,2,"13,22546","52,55213"
12415,201718,Berlin,12,2019,12,5,3,3,5,2,2,0,1,0,0,0,0,2,"13,29208","52,59057"
12416,201719,Berlin,1,2019,12,21,3,3,6,2,2,0,1,1,0,0,0,1,"13,39874","52,53258"
12417,201720,Berlin,12,2019,12,20,3,3,5,2,2,0,1,0,0,0,0,0,"13,30293","52,58073"
12418,201721,Berlin,3,2019,12,20,3,3,0,1,2,0,0,0,1,0,0,2,"13,46574","52,552"
12419,201722,Berlin,9,2019,12,20,3,3,5,2,2,1,1,0,0,0,0,1,"13,51428","52,44638"
12420,201723,Berlin,9,2019,12,17,3,3,1,1,2,0,1,0,1,0,0,1,"13,58201","52,44227"
12421,201724,Berlin,3,2019,12,17,3,3,5,2,2,1,1,0,0,0,0,1,"13,44161","52,54329"
12422,201725,Berlin,3,2019,12,17,3,3,2,6,2,0,1,0,0,0,0,1,"13,45957","52,56294"
12423,201726,Berlin,10,2019,12,18,3,3,2,2,2,0,1,0,0,0,0,1,"13,61953","52,52243"
12424,201727,Berlin,1,2019,12,18,3,3,1,5,2,1,1,0,0,0,0,1,"13,39916","52,52479"
12425,201728,Berlin,1,2019,12,16,3,3,2,2,2,0,1,0,0,0,0,1,"13,41649","52,51965"
12426,201729,Berlin,11,2019,12,7,3,3,0,6,1,1,1,0,0,0,0,2,"13,53074","52,49263"
12427,201730,Berlin,7,2019,12,17,3,3,6,2,2,0,1,1,0,0,0,1,"13,35933","52,45658"
12428,201731,Berlin,12,2019,12,17,3,3,1,5,2,0,1,0,1,0,0,1,"13,3683","52,56398"
12429,201732,Berlin,3,2019,12,16,3,2,6,4,2,0,1,1,0,0,0,1,"13,45834","52,54999"
12430,201733,Berlin,3,2019,12,17,3,3,2,6,2,0,1,0,0,0,0,1,"13,43607","52,54221"
12431,201734,Berlin,3,2019,12,16,3,3,5,3,2,0,1,0,0,0,0,1,"13,42703","52,55221"
12432,201735,Berlin,1,2019,12,16,3,3,5,2,2,0,1,0,0,0,0,1,"13,31595","52,5258"
12433,201736,Berlin,3,2019,12,15,3,3,5,3,0,1,1,0,0,0,0,1,"13,41475","52,55387"
12434,201737,Berlin,7,2019,12,15,3,2,1,5,0,0,1,0,0,0,0,1,"13,37815","52,42475"
12435,201738,Berlin,1,2019,12,15,3,3,5,3,0,1,1,0,0,0,0,1,"13,39682","52,51433"
12436,201739,Berlin,4,2019,12,15,3,3,2,6,0,0,1,0,0,0,0,0,"13,30914","52,49163"
12437,201740,Berlin,4,2019,12,14,3,3,5,2,0,1,1,0,0,0,0,0,"13,29599","52,49591"
12438,201741,Berlin,11,2019,12,7,3,3,6,2,2,0,1,1,0,0,0,1,"13,49285","52,53925"
12439,201742,Berlin,2,2019,12,13,3,3,1,5,0,1,1,0,0,0,0,1,"13,38896","52,49414"
12440,201743,Berlin,9,2019,12,12,3,3,6,6,0,0,1,1,0,0,0,1,"13,57455","52,45303"
12441,201744,Berlin,9,2019,12,11,3,2,5,2,0,1,1,0,0,0,0,0,"13,56262","52,45637"
12442,201745,Berlin,2,2019,12,20,2,2,5,2,2,0,1,0,0,0,0,1,"13,37665","52,48503"
12443,201746,Berlin,1,2019,12,21,2,2,3,6,2,1,0,0,0,0,0,1,"13,36794","52,52614"
12444,201747,Berlin,12,2019,12,16,2,3,1,5,2,1,0,0,0,0,1,0,"13,29139","52,60521"
12445,201748,Berlin,4,2019,12,17,2,3,6,2,2,0,1,1,0,0,0,1,"13,29607","52,49804"
12446,201749,Berlin,4,2019,12,17,2,3,2,6,2,0,1,0,0,0,0,1,"13,29652","52,54833"
12447,201750,Berlin,7,2019,12,17,2,3,6,2,2,0,1,1,0,0,0,1,"13,3703","52,46717"
12448,201751,Berlin,2,2019,12,17,2,3,5,3,2,0,1,0,0,0,1,1,"13,44068","52,51727"
12449,201752,Berlin,7,2019,12,17,2,2,6,4,2,0,1,1,0,0,0,1,"13,35011","52,4143"
12450,201753,Berlin,1,2019,12,16,2,3,2,6,2,1,1,0,0,0,0,1,"13,38032","52,53277"
12451,201754,Berlin,8,2019,12,16,2,3,1,5,2,1,1,0,0,0,0,1,"13,46744","52,46837"
12452,201755,Berlin,12,2019,12,16,2,3,5,3,2,0,1,0,0,0,0,1,"13,31791","52,57081"
12453,201756,Berlin,2,2019,12,16,2,3,5,2,2,0,1,0,0,0,1,1,"13,42993","52,52316"
12454,201757,Berlin,6,2019,12,16,2,3,5,2,2,1,1,0,0,0,0,1,"13,31229","52,43033"
12455,201758,Berlin,4,2019,12,16,2,3,2,6,2,0,1,0,0,0,0,1,"13,3105","52,52575"
12456,201759,Berlin,2,2019,12,15,2,3,0,7,1,1,0,0,0,0,0,1,"13,45705","52,5097"
12457,201760,Berlin,2,2019,12,16,2,2,6,4,2,0,1,1,0,0,0,1,"13,39596","52,49842"
12458,201761,Berlin,2,2019,12,22,2,3,8,1,2,0,1,0,0,0,0,0,"13,46261","52,51984"
12459,201762,Berlin,8,2019,12,14,2,3,5,3,0,1,1,0,0,0,0,1,"13,43526","52,49118"
12460,201763,Berlin,6,2019,12,14,2,3,2,6,0,0,1,0,0,1,0,0,"13,3481","52,43767"
12461,201764,Berlin,2,2019,12,21,2,2,3,6,2,1,1,0,0,0,0,1,"13,41945","52,49675"
12462,201765,Berlin,3,2019,12,19,2,3,5,7,2,0,1,0,0,0,1,1,"13,46086","52,52963"
12463,201766,Berlin,7,2019,12,13,2,3,2,6,0,0,1,0,0,1,0,0,"13,40826","52,46393"
12464,201767,Berlin,6,2019,12,19,2,3,6,2,2,0,1,1,0,0,0,1,"13,30871","52,46737"
12465,201768,Berlin,1,2019,12,13,2,3,2,6,0,0,1,0,0,1,0,1,"13,38675","52,55553"
12466,201769,Berlin,12,2019,12,12,2,3,0,5,0,0,1,0,0,0,1,1,"13,31571","52,57794"
12467,201770,Berlin,3,2019,12,18,2,2,6,2,2,0,1,1,0,0,0,1,"13,43943","52,54776"
12468,201771,Berlin,3,2019,12,16,2,3,6,4,2,0,1,1,0,0,0,1,"13,37144","52,59134"
12469,201772,Berlin,9,2019,12,11,2,3,5,2,0,0,1,0,0,0,0,0,"13,47875","52,47759"
12470,201773,Berlin,7,2019,12,17,2,3,1,5,2,0,1,0,0,0,0,1,"13,35333","52,41371"
12471,201774,Berlin,6,2019,12,11,2,3,0,3,0,0,0,0,0,0,1,0,"13,32573","52,41486"
12472,201775,Berlin,4,2019,12,9,2,3,5,2,0,0,1,0,1,0,0,1,"13,32767","52,52078"
12473,201776,Berlin,4,2019,12,5,2,3,5,7,2,0,1,0,0,1,0,0,"13,29426","52,49771"
12474,201777,Berlin,3,2019,12,5,2,3,5,3,2,1,1,0,0,0,0,0,"13,49135","52,63774"
12475,201778,Berlin,8,2019,12,4,2,3,4,6,2,0,1,0,0,0,0,1,"13,46985","52,47293"
12476,201779,Berlin,2,2019,12,2,2,3,6,4,2,0,1,1,0,0,0,0,"13,45682","52,51176"
12477,201780,Berlin,3,2019,12,17,2,3,5,7,2,1,1,0,0,0,0,1,"13,39396","52,56484"
12478,201781,Berlin,11,2019,12,7,2,3,5,2,0,1,1,0,0,0,0,0,"13,52449","52,47864"
12479,201782,Berlin,7,2019,12,22,1,3,5,3,2,0,1,0,0,0,0,0,"13,38572","52,4661"
12480,201783,Berlin,1,2019,12,21,1,3,1,6,2,0,1,0,0,0,1,0,"13,34172","52,54486"
12481,201784,Berlin,3,2019,12,19,1,2,6,4,2,0,0,1,0,0,1,0,"13,41283","52,5537"
12482,201785,Berlin,5,2019,12,18,1,3,5,2,2,0,1,0,1,0,0,0,"13,19594","52,5273"
12483,201786,Berlin,11,2019,12,14,1,3,0,4,0,1,0,1,0,0,0,0,"13,4796","52,51625"
12484,201787,Berlin,8,2019,12,13,1,3,5,3,0,0,1,0,0,0,0,0,"13,43628","52,47272"
12485,201788,Berlin,3,2019,12,10,1,3,2,6,0,0,1,0,0,0,0,0,"13,45736","52,56117"
12486,201789,Berlin,8,2019,12,4,1,2,5,3,2,0,1,0,0,0,0,0,"13,46231","52,43253"
12487,201790,Berlin,2,2019,12,1,1,2,6,7,2,0,1,1,0,0,0,0,"13,43332","52,52317"
12488,201791,Berlin,1,2019,12,1,1,3,5,3,2,0,1,0,0,0,1,0,"13,41541","52,52274"
12489,201792,Berlin,2,2019,11,15,7,3,0,6,0,0,1,0,1,0,0,0,"13,40035","52,49434"
12490,201793,Berlin,1,2019,11,12,7,3,5,3,0,1,1,0,0,0,0,0,"13,36267","52,5227"
12491,201794,Berlin,12,2019,11,0,7,3,2,6,2,0,1,0,0,0,0,0,"13,28376","52,59704"
12492,201795,Berlin,5,2019,11,9,7,3,6,2,0,0,1,1,0,0,0,0,"13,20058","52,53857"
12493,201796,Berlin,1,2019,11,3,7,3,2,6,2,0,1,0,0,0,0,0,"13,41034","52,5287"
12494,201797,Berlin,1,2019,11,23,7,3,1,5,2,1,0,0,0,0,1,0,"13,3835","52,53021"
12495,201798,Berlin,2,2019,11,19,7,3,5,3,2,0,1,0,1,0,0,0,"13,46564","52,52007"
12496,201799,Berlin,3,2019,11,18,7,3,5,2,2,1,1,0,0,0,0,0,"13,4367","52,59252"
12497,201800,Berlin,8,2019,11,18,7,3,5,2,2,0,1,0,0,0,0,0,"13,43134","52,48157"
12498,201801,Berlin,5,2019,11,16,7,3,5,2,1,0,1,0,0,0,0,0,"13,24775","52,53811"
12499,201802,Berlin,12,2019,11,16,7,3,2,6,1,0,1,0,0,0,0,0,"13,28459","52,59467"
12500,201803,Berlin,3,2019,11,18,7,3,2,6,2,0,1,0,0,0,0,0,"13,43015","52,55136"
12501,201804,Berlin,5,2019,11,14,7,2,6,4,0,0,1,1,0,0,0,0,"13,19976","52,53475"
12502,201805,Berlin,11,2019,11,12,7,2,5,2,0,0,1,0,0,0,1,0,"13,47121","52,53543"
12503,201806,Berlin,7,2019,11,14,7,3,2,6,0,0,1,0,0,0,0,0,"13,37585","52,44327"
12504,201807,Berlin,2,2019,11,7,7,3,0,7,0,1,0,0,0,0,0,0,"13,42572","52,4991"
12505,201808,Berlin,2,2019,11,4,7,3,0,1,2,0,0,0,0,0,1,0,"13,46832","52,50254"
12506,201809,Berlin,2,2019,11,19,7,3,6,2,2,0,1,1,0,0,0,1,"13,45907","52,5012"
12507,201810,Berlin,2,2019,11,17,6,3,5,2,2,0,1,0,0,0,0,0,"13,39945","52,49829"
12508,201811,Berlin,8,2019,11,19,6,3,5,7,2,0,1,0,0,0,0,1,"13,46018","52,4319"
12509,201812,Berlin,5,2019,11,18,6,3,5,2,2,1,1,0,0,0,0,0,"13,20067","52,53871"
12510,201813,Berlin,5,2019,11,18,6,3,6,4,2,0,1,1,0,0,0,0,"13,19798","52,53919"
12511,201814,Berlin,8,2019,11,18,6,3,0,6,2,0,0,0,1,0,1,0,"13,43096","52,4681"
12512,201815,Berlin,2,2019,11,17,6,3,3,2,1,1,1,0,0,0,0,0,"13,41215","52,49852"
12513,201816,Berlin,2,2019,11,16,6,3,5,2,2,1,1,0,0,0,0,0,"13,40572","52,48909"
12514,201817,Berlin,1,2019,11,15,6,3,1,5,0,0,1,0,0,1,0,0,"13,38401","52,55111"
12515,201818,Berlin,8,2019,11,14,6,3,5,3,0,0,1,0,0,0,0,1,"13,44219","52,48858"
12516,201819,Berlin,9,2019,11,12,6,3,0,6,0,0,1,0,1,0,0,1,"13,68383","52,3705"
12517,201820,Berlin,6,2019,11,12,6,3,5,7,0,0,1,0,0,0,1,0,"13,25934","52,4328"
12518,201821,Berlin,1,2019,11,12,6,3,5,2,0,0,1,0,0,0,0,0,"13,39119","52,53615"
12519,201822,Berlin,6,2019,11,11,6,3,6,4,0,0,1,1,0,0,0,0,"13,34493","52,46137"
12520,201823,Berlin,12,2019,11,11,6,3,5,2,0,0,1,0,0,0,0,0,"13,292","52,59059"
12521,201824,Berlin,7,2019,11,11,6,2,1,5,0,0,1,0,0,0,0,0,"13,3596","52,41913"
12522,201825,Berlin,2,2019,11,9,6,3,6,4,0,0,0,1,0,0,1,0,"13,39254","52,50684"
12523,201826,Berlin,5,2019,11,9,6,3,2,6,0,0,1,0,0,1,0,0,"13,24772","52,54753"
12524,201827,Berlin,7,2019,11,9,6,3,5,3,0,1,1,0,0,0,0,0,"13,33642","52,46765"
12525,201828,Berlin,2,2019,11,16,6,2,0,7,2,1,0,0,0,0,0,0,"13,39508","52,49972"
12526,201829,Berlin,1,2019,11,9,6,3,2,6,0,0,1,0,0,0,0,0,"13,36946","52,55953"
12527,201830,Berlin,7,2019,11,9,6,3,6,4,0,1,0,1,0,0,0,1,"13,35946","52,49818"
12528,201831,Berlin,2,2019,11,8,6,3,5,2,0,1,0,0,0,0,1,0,"13,44098","52,52449"
12529,201832,Berlin,2,2019,11,8,6,3,6,4,0,1,0,1,0,0,0,1,"13,39718","52,48889"
12530,201833,Berlin,10,2019,11,7,6,3,6,4,2,0,1,1,0,0,0,1,"13,57474","52,56804"
12531,201834,Berlin,5,2019,11,19,5,3,2,6,2,0,1,0,0,0,0,1,"13,22697","52,53763"
12532,201835,Berlin,9,2019,11,19,5,2,1,5,2,0,1,0,0,0,1,1,"13,58823","52,46947"
12533,201836,Berlin,4,2019,11,19,5,3,2,6,2,0,1,0,0,0,0,1,"13,31328","52,50227"
12534,201837,Berlin,4,2019,11,18,5,3,3,6,2,0,1,0,1,0,0,1,"13,30087","52,51933"
12535,201838,Berlin,8,2019,11,18,5,3,2,3,2,0,1,0,0,0,0,1,"13,43604","52,48381"
12536,201839,Berlin,1,2019,11,18,5,2,6,2,2,0,1,1,0,0,0,1,"13,36013","52,5443"
12537,201840,Berlin,3,2019,11,19,5,2,6,2,2,0,0,1,0,0,1,0,"13,40258","52,55464"
12538,201841,Berlin,7,2019,11,18,5,3,5,2,2,0,1,0,0,0,0,1,"13,39002","52,43435"
12539,201842,Berlin,11,2019,11,17,5,3,0,6,2,0,1,0,1,0,0,1,"13,47546","52,50217"
12540,201843,Berlin,1,2019,11,17,5,3,2,6,2,0,1,0,0,0,0,1,"13,35172","52,54295"
12541,201844,Berlin,11,2019,11,17,5,3,5,2,2,0,1,0,0,0,0,1,"13,46774","52,54644"
12542,201845,Berlin,6,2019,11,17,5,3,6,2,2,0,1,1,0,0,0,1,"13,30307","52,42676"
12543,201846,Berlin,11,2019,11,17,5,2,6,4,2,1,0,1,0,0,0,1,"13,51011","52,535"
12544,201847,Berlin,12,2019,11,17,5,3,1,5,2,0,1,0,0,0,0,0,"13,30805","52,61224"
12545,201848,Berlin,1,2019,11,17,5,3,5,3,2,1,1,0,0,0,0,1,"13,39482","52,53075"
12546,201849,Berlin,5,2019,11,17,5,3,6,4,2,0,1,1,0,0,0,1,"13,1953","52,53555"
12547,201850,Berlin,10,2019,11,16,5,3,5,3,2,1,1,0,0,0,0,1,"13,60014","52,47472"
12548,201851,Berlin,10,2019,11,16,5,3,6,7,2,0,0,1,0,0,1,0,"13,58694","52,51714"
12549,201852,Berlin,9,2019,11,16,5,3,6,4,2,0,1,1,0,0,0,1,"13,58312","52,44328"
12550,201853,Berlin,1,2019,11,15,5,3,5,2,0,1,1,0,0,0,0,0,"13,40977","52,52402"
12551,201854,Berlin,10,2019,11,14,5,3,6,4,0,0,1,1,0,0,0,0,"13,57424","52,56044"
12552,201855,Berlin,4,2019,11,21,5,3,5,2,2,1,1,0,0,0,0,1,"13,32051","52,48638"
12553,201856,Berlin,9,2019,11,12,5,3,1,5,0,0,1,0,0,0,0,0,"13,52295","52,43477"
12554,201857,Berlin,12,2019,11,13,5,3,2,6,0,0,1,0,0,0,0,1,"13,34581","52,58947"
12555,201858,Berlin,3,2019,11,13,5,3,7,7,0,1,0,0,0,0,0,0,"13,41529","52,53793"
12556,201859,Berlin,11,2019,11,12,5,3,5,2,0,0,1,0,0,0,0,0,"13,50348","52,5097"
12557,201860,Berlin,5,2019,11,12,5,3,2,3,0,0,1,0,1,0,0,0,"13,17459","52,55425"
12558,201861,Berlin,4,2019,11,20,5,3,5,7,2,0,1,0,1,0,0,1,"13,30452","52,48841"
12559,201862,Berlin,9,2019,11,12,5,3,5,7,0,0,1,0,0,1,0,0,"13,51729","52,47144"
12560,201863,Berlin,9,2019,11,20,5,3,5,3,2,1,1,0,0,0,0,1,"13,48366","52,47402"
12561,201864,Berlin,2,2019,11,11,5,3,5,7,0,1,1,0,0,0,0,0,"13,43328","52,49967"
12562,201865,Berlin,12,2019,11,10,5,3,5,2,0,1,1,0,0,0,0,0,"13,33153","52,56211"
12563,201866,Berlin,11,2019,11,10,5,3,6,2,0,0,0,1,0,1,0,0,"13,50881","52,56452"
12564,201867,Berlin,3,2019,11,10,5,3,1,5,0,1,0,0,0,0,1,0,"13,43334","52,59803"
12565,201868,Berlin,10,2019,11,8,5,3,5,3,0,1,1,0,0,0,0,0,"13,61172","52,53988"
12566,201869,Berlin,5,2019,11,8,5,3,2,6,0,0,1,0,0,0,0,0,"13,18233","52,48662"
12567,201870,Berlin,2,2019,11,7,5,3,6,4,0,1,1,1,0,0,0,1,"13,42866","52,50404"
12568,201871,Berlin,5,2019,11,5,5,3,5,2,2,1,1,0,0,0,0,1,"13,24308","52,53864"
12569,201872,Berlin,7,2019,11,18,4,3,2,7,2,1,1,0,0,0,0,1,"13,35223","52,49647"
12570,201873,Berlin,7,2019,11,17,4,3,6,6,2,1,0,1,0,0,0,0,"13,39102","52,46023"
12571,201874,Berlin,3,2019,11,19,4,3,5,3,2,0,1,0,0,0,0,1,"13,44221","52,54668"
12572,201875,Berlin,8,2019,11,20,4,3,1,5,2,1,1,0,0,0,0,0,"13,43492","52,46679"
12573,201876,Berlin,8,2019,11,16,4,3,6,2,1,0,1,1,0,0,0,1,"13,41702","52,41822"
12574,201877,Berlin,1,2019,11,19,4,2,1,5,2,0,1,0,0,0,1,1,"13,38783","52,5606"
12575,201878,Berlin,8,2019,11,19,4,3,6,4,2,0,1,1,0,0,0,1,"13,45505","52,47275"
12576,201879,Berlin,9,2019,11,19,4,3,2,6,2,0,1,0,0,0,0,1,"13,46954","52,45202"
12577,201880,Berlin,6,2019,11,18,4,3,6,2,2,0,1,1,0,0,0,1,"13,33456","52,43751"
12578,201881,Berlin,3,2019,12,8,6,3,5,3,0,1,1,0,0,0,0,1,"13,43677","52,54881"
12579,201882,Berlin,4,2019,11,18,4,3,5,2,2,0,1,0,0,0,0,1,"13,32625","52,53801"
12580,201883,Berlin,8,2019,11,18,4,3,8,1,2,0,1,0,0,0,0,1,"13,43051","52,45448"
12581,201884,Berlin,6,2019,12,8,6,3,5,7,0,0,0,0,1,0,1,0,"13,24667","52,4251"
12582,201885,Berlin,3,2019,11,17,4,3,2,6,2,0,1,0,0,0,0,1,"13,4427","52,54605"
12583,201886,Berlin,7,2019,12,5,6,3,5,3,2,0,1,0,0,0,0,0,"13,4107","52,41027"
12584,201887,Berlin,4,2019,11,17,4,3,5,2,2,1,1,0,0,0,0,1,"13,3036","52,48843"
12585,201888,Berlin,12,2019,11,17,4,3,6,4,2,0,1,1,0,0,0,1,"13,33965","52,58798"
12586,201889,Berlin,4,2019,12,6,6,3,2,6,0,0,1,0,0,0,0,1,"13,29006","52,49471"
12587,201890,Berlin,7,2019,11,17,4,3,5,7,2,0,1,0,1,0,0,1,"13,39267","52,45297"
12588,201891,Berlin,7,2019,11,17,4,3,5,3,2,0,1,0,0,0,0,1,"13,36003","52,4754"
12589,201892,Berlin,6,2019,11,17,4,3,5,3,2,1,1,0,0,0,0,1,"13,32688","52,45492"
12590,201893,Berlin,12,2019,12,6,6,3,5,2,2,0,1,0,0,0,1,2,"13,28079","52,59379"
12591,201894,Berlin,3,2019,12,6,6,2,5,3,2,1,1,0,0,0,0,0,"13,40892","52,57111"
12592,201895,Berlin,2,2019,11,17,4,3,5,2,2,1,1,0,0,0,0,1,"13,42635","52,49929"
12593,201896,Berlin,1,2019,11,17,4,3,5,2,2,0,1,0,1,0,0,1,"13,34945","52,51509"
12594,201897,Berlin,7,2019,12,7,6,3,5,3,1,1,1,0,0,0,0,0,"13,35342","52,48913"
12595,201898,Berlin,1,2019,11,17,4,3,6,2,2,0,1,1,0,0,0,1,"13,35107","52,54101"
12596,201899,Berlin,1,2019,11,20,4,3,5,2,2,1,1,0,0,0,0,0,"13,32993","52,52378"
12597,201900,Berlin,5,2019,12,7,6,3,5,3,1,1,1,0,0,0,0,1,"13,20702","52,56533"
12598,201901,Berlin,8,2019,12,0,6,2,6,2,2,0,1,1,0,0,0,0,"13,4558","52,47389"
12599,201902,Berlin,1,2019,11,22,4,3,0,7,2,0,0,0,0,0,1,1,"13,38522","52,53116"
12600,201903,Berlin,3,2019,11,13,4,3,3,6,0,1,1,0,0,0,0,0,"13,44399","52,61499"
12601,201904,Berlin,11,2019,12,13,6,2,6,4,0,0,1,1,0,0,0,1,"13,48129","52,53623"
12602,201905,Berlin,6,2019,12,13,6,3,2,6,0,0,1,0,0,0,0,1,"13,27468","52,46023"