,id,city,district,year,month,hour,weekday,injury_level,collision,movement,light_conditions,bicycle,car,pedestrian,motorbike,truck,other_vehicle,road_conditions,longitude,latitude
12603,201906,Berlin,10,2019,11,13,4,3,2,6,0,0,1,0,0,0,1,0,"13,56028","52,48563"
12604,201907,Berlin,2,2019,11,12,4,3,0,1,0,0,0,0,0,0,1,0,"13,44952","52,51296"
12605,201908,Berlin,9,2019,11,12,4,3,2,6,0,0,1,0,0,0,0,1,"13,48556","52,46434"
12606,201909,Berlin,11,2019,12,12,6,3,5,7,0,0,1,0,0,0,1,1,"13,47776","52,5308"
12607,201910,Berlin,7,2019,11,12,4,3,3,6,0,1,0,0,0,1,0,0,"13,38593","52,48431"
12608,201911,Berlin,4,2019,12,12,6,3,0,1,0,0,0,0,1,0,0,1,"13,30732","52,52464"
12609,201912,Berlin,8,2019,11,11,4,3,2,6,0,0,1,0,0,0,1,0,"13,42348","52,48657"
12610,201913,Berlin,3,2019,11,11,4,3,5,3,0,0,1,0,0,0,0,0,"13,47018","52,55361"
12611,201914,Berlin,2,2019,12,12,6,3,0,1,0,0,0,0,1,0,0,1,"13,38756","52,50355"
12612,201915,Berlin,6,2019,11,10,4,3,2,7,0,0,1,0,0,0,0,0,"13,35522","52,44897"
12613,201916,Berlin,10,2019,11,16,4,3,6,4,2,0,0,1,0,0,1,1,"13,6049","52,53665"
12614,201917,Berlin,1,2019,11,9,4,2,5,3,0,1,1,0,0,0,0,0,"13,37991","52,5331"
12615,201918,Berlin,1,2019,12,11,6,3,6,2,0,0,0,1,0,0,1,0,"13,35221","52,54824"
12616,201919,Berlin,12,2019,12,11,6,3,0,3,0,0,1,0,1,0,0,1,"13,32654","52,5757"
12617,201920,Berlin,12,2019,11,7,4,3,5,3,0,0,1,0,0,0,0,0,"13,33737","52,60473"
12618,201921,Berlin,1,2019,11,16,4,3,6,2,2,0,1,1,0,0,0,1,"13,42122","52,50986"
12619,201922,Berlin,11,2019,12,10,6,3,3,6,0,0,1,0,0,0,0,1,"13,51914","52,51027"
12620,201923,Berlin,6,2019,12,18,6,1,6,2,2,0,1,1,0,0,0,1,"13,35006","52,43427"
12621,201924,Berlin,5,2019,11,7,4,2,5,2,0,0,0,0,0,0,1,0,"13,20031","52,53781"
12622,201925,Berlin,11,2019,11,16,4,3,6,2,1,0,1,1,0,0,0,1,"13,51148","52,50558"
12623,201926,Berlin,6,2019,12,17,6,1,6,2,2,0,1,1,0,0,0,1,"13,25124","52,44997"
12624,201927,Berlin,2,2019,11,16,4,3,5,3,2,1,1,0,0,0,0,1,"13,41029","52,50379"
12625,201928,Berlin,10,2019,11,5,4,3,5,3,2,0,1,0,1,0,0,0,"13,54007","52,53437"
12626,201929,Berlin,1,2019,12,17,5,3,1,5,2,1,1,0,0,0,0,1,"13,34686","52,53062"
12627,201930,Berlin,10,2019,12,13,5,3,0,4,0,0,0,1,0,0,1,0,"13,60987","52,53306"
12628,201931,Berlin,4,2019,11,15,4,3,2,6,0,0,1,0,0,0,0,1,"13,31383","52,50598"
12629,201932,Berlin,3,2019,11,15,4,3,6,4,1,0,1,1,0,0,0,1,"13,44687","52,56841"
12630,201933,Berlin,2,2019,11,15,4,3,6,4,0,0,1,1,0,0,0,1,"13,45806","52,50176"
12631,201934,Berlin,3,2019,12,12,5,3,5,3,0,0,1,0,0,0,0,0,"13,47389","52,60993"
12632,201935,Berlin,1,2019,11,15,4,3,2,1,0,1,0,0,0,0,1,1,"13,36722","52,52255"
12633,201936,Berlin,10,2019,12,12,5,3,0,3,0,0,0,0,0,0,1,0,"13,56949","52,56905"
12634,201937,Berlin,11,2019,11,7,4,3,0,1,1,1,0,0,0,0,0,0,"13,48146","52,5191"
12635,201938,Berlin,8,2019,11,17,4,3,4,5,2,0,1,0,1,0,0,0,"13,42317","52,48502"
12636,201939,Berlin,12,2019,12,9,5,3,6,4,0,0,1,1,0,0,0,0,"13,2896","52,57868"
12637,201940,Berlin,4,2019,12,9,5,2,2,6,0,0,1,0,1,0,0,1,"13,3178","52,49959"
12638,201941,Berlin,3,2019,11,7,3,3,6,4,1,0,1,1,0,0,0,0,"13,38834","52,5885"
12639,201942,Berlin,3,2019,12,9,5,3,2,6,0,1,1,0,0,0,0,0,"13,43719","52,55267"
12640,201943,Berlin,8,2019,11,19,3,2,0,1,2,1,0,0,0,0,0,0,"13,42545","52,48078"
12641,201944,Berlin,10,2019,11,18,3,2,6,4,2,0,0,1,0,0,1,0,"13,55144","52,53375"
12642,201945,Berlin,8,2019,12,23,5,2,6,4,2,0,1,1,0,0,0,0,"13,445","52,47921"
12643,201946,Berlin,8,2019,12,8,5,3,2,6,0,0,1,0,0,0,0,0,"13,42794","52,48759"
12644,201947,Berlin,12,2019,11,17,3,3,5,3,2,0,1,0,1,0,0,0,"13,29729","52,58011"
12645,201948,Berlin,8,2019,11,16,3,3,5,3,2,0,1,0,0,0,0,0,"13,43633","52,46722"
12646,201949,Berlin,6,2019,12,7,5,3,1,5,0,1,1,0,0,0,0,0,"13,29724","52,42307"
12647,201950,Berlin,4,2019,12,21,5,3,5,2,2,1,1,0,0,0,0,0,"13,33067","52,49321"
12648,201951,Berlin,4,2019,11,16,3,3,2,6,2,0,1,0,0,0,0,0,"13,21868","52,50884"
12649,201952,Berlin,1,2019,11,16,3,3,2,6,1,0,1,0,0,0,0,0,"13,36281","52,53847"
12650,201953,Berlin,11,2019,12,7,5,3,5,3,2,1,1,0,0,0,0,1,"13,50607","52,49199"
12651,201954,Berlin,6,2019,11,16,3,2,6,4,2,0,1,1,0,0,0,0,"13,31552","52,45871"
12652,201955,Berlin,11,2019,12,7,5,3,5,3,2,1,1,0,0,0,0,1,"13,49962","52,53494"
12653,201956,Berlin,12,2019,11,16,3,3,2,6,2,0,1,0,0,0,0,0,"13,37782","52,56378"
12654,201957,Berlin,9,2019,11,16,3,3,0,5,1,0,1,0,0,0,0,0,"13,6062","52,44992"
12655,201958,Berlin,4,2019,12,21,5,3,1,5,2,0,1,0,0,0,0,0,"13,33782","52,50172"
12656,201959,Berlin,4,2019,12,0,5,2,0,7,2,0,0,0,0,0,1,0,"13,29998","52,50998"
12657,201960,Berlin,8,2019,11,15,3,3,3,6,1,1,0,0,0,0,1,0,"13,44215","52,48323"
12658,201961,Berlin,6,2019,11,20,3,3,5,3,2,1,1,0,0,0,0,1,"13,30669","52,46433"
12659,201962,Berlin,7,2019,12,10,5,2,5,3,0,1,0,0,0,1,0,0,"13,36634","52,45972"
12660,201963,Berlin,6,2019,12,19,5,3,1,1,2,0,1,0,1,0,0,1,"13,24815","52,42211"
12661,201964,Berlin,2,2019,11,19,3,3,5,2,2,1,1,0,0,0,0,0,"13,40792","52,50436"
12662,201965,Berlin,4,2019,11,19,3,3,5,3,1,0,1,0,0,0,0,0,"13,31328","52,52993"
12663,201966,Berlin,12,2019,12,17,5,3,6,4,2,0,1,1,0,0,0,0,"13,32069","52,59273"
12664,201967,Berlin,2,2019,12,18,5,3,0,1,2,0,0,0,1,0,0,0,"13,39715","52,49088"
12665,201968,Berlin,12,2019,11,19,3,3,2,6,2,0,1,0,1,0,0,0,"13,27726","52,57574"
12666,201969,Berlin,7,2019,11,19,3,3,1,5,2,1,1,0,0,0,0,0,"13,3248","52,46618"
12667,201970,Berlin,5,2019,11,19,3,3,5,2,2,0,1,0,0,0,0,0,"13,19838","52,533"
12668,201971,Berlin,2,2019,12,17,5,3,6,4,2,0,1,1,0,0,0,0,"13,43763","52,50333"
12669,201972,Berlin,3,2019,12,17,5,3,3,6,2,0,1,0,0,0,1,0,"13,42438","52,55226"
12670,201973,Berlin,6,2019,11,18,3,3,2,6,2,0,1,0,0,0,0,0,"13,31305","52,42284"
12671,201974,Berlin,12,2019,11,15,3,3,5,3,1,0,1,0,0,0,0,0,"13,28867","52,59575"
12672,201975,Berlin,4,2019,12,18,5,3,1,5,2,1,0,0,0,0,1,0,"13,29717","52,51206"
12673,201976,Berlin,2,2019,12,17,5,3,6,6,1,0,1,1,0,0,0,0,"13,4685","52,50973"
12674,201977,Berlin,2,2019,11,14,3,3,5,2,0,0,1,0,0,1,0,0,"13,40665","52,49843"
12675,201978,Berlin,1,2019,11,15,3,3,0,1,0,0,0,0,1,0,0,0,"13,35292","52,53547"
12676,201979,Berlin,6,2019,12,18,5,3,5,3,2,1,1,0,0,0,0,0,"13,22916","52,42643"
12677,201980,Berlin,4,2019,11,14,3,3,1,5,0,0,1,0,0,0,0,0,"13,28027","52,51914"
12678,201981,Berlin,4,2019,12,16,5,3,0,3,2,1,0,0,1,0,0,1,"13,31505","52,50103"
12679,201982,Berlin,7,2019,11,14,3,3,5,3,0,1,1,0,0,0,0,0,"13,37825","52,46716"
12680,201983,Berlin,2,2019,11,13,3,3,5,2,0,1,0,0,0,0,1,0,"13,41045","52,5038"
12681,201984,Berlin,7,2019,12,16,5,3,5,2,2,0,1,0,1,0,0,1,"13,35499","52,48388"
12682,201985,Berlin,3,2019,12,16,5,3,1,5,2,1,1,0,0,0,0,0,"13,43563","52,52942"
12683,201986,Berlin,9,2019,11,13,3,3,5,2,0,0,1,0,0,0,0,0,"13,51963","52,42828"
12684,201987,Berlin,11,2019,11,10,3,3,5,3,0,0,1,0,0,0,0,0,"13,51489","52,50558"
12685,201988,Berlin,11,2019,12,16,5,3,6,4,2,0,1,1,0,0,0,1,"13,50359","52,57441"
12686,201989,Berlin,3,2019,12,14,5,3,5,3,0,1,1,0,0,0,0,0,"13,49787","52,62836"
12687,201990,Berlin,7,2019,11,10,3,3,0,7,0,0,1,0,0,0,1,0,"13,40659","52,39376"
12688,201991,Berlin,1,2019,11,12,3,3,0,7,0,0,0,0,1,0,1,0,"13,32987","52,52293"
12689,201992,Berlin,1,2019,12,15,5,3,2,2,0,1,1,0,0,0,0,0,"13,38205","52,51404"
12690,201993,Berlin,4,2019,11,9,3,3,3,6,0,0,1,0,1,0,0,0,"13,28575","52,50655"
12691,201994,Berlin,5,2019,12,14,5,3,2,6,0,0,1,0,0,0,0,0,"13,21716","52,53772"
12692,201995,Berlin,9,2019,12,14,5,2,6,4,0,0,1,1,0,0,0,0,"13,51284","52,46449"
12693,201996,Berlin,1,2019,11,9,3,3,5,2,0,0,1,0,0,0,1,0,"13,36982","52,55972"
12694,201997,Berlin,12,2019,12,14,5,3,0,6,0,0,1,0,1,0,0,0,"13,30098","52,58231"
12695,201998,Berlin,2,2019,11,7,3,3,0,3,0,1,0,0,1,0,0,0,"13,39043","52,49068"
12696,201999,Berlin,6,2019,12,14,5,2,5,3,0,1,1,0,0,0,0,0,"13,30284","52,42677"
12697,202000,Berlin,12,2019,12,13,5,3,2,7,0,0,1,0,0,0,0,0,"13,32068","52,58374"
12698,202001,Berlin,5,2019,11,7,3,3,2,6,1,0,1,0,0,0,0,0,"13,26727","52,53661"
12699,202002,Berlin,4,2019,11,7,3,3,5,3,0,1,1,0,0,0,0,0,"13,29629","52,49761"
12700,202003,Berlin,8,2019,12,13,5,3,5,7,0,1,1,0,0,0,0,0,"13,43406","52,45271"
12701,202004,Berlin,6,2019,11,7,3,3,1,5,1,0,0,0,0,0,1,0,"13,28965","52,46899"
12702,202005,Berlin,8,2019,11,12,3,3,6,4,0,0,1,1,0,0,1,0,"13,43931","52,41753"
12703,202006,Berlin,8,2019,11,10,3,3,3,6,0,1,1,0,0,0,0,0,"13,44143","52,48097"
12704,202007,Berlin,1,2019,11,11,3,3,1,5,0,1,1,0,0,0,0,0,"13,35607","52,50488"
12705,202008,Berlin,11,2019,11,10,3,3,6,4,0,0,0,1,0,0,1,0,"13,50474","52,56322"
12706,202009,Berlin,2,2019,12,13,5,3,1,5,0,0,1,0,0,0,0,0,"13,38402","52,50484"
12707,202010,Berlin,5,2019,12,18,4,3,5,2,1,0,1,0,0,0,1,0,"13,18491","52,51545"
12708,202011,Berlin,3,2019,11,10,3,3,5,2,0,0,1,0,0,0,1,0,"13,43221","52,60448"
12709,202012,Berlin,11,2019,11,13,2,3,5,2,0,1,0,0,0,0,1,0,"13,52274","52,47646"
12710,202013,Berlin,1,2019,11,8,2,3,5,3,0,0,1,0,0,0,0,0,"13,33524","52,55727"
12711,202014,Berlin,4,2019,12,7,4,3,6,2,1,0,1,1,0,0,0,0,"13,28511","52,4796"
12712,202015,Berlin,1,2019,11,8,2,3,6,4,0,1,0,1,0,0,0,0,"13,38044","52,51809"
12713,202016,Berlin,1,2019,12,14,4,3,6,4,0,0,1,1,0,0,0,0,"13,35701","52,54524"
12714,202017,Berlin,11,2019,11,15,2,2,6,7,0,0,1,1,0,0,0,0,"13,50324","52,5538"
12715,202018,Berlin,8,2019,11,21,2,3,6,4,2,0,1,1,0,0,0,0,"13,45573","52,47393"
12716,202019,Berlin,6,2019,12,19,4,2,5,2,2,0,1,0,1,0,0,0,"13,30293","52,41515"
12717,202020,Berlin,10,2019,11,20,2,2,5,2,2,1,1,0,0,0,0,0,"13,57184","52,54608"
12718,202021,Berlin,2,2019,11,19,2,3,0,1,2,1,1,0,0,0,0,0,"13,44621","52,49881"
12719,202022,Berlin,5,2019,11,17,2,3,5,3,2,1,1,0,0,0,0,0,"13,15578","52,46123"
12720,202023,Berlin,7,2019,12,18,4,3,5,2,2,0,1,0,1,0,0,0,"13,37945","52,44527"
12721,202024,Berlin,8,2019,11,16,2,3,2,6,2,0,1,0,0,0,0,0,"13,46086","52,46835"
12722,202025,Berlin,8,2019,11,16,2,3,5,3,2,0,1,0,1,0,0,0,"13,4385","52,45259"
12723,202026,Berlin,12,2019,12,18,4,3,9,1,2,0,1,0,0,0,0,0,"13,27517","52,59791"
12724,202027,Berlin,4,2019,11,16,2,3,2,3,2,1,1,0,0,0,0,0,"13,29267","52,50678"
12725,202028,Berlin,7,2019,12,18,4,2,6,4,2,0,0,1,1,0,0,1,"13,37771","52,46585"
12726,202029,Berlin,2,2019,11,15,2,3,1,1,0,0,1,0,0,0,0,0,"13,39513","52,4941"
12727,202030,Berlin,8,2019,11,18,2,3,0,1,2,1,0,0,0,0,0,0,"13,42552","52,48079"
12728,202031,Berlin,4,2019,12,17,4,3,1,5,2,1,1,0,0,0,1,0,"13,31425","52,50088"
12729,202032,Berlin,8,2019,12,17,4,3,6,4,2,1,0,1,0,0,0,0,"13,42624","52,48543"
12730,202033,Berlin,2,2019,11,11,2,3,5,3,0,1,1,0,0,0,0,0,"13,37546","52,48932"
12731,202034,Berlin,7,2019,11,14,2,3,0,4,0,1,0,1,0,0,0,0,"13,32147","52,469"
12732,202035,Berlin,4,2019,12,17,4,3,0,7,2,0,0,0,1,0,0,0,"13,29608","52,50804"
12733,202036,Berlin,2,2019,12,16,4,3,5,3,2,1,1,0,0,0,0,0,"13,43963","52,5241"
12734,202037,Berlin,9,2019,11,15,2,3,7,7,0,0,1,0,0,0,1,0,"13,52374","52,40494"
12735,202038,Berlin,12,2019,11,15,2,3,4,6,0,0,1,0,0,0,0,0,"13,25173","52,55697"
12736,202039,Berlin,9,2019,11,15,2,3,2,6,0,0,1,0,0,0,0,0,"13,55849","52,45337"
12737,202040,Berlin,1,2019,12,18,4,3,5,2,2,1,1,0,0,0,0,0,"13,36828","52,50631"
12738,202041,Berlin,10,2019,11,15,2,3,2,6,0,0,1,0,0,0,0,0,"13,54573","52,54454"
12739,202042,Berlin,1,2019,12,15,4,3,5,3,1,0,1,0,0,0,0,0,"13,41964","52,52515"
12740,202043,Berlin,3,2019,11,13,2,3,6,2,0,0,1,1,0,0,0,0,"13,48285","52,61159"
12741,202044,Berlin,2,2019,11,11,2,3,5,3,0,1,1,0,0,0,0,0,"13,40119","52,48516"
12742,202045,Berlin,9,2019,12,23,4,3,6,2,2,0,1,1,0,0,0,0,"13,5697","52,44202"
12743,202046,Berlin,11,2019,11,9,2,3,0,6,0,0,1,0,1,0,0,0,"13,50647","52,56386"
12744,202047,Berlin,1,2019,11,8,2,3,6,4,0,1,0,1,0,0,0,0,"13,34851","52,53909"
12745,202048,Berlin,4,2019,11,8,2,3,9,1,0,0,0,0,0,0,1,0,"13,29513","52,53474"
12746,202049,Berlin,2,2019,12,23,4,3,2,6,2,0,1,0,0,0,0,1,"13,43974","52,50222"
12747,202050,Berlin,2,2019,12,22,4,3,2,6,2,0,1,0,0,0,0,0,"13,46152","52,51791"
12748,202051,Berlin,12,2019,11,6,2,2,5,3,2,1,1,0,0,0,0,0,"13,27709","52,57765"
12749,202052,Berlin,8,2019,11,0,2,3,1,5,2,1,1,0,0,0,0,0,"13,44052","52,48199"
12750,202053,Berlin,3,2019,12,14,7,3,2,1,0,1,1,0,0,0,0,1,"13,42703","52,55214"
12751,202054,Berlin,4,2019,12,14,7,3,0,1,0,1,0,0,0,0,0,1,"13,33118","52,49542"
12752,202055,Berlin,8,2019,12,13,7,3,4,2,0,1,1,0,0,0,0,1,"13,43533","52,48608"
12753,202056,Berlin,10,2019,12,13,7,3,5,2,0,0,1,0,0,0,0,1,"13,59149","52,54478"
12754,202057,Berlin,5,2019,12,13,7,3,0,1,0,1,0,0,0,0,0,1,"13,18188","52,53627"
12755,202058,Berlin,6,2019,12,12,7,3,5,3,0,0,1,0,0,0,0,1,"13,30696","52,41956"
12756,202059,Berlin,6,2019,12,12,7,3,5,7,0,0,1,0,0,0,0,1,"13,31013","52,42095"
12757,202060,Berlin,6,2019,12,11,7,3,5,2,0,1,1,0,0,0,0,1,"13,33761","52,4594"
12758,202061,Berlin,1,2019,12,11,7,3,2,6,0,0,1,0,1,0,0,1,"13,39343","52,53751"
12759,202062,Berlin,3,2019,12,10,7,3,5,3,0,1,1,0,0,0,0,1,"13,40815","52,54144"
12760,202063,Berlin,2,2019,12,5,7,3,6,2,2,0,1,1,0,0,0,1,"13,45041","52,50385"
12761,202064,Berlin,2,2019,12,3,7,3,0,1,2,0,0,0,0,0,1,1,"13,45591","52,51342"
12762,202065,Berlin,8,2019,12,23,7,3,5,2,2,0,1,0,0,0,0,1,"13,44017","52,48171"
12763,202066,Berlin,2,2019,12,23,7,3,2,6,2,0,1,0,0,0,0,1,"13,41992","52,50216"
12764,202067,Berlin,11,2019,12,21,7,2,6,4,2,0,1,1,0,0,0,1,"13,50916","52,53481"
12765,202068,Berlin,7,2019,12,20,7,2,5,2,2,0,1,0,0,0,0,1,"13,40651","52,39849"
12766,202069,Berlin,4,2019,12,19,7,3,6,6,2,1,0,1,0,0,0,1,"13,31907","52,49179"
12767,202070,Berlin,8,2019,12,16,7,3,2,6,2,0,1,0,0,0,0,1,"13,462","52,43252"
12768,202071,Berlin,11,2019,12,17,7,3,0,7,2,0,1,0,0,0,1,0,"13,47306","52,5364"
12769,202072,Berlin,10,2019,12,17,7,3,6,2,2,0,1,1,0,0,0,1,"13,60216","52,53608"
12770,202073,Berlin,1,2019,12,15,7,3,0,1,1,0,0,0,1,0,0,1,"13,39246","52,55697"
12771,202074,Berlin,2,2019,12,15,7,3,5,3,0,0,1,0,0,0,0,1,"13,38353","52,50345"
12772,202075,Berlin,5,2019,12,22,6,3,6,2,2,0,1,1,0,0,0,0,"13,20801","52,54521"
12773,202076,Berlin,9,2019,12,21,6,3,1,5,2,1,0,0,0,0,1,1,"13,58403","52,44184"
12774,202077,Berlin,9,2019,12,13,6,3,6,4,0,0,1,1,0,0,0,0,"13,58287","52,43437"
12775,202078,Berlin,1,2019,12,13,6,3,5,3,0,0,1,0,0,0,0,0,"13,40627","52,53233"
12776,202079,Berlin,9,2019,12,13,6,3,0,6,0,0,1,0,0,0,1,0,"13,59232","52,45137"
12777,202080,Berlin,12,2019,12,12,6,3,6,4,0,0,1,1,0,0,0,0,"13,32838","52,56515"
12778,202081,Berlin,7,2019,12,11,6,3,5,3,0,0,1,0,0,0,1,0,"13,34717","52,47063"
12779,202082,Berlin,6,2019,12,7,6,3,6,2,1,0,1,1,0,0,0,1,"13,31548","52,44965"
12780,202083,Berlin,7,2019,12,10,6,3,5,3,0,1,1,0,0,0,0,0,"13,34629","52,496"
12781,202084,Berlin,4,2019,12,10,6,3,5,2,0,0,1,0,1,0,0,0,"13,31503","52,50086"
12782,202085,Berlin,7,2019,12,10,6,3,0,1,0,1,0,0,0,0,0,2,"13,39793","52,38642"
12783,202086,Berlin,10,2019,12,10,6,3,0,1,0,0,0,0,1,0,0,2,"13,55973","52,54175"
12784,202087,Berlin,4,2019,12,9,6,2,6,2,0,0,1,1,0,0,0,0,"13,31267","52,49934"
12785,202088,Berlin,9,2019,12,9,6,3,4,1,0,0,1,0,0,0,0,2,"13,5291","52,42684"
12786,202089,Berlin,6,2019,12,8,6,3,5,3,0,0,0,0,1,1,0,1,"13,32924","52,42312"
12787,202090,Berlin,4,2019,12,8,6,3,5,2,0,1,1,0,0,0,0,0,"13,33101","52,49261"
12788,202091,Berlin,1,2019,12,8,6,2,0,1,1,0,0,0,1,0,0,2,"13,34185","52,51795"
12789,202092,Berlin,12,2019,12,8,6,3,3,6,0,1,1,0,0,0,0,0,"13,33513","52,60239"
12790,202093,Berlin,4,2019,12,7,6,3,5,2,1,1,0,0,0,0,1,0,"13,30402","52,48"
12791,202094,Berlin,7,2019,12,7,6,3,5,2,0,1,1,0,0,0,0,1,"13,41893","52,46097"
12792,202095,Berlin,11,2019,12,7,6,3,5,7,2,1,1,0,0,0,0,1,"13,52608","52,49355"
12793,202096,Berlin,4,2019,12,14,6,2,6,4,0,0,1,1,0,0,0,0,"13,33265","52,50402"
12794,202097,Berlin,1,2019,12,19,6,3,5,3,2,0,1,0,0,0,0,0,"13,39165","52,52201"
12795,202098,Berlin,3,2019,12,19,6,2,0,1,2,1,0,0,0,0,0,0,"13,40688","52,54108"
12796,202099,Berlin,5,2019,12,19,6,3,2,6,2,0,1,0,0,0,0,0,"13,18383","52,55201"
12797,202100,Berlin,9,2019,12,18,6,3,1,5,2,1,1,0,0,0,0,0,"13,45413","52,49592"
12798,202101,Berlin,1,2019,12,18,6,2,5,3,2,1,1,0,0,0,0,0,"13,34689","52,55327"
12799,202102,Berlin,7,2019,12,17,6,3,2,6,2,0,1,0,0,0,0,0,"13,39617","52,44012"
12800,202103,Berlin,11,2019,12,17,6,3,2,6,2,0,1,0,0,0,0,1,"13,51214","52,56577"
12801,202104,Berlin,5,2019,12,16,6,3,0,6,2,0,1,0,0,0,1,0,"13,20022","52,53682"
12802,202105,Berlin,6,2019,12,16,6,3,2,2,1,0,1,0,0,0,0,0,"13,34672","52,45001"
12803,202106,Berlin,1,2019,12,16,6,3,0,1,0,1,0,0,0,0,0,0,"13,35347","52,51967"
12804,202107,Berlin,3,2019,12,16,6,3,8,1,2,0,1,0,0,0,0,0,"13,37391","52,58682"
12805,202108,Berlin,5,2019,12,15,6,3,5,3,0,0,1,0,0,0,1,0,"13,19453","52,54127"
12806,202109,Berlin,1,2019,12,15,6,3,2,2,2,0,0,0,0,0,1,1,"13,38044","52,51809"
12807,202110,Berlin,2,2019,12,15,6,3,2,7,0,1,1,0,0,0,0,0,"13,44903","52,51797"
12808,202111,Berlin,3,2019,12,14,6,3,6,4,0,0,1,1,0,0,0,0,"13,40168","52,58733"
12809,202112,Berlin,3,2019,12,6,5,3,6,7,2,1,0,1,0,0,0,0,"13,42712","52,57715"
12810,202113,Berlin,4,2019,12,13,5,2,6,4,0,0,1,1,0,0,0,0,"13,30015","52,49498"
12811,202114,Berlin,2,2019,12,11,5,3,5,2,0,1,1,0,0,0,0,0,"13,4474","52,49813"
12812,202115,Berlin,1,2019,12,16,5,3,3,6,2,1,0,0,0,0,1,0,"13,376","52,5285"
12813,202116,Berlin,8,2019,12,16,5,3,5,3,2,1,1,0,0,0,0,0,"13,43663","52,48185"
12814,202117,Berlin,12,2019,12,16,5,3,6,4,1,0,1,1,0,0,0,1,"13,34167","52,59981"
12815,202118,Berlin,6,2019,12,15,5,3,3,6,2,0,1,0,0,0,0,1,"13,29282","52,44642"
12816,202119,Berlin,7,2019,12,15,5,3,5,3,1,0,1,0,0,0,0,1,"13,39498","52,42249"
12817,202120,Berlin,9,2019,12,15,5,3,5,3,2,0,1,0,0,0,0,1,"13,5081","52,4503"
12818,202121,Berlin,1,2019,12,14,5,3,1,5,0,0,1,0,0,0,0,0,"13,37662","52,50951"
12819,202122,Berlin,8,2019,12,20,5,3,6,7,2,0,0,1,0,0,1,1,"13,44948","52,47143"
12820,202123,Berlin,1,2019,12,13,5,3,0,5,0,0,1,0,1,0,0,1,"13,39765","52,54666"
12821,202124,Berlin,6,2019,12,13,5,3,2,2,0,0,1,0,0,0,0,1,"13,27528","52,41127"
12822,202125,Berlin,1,2019,12,12,5,3,5,3,0,1,1,0,0,0,0,1,"13,38122","52,55246"
12823,202126,Berlin,10,2019,12,12,5,3,5,3,0,1,1,0,0,0,0,1,"13,61192","52,51406"
12824,202127,Berlin,11,2019,12,12,5,3,0,1,0,0,0,0,1,0,0,1,"13,47017","52,50316"
12825,202128,Berlin,9,2019,12,12,5,2,5,2,1,1,0,0,0,1,0,0,"13,49746","52,45811"
12826,202129,Berlin,9,2019,12,11,5,3,8,1,0,0,1,0,0,0,0,1,"13,4923","52,45804"
12827,202130,Berlin,1,2019,12,11,5,3,5,3,0,0,1,0,1,0,0,1,"13,39962","52,52371"
12828,202131,Berlin,2,2019,12,10,5,3,0,5,0,0,1,0,0,0,0,0,"13,39142","52,50113"
12829,202132,Berlin,8,2019,12,10,5,2,2,6,0,0,1,0,0,1,0,0,"13,41708","52,41837"
12830,202133,Berlin,9,2019,12,9,5,3,3,6,0,0,1,0,0,0,1,1,"13,55834","52,45548"
12831,202134,Berlin,2,2019,12,21,5,2,5,3,2,1,0,0,0,0,0,1,"13,37943","52,49166"
12832,202135,Berlin,1,2019,12,20,5,3,1,5,0,1,1,0,0,0,0,0,"13,40018","52,53102"
12833,202136,Berlin,8,2019,12,19,5,2,6,1,2,0,1,1,0,0,0,0,"13,43663","52,45733"
12834,202137,Berlin,5,2019,12,19,5,3,2,6,2,0,1,0,0,0,0,0,"13,23155","52,53827"
12835,202138,Berlin,6,2019,12,18,5,3,5,3,2,1,1,0,0,0,0,1,"13,27595","52,43342"
12836,202139,Berlin,2,2019,12,18,5,3,2,2,2,1,1,0,0,0,0,0,"13,41486","52,50474"
12837,202140,Berlin,3,2019,12,17,5,2,5,3,2,0,1,0,0,0,0,1,"13,44132","52,56856"
12838,202141,Berlin,3,2019,12,17,5,2,6,4,2,0,1,1,0,0,0,1,"13,46741","52,55995"
12839,202142,Berlin,4,2019,12,16,5,3,5,2,2,0,1,0,0,0,0,0,"13,30227","52,54789"
12840,202143,Berlin,1,2019,12,8,5,3,5,3,0,0,1,0,0,0,1,1,"13,39304","52,51506"
12841,202144,Berlin,9,2019,12,7,5,3,3,5,0,0,0,0,1,0,1,1,"13,47596","52,47613"
12842,202145,Berlin,3,2019,12,7,5,3,5,2,0,0,1,0,0,0,0,1,"13,42353","52,5551"
12843,202146,Berlin,3,2019,12,7,5,3,2,6,1,0,1,0,0,0,0,1,"13,44992","52,53682"
12844,202147,Berlin,6,2019,12,7,5,2,6,4,0,0,1,1,0,0,0,1,"13,26059","52,42656"
12845,202148,Berlin,1,2019,12,7,5,3,5,2,2,0,1,0,0,0,0,1,"13,39601","52,53827"
12846,202149,Berlin,9,2019,12,6,5,3,4,6,2,1,0,0,0,0,0,1,"13,57556","52,45395"
12847,202150,Berlin,8,2019,12,6,5,3,6,2,1,0,0,1,0,0,1,1,"13,49541","52,43161"
12848,202151,Berlin,12,2019,12,6,5,3,2,6,2,0,1,0,0,0,0,1,"13,29564","52,61072"
12849,202152,Berlin,5,2019,12,5,5,3,6,2,2,0,0,1,0,0,1,1,"13,15777","52,53316"
12850,202153,Berlin,9,2019,12,7,4,3,4,5,0,1,1,0,0,0,0,0,"13,49058","52,46311"
12851,202154,Berlin,3,2019,12,16,4,3,0,6,1,1,1,0,0,0,0,0,"13,42218","52,54039"
12852,202155,Berlin,8,2019,12,20,4,3,0,2,2,1,0,0,0,0,1,0,"13,43368","52,48212"
12853,202156,Berlin,12,2019,12,20,4,3,1,1,2,0,1,0,0,0,0,2,"13,32426","52,60076"