,id,city,district,year,month,hour,weekday,injury_level,collision,movement,light_conditions,bicycle,car,pedestrian,motorbike,truck,other_vehicle,road_conditions,longitude,latitude
12854,202157,Berlin,3,2019,12,17,4,3,4,6,1,0,1,0,1,0,0,0,"13,47084","52,55976"
12855,202158,Berlin,1,2019,12,17,4,3,5,2,2,1,1,0,0,0,0,0,"13,34332","52,53096"
12856,202159,Berlin,6,2019,12,16,4,3,5,3,0,0,1,0,0,0,0,0,"13,333","52,42397"
12857,202160,Berlin,9,2019,12,16,4,3,6,4,2,0,1,1,0,0,0,0,"13,54873","52,4358"
12858,202161,Berlin,11,2019,12,16,4,3,5,2,2,0,1,0,0,0,0,0,"13,5206","52,56851"
12859,202162,Berlin,1,2019,12,15,4,3,5,3,0,0,1,0,0,0,0,1,"13,3757","52,53795"
12860,202163,Berlin,10,2019,12,15,4,3,2,2,1,0,1,0,0,0,0,0,"13,57163","52,54601"
12861,202164,Berlin,4,2019,12,15,4,3,0,6,0,0,1,0,0,0,1,0,"13,31913","52,50147"
12862,202165,Berlin,5,2019,12,15,4,2,9,1,0,0,1,0,0,0,0,0,"13,22291","52,53722"
12863,202166,Berlin,5,2019,12,14,4,2,5,2,0,0,1,0,0,0,0,0,"13,16265","52,52008"
12864,202167,Berlin,7,2019,12,13,4,3,6,4,0,0,1,1,0,0,0,0,"13,36059","52,45381"
12865,202168,Berlin,4,2019,12,13,4,3,0,4,0,1,0,1,0,0,0,0,"13,28855","52,51308"
12866,202169,Berlin,1,2019,12,12,4,3,5,2,0,1,1,0,0,0,0,0,"13,41648","52,51102"
12867,202170,Berlin,8,2019,12,12,4,3,0,2,0,0,1,0,0,0,1,0,"13,43399","52,44345"
12868,202171,Berlin,3,2019,12,7,4,3,0,6,1,0,1,0,0,0,1,0,"13,44561","52,56506"
12869,202172,Berlin,9,2019,12,7,4,3,2,2,1,0,1,0,0,0,0,0,"13,53523","52,43215"
12870,202173,Berlin,4,2019,12,6,4,3,6,2,2,0,1,1,0,0,0,0,"13,33123","52,48603"
12871,202174,Berlin,12,2019,12,22,4,2,6,4,2,0,0,1,1,0,0,0,"13,33968","52,59584"
12872,202175,Berlin,1,2019,12,19,4,3,2,6,2,0,1,0,0,0,0,0,"13,38225","52,55589"
12873,202176,Berlin,1,2019,12,17,4,3,6,2,2,1,0,1,0,0,0,0,"13,40591","52,51123"
12874,202177,Berlin,4,2019,12,15,4,1,5,3,0,1,1,0,0,0,0,0,"13,29976","52,52132"
12875,202178,Berlin,9,2019,12,17,3,3,6,6,2,0,1,1,0,0,0,0,"13,57315","52,39442"
12876,202179,Berlin,12,2019,12,7,3,3,2,6,0,0,1,0,0,0,0,0,"13,29509","52,55062"
12877,202180,Berlin,1,2019,12,14,3,3,3,2,0,1,0,0,0,0,1,0,"13,38665","52,51183"
12878,202181,Berlin,12,2019,12,11,3,2,6,7,0,0,1,1,0,1,1,0,"13,29232","52,55382"
12879,202182,Berlin,7,2019,12,16,3,3,6,7,2,0,0,1,0,0,1,0,"13,3683","52,42419"
12880,202183,Berlin,4,2019,12,15,3,3,2,6,1,0,1,0,0,0,1,0,"13,28491","52,49174"
12881,202184,Berlin,12,2019,12,15,3,3,2,2,1,0,1,0,0,0,0,0,"13,30576","52,62047"
12882,202185,Berlin,1,2019,12,23,3,3,5,2,2,0,1,0,1,0,0,0,"13,35209","52,53327"
12883,202186,Berlin,7,2019,12,14,3,3,5,3,0,1,1,0,0,0,0,0,"13,38833","52,39849"
12884,202187,Berlin,4,2019,12,13,3,3,5,3,0,0,1,0,0,0,0,0,"13,29367","52,48438"
12885,202188,Berlin,7,2019,12,13,3,3,6,2,0,0,1,1,0,0,0,0,"13,37193","52,46968"
12886,202189,Berlin,11,2019,12,13,3,3,2,6,0,0,1,0,0,0,0,0,"13,50464","52,53465"
12887,202190,Berlin,11,2019,12,12,3,3,1,5,0,1,1,0,0,0,0,1,"13,49987","52,5458"
12888,202191,Berlin,9,2019,12,12,3,3,5,2,0,1,1,0,0,0,0,1,"13,53511","52,43972"
12889,202192,Berlin,1,2019,12,12,3,3,5,2,0,1,1,0,0,0,0,2,"13,34309","52,52813"
12890,202193,Berlin,5,2019,12,11,3,3,1,5,0,0,1,0,1,0,0,0,"13,19764","52,52331"
12891,202194,Berlin,2,2019,12,10,3,3,1,5,0,0,1,0,0,0,0,1,"13,39562","52,48648"
12892,202195,Berlin,2,2019,12,10,3,3,6,7,0,0,1,1,0,0,0,0,"13,44169","52,49869"
12893,202196,Berlin,4,2019,12,9,3,2,5,2,0,1,1,0,0,0,0,0,"13,31424","52,49028"
12894,202197,Berlin,5,2019,12,10,3,3,2,6,0,0,1,0,0,0,0,1,"13,20721","52,53888"
12895,202198,Berlin,3,2019,12,9,3,3,1,5,0,0,1,0,0,0,1,0,"13,37712","52,57755"
12896,202199,Berlin,10,2019,12,8,3,3,7,7,0,1,0,0,0,0,0,0,"13,62071","52,50917"
12897,202200,Berlin,2,2019,12,22,3,3,5,3,2,1,1,0,0,0,0,1,"13,37929","52,4897"
12898,202201,Berlin,1,2019,12,20,3,3,5,2,2,0,1,0,0,0,0,0,"13,32838","52,53294"
12899,202202,Berlin,9,2019,12,20,3,3,5,2,2,0,1,0,0,0,0,1,"13,55493","52,43266"
12900,202203,Berlin,2,2019,12,19,3,3,6,4,2,0,1,1,0,0,0,0,"13,39918","52,49622"
12901,202204,Berlin,5,2019,12,19,3,3,1,5,2,0,1,0,0,0,0,0,"13,20923","52,53843"
12902,202205,Berlin,7,2019,12,19,3,3,1,5,2,0,1,0,0,0,0,0,"13,37784","52,47743"
12903,202206,Berlin,1,2019,12,19,3,3,5,3,2,0,1,0,1,0,0,0,"13,37207","52,51125"
12904,202207,Berlin,3,2019,12,18,3,3,2,6,2,0,1,0,0,0,0,0,"13,4136","52,56657"
12905,202208,Berlin,4,2019,12,17,3,3,1,5,2,1,1,0,0,0,0,1,"13,32721","52,503"
12906,202209,Berlin,6,2019,12,17,3,3,6,2,2,0,1,1,0,0,0,0,"13,26758","52,40898"
12907,202210,Berlin,1,2019,12,17,3,3,1,5,2,1,1,0,0,0,1,0,"13,34332","52,53128"
12908,202211,Berlin,8,2019,12,16,3,2,5,3,2,0,1,0,0,0,0,0,"13,46521","52,42965"
12909,202212,Berlin,6,2019,12,16,3,3,5,3,1,1,1,0,0,0,0,0,"13,36666","52,43544"
12910,202213,Berlin,4,2019,12,7,3,2,0,1,2,1,0,0,0,0,0,2,"13,22799","52,50636"
12911,202214,Berlin,7,2019,12,6,3,3,5,2,2,0,1,0,0,0,0,1,"13,3326","52,46897"
12912,202215,Berlin,11,2019,12,4,3,3,0,2,2,1,0,0,0,0,1,1,"13,51949","52,54472"
12913,202216,Berlin,2,2019,12,16,3,3,6,4,2,0,1,1,0,0,0,0,"13,4491","52,52198"
12914,202217,Berlin,11,2019,12,0,3,2,9,1,2,0,1,0,0,0,0,1,"13,45883","52,52594"
12915,202218,Berlin,1,2019,12,8,3,3,0,2,0,0,0,1,0,0,1,0,"13,34331","52,5264"
12916,202219,Berlin,6,2019,12,8,3,3,0,1,0,1,0,0,0,0,0,2,"13,29666","52,46439"
12917,202220,Berlin,4,2019,12,7,3,3,5,2,0,0,1,0,0,0,0,1,"13,28998","52,48223"
12918,202221,Berlin,3,2019,12,7,3,3,6,7,0,1,0,1,0,0,0,0,"13,47174","52,6021"
12919,202222,Berlin,4,2019,12,7,3,3,5,2,1,0,1,0,0,0,0,0,"13,2995","52,51967"
12920,202223,Berlin,12,2019,12,7,3,2,5,3,2,0,1,0,0,1,0,1,"13,30698","52,55502"
12921,202224,Berlin,12,2019,12,20,2,3,2,6,2,0,1,0,0,0,0,1,"13,32416","52,5878"
12922,202225,Berlin,9,2019,12,17,2,3,6,6,0,1,0,1,0,0,0,0,"13,59412","52,44448"
12923,202226,Berlin,1,2019,12,9,2,3,5,3,0,1,1,0,0,0,0,1,"13,37928","52,50703"
12924,202227,Berlin,8,2019,12,12,2,3,5,3,0,1,1,0,0,0,0,0,"13,4374","52,44845"
12925,202228,Berlin,5,2019,12,15,2,3,2,6,1,0,1,0,0,0,0,1,"13,13021","52,46405"
12926,202229,Berlin,12,2019,12,21,2,3,6,4,2,0,1,1,0,0,0,1,"13,28062","52,58695"
12927,202230,Berlin,6,2019,12,20,2,3,0,7,2,1,1,0,0,0,0,1,"13,35341","52,45203"
12928,202231,Berlin,11,2019,12,19,2,3,3,6,2,0,1,0,0,0,0,1,"13,50497","52,53453"
12929,202232,Berlin,2,2019,12,19,2,3,6,2,2,0,1,1,0,0,0,1,"13,38251","52,485"
12930,202233,Berlin,7,2019,12,19,2,3,6,2,2,0,1,1,0,0,0,1,"13,38548","52,46574"
12931,202234,Berlin,5,2019,12,20,2,3,2,6,0,0,1,0,0,0,0,1,"13,21417","52,53852"
12932,202235,Berlin,9,2019,12,19,2,3,5,2,2,0,1,0,1,0,0,1,"13,52105","52,46085"
12933,202236,Berlin,2,2019,12,5,2,3,0,6,2,0,1,0,1,0,0,1,"13,45477","52,51581"
12934,202237,Berlin,3,2019,12,18,4,3,5,3,2,1,1,0,0,0,0,0,"13,42025","52,53814"
12935,202238,Berlin,7,2019,12,18,2,3,6,2,2,0,1,1,0,0,0,1,"13,37312","52,42486"
12936,202239,Berlin,12,2019,12,18,2,2,6,2,2,0,0,1,0,0,1,1,"13,32977","52,56912"
12937,202240,Berlin,6,2019,12,17,4,3,5,2,2,0,1,0,0,0,0,0,"13,34671","52,45001"
12938,202241,Berlin,8,2019,12,17,4,3,5,2,2,1,1,0,0,0,0,0,"13,43265","52,48707"
12939,202242,Berlin,12,2019,12,18,2,2,6,2,2,0,1,1,0,0,0,1,"13,34115","52,60009"
12940,202243,Berlin,8,2019,12,18,2,3,6,4,2,0,1,1,0,0,0,1,"13,43072","52,48602"
12941,202244,Berlin,3,2019,12,17,4,2,9,1,2,0,1,0,0,0,0,0,"13,41215","52,53121"
12942,202245,Berlin,7,2019,12,17,4,3,5,2,2,1,1,0,0,0,0,0,"13,33856","52,4667"
12943,202246,Berlin,6,2019,12,17,2,3,5,2,2,0,1,0,0,0,0,1,"13,32264","52,42908"
12944,202247,Berlin,4,2019,12,13,4,3,2,6,0,1,1,0,0,0,1,0,"13,33804","52,50192"
12945,202248,Berlin,8,2019,12,17,2,3,5,2,2,0,1,0,0,0,1,1,"13,44794","52,42626"
12946,202249,Berlin,4,2019,12,11,4,3,2,6,0,0,1,0,0,0,0,0,"13,26041","52,51633"
12947,202250,Berlin,9,2019,12,10,4,3,5,3,0,0,1,0,0,0,0,0,"13,5312","52,40514"
12948,202251,Berlin,7,2019,12,17,2,2,2,2,2,0,1,0,0,1,0,1,"13,39223","52,41407"
12949,202252,Berlin,7,2019,12,17,2,3,5,3,2,0,1,0,0,0,1,1,"13,34603","52,49602"
12950,202253,Berlin,9,2019,12,10,4,3,6,7,0,0,1,1,0,0,0,1,"13,57836","52,45746"
12951,202254,Berlin,5,2019,12,9,4,3,0,1,0,0,0,0,1,0,0,0,"13,15564","52,53295"
12952,202255,Berlin,6,2019,12,17,2,3,2,6,2,0,1,0,0,0,0,1,"13,327","52,43984"
12953,202256,Berlin,1,2019,12,23,3,3,2,6,2,0,1,0,0,0,0,0,"13,35151","52,5096"
12954,202257,Berlin,8,2019,12,23,3,2,6,4,2,0,1,1,0,0,0,0,"13,43381","52,48977"
12955,202258,Berlin,3,2019,12,16,2,2,5,2,2,0,1,0,1,0,0,1,"13,47019","52,55361"
12956,202259,Berlin,3,2019,12,16,2,3,5,3,2,0,1,0,0,0,1,1,"13,42327","52,60458"
12957,202260,Berlin,9,2019,12,20,3,3,5,2,2,1,1,0,0,0,0,0,"13,50813","52,45294"
12958,202261,Berlin,6,2019,12,19,3,3,2,2,2,0,1,0,0,0,0,0,"13,27037","52,4499"
12959,202262,Berlin,5,2019,12,19,3,3,5,2,2,1,1,0,0,0,0,0,"13,16269","52,52007"
12960,202263,Berlin,10,2019,12,17,3,3,2,6,2,1,1,0,0,0,0,0,"13,58779","52,52342"
12961,202264,Berlin,4,2019,12,16,3,3,2,6,2,0,1,0,0,0,0,0,"13,29613","52,48544"
12962,202265,Berlin,4,2019,12,15,2,3,1,5,1,1,1,0,0,0,0,1,"13,3031","52,51651"
12963,202266,Berlin,8,2019,12,16,2,3,6,2,2,0,1,1,0,0,0,1,"13,48445","52,42316"
12964,202267,Berlin,1,2019,12,16,3,3,5,3,2,1,1,0,0,0,0,0,"13,40889","52,51202"
12965,202268,Berlin,10,2019,12,16,2,3,2,6,2,0,1,0,0,0,0,1,"13,58789","52,52122"
12966,202269,Berlin,6,2019,12,16,3,3,5,3,2,0,1,0,0,0,0,1,"13,36726","52,42686"
12967,202270,Berlin,4,2019,12,15,2,3,5,3,1,1,1,0,0,0,0,1,"13,30001","52,50983"
12968,202271,Berlin,4,2019,12,15,2,3,5,3,0,0,1,0,0,0,0,0,"13,32083","52,49254"
12969,202272,Berlin,5,2019,12,16,3,2,6,4,2,0,1,1,0,0,0,0,"13,18956","52,55038"
12970,202273,Berlin,2,2019,12,13,2,3,5,2,0,0,1,0,1,0,0,0,"13,47182","52,5078"
12971,202274,Berlin,1,2019,12,13,2,3,1,5,0,1,0,0,0,1,0,0,"13,40789","52,52843"
12972,202275,Berlin,1,2019,12,12,2,3,2,6,0,0,1,0,0,0,1,0,"13,32821","52,53509"
12973,202276,Berlin,10,2019,12,10,3,2,0,7,1,1,0,0,0,0,0,0,"13,5208","52,53561"
12974,202277,Berlin,12,2019,12,5,3,3,6,2,2,0,1,1,0,0,0,0,"13,35272","52,56777"
12975,202278,Berlin,8,2019,12,11,2,3,0,3,0,0,1,0,1,0,0,1,"13,46204","52,4225"
12976,202279,Berlin,4,2019,12,11,2,3,2,6,0,0,1,0,1,0,0,0,"13,32031","52,47817"
12977,202280,Berlin,7,2019,12,15,3,3,5,2,0,1,1,0,0,0,0,0,"13,34475","52,48913"
12978,202281,Berlin,10,2019,12,11,2,2,5,3,0,0,1,0,0,0,0,0,"13,60247","52,51021"
12979,202282,Berlin,3,2019,12,9,2,2,4,6,0,0,1,0,0,0,0,0,"13,37012","52,59742"
12980,202283,Berlin,7,2019,12,15,3,3,5,2,0,1,1,0,0,0,0,0,"13,40887","52,39397"
12981,202284,Berlin,7,2019,12,13,3,3,5,3,0,1,1,0,0,0,0,1,"13,39769","52,3821"
12982,202285,Berlin,2,2019,12,9,2,3,5,2,0,1,1,0,0,0,0,0,"13,39754","52,50605"
12983,202286,Berlin,9,2019,12,9,2,3,1,5,0,0,1,0,0,0,0,0,"13,59147","52,42133"
12984,202287,Berlin,6,2019,12,13,3,3,0,1,0,1,0,0,0,0,0,1,"13,21857","52,42837"
12985,202288,Berlin,10,2019,12,13,3,3,5,3,0,1,1,0,0,0,0,0,"13,58877","52,54239"
12986,202289,Berlin,3,2019,12,7,2,2,5,3,1,1,0,0,0,0,1,1,"13,43937","52,56823"
12987,202290,Berlin,4,2019,12,7,2,3,5,3,2,1,1,0,0,0,0,0,"13,31982","52,46881"
12988,202291,Berlin,8,2019,12,6,2,3,5,3,1,1,0,0,0,0,1,0,"13,44004","52,4896"
12989,202292,Berlin,4,2019,12,13,3,3,5,3,0,1,0,0,0,0,0,0,"13,31653","52,4893"
12990,202293,Berlin,8,2019,12,6,2,3,5,3,2,1,1,0,0,0,0,0,"13,44959","52,47908"
12991,202294,Berlin,4,2019,12,12,3,3,5,2,0,0,1,0,0,0,0,0,"13,28683","52,49583"
12992,202295,Berlin,9,2019,12,6,2,3,5,2,2,1,0,0,0,0,1,1,"13,55835","52,45577"
12993,202296,Berlin,11,2019,12,6,2,3,5,3,2,0,1,0,0,0,0,0,"13,50849","52,55007"
12994,202297,Berlin,2,2019,12,12,3,3,0,2,0,1,1,0,0,0,0,0,"13,38786","52,50299"
12995,202298,Berlin,3,2019,12,15,2,3,5,3,1,0,1,0,0,0,1,1,"13,45353","52,59133"
12996,202299,Berlin,1,2019,12,20,1,3,2,6,2,0,1,0,0,0,1,1,"13,35729","52,55301"
12997,202300,Berlin,1,2019,12,18,1,3,3,6,2,0,1,0,0,0,0,1,"13,36164","52,54788"
12998,202301,Berlin,5,2019,12,11,3,2,6,7,0,0,1,1,0,0,0,0,"13,27009","52,53642"
12999,202302,Berlin,11,2019,12,11,3,3,5,3,0,1,1,0,0,0,0,0,"13,51137","52,50436"
13000,202303,Berlin,7,2019,12,18,1,3,2,6,2,0,1,0,0,0,0,1,"13,34664","52,50117"
13001,202304,Berlin,8,2019,12,18,1,3,5,7,2,0,1,0,0,0,1,0,"13,42494","52,48138"
13002,202305,Berlin,4,2019,12,9,3,3,5,3,0,0,1,0,0,0,0,1,"13,27165","52,51708"
13003,202306,Berlin,8,2019,12,9,3,3,5,2,0,0,1,0,0,0,0,1,"13,42765","52,42082"
13004,202307,Berlin,3,2019,12,17,1,3,6,4,2,0,1,1,0,0,0,1,"13,3992","52,57076"
13005,202308,Berlin,1,2019,12,16,1,3,5,3,2,0,1,0,0,0,0,1,"13,36731","52,50456"
13006,202309,Berlin,9,2019,12,9,3,3,5,3,0,1,1,0,0,0,0,1,"13,52284","52,42345"
13007,202310,Berlin,5,2019,12,16,1,3,3,6,2,0,1,0,0,0,0,1,"13,20269","52,54015"
13008,202311,Berlin,6,2019,12,16,1,3,1,5,2,0,1,0,0,0,0,1,"13,23073","52,43594"
13009,202312,Berlin,4,2019,12,8,3,3,0,2,0,0,1,0,1,0,0,1,"13,31188","52,50052"
13010,202313,Berlin,8,2019,12,7,3,3,6,2,2,0,1,1,0,0,0,1,"13,45581","52,47378"
13011,202314,Berlin,3,2019,12,15,1,3,5,3,1,0,1,0,0,0,0,1,"13,47289","52,617"
13012,202315,Berlin,6,2019,12,15,1,3,3,6,0,0,1,0,0,0,0,1,"13,2241","52,42949"
13013,202316,Berlin,4,2019,12,13,1,3,5,5,0,0,1,0,0,0,0,1,"13,2881","52,51889"
13014,202317,Berlin,8,2019,12,8,3,3,6,4,0,0,1,1,0,0,0,1,"13,4326","52,41525"
13015,202318,Berlin,7,2019,12,14,1,3,3,6,0,0,1,0,0,0,0,1,"13,41554","52,45922"
13016,202319,Berlin,12,2019,12,7,3,3,2,2,0,0,1,0,1,0,0,1,"13,36803","52,6027"
13017,202320,Berlin,5,2019,12,3,1,2,9,1,2,0,1,0,0,0,0,1,"13,17736","52,52536"
13018,202321,Berlin,8,2019,12,3,1,3,9,1,2,0,1,0,0,0,0,0,"13,43165","52,4664"
13019,202322,Berlin,10,2019,12,7,3,3,5,2,0,0,1,0,0,0,1,1,"13,60027","52,47557"
13020,202323,Berlin,9,2019,12,7,3,3,6,4,2,0,1,1,0,0,0,1,"13,50722","52,43841"
13021,202324,Berlin,3,2019,12,7,1,3,0,7,0,0,0,0,1,0,1,1,"13,42298","52,53528"
13022,202325,Berlin,10,2019,12,6,3,3,4,6,2,1,1,0,0,0,0,1,"13,58115","52,5133"
13023,202326,Berlin,12,2019,12,0,1,2,6,4,2,0,1,1,0,0,0,1,"13,3043","52,61953"
13024,202327,Berlin,7,2019,12,17,7,2,5,2,2,0,1,0,0,0,0,0,"13,36141","52,41245"
13025,202328,Berlin,7,2019,12,9,3,2,6,3,0,0,0,1,0,0,1,0,"13,38436","52,48214"
13026,202329,Berlin,11,2019,12,16,3,1,6,4,2,0,1,1,0,0,0,0,"13,47798","52,5331"
13027,202330,Berlin,5,2019,12,17,7,2,1,5,2,0,1,0,0,0,0,1,"13,22618","52,53767"
13028,202331,Berlin,7,2019,12,17,7,3,6,4,2,0,1,1,0,0,0,1,"13,406","52,38666"
13029,202332,Berlin,12,2019,12,11,3,1,9,1,0,0,1,0,0,0,0,0,"13,21423","52,60985"
13030,202333,Berlin,3,2019,12,17,2,3,4,5,0,0,1,0,0,0,1,0,"13,39993","52,56571"
13031,202334,Berlin,10,2019,12,17,7,3,6,4,2,0,0,1,0,0,1,1,"13,53626","52,53975"
13032,202335,Berlin,12,2019,12,17,7,2,5,2,2,0,1,0,1,0,0,1,"13,31133","52,62758"
13033,202336,Berlin,3,2019,12,6,2,3,2,6,2,0,1,0,0,0,0,0,"13,4543","52,58926"
13034,202337,Berlin,5,2019,12,16,7,3,2,6,2,0,1,0,0,0,0,0,"13,21307","52,53844"
13035,202338,Berlin,1,2019,12,23,2,3,2,6,2,0,1,0,0,0,0,1,"13,32855","52,53095"
13036,202339,Berlin,7,2019,12,15,7,3,5,3,0,0,1,0,0,0,0,0,"13,39962","52,3968"
13037,202340,Berlin,10,2019,12,21,7,3,2,6,2,0,1,0,0,0,0,1,"13,5617","52,50436"
13038,202341,Berlin,4,2019,12,21,2,2,0,1,2,1,0,0,0,0,0,1,"13,24937","52,52361"
13039,202342,Berlin,1,2019,12,21,2,3,5,3,2,0,1,0,0,0,0,1,"13,36018","52,54431"
13040,202343,Berlin,4,2019,12,20,7,2,6,4,2,0,1,1,0,0,0,1,"13,33043","52,4787"
13041,202344,Berlin,3,2019,12,12,7,3,0,5,0,0,1,0,0,0,1,1,"13,40908","52,59026"
13042,202345,Berlin,12,2019,12,21,2,3,6,2,2,0,1,1,0,0,0,1,"13,30556","52,58191"
13043,202346,Berlin,2,2019,12,20,2,3,0,1,2,1,0,0,0,0,0,1,"13,40069","52,48425"
13044,202347,Berlin,4,2019,12,11,7,3,6,4,0,0,1,1,0,0,0,1,"13,33711","52,50389"
13045,202348,Berlin,12,2019,12,11,7,3,5,2,0,0,1,0,0,0,0,0,"13,28424","52,59443"
13046,202349,Berlin,4,2019,12,19,2,3,5,7,2,1,1,0,0,0,0,1,"13,33761","52,50153"
13047,202350,Berlin,1,2019,12,19,2,3,6,2,2,0,1,1,0,0,0,1,"13,39376","52,54127"
13048,202351,Berlin,4,2019,12,11,7,3,2,6,0,0,1,0,0,0,0,1,"13,33117","52,50259"
13049,202352,Berlin,8,2019,12,6,7,3,6,2,2,0,1,1,0,0,0,1,"13,44808","52,47774"
13050,202353,Berlin,5,2019,12,4,7,3,5,3,2,0,1,0,0,0,0,1,"13,17161","52,51103"
13051,202354,Berlin,4,2019,12,16,2,3,3,6,2,1,1,0,0,0,0,0,"13,32743","52,50548"
13052,202355,Berlin,6,2019,12,7,2,3,5,2,1,0,1,0,0,0,1,0,"13,29707","52,44262"
13053,202356,Berlin,4,2019,12,9,7,3,5,2,0,1,1,0,0,0,0,1,"13,31035","52,479"
13054,202357,Berlin,1,2019,12,1,7,3,8,1,2,0,1,0,0,0,0,1,"13,37683","52,5094"
13055,202358,Berlin,1,2019,12,9,2,3,0,3,0,0,1,0,1,0,0,0,"13,37187","52,55407"
13056,202359,Berlin,2,2019,12,6,2,3,5,3,2,0,1,0,0,0,1,0,"13,39596","52,49829"
13057,202360,Berlin,11,2019,12,19,7,2,6,4,2,0,1,1,0,0,0,1,"13,5227","52,51322"
13058,202361,Berlin,8,2019,12,19,7,3,5,3,2,0,1,0,0,0,1,1,"13,43302","52,46473"
13059,202362,Berlin,9,2019,12,5,2,3,5,3,2,1,1,0,0,0,0,1,"13,52674","52,43765"
13060,202363,Berlin,1,2019,12,19,7,3,5,2,2,0,1,0,0,0,0,1,"13,3771","52,55374"
13061,202364,Berlin,1,2019,12,18,2,3,3,6,2,1,1,0,0,0,0,1,"13,35025","52,55154"
13062,202365,Berlin,2,2019,12,18,7,3,2,6,2,0,1,0,1,0,0,1,"13,39456","52,50584"
13063,202366,Berlin,8,2019,12,18,7,3,1,5,2,1,1,0,0,0,0,1,"13,44873","52,47735"
13064,202367,Berlin,6,2019,12,18,2,3,2,6,2,0,1,0,1,0,0,0,"13,34583","52,42876"
13065,202368,Berlin,12,2019,12,17,2,3,5,3,2,1,1,0,0,0,0,1,"13,31736","52,56662"
13066,202369,Berlin,11,2019,12,18,7,3,2,6,2,0,1,0,0,0,0,1,"13,51455","52,50555"
13067,202370,Berlin,8,2019,12,18,7,3,2,6,2,0,1,0,0,0,0,0,"13,43188","52,48163"
13068,202371,Berlin,1,2019,12,17,2,3,5,7,2,0,1,0,1,0,0,1,"13,3573","52,55995"
13069,202372,Berlin,11,2019,12,17,2,3,2,6,2,0,1,0,0,0,0,1,"13,51197","52,56595"
13070,202373,Berlin,5,2019,12,18,7,3,5,2,2,1,1,0,0,0,0,1,"13,24509","52,52484"
13071,202374,Berlin,2,2019,12,20,6,3,6,4,2,0,0,1,0,0,1,0,"13,38221","52,48489"
13072,202375,Berlin,10,2019,12,16,2,3,2,6,2,0,1,0,0,0,0,2,"13,57816","52,54775"
13073,202376,Berlin,9,2019,12,20,6,3,6,4,2,0,0,1,0,0,1,1,"13,52612","52,423"
13074,202377,Berlin,8,2019,12,14,2,2,0,3,0,0,0,0,1,0,1,1,"13,48996","52,4213"
13075,202378,Berlin,2,2019,12,13,2,3,2,6,0,0,1,0,0,0,0,0,"13,39521","52,4944"
13076,202379,Berlin,12,2019,12,20,6,2,4,6,2,1,0,0,0,0,0,0,"13,24174","52,59871"
13077,202380,Berlin,3,2019,12,12,2,3,9,1,0,0,1,0,0,0,1,1,"13,43697","52,52957"
13078,202381,Berlin,7,2019,12,16,6,3,6,4,2,1,0,1,0,0,0,1,"13,34819","52,50237"
13079,202382,Berlin,4,2019,12,9,2,3,2,6,0,0,1,0,0,0,0,0,"13,32054","52,48622"
13080,202383,Berlin,10,2019,12,18,1,3,5,3,2,0,1,0,0,0,1,1,"13,51747","52,53535"
13081,202384,Berlin,6,2019,12,17,6,3,6,2,2,0,1,1,0,0,0,1,"13,31561","52,44309"
13082,202385,Berlin,12,2019,12,17,6,3,6,4,2,0,1,1,0,0,0,1,"13,33389","52,61051"
13083,202386,Berlin,4,2019,12,2,1,3,5,3,2,0,1,0,0,0,0,1,"13,31805","52,49626"
13084,202387,Berlin,9,2019,12,17,6,3,6,4,2,0,1,1,0,0,0,1,"13,579","52,45912"
13085,202388,Berlin,1,2019,12,17,6,3,0,2,2,0,1,1,0,0,0,1,"13,39886","52,53272"
13086,202389,Berlin,12,2019,12,17,6,3,6,2,2,0,1,1,0,0,0,1,"13,36249","52,56725"
13087,202390,Berlin,3,2019,12,17,6,3,6,4,2,0,1,1,0,0,0,1,"13,44609","52,55004"
13088,202391,Berlin,4,2019,12,15,6,3,5,2,1,1,1,0,0,0,0,1,"13,32015","52,47876"
13089,202392,Berlin,8,2019,12,17,1,2,1,5,2,0,1,0,0,1,0,1,"13,49887","52,41682"
13090,202393,Berlin,4,2019,12,19,1,3,5,3,2,1,1,0,0,0,0,1,"13,31154","52,46838"
13091,202394,Berlin,10,2019,12,16,6,3,5,3,2,1,1,0,0,0,0,1,"13,57072","52,54463"
13092,202395,Berlin,8,2019,12,16,6,3,2,6,2,0,1,0,0,0,0,1,"13,43048","52,42156"
13093,202396,Berlin,6,2019,12,16,6,3,8,1,2,0,1,0,0,0,0,1,"13,31138","52,43484"
13094,202397,Berlin,12,2019,12,19,1,3,2,6,2,0,1,0,0,0,0,0,"13,2953","52,54999"
13095,202398,Berlin,1,2019,12,16,6,3,2,6,2,0,1,0,0,0,1,1,"13,3737","52,554"
13096,202399,Berlin,6,2019,12,17,1,3,5,3,2,0,1,0,0,0,0,1,"13,26305","52,43924"
13097,202400,Berlin,6,2019,12,12,6,2,2,7,0,0,1,0,0,0,0,1,"13,28221","52,4402"
13098,202401,Berlin,9,2019,12,22,6,3,6,2,2,0,1,1,0,0,0,1,"13,59336","52,4517"
13099,202402,Berlin,6,2019,12,17,1,3,6,7,2,1,0,1,0,0,0,1,"13,23212","52,43752"
13100,202403,Berlin,2,2019,12,21,6,3,6,2,2,0,1,1,0,0,0,1,"13,4065","52,50263"
13101,202404,Berlin,4,2019,12,20,6,3,5,7,2,0,1,0,0,0,1,1,"13,31072","52,52946"
13102,202405,Berlin,10,2019,12,19,6,3,2,6,2,0,1,0,0,0,0,1,"13,56515","52,54479"
13103,202406,Berlin,4,2019,12,16,1,3,5,3,2,0,1,0,0,0,0,0,"13,29478","52,53963"
13104,202407,Berlin,9,2019,12,19,6,3,5,3,2,0,1,0,0,0,0,1,"13,5266","52,42647"