,id,city,district,year,month,hour,weekday,injury_level,collision,movement,light_conditions,bicycle,car,pedestrian,motorbike,truck,other_vehicle,road_conditions,longitude,latitude
13105,202408,Berlin,6,2019,12,19,6,3,5,3,2,0,1,0,0,0,0,1,"13,31959","52,45268"
13106,202409,Berlin,8,2019,12,14,1,3,5,3,0,1,1,0,0,0,0,1,"13,4276","52,49017"
13107,202410,Berlin,8,2019,12,19,6,3,2,6,2,0,1,0,0,0,0,1,"13,44288","52,46499"
13108,202411,Berlin,8,2019,12,14,1,2,5,2,0,0,1,0,0,0,0,1,"13,50345","52,41162"
13109,202412,Berlin,7,2019,12,19,6,3,0,4,2,1,0,1,0,0,0,1,"13,34564","52,48475"
13110,202413,Berlin,4,2019,12,18,6,3,2,6,2,0,1,0,0,0,0,1,"13,28331","52,51867"
13111,202414,Berlin,4,2019,12,13,1,3,2,6,0,0,1,0,0,0,0,1,"13,28205","52,53381"
13112,202415,Berlin,12,2019,12,11,1,3,5,2,0,0,1,0,0,0,0,1,"13,29793","52,57818"
13113,202416,Berlin,12,2019,12,18,6,3,6,4,2,0,1,1,0,0,0,1,"13,30145","52,59973"
13114,202417,Berlin,4,2019,12,18,6,3,0,7,2,0,1,0,0,0,0,1,"13,29646","52,49971"
13115,202418,Berlin,9,2019,12,6,1,3,8,1,2,0,1,0,0,0,0,2,"13,49744","52,45812"
13116,202419,Berlin,4,2019,12,5,1,3,9,1,2,0,1,0,0,0,0,1,"13,32584","52,50931"
13117,202420,Berlin,4,2019,12,18,6,2,6,4,2,1,0,1,0,0,0,1,"13,29312","52,47455"
13118,202421,Berlin,5,2019,12,16,6,2,6,2,2,0,1,1,0,0,0,1,"13,26498","52,53655"
13119,202422,Berlin,4,2019,12,16,6,2,0,7,2,1,0,0,0,0,0,1,"13,31262","52,50332"
13120,202423,Berlin,9,2019,12,5,1,3,9,1,2,0,1,0,0,0,0,1,"13,61634","52,42925"
13121,202424,Berlin,2,2019,12,14,6,3,5,3,0,0,1,0,0,0,0,1,"13,45945","52,51248"
13122,202425,Berlin,1,2019,12,1,1,2,5,3,2,1,1,0,0,0,0,1,"13,41807","52,51537"
13123,202426,Berlin,9,2019,12,14,6,3,5,2,0,1,1,0,0,0,0,1,"13,52828","52,40259"
13124,202427,Berlin,4,2019,12,10,6,3,5,3,0,1,1,0,0,0,0,1,"13,27633","52,49059"
13125,202428,Berlin,3,2019,12,12,1,3,2,6,0,0,1,0,0,0,0,0,"13,44466","52,57847"
13126,202429,Berlin,11,2019,12,9,6,3,5,3,0,0,1,0,0,0,0,1,"13,49014","52,50482"
13127,202430,Berlin,4,2019,12,9,6,3,6,4,0,0,1,1,0,0,0,1,"13,2811","52,47701"
13128,202431,Berlin,8,2019,12,8,6,3,5,7,0,1,1,0,0,0,0,0,"13,43491","52,47148"
13129,202432,Berlin,11,2019,12,0,1,1,6,4,2,0,1,1,0,0,0,1,"13,51448","52,53516"
13130,202433,Berlin,8,2019,12,14,7,2,5,7,0,0,1,0,1,0,0,1,"13,44212","52,48853"
13131,202434,Berlin,2,2019,12,8,6,3,0,1,0,1,0,0,0,0,0,0,"13,4217","52,4893"
13132,202435,Berlin,8,2019,12,14,2,3,5,3,0,0,1,0,0,0,0,0,"13,48987","52,41997"
13133,202436,Berlin,8,2019,12,13,2,3,1,5,0,1,1,0,0,0,0,0,"13,42913","52,4813"
13134,202437,Berlin,12,2019,12,11,2,3,5,3,0,0,1,0,0,0,0,0,"13,37842","52,56609"
13135,202438,Berlin,8,2019,12,10,2,3,5,2,0,0,1,0,1,0,0,0,"13,43374","52,48204"
13136,202439,Berlin,4,2019,12,8,2,3,6,4,0,0,0,1,1,0,0,0,"13,31844","52,54649"
13137,202440,Berlin,6,2019,12,21,2,2,5,3,2,0,1,0,0,1,0,0,"13,3313","52,42004"
13138,202441,Berlin,9,2019,12,6,2,2,0,1,2,1,0,0,0,0,0,0,"13,51332","52,46738"
13139,202442,Berlin,8,2019,12,16,1,3,6,7,2,0,1,1,0,0,0,0,"13,46277","52,42367"
13140,202443,Berlin,11,2019,12,15,1,3,5,3,0,0,1,0,0,0,0,0,"13,4713","52,5051"
13141,202444,Berlin,4,2019,12,14,1,3,2,6,0,0,1,0,0,0,0,0,"13,29649","52,48533"
13142,202445,Berlin,6,2019,12,4,1,3,5,3,2,0,1,0,0,0,0,0,"13,35006","52,43427"
13143,202446,Berlin,4,2019,12,2,1,3,1,5,2,0,1,0,0,0,0,0,"13,30528","52,50671"
13144,202447,Berlin,11,2019,12,21,7,2,6,4,2,0,1,1,0,0,0,0,"13,5278","52,55674"
13145,202448,Berlin,1,2019,12,21,7,3,1,5,2,0,1,0,0,0,1,0,"13,40328","52,52803"
13146,202449,Berlin,8,2019,12,20,7,3,2,2,2,0,1,0,0,0,0,1,"13,46356","52,46348"
13147,202450,Berlin,1,2019,12,17,7,3,6,7,2,0,1,1,0,0,0,0,"13,37915","52,55302"
13148,202451,Berlin,1,2019,12,16,7,3,0,1,2,1,0,0,0,0,0,0,"13,36425","52,5277"
13149,202452,Berlin,7,2019,12,17,7,3,6,4,2,0,1,1,0,0,0,0,"13,38725","52,45931"
13150,202453,Berlin,2,2019,12,15,7,3,6,3,0,1,0,1,0,0,0,0,"13,43367","52,52332"
13151,202454,Berlin,6,2019,12,14,7,3,6,4,0,0,1,1,0,0,0,0,"13,35467","52,44862"
13152,202455,Berlin,8,2019,12,13,7,3,5,3,0,0,1,0,0,0,1,0,"13,45921","52,44502"
13153,202456,Berlin,1,2019,12,12,7,3,5,3,0,0,0,0,0,0,1,0,"13,40301","52,52143"
13154,202457,Berlin,4,2019,12,12,7,3,5,7,0,0,1,0,1,0,0,0,"13,30048","52,51707"
13155,202458,Berlin,8,2019,12,12,7,3,6,4,0,0,1,1,0,0,0,0,"13,43212","52,48552"
13156,202459,Berlin,2,2019,12,7,7,3,5,3,2,1,1,0,0,0,0,0,"13,43758","52,50038"
13157,202460,Berlin,8,2019,12,23,7,2,0,1,2,1,0,0,0,0,0,0,"13,43176","52,48764"
13158,202461,Berlin,1,2019,12,0,7,2,5,3,2,0,1,0,0,0,1,0,"13,41642","52,51093"
13159,202462,Berlin,4,2019,12,0,6,2,8,1,2,0,1,0,0,0,0,1,"13,31502","52,51465"
13160,202463,Berlin,1,2019,12,16,6,3,5,3,2,1,1,0,0,0,0,0,"13,35232","52,53648"
13161,202464,Berlin,2,2019,12,13,6,3,0,7,0,0,1,0,0,0,0,0,"13,41207","52,4884"
13162,202465,Berlin,9,2019,12,10,6,3,3,6,0,1,1,0,0,0,0,1,"13,57593","52,46377"
13163,202466,Berlin,7,2019,12,10,6,3,0,3,0,0,0,0,1,0,1,1,"13,34434","52,46485"
13164,202467,Berlin,2,2019,12,9,6,3,8,1,0,0,1,0,0,0,0,1,"13,40045","52,49021"
13165,202468,Berlin,4,2019,12,7,6,3,5,3,1,1,0,0,0,0,1,0,"13,28422","52,48529"
13166,202469,Berlin,1,2019,12,21,6,3,2,6,2,0,1,0,0,0,0,1,"13,35958","52,5039"
13167,202470,Berlin,5,2019,12,20,6,3,6,2,2,0,1,1,0,0,0,1,"13,2075","52,55409"
13168,202471,Berlin,4,2019,12,19,6,3,1,5,2,1,1,0,0,0,0,0,"13,31435","52,47239"
13169,202472,Berlin,8,2019,12,17,6,3,2,6,2,0,1,0,0,0,0,1,"13,43467","52,44057"
13170,202473,Berlin,7,2019,12,17,6,3,5,3,2,1,1,0,0,0,0,1,"13,36344","52,47862"
13171,202474,Berlin,11,2019,12,16,6,3,5,3,2,0,1,0,0,0,0,1,"13,49982","52,53437"
13172,202475,Berlin,9,2019,12,19,6,2,6,4,2,0,1,1,0,0,0,1,"13,62475","52,45116"
13173,202476,Berlin,3,2019,12,14,6,2,0,1,0,1,0,0,0,0,0,1,"13,39871","52,57054"
13174,202477,Berlin,6,2019,12,9,6,2,5,3,0,1,1,0,0,0,0,1,"13,26768","52,44543"
13175,202478,Berlin,12,2019,12,17,5,3,2,2,2,1,1,0,0,0,0,1,"13,3667","52,56807"
13176,202479,Berlin,8,2019,12,20,5,3,5,3,2,0,1,0,0,0,0,1,"13,45453","52,47442"
13177,202480,Berlin,10,2019,12,17,5,3,5,2,2,0,1,0,0,0,0,1,"13,58723","52,52356"
13178,202481,Berlin,11,2019,12,17,5,3,5,3,2,0,1,0,0,0,0,1,"13,49377","52,54121"
13179,202482,Berlin,11,2019,12,17,5,3,2,6,2,0,1,0,1,0,0,1,"13,47566","52,50141"
13180,202483,Berlin,8,2019,12,16,5,3,5,3,2,0,1,0,0,0,0,1,"13,4289","52,48533"
13181,202484,Berlin,1,2019,12,11,5,3,0,1,0,0,1,0,1,0,0,1,"13,39942","52,53922"
13182,202485,Berlin,9,2019,12,9,5,3,0,1,0,1,0,0,0,0,0,1,"13,62481","52,45162"
13183,202486,Berlin,5,2019,12,2,5,3,8,1,2,0,1,0,0,0,0,1,"13,19583","52,52928"
13184,202487,Berlin,4,2019,12,0,5,3,0,1,2,0,0,0,0,0,1,1,"13,30095","52,52599"
13185,202488,Berlin,11,2019,12,15,5,2,5,1,0,0,1,0,0,0,0,1,"13,51415","52,53514"
13186,202489,Berlin,9,2019,12,14,5,2,5,2,0,0,1,0,0,0,0,1,"13,4913","52,4691"
13187,202490,Berlin,1,2019,12,6,5,2,3,6,2,1,1,0,0,0,0,1,"13,38102","52,55193"
13188,202491,Berlin,4,2019,12,12,4,3,5,2,0,0,1,0,0,0,0,1,"13,32834","52,47867"
13189,202492,Berlin,1,2019,12,23,4,3,5,7,2,0,1,0,1,0,0,1,"13,39528","52,53909"
13190,202493,Berlin,4,2019,12,19,4,3,2,7,2,0,1,0,0,0,0,1,"13,30759","52,50014"
13191,202494,Berlin,7,2019,12,16,4,3,1,1,2,0,1,0,0,0,1,1,"13,34922","52,45897"
13192,202495,Berlin,8,2019,12,13,4,3,5,3,0,0,1,0,0,0,1,1,"13,4403","52,41935"
13193,202496,Berlin,4,2019,12,23,3,3,6,2,2,0,1,1,0,0,0,1,"13,2561","52,50683"
13194,202497,Berlin,9,2019,12,21,3,3,5,2,2,0,1,0,0,0,0,1,"13,49129","52,46909"
13195,202498,Berlin,5,2019,12,20,3,3,6,2,2,0,1,1,0,0,0,1,"13,20867","52,56159"
13196,202499,Berlin,10,2019,12,19,3,3,5,3,2,0,1,0,0,0,0,1,"13,62189","52,52474"
13197,202500,Berlin,11,2019,12,18,3,3,1,5,2,0,1,0,0,0,0,1,"13,50459","52,56938"
13198,202501,Berlin,6,2019,12,18,3,3,8,1,2,0,1,0,0,0,0,1,"13,33311","52,42991"
13199,202502,Berlin,1,2019,12,14,3,3,0,1,0,0,1,0,1,0,0,0,"13,35242","52,5345"
13200,202503,Berlin,5,2019,12,13,3,3,0,6,0,0,1,0,0,0,1,1,"13,23973","52,52631"
13201,202504,Berlin,8,2019,12,13,3,3,6,4,0,0,1,1,0,0,0,0,"13,4391","52,48047"
13202,202505,Berlin,3,2019,12,11,3,3,5,2,0,1,1,0,0,0,0,0,"13,41256","52,56613"
13203,202506,Berlin,2,2019,12,10,3,3,5,3,0,1,0,0,0,0,0,0,"13,4372","52,51919"
13204,202507,Berlin,10,2019,12,9,3,3,2,2,0,0,1,0,0,0,0,0,"13,57441","52,55512"
13205,202508,Berlin,3,2019,12,20,2,3,6,4,2,0,1,1,0,0,0,0,"13,44404","52,55422"
13206,202509,Berlin,2,2019,12,17,2,3,2,2,1,0,1,0,1,0,0,0,"13,41859","52,49886"
13207,202510,Berlin,10,2019,12,7,2,3,6,7,2,1,0,1,0,0,0,0,"13,57045","52,5494"
13208,202511,Berlin,10,2019,12,13,2,3,2,6,0,0,1,0,0,0,1,1,"13,56393","52,51848"
13209,202512,Berlin,4,2019,12,12,2,3,6,7,0,0,1,1,0,0,0,1,"13,25318","52,52112"
13210,202513,Berlin,9,2019,12,12,2,3,1,5,0,0,1,0,0,0,0,0,"13,58411","52,46539"
13211,202514,Berlin,2,2019,12,19,2,3,1,5,2,1,1,0,0,0,0,0,"13,4404","52,50187"
13212,202515,Berlin,4,2019,12,20,2,3,6,4,2,0,1,1,0,0,0,0,"13,33164","52,50645"
13213,202516,Berlin,2,2019,12,18,2,3,5,7,2,0,1,0,0,0,0,0,"13,46524","52,49828"
13214,202517,Berlin,11,2019,12,12,2,2,6,4,0,0,1,1,0,0,0,1,"13,49249","52,5441"
13215,202518,Berlin,9,2019,12,17,2,3,2,6,2,0,1,0,0,0,0,0,"13,47897","52,44304"
13216,202519,Berlin,6,2019,12,16,2,2,9,1,2,0,1,0,0,0,0,0,"13,34932","52,42192"
13217,202520,Berlin,12,2019,12,16,2,3,2,6,1,0,1,0,0,0,0,0,"13,28581","52,58762"
13218,202521,Berlin,6,2019,12,16,2,3,5,3,2,0,1,0,0,0,0,1,"13,35873","52,43721"
13219,202522,Berlin,8,2019,12,16,2,3,0,5,1,1,1,0,0,0,0,1,"13,48229","52,42445"
13220,202523,Berlin,12,2019,12,15,2,2,5,2,0,1,1,0,0,0,0,0,"13,29731","52,573"
13221,202524,Berlin,4,2019,12,11,2,2,9,7,0,0,1,0,0,0,0,1,"13,28071","52,47705"
13222,202525,Berlin,8,2019,12,11,2,3,5,3,0,1,1,0,0,0,0,1,"13,43601","52,44936"
13223,202526,Berlin,6,2019,12,9,2,3,6,4,0,1,0,1,0,0,0,1,"13,34513","52,46143"
13224,202527,Berlin,4,2019,12,9,2,2,6,2,0,0,1,1,0,0,0,1,"13,33251","52,50603"
13225,202528,Berlin,2,2019,12,8,2,3,1,5,0,1,0,0,0,0,1,1,"13,43881","52,49988"
13226,202529,Berlin,1,2019,12,7,2,3,5,3,1,0,1,0,0,0,0,1,"13,33418","52,55728"
13227,202530,Berlin,8,2019,12,7,2,3,6,2,2,0,1,1,0,0,0,1,"13,44818","52,47763"
13228,202531,Berlin,5,2019,12,18,2,3,5,3,2,0,1,0,0,0,1,0,"13,19827","52,53293"
13229,202532,Berlin,2,2019,12,14,1,3,0,1,0,1,0,0,0,0,0,1,"13,3943","52,48903"
13230,202533,Berlin,3,2019,12,14,1,3,0,5,0,0,1,0,0,0,0,0,"13,4332","52,53137"
13231,202534,Berlin,12,2019,12,12,1,2,5,2,0,1,1,0,0,0,0,0,"13,35132","52,56768"
13232,202535,Berlin,8,2019,12,12,1,3,5,2,0,0,1,0,0,0,0,1,"13,43851","52,45259"
13233,202536,Berlin,12,2019,12,9,1,3,2,2,0,0,1,0,1,0,0,1,"13,3078","52,57211"
13234,202537,Berlin,4,2019,12,8,1,3,5,3,0,0,1,0,0,0,0,1,"13,32518","52,50241"
13235,202538,Berlin,2,2019,12,7,1,3,5,3,2,0,1,0,0,0,0,1,"13,40769","52,48893"
13236,202539,Berlin,11,2019,12,18,1,3,1,5,2,0,1,0,0,0,0,1,"13,5227","52,49545"
13237,202540,Berlin,12,2019,12,21,1,3,2,6,2,0,1,0,0,0,0,0,"13,32146","52,5604"
13238,202541,Berlin,4,2019,12,18,1,3,5,3,2,0,1,0,1,0,0,0,"13,31943","52,50156"
13239,202542,Berlin,1,2019,12,16,1,3,3,6,2,1,0,0,0,0,0,1,"13,40589","52,531"
13240,202543,Berlin,8,2019,12,14,1,3,1,5,0,0,1,0,0,0,0,0,"13,48138","52,42551"
13241,202544,Berlin,6,2019,12,13,1,3,5,3,0,0,1,0,0,0,0,0,"13,20534","52,42428"
13242,202545,Berlin,7,2019,12,21,7,3,2,2,2,0,1,0,0,0,0,0,"13,37172","52,47002"
13243,202546,Berlin,2,2019,12,20,7,2,0,3,2,0,1,0,0,0,0,1,"13,42973","52,49828"
13244,202547,Berlin,5,2019,12,19,7,3,2,6,2,0,1,0,0,0,1,1,"13,14436","52,53264"
13245,202548,Berlin,12,2019,12,17,7,2,0,4,2,0,0,1,0,0,1,0,"13,37819","52,56527"
13246,202549,Berlin,8,2019,12,16,7,3,0,1,2,0,0,0,1,0,0,1,"13,4389","52,48059"
13247,202550,Berlin,6,2019,12,14,7,3,2,2,0,0,1,0,0,0,0,1,"13,26791","52,44548"
13248,202551,Berlin,5,2019,12,13,7,3,2,7,0,0,1,0,0,0,0,0,"13,19749","52,52983"
13249,202552,Berlin,9,2019,12,13,7,3,6,4,0,0,1,1,0,0,0,0,"13,62477","52,45134"
13250,202553,Berlin,8,2019,12,13,7,2,5,2,0,0,1,0,0,0,0,0,"13,48998","52,42001"
13251,202554,Berlin,6,2019,12,12,7,3,1,1,0,0,1,0,0,0,1,1,"13,29019","52,41869"
13252,202555,Berlin,7,2019,12,12,7,3,0,3,0,1,1,0,0,0,0,1,"13,36089","52,41708"
13253,202556,Berlin,7,2019,12,11,7,2,8,1,0,0,1,0,0,0,0,1,"13,37605","52,40912"
13254,202557,Berlin,12,2019,12,11,7,3,5,7,0,0,1,0,0,0,0,1,"13,30547","52,56819"
13255,202558,Berlin,12,2019,12,10,7,3,2,6,0,0,1,0,0,0,0,1,"13,2844","52,59637"
13256,202559,Berlin,1,2019,12,10,7,3,2,6,0,0,1,0,0,0,0,0,"13,38601","52,5282"
13257,202560,Berlin,2,2019,12,9,7,3,2,6,0,0,1,0,0,0,1,1,"13,47558","52,51205"
13258,202561,Berlin,8,2019,12,8,7,3,0,3,0,0,1,0,0,0,1,1,"13,44016","52,4816"
13259,202562,Berlin,2,2019,12,3,7,3,5,2,2,0,1,0,0,0,0,1,"13,39949","52,49829"
13260,202563,Berlin,10,2019,12,16,6,3,2,6,1,0,1,0,0,0,0,1,"13,56228","52,56153"
13261,202564,Berlin,1,2019,12,15,6,3,0,3,0,1,1,0,0,0,0,1,"13,38796","52,55581"
13262,202565,Berlin,6,2019,12,17,6,3,0,7,2,0,1,1,0,0,0,1,"13,31992","52,46313"
13263,202566,Berlin,4,2019,12,16,6,3,5,3,2,0,1,0,0,0,0,0,"13,29238","52,51921"
13264,202567,Berlin,8,2019,12,16,6,3,1,5,2,1,1,0,0,0,0,1,"13,44076","52,48218"
13265,202568,Berlin,7,2019,12,20,6,3,5,2,2,0,1,0,0,0,0,1,"13,37528","52,45535"
13266,202569,Berlin,3,2019,12,19,6,2,5,2,2,0,1,0,1,0,0,1,"13,4733","52,6126"
13267,202570,Berlin,4,2019,12,19,6,3,2,6,2,0,1,0,0,0,0,0,"13,31368","52,50495"
13268,202571,Berlin,11,2019,12,19,6,3,6,2,2,0,1,1,0,0,0,0,"13,487","52,50243"
13269,202572,Berlin,12,2019,12,18,6,3,5,3,2,0,1,0,0,0,0,1,"13,28032","52,63014"
13270,202573,Berlin,1,2019,12,18,6,3,5,3,2,0,1,0,0,0,0,0,"13,3507","52,51516"
13271,202574,Berlin,7,2019,12,17,6,2,6,4,2,0,1,1,0,0,0,1,"13,36698","52,47421"
13272,202575,Berlin,10,2019,12,10,6,2,6,4,0,0,1,1,0,0,0,1,"13,56666","52,52902"
13273,202576,Berlin,1,2019,12,16,6,3,6,2,2,0,1,1,0,0,0,1,"13,35683","52,52348"
13274,202577,Berlin,5,2019,12,17,6,3,6,4,2,0,1,1,0,0,0,0,"13,15017","52,55401"
13275,202578,Berlin,12,2019,12,10,6,3,0,5,0,1,1,0,0,0,0,1,"13,28436","52,57564"
13276,202579,Berlin,4,2019,12,9,6,3,5,3,0,1,1,0,0,0,0,1,"13,31342","52,50443"
13277,202580,Berlin,4,2019,12,9,6,3,5,3,0,0,1,0,0,0,0,0,"13,30653","52,52878"
13278,202581,Berlin,10,2019,12,8,6,2,6,4,0,0,1,1,0,0,0,1,"13,59217","52,54641"
13279,202582,Berlin,1,2019,12,7,6,3,2,2,1,1,1,0,0,0,0,0,"13,40025","52,50949"
13280,202583,Berlin,11,2019,12,7,6,3,6,4,2,0,1,1,0,0,0,1,"13,53262","52,51134"
13281,202586,Berlin,2,2019,12,6,6,3,1,5,2,1,1,0,0,0,0,1,"13,38765","52,50654"
13282,202587,Berlin,11,2019,12,6,6,3,6,2,2,0,1,1,0,0,0,0,"13,49366","52,51611"
13283,202590,Berlin,12,2019,12,16,6,3,5,2,1,1,1,0,0,0,0,0,"13,35147","52,56748"
13284,202591,Berlin,2,2019,12,15,6,3,0,3,1,1,1,0,0,0,0,1,"13,44021","52,50197"
13285,202593,Berlin,6,2019,12,15,6,3,6,4,1,0,1,1,0,0,0,1,"13,25016","52,45541"
13286,202595,Berlin,8,2019,12,14,6,2,6,4,0,0,1,1,0,0,0,1,"13,48996","52,42014"
13287,202596,Berlin,7,2019,12,14,6,3,5,3,0,1,0,0,0,1,0,0,"13,38127","52,44104"
13288,202599,Berlin,4,2019,12,14,6,3,0,6,0,0,1,0,0,0,1,0,"13,32514","52,50257"
13289,202600,Berlin,2,2019,12,23,6,3,5,3,2,0,1,0,0,0,0,1,"13,45866","52,5066"
13290,202602,Berlin,10,2019,12,22,6,2,0,1,2,1,0,0,0,0,0,1,"13,58142","52,5486"
13291,202603,Berlin,3,2019,12,22,6,3,0,5,2,0,1,1,0,0,0,0,"13,41874","52,55167"
13292,202606,Berlin,4,2019,12,21,6,3,5,3,2,0,1,0,0,0,1,0,"13,296","52,51685"
13293,202607,Berlin,10,2019,12,14,6,3,5,2,0,1,0,0,0,0,1,0,"13,56756","52,50527"
13294,202608,Berlin,7,2019,12,14,6,3,3,6,0,1,0,0,0,0,0,0,"13,34182","52,49726"
13295,202609,Berlin,10,2019,12,17,6,2,5,2,2,1,1,0,0,0,0,1,"13,60837","52,53893"
13296,202610,Berlin,10,2019,12,16,6,3,5,2,2,1,1,0,0,0,0,0,"13,56862","52,53818"
13297,202613,Berlin,6,2019,12,14,6,3,3,6,0,0,1,0,0,0,0,0,"13,23298","52,43826"
13298,202615,Berlin,6,2019,12,16,6,2,6,2,2,0,1,1,0,0,0,0,"13,36206","52,43461"
13299,202618,Berlin,8,2019,12,13,6,3,5,7,0,0,1,0,0,0,0,0,"13,4243","52,48512"
13300,202622,Berlin,6,2019,12,7,6,3,5,2,0,1,1,0,0,0,0,0,"13,31348","52,43542"
13301,202623,Berlin,1,2019,12,21,6,3,5,2,2,1,1,0,0,0,0,1,"13,39604","52,53835"
13302,202626,Berlin,5,2019,12,20,6,3,6,2,2,0,1,1,0,0,0,1,"13,26497","52,53656"
13303,202629,Berlin,1,2019,12,13,6,3,5,3,0,1,1,0,0,0,0,1,"13,35925","52,53385"
13304,202630,Berlin,3,2019,12,20,6,3,6,2,2,0,1,1,0,0,0,0,"13,42647","52,60319"
13305,202633,Berlin,5,2019,12,13,6,3,5,7,0,0,1,0,1,0,0,1,"13,21012","52,54985"
13306,202634,Berlin,6,2019,12,13,6,3,3,6,0,1,1,0,0,0,0,0,"13,32414","52,46053"
13307,202638,Berlin,5,2019,12,12,6,3,6,4,0,0,1,1,0,0,0,0,"13,20936","52,56515"
13308,202640,Berlin,7,2019,12,12,6,3,6,7,0,0,1,1,0,0,0,0,"13,40586","52,48274"
13309,202643,Berlin,1,2019,12,12,6,3,0,7,0,1,1,0,0,0,0,1,"13,34598","52,50571"
13310,202647,Berlin,11,2019,12,10,6,3,6,4,0,0,1,1,0,0,0,0,"13,5145","52,49478"
13311,202648,Berlin,1,2019,12,12,5,3,0,2,0,1,1,0,0,0,0,0,"13,35874","52,55416"
13312,202651,Berlin,7,2019,12,18,5,3,6,2,2,0,1,1,0,0,0,0,"13,40669","52,39851"
13313,202652,Berlin,8,2019,12,17,5,3,0,7,2,0,0,1,0,0,1,0,"13,42916","52,48656"
13314,202655,Berlin,7,2019,12,17,5,2,6,4,2,0,1,1,0,0,0,0,"13,38645","52,4529"
13315,202658,Berlin,7,2019,12,17,5,2,6,4,2,0,1,1,0,0,0,1,"13,40628","52,38667"
13316,202659,Berlin,4,2019,12,17,5,3,5,2,2,1,1,0,0,0,0,0,"13,33087","52,48512"
13317,202663,Berlin,3,2019,12,17,5,2,6,2,2,0,1,1,0,0,0,1,"13,4198","52,60622"
13318,202665,Berlin,5,2019,12,16,5,3,3,6,2,0,1,0,0,0,0,0,"13,20605","52,53947"
13319,202668,Berlin,10,2019,12,16,5,3,0,3,2,0,1,0,1,0,0,1,"13,62675","52,52997"
13320,202669,Berlin,4,2019,12,22,5,3,5,2,2,0,1,0,0,0,0,0,"13,30099","52,51529"
13321,202671,Berlin,6,2019,12,21,5,3,5,3,2,0,1,0,1,0,0,1,"13,25511","52,41182"
13322,202674,Berlin,7,2019,12,22,5,3,5,3,2,1,1,0,0,0,0,0,"13,35695","52,49871"
13323,202675,Berlin,2,2019,12,20,5,3,5,3,2,0,1,0,0,0,1,0,"13,37299","52,48505"
13324,202678,Berlin,2,2019,12,18,5,3,5,3,2,1,0,0,0,0,0,1,"13,42665","52,50466"
13325,202679,Berlin,7,2019,12,18,5,3,2,6,2,0,1,0,0,0,1,1,"13,34831","52,48168"
13326,202682,Berlin,6,2019,12,17,5,3,0,2,2,1,1,0,0,0,0,1,"13,25242","52,4252"
13327,202684,Berlin,4,2019,12,15,5,3,6,4,0,0,1,1,0,0,0,0,"13,33945","52,50335"
13328,202687,Berlin,8,2019,12,13,5,3,5,3,0,0,1,0,0,0,0,0,"13,51185","52,42339"
13329,202688,Berlin,11,2019,12,12,5,3,5,3,0,1,0,0,0,0,0,0,"13,51267","52,50727"
13330,202691,Berlin,4,2019,12,12,5,3,5,2,0,1,1,0,0,0,0,0,"13,29666","52,51366"
13331,202692,Berlin,11,2019,12,9,5,3,2,7,0,0,1,0,0,0,1,0,"13,5118","52,55455"
13332,202695,Berlin,7,2019,12,8,5,3,2,6,0,0,1,0,0,0,1,1,"13,39116","52,43192"
13333,202696,Berlin,1,2019,12,8,5,3,5,7,0,1,1,0,0,0,0,0,"13,41226","52,50559"
13334,202700,Berlin,12,2019,12,8,5,3,0,2,0,0,1,0,0,0,1,0,"13,28938","52,59028"
13335,202701,Berlin,6,2019,12,8,5,3,2,6,0,0,1,0,0,0,0,0,"13,25947","52,43044"
13336,202704,Berlin,12,2019,12,16,5,3,5,3,2,1,1,0,0,0,0,0,"13,24924","52,55291"
13337,202705,Berlin,11,2019,12,6,5,3,5,3,2,0,1,0,0,0,0,0,"13,50165","52,54681"
13338,202708,Berlin,2,2019,12,14,5,3,2,6,0,0,1,0,0,0,0,0,"13,4111","52,50367"
13339,202710,Berlin,8,2019,12,14,5,3,1,5,0,1,1,0,0,0,0,0,"13,45756","52,46906"
13340,202713,Berlin,9,2019,12,15,5,3,2,6,0,0,1,0,0,0,0,0,"13,49806","52,43384"
13341,202714,Berlin,1,2019,12,15,5,3,6,2,0,0,1,1,0,0,0,0,"13,41573","52,5267"
13342,202717,Berlin,11,2019,12,15,5,3,5,3,0,1,1,0,0,0,0,1,"13,49167","52,53468"
13343,202718,Berlin,7,2019,12,13,5,3,2,2,0,0,1,0,0,0,1,0,"13,39953","52,41691"
13344,202721,Berlin,5,2019,12,12,4,3,2,6,0,0,1,0,0,0,0,0,"13,19959","52,53501"
13345,202723,Berlin,10,2019,12,18,4,3,1,6,2,1,1,0,0,0,0,0,"13,60396","52,54"
13346,202724,Berlin,10,2019,12,4,4,3,0,6,2,0,1,0,1,0,0,1,"13,5665","52,54275"
13347,202726,Berlin,7,2019,12,18,4,3,1,7,2,0,1,0,0,0,0,0,"13,35506","52,49913"
13348,202728,Berlin,4,2019,12,6,4,3,5,7,2,0,1,0,0,1,0,0,"13,31095","52,54761"
13349,202729,Berlin,12,2019,12,9,4,3,5,3,0,0,1,0,0,0,0,0,"13,31303","52,57486"
13350,202732,Berlin,6,2019,12,8,4,2,5,2,0,1,1,0,0,0,0,0,"13,29843","52,42197"
13351,202738,Berlin,3,2019,12,8,4,3,5,3,0,1,1,0,0,0,0,0,"13,43946","52,55545"
13352,202739,Berlin,8,2019,12,7,4,3,6,4,2,0,1,1,0,0,0,0,"13,49513","52,43173"
13353,202743,Berlin,3,2019,12,23,4,3,8,1,2,0,1,0,0,0,0,0,"13,46864","52,63428"
13354,202744,Berlin,2,2019,12,21,3,3,6,4,2,0,1,1,0,0,0,0,"13,45992","52,50885"
13355,202745,Berlin,12,2019,12,21,4,3,1,5,2,1,1,0,0,0,0,0,"13,32958","52,60953"