,id,city,district,year,month,hour,weekday,injury_level,collision,movement,light_conditions,bicycle,car,pedestrian,motorbike,truck,other_vehicle,road_conditions,longitude,latitude
13356,202746,Berlin,4,2019,12,15,3,3,5,5,0,0,1,0,0,0,0,0,"13,29334","52,50672"
13357,202747,Berlin,12,2019,12,15,3,3,1,7,1,0,1,0,0,0,0,0,"13,32199","52,59489"
13358,202748,Berlin,9,2019,12,17,4,3,5,3,2,1,1,0,0,0,0,0,"13,44444","52,49032"
13359,202749,Berlin,1,2019,12,13,3,3,5,3,0,1,1,0,0,0,0,0,"13,33392","52,5414"
13360,202750,Berlin,6,2019,12,12,3,3,0,6,0,0,1,0,0,0,1,0,"13,32602","52,45527"
13361,202751,Berlin,4,2019,12,12,3,3,1,5,0,1,1,0,0,0,0,0,"13,33788","52,50177"
13362,202752,Berlin,8,2019,12,21,4,3,3,6,2,1,1,0,0,0,0,0,"13,4298","52,44486"
13363,202753,Berlin,1,2019,12,2,3,3,2,7,2,1,1,0,0,0,0,1,"13,41678","52,51092"
13364,202754,Berlin,8,2019,12,18,3,2,5,2,2,0,1,0,0,0,0,0,"13,44886","52,48508"
13365,202755,Berlin,1,2019,12,21,4,3,5,2,2,0,1,0,0,0,0,0,"13,36989","52,55976"
13366,202756,Berlin,3,2019,12,15,3,2,5,2,0,0,1,0,0,0,0,0,"13,42915","52,55635"
13367,202757,Berlin,7,2019,12,14,4,3,3,6,0,0,1,0,0,0,0,0,"13,34618","52,50105"
13368,202758,Berlin,11,2019,12,11,3,2,6,4,0,0,1,1,0,0,0,0,"13,56079","52,57141"
13369,202759,Berlin,2,2019,12,19,2,3,6,7,2,1,0,1,0,0,0,0,"13,37937","52,49085"
13370,202760,Berlin,4,2019,12,8,4,3,2,6,0,1,1,0,0,0,0,0,"13,30188","52,50674"
13371,202761,Berlin,10,2019,12,16,4,3,5,3,2,0,1,0,0,0,0,0,"13,59947","52,52426"
13372,202762,Berlin,6,2019,12,22,2,3,0,3,2,0,0,0,0,0,1,0,"13,32316","52,41044"
13373,202763,Berlin,4,2019,12,19,2,3,2,2,2,0,1,0,0,0,0,0,"13,33432","52,50857"
13374,202764,Berlin,6,2019,12,18,4,3,0,7,2,0,1,0,0,0,0,0,"13,33697","52,43259"
13375,202765,Berlin,11,2019,12,15,4,3,2,6,1,0,1,0,0,0,0,0,"13,49358","52,51578"
13376,202766,Berlin,1,2019,12,18,2,3,5,2,2,0,1,0,0,0,0,0,"13,36567","52,55683"
13377,202767,Berlin,1,2019,12,18,2,3,6,7,2,1,1,1,0,0,0,0,"13,41826","52,51724"
13378,202768,Berlin,1,2019,12,17,2,3,5,3,2,0,1,0,1,0,0,0,"13,3597","52,52345"
13379,202769,Berlin,1,2019,12,15,4,3,5,2,0,0,1,0,0,0,0,0,"13,34959","52,54213"
13380,202770,Berlin,3,2019,12,17,2,3,2,6,2,0,1,0,0,0,0,0,"13,45708","52,52953"
13381,202771,Berlin,7,2019,12,18,4,3,0,7,2,1,0,0,0,0,0,1,"13,39323","52,45813"
13382,202772,Berlin,11,2019,12,16,2,3,5,3,2,1,1,0,0,0,0,0,"13,51028","52,53488"
13383,202773,Berlin,10,2019,12,16,2,3,2,6,1,0,1,0,1,0,0,0,"13,56205","52,49408"
13384,202774,Berlin,2,2019,12,18,4,3,1,5,2,1,1,0,0,0,0,1,"13,3958","52,49599"
13385,202775,Berlin,1,2019,12,15,2,3,3,6,0,0,1,1,0,0,0,0,"13,41538","52,52271"
13386,202776,Berlin,1,2019,12,14,2,3,1,5,0,1,1,0,0,0,0,0,"13,38421","52,51232"
13387,202777,Berlin,1,2019,12,14,2,3,2,2,0,0,1,0,0,0,1,0,"13,41808","52,51544"
13388,202778,Berlin,11,2019,12,18,4,2,5,2,2,0,1,0,1,0,0,0,"13,49862","52,51569"
13389,202779,Berlin,1,2019,12,14,4,3,2,2,0,1,1,0,0,0,0,0,"13,38082","52,5164"
13390,3187,Berlin,8,2020,1,11,4,2,3,6,0,0,1,0,0,1,0,1,"13,45500598","52,4623009"
13391,3198,Berlin,4,2020,1,2,3,2,9,1,2,0,0,0,0,1,0,1,"13,29111618","52,49387309"
13392,3215,Berlin,4,2020,1,7,1,3,0,1,1,0,0,0,0,0,1,1,"13,30534822","52,48407191"
13393,3224,Berlin,2,2020,1,22,6,2,1,5,2,0,1,0,0,0,0,0,"13,43737099","52,517556"
13394,3241,Berlin,4,2020,1,17,1,3,0,1,2,0,0,0,1,0,0,1,"13,29974796","52,48791866"
13395,3252,Berlin,7,2020,1,14,6,3,2,6,0,0,1,0,0,0,0,0,"13,33629164","52,47837396"
13396,3274,Berlin,7,2020,1,13,2,3,0,4,0,0,0,1,0,0,1,0,"13,36256795","52,49909824"
13397,3290,Berlin,7,2020,1,15,7,2,1,1,0,0,1,0,0,0,0,0,"13,38588423","52,47553062"
13398,3299,Berlin,3,2020,1,13,5,3,2,6,0,0,1,0,0,0,0,0,"13,39826708","52,57738163"
13399,3303,Berlin,1,2020,1,9,1,3,5,3,0,0,1,0,0,0,0,0,"13,36525689","52,55808889"
13400,3317,Berlin,9,2020,2,12,7,3,2,2,0,0,0,0,1,0,1,1,"13,4577519","52,4918167"
13401,3319,Berlin,4,2020,1,17,5,3,2,1,2,0,1,0,0,0,0,0,"13,32702026","52,47781709"
13402,3331,Berlin,4,2020,1,11,5,3,0,1,0,1,0,0,0,0,0,0,"13,28696175","52,51024968"
13403,3355,Berlin,4,2020,1,15,2,3,5,3,0,0,1,0,0,1,0,0,"13,29063655","52,49378756"
13404,3359,Berlin,1,2020,1,15,5,3,5,2,0,0,1,0,0,0,0,1,"13,369821","52,51582959"
13405,3375,Berlin,2,2020,1,18,4,3,3,6,1,1,0,0,0,0,0,0,"13,44252783","52,51689063"
13406,3379,Berlin,12,2020,1,14,5,2,3,7,0,0,1,0,0,1,0,1,"13,30881102","52,55713178"
13407,3391,Berlin,1,2020,1,10,6,3,5,2,0,0,1,0,0,0,0,0,"13,41961997","52,52520178"
13408,3407,Berlin,2,2020,1,21,4,3,6,7,2,1,0,1,0,0,0,0,"13,45285824","52,50107535"
13409,3435,Berlin,5,2020,1,15,4,3,2,6,0,0,1,0,0,0,1,1,"13,20312525","52,5117929"
13410,3446,Berlin,3,2020,1,7,3,3,0,7,0,0,1,0,0,0,1,1,"13,44418945","52,52943224"
13411,3468,Berlin,6,2020,1,11,4,3,5,2,0,0,1,0,0,0,0,0,"13,17542061","52,41996231"
13412,3483,Berlin,7,2020,1,9,3,2,6,2,0,0,0,1,0,1,0,0,"13,36193572","52,41362926"
13413,3511,Berlin,3,2020,1,7,3,3,3,6,0,1,1,0,0,0,0,0,"13,44815487","52,54717101"
13414,3522,Berlin,3,2020,1,17,3,3,5,3,2,0,1,0,0,0,0,1,"13,46906298","52,56297781"
13415,3539,Berlin,1,2020,1,13,1,3,5,3,0,0,1,0,0,0,0,0,"13,4091764","52,51674525"
13416,3548,Berlin,1,2020,1,18,5,3,4,6,2,1,0,0,0,0,1,0,"13,37764319","52,50957906"
13417,3561,Berlin,4,2020,1,6,3,3,3,6,2,0,1,0,0,1,0,1,"13,28260654","52,52843034"
13418,3586,Berlin,11,2020,1,4,2,3,6,2,2,0,1,1,0,0,0,1,"13,47675274","52,51343456"
13419,3597,Berlin,6,2020,1,3,1,3,3,6,2,0,1,0,0,0,1,1,"13,26399353","52,43534916"
13420,3621,Berlin,7,2020,1,9,4,3,3,6,0,0,1,0,0,1,0,0,"13,3886979","52,4695124"
13421,3625,Berlin,4,2020,1,15,7,3,1,5,0,0,1,0,1,0,0,0,"13,29769472","52,51090969"
13422,3637,Berlin,12,2020,1,15,6,3,3,6,0,0,1,0,0,0,0,0,"13,34401431","52,58274696"
13423,3639,Berlin,1,2020,1,3,4,2,6,4,2,0,1,1,0,0,0,0,"13,41262809","52,51921233"
13424,3659,Berlin,1,2020,1,16,6,3,2,6,2,0,1,0,0,0,0,1,"13,41675606","52,52207519"
13425,3670,Berlin,4,2020,1,22,5,3,2,6,2,0,1,0,0,0,0,0,"13,30955669","52,48192672"
13426,3694,Berlin,3,2020,1,6,4,3,5,2,2,0,1,0,0,0,0,0,"13,4242441","52,53905061"
13427,3698,Berlin,12,2020,1,11,5,3,5,3,0,1,1,0,0,0,0,1,"13,31537724","52,61314013"
13428,3710,Berlin,3,2020,1,16,5,2,0,7,0,1,0,0,0,0,0,0,"13,40385303","52,5809442"
13429,3725,Berlin,4,2020,1,17,3,3,2,6,2,0,1,0,0,0,0,0,"13,29492109","52,53905409"
13430,3750,Berlin,1,2020,1,8,5,3,2,6,0,0,1,0,0,0,0,0,"13,37977451","52,50972329"
13431,3775,Berlin,4,2020,1,14,1,2,2,6,0,0,1,0,0,0,0,0,"13,32575802","52,53800624"
13432,3779,Berlin,12,2020,1,13,5,3,5,3,0,0,1,0,0,0,0,1,"13,33128678","52,60063121"
13433,3790,Berlin,1,2020,1,17,4,3,0,5,2,1,1,0,0,0,0,1,"13,42301478","52,51988474"
13434,3807,Berlin,1,2020,1,7,3,3,1,5,1,1,1,0,0,0,0,0,"13,36640787","52,55308856"
13435,3833,Berlin,3,2020,1,12,3,3,1,5,0,1,1,0,0,0,0,1,"13,40242993","52,58622174"
13436,3845,Berlin,7,2020,1,16,3,3,6,2,1,0,0,1,0,0,1,1,"13,38058644","52,43805153"
13437,3853,Berlin,10,2020,1,12,4,3,1,5,0,0,1,0,0,0,1,1,"13,54051453","52,52197488"
13438,3865,Berlin,1,2020,1,18,3,3,0,1,2,0,1,0,1,0,0,1,"13,37899741","52,50967"
13439,3882,Berlin,4,2020,1,17,2,3,3,6,2,0,1,0,0,1,0,0,"13,2852835","52,50964634"
13440,3891,Berlin,10,2020,1,6,6,2,0,1,2,0,0,0,1,0,0,2,"13,54077723","52,5099775"
13441,3908,Berlin,4,2020,1,19,1,3,5,3,2,0,1,0,0,1,0,0,"13,28097194","52,50247963"
13442,3920,Berlin,4,2020,1,15,6,3,2,6,0,0,1,0,0,1,0,0,"13,3041698","52,48481229"
13443,3943,Berlin,2,2020,1,22,4,3,5,3,2,0,1,0,0,0,0,0,"13,45376921","52,51582173"
13444,3956,Berlin,4,2020,1,15,7,3,5,7,0,0,1,0,0,0,0,0,"13,3055724","52,51161677"
13445,3965,Berlin,4,2020,1,18,5,3,3,6,0,0,1,0,0,0,1,0,"13,28276782","52,51015542"
13446,3983,Berlin,3,2020,1,13,6,3,5,2,0,1,1,0,0,0,0,1,"13,39058326","52,61854174"
13447,3996,Berlin,9,2020,1,12,5,3,2,6,0,0,1,0,0,0,1,0,"13,51196554","52,42816033"
13448,4020,Berlin,4,2020,1,5,3,3,2,6,2,0,1,0,0,0,0,0,"13,29376824","52,53755066"
13449,4024,Berlin,5,2020,1,15,5,3,2,6,0,0,1,0,0,0,0,1,"13,15177549","52,49758644"
13450,4036,Berlin,7,2020,1,14,4,2,2,6,0,0,1,0,0,0,0,0,"13,36656709","52,47224193"
13451,4046,Berlin,7,2020,1,7,6,3,5,3,2,1,1,0,0,0,0,1,"13,35664989","52,40563733"
13452,4058,Berlin,4,2020,1,11,6,3,2,6,0,0,1,0,0,0,0,0,"13,2852335","52,51422561"
13453,4074,Berlin,3,2020,1,17,5,3,2,6,1,0,1,0,0,0,0,0,"13,40267503","52,58073554"
13454,4102,Berlin,4,2020,1,16,4,3,3,6,2,0,1,0,0,1,0,0,"13,31401653","52,47937611"
13455,4114,Berlin,7,2020,1,5,3,3,5,2,2,0,1,0,0,0,0,1,"13,38457459","52,45269491"
13456,4131,Berlin,4,2020,1,6,3,3,2,6,2,0,1,0,0,0,0,0,"13,29493447","52,5394255"
13457,4150,Berlin,7,2020,1,10,3,2,5,3,0,0,1,0,0,0,0,0,"13,38502877","52,44928169"
13458,4178,Berlin,11,2020,1,9,4,3,5,3,0,1,1,0,0,0,0,0,"13,50492813","52,51074273"
13459,4189,Berlin,9,2020,1,7,3,3,5,3,1,1,1,0,0,0,0,1,"13,46502433","52,48672236"
13460,4206,Berlin,4,2020,1,18,1,3,2,6,2,0,1,0,0,0,0,0,"13,28251145","52,52021565"
13461,4215,Berlin,5,2020,1,16,5,3,3,6,2,0,0,0,1,0,1,0,"13,18689744","52,5150694"
13462,4232,Berlin,6,2020,1,16,6,2,6,2,2,0,1,1,0,0,0,1,"13,26230773","52,43482496"
13463,4253,Berlin,9,2020,1,18,2,3,5,3,2,0,1,0,0,0,0,0,"13,47943026","52,48449525"
13464,4264,Berlin,9,2020,1,12,2,3,5,3,0,1,1,0,0,0,0,0,"13,47941806","52,48448944"
13465,4280,Berlin,10,2020,1,12,6,2,5,2,0,0,1,0,0,0,0,0,"13,56136496","52,50860475"
13466,4289,Berlin,1,2020,1,10,5,3,3,6,0,0,1,0,0,1,0,0,"13,36963169","52,54177478"
13467,4293,Berlin,5,2020,1,0,1,3,5,2,2,1,1,0,0,0,0,0,"13,17896627","52,51656757"
13468,4306,Berlin,1,2020,2,0,7,3,5,2,2,0,1,0,0,0,0,0,"13,41650018","52,52219145"
13469,4308,Berlin,1,2020,1,22,5,3,0,1,2,0,0,0,1,0,0,1,"13,36550618","52,55794822"
13470,4320,Berlin,7,2020,1,11,5,3,2,6,0,0,1,0,0,0,0,0,"13,36093162","52,49284138"
13471,4340,Berlin,6,2020,1,22,6,3,1,7,2,1,1,0,0,0,0,0,"13,28938045","52,44400008"
13472,4364,Berlin,2,2020,1,18,4,3,2,6,2,0,1,0,0,0,0,0,"13,37836475","52,49927984"
13473,4368,Berlin,7,2020,1,20,5,3,5,3,2,0,1,0,0,0,0,1,"13,3873192","52,4401743"
13474,4380,Berlin,7,2020,1,6,6,3,6,2,2,0,1,1,0,0,0,1,"13,38186602","52,43927037"
13475,4396,Berlin,10,2020,1,18,4,3,5,2,2,0,1,0,0,0,0,1,"13,55823167","52,56282336"
13476,4424,Berlin,3,2020,1,7,4,2,5,3,2,1,0,0,0,0,1,1,"13,43701537","52,53978795"
13477,4443,Berlin,1,2020,1,17,1,3,5,3,2,1,1,0,0,0,0,0,"13,36548411","52,55807714"
13478,4447,Berlin,12,2020,1,14,5,3,2,6,0,0,1,0,0,0,0,1,"13,34684894","52,57906894"
13479,4458,Berlin,4,2020,1,10,4,3,5,3,0,0,1,0,0,1,0,0,"13,2934365","52,53676681"
13480,4474,Berlin,9,2020,1,8,3,3,5,3,0,1,1,0,0,0,0,1,"13,47943434","52,4844972"
13481,4501,Berlin,7,2020,1,16,3,3,2,2,2,0,1,0,0,0,0,1,"13,35976037","52,474454"
13482,4512,Berlin,2,2020,1,13,3,2,0,2,0,1,1,0,0,0,0,1,"13,46599365","52,51452225"
13483,4528,Berlin,4,2020,1,12,1,3,2,6,0,0,1,0,0,0,0,1,"13,28219929","52,51011815"
13484,4534,Berlin,10,2020,1,11,3,3,3,6,0,0,1,0,0,1,0,1,"13,56343189","52,5079485"
13485,4551,Berlin,2,2020,1,6,2,3,6,4,1,0,1,1,0,0,0,0,"13,44767223","52,50372295"
13486,4560,Berlin,6,2020,1,11,6,3,5,7,0,0,1,0,0,0,0,0,"13,0970364","52,4132711"
13487,4577,Berlin,7,2020,1,0,2,3,9,1,2,0,1,0,0,0,0,0,"13,40847871","52,46140018"
13488,4588,Berlin,1,2020,1,19,1,3,5,2,1,0,1,0,0,0,0,0,"13,36730684","52,55149233"
13489,4612,Berlin,4,2020,1,8,4,3,2,6,0,0,1,0,0,0,0,0,"13,28032454","52,50034887"
13490,4616,Berlin,3,2020,1,16,7,3,6,2,2,0,1,1,0,0,0,0,"13,40357185","52,5692346"
13491,4632,Berlin,4,2020,1,15,5,3,5,3,0,0,1,0,0,0,1,0,"13,32298198","52,53766662"
13492,4649,Berlin,12,2020,1,22,6,3,5,7,2,0,1,0,0,0,0,1,"13,36477857","52,56057739"
13493,4661,Berlin,12,2020,1,12,5,3,3,6,0,0,1,0,1,0,0,0,"13,33252244","52,5977376"
13494,4685,Berlin,10,2020,1,5,4,3,2,6,2,0,1,0,0,0,0,0,"13,58320199","52,50517035"
13495,4689,Berlin,7,2020,1,17,5,3,2,6,2,0,1,0,0,0,0,1,"13,36702781","52,47208819"
13496,4701,Berlin,6,2020,1,8,5,2,9,1,0,0,1,0,0,0,0,1,"13,33024664","52,46248404"
13497,4716,Berlin,4,2020,1,20,3,3,6,4,2,0,1,1,0,0,0,0,"13,25848409","52,5085347"
13498,4725,Berlin,4,2020,1,14,6,3,3,6,0,0,1,0,1,0,0,0,"13,29925021","52,54624577"
13499,4741,Berlin,10,2020,1,7,5,2,1,1,2,0,1,0,0,1,0,0,"13,54012794","52,52232363"
13500,4769,Berlin,1,2020,1,12,5,3,2,1,0,0,1,0,0,1,0,1,"13,41602635","52,52215817"
13501,4781,Berlin,2,2020,1,20,4,3,6,2,2,0,1,1,0,0,0,1,"13,37479602","52,50308901"
13502,4798,Berlin,5,2020,1,7,3,3,2,6,2,0,1,0,0,0,1,0,"13,17875479","52,51643767"
13503,4823,Berlin,1,2020,1,17,3,3,6,3,2,0,1,1,0,0,0,1,"13,36758744","52,5512916"
13504,4824,Berlin,2,2020,10,1,7,2,5,2,2,1,1,0,0,0,0,1,"13,4477226","52,52658663"
13505,4826,Berlin,2,2020,4,22,4,3,1,5,2,0,1,0,0,0,1,1,"13,44456805","52,51668464"
13506,4827,Berlin,7,2020,9,13,5,3,2,7,0,0,1,0,0,0,0,0,"13,37558903","52,42909385"
13507,4828,Berlin,3,2020,11,6,2,3,2,6,2,0,1,0,0,0,1,1,"13,47948482","52,62722172"
13508,4829,Berlin,12,2020,5,15,1,3,2,6,0,0,1,0,0,0,0,0,"13,32420191","52,60751483"
13509,4830,Berlin,3,2020,8,7,3,3,5,3,0,1,1,0,0,0,0,0,"13,43457473","52,53561866"
13510,4831,Berlin,1,2020,6,16,4,3,3,6,0,1,1,0,0,0,0,0,"13,36988851","52,54038342"
13511,4832,Berlin,5,2020,5,19,5,2,6,7,0,0,1,1,0,0,0,0,"13,18553429","52,51532832"
13512,4833,Berlin,4,2020,4,19,4,3,3,5,1,1,1,0,0,0,0,1,"13,29886025","52,51117642"
13513,4834,Berlin,7,2020,9,14,4,3,3,6,0,0,0,0,1,0,1,0,"13,39645684","52,4231668"
13514,4835,Berlin,2,2020,12,14,6,3,3,6,0,0,1,0,1,0,0,0,"13,4287219","52,51818229"
13515,4836,Berlin,7,2020,8,14,4,3,0,7,0,0,0,0,1,0,1,0,"13,36174766","52,4971452"
13516,4837,Berlin,7,2020,6,22,6,3,2,7,2,0,1,0,0,0,0,0,"13,38483821","52,45023607"
13517,4838,Berlin,4,2020,10,14,1,3,0,6,0,0,1,0,0,0,0,1,"13,31577878","52,51209274"
13518,4840,Berlin,2,2020,4,16,4,3,6,4,0,1,0,1,0,0,0,0,"13,45410718","52,51618682"
13519,4841,Berlin,4,2020,11,17,4,3,2,6,2,0,1,0,0,0,0,0,"13,2830989","52,51893029"
13520,4842,Berlin,1,2020,9,17,3,3,5,2,0,1,1,0,0,0,0,0,"13,36834502","52,50630542"
13521,4843,Berlin,12,2020,8,17,2,3,2,6,0,0,1,0,1,0,0,0,"13,36106337","52,56984154"
13522,4844,Berlin,4,2020,4,9,4,3,5,3,0,0,1,0,0,0,0,1,"13,2972364","52,51087962"
13523,4845,Berlin,3,2020,10,11,6,2,5,7,0,1,1,0,0,0,0,1,"13,42774802","52,56751703"
13524,4846,Berlin,4,2020,8,16,4,3,5,2,0,1,1,0,0,0,0,0,"13,3332539","52,51343282"
13525,4847,Berlin,1,2020,7,23,4,3,2,6,2,0,1,0,0,0,1,1,"13,42023536","52,52520283"
13526,4848,Berlin,4,2020,6,10,6,2,8,1,0,0,0,0,1,0,0,0,"13,30968606","52,48201461"
13527,4849,Berlin,10,2020,11,5,5,2,3,6,2,1,0,0,1,0,0,0,"13,53728504","52,52720576"
13528,4850,Berlin,1,2020,4,7,4,3,3,6,0,1,1,0,0,0,0,0,"13,38836072","52,51711768"
13529,4851,Berlin,7,2020,9,15,5,3,6,4,0,0,1,1,0,0,0,0,"13,36188566","52,41374014"
13530,4852,Berlin,2,2020,12,20,3,3,5,2,2,1,1,0,0,0,0,0,"13,38926438","52,49748826"
13531,4853,Berlin,12,2020,6,19,2,3,6,2,0,0,1,1,0,0,0,0,"13,34784496","52,57448766"
13532,4855,Berlin,4,2020,4,13,3,3,2,7,0,0,1,0,0,0,1,0,"13,28473853","52,49524971"
13533,4856,Berlin,3,2020,9,20,5,3,5,2,2,1,1,0,0,0,0,0,"13,44523473","52,52887167"
13534,4857,Berlin,12,2020,7,11,7,2,0,7,0,0,1,0,0,0,0,0,"13,28707127","52,59250061"
13535,4858,Berlin,2,2020,4,23,3,3,3,6,2,0,1,0,0,0,0,1,"13,37456616","52,50320726"
13536,4859,Berlin,7,2020,10,18,5,3,0,3,1,1,1,0,0,0,0,1,"13,38813093","52,43755635"
13537,4860,Berlin,7,2020,12,12,4,3,2,6,0,0,1,0,0,0,0,0,"13,39525933","52,46703845"
13538,4861,Berlin,3,2020,5,15,7,3,1,5,0,0,1,0,0,0,1,0,"13,40309044","52,59463211"
13539,4862,Berlin,5,2020,8,11,7,3,6,4,0,0,0,1,1,0,0,0,"13,18957283","52,51453246"
13540,4863,Berlin,6,2020,7,16,4,3,2,6,0,0,1,0,0,0,0,0,"13,26445457","52,43546614"
13541,4864,Berlin,3,2020,5,15,1,2,3,6,0,0,1,0,1,0,0,0,"13,42724663","52,63389582"
13542,4865,Berlin,12,2020,10,14,4,3,5,3,0,0,1,0,0,0,0,0,"13,34765328","52,5744711"
13543,4866,Berlin,3,2020,4,10,3,3,2,6,0,0,1,0,0,0,0,0,"13,39906373","52,57318377"
13544,4867,Berlin,3,2020,9,6,2,3,2,6,1,0,1,0,0,0,0,0,"13,45061974","52,54806894"
13545,4868,Berlin,7,2020,11,10,2,3,2,6,0,0,1,0,0,0,1,0,"13,35725223","52,47380151"
13546,4869,Berlin,2,2020,5,18,7,3,5,3,0,1,1,0,0,0,0,0,"13,38914034","52,4980268"
13547,4870,Berlin,12,2020,8,18,6,3,5,2,0,1,1,0,0,0,0,0,"13,35999744","52,5719312"
13548,4871,Berlin,7,2020,6,3,1,3,3,6,2,0,1,0,0,0,0,1,"13,38605362","52,48320552"
13549,4872,Berlin,1,2020,4,8,3,3,5,2,0,1,1,0,0,0,0,0,"13,36833544","52,54111107"
13550,4873,Berlin,6,2020,10,11,7,3,2,2,0,0,1,0,1,0,0,0,"13,17419967","52,42024051"
13551,4874,Berlin,6,2020,12,6,5,3,5,3,2,1,1,0,0,0,0,0,"13,26220729","52,43495058"
13552,4875,Berlin,7,2020,8,15,2,3,2,6,0,0,1,0,0,0,0,0,"13,40270548","52,46395107"
13553,4876,Berlin,7,2020,7,8,5,3,2,6,0,0,1,0,0,0,0,0,"13,38674203","52,44202754"
13554,4877,Berlin,2,2020,4,7,3,3,5,3,0,1,1,0,0,0,0,0,"13,45362467","52,5184913"
13555,4878,Berlin,1,2020,10,10,5,3,3,6,0,0,1,0,1,0,0,0,"13,40398898","52,51271094"
13556,4880,Berlin,12,2020,4,12,2,3,2,2,0,0,1,0,0,0,0,0,"13,31536758","52,6130958"
13557,4881,Berlin,10,2020,9,9,3,3,5,2,0,1,1,0,0,0,0,0,"13,61355311","52,50476522"
13558,4882,Berlin,4,2020,11,11,2,2,8,1,0,1,0,0,0,0,0,0,"13,28173285","52,5099218"
13559,4883,Berlin,7,2020,9,0,7,3,1,5,2,1,1,0,0,0,0,0,"13,35970961","52,48966372"
13560,4884,Berlin,8,2020,5,19,7,3,2,6,0,0,1,0,0,0,0,0,"13,43084597","52,46192107"
13561,4885,Berlin,7,2020,8,16,1,3,2,6,0,0,1,0,0,0,0,0,"13,38605474","52,48331311"
13562,4886,Berlin,1,2020,6,18,3,3,2,6,0,0,1,0,1,0,0,0,"13,36114698","52,51526557"
13563,4887,Berlin,6,2020,4,18,1,2,0,1,0,1,0,0,0,0,0,0,"13,1609308","52,41965943"
13564,4888,Berlin,1,2020,9,12,2,3,2,6,0,0,1,0,0,0,0,0,"13,42028521","52,52524472"
13565,4889,Berlin,7,2020,12,6,4,3,2,6,2,0,1,0,1,0,0,1,"13,38560059","52,44702202"
13566,4890,Berlin,1,2020,8,13,3,3,3,6,0,1,1,0,0,0,0,0,"13,36644065","52,55302354"
13567,4891,Berlin,3,2020,6,12,4,3,1,5,0,1,1,0,0,0,0,0,"13,42817699","52,53219701"
13568,4893,Berlin,6,2020,4,10,6,3,2,6,0,0,1,0,1,0,0,0,"13,22517713","52,42974441"
13569,4894,Berlin,4,2020,11,6,2,3,5,2,0,0,1,0,0,0,0,0,"13,28924145","52,51039198"
13570,4895,Berlin,4,2020,9,14,1,3,2,6,0,0,1,0,0,0,0,0,"13,28805012","52,53256497"
13571,4896,Berlin,3,2020,8,15,7,2,5,2,0,1,1,0,0,0,0,0,"13,41479592","52,55501441"
13572,4897,Berlin,7,2020,4,15,5,2,5,7,0,0,1,0,0,0,0,0,"13,35392759","52,47896396"
13573,4898,Berlin,6,2020,10,16,4,3,9,1,1,0,1,0,0,0,0,1,"13,19810794","52,42020694"
13574,4899,Berlin,3,2020,8,9,3,3,0,7,0,1,0,0,0,0,0,1,"13,4027963","52,59319086"
13575,4900,Berlin,3,2020,7,7,2,3,5,2,0,0,1,0,0,0,1,0,"13,39867415","52,57245093"
13576,4901,Berlin,7,2020,6,8,4,3,2,6,0,0,1,0,0,0,0,0,"13,38407497","52,45799223"
13577,4902,Berlin,4,2020,11,8,3,3,2,6,0,0,1,0,1,0,0,0,"13,2850998","52,51615065"
13578,4903,Berlin,7,2020,4,15,5,3,5,7,0,1,1,0,0,0,0,0,"13,40010893","52,41611495"
13579,4904,Berlin,2,2020,9,16,4,3,5,3,0,1,0,0,1,0,0,0,"13,4503043","52,51610528"
13580,4905,Berlin,1,2020,11,17,1,3,4,6,2,0,1,0,0,0,0,0,"13,36600606","52,50344432"
13581,4906,Berlin,7,2020,6,19,6,3,2,6,2,0,1,0,0,0,0,0,"13,42020885","52,46135439"
13582,4907,Berlin,1,2020,4,17,5,3,5,2,0,1,1,0,0,0,0,0,"13,40893058","52,51698823"
13583,4908,Berlin,2,2020,9,18,3,3,4,6,0,1,0,0,0,0,1,0,"13,38916994","52,49474915"
13584,4909,Berlin,4,2020,7,15,5,3,2,6,0,0,1,0,0,0,0,0,"13,26895749","52,49567649"
13585,4910,Berlin,3,2020,4,17,5,3,5,7,0,0,1,0,0,0,1,0,"13,39936222","52,5740439"
13586,4911,Berlin,11,2020,10,5,4,3,0,1,2,0,0,0,1,0,0,1,"13,49712071","52,5115612"
13587,4912,Berlin,10,2020,12,0,5,3,5,3,2,0,1,0,0,0,0,1,"13,55308467","52,50905153"
13588,4913,Berlin,4,2020,8,15,5,3,0,2,0,0,1,0,1,0,0,0,"13,2818844","52,51009751"
13589,4914,Berlin,4,2020,7,17,2,3,5,2,0,1,1,0,0,0,0,0,"13,30927944","52,51166594"
13590,4915,Berlin,6,2020,5,15,6,2,2,3,0,0,1,0,1,0,0,0,"13,15978455","52,41962326"
13591,4916,Berlin,5,2020,10,20,3,3,0,7,2,1,0,0,0,0,0,0,"13,20034294","52,51235134"
13592,4917,Berlin,2,2020,4,18,4,3,5,7,0,0,1,0,1,0,0,0,"13,44739846","52,50339496"
13593,4918,Berlin,7,2020,9,12,7,3,2,6,0,0,1,0,0,0,0,0,"13,38559478","52,47329034"
13594,4919,Berlin,4,2020,11,18,5,2,6,4,2,0,1,1,0,0,0,1,"13,28153148","52,50990864"
13595,4920,Berlin,7,2020,8,10,4,3,2,6,0,0,0,0,1,0,1,1,"13,38094583","52,43843117"
13596,4921,Berlin,6,2020,7,15,3,3,5,2,0,1,1,0,0,0,0,0,"13,31465963","52,45319391"
13597,4922,Berlin,10,2020,6,19,5,3,0,1,0,0,0,0,0,0,1,1,"13,58785304","52,50500838"
13598,4923,Berlin,11,2020,11,7,4,3,5,3,0,1,1,0,0,0,0,0,"13,48424305","52,51281989"