,id,city,district,year,month,hour,weekday,injury_level,collision,movement,light_conditions,bicycle,car,pedestrian,motorbike,truck,other_vehicle,road_conditions,longitude,latitude
14082,5434,Berlin,1,2020,3,18,2,3,2,6,2,0,1,0,0,0,0,0,"13,34515195","52,51409843"
14083,5435,Berlin,12,2020,10,18,2,2,0,1,2,0,0,0,1,0,0,1,"13,364376","52,56388136"
14084,5436,Berlin,7,2020,12,7,6,3,1,5,1,0,1,0,0,0,0,1,"13,38835267","52,43688367"
14085,5437,Berlin,6,2020,8,8,3,3,5,3,0,0,1,0,0,0,0,0,"13,2097718","52,42629515"
14086,5438,Berlin,12,2020,7,17,5,3,5,2,0,1,1,0,0,0,0,0,"13,31891138","52,61079885"
14087,5439,Berlin,3,2020,10,19,6,3,5,2,2,1,1,0,0,0,0,1,"13,41406105","52,55051848"
14088,5441,Berlin,6,2020,3,13,2,3,3,6,0,1,0,0,0,0,0,0,"13,30829885","52,45096513"
14089,5442,Berlin,5,2020,9,9,4,3,2,6,0,0,1,0,0,0,0,0,"13,19082659","52,51428068"
14090,5443,Berlin,4,2020,11,6,2,2,6,4,1,0,1,1,0,0,0,1,"13,28416454","52,51007884"
14091,5444,Berlin,2,2020,5,14,7,3,6,7,0,1,0,1,0,0,0,0,"13,4478895","52,50399845"
14092,5445,Berlin,2,2020,8,8,2,2,6,7,0,1,0,1,0,0,0,0,"13,47288437","52,51382573"
14093,5446,Berlin,6,2020,6,18,4,3,5,2,0,1,1,0,0,0,0,0,"13,15812455","52,41944179"
14094,5447,Berlin,2,2020,5,23,4,3,5,2,2,1,1,0,0,0,0,0,"13,45420561","52,51563137"
14095,5448,Berlin,3,2020,3,17,1,3,0,4,1,0,0,1,0,0,1,0,"13,41900477","52,54010424"
14096,5449,Berlin,12,2020,9,5,3,3,2,6,2,0,1,0,0,0,0,0,"13,30086912","52,54823253"
14097,5450,Berlin,9,2020,12,20,5,3,2,6,2,0,1,0,1,0,0,1,"13,4593641","52,49308246"
14098,5451,Berlin,3,2020,8,18,3,3,5,2,0,1,1,0,0,0,0,0,"13,42403598","52,52827483"
14099,5452,Berlin,7,2020,6,12,6,3,2,6,0,0,1,0,0,0,0,0,"13,3666206","52,47227189"
14100,5453,Berlin,4,2020,10,13,7,3,2,6,0,0,1,0,0,0,0,0,"13,28344279","52,49693389"
14101,5455,Berlin,9,2020,3,16,1,3,2,6,0,0,1,0,1,0,0,0,"13,51193956","52,42848038"
14102,5456,Berlin,9,2020,11,5,4,2,0,6,2,0,1,0,1,0,0,0,"13,4584939","52,45809494"
14103,5457,Berlin,3,2020,9,15,2,3,3,6,0,1,1,0,0,0,0,0,"13,4128229","52,54487716"
14104,5458,Berlin,12,2020,8,12,1,3,5,2,0,0,1,0,1,0,0,1,"13,35902459","52,57339236"
14105,5459,Berlin,9,2020,3,15,1,3,3,6,0,0,1,0,0,0,0,0,"13,4576975","52,491693"
14106,5460,Berlin,4,2020,10,19,5,3,2,6,2,0,1,0,0,0,0,1,"13,28141301","52,50990095"
14107,5461,Berlin,7,2020,8,11,4,3,1,5,0,1,1,0,0,0,0,0,"13,38403025","52,4578098"
14108,5462,Berlin,3,2020,7,15,3,3,5,2,0,1,1,0,0,0,0,0,"13,44795459","52,54687403"
14109,5463,Berlin,12,2020,5,15,2,3,2,6,0,0,1,0,1,0,0,1,"13,32453008","52,60715063"
14110,5464,Berlin,3,2020,6,14,5,3,2,6,0,1,1,0,0,0,0,0,"13,4270092","52,53081155"
14111,5465,Berlin,9,2020,11,12,4,3,3,6,0,1,0,0,0,0,0,0,"13,46247268","52,48842705"
14112,5466,Berlin,12,2020,3,18,1,3,5,2,2,0,1,0,0,0,0,0,"13,34765371","52,5744778"
14113,5467,Berlin,10,2020,9,6,5,2,2,6,2,0,1,0,0,0,1,0,"13,54056759","52,54154216"
14114,5468,Berlin,2,2020,11,9,2,3,6,4,0,1,1,1,0,0,0,0,"13,43456661","52,51784979"
14115,5469,Berlin,1,2020,6,12,1,3,5,3,0,0,1,0,0,0,0,0,"13,36861191","52,50623611"
14116,5471,Berlin,7,2020,3,16,7,3,2,6,0,0,1,0,0,0,0,0,"13,38603976","52,48214601"
14117,5472,Berlin,7,2020,9,21,4,3,6,2,2,0,1,1,0,0,0,0,"13,38551428","52,47008303"
14118,5473,Berlin,4,2020,7,7,6,3,3,6,0,1,0,0,0,0,1,0,"13,26163233","52,50870918"
14119,5474,Berlin,2,2020,3,17,6,3,2,6,0,0,1,0,0,0,0,0,"13,38914633","52,49500143"
14120,5475,Berlin,8,2020,10,17,5,3,2,6,1,0,1,0,0,0,0,1,"13,43162024","52,46186067"
14121,5476,Berlin,7,2020,12,20,2,3,9,1,2,0,1,0,0,0,0,2,"13,4162237","52,46060315"
14122,5477,Berlin,4,2020,10,14,1,3,3,6,0,0,1,0,0,0,0,1,"13,29370011","52,51066238"
14123,5479,Berlin,7,2020,3,13,6,3,2,6,0,0,1,0,1,0,0,0,"13,40023227","52,41589989"
14124,5480,Berlin,3,2020,11,17,4,3,3,6,2,0,1,0,1,0,0,0,"13,42463182","52,53966118"
14125,5481,Berlin,1,2020,9,18,3,3,5,2,0,0,1,0,0,0,0,0,"13,36834654","52,50579778"
14126,5482,Berlin,1,2020,8,8,2,3,1,5,0,1,1,0,0,0,0,0,"13,36981647","52,5432162"
14127,5483,Berlin,10,2020,3,14,6,3,6,4,0,0,1,1,0,0,0,1,"13,55649365","52,56041847"
14128,5484,Berlin,6,2020,10,13,6,3,2,2,0,0,1,1,0,0,0,0,"13,28296171","52,44184014"
14129,5485,Berlin,4,2020,8,17,4,3,2,6,0,0,1,0,0,0,1,0,"13,2837274","52,49658367"
14130,5486,Berlin,1,2020,7,18,4,3,0,1,0,0,0,0,1,0,0,1,"13,37850345","52,50963683"
14131,5487,Berlin,4,2020,5,14,2,2,0,7,0,1,0,0,0,0,0,1,"13,32054333","52,5126512"
14132,5488,Berlin,6,2020,6,14,6,3,5,3,0,0,1,0,0,0,0,0,"13,15461255","52,41905667"
14133,5489,Berlin,4,2020,3,12,5,3,2,6,0,0,1,0,0,0,0,0,"13,25896787","52,50856521"
14134,5490,Berlin,12,2020,9,15,5,3,2,6,0,0,1,0,0,0,0,0,"13,30580316","52,63755653"
14135,5491,Berlin,4,2020,12,18,3,2,5,2,2,0,1,0,0,0,0,0,"13,28919935","52,51038935"
14136,5492,Berlin,10,2020,6,14,2,3,2,6,0,0,1,0,1,0,0,0,"13,54479948","52,51473705"
14137,5494,Berlin,7,2020,3,12,5,3,0,6,0,0,1,0,1,0,0,1,"13,38397294","52,45495828"
14138,5495,Berlin,7,2020,9,21,5,3,1,5,1,1,1,0,0,0,0,0,"13,35746564","52,48747654"
14139,5496,Berlin,4,2020,7,12,7,3,2,6,0,0,1,0,0,0,1,0,"13,24010726","52,4720964"
14140,5497,Berlin,1,2020,3,10,5,3,5,3,0,0,1,0,0,0,0,1,"13,36549947","52,55798118"
14141,5498,Berlin,7,2020,10,16,5,3,1,7,0,0,1,0,0,0,0,1,"13,40690173","52,39265849"
14142,5499,Berlin,9,2020,12,13,4,3,5,3,0,0,1,0,0,0,1,0,"13,47942022","52,48456024"
14143,5500,Berlin,2,2020,5,19,7,3,0,1,0,1,0,0,0,0,0,0,"13,4541926","52,51592325"
14144,5501,Berlin,7,2020,8,21,7,3,2,6,2,0,1,0,0,0,0,0,"13,38421683","52,45475049"
14145,5502,Berlin,7,2020,7,9,5,3,5,3,0,0,1,0,0,0,0,0,"13,35401191","52,47890319"
14146,5503,Berlin,4,2020,6,17,2,3,2,6,0,0,1,0,0,0,0,0,"13,23330688","52,50697479"
14147,5504,Berlin,4,2020,10,8,4,3,2,6,0,0,1,0,0,0,1,0,"13,29922407","52,51100911"
14148,5505,Berlin,7,2020,3,10,5,3,2,6,0,0,1,0,0,0,1,1,"13,38570515","52,47792959"
14149,5506,Berlin,10,2020,9,16,2,3,5,2,0,1,1,0,0,0,0,0,"13,561658","52,50869134"
14150,5507,Berlin,7,2020,11,9,3,3,2,6,0,0,1,0,0,0,0,0,"13,36096302","52,49318334"
14151,5508,Berlin,3,2020,5,19,6,3,2,6,0,0,1,0,0,0,0,0,"13,39827342","52,57699524"
14152,5509,Berlin,3,2020,8,18,7,3,1,5,0,1,1,0,0,0,0,0,"13,44369143","52,52989035"
14153,5510,Berlin,3,2020,6,9,1,3,2,6,0,0,1,0,0,0,0,0,"13,41662561","52,54047181"
14154,5511,Berlin,3,2020,3,15,4,3,2,6,0,1,1,0,0,0,0,0,"13,42442653","52,53924598"
14155,5512,Berlin,4,2020,10,16,7,3,3,6,0,0,1,0,0,1,0,0,"13,28279953","52,50513887"
14156,5513,Berlin,6,2020,12,16,5,3,5,2,2,0,1,0,0,0,1,0,"13,27140153","52,43824616"
14157,5514,Berlin,10,2020,8,14,3,3,2,6,0,0,1,0,0,0,0,0,"13,54869634","52,55138746"
14158,5515,Berlin,10,2020,7,13,5,3,2,6,0,0,1,0,0,0,1,0,"13,58881308","52,50499179"
14159,5516,Berlin,3,2020,3,18,3,3,5,3,2,1,1,0,0,0,0,1,"13,40215455","52,5865428"
14160,5517,Berlin,4,2020,10,18,6,3,2,6,1,0,1,0,0,0,0,1,"13,28125788","52,49908624"
14161,5519,Berlin,10,2020,3,17,3,3,5,2,1,0,1,0,0,0,0,1,"13,62069124","52,50419773"
14162,5520,Berlin,7,2020,9,17,4,3,2,6,0,0,1,0,1,0,0,0,"13,38604034","52,48219094"
14163,5521,Berlin,5,2020,11,8,2,3,5,2,0,1,1,0,0,0,0,1,"13,17898003","52,51657651"
14164,5522,Berlin,4,2020,9,12,7,3,2,6,0,0,1,0,0,0,0,0,"13,29085616","52,49370539"
14165,5523,Berlin,7,2020,5,12,6,3,2,6,0,0,1,0,0,0,0,0,"13,38552761","52,47072465"
14166,5524,Berlin,2,2020,8,16,1,3,3,5,0,1,0,0,0,0,1,0,"13,44736719","52,52689499"
14167,5525,Berlin,7,2020,6,20,3,3,0,6,1,0,0,0,0,0,1,0,"13,35950628","52,48944001"
14168,5526,Berlin,3,2020,3,16,3,2,6,4,0,0,1,1,0,0,0,1,"13,44533926","52,54594536"
14169,5527,Berlin,7,2020,9,0,2,3,3,6,2,0,1,0,0,0,0,0,"13,40677061","52,39496915"
14170,5528,Berlin,4,2020,12,15,4,3,3,6,0,0,1,0,0,0,0,1,"13,32091135","52,51286111"
14171,5529,Berlin,6,2020,8,9,3,3,5,2,0,0,1,0,0,0,0,0,"13,27140762","52,43824816"
14172,5530,Berlin,12,2020,6,11,5,3,5,3,0,0,1,0,0,0,0,0,"13,32493163","52,60666133"
14173,5532,Berlin,3,2020,3,16,3,3,5,3,0,1,1,0,0,0,0,1,"13,41794439","52,54006842"
14174,5533,Berlin,4,2020,11,8,2,3,3,6,0,1,0,0,0,0,0,0,"13,2966543","52,51102923"
14175,5534,Berlin,1,2020,9,12,2,3,5,2,0,1,1,0,0,0,0,0,"13,36834502","52,50630542"
14176,5535,Berlin,7,2020,8,12,7,3,0,6,0,0,1,0,1,0,0,0,"13,38415321","52,45512674"
14177,5536,Berlin,4,2020,3,16,3,2,6,4,0,0,0,1,1,0,0,1,"13,25847321","52,50853395"
14178,5537,Berlin,3,2020,10,16,4,3,3,6,0,1,1,0,0,0,0,1,"13,39845245","52,57186536"
14179,5538,Berlin,7,2020,8,10,3,3,2,6,0,0,1,0,0,0,0,0,"13,4177712","52,37639752"
14180,5539,Berlin,9,2020,7,13,2,3,5,3,0,1,1,0,0,0,0,0,"13,49312729","52,46780092"
14181,5540,Berlin,5,2020,5,14,2,3,5,2,0,1,1,0,0,0,0,0,"13,17909154","52,51664897"
14182,5541,Berlin,1,2020,6,18,5,3,5,2,0,1,1,0,0,0,0,1,"13,36892736","52,50741598"
14183,5542,Berlin,3,2020,11,14,3,3,1,5,0,1,0,0,0,0,1,0,"13,43018999","52,53391715"
14184,5543,Berlin,7,2020,3,13,3,3,2,6,0,0,1,0,0,0,1,1,"13,38570945","52,46764916"
14185,5544,Berlin,9,2020,9,16,4,3,0,6,0,0,1,0,0,0,1,0,"13,46369185","52,48760942"
14186,5545,Berlin,7,2020,11,17,2,3,1,5,2,1,1,0,0,0,0,0,"13,3537236","52,48499376"
14187,5546,Berlin,4,2020,6,10,7,3,1,5,0,0,1,0,0,0,0,0,"13,30092297","52,51131239"
14188,5547,Berlin,2,2020,3,12,3,3,0,6,0,0,1,0,1,0,0,1,"13,45227316","52,51590636"
14189,5548,Berlin,1,2020,9,9,4,3,5,2,0,1,1,0,0,0,0,0,"13,37015847","52,53997736"
14190,5549,Berlin,1,2020,7,16,5,3,0,2,0,0,1,0,1,0,0,0,"13,36526822","52,55803017"
14191,5550,Berlin,10,2020,3,12,3,3,2,6,0,0,1,0,0,0,0,1,"13,54226552","52,54380786"
14192,5551,Berlin,1,2020,10,8,4,3,5,2,0,1,1,0,0,0,0,0,"13,37575743","52,50934504"
14193,5552,Berlin,12,2020,12,13,5,3,0,2,0,0,1,0,1,0,0,1,"13,34764132","52,57434782"
14194,5553,Berlin,10,2020,8,16,5,2,5,3,0,1,1,0,0,0,0,0,"13,58139002","52,50508572"
14195,5554,Berlin,6,2020,7,20,2,2,6,2,0,1,0,1,0,0,0,1,"13,26070158","52,43495566"
14196,5555,Berlin,7,2020,5,16,6,3,2,2,0,0,1,0,1,0,0,0,"13,37716843","52,43246196"
14197,5556,Berlin,1,2020,10,8,3,3,3,6,0,1,1,0,1,0,0,0,"13,42001929","52,52107415"
14198,5557,Berlin,4,2020,3,16,2,2,3,6,0,0,1,0,1,0,0,0,"13,28446512","52,50977825"
14199,5558,Berlin,7,2020,9,17,7,3,2,6,0,0,1,0,0,0,0,0,"13,38558364","52,47282444"
14200,5559,Berlin,3,2020,11,11,6,3,5,3,0,1,1,0,0,0,0,0,"13,42842094","52,53790583"
14201,5560,Berlin,9,2020,5,13,5,2,3,6,0,0,0,0,1,0,1,0,"13,51522125","52,45272378"
14202,5561,Berlin,7,2020,8,14,5,3,5,3,0,0,1,0,1,0,0,0,"13,3777061","52,43359407"
14203,5562,Berlin,3,2020,6,13,6,3,2,6,0,0,0,0,0,1,0,0,"13,4449342","52,54575938"
14204,5563,Berlin,3,2020,3,16,2,3,5,3,0,1,1,0,0,0,0,1,"13,42882188","52,57271981"
14205,5564,Berlin,2,2020,10,12,6,3,5,2,0,1,1,0,0,0,0,0,"13,45358111","52,51841818"
14206,5565,Berlin,7,2020,12,15,3,3,2,6,1,0,1,0,0,0,0,0,"13,33979554","52,47857024"
14207,5566,Berlin,7,2020,8,17,1,3,2,6,0,0,1,0,0,0,0,0,"13,36245003","52,49881203"
14208,5567,Berlin,7,2020,6,23,2,2,9,1,2,0,1,0,0,0,0,0,"13,34488369","52,47803952"
14209,5568,Berlin,7,2020,3,10,2,3,5,2,0,1,0,0,0,0,1,1,"13,34856278","52,48186198"
14210,5569,Berlin,9,2020,10,10,4,3,2,6,0,0,1,0,0,0,1,1,"13,46008705","52,4936225"
14211,5571,Berlin,1,2020,3,7,2,3,6,4,0,0,0,1,0,0,1,1,"13,36790852","52,50556396"
14212,5572,Berlin,1,2020,9,13,2,3,5,3,0,1,1,0,0,0,0,0,"13,36525699","52,55808839"
14213,5573,Berlin,2,2020,11,12,6,3,5,2,0,1,0,0,0,0,1,0,"13,45377342","52,51571404"
14214,5574,Berlin,1,2020,9,10,6,3,2,6,0,1,0,0,0,0,1,0,"13,38151246","52,51667678"
14215,5575,Berlin,1,2020,8,18,6,3,3,6,0,1,0,0,0,0,1,0,"13,3641656","52,51546252"
14216,5576,Berlin,1,2020,7,22,3,3,2,3,2,0,1,0,0,0,0,1,"13,36782799","52,55059625"
14217,5577,Berlin,2,2020,5,17,7,3,2,6,0,0,1,0,0,0,0,0,"13,42752983","52,51868123"
14218,5578,Berlin,9,2020,10,7,3,3,2,6,0,0,1,0,0,0,1,0,"13,46199299","52,4532383"
14219,5579,Berlin,4,2020,3,3,1,2,0,1,2,0,0,0,1,0,0,1,"13,27057805","52,50925588"
14220,5580,Berlin,4,2020,9,15,1,3,2,6,0,0,1,0,0,0,0,0,"13,29832207","52,48931665"
14221,5581,Berlin,3,2020,11,10,2,3,5,2,0,1,1,0,0,0,0,0,"13,40171523","52,5900468"
14222,5582,Berlin,3,2020,5,18,5,3,5,2,0,1,1,0,0,0,0,0,"13,42405178","52,53909367"
14223,5583,Berlin,7,2020,8,18,5,3,5,3,0,0,1,0,1,0,0,0,"13,38651813","52,44216143"
14224,5584,Berlin,2,2020,6,12,7,3,3,1,0,0,1,0,1,0,0,0,"13,47412428","52,51383538"
14225,5585,Berlin,1,2020,3,14,7,3,3,2,0,0,1,0,0,0,1,0,"13,42013356","52,5251161"
14226,5586,Berlin,4,2020,10,19,6,3,2,6,2,0,1,0,0,0,0,0,"13,28266542","52,52813775"
14227,5587,Berlin,4,2020,12,11,5,3,2,6,0,0,1,0,0,0,0,0,"13,28678244","52,51352331"
14228,5588,Berlin,3,2020,8,9,2,2,5,2,0,1,1,0,0,0,0,0,"13,41479391","52,55502908"
14229,5589,Berlin,3,2020,7,0,4,1,9,1,2,0,0,0,1,0,0,0,"13,42455101","52,5389469"
14230,5590,Berlin,3,2020,3,1,7,3,2,2,2,1,1,0,0,0,0,1,"13,4282835","52,53189865"
14231,5591,Berlin,4,2020,10,16,5,3,2,6,0,0,1,0,0,0,0,0,"13,28183625","52,49811615"
14232,5593,Berlin,12,2020,3,18,6,3,2,6,2,0,1,0,0,0,0,1,"13,32601167","52,60531379"
14233,5594,Berlin,10,2020,9,15,3,3,2,6,0,0,1,0,1,0,0,0,"13,62434645","52,50376978"
14234,5595,Berlin,12,2020,11,14,1,3,2,7,0,0,1,0,0,0,1,0,"13,31236673","52,62413672"
14235,5596,Berlin,1,2020,9,17,6,3,2,6,0,0,1,0,1,0,0,0,"13,36934266","52,54711138"
14236,5597,Berlin,1,2020,5,18,5,3,2,6,0,0,1,0,1,0,0,0,"13,4195481","52,52513631"
14237,5598,Berlin,1,2020,8,11,7,3,0,2,0,0,1,0,1,0,0,1,"13,36489757","52,50216603"
14238,5599,Berlin,4,2020,7,18,3,3,6,7,0,0,0,1,0,0,1,0,"13,2821458","52,50994901"
14239,5600,Berlin,4,2020,6,10,3,3,3,6,0,0,1,0,0,1,0,0,"13,26273335","52,4909833"
14240,5601,Berlin,9,2020,3,17,6,3,5,3,1,1,1,0,0,0,0,1,"13,49919336","52,46376508"
14241,5602,Berlin,4,2020,9,21,7,3,9,1,2,0,1,0,0,0,0,1,"13,29016234","52,49403908"
14242,5603,Berlin,4,2020,12,8,2,3,0,6,0,0,1,0,0,0,0,0,"13,23895074","52,47117684"
14243,5604,Berlin,2,2020,6,8,4,2,6,4,0,1,0,1,0,0,0,0,"13,44865276","52,50511541"
14244,5606,Berlin,6,2020,3,15,6,3,8,1,0,1,1,0,0,0,0,1,"13,27123669","52,43838173"
14245,5607,Berlin,9,2020,11,8,2,3,5,3,0,1,0,0,0,1,0,0,"13,47944869","52,48450403"
14246,5608,Berlin,1,2020,9,23,7,2,0,1,2,0,0,0,0,0,1,0,"13,35741351","52,51492379"
14247,5609,Berlin,6,2020,7,17,6,2,0,1,0,1,0,0,0,0,0,0,"13,19167144","52,41972523"
14248,5610,Berlin,4,2020,3,15,6,3,2,6,0,0,1,0,0,0,0,1,"13,284061","52,49614273"
14249,5611,Berlin,7,2020,10,7,4,3,0,2,1,0,0,0,0,1,1,1,"13,38574131","52,46948207"
14250,5612,Berlin,5,2020,8,16,3,3,5,3,0,0,1,0,0,0,0,0,"13,12616314","52,47854039"
14251,5613,Berlin,3,2020,7,2,1,3,0,1,2,0,0,0,0,0,1,0,"13,44526919","52,54565376"
14252,5614,Berlin,2,2020,5,12,2,3,0,6,0,0,1,0,1,0,0,1,"13,45682183","52,51560059"
14253,5615,Berlin,11,2020,6,16,4,2,3,6,0,0,1,0,1,0,0,0,"13,51459095","52,50992382"
14254,5616,Berlin,2,2020,11,10,2,3,0,1,0,1,0,0,0,0,0,0,"13,44848499","52,50484708"
14255,5617,Berlin,3,2020,3,8,6,3,5,2,0,1,1,0,0,0,0,1,"13,41412184","52,55773042"
14256,5618,Berlin,12,2020,9,19,4,2,2,6,1,0,0,0,1,0,1,0,"13,30858562","52,56576462"
14257,5619,Berlin,2,2020,11,14,7,3,3,6,0,1,1,0,0,0,0,0,"13,44762019","52,52614039"
14258,5620,Berlin,4,2020,6,12,6,3,2,6,0,0,1,0,0,0,0,0,"13,29123451","52,53394245"
14259,5621,Berlin,2,2020,3,14,6,3,5,2,0,1,0,0,0,0,1,1,"13,45372747","52,51597529"
14260,5622,Berlin,9,2020,9,7,3,3,2,6,0,0,1,0,0,0,1,0,"13,50892394","52,45720816"
14261,5623,Berlin,4,2020,7,18,4,3,4,6,0,1,0,0,0,0,0,0,"13,32147797","52,51203865"
14262,5624,Berlin,2,2020,3,18,5,3,3,6,2,1,0,0,0,0,0,0,"13,38906258","52,4972165"
14263,5625,Berlin,4,2020,10,15,4,3,2,6,0,0,1,0,0,0,0,1,"13,2860201","52,51095402"
14264,5626,Berlin,1,2020,12,10,4,3,3,6,0,1,1,0,0,0,0,1,"13,41232206","52,5194115"
14265,5627,Berlin,1,2020,8,18,4,3,3,6,0,0,1,0,1,0,0,0,"13,36395372","52,53488836"
14266,5628,Berlin,6,2020,7,11,2,2,6,4,0,1,0,1,0,0,0,0,"13,26019928","52,43505047"
14267,5629,Berlin,12,2020,5,16,5,3,2,6,0,0,1,0,0,0,0,0,"13,30890738","52,5572314"
14268,5630,Berlin,2,2020,10,0,2,3,0,6,2,0,1,0,0,0,0,0,"13,45198817","52,51608799"
14269,5632,Berlin,3,2020,3,15,5,3,5,3,0,1,0,0,0,0,1,0,"13,42366726","52,52798447"
14270,5633,Berlin,3,2020,9,16,6,3,2,6,0,0,1,0,0,1,0,0,"13,44495538","52,54576911"
14271,5634,Berlin,7,2020,11,18,4,3,5,2,2,1,1,0,0,0,0,0,"13,38605362","52,48320582"
14272,5635,Berlin,4,2020,5,8,5,3,2,6,0,0,1,0,0,0,0,0,"13,21636639","52,50912134"
14273,5636,Berlin,12,2020,8,6,4,3,5,2,0,1,1,0,0,0,0,1,"13,35907162","52,57338003"
14274,5637,Berlin,3,2020,6,10,5,3,0,7,0,0,1,0,1,0,0,1,"13,45383608","52,54900534"
14275,5638,Berlin,9,2020,5,14,3,2,5,2,0,1,0,0,0,0,1,0,"13,45906227","52,49285934"
14276,5639,Berlin,2,2020,3,12,5,3,2,6,0,0,1,0,0,0,0,0,"13,38904608","52,49488726"
14277,5640,Berlin,3,2020,10,8,5,3,5,3,0,1,1,0,0,0,0,0,"13,39874379","52,57559747"
14278,5641,Berlin,3,2020,12,13,2,3,3,6,0,1,0,0,0,1,0,1,"13,44814382","52,54695947"
14279,5642,Berlin,6,2020,8,17,6,3,2,6,0,0,1,0,0,0,0,0,"13,19725083","52,43820241"
14280,5643,Berlin,12,2020,6,14,2,3,6,4,0,1,0,1,0,0,0,0,"13,36414131","52,56397561"
14281,5644,Berlin,1,2020,3,11,5,2,5,3,0,0,1,0,1,0,0,0,"13,36526058","52,55806978"
14282,5645,Berlin,4,2020,10,15,2,3,0,7,0,1,1,0,0,0,0,0,"13,28667329","52,51023167"
14283,5647,Berlin,3,2020,3,9,5,3,5,3,0,1,1,0,0,0,0,0,"13,42923416","52,57338366"
14284,5648,Berlin,2,2020,11,18,6,3,5,3,2,1,1,0,0,0,0,0,"13,45360497","52,51845136"
14285,5649,Berlin,12,2020,9,20,5,3,3,6,1,0,1,0,0,1,0,0,"13,30266588","52,5752109"
14286,5650,Berlin,3,2020,3,9,5,3,5,3,0,1,0,0,0,0,0,0,"13,41372528","52,55057197"
14287,5651,Berlin,3,2020,5,0,5,3,5,2,2,1,1,0,0,0,0,0,"13,44463578","52,54562236"
14288,5652,Berlin,1,2020,8,18,5,3,5,2,0,1,1,0,0,0,0,0,"13,41994064","52,52495144"
14289,5653,Berlin,5,2020,7,21,7,3,0,1,2,1,0,0,0,0,0,0,"13,2145277","52,50949535"
14290,5654,Berlin,4,2020,6,21,7,3,3,6,1,0,1,0,0,0,0,0,"13,29936002","52,48855942"
14291,5655,Berlin,7,2020,3,8,5,3,3,6,0,1,1,0,0,0,0,0,"13,36226393","52,49836034"
14292,5656,Berlin,12,2020,9,5,5,2,5,3,2,0,1,0,1,0,0,0,"13,34369441","52,58315704"
14293,5657,Berlin,10,2020,12,12,7,3,5,7,0,0,1,0,0,0,0,0,"13,53690312","52,53013776"
14294,5658,Berlin,4,2020,6,10,3,3,3,6,0,0,1,0,0,0,0,0,"13,28476096","52,49550036"
14295,5660,Berlin,4,2020,3,12,4,3,2,6,0,0,0,0,0,1,1,1,"13,28028235","52,50002355"
14296,5661,Berlin,1,2020,9,15,6,3,1,7,0,0,1,0,0,0,1,0,"13,34057156","52,51378283"
14297,5662,Berlin,9,2020,7,13,3,3,5,3,0,1,1,0,0,0,0,0,"13,47946399","52,48451132"
14298,5663,Berlin,3,2020,3,9,4,3,5,2,0,0,1,0,0,0,1,0,"13,44496926","52,54551746"
14299,5664,Berlin,7,2020,10,17,6,3,2,6,0,0,1,0,0,0,0,0,"13,36553616","52,47276982"
14300,5665,Berlin,7,2020,8,18,1,3,5,7,0,0,1,0,0,0,0,0,"13,39975524","52,41732974"
14301,5666,Berlin,9,2020,7,14,6,3,2,6,0,0,1,0,0,1,0,1,"13,45882761","52,490942"
14302,5667,Berlin,10,2020,6,3,3,2,1,5,2,0,1,0,0,0,1,0,"13,54021453","52,50989523"
14303,5668,Berlin,7,2020,3,9,4,3,2,6,0,0,1,0,0,1,0,0,"13,35883637","52,4887033"
14304,5669,Berlin,1,2020,5,15,4,3,5,2,0,1,1,0,0,0,0,0,"13,36855242","52,54120609"
14305,5670,Berlin,7,2020,8,14,6,2,5,3,0,1,0,0,0,0,1,0,"13,36087901","52,49218297"
14306,5671,Berlin,1,2020,7,12,3,3,0,1,0,0,0,0,1,0,0,0,"13,37093315","52,50893118"
14307,5672,Berlin,2,2020,6,13,1,3,5,3,0,0,1,0,0,0,0,0,"13,38868987","52,49815189"
14308,5673,Berlin,12,2020,3,9,4,3,5,3,0,0,1,0,0,0,0,0,"13,31641112","52,61403178"
14309,5674,Berlin,7,2020,9,15,6,3,2,6,0,0,1,0,0,0,0,0,"13,36237055","52,47396342"
14310,5675,Berlin,7,2020,12,14,2,3,1,5,0,1,1,0,0,0,0,1,"13,38666043","52,44176064"
14311,5676,Berlin,7,2020,6,15,4,3,6,4,0,0,1,1,0,0,0,0,"13,34830826","52,48176423"
14312,5678,Berlin,11,2020,3,8,4,2,1,7,0,1,0,0,1,0,0,0,"13,49341751","52,51189322"
14313,5679,Berlin,3,2020,11,13,5,2,6,4,0,0,1,1,0,0,0,0,"13,44527566","52,54591616"
14314,5680,Berlin,4,2020,9,16,7,2,2,6,0,0,1,0,0,0,0,0,"13,28625408","52,53219715"
14315,5681,Berlin,2,2020,7,15,5,3,5,2,0,1,1,0,0,0,0,0,"13,38925281","52,49753481"
14316,5682,Berlin,4,2020,3,7,4,3,2,6,0,0,1,0,1,0,0,0,"13,28140857","52,50990066"
14317,5683,Berlin,10,2020,10,20,1,3,5,2,2,0,1,0,0,0,0,0,"13,56149271","52,50858338"
14318,5684,Berlin,3,2020,8,10,2,2,3,6,0,0,0,0,1,1,0,0,"13,42962614","52,55504787"
14319,5685,Berlin,7,2020,7,14,7,3,5,7,0,1,1,0,0,0,0,0,"13,40826629","52,38840667"
14320,5686,Berlin,2,2020,6,17,3,3,0,7,0,1,0,0,0,0,0,0,"13,45983579","52,5152859"
14321,5687,Berlin,10,2020,10,18,7,3,0,1,2,1,0,0,0,0,0,1,"13,55076535","52,55348101"
14322,5688,Berlin,12,2020,3,17,3,2,5,2,1,1,0,0,0,0,1,0,"13,36418913","52,5637376"