,id,city,district,year,month,hour,weekday,injury_level,collision,movement,light_conditions,bicycle,car,pedestrian,motorbike,truck,other_vehicle,road_conditions,longitude,latitude
14323,5689,Berlin,7,2020,9,14,3,3,2,6,0,0,1,0,1,0,0,0,"13,35773261","52,48777763"
14324,5690,Berlin,4,2020,11,17,6,3,2,6,2,0,1,0,0,0,0,1,"13,28310931","52,51890753"
14325,5691,Berlin,11,2020,6,13,5,3,5,2,0,1,1,0,0,0,0,0,"13,48303578","52,57465789"
14326,5692,Berlin,9,2020,3,15,3,2,0,2,0,0,1,0,0,0,1,1,"13,46500113","52,48673762"
14327,5693,Berlin,7,2020,8,14,2,3,2,6,0,0,1,0,0,0,1,0,"13,38605581","52,48344017"
14328,5694,Berlin,2,2020,7,9,4,3,6,7,0,1,0,1,0,0,0,0,"13,45009468","52,5231789"
14329,5695,Berlin,7,2020,6,19,3,3,1,5,0,1,1,0,0,0,0,0,"13,35378484","52,48502186"
14330,5696,Berlin,7,2020,3,5,2,3,6,2,2,0,1,1,0,0,0,1,"13,38712811","52,44014144"
14331,5697,Berlin,5,2020,10,14,3,3,5,2,0,1,1,0,0,0,0,0,"13,126128","52,4785331"
14332,5698,Berlin,4,2020,12,15,3,3,2,6,0,0,1,0,0,1,0,1,"13,28861501","52,49407901"
14333,5699,Berlin,9,2020,8,18,4,3,2,6,0,1,0,0,0,0,0,0,"13,51061525","52,45601892"
14334,5700,Berlin,10,2020,7,8,1,3,5,3,0,1,0,0,0,0,1,0,"13,54802349","52,55059592"
14335,5701,Berlin,2,2020,5,9,4,3,5,2,0,1,1,0,0,0,0,0,"13,38056502","52,49924435"
14336,5702,Berlin,7,2020,10,7,2,3,2,6,0,0,1,0,0,1,0,1,"13,38065599","52,438125"
14337,5704,Berlin,11,2020,3,7,2,2,8,1,0,0,0,0,1,0,0,0,"13,4774516","52,51351287"
14338,5705,Berlin,4,2020,9,17,5,3,2,6,0,0,1,0,0,0,0,0,"13,32292579","52,51243441"
14339,5706,Berlin,12,2020,11,14,3,2,6,7,0,0,1,1,0,0,0,1,"13,36500662","52,56056534"
14340,5707,Berlin,6,2020,5,11,4,3,2,6,0,0,1,0,0,0,0,0,"13,1969231","52,41677333"
14341,5708,Berlin,6,2020,8,13,3,3,0,1,0,0,0,0,1,0,0,0,"13,152137","52,41879643"
14342,5709,Berlin,3,2020,6,17,5,3,1,1,0,1,0,0,1,0,0,1,"13,41387221","52,55135896"
14343,5710,Berlin,11,2020,5,12,3,3,3,6,0,0,1,0,1,0,0,0,"13,48010834","52,51323956"
14344,5711,Berlin,3,2020,3,7,2,2,2,6,0,0,1,0,0,1,1,1,"13,48708686","52,6245574"
14345,5712,Berlin,3,2020,9,16,4,3,5,2,0,1,0,0,1,0,0,0,"13,42859505","52,53758003"
14346,5713,Berlin,1,2020,12,1,7,2,0,1,2,1,0,0,0,0,0,0,"13,35930584","52,51504303"
14347,5714,Berlin,5,2020,8,15,5,3,5,3,0,1,1,0,0,0,0,0,"13,12629243","52,47857479"
14348,5715,Berlin,1,2020,6,2,1,3,0,1,2,0,0,0,0,0,1,0,"13,4084332","52,52196054"
14349,5716,Berlin,4,2020,10,17,2,3,5,3,1,0,1,0,0,1,0,0,"13,28114331","52,50263462"
14350,5718,Berlin,1,2020,3,13,2,3,2,6,0,0,1,0,0,0,0,0,"13,42028521","52,52524472"
14351,5719,Berlin,12,2020,11,8,5,3,5,2,0,0,1,0,0,0,1,0,"13,34764848","52,57440967"
14352,5720,Berlin,2,2020,9,15,3,3,0,7,0,1,0,0,0,0,0,0,"13,43103829","52,51807383"
14353,5721,Berlin,11,2020,3,0,1,2,1,6,2,0,1,0,0,1,0,1,"13,52523459","52,50989437"
14354,5722,Berlin,11,2020,10,11,7,3,4,6,0,1,0,0,0,0,0,0,"13,48827115","52,51241312"
14355,5723,Berlin,12,2020,8,13,5,3,5,3,0,1,1,0,0,0,0,0,"13,34056736","52,58722942"
14356,5724,Berlin,1,2020,7,13,5,3,5,5,0,1,1,0,0,0,0,1,"13,36333875","52,50036165"
14357,5725,Berlin,2,2020,5,11,1,3,5,3,0,1,1,0,0,0,0,0,"13,45376553","52,5158357"
14358,5726,Berlin,7,2020,6,18,6,3,2,6,0,0,1,0,0,0,0,0,"13,37411511","52,47057532"
14359,5727,Berlin,2,2020,2,5,7,3,5,3,2,0,1,0,0,0,0,1,"13,38055494","52,49924565"
14360,5728,Berlin,3,2020,9,16,5,3,2,6,0,0,1,0,1,0,0,0,"13,44491772","52,54575182"
14361,5729,Berlin,3,2020,12,5,4,3,0,1,2,1,0,0,0,0,0,1,"13,43864069","52,54119544"
14362,5730,Berlin,3,2020,6,15,3,3,5,2,0,1,1,0,0,0,0,0,"13,42403075","52,53909728"
14363,5732,Berlin,1,2020,2,19,7,2,3,6,2,1,1,0,0,0,0,1,"13,41069229","52,52319738"
14364,5733,Berlin,3,2020,9,7,6,3,5,2,0,1,1,0,0,0,0,0,"13,43918035","52,54124168"
14365,5734,Berlin,7,2020,7,0,1,3,0,1,2,1,0,0,0,0,0,0,"13,41099632","52,38601036"
14366,5735,Berlin,1,2020,2,16,7,2,5,3,1,0,1,0,0,0,0,0,"13,36550149","52,55797126"
14367,5736,Berlin,7,2020,10,15,6,3,6,7,0,1,0,1,0,0,0,0,"13,38611343","52,444279"
14368,5737,Berlin,12,2020,12,12,4,3,5,3,0,0,1,0,0,0,1,0,"13,34774154","52,57441318"
14369,5738,Berlin,7,2020,8,10,1,3,3,6,0,0,1,0,0,0,0,0,"13,41723589","52,46076081"
14370,5739,Berlin,12,2020,7,16,5,3,5,3,0,1,1,0,0,0,0,1,"13,31523537","52,61825045"
14371,5740,Berlin,4,2020,5,13,1,3,0,3,0,1,1,0,0,0,0,1,"13,27973633","52,50979201"
14372,5741,Berlin,4,2020,6,14,2,3,2,6,0,0,1,0,0,0,0,0,"13,28366867","52,49666129"
14373,5742,Berlin,3,2020,10,16,4,3,2,6,2,0,1,0,0,0,0,1,"13,44500009","52,54553147"
14374,5743,Berlin,1,2020,2,16,7,3,4,6,0,1,0,0,0,0,1,0,"13,4225741","52,52002106"
14375,5744,Berlin,7,2020,9,13,2,3,5,3,0,0,1,0,0,1,0,0,"13,35649294","52,47361985"
14376,5745,Berlin,2,2020,11,11,3,3,0,7,0,1,0,0,0,0,0,0,"13,37842759","52,50002348"
14377,5746,Berlin,3,2020,6,8,4,3,5,2,0,1,1,0,0,0,0,0,"13,41375375","52,55073994"
14378,5747,Berlin,8,2020,8,22,7,3,3,6,2,0,1,0,0,1,0,0,"13,44646995","52,46315817"
14379,5748,Berlin,12,2020,6,8,2,3,0,3,0,1,1,0,0,0,0,0,"13,31527352","52,61821226"
14380,5749,Berlin,3,2020,2,13,7,3,6,4,0,0,0,1,0,0,1,0,"13,4188664","52,54012631"
14381,5750,Berlin,4,2020,10,13,1,3,2,6,0,0,1,0,0,0,0,0,"13,28348149","52,52937606"
14382,5751,Berlin,10,2020,12,14,6,3,5,2,0,0,1,0,0,0,1,0,"13,60641287","52,50495252"
14383,5752,Berlin,7,2020,8,18,3,2,1,5,0,1,1,0,0,0,0,0,"13,35948497","52,48971673"
14384,5753,Berlin,12,2020,7,16,5,3,5,2,0,1,1,0,0,0,0,0,"13,36371686","52,56514288"
14385,5754,Berlin,2,2020,10,11,6,3,5,3,0,1,1,0,0,0,0,0,"13,38900958","52,49808583"
14386,5756,Berlin,12,2020,2,15,6,3,5,2,0,1,1,0,0,0,0,0,"13,36440942","52,56376395"
14387,5757,Berlin,12,2020,9,14,4,3,2,6,0,0,1,0,0,0,0,0,"13,26094258","52,60805893"
14388,5758,Berlin,7,2020,11,6,2,3,0,6,2,0,1,0,1,0,0,1,"13,37829523","52,43482513"
14389,5759,Berlin,3,2020,10,11,6,3,2,6,0,0,1,0,0,0,0,1,"13,40578156","52,56636948"
14390,5760,Berlin,4,2020,2,13,6,3,5,2,0,0,1,0,0,0,0,0,"13,28188965","52,50993235"
14391,5761,Berlin,4,2020,9,18,3,3,5,2,0,0,1,0,0,0,0,0,"13,28484072","52,51012061"
14392,5762,Berlin,1,2020,11,17,5,3,5,3,2,0,1,0,0,0,1,1,"13,36525867","52,55807966"
14393,5763,Berlin,1,2020,6,15,4,3,5,2,0,1,0,0,0,0,1,0,"13,41619904","52,52208292"
14394,5764,Berlin,4,2020,8,21,1,3,8,1,2,0,1,0,0,0,0,1,"13,298615","52,53414853"
14395,5765,Berlin,12,2020,6,16,3,3,5,3,0,0,1,0,1,0,0,0,"13,34660319","52,57938607"
14396,5766,Berlin,4,2020,2,12,6,3,3,6,0,0,1,0,0,1,0,0,"13,28278527","52,5287199"
14397,5767,Berlin,5,2020,10,16,2,3,2,6,0,0,1,0,0,0,1,1,"13,21399455","52,50960585"
14398,5768,Berlin,10,2020,12,13,7,2,0,1,0,0,0,0,1,0,0,1,"13,55439159","52,55767388"
14399,5769,Berlin,4,2020,8,19,3,3,0,4,0,0,1,1,0,0,0,0,"13,28222869","52,49777183"
14400,5770,Berlin,7,2020,7,6,6,3,5,2,0,0,0,0,1,0,1,0,"13,38262047","52,43939712"
14401,5771,Berlin,4,2020,5,14,3,3,5,2,0,1,0,0,0,0,1,0,"13,29999322","52,51125128"
14402,5772,Berlin,2,2020,10,15,7,2,2,6,0,1,1,0,0,0,0,0,"13,45304379","52,51297994"
14403,5774,Berlin,4,2020,2,9,6,2,6,7,0,0,1,1,0,0,0,0,"13,28623521","52,51020439"
14404,5775,Berlin,7,2020,9,10,4,3,1,5,0,1,1,0,0,0,0,0,"13,3578812","52,48765464"
14405,5776,Berlin,4,2020,11,14,2,3,1,5,0,1,1,0,0,0,0,0,"13,23244444","52,5069206"
14406,5777,Berlin,4,2020,5,16,4,3,2,6,0,0,1,0,0,0,0,0,"13,28383365","52,50749802"
14407,5778,Berlin,4,2020,8,7,3,3,5,2,0,1,0,0,0,0,1,0,"13,30777749","52,51175932"
14408,5779,Berlin,7,2020,6,15,4,3,2,6,0,0,1,0,0,0,0,0,"13,36541146","52,47282686"
14409,5780,Berlin,4,2020,5,8,3,3,5,2,0,0,1,1,0,0,0,0,"13,30131778","52,51133833"
14410,5781,Berlin,3,2020,2,8,6,3,5,3,0,1,1,0,0,0,0,0,"13,40251882","52,59221462"
14411,5782,Berlin,10,2020,9,13,4,3,0,1,0,1,0,0,0,0,0,0,"13,60420211","52,50496729"
14412,5783,Berlin,7,2020,12,18,6,3,6,7,2,0,1,1,0,0,0,0,"13,39871878","52,41852586"
14413,5784,Berlin,11,2020,8,9,4,2,5,2,0,1,1,0,0,0,0,0,"13,48422987","52,51268968"
14414,5785,Berlin,4,2020,6,8,6,3,3,6,0,0,1,0,0,1,0,0,"13,28142861","52,50493857"
14415,5786,Berlin,1,2020,10,14,7,3,5,7,0,0,1,0,0,0,0,0,"13,36852964","52,53885173"
14416,5788,Berlin,7,2020,2,11,5,3,2,6,0,0,1,0,0,1,0,1,"13,38557419","52,47242898"
14417,5789,Berlin,1,2020,11,16,4,2,1,5,2,1,1,0,0,0,0,0,"13,41747238","52,5232435"
14418,5790,Berlin,1,2020,9,16,3,3,5,3,0,0,1,0,1,0,0,0,"13,36808964","52,50583456"
14419,5791,Berlin,11,2020,8,15,2,3,5,2,0,1,0,0,0,0,1,0,"13,48330367","52,58305147"
14420,5792,Berlin,1,2020,2,17,4,3,4,6,0,1,0,0,0,0,1,0,"13,36735728","52,50488224"
14421,5793,Berlin,4,2020,10,10,6,3,0,6,0,0,0,0,0,0,1,0,"13,29413083","52,53729424"
14422,5794,Berlin,2,2020,8,15,4,2,2,2,0,1,0,0,0,0,0,0,"13,46616819","52,51464826"
14423,5795,Berlin,7,2020,7,12,4,3,2,6,0,0,1,0,0,0,0,1,"13,35743564","52,47383557"
14424,5796,Berlin,1,2020,6,9,6,3,5,3,0,1,1,0,0,0,0,0,"13,41982397","52,5253891"
14425,5797,Berlin,3,2020,11,13,5,3,2,7,0,0,1,0,0,0,1,0,"13,41199847","52,54147936"
14426,5798,Berlin,1,2020,2,18,4,3,6,2,2,0,1,1,0,0,0,1,"13,36876337","52,54115293"
14427,5799,Berlin,4,2020,9,22,5,3,6,4,2,1,0,1,0,0,0,0,"13,28840795","52,51033996"
14428,5800,Berlin,12,2020,12,10,3,3,2,6,0,0,1,0,0,0,1,0,"13,34766272","52,57462059"
14429,5801,Berlin,6,2020,6,17,2,3,8,1,0,1,0,0,0,0,0,0,"13,15545884","52,41914731"
14430,5803,Berlin,1,2020,2,15,4,3,0,2,0,1,0,0,0,0,1,0,"13,37017055","52,53996984"
14431,5804,Berlin,5,2020,9,17,5,3,5,3,0,0,1,0,0,0,0,0,"13,20490171","52,51143456"
14432,5805,Berlin,12,2020,7,16,6,3,5,3,0,1,1,0,0,0,0,0,"13,31732523","52,61598406"
14433,5806,Berlin,9,2020,2,14,4,2,5,3,0,1,1,0,0,0,0,0,"13,49317407","52,46776929"
14434,5807,Berlin,3,2020,10,13,5,3,3,6,0,1,0,0,0,0,1,0,"13,43555306","52,53514704"
14435,5808,Berlin,6,2020,12,14,3,3,0,5,0,1,1,0,0,0,0,0,"13,16418371","52,4200594"
14436,5809,Berlin,1,2020,5,18,4,3,5,3,0,1,1,0,0,0,0,0,"13,37210589","52,50511777"
14437,5810,Berlin,3,2020,8,15,7,3,5,3,0,0,1,0,0,0,1,0,"13,42354322","52,52818385"
14438,5811,Berlin,11,2020,7,14,4,3,3,1,0,0,1,0,0,1,0,0,"13,50289804","52,51092289"
14439,5812,Berlin,4,2020,5,23,1,2,0,1,2,1,0,0,0,0,0,0,"13,30034095","52,4880004"
14440,5813,Berlin,11,2020,10,8,4,3,8,1,0,0,0,0,1,0,0,1,"13,52818794","52,51023126"
14441,5814,Berlin,2,2020,2,21,4,3,9,1,2,0,1,0,0,0,0,1,"13,38630348","52,4889439"
14442,5815,Berlin,12,2020,9,13,1,3,8,1,0,0,1,0,0,0,0,0,"13,3023703","52,55033506"
14443,5816,Berlin,3,2020,11,7,2,3,6,4,0,0,1,1,0,0,0,0,"13,41485593","52,55457731"
14444,5817,Berlin,1,2020,5,17,4,2,5,3,0,1,1,0,0,0,0,0,"13,40167351","52,51132327"
14445,5818,Berlin,7,2020,8,20,6,3,6,7,1,0,1,1,0,0,0,0,"13,38550366","52,46645387"
14446,5819,Berlin,9,2020,6,18,7,3,5,3,1,1,1,0,0,0,0,1,"13,46872454","52,48422039"
14447,5820,Berlin,7,2020,2,20,4,3,5,3,2,0,1,0,0,0,0,0,"13,3857614","52,48009897"
14448,5821,Berlin,2,2020,10,22,7,3,4,6,2,1,0,0,0,0,1,0,"13,44633391","52,51650632"
14449,5822,Berlin,12,2020,12,6,5,3,2,6,2,0,1,0,0,0,0,0,"13,30542501","52,57076092"
14450,5823,Berlin,2,2020,8,10,2,3,5,2,0,1,0,0,0,0,1,0,"13,38927231","52,49745632"
14451,5824,Berlin,1,2020,7,8,5,3,0,6,0,0,0,0,1,0,1,1,"13,3667723","52,53202831"
14452,5825,Berlin,1,2020,2,19,4,3,2,6,2,0,1,0,0,0,0,1,"13,37221503","52,5050415"
14453,5826,Berlin,6,2020,10,0,5,3,2,6,2,0,1,0,0,0,1,0,"13,31475351","52,4532235"
14454,5828,Berlin,10,2020,2,18,4,3,5,2,2,1,1,0,0,0,0,1,"13,55334756","52,50934638"
14455,5829,Berlin,10,2020,9,12,3,2,5,3,0,0,1,0,0,1,0,0,"13,55828112","52,562885"
14456,5830,Berlin,3,2020,11,13,1,3,2,6,0,1,1,0,0,0,0,0,"13,42254531","52,53956242"
14457,5831,Berlin,7,2020,9,0,6,3,3,2,2,0,1,0,0,0,0,0,"13,38161398","52,43917372"
14458,5832,Berlin,7,2020,5,17,4,3,2,6,0,0,1,0,0,0,0,0,"13,36696111","52,47228315"
14459,5833,Berlin,3,2020,8,1,7,3,2,6,2,1,1,0,0,0,0,0,"13,44307485","52,53045746"
14460,5834,Berlin,1,2020,6,16,3,3,5,2,0,1,1,0,0,0,0,0,"13,37022866","52,53993364"
14461,5835,Berlin,1,2020,2,22,3,3,2,6,2,0,1,0,0,0,0,0,"13,39136759","52,51702793"
14462,5836,Berlin,12,2020,9,20,2,3,5,2,2,0,1,0,0,0,1,0,"13,35906727","52,57338117"
14463,5837,Berlin,4,2020,12,9,3,3,2,6,0,0,1,0,0,0,1,0,"13,30446595","52,4847913"
14464,5838,Berlin,2,2020,6,12,4,3,5,3,0,1,1,1,0,0,0,0,"13,44753959","52,52625903"
14465,5840,Berlin,9,2020,2,21,3,3,2,6,2,0,1,0,0,0,0,0,"13,45881354","52,49095135"
14466,5841,Berlin,2,2020,11,18,2,2,5,2,2,1,1,0,0,0,0,0,"13,4537493","52,51591276"
14467,5842,Berlin,6,2020,9,17,1,3,1,5,0,1,1,0,0,0,0,0,"13,16841724","52,42066201"
14468,5843,Berlin,7,2020,7,11,6,3,2,6,0,0,1,0,0,0,0,0,"13,38444789","52,45339325"
14469,5844,Berlin,2,2020,2,11,3,2,6,7,0,0,1,1,0,0,0,1,"13,38905855","52,49462065"
14470,5845,Berlin,12,2020,10,14,4,3,5,3,0,0,1,0,0,0,0,1,"13,33153206","52,60042605"
14471,5846,Berlin,7,2020,8,14,3,2,1,5,0,1,1,0,0,0,0,0,"13,38551333","52,4649795"
14472,5847,Berlin,4,2020,7,15,2,3,2,6,0,0,1,0,0,0,0,0,"13,28296267","52,52863546"
14473,5848,Berlin,2,2020,5,23,7,3,5,3,2,1,1,0,0,0,0,0,"13,45064723","52,51622024"
14474,5849,Berlin,6,2020,6,19,4,3,5,3,0,1,0,0,0,0,0,0,"13,26055659","52,43498619"
14475,5850,Berlin,4,2020,11,20,2,2,3,6,2,0,1,0,1,0,0,0,"13,28274297","52,52865863"
14476,5851,Berlin,3,2020,2,18,3,3,6,4,2,1,0,1,0,0,0,0,"13,43258724","52,53621656"
14477,5852,Berlin,6,2020,9,13,4,3,1,5,0,1,1,0,0,0,0,0,"13,29609794","52,44643139"
14478,5853,Berlin,7,2020,11,12,7,3,3,6,0,0,1,0,0,0,0,0,"13,38550606","52,46974207"
14479,5854,Berlin,3,2020,5,16,4,3,3,6,0,1,0,0,0,0,0,0,"13,42575716","52,52974337"
14480,5855,Berlin,10,2020,8,16,2,3,0,2,0,1,1,0,0,0,0,0,"13,55300565","52,50905938"
14481,5856,Berlin,7,2020,6,11,4,3,3,6,0,0,1,0,1,0,0,0,"13,40028135","52,41640045"
14482,5857,Berlin,9,2020,2,17,3,3,5,2,1,1,1,0,0,0,0,1,"13,50627257","52,45886474"
14483,5858,Berlin,3,2020,9,8,3,3,2,6,0,0,1,0,0,0,1,0,"13,42780316","52,56192406"
14484,5859,Berlin,4,2020,12,17,4,3,5,2,1,0,1,0,0,0,0,1,"13,32291989","52,51242355"
14485,5860,Berlin,7,2020,8,16,3,3,0,1,0,0,1,0,1,0,0,0,"13,37039626","52,47091918"
14486,5861,Berlin,3,2020,6,16,5,3,6,7,0,1,0,1,0,0,0,0,"13,44243358","52,54441454"
14487,5862,Berlin,7,2020,10,17,7,3,2,6,0,0,1,0,0,0,0,0,"13,38761144","52,4389981"
14488,5864,Berlin,10,2020,2,5,2,2,6,6,1,0,1,1,0,0,0,1,"13,53693454","52,53261638"
14489,5865,Berlin,3,2020,11,10,3,2,0,2,0,0,0,0,0,1,1,0,"13,44496819","52,54551697"
14490,5866,Berlin,3,2020,9,14,2,3,3,6,0,1,1,0,0,0,0,0,"13,44809828","52,54693916"
14491,5867,Berlin,2,2020,8,1,1,3,2,6,2,0,1,0,1,0,0,0,"13,38605377","52,48571275"
14492,5868,Berlin,7,2020,2,7,2,3,5,2,0,0,0,0,1,0,1,0,"13,38259479","52,43939278"
14493,5869,Berlin,3,2020,10,15,5,3,2,6,0,0,1,0,0,1,0,1,"13,43388882","52,53671521"
14494,5870,Berlin,3,2020,8,14,3,3,2,6,0,1,0,0,0,0,1,0,"13,41702878","52,5402109"
14495,5871,Berlin,3,2020,7,13,3,3,1,5,0,1,1,0,0,0,0,0,"13,44721773","52,52702935"
14496,5872,Berlin,7,2020,6,18,5,3,1,1,0,0,1,0,0,0,0,1,"13,38509056","52,44981495"
14497,5873,Berlin,7,2020,11,6,4,3,6,4,2,0,1,1,0,0,0,0,"13,36610162","52,41692405"
14498,5874,Berlin,2,2020,2,20,2,3,5,3,1,1,1,0,0,0,0,1,"13,46015358","52,51525271"
14499,5875,Berlin,2,2020,9,11,5,3,5,2,0,1,1,0,0,0,0,0,"13,38862893","52,49816686"
14500,5876,Berlin,12,2020,11,8,2,3,3,6,0,0,1,0,0,1,0,0,"13,30453523","52,57385609"
14501,5877,Berlin,6,2020,6,9,1,2,4,6,0,1,0,0,0,0,0,0,"13,20035745","52,4222037"
14502,5878,Berlin,6,2020,2,19,2,3,2,6,2,0,1,0,0,0,0,1,"13,19200066","52,43107425"
14503,5879,Berlin,3,2020,9,15,4,3,1,5,0,1,1,0,0,0,0,1,"13,41259523","52,54396318"
14504,5880,Berlin,2,2020,7,21,5,3,1,5,1,0,1,0,1,0,0,0,"13,47031863","52,5142319"
14505,5881,Berlin,4,2020,2,15,2,3,3,6,0,0,1,0,0,1,0,0,"13,28563852","52,49465496"
14506,5882,Berlin,5,2020,10,10,4,3,0,7,0,0,1,0,0,0,1,0,"13,1511337","52,49716995"
14507,5883,Berlin,11,2020,12,17,6,3,6,4,2,1,0,1,0,0,0,1,"13,47700011","52,51355977"
14508,5884,Berlin,12,2020,8,11,5,3,2,6,0,0,1,0,0,0,0,0,"13,32381694","52,60785512"
14509,5885,Berlin,10,2020,7,18,3,2,2,6,0,0,1,0,0,0,0,0,"13,59340801","52,50506058"
14510,5886,Berlin,7,2020,5,13,7,3,8,1,0,0,1,0,0,0,0,0,"13,35426256","52,47357897"
14511,5887,Berlin,4,2020,10,17,3,3,3,6,2,0,1,0,0,0,1,0,"13,28088894","52,50302219"
14512,5888,Berlin,2,2020,2,16,1,3,2,6,2,0,1,0,0,0,0,1,"13,388632","52,49767469"
14513,5889,Berlin,1,2020,9,20,1,3,2,6,1,0,1,0,0,0,0,0,"13,40403644","52,51274405"
14514,5890,Berlin,9,2020,11,15,2,3,2,6,0,0,1,0,0,0,0,0,"13,50549508","52,45959049"
14515,5891,Berlin,4,2020,5,15,4,2,1,1,0,1,0,0,0,1,0,0,"13,22611069","52,50716165"
14516,5892,Berlin,1,2020,8,16,5,3,2,6,0,0,1,0,0,0,0,0,"13,34680652","52,51421055"
14517,5893,Berlin,10,2020,6,10,6,3,2,6,0,0,1,0,0,1,0,0,"13,56712165","52,50679776"
14518,5894,Berlin,1,2020,2,17,1,3,5,3,2,0,1,0,0,0,0,1,"13,40919283","52,5167589"
14519,5895,Berlin,7,2020,10,16,6,3,5,3,0,1,1,0,0,0,0,0,"13,3973313","52,4216206"
14520,5896,Berlin,1,2020,12,0,3,3,2,6,2,0,1,0,0,0,0,0,"13,37010734","52,53974491"
14521,5897,Berlin,12,2020,8,0,1,3,6,7,2,1,0,1,0,0,0,0,"13,36168942","52,56900195"
14522,5898,Berlin,1,2020,6,22,3,3,5,3,2,0,1,0,0,0,0,0,"13,40919377","52,51675969"
14523,5899,Berlin,3,2020,2,20,7,3,3,6,2,0,1,0,0,0,0,0,"13,43944611","52,54147136"
14524,5900,Berlin,7,2020,10,14,5,3,1,5,0,1,1,0,0,0,0,0,"13,36157719","52,49674274"
14525,5902,Berlin,3,2020,2,19,7,3,6,4,2,0,0,1,0,0,1,1,"13,45234995","52,5486852"
14526,5903,Berlin,4,2020,9,17,2,3,5,2,0,0,1,0,1,0,0,0,"13,32297127","52,51242983"
14527,5904,Berlin,1,2020,11,23,7,2,6,7,2,0,1,1,0,0,0,0,"13,36454332","52,53429013"
14528,5905,Berlin,4,2020,9,12,6,2,2,6,0,0,0,0,0,1,1,0,"13,28276935","52,51882016"
14529,5906,Berlin,12,2020,2,19,7,3,6,2,2,0,1,1,0,0,0,1,"13,36420008","52,56368314"
14530,5907,Berlin,1,2020,5,13,3,3,3,6,0,0,1,0,0,0,0,0,"13,36901738","52,54857845"
14531,5908,Berlin,4,2020,8,10,7,3,2,6,0,0,1,0,0,0,0,1,"13,28139242","52,50989961"
14532,5909,Berlin,4,2020,7,19,3,3,2,6,0,0,1,0,0,0,0,0,"13,28633068","52,53225673"
14533,5910,Berlin,3,2020,6,15,2,3,2,6,0,1,0,0,0,0,0,0,"13,46788816","52,56129549"
14534,5911,Berlin,12,2020,2,20,6,2,1,5,2,0,1,0,0,0,0,0,"13,35028517","52,57402703"
14535,5912,Berlin,12,2020,9,10,7,3,8,1,0,0,1,0,0,0,0,1,"13,25134755","52,61804814"
14536,5913,Berlin,2,2020,12,2,2,3,3,6,2,1,0,0,0,0,0,0,"13,38731043","52,49849077"
14537,5914,Berlin,2,2020,6,11,4,3,2,6,0,1,0,0,0,0,0,0,"13,45817459","52,51545936"
14538,5916,Berlin,1,2020,2,18,6,3,5,5,0,0,1,0,0,0,0,0,"13,40326956","52,51926778"
14539,5917,Berlin,1,2020,11,13,6,3,0,7,0,0,0,0,1,0,0,1,"13,37014858","52,53998353"
14540,5918,Berlin,4,2020,9,18,7,3,5,2,0,0,1,0,1,0,0,0,"13,32294487","52,51246954"
14541,5919,Berlin,2,2020,7,12,6,2,3,6,0,1,0,0,0,0,0,0,"13,45242538","52,51908975"
14542,5920,Berlin,12,2020,2,13,6,3,2,6,0,0,1,0,0,0,0,0,"13,28957478","52,58937421"
14543,5921,Berlin,9,2020,10,22,2,3,3,6,2,0,1,0,1,0,0,0,"13,45800355","52,49148962"
14544,5922,Berlin,5,2020,8,15,2,3,2,6,0,0,1,0,0,0,0,0,"13,1756041","52,51432092"
14545,5923,Berlin,2,2020,7,21,1,3,5,2,0,1,1,0,0,0,0,0,"13,44794967","52,52631697"
14546,5924,Berlin,2,2020,6,13,4,3,3,6,0,1,1,0,0,0,0,0,"13,46744374","52,51436734"
14547,5925,Berlin,1,2020,11,13,1,3,5,3,0,0,1,0,0,0,0,1,"13,36525906","52,55807764"
14548,5926,Berlin,12,2020,2,10,6,3,5,3,0,0,1,0,0,1,0,1,"13,36350669","52,5651798"
14549,5927,Berlin,3,2020,9,17,3,3,2,7,0,1,0,0,1,0,0,0,"13,39057506","52,61855745"
14550,5928,Berlin,3,2020,11,20,7,3,2,6,2,0,1,0,0,0,1,0,"13,41300525","52,55893691"
14551,5929,Berlin,4,2020,6,15,5,3,4,6,0,0,1,0,0,0,1,0,"13,25941266","52,50859037"
14552,5930,Berlin,7,2020,2,12,6,3,0,6,0,1,1,0,0,0,0,0,"13,39574825","52,42380666"
14553,5931,Berlin,1,2020,8,18,2,3,2,6,0,0,1,0,0,0,0,0,"13,394757","52,51070399"
14554,5932,Berlin,4,2020,7,14,4,3,3,6,0,1,0,0,1,0,0,0,"13,29697658","52,51086212"
14555,5933,Berlin,2,2020,2,6,6,3,5,3,2,1,1,0,0,0,0,1,"13,44772363","52,50247348"
14556,5934,Berlin,4,2020,10,9,3,3,3,6,0,0,1,0,0,0,0,0,"13,29323686","52,51063562"
14557,5935,Berlin,4,2020,12,12,3,3,5,7,0,0,1,0,0,0,0,0,"13,30752915","52,51174628"
14558,5936,Berlin,5,2020,8,16,4,3,5,2,0,1,1,0,0,0,0,0,"13,12617614","52,47854284"
14559,5937,Berlin,2,2020,7,9,2,3,5,2,0,1,1,0,0,0,0,0,"13,47326423","52,51378742"
14560,5938,Berlin,7,2020,5,7,5,3,0,5,0,0,0,0,1,0,1,0,"13,38549136","52,46896893"
14561,5939,Berlin,7,2020,10,8,2,3,2,6,0,0,1,0,0,0,1,1,"13,38552685","52,47067615"
14562,5941,Berlin,1,2020,2,23,5,3,5,2,2,0,1,0,0,0,0,1,"13,40918341","52,51675108"
14563,5942,Berlin,3,2020,9,2,5,3,2,6,2,1,1,0,0,0,0,0,"13,44400486","52,52960206"