,id,city,district,year,month,hour,weekday,injury_level,collision,movement,light_conditions,bicycle,car,pedestrian,motorbike,truck,other_vehicle,road_conditions,longitude,latitude
14564,5943,Berlin,1,2020,11,16,4,2,6,7,0,0,0,1,0,0,1,0,"13,3688243","52,54914451"
14565,5944,Berlin,2,2020,5,21,3,3,0,1,1,1,0,0,0,0,0,0,"13,38775549","52,49838143"
14566,5945,Berlin,10,2020,8,14,3,3,5,2,0,1,1,0,0,0,0,0,"13,59091864","52,50508923"
14567,5946,Berlin,1,2020,6,17,5,3,0,2,0,1,1,0,0,0,0,0,"13,36315918","52,5356882"
14568,5947,Berlin,7,2020,6,15,6,3,2,6,0,0,1,0,0,0,0,0,"13,38559653","52,44704371"
14569,5948,Berlin,12,2020,2,0,5,3,3,6,2,0,1,0,0,0,0,1,"13,31596572","52,61236925"
14570,5949,Berlin,4,2020,9,15,3,2,2,6,0,0,1,0,0,0,1,0,"13,27559073","52,50086943"
14571,5950,Berlin,6,2020,7,13,5,3,1,7,0,0,1,0,0,0,0,0,"13,10538185","52,41379324"
14572,5951,Berlin,2,2020,2,21,5,3,2,6,2,0,1,0,0,0,0,0,"13,4472111","52,52661995"
14573,5952,Berlin,4,2020,10,16,4,2,3,6,0,0,1,0,1,0,0,1,"13,2277991","52,50683915"
14574,5953,Berlin,1,2020,12,16,4,3,5,3,2,0,1,0,0,0,0,1,"13,40905951","52,51710283"
14575,5954,Berlin,6,2020,8,13,5,3,5,3,0,1,1,0,0,0,0,0,"13,20228849","52,42306405"
14576,5955,Berlin,10,2020,7,17,2,3,2,6,0,0,1,0,0,0,0,0,"13,61613615","52,5047725"
14577,5956,Berlin,7,2020,5,16,6,3,3,2,0,0,1,0,0,1,0,0,"13,38549807","52,46955376"
14578,5957,Berlin,3,2020,10,20,2,2,8,1,2,0,1,0,0,1,0,1,"13,47933584","52,62741682"
14579,5958,Berlin,1,2020,2,18,5,2,6,4,1,1,0,1,0,0,0,1,"13,36425501","52,50142319"
14580,5959,Berlin,7,2020,9,0,7,3,1,5,2,0,1,0,0,0,1,0,"13,3613823","52,49628263"
14581,5960,Berlin,8,2020,11,18,5,3,2,6,2,0,1,0,0,1,0,1,"13,447289","52,46303633"
14582,5961,Berlin,7,2020,5,19,3,3,1,5,1,1,1,0,0,0,0,0,"13,38488859","52,45103668"
14583,5962,Berlin,1,2020,8,18,4,3,2,6,0,0,1,0,0,0,0,1,"13,36890551","52,54097067"
14584,5963,Berlin,3,2020,6,10,6,3,3,6,0,1,0,0,0,0,0,0,"13,4135442","52,54089689"
14585,5964,Berlin,12,2020,2,18,5,3,5,3,2,1,1,0,0,0,0,1,"13,31229371","52,62439779"
14586,5965,Berlin,2,2020,10,14,5,2,0,6,0,0,0,0,1,0,1,0,"13,45589692","52,50019765"
14587,5966,Berlin,1,2020,12,14,3,3,6,4,0,1,0,1,0,0,0,0,"13,42232046","52,52036244"
14588,5967,Berlin,4,2020,8,14,7,3,5,2,0,0,1,0,1,0,0,0,"13,30140368","52,51134398"
14589,5968,Berlin,3,2020,6,19,2,3,5,2,0,1,1,0,0,0,0,0,"13,40236519","52,59168399"
14590,5969,Berlin,1,2020,2,19,4,3,5,5,2,0,1,0,0,0,0,1,"13,36928595","52,53928847"
14591,5970,Berlin,2,2020,10,4,4,2,5,2,2,0,1,0,0,0,0,1,"13,46017461","52,51525052"
14592,5972,Berlin,10,2020,2,18,4,3,2,6,2,0,1,0,0,0,0,1,"13,60982932","52,5047955"
14593,5973,Berlin,10,2020,9,19,1,2,2,6,1,0,1,0,1,0,0,0,"13,55387092","52,5093259"
14594,5974,Berlin,9,2020,11,8,6,2,5,2,0,1,1,0,0,0,0,0,"13,51309752","52,45416576"
14595,5975,Berlin,4,2020,9,11,5,3,6,4,0,0,1,1,0,0,0,0,"13,29724952","52,51088051"
14596,5976,Berlin,1,2020,2,16,4,3,5,2,0,1,0,0,0,0,1,0,"13,41235264","52,51942544"
14597,5977,Berlin,1,2020,5,18,3,3,5,3,0,0,1,0,0,0,0,0,"13,36550176","52,55796995"
14598,5978,Berlin,12,2020,8,15,6,1,5,2,0,1,0,0,0,1,0,0,"13,34765472","52,57449384"
14599,5979,Berlin,3,2020,7,6,2,3,8,1,0,0,0,0,0,1,0,0,"13,44832687","52,63311366"
14600,5980,Berlin,7,2020,6,0,1,3,0,1,2,1,0,0,0,0,0,0,"13,40546943","52,40727677"
14601,5981,Berlin,4,2020,2,16,4,3,2,6,0,0,1,0,0,0,0,0,"13,28501971","52,50925364"
14602,5982,Berlin,1,2020,9,9,6,3,5,2,0,0,1,0,0,0,0,1,"13,37198973","52,50511131"
14603,5983,Berlin,1,2020,12,10,1,3,5,2,0,1,1,0,0,0,0,0,"13,36832972","52,50627802"
14604,5984,Berlin,7,2020,6,13,4,3,2,6,0,0,1,0,1,0,0,0,"13,35827839","52,47399227"
14605,5986,Berlin,4,2020,2,7,4,3,2,6,0,0,1,0,0,0,0,1,"13,30787154","52,51157466"
14606,5987,Berlin,3,2020,11,7,5,3,0,2,0,1,1,0,0,0,0,0,"13,39055023","52,61860501"
14607,5988,Berlin,6,2020,9,14,7,3,5,7,0,0,1,0,0,0,0,0,"13,17209557","52,42080292"
14608,5989,Berlin,7,2020,7,17,4,3,2,6,0,0,1,0,1,0,0,0,"13,3543864","52,47883999"
14609,5990,Berlin,6,2020,2,12,4,3,2,6,0,0,1,0,0,0,1,1,"13,27118073","52,43817344"
14610,5991,Berlin,3,2020,10,0,7,3,5,3,2,1,1,0,0,0,0,1,"13,42430956","52,53927339"
14611,5992,Berlin,4,2020,8,10,2,3,2,6,0,0,1,0,0,0,0,0,"13,25966486","52,50860316"
14612,5993,Berlin,8,2020,7,20,6,3,2,6,1,0,1,0,0,0,0,0,"13,44816963","52,46332805"
14613,5994,Berlin,4,2020,5,22,7,3,2,6,2,0,1,0,0,0,0,0,"13,32336922","52,47795429"
14614,5995,Berlin,12,2020,6,11,3,3,3,6,0,0,1,0,0,0,0,0,"13,33243377","52,59810479"
14615,5996,Berlin,4,2020,10,13,7,3,0,6,0,0,1,0,1,0,0,1,"13,32353073","52,5127927"
14616,5997,Berlin,3,2020,2,9,4,3,6,7,0,0,1,1,0,0,0,1,"13,4030984","52,59473358"
14617,5998,Berlin,3,2020,9,11,3,3,6,7,0,0,1,1,0,0,0,0,"13,41345914","52,54905215"
14618,5999,Berlin,4,2020,11,17,6,3,2,6,2,0,1,0,0,0,0,1,"13,32436911","52,47794863"
14619,6000,Berlin,1,2020,6,4,5,3,2,6,0,0,1,0,1,0,0,0,"13,40140814","52,51140568"
14620,6001,Berlin,2,2020,8,12,2,3,2,6,0,0,1,0,0,1,0,0,"13,44726724","52,52656673"
14621,6002,Berlin,7,2020,6,17,3,3,2,6,0,1,0,0,0,0,0,0,"13,36233507","52,498533"
14622,6003,Berlin,3,2020,2,19,3,2,6,7,2,1,0,1,0,0,0,0,"13,42754115","52,56209533"
14623,6004,Berlin,6,2020,10,17,2,3,5,2,0,1,1,0,0,0,0,0,"13,30417084","52,44960285"
14624,6005,Berlin,12,2020,12,7,2,3,5,3,0,1,1,0,0,0,0,1,"13,36037881","52,57150743"
14625,6006,Berlin,3,2020,8,8,4,2,5,2,0,1,1,0,0,0,0,0,"13,41375441","52,55767052"
14626,6007,Berlin,2,2020,7,22,1,3,0,1,2,0,0,0,1,0,0,1,"13,44977149","52,50192528"
14627,6008,Berlin,3,2020,5,19,3,3,2,6,0,0,1,0,0,0,0,0,"13,41329614","52,54093216"
14628,6009,Berlin,5,2020,10,20,1,2,9,1,2,0,0,0,1,0,0,0,"13,16889364","52,50910006"
14629,6011,Berlin,7,2020,2,14,3,3,2,6,0,0,1,0,0,0,0,1,"13,35222318","52,48021701"
14630,6012,Berlin,6,2020,9,15,5,3,3,6,0,0,0,0,1,0,0,0,"13,31474781","52,45322171"
14631,6013,Berlin,4,2020,11,13,3,3,2,6,0,0,1,0,0,0,0,0,"13,26146539","52,50869877"
14632,6014,Berlin,2,2020,5,17,3,3,5,3,0,1,1,0,0,0,0,0,"13,43647061","52,51750008"
14633,6015,Berlin,4,2020,8,18,3,3,3,6,0,0,1,0,1,0,0,0,"13,30558849","52,51161784"
14634,6016,Berlin,7,2020,6,11,5,2,2,3,0,0,1,0,0,0,1,1,"13,35671996","52,4736858"
14635,6017,Berlin,12,2020,5,11,2,3,5,3,0,1,1,0,0,0,0,0,"13,36419169","52,56372488"
14636,6018,Berlin,7,2020,2,8,3,3,5,2,0,0,1,0,0,0,0,1,"13,35416196","52,4789971"
14637,6019,Berlin,6,2020,9,15,4,3,0,7,0,0,1,0,0,0,0,0,"13,19691824","52,41738245"
14638,6020,Berlin,3,2020,12,12,6,3,1,7,0,0,1,0,0,0,0,0,"13,43966177","52,54165774"
14639,6021,Berlin,12,2020,8,12,4,2,3,6,0,0,1,0,0,1,0,0,"13,30534305","52,57243121"
14640,6022,Berlin,12,2020,6,10,7,3,0,1,0,0,0,0,1,0,0,0,"13,36170382","52,56897442"
14641,6023,Berlin,7,2020,10,12,1,3,6,4,0,0,1,1,0,0,0,1,"13,35778264","52,40719177"
14642,6025,Berlin,7,2020,2,8,3,2,2,2,0,0,1,0,0,1,0,1,"13,33901828","52,47849699"
14643,6026,Berlin,4,2020,11,18,4,3,2,6,2,0,1,0,0,0,0,0,"13,29902526","52,54596837"
14644,6027,Berlin,9,2020,9,18,3,3,2,6,0,1,1,0,0,0,0,0,"13,46170655","52,49467478"
14645,6028,Berlin,4,2020,8,16,2,3,2,6,0,0,1,0,0,0,1,0,"13,28287737","52,51899836"
14646,6029,Berlin,5,2020,2,22,3,2,6,2,2,0,1,1,0,0,0,0,"13,1788817","52,51651261"
14647,6030,Berlin,7,2020,10,17,6,2,2,6,0,0,1,0,0,0,0,0,"13,39073278","52,43325441"
14648,6031,Berlin,3,2020,8,19,4,3,5,2,0,1,1,0,0,0,0,0,"13,43859306","52,54115526"
14649,6032,Berlin,12,2020,7,17,5,2,5,2,0,0,1,0,1,0,0,0,"13,31289805","52,62236182"
14650,6033,Berlin,7,2020,6,15,6,3,1,5,0,0,0,0,0,0,1,0,"13,39131239","52,43158667"
14651,6034,Berlin,3,2020,2,19,3,3,0,2,1,1,0,0,0,0,0,0,"13,4243583","52,5392618"
14652,6035,Berlin,1,2020,9,16,5,3,3,2,0,0,1,0,0,0,1,0,"13,41644153","52,52221815"
14653,6036,Berlin,10,2020,12,15,4,3,5,2,0,1,0,0,0,1,0,0,"13,58133122","52,50508545"
14654,6037,Berlin,6,2020,6,10,2,3,5,2,0,1,1,0,0,0,0,0,"13,3146247","52,4531829"
14655,6038,Berlin,3,2020,5,18,1,3,2,6,0,0,1,0,0,0,0,0,"13,44220737","52,54385651"
14656,6039,Berlin,7,2020,2,17,3,3,2,6,1,0,1,0,0,0,0,0,"13,3625624","52,49908476"
14657,6040,Berlin,4,2020,10,6,5,3,3,6,0,0,1,0,0,1,0,0,"13,30631729","52,48350119"
14658,6041,Berlin,1,2020,12,21,1,3,5,3,2,1,1,0,0,0,0,0,"13,36549182","52,55801873"
14659,6042,Berlin,6,2020,8,16,5,2,0,1,0,1,0,0,0,0,0,0,"13,09748979","52,41335541"
14660,6043,Berlin,1,2020,6,16,2,3,2,2,0,0,1,0,0,0,0,0,"13,36833544","52,54111107"
14661,6044,Berlin,1,2020,2,12,3,3,5,7,0,0,1,0,0,0,0,1,"13,38181415","52,50985596"
14662,6045,Berlin,4,2020,10,11,2,3,6,7,0,0,1,1,0,0,0,1,"13,22280198","52,50782526"
14663,6047,Berlin,10,2020,2,13,2,3,2,6,0,0,1,0,0,0,1,0,"13,58339032","52,50516793"
14664,6048,Berlin,4,2020,11,17,6,2,6,4,2,1,0,1,0,0,0,0,"13,31877689","52,51248301"
14665,6049,Berlin,4,2020,9,16,5,3,5,2,0,0,1,0,1,0,0,0,"13,28038493","52,51000008"
14666,6050,Berlin,3,2020,2,6,2,3,2,6,2,0,1,0,0,0,1,0,"13,39844548","52,57637213"
14667,6051,Berlin,11,2020,8,15,5,3,5,2,0,1,1,0,0,0,0,0,"13,48445849","52,51279834"
14668,6052,Berlin,2,2020,7,5,6,3,0,6,1,0,1,0,1,0,0,0,"13,38622819","52,4896712"
14669,6053,Berlin,7,2020,6,16,6,3,2,6,0,0,1,0,0,0,0,0,"13,39476811","52,46725051"
14670,6054,Berlin,1,2020,2,19,2,2,6,7,2,0,0,1,0,0,1,0,"13,39397713","52,51739006"
14671,6055,Berlin,7,2020,9,18,5,2,5,3,0,1,0,0,0,0,1,0,"13,38574087","52,46946449"
14672,6056,Berlin,4,2020,12,11,6,3,2,6,0,0,1,0,0,0,0,0,"13,28673372","52,51378443"
14673,6057,Berlin,2,2020,6,19,3,3,5,2,0,0,1,0,0,0,1,0,"13,44796955","52,52628761"
14674,6059,Berlin,7,2020,2,15,2,2,3,6,0,0,1,0,0,1,0,0,"13,3452055","52,47221018"
14675,6060,Berlin,12,2020,9,10,6,3,0,1,0,0,0,0,1,0,0,1,"13,30851871","52,5657968"
14676,6061,Berlin,4,2020,7,21,3,3,1,5,2,0,0,0,1,0,1,0,"13,29827403","52,51113767"
14677,6062,Berlin,4,2020,2,15,2,3,1,5,0,0,1,0,0,0,0,0,"13,31333165","52,51212326"
14678,6063,Berlin,7,2020,10,16,6,3,2,6,0,0,1,0,0,0,0,0,"13,38700817","52,46960634"
14679,6064,Berlin,12,2020,12,20,5,2,4,6,2,0,1,0,0,0,0,1,"13,34048672","52,58733161"
14680,6065,Berlin,1,2020,8,13,1,2,0,1,0,1,0,0,0,0,0,0,"13,36294315","52,51538225"
14681,6066,Berlin,7,2020,7,9,6,3,2,6,0,0,1,0,0,0,1,1,"13,3758829","52,42971771"
14682,6067,Berlin,3,2020,6,19,3,3,5,3,0,1,1,0,0,0,0,0,"13,43331883","52,53622067"
14683,6068,Berlin,6,2020,10,13,5,2,5,2,0,1,1,0,0,0,0,0,"13,26359064","52,43509978"
14684,6069,Berlin,7,2020,2,16,1,3,1,5,0,1,0,0,1,0,0,0,"13,38580801","52,48225114"
14685,6070,Berlin,10,2020,9,10,2,3,5,2,0,0,1,0,0,0,0,0,"13,62063621","52,50420381"
14686,6071,Berlin,9,2020,11,13,5,3,2,7,0,0,1,0,0,0,1,0,"13,50979773","52,45638959"
14687,6072,Berlin,6,2020,6,13,4,3,0,6,0,0,1,0,0,0,1,0,"13,2749847","52,43955337"
14688,6073,Berlin,7,2020,8,11,1,3,1,5,0,1,1,0,0,0,0,0,"13,38474242","52,45180858"
14689,6074,Berlin,7,2020,6,14,3,3,6,2,0,1,1,1,0,0,0,0,"13,38578293","52,48095696"
14690,6075,Berlin,1,2020,2,14,1,3,5,3,0,0,1,0,0,0,0,0,"13,36858951","52,50620287"
14691,6076,Berlin,4,2020,10,18,2,3,2,6,1,0,1,0,0,0,0,1,"13,28543739","52,4947714"
14692,6077,Berlin,4,2020,12,1,7,2,9,1,2,0,1,0,0,0,0,1,"13,28823304","52,49421414"
14693,6078,Berlin,1,2020,8,13,3,3,2,2,0,0,1,0,0,0,0,0,"13,41952494","52,52511472"
14694,6079,Berlin,3,2020,7,17,5,3,5,3,0,1,0,0,1,0,0,0,"13,40283238","52,59332346"
14695,6080,Berlin,4,2020,5,7,2,3,2,6,0,0,1,0,0,0,0,1,"13,29252828","52,53505852"
14696,6081,Berlin,1,2020,10,19,6,2,5,3,2,0,1,0,0,0,0,1,"13,36525867","52,55807966"
14697,6083,Berlin,4,2020,2,7,1,3,9,1,0,0,1,0,0,0,0,0,"13,28315124","52,49699342"
14698,6084,Berlin,10,2020,9,10,4,3,2,6,0,0,1,0,0,0,1,0,"13,59137615","52,50508397"
14699,6085,Berlin,4,2020,11,15,2,3,6,4,0,0,1,1,0,0,0,0,"13,29748395","52,51089599"
14700,6086,Berlin,3,2020,5,10,3,3,6,4,0,0,0,1,0,0,1,0,"13,43707767","52,53984287"
14701,6087,Berlin,4,2020,8,12,2,3,2,6,0,0,1,0,1,0,0,0,"13,28197137","52,5209747"
14702,6088,Berlin,1,2020,6,19,4,3,0,2,0,1,1,0,0,0,0,0,"13,36498173","52,50226332"
14703,6089,Berlin,1,2020,5,18,1,3,5,3,0,1,1,0,0,0,0,0,"13,36965936","52,54158809"
14704,6090,Berlin,1,2020,2,20,7,3,0,5,0,1,1,0,0,0,0,0,"13,37717158","52,50954606"
14705,6091,Berlin,4,2020,9,9,4,3,5,7,0,0,1,0,0,1,0,0,"13,29735383","52,51088753"
14706,6092,Berlin,3,2020,12,12,5,3,2,6,0,0,1,0,0,0,0,0,"13,39863448","52,57996795"
14707,6093,Berlin,11,2020,8,18,4,2,5,3,0,1,1,0,0,0,0,0,"13,51872326","52,51036316"
14708,6094,Berlin,2,2020,6,12,6,3,5,3,0,1,1,0,0,0,0,0,"13,44997251","52,5161388"
14709,6095,Berlin,1,2020,10,13,7,3,5,2,0,1,1,0,0,0,0,0,"13,41639942","52,52228992"
14710,6097,Berlin,2,2020,2,20,6,3,5,2,2,0,1,0,0,0,0,0,"13,46011622","52,51511236"
14711,6098,Berlin,4,2020,11,11,4,2,5,2,0,1,1,0,0,0,0,0,"13,31990201","52,51255704"
14712,6099,Berlin,10,2020,9,18,2,2,0,1,0,1,0,0,0,0,0,0,"13,61271226","52,50477062"
14713,6100,Berlin,7,2020,8,13,1,3,2,6,0,0,1,0,0,0,0,1,"13,38628546","52,44341742"
14714,6101,Berlin,1,2020,2,19,6,2,5,7,2,0,1,0,0,0,0,0,"13,38170057","52,50984862"
14715,6102,Berlin,7,2020,10,22,5,3,9,1,2,0,1,0,0,0,0,1,"13,37051617","52,47089647"
14716,6103,Berlin,4,2020,8,11,4,2,5,3,0,0,1,0,0,0,0,0,"13,28190451","52,50993335"
14717,6104,Berlin,4,2020,7,12,4,3,3,6,0,0,1,0,0,0,0,1,"13,29055811","52,51047542"
14718,6105,Berlin,3,2020,6,20,5,3,5,2,0,0,1,0,0,0,0,1,"13,44486137","52,54546717"
14719,6106,Berlin,8,2020,11,14,4,3,3,6,0,0,1,0,0,1,0,0,"13,45350776","52,46382311"
14720,6107,Berlin,4,2020,2,16,6,3,2,6,0,0,1,0,0,0,0,0,"13,29676622","52,54245349"
14721,6108,Berlin,7,2020,9,18,5,3,2,6,0,0,1,0,0,0,0,0,"13,36644601","52,47233715"
14722,6109,Berlin,10,2020,11,10,2,3,3,6,0,0,1,0,0,1,0,0,"13,5540425","52,55757088"
14723,6110,Berlin,1,2020,6,12,2,3,2,3,0,1,1,0,0,0,0,0,"13,36840787","52,50641097"
14724,6112,Berlin,3,2020,2,16,6,2,6,7,1,0,1,1,0,0,0,1,"13,43995929","52,54191486"
14725,6113,Berlin,3,2020,9,6,5,3,0,1,0,1,0,0,0,1,0,1,"13,40314735","52,58360143"
14726,6114,Berlin,9,2020,7,10,6,3,6,2,0,0,1,1,0,0,0,0,"13,45796957","52,49181377"
14727,6115,Berlin,4,2020,2,14,6,3,2,6,0,0,1,0,0,0,0,0,"13,28193667","52,52081411"
14728,6116,Berlin,4,2020,10,8,5,3,5,2,0,1,1,0,0,0,0,0,"13,31618129","52,51211948"
14729,6117,Berlin,3,2020,12,13,3,3,5,2,0,1,1,0,0,0,0,1,"13,42432269","52,53902487"
14730,6118,Berlin,12,2020,8,19,6,3,0,6,0,0,0,0,1,0,1,0,"13,34815156","52,57435276"
14731,6119,Berlin,7,2020,7,15,3,3,2,6,0,0,1,0,0,0,0,0,"13,33947784","52,47860531"
14732,6120,Berlin,1,2020,5,15,1,3,6,4,0,1,0,1,0,0,0,0,"13,34303739","52,51395356"
14733,6121,Berlin,8,2020,10,6,4,3,3,6,2,0,1,0,0,1,0,1,"13,45446203","52,46324114"
14734,6122,Berlin,4,2020,2,14,6,3,2,6,0,0,1,0,0,1,0,0,"13,28225223","52,52078278"
14735,6123,Berlin,2,2020,9,16,1,3,5,2,0,1,1,0,0,0,0,0,"13,46027317","52,51524039"
14736,6124,Berlin,1,2020,11,18,2,3,2,6,2,0,1,0,1,0,0,0,"13,41952707","52,5251167"
14737,6125,Berlin,7,2020,5,7,3,2,3,6,0,0,1,0,1,0,0,0,"13,34740269","52,47628688"
14738,6126,Berlin,12,2020,8,11,5,3,1,7,0,1,1,0,0,0,0,0,"13,35992957","52,57205816"
14739,6127,Berlin,3,2020,6,16,7,3,3,6,0,1,0,0,0,0,0,1,"13,41722309","52,54018067"
14740,6128,Berlin,4,2020,2,9,6,2,2,6,0,0,1,0,0,0,0,0,"13,29512297","52,53942345"
14741,6129,Berlin,9,2020,10,15,6,3,2,6,0,0,1,0,0,0,0,0,"13,4576957","52,45909175"
14742,6130,Berlin,5,2020,12,12,5,3,5,3,0,1,1,0,0,0,0,0,"13,1261759","52,4785428"
14743,6132,Berlin,2,2020,2,7,6,3,6,4,1,0,0,1,0,1,0,0,"13,4728939","52,51382477"
14744,6133,Berlin,7,2020,9,21,5,3,0,1,2,1,0,0,0,0,0,0,"13,38548922","52,46880637"
14745,6134,Berlin,7,2020,7,20,7,3,2,6,0,0,1,0,0,0,0,0,"13,35399388","52,48488257"
14746,6135,Berlin,3,2020,2,8,5,3,0,1,0,1,0,0,0,0,0,0,"13,43489589","52,53546384"
14747,6136,Berlin,7,2020,10,16,5,3,3,2,0,0,1,0,0,1,0,1,"13,38160688","52,43916249"
14748,6137,Berlin,3,2020,12,13,4,3,0,2,0,1,1,0,0,0,0,1,"13,41232236","52,54109545"
14749,6138,Berlin,3,2020,5,10,2,3,2,6,0,0,1,0,0,0,1,1,"13,4184211","52,53999366"
14750,6139,Berlin,4,2020,8,22,7,3,3,6,2,0,1,0,1,0,0,0,"13,29221212","52,49316809"
14751,6140,Berlin,6,2020,7,9,5,3,2,6,0,0,1,0,0,1,0,0,"13,32148119","52,45506508"
14752,6141,Berlin,10,2020,6,17,2,3,8,7,0,0,1,0,0,0,0,0,"13,55753381","52,5618343"
14753,6142,Berlin,6,2020,10,12,4,3,5,3,0,0,1,0,1,0,0,0,"13,26937764","52,43761016"
14754,6143,Berlin,7,2020,2,22,5,3,3,6,2,0,1,0,0,0,0,1,"13,38039414","52,43784621"
14755,6144,Berlin,11,2020,9,17,2,3,2,6,0,0,1,0,1,0,0,0,"13,48401487","52,51271117"
14756,6145,Berlin,3,2020,11,17,3,3,3,6,2,1,0,0,0,0,0,1,"13,42439072","52,53900163"
14757,6146,Berlin,12,2020,5,17,2,3,2,6,0,0,1,0,0,0,0,0,"13,31049381","52,56355473"
14758,6147,Berlin,7,2020,8,20,7,3,5,2,2,0,1,0,0,0,1,0,"13,37955371","52,43670039"
14759,6148,Berlin,12,2020,6,12,1,3,5,2,0,0,1,0,0,0,0,0,"13,35902459","52,57339236"
14760,6149,Berlin,11,2020,2,19,5,3,2,6,2,0,1,0,0,0,0,1,"13,5049352","52,51074229"
14761,6150,Berlin,1,2020,10,7,7,3,0,7,1,0,0,0,0,0,1,0,"13,36632474","52,50380729"
14762,6151,Berlin,3,2020,12,12,6,3,2,6,0,0,1,0,0,0,0,0,"13,44741844","52,60143269"
14763,6152,Berlin,1,2020,8,16,3,3,5,3,0,1,0,0,0,0,0,0,"13,34458936","52,51406019"
14764,6153,Berlin,3,2020,7,15,5,3,6,4,0,0,1,1,0,0,0,0,"13,41197156","52,54110932"
14765,6154,Berlin,9,2020,2,14,5,3,2,7,0,0,1,0,0,0,1,0,"13,51638888","52,42800047"
14766,6155,Berlin,3,2020,10,14,6,3,5,3,0,1,1,0,0,0,0,0,"13,40278466","52,59314822"
14767,6157,Berlin,6,2020,2,7,5,3,1,5,0,0,1,0,0,0,0,0,"13,20912641","52,4260382"
14768,6158,Berlin,7,2020,9,15,4,3,0,1,0,1,1,0,0,0,0,0,"13,3855101","52,46538389"
14769,6159,Berlin,3,2020,11,8,2,3,5,2,0,1,1,0,0,0,0,1,"13,40309391","52,5948532"
14770,6160,Berlin,11,2020,9,16,1,3,1,5,0,1,1,0,0,0,0,0,"13,50879675","52,51038263"
14771,6161,Berlin,2,2020,5,14,2,3,2,6,0,0,1,0,0,0,0,1,"13,37707022","52,50176714"
14772,6162,Berlin,3,2020,8,19,1,2,2,6,0,0,1,0,0,0,0,0,"13,39890275","52,57317443"
14773,6163,Berlin,4,2020,6,8,3,3,2,6,0,0,1,0,0,0,1,0,"13,261579","52,48984819"
14774,6164,Berlin,11,2020,2,15,5,3,0,7,0,1,0,0,0,0,0,1,"13,48756356","52,51248573"
14775,6165,Berlin,3,2020,9,14,2,2,5,2,0,0,1,0,0,0,0,0,"13,39044086","52,61859411"
14776,6166,Berlin,4,2020,12,14,4,3,2,6,0,0,1,0,0,0,0,1,"13,34634389","52,47720106"
14777,6167,Berlin,3,2020,8,9,3,3,3,6,0,1,1,0,0,0,0,0,"13,43574984","52,53505218"
14778,6168,Berlin,1,2020,6,12,5,3,5,3,0,1,1,0,0,0,0,0,"13,42280846","52,5202115"
14779,6170,Berlin,7,2020,2,18,4,3,3,6,1,1,1,0,0,0,0,0,"13,35246206","52,48440131"
14780,6171,Berlin,11,2020,11,18,2,3,1,5,2,1,1,0,0,0,0,0,"13,49452447","52,51178859"
14781,6172,Berlin,3,2020,9,5,2,3,5,3,1,0,1,0,1,0,0,0,"13,39869935","52,57571287"
14782,6173,Berlin,10,2020,8,14,7,3,5,3,0,1,1,0,0,0,0,0,"13,56122514","52,50875978"
14783,6174,Berlin,6,2020,2,10,4,3,2,6,0,0,1,0,0,1,0,0,"13,27223243","52,43850481"
14784,6175,Berlin,7,2020,10,5,5,3,0,1,2,0,0,0,0,0,1,1,"13,3426561","52,47855126"
14785,6176,Berlin,7,2020,8,19,3,2,2,6,0,0,1,0,1,0,0,0,"13,36523","52,47290986"
14786,6177,Berlin,2,2020,7,22,3,3,5,3,2,0,1,0,0,0,1,0,"13,44876019","52,50529032"
14787,6178,Berlin,3,2020,6,16,5,3,3,6,0,1,1,0,0,0,0,1,"13,4130756","52,54585249"
14788,6179,Berlin,7,2020,11,12,3,3,5,3,0,0,1,0,0,0,0,0,"13,38755712","52,43898893"
14789,6180,Berlin,7,2020,2,13,4,3,3,6,0,1,1,0,0,0,0,0,"13,38670061","52,43884424"
14790,6181,Berlin,4,2020,9,18,4,3,2,6,1,0,1,0,0,0,0,0,"13,3011661","52,51132837"
14791,6182,Berlin,4,2020,11,19,2,3,2,6,2,0,1,0,0,0,1,0,"13,31441454","52,51200239"
14792,6183,Berlin,7,2020,6,11,7,3,5,2,0,1,1,0,0,0,0,0,"13,38605339","52,48318785"
14793,6184,Berlin,1,2020,2,20,4,3,2,6,2,0,1,0,0,0,0,0,"13,37004464","52,53971161"
14794,6185,Berlin,12,2020,9,9,4,3,2,6,0,0,1,0,0,0,0,0,"13,27801696","52,60202508"
14795,6186,Berlin,11,2020,7,7,5,3,0,2,0,1,1,0,0,0,0,0,"13,48829022","52,51241123"
14796,6187,Berlin,10,2020,2,12,3,3,5,2,0,0,1,0,1,0,0,0,"13,61343583","52,50476436"
14797,6188,Berlin,1,2020,10,19,4,3,5,3,2,1,1,0,0,0,0,1,"13,41983904","52,52486441"
14798,6189,Berlin,7,2020,12,3,6,3,8,1,2,0,1,0,0,0,0,1,"13,34278656","52,47864327"
14799,6190,Berlin,9,2020,8,17,5,2,5,2,0,1,1,0,0,0,0,0,"13,45798247","52,49182236"
14800,6191,Berlin,4,2020,7,17,3,3,2,6,0,0,1,0,0,0,0,0,"13,2428317","52,50756294"
14801,6192,Berlin,12,2020,5,11,6,3,5,2,0,1,0,0,0,1,0,0,"13,35903268","52,57339024"
14802,6193,Berlin,7,2020,10,8,3,3,5,2,0,1,1,0,0,0,0,0,"13,35323275","52,47970452"
14803,6194,Berlin,10,2020,2,7,2,3,2,6,1,0,1,0,0,0,0,1,"13,5707863","52,50592124"
14804,6195,Berlin,2,2020,9,18,1,2,6,4,0,1,0,1,0,0,0,0,"13,44857956","52,50499623"