,id,city,district,year,month,hour,weekday,injury_level,collision,movement,light_conditions,bicycle,car,pedestrian,motorbike,truck,other_vehicle,road_conditions,longitude,latitude
14805,6196,Berlin,5,2020,11,13,1,3,5,3,0,1,1,0,0,0,0,0,"13,12629546","52,47857601"
14806,6197,Berlin,9,2020,5,15,2,3,2,6,0,0,1,0,0,1,0,0,"13,50926568","52,45696739"
14807,6198,Berlin,12,2020,8,15,5,3,2,6,0,0,1,0,0,0,0,0,"13,31194665","52,62555429"
14808,6199,Berlin,1,2020,6,14,6,3,2,6,0,0,1,0,0,0,0,0,"13,368834","52,52870104"
14809,6200,Berlin,3,2020,2,5,2,3,3,6,2,0,1,0,0,1,0,1,"13,44399519","52,6150543"
14810,6201,Berlin,11,2020,10,13,6,3,5,3,0,1,1,0,0,0,0,0,"13,48227743","52,51288481"
14811,6202,Berlin,7,2020,12,16,3,3,2,6,2,0,0,0,1,0,1,0,"13,35915914","52,4742735"
14812,6203,Berlin,12,2020,8,18,1,3,2,6,0,0,0,0,1,0,0,0,"13,2481459","52,61342643"
14813,6204,Berlin,6,2020,6,6,2,3,0,6,0,1,1,0,0,0,0,0,"13,30430178","52,44946795"
14814,6205,Berlin,2,2020,2,23,1,3,5,3,2,0,1,0,0,0,0,1,"13,45420571","52,51563161"
14815,6206,Berlin,12,2020,10,9,4,3,5,3,0,0,1,0,0,0,0,1,"13,34694668","52,57894283"
14816,6208,Berlin,3,2020,2,1,1,2,0,1,2,1,0,0,0,0,0,0,"13,42455414","52,53953153"
14817,6209,Berlin,6,2020,9,11,2,3,0,6,0,0,1,0,0,0,0,0,"13,19143185","52,42628202"
14818,6210,Berlin,4,2020,11,16,7,3,6,2,1,0,1,1,0,0,0,0,"13,28934954","52,51039883"
14819,6211,Berlin,7,2020,9,11,6,3,2,6,0,0,1,0,0,0,1,0,"13,37106762","52,47079205"
14820,6212,Berlin,7,2020,2,18,1,3,0,5,2,1,1,0,0,0,0,1,"13,35932457","52,48924008"
14821,6213,Berlin,7,2020,5,11,2,3,1,5,0,1,1,0,0,0,0,1,"13,36143759","52,49641317"
14822,6214,Berlin,12,2020,8,18,6,3,0,1,1,1,0,0,0,0,0,0,"13,36066207","52,57060846"
14823,6215,Berlin,1,2020,7,13,3,3,5,3,0,1,0,0,0,0,1,0,"13,41983427","52,52486033"
14824,6216,Berlin,3,2020,6,18,2,2,1,1,0,1,1,0,0,0,0,0,"13,41217277","52,54366036"
14825,6217,Berlin,9,2020,2,13,7,3,0,7,0,1,0,0,0,0,0,0,"13,50878282","52,45730714"
14826,6218,Berlin,1,2020,9,20,6,3,1,5,2,1,1,0,0,0,0,0,"13,41729891","52,52308934"
14827,6219,Berlin,12,2020,12,15,2,3,3,6,0,0,1,0,0,0,0,1,"13,35925051","52,57313223"
14828,6220,Berlin,7,2020,6,15,4,3,6,7,0,0,1,1,0,0,0,0,"13,35789346","52,48796158"
14829,6222,Berlin,2,2020,2,20,7,3,2,6,2,0,1,0,0,0,0,0,"13,45267735","52,51821241"
14830,6223,Berlin,3,2020,11,11,6,3,5,2,0,1,0,0,0,0,1,0,"13,42879465","52,57157148"
14831,6224,Berlin,2,2020,9,10,7,3,2,6,0,0,1,0,0,0,0,1,"13,44757965","52,52620013"
14832,6225,Berlin,2,2020,7,18,5,3,3,6,0,1,1,0,0,0,0,0,"13,45302435","52,51293679"
14833,6226,Berlin,7,2020,8,9,2,3,2,6,0,0,1,0,0,0,0,0,"13,41239863","52,46102878"
14834,6227,Berlin,1,2020,7,7,4,2,5,3,0,1,1,0,0,0,0,0,"13,36525638","52,55809156"
14835,6228,Berlin,4,2020,2,19,7,3,2,6,2,0,1,0,0,0,0,0,"13,28587058","52,51059234"
14836,6229,Berlin,7,2020,10,16,5,3,5,2,0,0,1,0,1,0,0,0,"13,35389289","52,47899009"
14837,6231,Berlin,7,2020,2,18,7,3,0,5,2,0,1,0,0,0,1,0,"13,39867129","52,41860914"
14838,6232,Berlin,7,2020,9,16,3,3,6,2,0,0,1,1,0,0,0,0,"13,39118822","52,43180095"
14839,6233,Berlin,10,2020,11,15,1,2,9,1,0,0,1,0,0,0,0,0,"13,55059309","52,5094393"
14840,6234,Berlin,7,2020,9,17,6,3,6,4,0,0,1,1,0,0,0,0,"13,34924531","52,48149809"
14841,6235,Berlin,2,2020,5,14,1,3,2,6,0,0,1,0,0,0,0,0,"13,38914318","52,49800092"
14842,6236,Berlin,10,2020,8,18,7,2,6,3,0,0,1,1,0,0,0,0,"13,58874484","52,50499313"
14843,6237,Berlin,1,2020,6,16,3,3,2,2,0,0,1,0,1,0,0,0,"13,40891472","52,51697369"
14844,6238,Berlin,4,2020,2,15,7,3,2,6,0,0,1,0,0,0,0,0,"13,27299315","52,49905066"
14845,6239,Berlin,4,2020,9,16,1,3,5,2,0,1,1,0,0,0,0,0,"13,25830901","52,50852274"
14846,6240,Berlin,4,2020,12,7,2,3,3,6,0,1,1,0,0,0,0,0,"13,26344604","52,50882222"
14847,6241,Berlin,12,2020,6,10,4,3,2,7,0,0,1,0,1,0,0,0,"13,34579782","52,58043092"
14848,6243,Berlin,12,2020,2,14,7,3,6,4,0,0,1,1,0,0,0,0,"13,33446914","52,5932316"
14849,6244,Berlin,3,2020,11,9,2,2,2,6,0,0,1,0,0,0,1,0,"13,44921473","52,60670939"
14850,6245,Berlin,10,2020,9,21,1,3,0,1,1,1,0,0,0,0,0,0,"13,54427708","52,51087742"
14851,6246,Berlin,1,2020,7,18,6,3,2,6,0,0,1,0,1,0,0,0,"13,40142133","52,51140887"
14852,6247,Berlin,1,2020,2,19,6,3,5,3,2,1,0,0,0,0,1,0,"13,40796419","52,51573643"
14853,6248,Berlin,1,2020,10,7,4,3,6,2,0,0,1,1,0,0,0,1,"13,36991946","52,54182973"
14854,6249,Berlin,2,2020,8,10,3,2,0,1,0,1,0,0,0,0,0,1,"13,4485841","52,50500361"
14855,6250,Berlin,6,2020,7,11,1,3,8,1,0,1,0,0,0,0,0,0,"13,17019237","52,42084693"
14856,6251,Berlin,4,2020,6,17,4,3,2,6,0,0,1,0,0,0,0,0,"13,28164418","52,5100818"
14857,6252,Berlin,3,2020,11,11,2,3,2,2,0,0,1,0,0,0,0,0,"13,43304013","52,53605411"
14858,6253,Berlin,4,2020,2,21,6,3,2,6,2,0,1,0,0,0,0,0,"13,29533442","52,54016785"
14859,6254,Berlin,1,2020,9,11,4,3,2,6,0,0,1,0,0,0,0,0,"13,37416596","52,50922127"
14860,6255,Berlin,2,2020,11,1,7,2,0,1,2,1,0,0,0,0,0,0,"13,45151696","52,51598277"
14861,6256,Berlin,3,2020,6,6,6,3,0,5,0,1,1,0,0,0,0,0,"13,4293563","52,54964748"
14862,6257,Berlin,2,2020,2,15,6,3,0,2,0,1,1,0,0,0,0,0,"13,44813226","52,5043444"
14863,6258,Berlin,2,2020,9,7,3,3,5,3,0,1,1,0,0,0,0,0,"13,46746353","52,51436538"
14864,6259,Berlin,3,2020,7,9,5,3,2,6,0,0,1,0,0,0,0,0,"13,46024313","52,55039741"
14865,6260,Berlin,4,2020,2,20,5,2,6,4,2,0,0,1,0,0,1,0,"13,28180793","52,50992685"
14866,6261,Berlin,1,2020,10,15,4,2,2,2,0,0,1,0,0,1,0,1,"13,41952827","52,52511783"
14867,6262,Berlin,4,2020,12,19,4,3,3,6,2,0,1,0,0,0,0,1,"13,27505042","52,5004409"
14868,6263,Berlin,7,2020,8,18,4,3,0,5,0,1,1,0,0,0,0,0,"13,35505574","52,48562113"
14869,6264,Berlin,9,2020,7,11,2,3,5,3,0,1,0,0,0,0,1,0,"13,49755082","52,4647395"
14870,6265,Berlin,3,2020,5,16,5,3,0,6,0,0,1,0,1,0,0,0,"13,46773464","52,55463327"
14871,6266,Berlin,10,2020,10,9,2,3,5,3,0,0,1,0,0,0,0,1,"13,55828112","52,562885"
14872,6268,Berlin,7,2020,2,19,5,3,6,4,2,0,0,1,1,0,0,0,"13,38442991","52,4534924"
14873,6269,Berlin,9,2020,9,13,6,3,5,3,0,1,1,0,0,0,0,0,"13,493188","52,46775987"
14874,6270,Berlin,1,2020,11,18,4,3,6,4,2,1,0,1,0,0,0,0,"13,35272196","52,51472948"
14875,6271,Berlin,10,2020,5,15,7,3,0,1,0,0,0,0,1,0,0,1,"13,55331664","52,509347"
14876,6272,Berlin,9,2020,8,16,4,3,2,6,0,0,1,0,0,0,0,1,"13,45785199","52,49195694"
14877,6273,Berlin,11,2020,6,7,6,3,3,6,0,0,1,0,0,1,0,0,"13,48758066","52,51248397"
14878,6274,Berlin,4,2020,2,18,5,3,2,6,2,0,1,0,0,0,0,0,"13,26164615","52,48990138"
14879,6275,Berlin,11,2020,10,8,5,3,5,3,0,1,1,0,0,0,0,0,"13,48227743","52,51288481"
14880,6276,Berlin,1,2020,12,14,3,3,3,6,0,0,1,0,0,0,0,0,"13,36788782","52,53848155"
14881,6277,Berlin,7,2020,8,9,6,3,9,1,0,0,0,0,1,0,0,0,"13,35468149","52,47690575"
14882,6278,Berlin,6,2020,6,16,2,2,1,1,0,0,1,0,0,0,0,0,"13,18241851","52,41880914"
14883,6279,Berlin,2,2020,2,11,5,3,1,5,0,1,1,0,0,0,0,0,"13,45203937","52,51966034"
14884,6280,Berlin,2,2020,10,18,2,3,6,7,1,1,0,1,0,0,0,0,"13,45095321","52,50934877"
14885,6282,Berlin,2,2020,2,14,4,3,5,3,0,0,1,0,0,1,0,0,"13,3769363","52,50191683"
14886,6283,Berlin,7,2020,11,4,6,3,0,6,2,0,1,0,1,0,0,0,"13,39040167","52,43383378"
14887,6284,Berlin,3,2020,9,2,5,3,6,2,2,0,1,1,0,0,0,1,"13,39852053","52,57991599"
14888,6285,Berlin,4,2020,2,15,4,3,2,6,0,1,0,0,0,0,0,0,"13,32694291","52,51301699"
14889,6286,Berlin,3,2020,5,15,6,3,5,3,0,1,1,0,0,0,0,0,"13,40294667","52,59817338"
14890,6287,Berlin,2,2020,8,18,5,3,1,5,0,1,1,0,0,0,0,0,"13,38786655","52,49835415"
14891,6288,Berlin,1,2020,7,18,1,3,2,6,0,0,1,0,1,0,0,0,"13,36833544","52,54111107"
14892,6289,Berlin,1,2020,6,17,1,3,5,3,0,0,1,0,0,1,0,0,"13,36615343","52,5374926"
14893,6290,Berlin,3,2020,2,4,4,3,4,7,2,0,1,0,0,0,0,1,"13,46891256","52,56276292"
14894,6291,Berlin,3,2020,9,11,5,3,6,2,0,0,1,1,0,0,0,0,"13,42152674","52,53950613"
14895,6292,Berlin,12,2020,12,6,7,3,0,1,2,0,0,0,0,0,1,0,"13,31003616","52,56458158"
14896,6293,Berlin,7,2020,6,20,3,3,1,5,0,1,1,0,0,0,0,0,"13,36084245","52,49183387"
14897,6295,Berlin,8,2020,2,19,4,3,3,6,2,0,1,0,0,1,0,0,"13,42668443","52,46137219"
14898,6296,Berlin,2,2020,9,15,6,3,0,6,0,1,0,0,0,0,0,0,"13,45667011","52,51546062"
14899,6297,Berlin,2,2020,7,14,3,3,5,2,0,0,1,0,0,0,0,0,"13,46014731","52,51525337"
14900,6298,Berlin,11,2020,2,20,4,2,5,2,2,1,1,0,0,0,0,0,"13,48824719","52,5124155"
14901,6299,Berlin,1,2020,10,13,6,3,5,3,0,1,0,0,0,0,1,0,"13,36967484","52,5415956"
14902,6300,Berlin,7,2020,8,8,2,3,2,6,0,0,1,0,0,0,0,0,"13,38767599","52,43944381"
14903,6301,Berlin,4,2020,7,14,6,3,2,6,0,0,1,0,0,0,0,1,"13,29245869","52,53495834"
14904,6302,Berlin,4,2020,6,10,3,3,4,6,0,1,0,0,0,0,0,0,"13,27142735","52,50917041"
14905,6303,Berlin,12,2020,10,9,6,3,5,3,0,0,1,0,0,0,0,1,"13,31883393","52,610846"
14906,6304,Berlin,2,2020,2,17,4,3,2,6,1,0,1,0,0,1,0,0,"13,44478303","52,51666293"
14907,6305,Berlin,3,2020,9,18,3,3,0,1,0,1,1,0,0,0,0,0,"13,39843115","52,57985536"
14908,6306,Berlin,1,2020,11,19,5,3,2,6,2,1,0,0,0,0,1,1,"13,36772568","52,55077303"
14909,6307,Berlin,6,2020,6,16,4,3,1,1,0,1,1,0,0,0,0,0,"13,29429524","52,44606325"
14910,6308,Berlin,5,2020,8,17,1,3,5,2,1,1,1,0,0,0,0,1,"13,17909154","52,51664897"
14911,6309,Berlin,11,2020,6,16,3,3,5,3,0,1,1,0,0,0,0,0,"13,48423823","52,51282038"
14912,6310,Berlin,2,2020,2,10,4,3,2,2,0,1,0,0,0,1,0,0,"13,38926875","52,49747068"
14913,6311,Berlin,9,2020,10,14,2,3,5,3,0,1,0,0,1,0,0,0,"13,46853296","52,48434978"
14914,6312,Berlin,4,2020,12,14,7,3,2,6,0,0,1,0,0,0,1,0,"13,28427643","52,50951783"
14915,6313,Berlin,12,2020,8,19,3,3,0,4,0,1,0,1,0,0,0,0,"13,36381256","52,56460785"
14916,6314,Berlin,4,2020,7,13,6,3,2,6,0,0,1,0,0,0,0,0,"13,28429004","52,49590485"
14917,6315,Berlin,7,2020,5,11,3,3,5,2,0,1,1,0,0,0,0,0,"13,38605918","52,48480511"
14918,6316,Berlin,1,2020,2,6,4,3,0,7,2,1,0,0,0,0,0,1,"13,36946465","52,52907314"
14919,6317,Berlin,7,2020,10,11,1,3,5,3,0,0,1,0,0,0,0,1,"13,38759316","52,43899502"
14920,6318,Berlin,3,2020,8,7,2,3,0,1,0,1,0,0,0,0,0,0,"13,40368418","52,58255218"
14921,6319,Berlin,8,2020,7,16,7,3,2,6,0,0,1,0,0,0,0,0,"13,43790518","52,46250632"
14922,6320,Berlin,6,2020,6,18,3,3,2,6,0,0,1,0,1,0,0,0,"13,19604624","52,42215891"
14923,6321,Berlin,2,2020,11,12,1,3,2,6,0,0,1,0,0,0,0,0,"13,42943589","52,51847103"
14924,6322,Berlin,7,2020,2,6,4,3,0,1,1,0,0,0,1,0,0,1,"13,38435378","52,45276928"
14925,6323,Berlin,4,2020,9,14,3,3,0,6,0,0,1,0,1,0,0,0,"13,30621689","52,51165966"
14926,6324,Berlin,2,2020,11,21,6,3,5,3,2,0,1,0,0,0,0,0,"13,388749","52,49813736"
14927,6325,Berlin,1,2020,6,15,5,3,2,6,0,0,1,0,0,0,0,0,"13,3645086","52,50171635"
14928,6326,Berlin,7,2020,2,5,4,3,2,6,2,0,1,0,0,0,0,1,"13,38224141","52,47007673"
14929,6327,Berlin,7,2020,8,15,2,3,2,6,0,0,1,0,0,0,0,0,"13,36097866","52,49335356"
14930,6328,Berlin,6,2020,7,11,4,2,5,5,0,1,0,0,0,0,1,0,"13,30400231","52,44955517"
14931,6329,Berlin,6,2020,6,22,3,3,3,6,1,0,1,0,0,0,0,0,"13,19226276","52,4329318"
14932,6330,Berlin,7,2020,2,15,3,3,2,6,0,0,1,0,0,0,1,1,"13,3858099","52,47246588"
14933,6331,Berlin,4,2020,10,14,3,3,2,6,0,0,1,0,0,0,0,0,"13,30000828","52,48808647"
14934,6332,Berlin,6,2020,12,18,3,3,1,5,2,0,1,0,0,0,0,1,"13,27685566","52,43994683"
14935,6333,Berlin,1,2020,8,6,4,3,2,6,0,0,1,0,0,0,1,0,"13,40139794","52,51140321"
14936,6334,Berlin,3,2020,7,14,1,3,4,6,0,1,0,0,0,0,0,0,"13,41251001","52,54502205"
14937,6335,Berlin,1,2020,5,13,5,3,2,6,0,0,1,0,1,0,0,0,"13,41266773","52,51933802"
14938,6336,Berlin,9,2020,10,7,2,3,0,5,0,1,0,0,0,0,1,1,"13,46081296","52,49418352"
14939,6338,Berlin,4,2020,2,18,3,2,6,4,2,0,1,1,0,0,0,1,"13,27616893","52,50955655"
14940,6339,Berlin,10,2020,9,18,5,3,5,2,0,1,1,0,0,0,0,0,"13,5533902","52,50934552"
14941,6340,Berlin,7,2020,11,16,3,3,0,1,1,0,0,0,1,0,0,1,"13,36750114","52,472037"
14942,6341,Berlin,3,2020,4,13,5,2,6,7,0,1,0,1,0,0,0,0,"13,40002472","52,56997128"
14943,6342,Berlin,10,2020,8,22,3,2,6,4,2,0,1,1,0,0,0,0,"13,54946988","52,5519756"
14944,6343,Berlin,4,2020,6,17,5,3,2,3,0,0,1,0,0,0,0,1,"13,29720346","52,5108774"
14945,6344,Berlin,3,2020,5,17,1,3,5,2,0,1,1,0,0,0,0,0,"13,44507229","52,54556428"
14946,6345,Berlin,11,2020,2,7,2,3,2,6,1,0,1,0,0,0,0,1,"13,48289495","52,57379026"
14947,6346,Berlin,8,2020,9,23,4,3,3,6,2,0,1,0,0,1,0,0,"13,43264554","52,46211993"
14948,6347,Berlin,7,2020,12,13,7,3,1,5,0,1,1,0,0,0,0,0,"13,35986149","52,48983082"
14949,6348,Berlin,4,2020,8,16,5,3,2,6,0,0,1,0,1,0,0,0,"13,30424582","52,51152749"
14950,6349,Berlin,4,2020,6,15,1,3,2,6,0,0,1,0,0,0,0,1,"13,28551337","52,49486857"
14951,6350,Berlin,7,2020,10,16,2,3,0,7,0,1,0,0,0,0,0,0,"13,40663759","52,39130405"
14952,6352,Berlin,12,2020,2,11,2,3,2,7,0,0,1,0,0,0,0,1,"13,3476382","52,5743209"
14953,6353,Berlin,1,2020,11,11,5,3,2,6,0,0,1,0,0,0,1,0,"13,34707758","52,51422892"
14954,6354,Berlin,1,2020,9,9,4,3,3,6,0,0,1,0,1,0,0,0,"13,38654639","52,51015433"
14955,6355,Berlin,1,2020,2,23,2,3,5,3,2,0,1,0,0,0,0,1,"13,36550127","52,55797233"
14956,6356,Berlin,4,2020,10,10,7,3,3,6,0,0,1,0,0,1,0,1,"13,28423437","52,53058111"
14957,6357,Berlin,12,2020,8,14,5,3,2,6,0,0,1,0,0,0,1,0,"13,35994235","52,57203425"
14958,6358,Berlin,1,2020,7,14,5,3,2,6,0,0,1,0,0,0,0,0,"13,42001319","52,52554777"
14959,6359,Berlin,7,2020,5,12,7,3,0,7,0,1,0,0,0,0,0,0,"13,3817454","52,43925011"
14960,6360,Berlin,10,2020,6,13,6,3,5,3,0,1,1,0,0,0,0,1,"13,54963639","52,55216867"
14961,6361,Berlin,7,2020,2,21,2,3,0,6,2,0,1,0,0,0,0,1,"13,40721454","52,46176665"
14962,6362,Berlin,7,2020,9,16,5,2,2,6,0,0,1,0,0,0,0,0,"13,38761144","52,4389981"
14963,6363,Berlin,1,2020,12,8,5,3,2,6,0,0,1,0,0,0,0,0,"13,36840787","52,50641097"
14964,6364,Berlin,7,2020,6,15,3,2,5,3,0,1,1,0,0,0,0,0,"13,35776132","52,40716506"
14965,6366,Berlin,7,2020,2,18,2,2,0,6,2,0,1,0,1,0,0,1,"13,34813448","52,47230172"
14966,6367,Berlin,3,2020,9,8,6,3,5,2,0,1,1,0,0,0,0,1,"13,41410164","52,55072601"
14967,6368,Berlin,10,2020,7,19,2,3,0,1,0,0,0,0,1,0,0,1,"13,56268656","52,50822393"
14968,6369,Berlin,2,2020,2,17,2,3,5,2,2,0,1,0,0,0,0,1,"13,45377907","52,51574004"
14969,6370,Berlin,12,2020,10,19,6,3,5,3,2,0,1,0,1,0,0,1,"13,35905267","52,573385"
14970,6371,Berlin,12,2020,12,13,4,3,5,3,0,0,1,0,0,0,0,0,"13,35904242","52,57338769"
14971,6372,Berlin,1,2020,8,21,1,2,0,1,2,1,0,0,0,0,0,0,"13,36921452","52,54152896"
14972,6373,Berlin,7,2020,7,18,5,3,5,2,0,1,1,0,0,0,0,1,"13,34856514","52,48186368"
14973,6374,Berlin,4,2020,5,17,6,2,6,2,0,0,1,1,0,0,0,0,"13,22820963","52,50677964"
14974,6375,Berlin,4,2020,6,14,2,2,0,7,0,1,0,0,0,0,0,0,"13,267435","52,50906769"
14975,6376,Berlin,6,2020,10,21,4,3,3,6,2,0,0,0,1,0,1,0,"13,20960309","52,42597656"
14976,6377,Berlin,12,2020,2,17,2,3,2,6,2,0,1,0,0,0,0,1,"13,31127018","52,62778346"
14977,6378,Berlin,12,2020,9,16,2,3,5,7,0,0,1,0,1,0,0,0,"13,34123226","52,58638094"
14978,6379,Berlin,4,2020,11,13,4,3,5,3,0,0,1,0,0,0,1,0,"13,31463051","52,51201656"
14979,6380,Berlin,6,2020,6,10,4,3,2,6,0,0,1,0,0,0,0,0,"13,2223862","52,42931254"
14980,6381,Berlin,9,2020,8,13,7,3,3,5,0,0,1,0,0,0,0,0,"13,49810449","52,46450716"
14981,6382,Berlin,9,2020,6,10,3,3,5,2,0,1,1,0,0,0,0,0,"13,50723581","52,45838978"
14982,6383,Berlin,4,2020,2,13,2,3,2,6,0,0,1,0,0,0,0,1,"13,28266584","52,52853181"
14983,6384,Berlin,4,2020,10,15,1,3,1,5,0,1,1,0,0,0,0,0,"13,26772955","52,50908573"
14984,6385,Berlin,1,2020,12,9,6,3,0,6,0,1,1,0,0,0,0,0,"13,41244741","52,51946862"
14985,6386,Berlin,12,2020,8,10,3,3,6,7,0,1,0,1,0,0,0,0,"13,36283135","52,56685707"
14986,6387,Berlin,7,2020,7,16,5,3,2,6,0,0,1,0,0,0,0,0,"13,37849781","52,46995021"
14987,6388,Berlin,7,2020,10,19,6,3,2,2,2,1,1,0,0,0,0,1,"13,3499811","52,48118862"
14988,6390,Berlin,4,2020,2,12,2,3,2,6,0,0,1,0,0,0,0,1,"13,32346507","52,51278839"
14989,6391,Berlin,4,2020,9,7,4,3,2,6,0,0,1,0,0,0,0,0,"13,28135248","52,50407613"
14990,6392,Berlin,4,2020,11,5,2,3,3,6,2,0,1,0,1,0,0,1,"13,28254045","52,51934148"
14991,6393,Berlin,1,2020,4,17,5,3,2,6,0,0,1,0,0,0,1,0,"13,36894707","52,52874139"
14992,6394,Berlin,4,2020,8,17,2,3,2,6,0,0,1,0,1,0,0,1,"13,28220377","52,51011845"
14993,6395,Berlin,9,2020,6,7,4,3,5,3,0,1,1,0,0,0,0,0,"13,47946399","52,48451132"
14994,6396,Berlin,4,2020,2,22,7,3,2,6,2,0,1,0,0,0,0,0,"13,28140745","52,4989073"
14995,6397,Berlin,2,2020,9,16,3,3,5,3,0,1,1,0,0,0,0,0,"13,45377752","52,51573288"
14996,6398,Berlin,4,2020,12,18,5,3,6,2,2,0,1,1,0,0,0,0,"13,25834589","52,50852526"
14997,6399,Berlin,3,2020,8,17,3,3,3,6,0,1,0,0,0,0,0,0,"13,41346386","52,54908931"
14998,6400,Berlin,2,2020,6,19,5,3,0,6,0,1,0,0,0,0,0,0,"13,44817357","52,51632051"
14999,6401,Berlin,7,2020,10,12,7,3,2,2,0,0,1,0,0,0,0,0,"13,35804513","52,48813502"
15000,6403,Berlin,10,2020,2,17,7,3,5,3,2,0,1,0,0,0,0,1,"13,60626152","52,5048288"
15001,6404,Berlin,2,2020,11,6,3,3,7,7,2,1,0,0,0,0,0,0,"13,38661282","52,49085504"
15002,6405,Berlin,6,2020,2,12,7,3,2,6,0,0,1,0,0,0,0,1,"13,19716447","52,41850661"
15003,6406,Berlin,1,2020,9,15,2,3,5,2,0,1,1,0,0,0,0,0,"13,41994272","52,52495323"
15004,6407,Berlin,3,2020,8,1,1,3,6,4,2,1,0,1,0,0,0,0,"13,41393423","52,54977031"
15005,6408,Berlin,4,2020,10,16,5,3,3,6,0,0,1,0,0,1,0,1,"13,28841519","52,53302423"
15006,135646,Berlin,6,2020,1,17,2,3,0,3,2,0,1,0,1,0,0,1,"13,32161321","52,4651733"
15007,135648,Berlin,12,2020,1,15,3,3,2,6,0,0,1,0,0,0,0,1,"13,32449086","52,60805063"
15008,135649,Berlin,11,2020,1,16,2,3,6,4,2,0,1,1,0,0,0,0,"13,49934546","52,56107042"
15009,135650,Berlin,6,2020,1,13,4,3,6,4,0,0,1,1,0,0,0,1,"13,30234785","52,45990886"
15010,135651,Berlin,8,2020,1,11,2,2,5,3,0,1,1,0,0,0,0,0,"13,42804383","52,4934761"
15011,135653,Berlin,8,2020,1,9,2,3,0,5,0,1,1,0,0,0,0,0,"13,42899738","52,4660849"
15012,135655,Berlin,12,2020,1,16,2,3,2,6,0,0,1,0,0,0,0,1,"13,29447081","52,61045484"
15013,135656,Berlin,8,2020,1,17,2,3,6,7,2,1,0,1,0,0,0,0,"13,43559394","52,4835722"
15014,135658,Berlin,8,2020,1,15,2,3,5,7,0,0,1,0,0,0,0,0,"13,45462786","52,47445045"
15015,135659,Berlin,4,2020,1,9,4,2,0,7,0,0,1,0,0,0,0,1,"13,28141733","52,49814748"
15016,135660,Berlin,1,2020,1,15,2,3,1,5,1,1,1,0,0,0,0,1,"13,38900893","52,55012451"
15017,135661,Berlin,9,2020,1,12,4,3,0,2,0,0,0,0,0,1,1,1,"13,50809686","52,45029592"
15018,135662,Berlin,3,2020,1,15,2,3,5,2,0,0,1,0,0,0,0,0,"13,48596975","52,61589783"
15019,135663,Berlin,10,2020,1,14,2,3,5,3,0,1,1,0,0,0,0,1,"13,56491218","52,52228229"
15020,135665,Berlin,4,2020,1,14,2,3,0,6,0,0,1,0,0,0,1,0,"13,30183536","52,50674323"
15021,135666,Berlin,10,2020,1,14,2,3,6,4,0,0,1,1,0,0,0,0,"13,51913818","52,52892362"
15022,135668,Berlin,10,2020,1,14,2,3,5,3,0,0,1,0,0,0,0,0,"13,56536699","52,54458174"
15023,135669,Berlin,1,2020,1,20,3,3,5,2,2,1,1,0,0,0,0,1,"13,41637506","52,51994877"
15024,135670,Berlin,1,2020,1,12,2,3,2,6,0,0,1,0,0,0,0,1,"13,33198564","52,52712339"
15025,135671,Berlin,3,2020,1,12,2,3,0,7,0,1,0,0,0,0,0,1,"13,42982909","52,53936201"
15026,135673,Berlin,6,2020,1,14,3,3,5,2,0,1,1,0,0,0,0,1,"13,33792833","52,44954729"
15027,135674,Berlin,8,2020,1,10,2,3,5,3,0,0,1,0,0,0,0,0,"13,43124676","52,44331442"
15028,135676,Berlin,6,2020,1,9,2,3,2,2,0,0,1,0,0,0,0,0,"13,34570208","52,43624574"
15029,135678,Berlin,12,2020,1,9,2,2,5,2,0,1,1,0,0,0,0,1,"13,24078429","52,61385391"
15030,135680,Berlin,4,2020,1,8,2,3,5,2,0,1,1,0,0,0,0,0,"13,29154812","52,51047188"
15031,135681,Berlin,6,2020,1,8,2,3,6,2,1,0,1,1,0,0,0,0,"13,29224547","52,44890762"
15032,135682,Berlin,2,2020,1,8,3,3,2,6,0,0,1,0,0,0,0,1,"13,39535837","52,49774474"
15033,135683,Berlin,6,2020,1,7,2,3,1,5,0,0,1,0,0,0,0,1,"13,26405618","52,42132849"
15034,135684,Berlin,2,2020,1,19,1,3,4,7,2,0,1,0,0,0,1,1,"13,38337995","52,48499184"
15035,135686,Berlin,9,2020,1,14,3,3,6,4,0,0,1,1,0,0,0,0,"13,51097339","52,45747683"
15036,135687,Berlin,1,2020,1,23,1,3,0,1,2,1,0,0,0,0,0,1,"13,40173997","52,52360296"
15037,135688,Berlin,1,2020,1,16,4,2,0,3,2,1,1,0,0,0,0,1,"13,37775078","52,50787253"
15038,135689,Berlin,7,2020,1,12,1,2,0,1,0,1,0,0,0,0,0,1,"13,39206592","52,43983579"
15039,135691,Berlin,2,2020,1,5,1,2,6,2,1,0,1,1,0,0,0,0,"13,38790208","52,49275283"
15040,135692,Berlin,1,2020,1,2,1,3,5,3,2,0,1,0,0,0,0,1,"13,3889442","52,51562189"
15041,135693,Berlin,4,2020,1,20,4,2,5,7,2,0,1,0,1,0,0,1,"13,30167493","52,50979799"
15042,135694,Berlin,1,2020,1,0,1,3,5,3,2,0,1,0,0,0,0,0,"13,34315883","52,55653765"
15043,135695,Berlin,1,2020,1,23,1,3,5,3,2,0,1,0,0,0,0,1,"13,38703224","52,52721788"
15044,135696,Berlin,1,2020,1,20,1,3,2,6,2,0,1,0,0,0,0,1,"13,34662112","52,54783832"