,id,city,district,year,month,hour,weekday,injury_level,collision,movement,light_conditions,bicycle,car,pedestrian,motorbike,truck,other_vehicle,road_conditions,longitude,latitude
15045,135697,Berlin,8,2020,1,18,1,3,5,3,1,1,1,0,0,0,0,0,"13,4416571","52,47041694"
15046,135698,Berlin,4,2020,1,15,1,3,2,6,2,0,1,0,0,0,0,1,"13,32293196","52,5432085"
15047,135700,Berlin,5,2020,1,13,3,3,6,7,0,0,1,1,0,0,0,0,"13,19933651","52,5518799"
15048,135701,Berlin,4,2020,1,22,7,3,6,7,2,0,1,1,0,0,0,0,"13,33722646","52,50506496"
15049,135702,Berlin,9,2020,1,6,4,3,5,2,2,0,1,0,0,0,1,1,"13,53849359","52,43454484"
15050,135703,Berlin,5,2020,1,18,7,3,2,2,2,0,1,0,0,0,0,0,"13,21607124","52,52699888"
15051,135705,Berlin,11,2020,1,18,7,3,2,6,2,0,1,0,0,0,0,1,"13,47600965","52,53306446"
15052,135707,Berlin,6,2020,1,17,7,3,5,3,2,0,1,0,0,0,0,1,"13,35308756","52,43329951"
15053,135708,Berlin,1,2020,1,17,7,3,5,3,2,1,1,0,0,0,0,1,"13,37837871","52,55199183"
15054,135711,Berlin,4,2020,1,17,7,3,5,2,2,0,1,0,0,0,0,1,"13,33040118","52,51102632"
15055,135712,Berlin,12,2020,1,16,7,3,6,2,2,0,1,1,0,0,0,1,"13,3300916","52,56945112"
15056,135714,Berlin,1,2020,1,16,7,3,2,6,2,0,1,0,0,0,0,1,"13,38601028","52,53160905"
15057,135715,Berlin,12,2020,1,11,4,3,5,2,0,0,1,0,0,0,0,1,"13,34750754","52,59622818"
15058,135716,Berlin,3,2020,1,14,7,3,2,6,0,0,1,0,0,0,0,1,"13,41690993","52,56834972"
15059,135717,Berlin,1,2020,1,13,7,3,5,2,0,1,1,0,0,0,0,1,"13,37643259","52,52206867"
15060,135719,Berlin,3,2020,1,13,7,3,5,2,0,0,1,0,0,0,0,1,"13,43668688","52,56970931"
15061,135721,Berlin,1,2020,1,13,7,2,5,2,0,1,1,0,0,0,0,1,"13,31602915","52,52578496"
15062,135722,Berlin,7,2020,1,10,3,3,5,2,0,0,1,0,0,0,0,0,"13,38138041","52,40522918"
15063,135723,Berlin,4,2020,1,11,7,3,0,4,0,1,0,1,0,0,0,1,"13,32261791","52,48608982"
15064,135724,Berlin,7,2020,1,14,3,3,2,6,0,0,1,0,0,0,0,1,"13,37168176","52,40927192"
15065,135725,Berlin,5,2020,1,7,7,3,0,2,1,0,1,0,1,0,0,1,"13,26732852","52,53119369"
15066,135726,Berlin,1,2020,1,3,7,3,5,3,2,0,1,0,0,0,0,1,"13,41590455","52,52707528"
15067,135728,Berlin,4,2020,1,0,7,2,5,2,2,0,1,0,0,0,1,1,"13,30690143","52,49990578"
15068,135730,Berlin,10,2020,1,12,5,3,5,3,0,1,0,0,0,0,1,1,"13,56136328","52,49307963"
15069,135731,Berlin,6,2020,1,13,6,3,2,6,0,0,1,0,0,0,0,1,"13,33094695","52,45899075"
15070,135732,Berlin,8,2020,1,19,6,3,2,6,2,0,1,0,0,0,0,1,"13,47481993","52,46344235"
15071,135733,Berlin,6,2020,1,12,6,3,0,1,0,1,0,0,0,0,0,1,"13,32293653","52,43714727"
15072,135734,Berlin,1,2020,1,16,6,3,0,3,2,0,1,0,1,0,0,1,"13,34940586","52,55201347"
15073,135736,Berlin,3,2020,1,14,3,3,1,5,0,1,1,0,0,0,0,1,"13,41147561","52,56116805"
15074,135737,Berlin,8,2020,1,15,6,3,5,3,1,0,1,0,0,0,0,1,"13,43604226","52,48221197"
15075,135738,Berlin,3,2020,1,15,6,3,1,5,1,0,1,0,1,0,0,1,"13,37926536","52,60136373"
15076,135740,Berlin,3,2020,1,14,3,3,2,6,0,0,1,0,0,0,1,1,"13,43392739","52,56043525"
15077,135741,Berlin,9,2020,1,15,6,3,5,2,0,0,1,0,0,0,1,1,"13,57428085","52,45408851"
15078,135742,Berlin,4,2020,1,17,4,3,0,3,2,1,0,0,1,0,0,1,"13,32106415","52,51812994"
15079,135743,Berlin,7,2020,1,14,6,3,5,3,0,0,1,0,0,0,0,1,"13,36630284","52,49525963"
15080,135744,Berlin,5,2020,1,7,3,3,5,3,1,0,1,0,0,0,0,0,"13,20146706","52,54778642"
15081,135745,Berlin,5,2020,1,13,6,2,2,6,0,0,1,0,0,0,0,1,"13,17799172","52,54873843"
15082,135746,Berlin,4,2020,1,14,6,3,2,6,0,0,1,0,0,0,0,0,"13,31108903","52,51607653"
15083,135747,Berlin,9,2020,1,20,6,2,6,2,2,0,0,1,0,0,1,1,"13,50878829","52,45272356"
15084,135748,Berlin,4,2020,1,19,6,2,6,2,2,0,1,1,0,0,0,1,"13,30771764","52,51012094"
15085,135750,Berlin,6,2020,1,12,3,2,6,4,0,0,1,1,0,0,0,1,"13,34232293","52,44699603"
15086,135751,Berlin,12,2020,1,20,6,2,5,3,2,0,1,0,0,0,1,1,"13,31502415","52,57658034"
15087,135752,Berlin,7,2020,1,19,3,2,5,3,2,0,1,0,1,0,0,1,"13,3221004","52,47353769"
15088,135753,Berlin,4,2020,1,5,4,3,5,3,2,0,1,0,0,0,0,1,"13,26998554","52,51377245"
15089,135754,Berlin,2,2020,1,18,6,3,5,3,2,1,1,0,0,0,0,1,"13,41406992","52,49837489"
15090,135755,Berlin,4,2020,1,18,6,3,5,3,2,1,1,0,0,0,0,1,"13,28421498","52,4852953"
15091,135756,Berlin,5,2020,1,19,3,2,5,3,2,0,1,0,1,0,0,0,"13,16567014","52,5260878"
15092,135757,Berlin,4,2020,1,14,4,3,2,6,0,0,1,0,0,0,0,1,"13,31395329","52,49041049"
15093,135758,Berlin,8,2020,1,16,6,3,6,2,1,0,1,1,0,0,0,1,"13,44355672","52,46430454"
15094,135760,Berlin,6,2020,1,17,6,3,2,2,2,0,1,0,0,0,0,1,"13,34564598","52,43621375"
15095,135761,Berlin,4,2020,1,17,6,3,6,2,2,0,1,1,0,0,0,1,"13,26324921","52,52101512"
15096,135763,Berlin,2,2020,1,17,6,2,6,2,2,0,1,1,0,0,0,1,"13,43756381","52,50029578"
15097,135764,Berlin,5,2020,1,17,6,3,6,4,2,0,1,1,0,0,0,1,"13,1694157","52,5555836"
15098,135766,Berlin,11,2020,1,16,6,3,2,2,2,1,1,0,0,0,0,1,"13,47130533","52,50517636"
15099,135767,Berlin,1,2020,1,18,3,3,0,1,2,1,0,0,0,0,0,1,"13,38723329","52,52637751"
15100,135768,Berlin,1,2020,1,7,4,3,5,3,1,1,1,0,0,0,0,1,"13,40888259","52,51201644"
15101,135769,Berlin,11,2020,1,23,6,3,5,2,2,0,1,0,0,0,0,1,"13,50849248","52,55007556"
15102,135770,Berlin,8,2020,1,22,6,3,6,4,2,1,0,1,0,0,0,1,"13,4355271","52,46962304"
15103,135772,Berlin,12,2020,1,22,6,2,6,4,2,0,1,1,0,0,0,1,"13,30961972","52,56797309"
15104,135774,Berlin,8,2020,1,21,6,3,0,2,2,0,1,1,0,0,0,1,"13,43855944","52,45275757"
15105,135775,Berlin,6,2020,1,20,6,2,5,3,2,1,1,0,0,0,0,1,"13,28688045","52,41781763"
15106,135777,Berlin,1,2020,1,20,6,2,5,3,2,1,1,0,0,0,0,1,"13,38798941","52,55585295"
15107,135778,Berlin,7,2020,1,17,3,3,5,3,2,1,1,0,0,0,0,1,"13,34034536","52,47133847"
15108,135779,Berlin,2,2020,1,21,3,3,6,4,2,0,1,1,0,0,0,1,"13,4586239","52,51106778"
15109,135780,Berlin,4,2020,1,13,6,3,5,2,0,0,1,0,0,0,0,0,"13,32024515","52,47879804"
15110,135781,Berlin,3,2020,1,13,6,3,5,3,0,0,1,0,0,0,0,0,"13,46293064","52,53229475"
15111,135783,Berlin,1,2020,1,15,2,3,5,2,0,0,1,0,0,0,0,1,"13,3698271","52,5597284"
15112,135784,Berlin,5,2020,1,12,6,3,2,6,0,0,1,0,0,0,0,1,"13,16948797","52,53361509"
15113,135786,Berlin,12,2020,1,18,4,3,5,7,2,0,1,0,1,0,0,1,"13,32867961","52,5660063"
15114,135787,Berlin,3,2020,1,12,6,3,2,1,0,0,1,0,1,0,0,0,"13,4153941","52,54748012"
15115,135788,Berlin,9,2020,1,11,6,3,5,2,0,1,1,0,0,0,0,1,"13,62480513","52,45161072"
15116,135790,Berlin,3,2020,1,10,6,3,5,3,0,1,1,0,0,0,0,1,"13,39730193","52,56710778"
15117,135791,Berlin,7,2020,1,8,3,3,6,2,0,0,1,1,0,0,0,1,"13,37723705","52,46300552"
15118,135792,Berlin,7,2020,1,1,6,3,0,1,2,1,0,0,0,0,0,0,"13,33145482","52,46962546"
15119,135793,Berlin,6,2020,1,15,5,3,6,4,1,0,1,1,0,0,0,0,"13,29196126","52,45798703"
15120,135795,Berlin,3,2020,1,18,2,3,0,1,2,0,0,0,1,0,0,1,"13,40623481","52,55408722"
15121,135796,Berlin,8,2020,1,3,5,2,5,3,2,0,1,0,0,0,0,2,"13,42505495","52,48082777"
15122,135797,Berlin,2,2020,1,17,3,3,5,3,2,1,1,0,0,0,0,1,"13,39523474","52,49631228"
15123,135798,Berlin,6,2020,1,16,4,3,2,6,2,0,1,0,0,0,0,1,"13,32245034","52,42917686"
15124,135799,Berlin,4,2020,1,14,5,2,3,6,0,0,1,0,1,1,0,0,"13,31742888","52,51753112"
15125,135800,Berlin,10,2020,1,16,3,3,5,3,1,1,1,0,0,0,0,1,"13,60559185","52,48779182"
15126,135801,Berlin,1,2020,1,13,5,3,5,2,0,0,1,0,0,0,0,0,"13,3698271","52,5597284"
15127,135802,Berlin,9,2020,1,13,5,3,2,6,0,1,1,0,0,0,0,0,"13,65501965","52,36605197"
15128,135803,Berlin,4,2020,1,12,5,3,6,2,0,0,1,1,0,0,0,0,"13,30065945","52,4739486"
15129,135804,Berlin,3,2020,1,12,5,3,0,7,0,1,1,0,0,0,0,0,"13,43125103","52,61242163"
15130,135805,Berlin,2,2020,1,11,5,3,3,2,0,1,1,0,0,0,0,0,"13,45147645","52,52612874"
15131,135806,Berlin,4,2020,1,11,5,3,5,2,0,0,1,0,0,0,0,0,"13,306842","52,50076503"
15132,135807,Berlin,12,2020,1,8,5,3,0,7,0,0,1,0,0,0,0,0,"13,33055482","52,57075411"
15133,135808,Berlin,7,2020,1,8,5,3,5,3,0,0,1,0,0,0,0,0,"13,39301555","52,38866514"
15134,135810,Berlin,3,2020,1,21,2,3,8,1,2,0,0,0,1,0,0,0,"13,40657964","52,539743"
15135,135811,Berlin,7,2020,1,6,5,3,5,3,2,0,1,0,0,0,0,2,"13,37135445","52,47449331"
15136,135812,Berlin,5,2020,1,7,4,3,2,6,0,0,1,0,0,0,0,1,"13,2054071","52,54814389"
15137,135813,Berlin,8,2020,1,3,5,3,5,3,2,0,1,0,0,0,0,1,"13,43853955","52,45269914"
15138,135815,Berlin,7,2020,1,22,5,2,0,1,2,0,1,0,0,0,0,1,"13,38554501","52,46858784"
15139,135817,Berlin,7,2020,1,19,5,2,1,5,2,0,1,0,0,0,0,0,"13,41818868","52,41070341"
15140,135818,Berlin,2,2020,1,18,5,2,6,4,2,0,1,1,0,0,0,0,"13,42640619","52,52293619"
15141,135820,Berlin,11,2020,1,18,5,3,5,3,2,0,1,0,0,0,1,0,"13,49485202","52,50064978"
15142,135821,Berlin,6,2020,1,15,3,3,5,3,1,1,1,0,0,0,0,1,"13,34916213","52,42212646"
15143,135823,Berlin,6,2020,1,17,5,2,0,6,2,0,1,0,0,0,1,0,"13,3208807","52,45718363"
15144,135824,Berlin,3,2020,1,11,4,3,5,3,0,0,1,0,0,0,0,1,"13,42892024","52,57909874"
15145,135825,Berlin,1,2020,1,17,5,3,5,2,2,1,1,0,0,0,0,0,"13,37181979","52,50927008"
15146,135826,Berlin,1,2020,1,15,5,3,5,3,1,1,1,0,0,0,0,0,"13,38446367","52,55605764"
15147,135828,Berlin,1,2020,1,15,5,3,2,2,0,0,1,0,0,0,0,0,"13,32755617","52,52431722"
15148,135829,Berlin,2,2020,1,7,5,1,6,4,1,0,0,1,0,0,1,0,"13,41970733","52,50185921"
15149,135831,Berlin,3,2020,1,13,4,3,6,4,0,0,1,1,0,0,0,0,"13,42909883","52,52864396"
15150,135832,Berlin,3,2020,1,11,3,2,5,3,0,1,1,0,0,0,0,1,"13,36577131","52,58423188"
15151,135833,Berlin,11,2020,1,18,4,2,5,2,2,0,1,0,1,0,0,0,"13,47722457","52,52298703"
15152,135834,Berlin,6,2020,1,21,4,3,5,2,2,1,1,0,0,0,0,0,"13,25415726","52,45093957"
15153,135836,Berlin,2,2020,1,13,4,1,5,2,0,1,0,0,0,1,0,1,"13,41862533","52,4988784"
15154,135837,Berlin,8,2020,1,11,4,2,5,3,0,0,1,0,0,0,0,0,"13,42511406","52,48062375"
15155,135838,Berlin,1,2020,1,3,4,3,5,2,2,0,1,0,0,0,0,1,"13,33652295","52,54212844"
15156,135840,Berlin,8,2020,1,3,4,3,5,3,2,0,1,0,0,0,0,0,"13,42506007","52,48080885"
15157,135842,Berlin,8,2020,1,2,4,3,5,3,2,0,1,0,0,0,0,0,"13,43857098","52,45273033"
15158,135843,Berlin,4,2020,1,15,3,3,6,4,1,1,0,1,0,0,0,1,"13,31249276","52,49925435"
15159,135844,Berlin,3,2020,1,1,4,2,0,1,2,1,0,0,0,0,0,0,"13,41422706","52,54278359"
15160,135845,Berlin,4,2020,1,7,3,3,1,5,0,1,1,0,0,0,0,1,"13,33875222","52,50258237"
15161,135849,Berlin,1,2020,1,20,2,3,6,2,2,0,1,1,0,0,0,0,"13,40313616","52,52465668"
15162,135851,Berlin,8,2020,1,19,2,3,1,5,2,1,1,0,0,0,0,0,"13,43128267","52,48565539"
15163,135853,Berlin,6,2020,1,19,4,3,5,2,2,1,1,0,0,0,0,1,"13,25953386","52,43311804"
15164,135860,Berlin,6,2020,1,18,2,2,6,4,2,0,1,1,0,0,0,1,"13,34682336","52,42921645"
15165,135862,Berlin,2,2020,1,6,4,3,5,2,2,1,1,0,0,0,0,1,"13,38798524","52,49298331"
15166,135867,Berlin,7,2020,1,15,4,3,6,4,0,0,1,1,0,0,0,0,"13,36435654","52,45979551"
15167,135877,Berlin,5,2020,1,8,4,3,0,5,0,0,0,0,0,0,1,1,"13,19990576","52,53566511"
15168,135886,Berlin,1,2020,1,8,3,3,1,5,1,1,0,0,0,0,1,1,"13,40577975","52,5347091"
15169,135892,Berlin,10,2020,1,21,5,2,9,1,2,0,0,0,0,0,1,1,"13,55498479","52,53413976"
15170,135897,Berlin,6,2020,1,9,3,2,5,2,0,0,1,0,0,0,0,1,"13,3133656","52,43537526"
15171,135901,Berlin,8,2020,1,18,2,2,5,2,2,0,1,0,1,0,0,1,"13,47787614","52,40995205"
15172,135903,Berlin,8,2020,1,15,3,3,3,6,1,0,1,0,0,0,1,1,"13,49509726","52,4314391"
15173,135904,Berlin,1,2020,1,17,4,3,1,5,2,1,1,0,0,0,0,1,"13,34691531","52,5038608"
15174,135906,Berlin,12,2020,1,15,3,3,5,2,0,0,1,0,0,0,0,0,"13,36454229","52,56269115"
15175,135912,Berlin,4,2020,1,7,3,3,6,2,2,0,1,1,0,0,0,1,"13,28284224","52,53503614"
15176,135913,Berlin,1,2020,1,18,7,3,6,2,2,0,1,1,0,0,0,0,"13,36031619","52,54431746"
15177,135914,Berlin,12,2020,1,16,2,3,2,3,2,0,1,0,0,0,0,0,"13,37328144","52,56227981"
15178,135915,Berlin,9,2020,1,12,6,3,1,5,0,0,1,0,0,0,0,1,"13,52657352","52,44527016"
15179,135916,Berlin,6,2020,1,15,7,3,5,3,0,0,1,0,0,0,0,0,"13,29245694","52,42835286"
15180,135917,Berlin,11,2020,1,10,6,3,5,2,0,1,1,0,0,0,0,0,"13,46798797","52,52830857"
15181,135918,Berlin,8,2020,1,7,5,3,5,2,2,1,1,0,0,0,0,0,"13,42364032","52,47726221"
15182,135919,Berlin,9,2020,1,7,2,3,5,3,2,1,1,0,0,0,0,0,"13,53927934","52,4507381"
15183,135920,Berlin,2,2020,1,10,6,3,5,3,0,0,1,0,0,1,0,1,"13,46274106","52,51087945"
15184,135921,Berlin,2,2020,1,18,3,3,1,5,2,1,1,0,0,0,0,0,"13,42564532","52,49691971"
15185,135922,Berlin,6,2020,1,10,6,3,5,3,0,0,1,0,0,1,0,1,"13,32931998","52,42299819"
15186,135923,Berlin,4,2020,1,18,7,3,8,1,2,0,1,0,0,0,0,0,"13,31681949","52,47821843"
15187,135924,Berlin,2,2020,1,13,2,3,5,3,0,1,1,0,0,0,0,1,"13,42677997","52,50484771"
15188,135925,Berlin,4,2020,1,10,6,2,0,1,0,1,0,0,0,0,0,1,"13,30648369","52,48520324"
15189,135926,Berlin,5,2020,1,10,5,3,6,4,0,0,1,1,0,0,0,0,"13,19956066","52,53493944"
15190,135927,Berlin,4,2020,1,18,4,3,6,4,2,1,0,1,0,0,0,0,"13,33161864","52,49078094"
15191,135928,Berlin,6,2020,1,14,1,3,5,2,0,0,1,0,1,0,0,0,"13,3048509","52,43560385"
15192,135929,Berlin,3,2020,1,9,4,3,5,2,0,1,1,0,0,0,0,0,"13,41273551","52,54440117"
15193,135930,Berlin,1,2020,1,15,2,2,5,2,0,0,1,0,1,0,0,0,"13,39514822","52,51735511"
15194,135931,Berlin,5,2020,1,7,3,3,5,2,2,0,1,0,0,0,0,0,"13,14158863","52,53243309"
15195,135932,Berlin,9,2020,1,9,6,2,5,3,0,1,1,0,0,0,0,1,"13,55657019","52,44719834"
15196,135933,Berlin,9,2020,1,8,6,3,3,6,1,1,0,0,0,0,1,0,"13,59233039","52,44725121"
15197,135934,Berlin,8,2020,1,9,2,3,2,2,0,0,1,0,0,0,1,0,"13,42449771","52,48641968"
15198,135935,Berlin,6,2020,1,8,6,2,5,2,0,1,1,0,0,0,0,1,"13,31643779","52,45362927"
15199,135936,Berlin,3,2020,1,18,5,3,1,5,2,1,1,0,0,0,0,0,"13,40025536","52,5465127"
15200,135937,Berlin,4,2020,1,16,4,3,5,2,2,0,1,0,1,0,0,0,"13,3144216","52,47210196"
15201,135938,Berlin,9,2020,1,12,1,1,5,2,0,1,0,0,0,0,1,0,"13,51281143","52,44764962"
15202,135939,Berlin,8,2020,1,12,2,3,5,3,0,1,1,0,0,0,0,1,"13,426693","52,48828277"
15203,135940,Berlin,2,2020,1,8,6,3,0,1,1,0,0,0,0,0,1,1,"13,38150444","52,50419521"
15204,135941,Berlin,4,2020,1,5,7,3,0,1,2,0,0,0,0,0,1,1,"13,33341703","52,50218579"
15205,135942,Berlin,10,2020,1,14,6,3,0,7,0,0,1,0,0,0,1,0,"13,55713023","52,53430042"
15206,135943,Berlin,4,2020,1,15,1,3,2,6,0,0,1,0,0,0,1,0,"13,31387214","52,49020498"
15207,135944,Berlin,1,2020,1,8,6,3,5,3,0,0,1,0,0,0,0,0,"13,3915136","52,52208375"
15208,135945,Berlin,3,2020,1,10,3,3,4,7,0,0,1,0,0,0,0,0,"13,46338099","52,61570827"
15209,135946,Berlin,4,2020,1,8,6,2,5,2,0,1,1,0,0,0,0,1,"13,33114153","52,51219768"
15210,135947,Berlin,8,2020,1,7,6,2,6,2,1,0,1,1,0,0,0,2,"13,44739085","52,4369449"
15211,135948,Berlin,9,2020,1,7,2,3,6,2,2,0,1,1,0,0,0,0,"13,47535829","52,45618006"
15212,135949,Berlin,6,2020,1,7,6,2,6,2,0,0,1,1,0,0,0,1,"13,23142494","52,43688245"
15213,135950,Berlin,1,2020,1,18,5,3,6,4,1,1,0,1,0,0,0,0,"13,34281798","52,52497819"
15214,135951,Berlin,7,2020,1,13,4,3,5,5,0,1,1,0,0,0,0,0,"13,34395946","52,48262461"
15215,135952,Berlin,4,2020,1,18,7,3,5,3,2,1,1,0,0,0,0,0,"13,3310349","52,49503112"
15216,135953,Berlin,3,2020,1,17,2,3,5,3,2,1,1,0,0,0,0,0,"13,42688105","52,564326"
15217,135954,Berlin,9,2020,1,7,6,3,5,3,2,1,1,0,0,0,0,1,"13,50502921","52,44498496"
15218,135955,Berlin,1,2020,1,3,7,3,5,2,2,0,1,0,0,0,0,1,"13,38661112","52,54949283"
15219,135956,Berlin,1,2020,1,13,6,3,2,6,0,0,1,0,0,0,1,0,"13,37377203","52,54742738"
15220,135957,Berlin,9,2020,1,10,5,3,2,6,0,0,1,0,0,0,0,0,"13,50856853","52,47412027"
15221,135958,Berlin,9,2020,1,9,2,3,5,3,0,1,1,0,0,0,0,0,"13,52471144","52,43912898"
15222,135959,Berlin,8,2020,1,20,6,3,5,3,2,1,1,0,0,0,0,1,"13,43743429","52,4849671"
15223,135960,Berlin,5,2020,1,17,5,3,6,4,2,0,1,1,0,0,0,0,"13,20340001","52,54559098"
15224,135961,Berlin,12,2020,1,11,2,2,0,2,0,0,1,0,0,0,1,0,"13,30793885","52,57210447"
15225,135962,Berlin,11,2020,1,7,4,2,5,3,2,1,1,0,0,0,0,0,"13,5118282","52,55064448"
15226,135963,Berlin,6,2020,1,13,7,3,5,3,0,1,1,0,0,0,0,0,"13,33041987","52,44517299"
15227,135964,Berlin,7,2020,1,16,2,2,3,6,0,0,1,0,0,0,0,0,"13,36673786","52,49652095"
15228,135965,Berlin,2,2020,1,19,6,3,5,3,1,1,1,0,0,0,0,1,"13,43042467","52,49919601"
15229,135966,Berlin,6,2020,1,1,7,2,1,1,2,0,1,0,0,0,0,1,"13,32806566","52,41831674"
15230,135967,Berlin,4,2020,1,11,6,3,0,2,0,1,1,0,0,0,0,0,"13,29998213","52,5394889"
15231,135968,Berlin,9,2020,1,7,5,3,5,3,1,1,1,0,0,0,0,0,"13,6043954","52,45244934"
15232,135969,Berlin,9,2020,1,17,2,3,1,5,2,0,1,0,0,0,0,0,"13,59227432","52,42511909"
15233,135970,Berlin,2,2020,1,19,6,3,3,6,2,1,1,0,0,0,0,1,"13,43021537","52,51036998"
15234,135971,Berlin,9,2020,1,17,3,3,2,2,2,0,1,0,0,0,0,0,"13,50964526","52,47285843"
15235,135972,Berlin,6,2020,1,19,6,2,6,2,2,0,1,1,0,0,0,0,"13,34595004","52,43631176"
15236,135973,Berlin,1,2020,1,18,7,3,2,2,2,0,1,0,0,0,0,0,"13,40309315","52,52130914"
15237,135974,Berlin,12,2020,1,11,2,3,5,3,0,0,1,0,0,0,0,0,"13,3252371","52,57575163"
15238,135975,Berlin,4,2020,1,18,6,3,6,4,2,0,1,1,0,0,0,1,"13,29400168","52,49135707"
15239,135976,Berlin,3,2020,1,20,3,3,2,6,2,0,1,0,0,0,0,0,"13,46158711","52,52961425"
15240,135977,Berlin,6,2020,1,17,6,3,5,3,2,0,1,0,0,0,0,1,"13,35862571","52,43410903"
15241,135978,Berlin,6,2020,1,10,7,3,5,2,0,1,1,0,0,0,0,1,"13,31435083","52,42397816"
15242,135979,Berlin,3,2020,1,15,2,3,5,7,0,0,1,0,1,0,0,1,"13,41609465","52,57114789"
15243,135980,Berlin,1,2020,1,17,6,3,2,2,2,0,1,0,0,0,0,1,"13,37394465","52,55649548"
15244,135981,Berlin,3,2020,1,8,5,3,2,7,0,0,1,0,0,0,0,0,"13,40315005","52,5528811"
15245,135982,Berlin,2,2020,1,8,4,3,5,3,0,0,1,0,0,0,0,0,"13,45157718","52,52041218"
15246,135983,Berlin,2,2020,1,19,1,3,6,2,2,0,1,1,0,0,0,0,"13,46549222","52,49865552"
15247,135984,Berlin,2,2020,1,16,3,3,5,2,0,1,1,0,0,0,0,0,"13,40283777","52,49388386"
15248,135985,Berlin,1,2020,1,17,6,3,5,2,2,0,0,0,1,0,1,1,"13,42767991","52,50754518"
15249,135986,Berlin,2,2020,1,7,6,3,1,5,0,1,1,0,0,0,0,0,"13,42957617","52,52241078"
15250,135987,Berlin,3,2020,1,8,2,3,5,2,0,1,1,0,0,0,0,0,"13,43669709","52,59252381"
15251,135988,Berlin,3,2020,1,16,6,3,0,1,2,0,0,0,1,0,0,1,"13,42077049","52,54250952"
15252,135989,Berlin,2,2020,1,16,5,2,6,4,2,0,1,1,0,0,0,0,"13,40696","52,50470486"
15253,135990,Berlin,9,2020,1,16,4,3,5,2,0,1,1,0,0,0,0,0,"13,567435","52,44043809"
15254,135991,Berlin,9,2020,1,10,7,3,6,4,0,0,1,1,0,0,0,0,"13,48114945","52,48267198"
15255,135992,Berlin,4,2020,1,21,5,2,8,1,2,0,1,0,0,0,0,0,"13,27082267","52,51046477"
15256,135993,Berlin,6,2020,1,17,4,2,5,3,2,0,1,0,1,0,0,0,"13,33127234","52,44350124"
15257,135994,Berlin,8,2020,1,5,1,3,0,7,2,0,1,0,0,0,0,0,"13,42416487","52,48647752"
15258,135995,Berlin,2,2020,1,8,3,3,0,2,0,1,0,0,0,1,0,1,"13,37446091","52,48882197"
15259,135996,Berlin,7,2020,1,15,6,2,0,3,1,1,0,0,0,0,1,1,"13,34200343","52,50192611"
15260,135997,Berlin,6,2020,1,18,6,3,6,2,1,0,1,1,0,0,0,0,"13,329815","52,46440675"
15261,135998,Berlin,1,2020,1,0,2,3,1,1,2,0,1,0,0,0,0,1,"13,37638529","52,54066058"
15262,135999,Berlin,4,2020,1,15,6,3,6,2,1,0,1,1,0,0,0,1,"13,29015778","52,47732207"
15263,136000,Berlin,6,2020,1,17,5,3,5,2,2,0,1,0,1,0,0,0,"13,33405637","52,43017655"
15264,136001,Berlin,5,2020,1,13,4,2,2,6,0,0,1,0,0,0,0,0,"13,23290284","52,52765638"
15265,136002,Berlin,3,2020,1,16,2,3,5,2,2,0,1,0,0,0,0,1,"13,45792604","52,528821"
15266,136003,Berlin,7,2020,1,15,6,3,6,7,0,1,0,1,0,0,0,0,"13,37404404","52,45447345"
15267,136004,Berlin,2,2020,1,17,6,3,6,7,2,1,0,1,0,0,0,0,"13,40640902","52,49846977"
15268,136005,Berlin,5,2020,1,23,2,3,0,3,2,1,1,0,0,0,0,0,"13,23019949","52,54278164"
15269,136006,Berlin,7,2020,1,14,6,3,5,7,0,0,1,0,1,0,0,1,"13,35358494","52,49317642"
15270,136007,Berlin,4,2020,1,12,6,3,1,5,0,0,1,0,1,0,0,1,"13,31384908","52,49077031"
15271,136008,Berlin,7,2020,1,14,6,3,2,2,0,0,1,0,0,0,0,0,"13,38814316","52,41191495"
15272,136009,Berlin,9,2020,1,13,1,2,4,1,0,0,1,0,0,0,0,0,"13,57843267","52,45247889"
15273,136010,Berlin,12,2020,1,17,5,3,6,4,2,0,1,1,0,0,0,0,"13,2799952","52,58793234"
15274,136011,Berlin,5,2020,1,8,2,3,5,3,0,0,1,0,0,1,0,0,"13,21713961","52,56046746"
15275,136012,Berlin,6,2020,1,9,1,2,6,2,0,0,1,1,0,0,0,0,"13,3461654","52,43192974"
15276,136013,Berlin,10,2020,1,5,4,3,6,2,2,0,1,1,0,0,0,0,"13,56255394","52,53631779"
15277,136014,Berlin,2,2020,1,23,7,3,5,2,2,1,1,0,0,0,0,1,"13,38942438","52,49595551"
15278,136015,Berlin,7,2020,1,15,2,3,6,5,0,0,1,1,0,0,0,0,"13,38989929","52,39244506"
15279,136016,Berlin,7,2020,1,5,6,3,6,2,2,0,1,1,0,0,0,0,"13,400252","52,4837788"
15280,136017,Berlin,7,2020,1,14,6,3,0,3,0,0,1,0,0,0,1,0,"13,38346607","52,44542284"
15281,136018,Berlin,4,2020,1,10,6,2,5,2,0,1,1,0,0,0,0,0,"13,27938564","52,52368945"