,id,city,district,year,month,hour,weekday,injury_level,collision,movement,light_conditions,bicycle,car,pedestrian,motorbike,truck,other_vehicle,road_conditions,longitude,latitude
15282,136019,Berlin,12,2020,1,9,1,3,5,2,0,0,1,0,0,0,0,1,"13,29790407","52,578165"
15283,136020,Berlin,8,2020,1,11,4,3,6,4,0,0,1,1,0,0,0,0,"13,44501963","52,47412171"
15284,136021,Berlin,12,2020,1,15,2,3,2,6,1,0,1,0,0,0,0,1,"13,24970333","52,55343876"
15285,136022,Berlin,11,2020,1,12,6,3,0,1,0,0,0,0,1,0,0,1,"13,47791407","52,50283647"
15286,136023,Berlin,3,2020,1,14,7,3,5,3,0,0,1,0,0,0,0,0,"13,4428882","52,57689629"
15287,136024,Berlin,12,2020,1,8,5,2,1,7,0,0,1,0,0,1,0,0,"13,36305157","52,58016852"
15288,136025,Berlin,7,2020,1,7,2,3,5,5,1,1,1,0,0,0,0,0,"13,38343513","52,452572"
15289,136026,Berlin,8,2020,1,4,6,3,6,2,2,0,0,1,0,1,0,1,"13,45982977","52,43188312"
15290,136027,Berlin,11,2020,1,19,3,3,2,6,2,0,1,0,0,0,0,1,"13,49926633","52,51831855"
15291,136028,Berlin,12,2020,1,7,6,3,6,2,2,0,1,1,0,0,0,1,"13,35094732","52,59640843"
15292,136029,Berlin,1,2020,1,10,7,3,2,6,0,0,1,0,0,0,0,0,"13,36236775","52,54468764"
15293,136030,Berlin,1,2020,1,14,2,3,2,6,0,0,1,0,0,1,0,1,"13,33498357","52,56016897"
15294,136031,Berlin,10,2020,1,7,6,3,4,6,2,0,1,0,0,0,1,1,"13,52682892","52,53213273"
15295,136032,Berlin,2,2020,1,12,5,3,5,3,0,1,1,0,0,0,0,0,"13,39072094","52,48954937"
15296,136033,Berlin,9,2020,1,14,7,3,2,6,0,0,1,0,0,0,0,0,"13,52871483","52,42637163"
15297,136034,Berlin,5,2020,1,18,4,2,2,6,2,0,1,0,0,0,0,0,"13,21511533","52,53834949"
15298,136035,Berlin,4,2020,1,17,1,2,5,5,0,0,1,0,1,0,0,0,"13,25310489","52,51587836"
15299,136036,Berlin,7,2020,1,11,3,3,0,6,0,0,0,1,0,0,1,0,"13,38789089","52,48437216"
15300,136037,Berlin,5,2020,1,7,6,2,6,2,2,0,1,1,0,0,0,1,"13,15361643","52,55346541"
15301,136038,Berlin,7,2020,1,7,6,3,0,1,0,1,0,0,0,0,0,1,"13,41250323","52,3942608"
15302,136039,Berlin,5,2020,1,7,3,3,2,6,1,0,1,0,0,0,0,0,"13,1554117","52,54364832"
15303,136040,Berlin,9,2020,1,6,6,3,6,2,2,0,1,1,0,0,0,1,"13,59531686","52,45602241"
15304,136041,Berlin,3,2020,1,18,7,3,0,2,2,0,1,0,0,0,1,0,"13,40126361","52,56921782"
15305,136042,Berlin,6,2020,1,9,2,3,6,2,0,0,0,1,0,0,1,0,"13,26690523","52,4121582"
15306,136043,Berlin,5,2020,1,6,6,3,6,2,2,0,1,1,0,0,0,1,"13,23251359","52,54058271"
15307,136044,Berlin,10,2020,1,16,5,2,6,4,1,0,1,1,0,0,0,0,"13,62506314","52,54060406"
15308,136045,Berlin,7,2020,1,15,7,3,5,2,0,0,1,0,0,0,0,0,"13,40012036","52,4591285"
15309,136046,Berlin,1,2020,1,18,4,3,1,5,2,0,1,0,0,0,0,0,"13,39715493","52,53248"
15310,136047,Berlin,1,2020,1,1,1,3,0,1,2,1,0,0,0,0,0,1,"13,40462291","52,53347173"
15311,136048,Berlin,1,2020,1,9,2,3,3,6,0,0,1,0,0,0,0,0,"13,3494231","52,51508442"
15312,136049,Berlin,7,2020,1,7,5,3,5,2,1,1,1,0,0,0,0,1,"13,37603827","52,40911934"
15313,136050,Berlin,11,2020,1,13,6,3,5,2,0,1,1,0,0,0,0,0,"13,52462655","52,49600917"
15314,136051,Berlin,7,2020,1,15,6,3,0,7,0,1,0,0,0,0,0,0,"13,37057507","52,48817982"
15315,136052,Berlin,7,2020,1,16,1,3,5,3,2,0,1,0,0,0,1,0,"13,4020603","52,44666481"
15316,136053,Berlin,7,2020,1,14,5,3,4,6,0,1,1,0,0,0,0,0,"13,41996646","52,46343555"
15317,136054,Berlin,5,2020,1,13,5,3,2,6,0,0,0,0,1,0,1,0,"13,20867638","52,54595392"
15318,136055,Berlin,5,2020,1,12,2,3,5,2,0,0,1,0,0,0,0,0,"13,15350924","52,55340116"
15319,136056,Berlin,11,2020,1,7,2,3,2,6,0,0,1,0,0,0,0,0,"13,4809123","52,53125132"
15320,136057,Berlin,3,2020,1,17,5,3,0,1,2,0,1,0,1,0,0,1,"13,44399536","52,56527994"
15321,136058,Berlin,4,2020,1,16,5,3,2,6,0,0,1,0,0,0,0,0,"13,29570452","52,5302787"
15322,136059,Berlin,1,2020,1,15,4,3,5,3,0,1,1,0,0,0,0,0,"13,3690855","52,54621681"
15323,136060,Berlin,3,2020,1,18,7,3,3,2,2,1,1,0,0,0,0,0,"13,42110605","52,53355796"
15324,136061,Berlin,12,2020,1,18,2,3,1,1,2,1,1,0,0,0,0,0,"13,27564269","52,58393909"
15325,136062,Berlin,1,2020,1,21,5,3,6,4,2,0,1,1,0,0,0,1,"13,34053783","52,55102771"
15326,136063,Berlin,1,2020,1,13,6,3,5,3,0,0,1,0,0,0,0,1,"13,34899339","52,51477839"
15327,136064,Berlin,3,2020,1,14,6,3,2,7,0,1,1,0,0,0,0,0,"13,40731969","52,54116697"
15328,136065,Berlin,7,2020,1,15,7,3,5,3,0,1,1,0,0,0,0,0,"13,37954019","52,4449574"
15329,136066,Berlin,5,2020,1,11,5,2,2,6,0,0,1,0,0,0,1,0,"13,19100786","52,53433936"
15330,136067,Berlin,12,2020,1,9,2,3,0,6,0,1,0,0,0,0,1,0,"13,28392467","52,590217"
15331,136068,Berlin,6,2020,1,15,7,3,5,2,0,1,1,0,0,0,0,0,"13,22314934","52,43016459"
15332,136069,Berlin,3,2020,1,11,3,3,5,3,0,1,1,0,0,0,0,0,"13,42700252","52,55211751"
15333,136070,Berlin,3,2020,1,23,7,3,5,2,2,0,1,0,0,0,1,0,"13,41837869","52,55328901"
15334,136071,Berlin,1,2020,1,8,4,3,5,3,0,1,1,0,0,0,0,0,"13,37660859","52,50961722"
15335,136072,Berlin,12,2020,1,17,7,2,6,2,2,0,1,1,0,0,0,0,"13,32977584","52,56912185"
15336,136073,Berlin,11,2020,1,16,2,3,5,3,2,0,1,0,0,0,0,1,"13,48532739","52,52674532"
15337,136074,Berlin,1,2020,1,20,5,2,6,2,2,0,1,1,0,0,0,1,"13,34504102","52,55422947"
15338,136075,Berlin,12,2020,1,13,6,3,2,6,0,0,1,0,0,0,1,0,"13,29144555","52,58079465"
15339,136076,Berlin,3,2020,1,10,6,2,5,3,0,1,1,0,0,0,0,0,"13,49610655","52,64342693"
15340,136077,Berlin,11,2020,1,7,5,3,5,2,2,1,1,0,0,0,0,0,"13,50166478","52,48275046"
15341,136078,Berlin,11,2020,1,5,2,3,5,3,2,0,1,0,0,0,0,0,"13,48140258","52,50206861"
15342,136079,Berlin,7,2020,1,20,5,3,6,4,2,0,1,1,0,0,0,1,"13,38641163","52,45630009"
15343,136080,Berlin,2,2020,1,18,3,3,5,2,2,1,1,0,0,0,0,0,"13,39500643","52,49634235"
15344,136081,Berlin,8,2020,1,19,5,2,6,4,2,0,1,1,0,0,0,1,"13,43504201","52,4711026"
15345,136082,Berlin,4,2020,1,5,7,3,5,3,2,0,1,0,0,0,0,0,"13,29928183","52,50675667"
15346,136083,Berlin,6,2020,1,12,2,3,2,6,0,0,1,0,0,0,1,0,"13,3186487","52,45431145"
15347,136084,Berlin,1,2020,1,19,5,3,5,3,2,0,1,0,0,0,0,1,"13,40441202","52,50789824"
15348,136085,Berlin,9,2020,1,22,5,3,5,2,2,0,1,0,0,0,0,0,"13,56249375","52,45654678"
15349,136086,Berlin,8,2020,1,12,7,3,2,2,0,0,1,0,0,0,0,0,"13,4289376","52,47187786"
15350,136087,Berlin,1,2020,1,15,2,3,6,4,1,0,1,1,0,0,0,1,"13,38694021","52,55953749"
15351,136088,Berlin,12,2020,1,9,5,3,5,3,0,0,1,0,0,0,0,1,"13,33235595","52,60309021"
15352,136089,Berlin,5,2020,1,18,6,3,6,2,2,0,1,1,0,0,0,0,"13,19770454","52,52281037"
15353,136090,Berlin,3,2020,1,8,4,3,5,3,0,1,1,0,0,0,0,0,"13,42140386","52,56246595"
15354,136091,Berlin,8,2020,1,12,1,3,6,7,0,1,0,1,0,0,0,0,"13,43268149","52,4837912"
15355,136092,Berlin,12,2020,1,16,3,3,5,2,2,1,1,0,0,0,0,0,"13,33536903","52,56513786"
15356,136093,Berlin,7,2020,1,10,5,3,2,7,0,1,1,0,0,0,0,0,"13,42148024","52,46502864"
15357,136094,Berlin,1,2020,1,10,6,3,6,7,0,0,1,1,0,0,0,0,"13,38117826","52,54898776"
15358,136095,Berlin,1,2020,1,8,2,3,5,3,0,0,1,0,0,0,1,0,"13,40194331","52,52889417"
15359,136096,Berlin,5,2020,1,9,5,3,6,2,0,0,0,1,0,0,1,1,"13,18997452","52,53820382"
15360,136097,Berlin,4,2020,1,16,5,3,5,2,0,1,1,0,0,0,0,0,"13,28014698","52,51808928"
15361,136098,Berlin,11,2020,1,16,4,3,1,5,1,0,1,0,0,0,0,0,"13,47432521","52,50435448"
15362,136099,Berlin,2,2020,1,13,7,3,1,5,0,1,0,0,0,0,1,0,"13,39037661","52,48692728"
15363,136100,Berlin,3,2020,1,16,2,3,3,6,1,1,0,0,1,0,0,0,"13,49024771","52,62110277"
15364,136101,Berlin,12,2020,1,7,5,3,5,2,1,0,1,0,0,1,0,1,"13,32168741","52,56054567"
15365,136102,Berlin,2,2020,1,18,4,3,5,2,2,1,1,0,0,0,0,0,"13,42950089","52,52310078"
15366,136103,Berlin,4,2020,1,10,1,3,2,6,0,0,1,0,0,0,0,1,"13,27921771","52,50325761"
15367,136104,Berlin,9,2020,1,10,3,3,2,6,0,0,1,0,0,0,0,0,"13,50916811","52,45230589"
15368,136105,Berlin,12,2020,1,7,5,3,6,4,1,0,1,1,0,0,0,1,"13,24454895","52,61437318"
15369,136106,Berlin,3,2020,1,6,6,3,5,3,1,0,1,0,0,0,0,0,"13,4490521","52,52873261"
15370,136107,Berlin,7,2020,1,3,2,3,5,3,2,0,1,0,0,0,1,0,"13,34974032","52,48733062"
15371,136108,Berlin,3,2020,1,7,5,2,6,4,2,0,1,1,0,0,0,1,"13,49553054","52,62580819"
15372,136109,Berlin,10,2020,1,15,5,3,2,6,0,0,1,0,0,0,0,0,"13,56158314","52,50242976"
15373,136110,Berlin,12,2020,1,11,7,2,0,6,0,0,1,0,0,0,1,1,"13,34674509","52,56813059"
15374,136111,Berlin,9,2020,1,13,4,3,2,6,0,0,1,0,0,0,0,0,"13,48752574","52,45060117"
15375,136112,Berlin,5,2020,1,16,2,3,5,2,2,0,1,0,0,0,0,0,"13,18021387","52,50910037"
15376,136113,Berlin,1,2020,1,6,5,3,5,3,2,1,1,0,0,0,0,1,"13,413422","52,50674581"
15377,136114,Berlin,12,2020,1,12,6,2,6,4,0,0,1,1,0,0,0,0,"13,30635711","52,58243791"
15378,136115,Berlin,8,2020,1,12,6,3,6,2,0,0,1,1,0,0,0,0,"13,42773962","52,42068671"
15379,136116,Berlin,4,2020,1,12,6,3,2,6,0,0,1,0,0,0,1,0,"13,29470548","52,53273274"
15380,136117,Berlin,8,2020,1,14,6,3,2,6,0,0,1,0,1,0,0,0,"13,43137695","52,46740251"
15381,136118,Berlin,6,2020,1,14,1,3,5,2,0,1,1,0,0,0,0,0,"13,35300198","52,43324136"
15382,136119,Berlin,8,2020,1,17,5,3,2,6,2,0,1,0,0,0,0,0,"13,44685226","52,4782859"
15383,136120,Berlin,10,2020,1,10,2,3,5,3,0,0,1,0,0,0,0,0,"13,52160289","52,52574481"
15384,136121,Berlin,11,2020,1,5,4,2,5,3,2,0,1,0,1,0,0,0,"13,49938022","52,51992164"
15385,136122,Berlin,10,2020,1,13,7,3,5,3,0,0,1,0,0,0,0,0,"13,60113012","52,53684342"
15386,136123,Berlin,8,2020,1,16,2,3,6,7,0,0,1,1,0,0,0,0,"13,45553706","52,47991763"
15387,136124,Berlin,4,2020,1,19,5,3,5,2,2,1,1,0,0,0,0,1,"13,27999202","52,51830992"
15388,136125,Berlin,4,2020,1,12,6,3,5,3,0,0,1,0,0,0,0,0,"13,3008051","52,47397834"
15389,136126,Berlin,10,2020,1,10,6,3,5,3,0,1,1,0,0,0,0,0,"13,56954016","52,52873587"
15390,136127,Berlin,7,2020,1,6,4,1,5,3,2,0,1,0,1,0,0,0,"13,3806642","52,4428801"
15391,136128,Berlin,2,2020,1,16,2,3,2,6,0,0,1,0,0,0,0,0,"13,40643744","52,49815529"
15392,136129,Berlin,2,2020,1,17,3,3,5,2,2,0,1,0,0,0,0,0,"13,38227056","52,50447115"
15393,136130,Berlin,5,2020,1,19,5,2,6,4,2,0,1,1,0,0,0,1,"13,21423506","52,56289168"
15394,136131,Berlin,1,2020,1,9,5,3,1,5,0,1,1,0,0,0,0,0,"13,39107292","52,51219068"
15395,136132,Berlin,6,2020,1,7,2,3,5,2,0,1,1,0,0,0,0,0,"13,31750684","52,43081696"
15396,136133,Berlin,6,2020,1,18,5,3,1,5,2,1,1,0,0,0,0,1,"13,3408546","52,445822"
15397,136134,Berlin,1,2020,1,19,3,2,0,6,2,0,1,0,1,0,0,1,"13,35298226","52,51611656"
15398,136135,Berlin,1,2020,1,18,5,3,5,3,2,1,0,0,0,0,1,1,"13,4276516","52,507594"
15399,136136,Berlin,6,2020,1,10,7,2,0,1,0,1,0,0,0,0,0,2,"13,14364568","52,39763905"
15400,136137,Berlin,12,2020,1,15,2,3,5,2,1,0,1,0,0,0,0,0,"13,28078857","52,59378754"
15401,136138,Berlin,4,2020,1,17,5,3,2,6,2,0,1,0,0,0,0,1,"13,28504077","52,49287396"
15402,136139,Berlin,3,2020,1,14,5,3,6,2,0,0,1,1,0,0,0,0,"13,3836417","52,57277879"
15403,136140,Berlin,3,2020,1,20,4,3,1,5,2,1,1,0,0,0,0,0,"13,41702753","52,54539233"
15404,136141,Berlin,10,2020,1,22,1,3,2,6,2,0,1,0,0,0,0,0,"13,54970427","52,54271267"
15405,136142,Berlin,5,2020,1,13,3,2,5,2,0,0,1,0,0,0,0,0,"13,13343644","52,55385423"
15406,136143,Berlin,6,2020,1,17,5,3,6,4,2,0,1,1,0,0,0,1,"13,30746483","52,43323602"
15407,136144,Berlin,9,2020,1,8,6,3,5,3,0,1,1,0,0,0,0,0,"13,53432466","52,43142586"
15408,136145,Berlin,6,2020,1,8,2,3,5,2,0,1,1,0,0,0,0,0,"13,34591344","52,43628863"
15409,136146,Berlin,11,2020,1,17,5,3,2,6,2,0,1,0,0,0,0,1,"13,49167069","52,51154206"
15410,136147,Berlin,1,2020,1,16,5,3,6,4,1,0,1,1,0,0,0,0,"13,38852751","52,51802903"
15411,136148,Berlin,5,2020,1,3,7,3,1,1,2,0,1,0,0,0,0,1,"13,19761746","52,55539506"
15412,136149,Berlin,1,2020,1,10,2,3,5,2,0,1,1,0,0,0,0,0,"13,38089617","52,51636901"
15413,136150,Berlin,2,2020,1,16,5,3,2,7,2,1,0,0,0,0,1,1,"13,41845588","52,50011805"
15414,136151,Berlin,8,2020,1,19,5,3,5,3,2,1,1,0,0,0,0,0,"13,42551825","52,4932072"
15415,136152,Berlin,7,2020,1,17,4,3,5,2,2,0,1,0,0,0,1,0,"13,39204661","52,43983237"
15416,136153,Berlin,1,2020,1,2,1,3,5,3,2,0,1,0,0,0,0,0,"13,38766736","52,56043484"
15417,136154,Berlin,9,2020,1,10,3,3,5,3,0,1,1,0,0,0,0,0,"13,51407063","52,44653311"
15418,136155,Berlin,3,2020,1,16,5,3,1,5,2,0,1,0,0,0,0,1,"13,42775417","52,60623482"
15419,136156,Berlin,2,2020,1,17,6,2,5,3,1,0,1,1,0,0,0,0,"13,37646078","52,48503432"
15420,136157,Berlin,8,2020,1,18,1,3,1,5,2,1,1,0,0,0,0,0,"13,43307381","52,46441857"
15421,136158,Berlin,10,2020,1,14,5,3,2,6,0,0,1,0,0,0,0,1,"13,56783558","52,57353759"
15422,136159,Berlin,2,2020,1,14,5,3,1,5,0,1,1,0,0,0,0,0,"13,43503563","52,5147495"
15423,136160,Berlin,1,2020,1,12,4,2,5,2,0,0,1,0,0,0,0,0,"13,32481088","52,52780879"
15424,136161,Berlin,8,2020,1,15,4,3,2,6,0,0,1,0,0,0,0,0,"13,43514339","52,42680953"
15425,136162,Berlin,6,2020,1,10,7,3,0,1,0,1,0,0,0,0,0,2,"13,12980729","52,38987233"
15426,136163,Berlin,8,2020,1,23,2,3,9,1,2,0,1,0,0,0,1,0,"13,46584273","52,46959051"
15427,136164,Berlin,5,2020,1,13,5,3,2,6,0,0,1,0,0,0,0,1,"13,22854921","52,53800488"
15428,136165,Berlin,2,2020,1,12,6,3,3,6,0,0,1,0,0,1,0,1,"13,39571474","52,49833993"
15429,136166,Berlin,9,2020,1,14,6,2,2,6,0,0,1,0,1,0,0,0,"13,50250572","52,46999777"
15430,136167,Berlin,3,2020,1,10,1,3,5,3,0,0,1,0,0,0,0,0,"13,44469629","52,6152975"
15431,136168,Berlin,5,2020,1,21,7,3,2,6,2,0,1,0,0,0,0,0,"13,27236756","52,53644497"
15432,136169,Berlin,3,2020,1,12,5,3,6,2,0,0,1,1,0,0,0,0,"13,36811407","52,58715671"
15433,136170,Berlin,1,2020,1,9,2,3,2,2,0,1,0,0,0,0,1,0,"13,36414973","52,54489462"
15434,136171,Berlin,2,2020,1,17,7,3,5,3,2,1,0,0,0,0,1,0,"13,45191944","52,52765646"
15435,136172,Berlin,12,2020,1,11,3,3,6,7,0,1,0,1,0,0,0,0,"13,36132646","52,56763807"
15436,136173,Berlin,6,2020,1,13,7,3,5,2,0,1,1,0,0,0,0,0,"13,30960823","52,43127486"
15437,136174,Berlin,7,2020,1,15,2,2,5,3,0,0,1,0,0,0,0,1,"13,3448111","52,48683032"
15438,136175,Berlin,10,2020,1,14,5,3,1,5,0,0,1,0,0,0,1,1,"13,60435148","52,53821624"
15439,136176,Berlin,5,2020,1,8,6,2,5,2,1,0,1,0,0,0,0,0,"13,19855259","52,54289129"
15440,136177,Berlin,2,2020,1,15,3,3,5,2,1,1,1,0,0,0,0,1,"13,40922378","52,50171052"
15441,136178,Berlin,10,2020,1,15,3,3,2,6,0,0,1,0,0,0,0,1,"13,55123996","52,54992418"
15442,136179,Berlin,6,2020,1,16,5,3,6,7,0,1,0,1,0,0,0,0,"13,30557854","52,43737773"
15443,136180,Berlin,8,2020,1,14,3,2,3,6,0,0,1,0,0,1,0,1,"13,43826695","52,42398402"
15444,136181,Berlin,1,2020,1,19,3,3,1,5,2,0,1,0,0,0,0,1,"13,37688676","52,54345283"
15445,136182,Berlin,5,2020,1,22,5,3,2,6,2,0,1,0,0,0,0,0,"13,18330395","52,54000803"
15446,136183,Berlin,11,2020,1,19,3,3,5,2,2,1,1,0,0,0,0,1,"13,47363118","52,5030498"
15447,136184,Berlin,4,2020,1,18,4,2,0,3,2,0,1,0,1,0,0,1,"13,33138266","52,50390494"
15448,136185,Berlin,4,2020,1,15,5,3,5,2,0,1,1,0,0,0,0,0,"13,30677743","52,49986468"
15449,136186,Berlin,2,2020,1,19,3,3,5,2,2,1,1,0,0,0,0,1,"13,38765796","52,50337543"
15450,136187,Berlin,8,2020,1,17,5,1,6,4,2,0,1,1,0,0,0,0,"13,42886533","52,4902669"
15451,136188,Berlin,5,2020,1,7,3,3,6,2,0,0,1,1,0,0,0,1,"13,17820057","52,54869907"
15452,136189,Berlin,9,2020,1,15,3,2,6,4,0,0,0,1,0,0,1,1,"13,54985064","52,4565396"
15453,136190,Berlin,2,2020,1,21,4,3,0,1,2,1,0,0,0,0,0,1,"13,4447635","52,50104614"
15454,136191,Berlin,9,2020,1,7,3,3,6,2,1,0,1,1,0,0,0,1,"13,62475959","52,45049902"
15455,136192,Berlin,1,2020,1,8,5,2,6,4,0,0,1,1,0,0,0,1,"13,39654524","52,55495147"
15456,136193,Berlin,7,2020,1,7,3,3,1,5,0,1,1,0,0,0,0,1,"13,3449098","52,48867784"
15457,136194,Berlin,9,2020,1,7,3,3,5,2,1,1,0,0,0,0,1,1,"13,52682725","52,42807194"
15458,136195,Berlin,4,2020,1,17,4,3,5,2,2,0,1,0,0,0,0,1,"13,28988467","52,48221326"
15459,136196,Berlin,11,2020,1,7,3,2,6,4,2,0,1,1,0,0,0,1,"13,50271018","52,50210429"
15460,136197,Berlin,1,2020,1,19,4,3,5,2,2,1,1,0,0,0,0,0,"13,38030635","52,5188256"
15461,136198,Berlin,4,2020,1,19,3,3,6,2,2,0,1,1,0,0,0,1,"13,30240463","52,50690595"
15462,136199,Berlin,4,2020,1,7,6,3,6,4,0,1,0,1,0,0,0,1,"13,31335311","52,50279491"
15463,136200,Berlin,6,2020,1,14,3,2,6,7,0,1,0,1,0,0,0,1,"13,34468341","52,45024783"
15464,136201,Berlin,3,2020,1,17,4,3,6,4,2,0,0,1,0,0,1,0,"13,43293265","52,59603684"
15465,136202,Berlin,6,2020,1,18,3,2,5,2,2,0,1,0,0,0,0,1,"13,31260665","52,41943977"
15466,136203,Berlin,10,2020,1,6,5,3,5,3,2,0,1,0,0,0,0,1,"13,5984033","52,53086546"
15467,136204,Berlin,7,2020,1,18,3,3,5,3,2,1,1,0,0,0,0,1,"13,34491477","52,49673245"
15468,136205,Berlin,12,2020,1,7,3,2,6,2,2,0,1,1,0,0,0,1,"13,3757443","52,56862474"
15469,136206,Berlin,4,2020,1,18,4,3,5,3,2,1,1,0,0,0,0,1,"13,33438153","52,49839761"
15470,136207,Berlin,9,2020,1,11,3,3,5,2,0,1,1,0,0,0,0,1,"13,5468379","52,43156871"
15471,136208,Berlin,1,2020,1,7,3,3,5,2,1,1,1,0,0,0,0,1,"13,36034106","52,53724347"
15472,136209,Berlin,9,2020,1,17,5,3,5,2,2,1,1,0,0,0,0,0,"13,51255403","52,4627765"
15473,136210,Berlin,10,2020,1,6,3,2,6,2,2,0,1,1,0,0,0,1,"13,56177817","52,49387951"
15474,136211,Berlin,1,2020,1,17,4,3,1,5,2,1,1,0,0,0,0,0,"13,4076858","52,52658445"
15475,136212,Berlin,2,2020,1,18,3,3,2,6,2,0,1,0,1,0,0,1,"13,44388478","52,50003348"
15476,136213,Berlin,4,2020,1,16,4,3,2,6,2,0,1,0,0,0,0,1,"13,32270294","52,48853703"
15477,136214,Berlin,10,2020,1,5,3,3,9,1,2,0,1,0,0,0,0,1,"13,59118323","52,52934567"
15478,136215,Berlin,12,2020,1,12,6,1,5,2,0,1,0,0,0,1,0,0,"13,29797705","52,57820772"
15479,136216,Berlin,9,2020,1,17,3,3,5,2,2,1,1,0,0,0,0,1,"13,52642609","52,42465081"
15480,136217,Berlin,4,2020,1,16,4,3,6,7,1,0,1,1,0,0,0,1,"13,32082066","52,50744398"
15481,136218,Berlin,4,2020,1,17,3,3,6,2,2,0,1,1,0,0,0,1,"13,30519969","52,49689881"
15482,136219,Berlin,3,2020,1,14,4,3,2,7,0,0,1,0,0,0,1,0,"13,40376773","52,59040495"
15483,136220,Berlin,11,2020,1,16,3,2,6,4,2,0,1,1,0,0,0,1,"13,48592712","52,52097128"
15484,136221,Berlin,5,2020,1,14,3,3,2,6,0,0,1,0,0,0,0,0,"13,20986236","52,54805156"
15485,136222,Berlin,5,2020,1,15,4,3,0,6,0,0,1,0,1,0,0,1,"13,20418341","52,54054066"
15486,136223,Berlin,4,2020,1,10,3,3,2,2,0,0,1,0,0,0,1,0,"13,31013167","52,47895731"
15487,136224,Berlin,3,2020,1,16,3,3,3,6,2,0,1,0,0,0,0,1,"13,42254319","52,55271377"
15488,136225,Berlin,10,2020,1,22,5,3,1,5,2,0,1,0,0,0,0,0,"13,55893376","52,53232115"
15489,136226,Berlin,1,2020,1,17,3,2,6,4,2,0,1,1,0,0,0,1,"13,3924095","52,52410094"
15490,136227,Berlin,11,2020,1,6,4,3,1,5,1,0,1,0,0,0,0,0,"13,48615699","52,50263493"
15491,136228,Berlin,4,2020,1,15,4,3,0,2,0,0,0,0,1,0,1,0,"13,29385903","52,53476601"
15492,136229,Berlin,1,2020,1,14,3,3,5,2,0,1,1,0,0,0,0,0,"13,3710316","52,5444767"
15493,136230,Berlin,11,2020,1,11,4,2,6,7,0,0,0,1,0,1,0,0,"13,47409086","52,53265897"
15494,136231,Berlin,7,2020,1,16,3,3,1,5,2,0,1,0,0,0,1,1,"13,41993782","52,39216481"
15495,136232,Berlin,4,2020,1,16,3,3,5,7,2,1,1,0,0,0,0,1,"13,30721287","52,5078939"
15496,136233,Berlin,9,2020,1,10,3,1,5,3,0,0,1,0,1,0,0,1,"13,52233549","52,42852743"
15497,136234,Berlin,7,2020,1,14,4,3,5,3,0,1,1,0,0,0,0,0,"13,38247377","52,40293962"
15498,136235,Berlin,1,2020,1,10,3,3,4,6,0,1,0,0,1,0,0,1,"13,40426828","52,53413673"
15499,136236,Berlin,2,2020,1,18,2,3,0,4,2,0,0,1,0,0,1,0,"13,39206799","52,49795849"
15500,136237,Berlin,3,2020,1,6,5,2,5,3,2,1,0,0,0,0,0,1,"13,48802559","52,61854977"
15501,136238,Berlin,3,2020,1,14,2,3,5,3,0,1,1,0,0,0,0,0,"13,4288647","52,55139303"
15502,136239,Berlin,6,2020,1,18,4,2,0,3,2,0,1,0,1,0,0,1,"13,29285925","52,45811743"
15503,136240,Berlin,4,2020,1,13,4,3,2,6,0,0,1,0,0,0,0,0,"13,26525338","52,52083103"
15504,136241,Berlin,2,2020,1,13,2,3,5,3,0,0,1,0,0,0,0,0,"13,41678215","52,50430807"
15505,136242,Berlin,7,2020,1,12,4,3,2,6,0,0,1,0,0,0,0,1,"13,36176069","52,44717793"
15506,136243,Berlin,9,2020,1,13,2,2,9,1,0,0,1,0,0,0,0,1,"13,69775997","52,40476328"
15507,136244,Berlin,4,2020,1,12,2,3,6,3,0,0,1,1,0,0,0,0,"13,29055259","52,49437761"
15508,136245,Berlin,8,2020,1,22,4,3,0,3,2,1,0,0,0,0,1,0,"13,43169026","52,48150065"
15509,136246,Berlin,7,2020,1,12,2,3,0,1,0,1,0,0,0,0,0,0,"13,37598283","52,40911315"
15510,136247,Berlin,12,2020,1,7,4,3,0,2,0,1,1,0,0,0,0,0,"13,35922599","52,57425024"
15511,136248,Berlin,4,2020,1,12,2,3,2,6,0,1,1,0,0,0,0,0,"13,32545008","52,50382019"
15512,136249,Berlin,6,2020,1,11,2,3,2,6,0,0,1,0,0,0,0,0,"13,34670961","52,43578275"
15513,136250,Berlin,1,2020,1,18,4,3,1,5,2,1,1,0,0,0,0,1,"13,38820062","52,52070188"
15514,136251,Berlin,11,2020,1,11,2,3,0,2,0,1,1,0,0,0,0,0,"13,47138835","52,50515791"
15515,136252,Berlin,11,2020,1,9,5,3,5,3,0,0,1,0,0,0,0,1,"13,49932025","52,5181586"
15516,136253,Berlin,9,2020,1,11,2,3,5,2,0,1,1,0,0,0,0,0,"13,62455175","52,4505072"
15517,136254,Berlin,8,2020,1,16,4,3,6,4,1,0,0,1,0,0,1,0,"13,4377124","52,46525265"