,id,city,district,year,month,hour,weekday,injury_level,collision,movement,light_conditions,bicycle,car,pedestrian,motorbike,truck,other_vehicle,road_conditions,longitude,latitude
15518,136255,Berlin,4,2020,1,11,2,3,5,2,0,0,1,0,0,0,0,0,"13,33128531","52,5067953"
15519,136256,Berlin,6,2020,1,20,4,3,1,5,2,1,1,0,0,0,0,0,"13,25975476","52,42960604"
15520,136257,Berlin,1,2020,1,11,2,3,0,6,0,0,1,0,1,0,0,0,"13,37953584","52,55641194"
15521,136258,Berlin,7,2020,1,23,6,3,5,2,2,1,1,0,0,0,0,0,"13,42146662","52,46523856"
15522,136259,Berlin,4,2020,1,10,2,3,2,2,0,0,1,0,0,0,0,1,"13,33278095","52,47855597"
15523,136260,Berlin,9,2020,1,8,4,3,5,3,0,1,0,0,0,0,0,0,"13,53901133","52,43420703"
15524,136261,Berlin,9,2020,1,8,2,3,5,2,0,1,1,0,0,0,0,0,"13,51109213","52,44489424"
15525,136262,Berlin,11,2020,1,10,5,2,6,4,0,0,0,1,0,0,1,1,"13,50044189","52,51072499"
15526,136263,Berlin,1,2020,1,8,2,3,2,6,0,0,1,0,0,0,0,0,"13,3491152","52,54234175"
15527,136264,Berlin,1,2020,1,8,2,3,5,2,0,1,0,0,0,1,0,1,"13,40959879","52,52395155"
15528,136265,Berlin,9,2020,1,7,5,2,6,4,2,0,1,1,0,0,0,1,"13,58510068","52,42776221"
15529,136266,Berlin,6,2020,1,8,2,3,6,4,0,0,1,1,0,0,0,0,"13,32176679","52,45663671"
15530,136267,Berlin,3,2020,1,7,2,3,0,6,1,0,1,0,0,0,1,1,"13,47753763","52,56691662"
15531,136268,Berlin,2,2020,1,16,4,3,3,6,1,1,1,0,0,0,0,0,"13,47044918","52,50635321"
15532,136269,Berlin,3,2020,1,19,2,3,5,3,2,1,1,0,0,0,0,1,"13,43280084","52,55722031"
15533,136270,Berlin,2,2020,1,18,5,3,6,4,2,1,0,1,0,0,0,0,"13,39957539","52,49610041"
15534,136271,Berlin,12,2020,1,18,2,3,5,3,2,1,1,0,0,0,0,0,"13,28442761","52,59449492"
15535,136272,Berlin,10,2020,1,9,4,3,5,3,0,0,1,0,0,0,0,1,"13,54297721","52,53664114"
15536,136273,Berlin,1,2020,1,18,2,3,0,6,2,0,1,0,1,0,0,0,"13,38629275","52,53290208"
15537,136274,Berlin,1,2020,1,13,4,3,1,5,0,1,0,0,0,0,1,0,"13,34376761","52,5252691"
15538,136275,Berlin,1,2020,1,18,2,3,6,7,2,0,0,1,1,0,0,0,"13,38837158","52,51963144"
15539,136276,Berlin,8,2020,1,16,2,3,2,6,1,0,1,0,0,0,0,0,"13,4357323","52,48093135"
15540,136277,Berlin,1,2020,1,9,4,3,6,4,0,0,1,1,0,0,0,1,"13,34352345","52,54932747"
15541,136278,Berlin,11,2020,1,9,3,3,2,6,0,0,1,0,0,0,0,0,"13,46183768","52,52990445"
15542,136279,Berlin,7,2020,1,16,2,3,2,6,1,0,1,0,0,0,0,0,"13,38952376","52,43427391"
15543,136280,Berlin,1,2020,1,9,4,3,1,5,0,1,1,0,0,0,0,1,"13,40698891","52,53522561"
15544,136281,Berlin,3,2020,1,8,3,3,5,2,0,1,1,0,0,0,0,1,"13,42860647","52,59946401"
15545,136282,Berlin,9,2020,1,15,2,3,5,3,0,0,1,0,0,0,0,0,"13,52701319","52,43763971"
15546,136283,Berlin,9,2020,1,15,5,2,0,3,0,1,0,0,1,0,0,1,"13,63026738","52,45057789"
15547,136284,Berlin,4,2020,1,15,2,3,1,5,0,0,1,0,0,0,0,0,"13,24512258","52,52266591"
15548,136285,Berlin,3,2020,1,14,2,3,6,4,0,0,1,1,0,0,0,0,"13,49236716","52,61606513"
15549,136286,Berlin,6,2020,1,22,4,3,6,2,2,0,1,1,0,0,0,0,"13,32048264","52,45679021"
15550,136287,Berlin,11,2020,1,14,4,3,2,6,0,0,1,0,0,0,0,0,"13,49218086","52,52303262"
15551,136288,Berlin,9,2020,1,7,2,3,2,6,1,0,1,0,0,0,0,1,"13,53916093","52,43695911"
15552,136289,Berlin,8,2020,1,7,2,3,5,3,1,1,0,0,0,0,1,0,"13,44588619","52,47227476"
15553,136290,Berlin,3,2020,1,7,2,3,5,2,1,1,1,0,0,0,0,1,"13,40263638","52,56557381"
15554,136291,Berlin,12,2020,1,7,4,3,5,2,1,0,1,0,0,0,0,1,"13,33051634","52,56251124"
15555,136292,Berlin,4,2020,1,8,3,3,2,6,0,0,1,0,0,0,0,1,"13,29475933","52,53941866"
15556,136293,Berlin,3,2020,1,7,2,3,5,3,1,1,1,0,0,0,0,1,"13,43260387","52,55752969"
15557,136294,Berlin,2,2020,1,13,5,3,1,5,0,1,1,0,0,0,0,0,"13,42383046","52,50002419"
15558,136295,Berlin,2,2020,1,15,4,3,5,7,0,0,1,0,0,0,1,0,"13,38178252","52,49711764"
15559,136296,Berlin,8,2020,1,6,2,3,5,2,2,0,1,0,0,0,0,1,"13,45903539","52,44036358"
15560,136297,Berlin,8,2020,1,17,4,2,5,3,2,0,1,0,0,0,0,1,"13,43301032","52,45240588"
15561,136298,Berlin,5,2020,1,6,2,3,5,2,2,1,1,0,0,0,0,0,"13,24702546","52,54397578"
15562,136299,Berlin,1,2020,1,21,5,3,5,7,2,0,1,0,0,0,0,0,"13,38374947","52,55502506"
15563,136300,Berlin,11,2020,1,18,4,3,6,4,2,0,1,1,0,0,0,0,"13,52352184","52,56574176"
15564,136301,Berlin,1,2020,1,6,2,3,5,3,2,0,1,0,1,0,0,0,"13,37707033","52,50858378"
15565,136302,Berlin,2,2020,1,18,4,3,2,7,2,1,1,0,0,0,0,1,"13,40818129","52,4930419"
15566,136303,Berlin,6,2020,1,1,4,1,8,7,2,0,0,0,1,0,0,0,"13,34053875","52,44359796"
15567,136304,Berlin,8,2020,1,4,2,2,5,3,2,0,1,0,1,0,0,0,"13,44624742","52,48633773"
15568,136305,Berlin,6,2020,1,8,3,3,5,2,0,1,1,0,0,0,0,0,"13,31539262","52,45144979"
15569,136306,Berlin,11,2020,1,4,2,3,5,2,2,1,1,0,0,0,0,0,"13,5273191","52,55647879"
15570,136307,Berlin,1,2020,1,4,2,3,8,1,2,0,1,0,0,0,0,1,"13,36423448","52,52764212"
15571,136308,Berlin,1,2020,1,8,3,3,5,2,0,1,1,0,0,0,0,0,"13,38043628","52,51810128"
15572,136309,Berlin,4,2020,1,2,1,3,8,1,2,0,1,0,0,0,0,1,"13,27200785","52,49878669"
15573,136310,Berlin,8,2020,1,8,5,3,5,3,0,1,1,0,0,0,0,1,"13,4479356","52,47798848"
15574,136311,Berlin,11,2020,1,6,4,3,2,6,2,0,1,0,0,1,0,1,"13,52836997","52,55704661"
15575,136312,Berlin,4,2020,1,19,1,3,6,7,2,0,1,1,0,0,0,0,"13,31769792","52,50614468"
15576,136313,Berlin,2,2020,1,3,1,3,9,1,2,0,1,1,0,0,0,1,"13,46648115","52,50207899"
15577,136314,Berlin,8,2020,1,11,3,3,6,4,0,0,1,1,0,0,0,0,"13,43675209","52,44964025"
15578,136315,Berlin,2,2020,1,0,1,3,6,4,2,0,1,1,0,0,0,0,"13,44407573","52,49996549"
15579,136316,Berlin,5,2020,1,22,1,3,2,6,2,0,1,0,0,0,0,1,"13,21848337","52,56028477"
15580,136317,Berlin,10,2020,1,15,3,3,6,4,0,0,1,1,0,0,0,0,"13,601415","52,48256787"
15581,136318,Berlin,8,2020,1,20,1,3,5,5,2,0,1,0,0,0,0,0,"13,43672919","52,45711022"
15582,136319,Berlin,11,2020,1,20,1,3,6,7,2,0,1,1,0,0,0,0,"13,49238555","52,53912201"
15583,136320,Berlin,2,2020,1,14,3,3,1,5,0,1,1,0,0,0,0,0,"13,43689836","52,49294204"
15584,136321,Berlin,4,2020,1,19,1,3,2,6,2,0,1,0,0,0,0,0,"13,29643915","52,54845513"
15585,136322,Berlin,3,2020,1,6,5,2,6,4,2,0,1,1,0,0,0,1,"13,43047759","52,6105666"
15586,136323,Berlin,1,2020,1,15,3,3,6,2,0,0,0,1,0,0,1,0,"13,3925741","52,52827975"
15587,136324,Berlin,3,2020,1,19,1,3,5,3,2,0,1,0,0,0,1,0,"13,41838286","52,55330239"
15588,136325,Berlin,1,2020,1,18,1,3,1,5,2,0,1,0,0,0,0,0,"13,37601511","52,55468636"
15589,136326,Berlin,9,2020,1,14,3,3,6,7,0,1,0,1,0,0,0,0,"13,56925434","52,443239"
15590,136327,Berlin,4,2020,1,8,3,3,5,3,0,0,1,0,0,0,0,1,"13,28563375","52,48290888"
15591,136328,Berlin,8,2020,1,17,1,3,1,5,1,1,1,0,0,0,0,0,"13,44318023","52,48075032"
15592,136329,Berlin,4,2020,1,17,5,3,6,4,2,0,1,1,0,0,0,0,"13,32447744","52,49793583"
15593,136330,Berlin,4,2020,1,12,1,3,5,2,0,0,1,0,0,0,0,0,"13,27690842","52,50706503"
15594,136331,Berlin,5,2020,1,14,3,3,5,3,0,1,1,0,0,0,0,0,"13,16247388","52,46472868"
15595,136332,Berlin,12,2020,1,21,7,3,5,3,2,0,1,0,0,0,0,1,"13,35135969","52,60390191"
15596,136333,Berlin,4,2020,1,8,4,3,3,6,0,0,1,0,0,0,0,0,"13,30229356","52,50753795"
15597,136334,Berlin,12,2020,1,23,6,3,5,3,2,0,1,0,1,0,0,0,"13,32797355","52,56412308"
15598,136335,Berlin,10,2020,1,19,7,3,2,6,2,0,1,0,0,0,0,1,"13,59558476","52,52872567"
15599,136336,Berlin,9,2020,1,12,3,3,5,3,0,1,1,0,0,0,0,0,"13,5281026","52,40250226"
15600,136337,Berlin,8,2020,1,19,7,3,6,7,2,0,1,1,0,0,0,1,"13,42491345","52,48154015"
15601,136338,Berlin,4,2020,1,14,4,3,1,5,0,1,1,0,0,0,0,0,"13,29113358","52,49152307"
15602,136339,Berlin,12,2020,1,17,7,3,5,3,2,0,1,0,0,0,0,1,"13,31871013","52,57397266"
15603,136340,Berlin,4,2020,1,18,7,3,6,4,2,0,1,1,0,0,0,1,"13,33042197","52,51277291"
15604,136341,Berlin,1,2020,1,11,3,2,0,4,0,0,0,1,0,0,1,0,"13,37236425","52,55667653"
15605,136342,Berlin,5,2020,1,8,3,3,2,6,0,0,1,0,0,0,0,1,"13,20992705","52,5506659"
15606,136343,Berlin,8,2020,1,18,7,3,5,3,2,0,1,0,0,0,0,1,"13,48462182","52,41723963"
15607,136344,Berlin,2,2020,1,23,5,3,5,3,2,0,1,0,0,0,1,1,"13,42645441","52,49940113"
15608,136345,Berlin,4,2020,1,14,3,3,5,3,0,0,1,0,0,0,0,1,"13,30385558","52,52561083"
15609,136346,Berlin,4,2020,1,16,7,3,2,6,2,0,1,0,0,0,0,1,"13,33102488","52,49063858"
15610,136347,Berlin,10,2020,1,7,4,3,6,4,1,0,0,1,1,0,0,1,"13,571488","52,54065857"
15611,136348,Berlin,4,2020,1,11,3,3,5,2,0,0,1,0,1,0,0,1,"13,28909089","52,5108633"
15612,136349,Berlin,7,2020,1,15,7,3,2,6,0,1,1,0,0,0,0,0,"13,35327684","52,4896287"
15613,136350,Berlin,9,2020,1,16,7,3,0,1,1,1,0,0,0,0,0,1,"13,57408072","52,45412479"
15614,136351,Berlin,1,2020,1,14,7,2,5,3,0,1,0,0,0,0,0,1,"13,40510505","52,52876996"
15615,136352,Berlin,8,2020,1,13,7,3,8,1,0,0,1,0,0,0,0,1,"13,46191356","52,42207064"
15616,136353,Berlin,3,2020,1,13,7,3,0,7,0,1,0,0,0,0,0,1,"13,46256869","52,6122073"
15617,136354,Berlin,8,2020,1,11,3,3,5,3,0,1,1,0,0,0,0,0,"13,45188881","52,43785515"
15618,136355,Berlin,7,2020,1,16,3,2,5,2,2,0,1,0,1,0,0,1,"13,37883988","52,43766189"
15619,136356,Berlin,6,2020,1,12,7,2,2,7,0,0,0,0,1,1,0,1,"13,17745372","52,42129751"
15620,136357,Berlin,10,2020,1,19,5,3,1,5,2,0,1,0,0,0,0,0,"13,60182872","52,52806949"
15621,136358,Berlin,1,2020,1,7,7,2,6,4,2,0,1,1,0,0,0,1,"13,40354899","52,52095437"
15622,136359,Berlin,1,2020,1,18,4,3,5,3,2,0,1,0,0,0,0,1,"13,38911608","52,51563295"
15623,136360,Berlin,11,2020,1,21,3,3,3,6,2,0,1,0,1,0,0,0,"13,47495947","52,5342936"
15624,136361,Berlin,8,2020,1,22,7,3,6,4,2,0,0,1,0,0,1,1,"13,4262738","52,47726689"
15625,136362,Berlin,5,2020,1,20,3,2,0,2,2,0,1,0,1,0,0,0,"13,15777144","52,56118999"
15626,136363,Berlin,6,2020,1,16,6,3,6,7,1,0,1,0,0,0,1,0,"13,31135411","52,43059246"
15627,136364,Berlin,2,2020,1,17,6,3,3,6,1,1,0,0,0,0,0,0,"13,44354607","52,52507877"
15628,136365,Berlin,2,2020,1,19,3,3,0,2,2,1,1,0,0,0,0,0,"13,39700281","52,50014364"
15629,136366,Berlin,11,2020,1,7,6,3,6,4,1,0,1,1,0,0,0,0,"13,4829333","52,52322456"
15630,136367,Berlin,8,2020,1,8,5,3,5,2,0,1,1,0,0,0,0,1,"13,42896304","52,47189593"
15631,136368,Berlin,11,2020,1,16,3,3,0,6,1,1,1,0,0,0,0,0,"13,4949248","52,54536785"
15632,136369,Berlin,1,2020,1,16,6,3,0,2,1,0,1,0,0,0,1,0,"13,40942383","52,52224936"
15633,136370,Berlin,8,2020,1,17,3,3,6,7,2,0,0,1,0,0,1,0,"13,43207886","52,46644741"
15634,136371,Berlin,1,2020,1,11,6,3,6,2,0,0,1,1,0,0,0,0,"13,38879409","52,51723274"
15635,136372,Berlin,6,2020,1,13,5,2,5,3,0,0,1,0,0,0,0,1,"13,30306124","52,42773389"
15636,136373,Berlin,8,2020,1,11,6,3,2,6,0,0,1,0,0,0,0,0,"13,44120036","52,47218767"
15637,136374,Berlin,1,2020,1,18,4,3,3,6,1,0,1,0,0,0,0,0,"13,35149316","52,50505992"
15638,136375,Berlin,7,2020,1,11,6,3,6,4,0,0,1,1,0,0,0,0,"13,34253624","52,5021543"
15639,136376,Berlin,1,2020,1,19,3,3,5,3,2,1,1,0,0,0,0,0,"13,37549826","52,5423259"
15640,136377,Berlin,3,2020,1,10,6,3,5,3,0,0,1,0,0,0,1,0,"13,4183511","52,55980587"
15641,136378,Berlin,11,2020,1,7,6,2,6,4,1,0,1,1,0,0,0,1,"13,4939808","52,56497168"
15642,136379,Berlin,10,2020,1,10,6,3,2,2,0,0,1,0,0,0,0,0,"13,54783778","52,54159985"
15643,136380,Berlin,3,2020,1,18,3,2,6,4,2,0,1,1,0,0,0,0,"13,4275747","52,54584132"
15644,136381,Berlin,5,2020,1,11,6,3,5,3,0,1,1,0,0,0,0,0,"13,19656314","52,56292973"
15645,136382,Berlin,11,2020,1,5,5,3,5,2,2,1,1,0,0,0,0,1,"13,54010619","52,56530093"
15646,136383,Berlin,9,2020,1,17,6,2,6,4,2,0,0,1,0,0,1,0,"13,56765211","52,44486407"
15647,136384,Berlin,11,2020,1,17,6,2,6,4,2,0,1,1,0,0,0,0,"13,50892991","52,4949865"
15648,136385,Berlin,11,2020,1,17,3,3,2,6,2,0,1,0,0,0,0,0,"13,473546","52,53253683"
15649,136386,Berlin,3,2020,1,17,6,2,5,2,2,0,1,0,1,0,0,0,"13,45315063","52,58988361"
15650,136387,Berlin,12,2020,1,15,6,3,2,7,0,0,0,0,1,0,1,0,"13,31583772","52,57103481"
15651,136388,Berlin,4,2020,1,10,3,2,6,4,0,0,1,1,0,0,0,0,"13,28119482","52,48233093"
15652,136389,Berlin,5,2020,1,15,6,3,5,3,0,0,1,0,0,0,0,0,"13,21078891","52,56746303"
15653,136390,Berlin,8,2020,1,14,5,3,2,6,0,0,1,0,0,0,0,0,"13,44647226","52,47847455"
15654,136391,Berlin,4,2020,1,13,6,2,5,2,0,0,1,0,1,0,0,0,"13,3129956","52,48036743"
15655,136392,Berlin,10,2020,1,9,3,3,6,2,0,0,1,1,0,0,0,1,"13,58723171","52,52328075"
15656,136393,Berlin,3,2020,1,12,6,2,6,4,0,0,1,1,0,0,0,0,"13,41326838","52,547674"
15657,136394,Berlin,12,2020,1,13,4,3,6,2,0,0,0,1,0,0,1,0,"13,32642045","52,60450594"
15658,136395,Berlin,1,2020,1,17,3,3,6,2,1,0,1,1,0,0,0,1,"13,34302281","52,52616607"
15659,136396,Berlin,1,2020,1,12,6,3,5,7,0,0,1,0,1,0,0,0,"13,32726059","52,53274733"
15660,136397,Berlin,10,2020,1,11,6,2,5,3,0,1,1,0,0,0,0,0,"13,55376954","52,54911799"
15661,136398,Berlin,2,2020,1,8,3,3,5,3,0,1,1,0,0,0,0,0,"13,46637221","52,50867743"
15662,136399,Berlin,12,2020,1,16,3,3,1,5,1,0,1,0,0,0,0,1,"13,35712256","52,57744296"
15663,136400,Berlin,1,2020,1,23,6,3,6,7,2,1,1,1,0,0,0,1,"13,41332279","52,52779789"
15664,136401,Berlin,12,2020,1,21,5,2,6,4,2,0,1,1,0,0,0,0,"13,29407478","52,57717594"
15665,136402,Berlin,5,2020,1,20,3,2,6,2,2,0,1,1,0,0,0,1,"13,14423214","52,45430903"
15666,136403,Berlin,1,2020,1,22,6,3,6,4,2,0,1,1,0,0,0,0,"13,4017617","52,53036777"
15667,136404,Berlin,6,2020,1,13,5,2,1,1,0,0,1,0,0,1,0,1,"13,27519238","52,42663388"
15668,136405,Berlin,12,2020,1,20,6,3,5,3,2,0,1,0,0,0,0,0,"13,30660447","52,57743761"
15669,136406,Berlin,1,2020,1,19,6,3,3,6,2,1,1,0,0,0,0,0,"13,35923436","52,52331841"
15670,136407,Berlin,2,2020,1,9,4,3,3,6,0,1,0,0,0,0,1,0,"13,39445604","52,49758619"
15671,136408,Berlin,1,2020,1,18,6,3,5,5,2,0,1,0,0,0,0,0,"13,35711865","52,50130464"
15672,136409,Berlin,1,2020,1,17,6,3,5,2,2,0,1,0,1,0,0,0,"13,3801578","52,51971561"
15673,136410,Berlin,12,2020,1,7,6,3,6,4,1,0,1,1,0,0,0,1,"13,23066875","52,62455188"
15674,136411,Berlin,1,2020,1,8,3,3,6,4,0,0,0,1,1,0,0,0,"13,38666824","52,53306864"
15675,136412,Berlin,3,2020,1,16,3,3,6,2,1,0,1,1,0,0,0,1,"13,42076997","52,5488798"
15676,136413,Berlin,11,2020,1,7,6,3,2,6,0,0,1,0,0,0,0,1,"13,52463772","52,55523086"
15677,136414,Berlin,1,2020,1,13,5,3,5,2,0,1,1,0,0,0,0,1,"13,34510175","52,53905633"
15678,136415,Berlin,11,2020,1,6,6,3,2,6,2,0,1,0,0,0,0,0,"13,46165123","52,52986165"
15679,136416,Berlin,4,2020,1,18,4,3,2,6,2,0,1,0,0,0,0,1,"13,32618733","52,50017534"
15680,136417,Berlin,11,2020,1,6,6,3,2,2,2,0,1,0,0,0,1,0,"13,49940235","52,52025365"
15681,136418,Berlin,2,2020,1,7,3,3,2,6,1,0,1,0,0,0,0,0,"13,38890322","52,49875699"
15682,136419,Berlin,7,2020,1,4,6,3,5,3,2,1,1,0,0,0,0,0,"13,35299156","52,49933066"
15683,136420,Berlin,5,2020,1,6,4,3,5,2,1,0,1,0,0,0,0,1,"13,16539948","52,55120206"
15684,136421,Berlin,6,2020,1,6,3,3,2,6,1,0,1,0,0,0,0,1,"13,31927381","52,45367281"
15685,136422,Berlin,5,2020,1,13,6,3,6,7,0,1,0,1,0,0,0,0,"13,24563349","52,52478645"
15686,136423,Berlin,10,2020,1,5,3,3,0,1,2,0,1,0,0,0,0,0,"13,57523773","52,53077298"
15687,136424,Berlin,10,2020,1,2,5,3,0,1,2,1,0,0,0,0,0,1,"13,55057086","52,5429679"
15688,136425,Berlin,2,2020,1,21,5,3,6,4,2,0,0,1,0,0,1,0,"13,39490247","52,50048664"
15689,136426,Berlin,12,2020,1,13,3,1,4,5,0,0,1,0,0,1,0,0,"13,27796902","52,57572987"
15690,136427,Berlin,1,2020,1,7,5,3,0,2,2,0,1,0,1,0,0,0,"13,35463245","52,51708727"
15691,136428,Berlin,8,2020,1,8,5,3,5,3,0,0,1,0,0,0,1,1,"13,45905337","52,44040983"
15692,136429,Berlin,9,2020,1,7,5,3,5,2,0,0,1,0,0,0,0,1,"13,5532321","52,46968997"
15693,136430,Berlin,1,2020,1,14,5,3,5,3,0,1,0,0,0,0,1,0,"13,33007545","52,52379294"
15694,136431,Berlin,7,2020,1,13,2,3,6,2,0,0,1,1,0,0,0,0,"13,32856934","52,47345899"
15695,136432,Berlin,3,2020,1,14,5,3,2,6,0,0,1,0,0,0,0,0,"13,41388459","52,55363519"
15696,136433,Berlin,7,2020,1,13,6,3,5,3,0,1,1,0,0,0,0,0,"13,36548733","52,49738139"
15697,136434,Berlin,9,2020,1,14,5,3,5,2,0,1,1,0,0,0,0,0,"13,57703862","52,45578013"
15698,136435,Berlin,12,2020,1,13,2,3,5,3,0,0,1,0,0,0,0,0,"13,30268469","52,61807209"
15699,136436,Berlin,1,2020,1,15,5,3,5,3,0,1,1,0,0,0,0,0,"13,32029135","52,53144975"
15700,136437,Berlin,4,2020,1,14,5,3,3,6,0,0,1,0,0,0,0,1,"13,32608341","52,53854064"
15701,136438,Berlin,7,2020,1,12,5,3,3,6,0,1,1,0,0,0,0,0,"13,42141644","52,46566719"
15702,136439,Berlin,1,2020,1,9,2,3,5,2,0,0,1,0,1,0,0,1,"13,34609026","52,50403028"
15703,136440,Berlin,1,2020,1,12,5,3,2,2,0,0,1,0,0,0,0,0,"13,33535804","52,52670931"
15704,136441,Berlin,5,2020,1,7,5,2,6,2,1,0,1,1,0,0,0,1,"13,208659","52,56159151"
15705,136442,Berlin,1,2020,1,12,5,2,6,4,0,0,0,1,0,0,1,0,"13,41537892","52,52271245"
15706,136443,Berlin,8,2020,1,10,5,3,5,2,0,0,1,0,0,0,0,0,"13,46780086","52,46053919"
15707,136444,Berlin,1,2020,1,12,2,3,0,2,0,0,0,0,0,1,1,0,"13,38999114","52,52569301"
15708,136445,Berlin,1,2020,1,9,5,3,2,6,0,1,1,0,0,0,0,0,"13,39185787","52,51026521"
15709,136446,Berlin,1,2020,1,18,5,3,6,4,2,0,1,1,0,0,0,0,"13,42272851","52,51389143"
15710,136447,Berlin,11,2020,1,8,5,3,2,2,0,0,1,0,0,0,0,0,"13,49977666","52,526363"
15711,136448,Berlin,1,2020,1,14,2,3,5,2,0,1,1,0,0,0,0,0,"13,34358696","52,55328982"
15712,136449,Berlin,9,2020,1,8,5,3,1,6,0,1,1,0,0,0,0,0,"13,57719865","52,4441267"
15713,136450,Berlin,4,2020,1,13,4,3,5,3,0,1,1,0,0,0,0,0,"13,32438254","52,49781359"
15714,136451,Berlin,7,2020,1,7,5,3,2,2,1,0,1,0,1,0,0,1,"13,40642207","52,39848902"
15715,136452,Berlin,3,2020,1,17,4,3,1,5,2,0,1,0,0,0,1,1,"13,38880986","52,56926985"
15716,136453,Berlin,5,2020,1,6,5,2,6,2,2,0,1,1,0,0,0,0,"13,19348819","52,54886006"
15717,136454,Berlin,1,2020,1,6,5,3,5,2,2,0,1,0,0,0,0,0,"13,35912477","52,54645867"
15718,136455,Berlin,6,2020,1,13,2,3,0,6,0,0,1,0,0,0,1,0,"13,3334972","52,45210826"
15719,136456,Berlin,8,2020,1,20,3,3,9,1,2,0,1,0,0,0,0,1,"13,42535122","52,46371107"
15720,136457,Berlin,11,2020,1,18,5,2,6,3,2,0,1,1,0,0,0,0,"13,47166258","52,53791892"
15721,136458,Berlin,1,2020,1,14,5,3,1,5,0,1,1,0,0,0,0,0,"13,37752348","52,52917166"
15722,136459,Berlin,1,2020,1,18,5,3,5,3,2,1,1,0,0,0,0,0,"13,40622328","52,53216898"
15723,136460,Berlin,1,2020,1,22,3,3,6,2,2,0,0,1,0,0,1,1,"13,37040921","52,54464152"
15724,136461,Berlin,2,2020,1,7,5,3,5,2,1,1,1,0,0,0,0,1,"13,43200539","52,49733435"
15725,136462,Berlin,1,2020,1,9,4,3,2,6,0,0,1,0,0,0,0,0,"13,34629068","52,54766448"
15726,136463,Berlin,3,2020,1,7,3,3,6,2,0,0,1,1,0,0,0,1,"13,42342011","52,58583443"
15727,136464,Berlin,6,2020,1,20,5,3,1,5,2,1,1,0,0,0,0,0,"13,29066637","52,42944987"
15728,136465,Berlin,12,2020,1,17,5,3,6,4,2,0,1,1,0,0,0,0,"13,21297172","52,60863435"
15729,136466,Berlin,11,2020,1,7,5,3,5,3,1,1,0,0,0,0,1,0,"13,49941325","52,52288843"
15730,136467,Berlin,5,2020,1,13,2,3,5,3,0,1,1,0,0,0,0,0,"13,20675029","52,53411522"
15731,136468,Berlin,8,2020,1,15,4,2,6,4,0,0,1,1,0,0,0,0,"13,424405","52,42416938"
15732,136469,Berlin,7,2020,1,13,5,3,5,2,0,0,1,0,0,0,0,1,"13,35016871","52,41428367"
15733,136470,Berlin,1,2020,2,4,2,3,5,3,2,0,1,0,0,0,0,1,"13,40240597","52,53847485"
15734,136471,Berlin,9,2020,2,17,1,3,0,7,2,0,1,0,1,0,0,0,"13,55119004","52,4390485"
15735,136472,Berlin,1,2020,2,13,2,3,2,2,0,0,1,0,0,0,1,1,"13,3589485","52,55385951"
15736,136473,Berlin,1,2020,2,6,2,3,6,4,1,0,0,1,1,0,0,0,"13,34320651","52,53203274"
15737,136474,Berlin,4,2020,2,15,1,3,2,6,0,0,1,0,0,0,0,1,"13,33098673","52,50527175"
15738,136475,Berlin,8,2020,2,15,4,3,0,3,0,1,0,0,0,0,1,0,"13,43690022","52,42340472"
15739,136476,Berlin,2,2020,2,20,1,3,5,3,2,0,1,0,1,0,0,1,"13,42631579","52,49933222"
15740,136477,Berlin,2,2020,2,17,1,3,5,3,2,1,1,0,0,0,0,0,"13,44089772","52,52446458"
15741,136478,Berlin,8,2020,2,18,2,3,1,5,2,1,1,0,0,0,0,1,"13,43155418","52,47004117"
15742,136479,Berlin,2,2020,2,16,1,3,0,7,0,0,1,0,0,0,1,0,"13,43615794","52,50760531"
15743,136480,Berlin,7,2020,2,8,3,3,4,6,0,1,0,0,0,0,0,0,"13,34118266","52,47622379"
15744,136481,Berlin,12,2020,2,4,1,2,1,1,2,0,1,0,0,0,1,0,"13,31423059","52,57419715"
15745,136482,Berlin,1,2020,2,13,1,3,2,6,0,0,1,0,0,0,0,0,"13,36400212","52,50992859"
15746,136483,Berlin,11,2020,2,20,1,3,6,2,2,0,1,1,0,0,0,1,"13,51969365","52,50570589"
15747,136484,Berlin,4,2020,2,15,3,3,5,2,0,1,1,0,0,0,0,1,"13,30202276","52,53944399"
15748,136485,Berlin,3,2020,2,8,4,3,5,3,0,1,1,0,0,0,0,1,"13,44252127","52,54286951"
15749,136486,Berlin,2,2020,2,19,1,3,0,7,2,0,1,1,0,0,0,1,"13,42211989","52,49277704"
15750,136487,Berlin,4,2020,2,17,2,3,5,2,2,0,1,0,0,0,0,1,"13,30230525","52,48831634"
15751,136488,Berlin,7,2020,2,14,1,3,2,6,0,1,1,0,0,0,0,0,"13,37857122","52,44534429"
15752,136489,Berlin,1,2020,2,19,3,3,2,6,2,0,1,0,0,0,0,1,"13,38183446","52,55592143"
15753,136490,Berlin,4,2020,2,19,1,2,5,3,2,1,1,0,0,0,0,1,"13,30019815","52,49882659"