,id,city,district,year,month,hour,weekday,injury_level,collision,movement,light_conditions,bicycle,car,pedestrian,motorbike,truck,other_vehicle,road_conditions,longitude,latitude
15754,136491,Berlin,1,2020,2,13,1,3,5,2,0,0,1,0,0,0,0,0,"13,4117835","52,52396641"
15755,136492,Berlin,4,2020,2,8,5,3,5,2,0,1,0,0,0,0,1,0,"13,28224422","52,53377665"
15756,136493,Berlin,1,2020,2,19,1,3,2,6,2,1,0,0,0,0,1,1,"13,41904752","52,51529034"
15757,136494,Berlin,9,2020,2,10,3,3,5,7,0,0,1,0,0,0,1,0,"13,55446971","52,45589363"
15758,136495,Berlin,1,2020,2,10,2,3,5,3,0,0,1,0,0,0,0,1,"13,34898813","52,50482467"
15759,136496,Berlin,5,2020,2,12,7,3,2,6,0,0,1,0,0,0,0,0,"13,17763471","52,51694458"
15760,136497,Berlin,1,2020,2,11,2,2,5,3,0,0,1,0,0,0,1,1,"13,38874933","52,55016747"
15761,136498,Berlin,1,2020,2,13,3,3,1,5,0,0,1,0,0,0,0,0,"13,35041892","52,55786413"
15762,136499,Berlin,6,2020,2,19,1,3,6,2,2,0,1,1,0,0,0,1,"13,33791558","52,4509472"
15763,136500,Berlin,4,2020,2,12,7,3,0,5,0,0,0,0,0,0,1,0,"13,30176847","52,48828882"
15764,136501,Berlin,4,2020,2,15,2,3,1,5,0,0,1,0,0,0,0,1,"13,31553246","52,48098314"
15765,136502,Berlin,2,2020,2,12,7,3,2,6,0,0,1,0,0,0,0,0,"13,43034896","52,5106638"
15766,136503,Berlin,1,2020,2,18,3,3,6,2,2,0,0,1,0,0,1,0,"13,38364076","52,55133584"
15767,136504,Berlin,8,2020,2,18,1,3,6,2,2,0,1,1,0,0,0,1,"13,4602966","52,43190853"
15768,136505,Berlin,4,2020,2,11,7,3,5,2,0,1,1,0,0,0,0,0,"13,33310011","52,48756161"
15769,136506,Berlin,10,2020,2,14,4,3,8,1,0,0,0,0,0,1,0,0,"13,57511439","52,56025929"
15770,136507,Berlin,12,2020,2,17,1,2,6,2,2,0,1,1,0,0,0,1,"13,36050058","52,59702851"
15771,136508,Berlin,4,2020,2,21,3,3,6,7,2,0,1,1,0,0,0,1,"13,2930821","52,49740648"
15772,136509,Berlin,4,2020,2,8,2,3,5,2,0,1,1,0,0,0,0,1,"13,2959346","52,49587689"
15773,136510,Berlin,12,2020,2,11,7,3,1,1,0,0,1,0,0,0,0,0,"13,37250369","52,56846641"
15774,136511,Berlin,1,2020,2,11,2,3,5,3,0,1,1,0,0,0,0,1,"13,40717956","52,53331539"
15775,136512,Berlin,1,2020,2,6,2,3,5,2,2,1,1,0,0,0,0,0,"13,40121733","52,51114663"
15776,136513,Berlin,1,2020,2,17,1,3,5,2,2,1,0,0,0,0,1,1,"13,39604695","52,53833841"
15777,136514,Berlin,9,2020,2,16,4,2,5,3,0,1,1,0,0,0,0,0,"13,57360358","52,40785954"
15778,136515,Berlin,5,2020,2,16,1,3,6,4,1,0,1,1,0,0,0,1,"13,20950496","52,54717315"
15779,136516,Berlin,1,2020,2,2,7,2,3,6,2,0,1,0,0,0,0,0,"13,40103671","52,5299839"
15780,136517,Berlin,10,2020,2,20,2,2,5,2,2,0,1,0,0,0,0,1,"13,54525071","52,51651929"
15781,136518,Berlin,7,2020,2,22,4,3,5,7,2,0,1,0,0,0,0,0,"13,33340198","52,46983414"
15782,136519,Berlin,5,2020,2,16,1,3,5,7,1,0,1,0,1,0,0,1,"13,20996149","52,54823797"
15783,136520,Berlin,6,2020,2,18,2,3,5,3,2,1,1,0,0,0,0,1,"13,29959017","52,45446627"
15784,136521,Berlin,5,2020,2,13,3,2,5,2,0,0,1,0,0,0,0,0,"13,15352222","52,55343124"
15785,136522,Berlin,4,2020,2,15,2,3,5,3,0,0,1,0,0,0,0,1,"13,28681515","52,49582464"
15786,136523,Berlin,4,2020,2,1,7,3,0,2,2,1,1,0,0,0,0,0,"13,31287843","52,50002018"
15787,136524,Berlin,1,2020,2,8,2,3,0,5,0,1,0,0,0,0,1,1,"13,36232094","52,55079911"
15788,136525,Berlin,3,2020,2,5,2,3,5,3,2,1,1,0,0,0,0,1,"13,42737449","52,5524928"
15789,136526,Berlin,3,2020,2,16,1,3,5,2,1,0,1,0,1,0,0,1,"13,43914497","52,54734094"
15790,136527,Berlin,10,2020,2,15,4,3,6,2,0,0,1,1,0,0,0,0,"13,53996384","52,52594014"
15791,136528,Berlin,6,2020,2,16,1,2,5,7,1,0,1,0,0,0,0,1,"13,35799812","52,4218333"
15792,136529,Berlin,1,2020,2,21,7,3,0,2,2,1,0,0,0,0,1,0,"13,35719856","52,52372043"
15793,136530,Berlin,12,2020,2,18,2,2,6,2,2,0,1,1,0,0,0,1,"13,35914602","52,57421114"
15794,136531,Berlin,6,2020,2,21,7,2,5,2,2,0,1,0,0,0,0,0,"13,30963959","52,43130158"
15795,136532,Berlin,1,2020,2,23,3,3,1,5,2,0,1,0,0,1,0,1,"13,38578532","52,54317009"
15796,136533,Berlin,7,2020,2,22,1,2,5,2,2,0,1,0,0,0,0,1,"13,34624882","52,50105412"
15797,136534,Berlin,1,2020,2,19,7,3,5,2,2,0,1,0,0,0,0,0,"13,38441586","52,55599044"
15798,136535,Berlin,7,2020,2,17,7,3,5,3,2,0,1,0,1,0,0,0,"13,37056597","52,4880672"
15799,136536,Berlin,4,2020,2,10,3,3,0,7,0,1,0,0,0,0,0,0,"13,30066457","52,50249464"
15800,136537,Berlin,6,2020,2,12,2,3,2,6,0,0,1,0,0,0,0,0,"13,34100208","52,44298558"
15801,136538,Berlin,3,2020,2,17,7,3,5,3,1,1,1,0,0,0,0,0,"13,40217908","52,55432137"
15802,136539,Berlin,3,2020,2,14,1,3,5,3,0,1,1,0,0,0,0,1,"13,40020889","52,58043537"
15803,136540,Berlin,9,2020,2,6,4,3,6,2,1,0,1,1,0,0,0,1,"13,53992591","52,39678891"
15804,136541,Berlin,2,2020,2,14,1,3,5,2,0,0,1,0,0,0,0,1,"13,39512297","52,49625937"
15805,136542,Berlin,2,2020,2,17,2,3,5,3,2,1,1,0,0,0,0,1,"13,4266829","52,5157069"
15806,136543,Berlin,8,2020,2,15,7,3,1,5,0,1,0,0,0,0,1,0,"13,4242886","52,47734097"
15807,136544,Berlin,12,2020,2,18,3,3,6,2,2,0,0,1,0,1,0,1,"13,35391542","52,56220087"
15808,136545,Berlin,7,2020,2,13,1,3,5,3,0,0,1,0,0,0,0,1,"13,38220137","52,435956"
15809,136546,Berlin,7,2020,2,14,7,2,5,3,0,0,1,0,1,0,0,0,"13,38048164","52,44286166"
15810,136547,Berlin,7,2020,2,23,5,3,6,2,2,0,1,1,0,0,0,0,"13,35471309","52,45869761"
15811,136548,Berlin,4,2020,2,13,1,3,2,6,0,0,1,0,0,0,0,1,"13,28038822","52,50669587"
15812,136549,Berlin,6,2020,2,8,3,3,2,7,0,1,0,0,0,1,0,1,"13,32927773","52,42895955"
15813,136550,Berlin,2,2020,2,5,5,3,5,3,2,0,1,0,1,0,0,0,"13,39256076","52,49179685"
15814,136551,Berlin,1,2020,2,0,1,3,2,6,2,0,1,0,0,0,0,0,"13,34714715","52,50367953"
15815,136552,Berlin,10,2020,2,15,3,2,5,3,0,0,1,0,0,0,1,0,"13,54104122","52,52575927"
15816,136553,Berlin,9,2020,2,11,2,3,0,4,0,0,0,1,0,0,1,1,"13,5331827","52,43358034"
15817,136554,Berlin,9,2020,2,13,7,3,2,6,0,0,1,0,0,0,0,0,"13,56179968","52,45843719"
15818,136555,Berlin,12,2020,2,14,3,3,6,7,0,1,0,1,0,0,0,0,"13,33004606","52,5943766"
15819,136556,Berlin,1,2020,2,3,7,3,0,1,2,0,0,0,0,0,1,0,"13,35887459","52,52335667"
15820,136557,Berlin,2,2020,2,13,7,3,2,6,0,0,1,0,0,0,0,0,"13,43044534","52,523301"
15821,136558,Berlin,3,2020,2,14,4,2,5,3,0,1,1,0,0,0,0,0,"13,46651201","52,55062092"
15822,136559,Berlin,1,2020,2,16,7,3,5,2,1,0,1,0,1,0,0,1,"13,3510454","52,51491199"
15823,136560,Berlin,1,2020,2,18,3,3,6,7,2,0,1,1,0,0,0,1,"13,33558325","52,52668853"
15824,136561,Berlin,1,2020,2,6,2,3,6,2,2,0,0,1,0,0,1,1,"13,34485827","52,53913875"
15825,136562,Berlin,5,2020,2,20,6,3,1,5,2,0,1,0,1,0,0,0,"13,22346623","52,5371437"
15826,136563,Berlin,7,2020,2,8,2,3,2,6,0,0,1,0,0,0,0,1,"13,40730381","52,45180479"
15827,136564,Berlin,9,2020,2,7,2,3,0,1,2,0,0,0,1,0,0,1,"13,57007264","52,4445768"
15828,136565,Berlin,8,2020,2,9,2,3,6,2,0,0,0,1,0,1,0,1,"13,42125419","52,4130836"
15829,136566,Berlin,1,2020,2,21,6,3,0,7,2,0,1,0,1,0,0,0,"13,39252112","52,52826886"
15830,136567,Berlin,9,2020,2,8,2,3,5,3,0,0,1,0,0,0,0,1,"13,71432386","52,43298538"
15831,136568,Berlin,4,2020,2,13,3,2,5,3,0,0,1,0,0,0,0,0,"13,28749273","52,47560956"
15832,136569,Berlin,2,2020,2,20,7,3,5,2,2,1,0,0,1,0,0,1,"13,38582718","52,48503473"
15833,136570,Berlin,1,2020,2,18,4,3,3,6,2,1,0,0,0,0,0,0,"13,38679444","52,52374372"
15834,136571,Berlin,12,2020,2,19,7,3,2,6,2,0,1,0,0,0,0,1,"13,29966399","52,5789727"
15835,136572,Berlin,9,2020,2,22,2,3,0,1,2,0,0,0,1,0,0,1,"13,44431187","52,49288038"
15836,136573,Berlin,2,2020,2,12,2,3,1,5,0,1,0,0,0,1,0,0,"13,45794195","52,51274387"
15837,136574,Berlin,3,2020,2,18,3,3,6,4,1,0,1,1,0,0,0,0,"13,39717091","52,57121951"
15838,136575,Berlin,1,2020,2,15,2,2,2,6,0,0,1,0,0,0,1,1,"13,38397955","52,51038113"
15839,136576,Berlin,2,2020,2,19,6,2,6,4,2,0,1,1,0,0,0,0,"13,43196132","52,52333255"
15840,136577,Berlin,1,2020,2,8,2,3,5,2,0,1,1,0,0,0,0,1,"13,35538098","52,51929231"
15841,136578,Berlin,4,2020,2,19,7,3,6,2,2,0,1,1,0,0,0,1,"13,28667869","52,51872263"
15842,136579,Berlin,3,2020,2,14,2,2,0,7,0,0,0,1,0,1,0,1,"13,43356425","52,60773411"
15843,136580,Berlin,7,2020,2,8,4,3,0,1,0,0,0,0,1,0,0,1,"13,35459964","52,49966185"
15844,136581,Berlin,1,2020,2,19,7,3,0,6,2,0,1,0,1,0,0,1,"13,41455804","52,5276087"
15845,136582,Berlin,11,2020,2,18,7,3,6,4,2,0,1,1,0,0,0,1,"13,52518227","52,4800957"
15846,136583,Berlin,3,2020,2,17,2,3,6,4,2,0,1,1,0,0,0,1,"13,45992503","52,55984212"
15847,136584,Berlin,6,2020,2,15,4,3,2,6,0,1,1,0,0,0,0,0,"13,3486203","52,45384565"
15848,136585,Berlin,9,2020,2,17,7,2,6,4,1,0,1,1,0,0,0,1,"13,57374628","52,46821119"
15849,136586,Berlin,8,2020,2,19,6,3,5,5,2,0,1,0,0,0,0,0,"13,44831933","52,42753208"
15850,136587,Berlin,12,2020,2,19,2,3,5,3,2,0,1,0,0,0,0,1,"13,32762682","52,60893342"
15851,136588,Berlin,4,2020,2,19,6,3,2,6,2,0,1,0,0,0,0,0,"13,30744016","52,50012154"
15852,136589,Berlin,7,2020,2,8,3,3,3,6,0,1,1,0,0,0,0,0,"13,4086857","52,39394863"
15853,136590,Berlin,9,2020,2,22,1,1,0,7,2,1,0,0,0,0,0,1,"13,6257581","52,45268689"
15854,136591,Berlin,9,2020,2,6,6,3,1,5,2,0,1,0,0,0,1,0,"13,52891035","52,42636288"
15855,136592,Berlin,12,2020,2,16,7,3,8,1,1,0,1,0,0,0,0,1,"13,26236558","52,59850131"
15856,136593,Berlin,1,2020,2,18,2,2,6,4,2,0,1,1,0,0,0,1,"13,37876729","52,52770911"
15857,136594,Berlin,6,2020,2,12,3,3,5,3,0,0,1,0,0,0,0,0,"13,35241532","52,44089979"
15858,136595,Berlin,5,2020,2,16,2,3,2,6,0,0,1,0,0,0,1,1,"13,24793256","52,52442828"
15859,136596,Berlin,7,2020,2,18,6,3,2,6,2,0,1,0,0,0,0,0,"13,38054473","52,44286897"
15860,136597,Berlin,2,2020,2,16,3,3,2,6,0,1,1,0,0,0,0,1,"13,43843689","52,51452198"
15861,136598,Berlin,3,2020,2,17,2,3,6,2,2,0,1,1,0,0,0,1,"13,42342937","52,58583731"
15862,136599,Berlin,1,2020,2,17,6,2,0,3,2,1,1,0,0,0,0,0,"13,37960752","52,55294439"
15863,136600,Berlin,1,2020,2,19,3,2,0,6,2,1,0,0,0,0,1,1,"13,40457686","52,52956252"
15864,136601,Berlin,4,2020,2,15,1,3,6,7,0,0,1,1,0,0,0,1,"13,32740272","52,50272134"
15865,136602,Berlin,6,2020,2,17,6,3,5,2,2,0,1,0,1,0,0,0,"13,34835351","52,43788447"
15866,136603,Berlin,12,2020,2,8,5,3,5,2,0,0,1,0,0,0,0,0,"13,3154379","52,57783625"
15867,136604,Berlin,3,2020,2,12,7,3,5,3,0,0,1,0,0,0,0,1,"13,44813596","52,52973109"
15868,136605,Berlin,3,2020,2,17,2,2,0,1,2,0,1,0,1,0,0,1,"13,41273681","52,53255837"
15869,136606,Berlin,1,2020,2,10,3,3,1,5,0,1,1,0,0,0,0,0,"13,35767312","52,53575071"
15870,136607,Berlin,6,2020,2,10,2,3,4,6,0,0,1,0,0,0,0,1,"13,3546693","52,44862156"
15871,136608,Berlin,5,2020,2,16,6,3,2,6,1,0,1,0,0,0,0,0,"13,14963757","52,55410616"
15872,136609,Berlin,8,2020,2,7,2,3,5,3,0,1,1,0,0,0,0,1,"13,43516242","52,42305838"
15873,136610,Berlin,12,2020,2,14,3,2,5,3,0,0,1,0,0,0,1,1,"13,30906525","52,62169397"
15874,136611,Berlin,3,2020,2,15,7,3,6,4,0,0,1,1,0,0,0,1,"13,42893807","52,58484822"
15875,136612,Berlin,6,2020,2,15,6,3,2,2,0,0,1,0,0,0,1,1,"13,35151288","52,43362477"
15876,136613,Berlin,6,2020,2,16,4,3,5,3,0,0,1,0,0,0,0,0,"13,36509695","52,42395589"
15877,136614,Berlin,3,2020,2,15,7,3,5,2,0,0,1,0,0,0,0,1,"13,45810865","52,52550511"
15878,136615,Berlin,1,2020,2,14,7,3,0,1,0,1,0,0,0,0,0,1,"13,41673973","52,52379044"
15879,136616,Berlin,3,2020,2,14,6,3,2,6,0,0,1,0,0,0,0,0,"13,45747401","52,52872293"
15880,136617,Berlin,9,2020,2,14,4,3,2,6,0,0,1,0,0,0,1,0,"13,51029825","52,44430667"
15881,136618,Berlin,7,2020,2,12,7,3,5,2,0,0,1,0,0,0,0,1,"13,3984471","52,41955182"
15882,136619,Berlin,7,2020,2,6,3,3,5,3,2,0,0,0,1,0,1,0,"13,37899528","52,43768447"
15883,136620,Berlin,4,2020,2,9,2,3,5,2,0,1,1,0,0,0,0,1,"13,3201242","52,49797218"
15884,136621,Berlin,5,2020,2,14,6,3,2,6,0,0,1,0,0,0,0,0,"13,20787238","52,5571009"
15885,136622,Berlin,1,2020,2,16,1,3,0,5,1,0,1,0,0,0,1,0,"13,39062525","52,56306609"
15886,136623,Berlin,2,2020,2,10,3,3,5,7,0,1,1,0,0,0,0,1,"13,41460097","52,50022911"
15887,136624,Berlin,9,2020,2,12,7,3,5,3,0,1,1,0,0,0,0,1,"13,48418507","52,46315443"
15888,136625,Berlin,3,2020,2,17,2,3,0,2,1,0,0,1,0,0,1,1,"13,45894946","52,55015975"
15889,136626,Berlin,2,2020,2,16,4,3,5,3,1,1,1,0,0,0,0,0,"13,43112295","52,51284488"
15890,136627,Berlin,6,2020,2,4,7,2,1,1,2,0,1,0,0,0,0,1,"13,31609638","52,42623649"
15891,136628,Berlin,3,2020,2,16,2,3,6,4,0,0,1,1,0,0,0,1,"13,49310058","52,63640885"
15892,136629,Berlin,4,2020,2,19,2,3,9,1,2,0,1,1,0,0,0,1,"13,31508416","52,5145434"
15893,136630,Berlin,7,2020,2,11,3,3,2,2,0,0,1,0,1,0,0,0,"13,33751492","52,47632985"
15894,136631,Berlin,3,2020,2,12,2,2,5,2,0,0,1,0,0,0,0,1,"13,40207211","52,60285098"
15895,136632,Berlin,6,2020,2,8,2,3,6,4,0,0,1,1,0,0,0,1,"13,31552565","52,45343997"
15896,136633,Berlin,2,2020,2,1,2,3,5,2,2,0,1,0,0,0,0,1,"13,39959767","52,49839432"
15897,136634,Berlin,12,2020,2,14,6,3,5,3,0,0,1,0,1,0,0,0,"13,37763228","52,56360886"
15898,136635,Berlin,1,2020,2,10,1,2,6,7,0,0,1,1,0,0,0,0,"13,38633808","52,53467885"
15899,136636,Berlin,3,2020,2,7,2,2,6,4,1,0,1,1,0,0,0,1,"13,41157151","52,58227894"
15900,136637,Berlin,3,2020,2,12,7,2,5,2,0,0,1,0,0,0,0,1,"13,38067521","52,57458269"
15901,136638,Berlin,4,2020,2,15,4,3,5,3,0,1,1,0,0,0,0,0,"13,32249322","52,48530511"
15902,136639,Berlin,10,2020,1,5,6,3,6,2,2,0,1,1,0,0,0,1,"13,58196063","52,55050678"
15903,136640,Berlin,11,2020,2,14,6,3,5,2,0,1,1,0,0,0,0,0,"13,48120369","52,53866019"
15904,136641,Berlin,6,2020,2,18,2,3,6,2,2,0,1,1,0,0,0,1,"13,31221169","52,43043263"
15905,136642,Berlin,5,2020,2,12,6,3,0,5,0,0,1,0,0,0,1,0,"13,196713","52,52590106"
15906,136643,Berlin,9,2020,2,8,3,2,6,4,0,0,0,1,0,0,1,0,"13,49198094","52,4696593"
15907,136644,Berlin,2,2020,2,23,1,3,5,2,2,0,1,0,1,0,0,1,"13,46886336","52,50680478"
15908,136645,Berlin,4,2020,2,13,6,3,5,2,0,0,1,0,0,0,0,0,"13,3022473","52,54789166"
15909,136646,Berlin,12,2020,1,23,6,3,1,5,2,1,1,0,0,0,0,0,"13,29920514","52,59133002"
15910,136647,Berlin,10,2020,2,15,2,2,5,3,0,1,1,0,0,0,0,1,"13,5386662","52,52475783"
15911,136648,Berlin,4,2020,2,12,6,3,0,3,0,0,1,0,1,0,0,0,"13,29392311","52,50527065"
15912,136649,Berlin,7,2020,1,21,6,3,5,3,2,1,1,0,0,0,0,0,"13,37907267","52,44807306"
15913,136650,Berlin,11,2020,2,7,4,3,5,2,0,1,0,0,0,0,1,1,"13,47540993","52,52039926"
15914,136651,Berlin,4,2020,1,19,6,3,5,2,0,0,1,0,0,0,0,0,"13,29643122","52,52927711"
15915,136652,Berlin,11,2020,2,17,2,3,5,3,2,1,1,0,0,0,0,1,"13,49392604","52,55939323"
15916,136653,Berlin,9,2020,2,12,6,3,5,7,0,0,1,0,0,0,1,0,"13,51490613","52,46224393"
15917,136654,Berlin,1,2020,2,15,3,3,5,3,0,0,1,0,0,0,0,1,"13,39374515","52,55049556"
15918,136655,Berlin,4,2020,1,18,6,3,5,7,2,0,1,0,0,0,0,0,"13,33204688","52,48752551"
15919,136656,Berlin,7,2020,2,12,6,3,5,3,0,0,1,0,0,0,0,0,"13,3688955","52,4360911"
15920,136657,Berlin,2,2020,2,19,5,3,5,2,2,1,1,0,0,0,0,0,"13,3797285","52,49563942"
15921,136658,Berlin,4,2020,1,17,6,3,5,3,2,1,1,0,0,0,0,0,"13,32456783","52,4979472"
15922,136659,Berlin,1,2020,2,10,3,3,5,2,0,0,1,0,0,1,0,0,"13,34327157","52,53934761"
15923,136660,Berlin,2,2020,2,10,2,3,0,7,0,0,0,0,0,1,0,1,"13,40116667","52,49842781"
15924,136661,Berlin,9,2020,2,6,6,3,1,5,1,0,1,0,0,0,0,0,"13,5005968","52,44143983"
15925,136662,Berlin,5,2020,2,15,3,2,0,6,0,0,1,0,0,0,1,0,"13,20527021","52,53579512"
15926,136663,Berlin,11,2020,2,12,2,3,2,6,0,0,1,0,0,0,0,1,"13,47585134","52,53321655"
15927,136664,Berlin,4,2020,2,15,6,1,3,1,0,1,1,0,0,0,0,0,"13,32267896","52,50586761"
15928,136665,Berlin,7,2020,2,14,3,3,5,5,0,1,1,0,0,0,0,0,"13,39954727","52,38667515"
15929,136666,Berlin,4,2020,1,15,6,3,6,4,0,0,1,1,0,0,0,0,"13,32027068","52,47687146"
15930,136667,Berlin,4,2020,2,15,5,3,6,2,0,0,1,1,0,0,0,0,"13,31487921","52,48156637"
15931,136668,Berlin,1,2020,2,14,4,3,2,2,0,0,1,0,0,0,0,0,"13,34852322","52,54283116"
15932,136669,Berlin,12,2020,1,12,6,3,1,5,0,1,1,0,0,0,1,0,"13,24526942","52,61065649"
15933,136670,Berlin,1,2020,2,14,2,3,2,6,0,0,1,0,0,0,0,1,"13,40922725","52,51044776"
15934,136671,Berlin,1,2020,2,18,3,3,6,2,2,0,1,1,0,0,0,1,"13,36970432","52,55965994"
15935,136672,Berlin,8,2020,2,7,2,3,5,3,0,1,1,0,0,0,0,1,"13,41551232","52,48066091"
15936,136673,Berlin,9,2020,2,20,5,3,5,2,2,0,1,0,0,0,1,0,"13,5662855","52,44527094"
15937,136674,Berlin,1,2020,2,9,1,3,2,6,0,1,1,0,0,0,0,0,"13,38806574","52,5214724"
15938,136675,Berlin,12,2020,2,7,2,3,2,6,1,0,1,0,0,0,0,1,"13,28538002","52,59511454"
15939,136676,Berlin,9,2020,1,12,6,3,5,3,0,1,1,0,0,0,0,1,"13,63522428","52,3910471"
15940,136677,Berlin,4,2020,2,16,4,3,2,6,0,0,1,0,0,0,0,0,"13,31479366","52,50096195"
15941,136678,Berlin,3,2020,2,4,1,2,9,1,2,0,0,0,1,0,0,0,"13,43012384","52,5513681"
15942,136679,Berlin,5,2020,2,13,3,3,6,4,0,0,1,1,0,0,0,0,"13,15830423","52,56207765"
15943,136680,Berlin,9,2020,1,14,6,3,0,1,0,1,0,0,0,0,0,0,"13,50247696","52,46127599"
15944,136681,Berlin,4,2020,2,18,4,3,3,6,2,0,1,0,0,0,0,0,"13,27509323","52,5011092"
15945,136682,Berlin,5,2020,1,12,6,3,0,1,0,1,0,0,0,0,0,0,"13,19772155","52,51404422"
15946,136683,Berlin,8,2020,2,18,2,2,6,2,2,0,1,1,0,0,0,1,"13,41693948","52,41813429"
15947,136684,Berlin,1,2020,2,17,3,3,6,4,2,0,1,1,0,0,0,1,"13,34487018","52,52631874"
15948,136685,Berlin,2,2020,2,15,2,3,5,2,0,0,1,0,0,0,0,1,"13,43193751","52,51512287"
15949,136686,Berlin,1,2020,2,19,5,3,5,2,2,1,1,0,0,0,0,0,"13,41533022","52,52064936"
15950,136687,Berlin,4,2020,2,22,1,3,6,2,2,0,1,1,0,0,0,1,"13,31282961","52,50066797"
15951,136688,Berlin,9,2020,1,14,6,3,0,1,0,1,0,0,0,0,0,0,"13,51839364","52,45345844"
15952,136689,Berlin,1,2020,2,8,4,3,5,2,0,1,0,0,0,0,1,1,"13,34945034","52,54232033"
15953,136690,Berlin,1,2020,1,11,6,3,3,6,0,1,1,0,0,0,0,0,"13,33837755","52,52652024"
15954,136691,Berlin,4,2020,2,17,2,3,2,6,2,1,1,0,0,0,0,1,"13,33277831","52,47848412"
15955,136692,Berlin,5,2020,2,18,5,3,2,6,2,0,1,0,1,0,0,0,"13,22272793","52,53719046"
15956,136693,Berlin,5,2020,1,11,6,3,5,7,0,0,1,0,0,0,0,0,"13,1969834","52,52542643"
15957,136694,Berlin,5,2020,2,18,5,3,4,2,2,0,1,0,0,0,0,0,"13,21168066","52,52760016"
15958,136695,Berlin,1,2020,2,20,2,3,5,2,2,1,1,0,0,0,0,1,"13,38699847","52,52713981"
15959,136696,Berlin,1,2020,2,17,5,3,4,2,2,1,0,0,0,0,0,0,"13,41755356","52,52445182"
15960,136697,Berlin,12,2020,2,9,3,3,1,1,0,0,1,0,0,0,1,1,"13,36364175","52,5767118"
15961,136698,Berlin,9,2020,2,8,2,2,5,3,0,1,0,0,0,0,1,1,"13,5453701","52,42579737"
15962,136699,Berlin,2,2020,2,17,5,3,6,4,2,0,1,1,0,0,0,0,"13,44824821","52,4976206"
15963,136700,Berlin,9,2020,1,11,6,2,1,5,0,1,1,0,0,0,0,0,"13,59154297","52,44512895"
15964,136701,Berlin,3,2020,2,5,4,3,6,2,2,0,1,1,0,0,0,1,"13,47754381","52,56061815"
15965,136702,Berlin,7,2020,2,16,2,3,2,6,1,0,1,0,0,0,0,1,"13,37161902","52,44693444"
15966,136703,Berlin,1,2020,2,17,5,3,6,2,2,0,1,1,0,0,0,0,"13,35109918","52,55826328"
15967,136704,Berlin,7,2020,2,16,3,3,5,2,0,0,1,0,0,0,0,1,"13,40680715","52,39376891"
15968,136705,Berlin,8,2020,1,10,6,3,0,7,0,0,1,0,1,0,0,1,"13,49691786","52,41832749"
15969,136706,Berlin,7,2020,2,17,5,3,0,1,2,1,0,0,0,0,0,0,"13,34184658","52,49299149"
15970,136707,Berlin,9,2020,2,14,4,3,0,7,0,1,1,0,0,0,0,0,"13,59460538","52,4267259"
15971,136708,Berlin,12,2020,2,6,3,3,6,2,2,0,1,1,0,0,0,1,"13,32977278","52,56911327"
15972,136709,Berlin,1,2020,2,22,1,3,5,3,2,0,1,0,0,0,0,1,"13,35738394","52,53594541"
15973,136710,Berlin,1,2020,2,16,5,3,5,2,1,1,0,0,1,0,0,0,"13,38975277","52,53175051"
15974,136711,Berlin,4,2020,2,9,5,3,2,7,0,1,1,0,0,0,0,0,"13,33391388","52,50205445"
15975,136712,Berlin,8,2020,1,9,6,3,5,3,0,1,1,0,0,0,0,0,"13,42496634","52,47409765"
15976,136713,Berlin,5,2020,2,13,3,3,0,2,0,0,1,0,0,0,1,0,"13,22882694","52,53788635"
15977,136714,Berlin,1,2020,2,11,2,3,2,6,0,0,1,0,0,0,0,1,"13,38667346","52,5558344"
15978,136715,Berlin,7,2020,2,16,5,3,2,2,0,0,1,0,0,0,0,0,"13,3720898","52,4698052"
15979,136716,Berlin,3,2020,2,18,3,3,2,2,2,0,1,0,0,0,0,1,"13,43049892","52,55177053"
15980,136717,Berlin,10,2020,1,9,6,3,0,1,0,0,0,0,1,0,0,0,"13,60492252","52,5367932"
15981,136718,Berlin,5,2020,2,12,5,3,5,3,0,1,1,0,0,0,0,0,"13,21008132","52,5489943"
15982,136719,Berlin,2,2020,2,14,4,2,5,3,0,0,1,0,0,0,1,0,"13,46145865","52,51214017"
15983,136720,Berlin,2,2020,1,9,6,3,5,3,0,1,1,0,0,0,0,1,"13,44111026","52,51819724"
15984,136721,Berlin,7,2020,2,17,3,3,3,6,2,0,1,0,0,0,0,0,"13,34497245","52,48604445"
15985,136722,Berlin,10,2020,1,9,6,3,6,4,0,0,1,1,0,0,0,0,"13,56577338","52,5043754"
15986,136723,Berlin,1,2020,2,8,3,3,5,2,0,1,0,0,0,0,1,0,"13,39105181","52,51487927"
15987,136724,Berlin,3,2020,2,9,2,3,0,5,0,1,1,0,0,0,0,1,"13,43194978","52,60398101"
15988,136725,Berlin,9,2020,2,9,5,2,0,1,0,1,0,0,0,0,0,0,"13,59280129","52,45417204"
15989,136726,Berlin,3,2020,2,18,1,3,0,1,2,0,1,0,0,0,0,0,"13,42234395","52,54799942"
15990,136727,Berlin,8,2020,2,12,3,3,2,6,0,0,1,0,0,0,0,0,"13,43690208","52,45671584"