,id,city,district,year,month,hour,weekday,injury_level,collision,movement,light_conditions,bicycle,car,pedestrian,motorbike,truck,other_vehicle,road_conditions,longitude,latitude
16227,136964,Berlin,4,2020,2,15,3,3,5,3,0,1,1,0,0,0,0,0,"13,31409574","52,51812029"
16228,136965,Berlin,5,2020,2,9,4,2,4,6,0,0,1,0,0,0,0,0,"13,1541848","52,59576401"
16229,136966,Berlin,3,2020,2,11,3,3,5,3,0,0,1,0,0,0,1,1,"13,43722171","52,55270162"
16230,136967,Berlin,12,2020,2,13,6,3,0,1,0,0,0,0,1,0,0,0,"13,31654456","52,57895097"
16231,136968,Berlin,5,2020,2,18,2,3,6,2,2,0,1,1,0,0,0,1,"13,198173","52,53303875"
16232,136969,Berlin,11,2020,2,13,7,3,5,3,0,0,1,0,0,0,0,0,"13,49647582","52,50348874"
16233,136970,Berlin,10,2020,2,21,4,3,6,2,2,0,0,1,0,0,1,1,"13,59133611","52,50651331"
16234,136971,Berlin,11,2020,2,9,4,3,6,4,0,0,1,1,0,0,0,1,"13,48783851","52,53381487"
16235,136972,Berlin,12,2020,2,9,4,3,5,3,0,0,1,0,0,0,1,0,"13,37741308","52,57131093"
16236,136973,Berlin,8,2020,2,14,4,2,6,4,0,0,1,1,0,0,0,1,"13,43299419","52,47021761"
16237,136974,Berlin,12,2020,2,19,6,3,9,1,2,0,1,0,0,0,0,0,"13,30177544","52,56931039"
16238,136975,Berlin,1,2020,2,19,7,3,2,2,2,0,1,0,0,0,1,1,"13,41014311","52,5225817"
16239,136976,Berlin,2,2020,2,9,3,3,1,5,0,1,1,0,0,0,0,1,"13,38054953","52,48971098"
16240,136977,Berlin,3,2020,2,7,2,3,2,2,0,0,1,0,0,0,0,0,"13,42775671","52,56058743"
16241,136978,Berlin,3,2020,2,7,4,3,1,5,0,1,1,0,0,0,0,1,"13,41650961","52,58217679"
16242,136979,Berlin,10,2020,2,17,6,3,6,7,1,0,1,1,0,0,0,1,"13,54225442","52,54263044"
16243,136980,Berlin,9,2020,2,10,1,3,5,2,0,0,1,0,0,1,0,1,"13,53638623","52,43287431"
16244,136981,Berlin,4,2020,2,12,3,3,5,3,0,1,1,0,0,0,0,1,"13,29644352","52,52925245"
16245,136982,Berlin,4,2020,2,11,2,2,6,4,0,1,0,1,0,0,0,0,"13,33123286","52,48593065"
16246,136983,Berlin,1,2020,2,9,6,3,5,7,0,1,0,0,0,0,1,0,"13,40995734","52,52400567"
16247,136984,Berlin,1,2020,2,23,1,3,2,6,2,0,1,0,0,0,0,1,"13,3293846","52,52726363"
16248,136985,Berlin,1,2020,2,18,4,3,6,2,2,0,1,1,0,0,0,1,"13,42441808","52,51355649"
16249,136986,Berlin,7,2020,2,7,4,3,1,7,0,0,1,1,0,0,0,1,"13,32251866","52,46879741"
16250,136987,Berlin,10,2020,2,8,4,3,5,3,0,1,1,0,0,0,0,0,"13,58835925","52,51916694"
16251,136988,Berlin,11,2020,2,11,4,3,5,2,0,1,1,0,0,0,0,1,"13,50902091","52,56459844"
16252,136989,Berlin,12,2020,2,16,6,3,0,7,0,0,1,0,0,0,0,0,"13,22301101","52,58471286"
16253,136990,Berlin,12,2020,2,16,7,3,3,6,0,1,0,0,0,0,1,0,"13,27687893","52,63960356"
16254,136991,Berlin,6,2020,2,6,2,3,0,7,0,0,0,0,1,0,1,1,"13,33893582","52,4443884"
16255,136992,Berlin,12,2020,2,18,2,2,6,4,2,0,1,1,0,0,0,0,"13,3774523","52,57119541"
16256,136993,Berlin,4,2020,2,14,5,3,2,6,0,0,1,0,0,0,0,1,"13,27203825","52,50889388"
16257,136994,Berlin,2,2020,2,8,4,3,5,2,0,1,1,0,0,0,0,1,"13,38958422","52,49606741"
16258,136995,Berlin,6,2020,2,18,4,3,6,4,2,0,1,1,0,0,0,1,"13,27627344","52,43334783"
16259,136996,Berlin,5,2020,2,5,6,3,5,2,2,0,1,0,0,0,0,1,"13,21725745","52,53775778"
16260,136997,Berlin,11,2020,2,7,4,3,0,3,0,0,0,0,0,0,1,0,"13,48123388","52,53864267"
16261,136998,Berlin,11,2020,2,20,4,3,5,3,2,1,1,0,0,0,0,0,"13,52528013","52,48218769"
16262,136999,Berlin,1,2020,2,18,4,3,6,4,2,0,1,1,0,0,0,1,"13,34487243","52,53913703"
16263,137000,Berlin,9,2020,2,5,3,2,5,3,2,1,1,0,0,0,0,1,"13,57829392","52,45920499"
16264,137001,Berlin,1,2020,2,20,4,3,5,2,2,1,1,0,0,0,0,0,"13,33627352","52,52500692"
16265,137002,Berlin,9,2020,2,18,3,3,4,6,2,1,0,0,0,0,0,0,"13,5696558","52,44210516"
16266,137003,Berlin,2,2020,2,10,7,3,5,3,0,1,1,0,0,0,0,0,"13,39851215","52,49643154"
16267,137004,Berlin,7,2020,2,9,2,2,0,5,0,0,0,0,0,0,1,0,"13,38056763","52,45602918"
16268,137005,Berlin,4,2020,2,15,2,3,5,2,0,1,1,0,0,0,0,0,"13,28720999","52,49584116"
16269,137006,Berlin,1,2020,2,8,5,3,5,3,0,1,0,0,0,0,0,0,"13,41226051","52,51080922"
16270,137007,Berlin,12,2020,2,19,4,3,5,2,2,0,1,0,0,0,0,0,"13,24495896","52,61442841"
16271,137008,Berlin,5,2020,2,15,4,2,5,3,0,1,1,0,0,0,0,1,"13,20557446","52,54182324"
16272,137009,Berlin,2,2020,2,16,3,3,2,6,0,0,1,0,1,0,0,0,"13,43243917","52,50928751"
16273,137010,Berlin,1,2020,2,19,4,3,5,3,2,1,1,0,0,0,0,0,"13,39175434","52,5524942"
16274,137011,Berlin,2,2020,2,12,3,3,0,1,0,0,0,0,1,0,0,1,"13,45780398","52,51279582"
16275,137012,Berlin,4,2020,2,17,3,3,5,3,1,1,1,0,0,0,0,0,"13,31511477","52,49089149"
16276,137013,Berlin,10,2020,2,5,4,3,5,3,2,1,1,0,0,0,0,0,"13,61993336","52,53953577"
16277,137014,Berlin,2,2020,2,1,3,3,0,1,2,0,0,0,0,0,1,1,"13,44819722","52,51128626"
16278,137015,Berlin,10,2020,2,22,6,3,5,3,2,0,1,0,0,0,0,0,"13,59768989","52,52437324"
16279,137016,Berlin,4,2020,2,21,2,2,6,2,2,0,1,1,0,0,0,1,"13,28044534","52,51833525"
16280,137017,Berlin,5,2020,2,12,1,3,6,4,0,0,1,1,0,0,0,1,"13,21833487","52,55765068"
16281,137018,Berlin,3,2020,2,7,5,3,5,3,1,1,1,0,0,0,0,1,"13,48579169","52,62114713"
16282,137019,Berlin,10,2020,2,13,4,3,6,4,0,0,1,1,0,0,0,1,"13,57054704","52,54286472"
16283,137020,Berlin,7,2020,2,18,3,3,2,6,2,0,1,0,0,0,0,1,"13,37495838","52,43617977"
16284,137021,Berlin,1,2020,2,15,4,3,1,5,0,1,1,0,0,0,0,1,"13,3542066","52,50201733"
16285,137022,Berlin,9,2020,2,15,1,3,6,2,0,0,1,1,0,0,0,1,"13,57674001","52,44569908"
16286,137023,Berlin,12,2020,2,14,3,3,6,4,0,0,0,1,0,0,1,0,"13,28710002","52,59057469"
16287,137024,Berlin,3,2020,2,20,3,3,0,1,1,1,0,0,0,0,0,1,"13,41563864","52,54411805"
16288,137025,Berlin,9,2020,2,10,3,3,5,3,0,1,1,0,0,0,0,0,"13,48401637","52,46323955"
16289,137026,Berlin,7,2020,2,11,6,3,1,7,0,0,1,0,0,0,0,0,"13,38865552","52,48435913"
16290,137027,Berlin,10,2020,2,14,2,2,5,2,0,1,1,0,0,0,0,0,"13,58325523","52,54929873"
16291,137028,Berlin,8,2020,2,23,4,2,6,4,2,1,0,1,0,0,0,1,"13,42552978","52,47933634"
16292,137029,Berlin,12,2020,2,16,6,3,2,2,0,0,1,0,1,0,0,0,"13,23108721","52,61052379"
16293,137030,Berlin,10,2020,2,18,2,3,6,4,2,0,0,1,1,0,0,1,"13,59146243","52,54261916"
16294,137031,Berlin,6,2020,2,16,5,3,2,6,0,0,1,0,0,0,1,1,"13,2661101","52,43120439"
16295,137032,Berlin,5,2020,2,11,4,3,5,3,0,0,1,0,0,0,0,1,"13,18507692","52,54940514"
16296,137033,Berlin,2,2020,2,19,3,3,3,6,2,1,1,0,0,0,0,0,"13,40502449","52,49831655"
16297,137034,Berlin,6,2020,2,7,4,3,5,2,0,1,1,0,0,0,0,1,"13,34723796","52,42694953"
16298,137035,Berlin,4,2020,2,16,6,3,2,6,0,0,1,0,0,0,0,1,"13,28196847","52,509656"
16299,137036,Berlin,1,2020,2,2,1,3,5,3,2,0,1,0,0,0,0,0,"13,3931531","52,55044276"
16300,137037,Berlin,5,2020,2,11,3,2,6,4,0,0,1,1,0,0,0,1,"13,20047704","52,53694542"
16301,137038,Berlin,4,2020,2,12,7,3,5,7,0,0,1,0,1,0,0,0,"13,32032762","52,48641237"
16302,137039,Berlin,11,2020,2,10,2,3,0,4,0,0,0,1,1,0,0,0,"13,47911115","52,50288646"
16303,137040,Berlin,10,2020,2,8,6,2,2,2,0,0,1,0,1,0,0,1,"13,61613969","52,51884176"
16304,137041,Berlin,9,2020,2,10,7,3,5,7,0,0,1,0,0,0,0,0,"13,48538887","52,46419708"
16305,137042,Berlin,8,2020,2,19,4,3,5,3,2,0,1,0,0,0,0,1,"13,43643191","52,46689089"
16306,137043,Berlin,7,2020,2,7,4,3,5,3,0,0,1,0,0,0,0,0,"13,36953992","52,45661287"
16307,137044,Berlin,4,2020,2,15,3,3,5,2,0,0,1,0,0,0,0,0,"13,29396536","52,53468499"
16308,137045,Berlin,11,2020,2,0,4,3,5,3,2,0,1,0,0,0,1,0,"13,5304327","52,48667764"
16309,137046,Berlin,5,2020,2,13,7,3,2,6,0,0,1,0,0,0,0,0,"13,18933114","52,53698184"
16310,137047,Berlin,3,2020,3,9,5,3,2,2,0,1,1,0,0,0,0,0,"13,49297279","52,63194069"
16311,137048,Berlin,6,2020,3,14,3,3,2,6,0,0,1,0,0,0,0,1,"13,31752954","52,43047544"
16312,137049,Berlin,9,2020,3,16,5,3,5,2,0,0,1,0,0,0,0,0,"13,56224065","52,4372412"
16313,137050,Berlin,3,2020,3,14,3,3,0,1,0,1,0,0,0,0,0,0,"13,44090955","52,55631164"
16314,137051,Berlin,11,2020,3,8,2,3,5,3,0,0,1,0,0,0,0,1,"13,49359109","52,54129514"
16315,137052,Berlin,2,2020,3,13,3,3,5,2,0,1,1,0,0,0,0,0,"13,4122301","52,49882183"
16316,137053,Berlin,10,2020,3,13,3,3,5,2,0,0,1,0,0,0,0,0,"13,59162143","52,54493661"
16317,137054,Berlin,1,2020,3,8,5,3,0,3,0,0,1,0,1,0,0,0,"13,40019053","52,50951328"
16318,137055,Berlin,6,2020,3,18,6,3,6,2,2,0,1,1,0,0,0,1,"13,27424646","52,45882163"
16319,137056,Berlin,4,2020,3,1,5,2,0,1,2,0,0,0,0,0,1,0,"13,33100142","52,50367064"
16320,137057,Berlin,3,2020,3,13,3,3,3,6,0,0,1,0,0,0,1,0,"13,41775268","52,57241295"
16321,137058,Berlin,1,2020,3,13,4,3,5,3,0,1,1,0,0,0,0,0,"13,40312998","52,52889313"
16322,137059,Berlin,4,2020,3,13,3,3,5,7,0,0,1,0,0,0,0,1,"13,2640965","52,50875133"
16323,137060,Berlin,8,2020,3,13,2,2,3,6,0,1,1,0,1,0,1,0,"13,44666832","52,47837722"
16324,137061,Berlin,9,2020,3,15,1,3,2,7,0,0,1,0,0,0,1,0,"13,62900898","52,42395979"
16325,137062,Berlin,3,2020,3,16,2,3,5,3,0,1,1,0,0,0,0,0,"13,49809459","52,62827531"
16326,137063,Berlin,1,2020,3,13,2,3,0,1,0,1,0,0,0,0,0,1,"13,41056143","52,5215114"
16327,137064,Berlin,1,2020,3,6,6,3,5,7,1,0,1,0,1,0,0,1,"13,39914546","52,52952504"
16328,137065,Berlin,12,2020,3,0,1,3,0,7,2,0,1,0,0,0,0,1,"13,25062721","52,55507013"
16329,137066,Berlin,8,2020,3,20,2,3,6,4,2,0,0,1,1,0,0,0,"13,43190377","52,46649843"
16330,137067,Berlin,4,2020,3,17,2,3,1,5,1,1,1,0,0,0,0,0,"13,28890116","52,47097459"
16331,137068,Berlin,5,2020,3,11,6,3,0,2,0,1,1,0,0,0,0,1,"13,20976816","52,54787589"
16332,137069,Berlin,1,2020,3,19,4,3,0,6,2,1,1,0,0,0,0,0,"13,388819","52,51708652"
16333,137070,Berlin,1,2020,3,15,2,3,6,4,0,0,0,1,0,0,1,0,"13,40365109","52,52087491"
16334,137071,Berlin,3,2020,3,17,4,3,0,1,0,1,0,0,0,0,0,0,"13,40929246","52,53815107"
16335,137072,Berlin,6,2020,3,7,2,3,2,6,0,0,1,0,0,0,0,1,"13,36046212","52,44659894"
16336,137073,Berlin,7,2020,3,5,2,3,5,7,2,0,1,0,0,0,1,1,"13,38986831","52,45711866"
16337,137074,Berlin,1,2020,3,9,1,3,5,2,0,1,1,0,0,0,0,0,"13,41170932","52,52396402"
16338,137075,Berlin,1,2020,3,15,2,3,5,2,0,1,0,0,0,0,1,0,"13,34941901","52,54205268"
16339,137076,Berlin,3,2020,3,13,6,3,5,3,0,1,1,0,0,0,0,1,"13,42117076","52,53353569"
16340,137077,Berlin,4,2020,3,19,4,3,1,5,2,1,1,0,0,0,0,0,"13,33724707","52,50119048"
16341,137078,Berlin,6,2020,3,15,2,3,5,3,0,1,0,0,0,0,0,0,"13,25939583","52,43088737"
16342,137079,Berlin,3,2020,3,16,5,3,2,6,0,0,1,0,0,0,0,0,"13,42095789","52,57302534"
16343,137080,Berlin,1,2020,3,14,2,2,8,1,0,0,1,0,0,0,0,0,"13,37056337","52,54549338"
16344,137081,Berlin,2,2020,3,18,4,3,0,7,1,1,1,0,0,0,0,1,"13,41733139","52,49246407"
16345,137082,Berlin,4,2020,3,15,4,3,6,7,0,0,0,1,0,0,1,0,"13,3079835","52,51706168"
16346,137083,Berlin,8,2020,3,13,2,3,1,5,0,0,1,0,0,0,0,0,"13,44867454","52,42004416"
16347,137084,Berlin,2,2020,3,12,2,3,6,4,0,1,0,1,0,0,0,0,"13,38707772","52,49315686"
16348,137085,Berlin,2,2020,3,8,4,3,5,2,0,1,1,0,0,0,0,0,"13,46633132","52,50056269"
16349,137086,Berlin,4,2020,3,11,2,3,2,6,0,0,1,0,0,1,0,1,"13,26282168","52,5149276"
16350,137087,Berlin,7,2020,3,10,2,2,6,2,0,0,1,1,0,0,0,0,"13,39127723","52,43396017"
16351,137088,Berlin,9,2020,3,14,7,3,5,3,0,1,1,0,0,0,0,0,"13,52898824","52,45211794"
16352,137089,Berlin,4,2020,3,10,2,3,2,6,0,0,1,0,0,0,0,1,"13,27047592","52,51990266"
16353,137090,Berlin,4,2020,3,11,6,3,5,7,0,1,1,0,0,0,0,0,"13,26204457","52,5155589"
16354,137091,Berlin,3,2020,3,16,4,3,2,6,0,0,1,0,0,0,0,0,"13,41901534","52,57264732"
16355,137092,Berlin,2,2020,3,9,2,3,0,1,0,1,0,0,0,0,0,1,"13,37964191","52,49447452"
16356,137093,Berlin,7,2020,3,16,5,3,2,6,0,1,1,0,0,0,0,0,"13,36821656","52,48507297"
16357,137094,Berlin,1,2020,3,8,2,3,2,6,0,0,1,0,0,1,0,1,"13,33309874","52,54051132"
16358,137095,Berlin,5,2020,3,10,2,3,6,4,0,0,1,1,0,0,0,1,"13,19506895","52,52911955"
16359,137096,Berlin,9,2020,3,7,2,3,3,6,0,1,1,0,0,0,0,1,"13,5522276","52,41718997"
16360,137097,Berlin,6,2020,3,13,1,3,7,7,0,1,0,0,0,0,0,0,"13,25855413","52,40828261"
16361,137098,Berlin,4,2020,3,16,4,3,2,6,0,1,0,0,0,0,0,0,"13,31678769","52,48859509"
16362,137099,Berlin,7,2020,3,12,6,3,2,2,0,0,1,0,0,0,0,1,"13,39412881","52,48396714"
16363,137100,Berlin,5,2020,3,14,1,3,0,6,0,1,0,0,0,0,0,1,"13,1812712","52,48802446"
16364,137101,Berlin,7,2020,3,21,1,2,5,7,2,0,1,0,0,0,0,0,"13,34744976","52,46699041"
16365,137102,Berlin,11,2020,3,9,7,3,2,6,0,0,1,0,0,0,0,1,"13,52840078","52,55680806"
16366,137103,Berlin,2,2020,3,20,1,3,1,5,2,1,1,0,0,0,0,0,"13,39439919","52,48465219"
16367,137104,Berlin,5,2020,3,19,6,2,1,3,2,0,1,0,0,0,0,1,"13,20469697","52,54415857"
16368,137105,Berlin,3,2020,3,15,4,3,2,6,0,0,1,0,0,0,1,0,"13,43197191","52,58117304"
16369,137106,Berlin,3,2020,3,19,1,3,3,6,2,1,0,0,0,0,0,0,"13,41367362","52,54763818"
16370,137107,Berlin,2,2020,3,15,5,3,5,3,0,1,1,0,0,0,0,0,"13,41028986","52,50378559"
16371,137108,Berlin,1,2020,3,18,1,3,0,7,2,0,0,0,1,0,0,1,"13,40446398","52,52193402"
16372,137109,Berlin,11,2020,3,8,2,3,2,6,0,0,1,0,0,0,0,1,"13,52718434","52,49199128"
16373,137110,Berlin,8,2020,3,17,1,3,2,6,0,0,1,0,0,0,0,0,"13,43644994","52,44922819"
16374,137111,Berlin,7,2020,3,16,1,3,6,4,0,0,1,1,0,0,0,0,"13,40450538","52,40401907"
16375,137112,Berlin,12,2020,3,12,4,2,3,6,0,0,1,0,1,0,0,0,"13,28994457","52,58268268"
16376,137113,Berlin,12,2020,3,18,6,3,5,2,2,1,1,0,0,0,0,1,"13,3643292","52,56263937"
16377,137114,Berlin,10,2020,3,12,4,3,5,2,0,0,0,0,0,0,1,0,"13,56941189","52,56081406"
16378,137115,Berlin,1,2020,3,15,1,2,0,1,0,0,0,0,1,0,0,1,"13,38097191","52,52998984"
16379,137116,Berlin,7,2020,3,12,4,3,1,5,0,1,1,0,0,0,0,0,"13,36661975","52,4951066"
16380,137117,Berlin,3,2020,3,19,1,3,5,3,2,1,1,0,0,0,0,0,"13,38510617","52,59120874"
16381,137118,Berlin,8,2020,3,16,4,3,5,3,0,0,1,0,1,0,0,0,"13,4277148","52,42072379"
16382,137119,Berlin,3,2020,3,14,1,3,6,4,0,0,1,1,0,0,0,1,"13,41308843","52,63961884"
16383,137120,Berlin,8,2020,3,22,4,3,5,3,2,0,1,0,0,0,0,0,"13,45217422","52,48116966"
16384,137121,Berlin,5,2020,3,14,1,2,6,4,0,0,1,1,0,0,0,1,"13,19453402","52,54570978"
16385,137122,Berlin,1,2020,3,13,1,3,0,1,0,0,0,0,1,0,0,1,"13,36732131","52,52570178"
16386,137123,Berlin,11,2020,3,19,1,2,0,1,2,1,0,0,0,0,0,0,"13,49238523","52,54398588"
16387,137124,Berlin,9,2020,3,11,1,3,4,6,0,1,1,0,0,0,0,0,"13,58482802","52,42834373"
16388,137125,Berlin,8,2020,3,11,1,3,5,2,0,1,1,0,0,0,0,1,"13,46913233","52,42824139"
16389,137126,Berlin,5,2020,3,16,6,2,6,4,0,0,1,1,0,0,0,1,"13,18702437","52,53427264"
16390,137127,Berlin,4,2020,3,22,4,3,5,7,2,0,1,0,1,0,0,0,"13,32321502","52,49149757"
16391,137128,Berlin,8,2020,3,9,1,3,3,6,0,0,1,0,1,0,0,1,"13,43324799","52,44405356"
16392,137129,Berlin,2,2020,3,22,4,3,2,6,2,0,1,0,0,0,0,0,"13,44097195","52,50475576"
16393,137130,Berlin,1,2020,3,6,1,2,5,3,2,0,1,0,0,0,0,0,"13,39292014","52,51500099"
16394,137131,Berlin,2,2020,3,0,1,2,0,1,2,1,0,0,0,0,0,1,"13,41574215","52,49116385"
16395,137132,Berlin,9,2020,3,0,1,3,5,2,2,1,1,0,0,0,0,1,"13,50348584","52,46066448"
16396,137133,Berlin,11,2020,2,18,7,3,2,2,2,0,1,0,1,0,0,1,"13,50560819","52,53464035"
16397,137134,Berlin,6,2020,3,14,1,3,0,5,0,0,1,0,0,0,0,0,"13,33044961","52,46022405"
16398,137135,Berlin,1,2020,2,2,7,3,0,2,2,1,1,0,0,0,0,0,"13,35688148","52,53569052"
16399,137136,Berlin,6,2020,2,17,7,2,6,4,1,0,1,1,0,0,0,1,"13,29896417","52,44089753"
16400,137137,Berlin,5,2020,3,6,6,2,5,3,2,0,1,0,1,0,0,1,"13,22001819","52,56018561"
16401,137138,Berlin,8,2020,3,21,4,3,1,5,2,1,1,0,0,0,0,0,"13,42433401","52,4859855"
16402,137139,Berlin,4,2020,2,5,7,3,5,3,2,0,1,0,0,0,0,1,"13,33116907","52,50370823"
16403,137140,Berlin,1,2020,2,15,7,3,5,3,0,0,1,0,1,0,0,1,"13,37548665","52,5403197"
16404,137141,Berlin,3,2020,3,19,4,3,6,2,2,0,0,1,0,0,1,0,"13,42888733","52,54772453"
16405,137142,Berlin,1,2020,2,16,7,3,6,4,0,0,1,1,0,0,0,0,"13,33170334","52,52408901"
16406,137143,Berlin,6,2020,2,6,7,2,4,6,2,0,0,0,0,0,1,1,"13,30255125","52,41985234"
16407,137144,Berlin,5,2020,3,13,7,3,0,6,0,0,1,0,0,0,1,0,"13,2031301","52,53989927"
16408,137145,Berlin,2,2020,2,2,7,2,6,7,2,0,1,1,0,0,0,1,"13,45007233","52,50749345"
16409,137146,Berlin,1,2020,3,8,6,3,5,3,0,0,1,0,0,0,0,1,"13,38550078","52,52874408"
16410,137147,Berlin,3,2020,3,15,4,3,4,6,0,1,0,0,0,0,0,0,"13,40881376","52,57095337"
16411,137148,Berlin,2,2020,2,23,7,3,5,2,2,0,1,0,0,0,0,1,"13,40665083","52,49843051"
16412,137149,Berlin,7,2020,3,14,5,3,1,5,0,0,1,0,1,0,0,0,"13,34967305","52,50006537"
16413,137150,Berlin,2,2020,2,19,7,3,1,5,2,1,1,0,0,0,0,1,"13,46286527","52,51410695"
16414,137151,Berlin,5,2020,3,13,6,3,4,6,0,0,1,0,0,0,0,1,"13,23274018","52,54224981"
16415,137152,Berlin,8,2020,3,13,4,3,5,5,0,1,1,0,0,0,0,0,"13,43069637","52,4865525"
16416,137153,Berlin,1,2020,2,19,7,3,5,3,2,0,1,0,0,0,0,1,"13,37833689","52,55051236"
16417,137154,Berlin,8,2020,3,14,5,3,5,2,0,1,1,0,0,0,0,0,"13,44278873","52,4650867"
16418,137155,Berlin,4,2020,2,19,7,3,1,5,2,1,1,0,0,0,0,1,"13,31354115","52,48212948"
16419,137156,Berlin,8,2020,3,11,2,3,2,6,0,0,1,0,0,0,0,0,"13,43285267","52,48509091"
16420,137157,Berlin,2,2020,2,19,7,3,5,3,2,1,1,0,0,0,0,1,"13,435399","52,51459709"
16421,137158,Berlin,12,2020,2,18,7,3,5,3,2,0,1,0,0,0,0,1,"13,32219953","52,60881384"
16422,137159,Berlin,3,2020,3,0,7,3,1,5,2,1,1,0,0,0,0,1,"13,43079916","52,54706631"
16423,137160,Berlin,9,2020,3,11,6,1,6,4,0,0,0,1,0,0,1,1,"13,58039614","52,44321453"
16424,137161,Berlin,1,2020,2,17,7,3,5,2,0,0,1,0,0,0,1,0,"13,35719856","52,52372043"
16425,137162,Berlin,7,2020,3,13,4,3,6,4,0,0,1,1,0,0,0,0,"13,38070293","52,44255808"
16426,137163,Berlin,7,2020,2,18,7,3,1,5,2,1,1,0,0,0,0,1,"13,33437968","52,47054441"
16427,137164,Berlin,7,2020,3,13,5,3,5,3,0,0,1,0,1,0,0,0,"13,37811561","52,45624786"
16428,137165,Berlin,2,2020,2,16,7,3,6,7,0,0,1,1,0,0,0,0,"13,4090887","52,48878962"
16429,137166,Berlin,8,2020,3,7,2,3,2,7,0,1,1,0,0,0,0,1,"13,42446419","52,47396396"
16430,137167,Berlin,1,2020,3,16,5,3,1,5,0,1,1,0,0,0,0,0,"13,3431943","52,52755812"
16431,137168,Berlin,8,2020,2,15,7,3,6,2,0,0,1,1,0,0,0,0,"13,49101576","52,42391915"
16432,137169,Berlin,5,2020,2,15,7,3,6,4,0,0,1,1,0,0,0,0,"13,17551202","52,52009028"
16433,137170,Berlin,12,2020,2,15,7,3,5,5,0,0,1,0,1,0,0,0,"13,28423958","52,57563744"
16434,137171,Berlin,1,2020,3,5,2,3,5,2,1,0,1,0,0,0,0,1,"13,41178791","52,52396655"
16435,137172,Berlin,7,2020,3,20,5,2,8,1,2,0,1,0,0,0,0,0,"13,42298102","52,39497335"
16436,137173,Berlin,1,2020,2,14,7,3,2,6,0,0,1,0,0,0,0,0,"13,33675601","52,54265132"
16437,137174,Berlin,10,2020,2,14,7,3,6,6,0,0,1,1,0,0,0,0,"13,60486771","52,53186937"
16438,137175,Berlin,12,2020,3,11,4,3,5,3,0,0,1,0,0,0,0,0,"13,24076124","52,61837729"
16439,137176,Berlin,6,2020,3,18,6,3,2,6,2,0,1,0,0,0,0,1,"13,33021632","52,4519029"
16440,137177,Berlin,7,2020,3,11,4,3,5,2,0,1,1,0,0,0,0,0,"13,35765855","52,48867331"
16441,137178,Berlin,5,2020,2,13,7,3,6,7,0,0,1,1,0,0,0,0,"13,18194241","52,53740218"
16442,137179,Berlin,6,2020,3,10,4,3,5,3,0,0,1,0,0,0,0,1,"13,34153952","52,45875142"
16443,137180,Berlin,11,2020,2,13,7,3,6,4,0,0,1,1,0,0,0,0,"13,50606237","52,50888297"
16444,137181,Berlin,8,2020,2,12,7,3,5,2,0,1,1,0,0,0,0,0,"13,50620341","52,4029251"
16445,137182,Berlin,5,2020,3,16,1,3,5,2,0,0,1,0,0,0,0,0,"13,18455244","52,54749072"
16446,137183,Berlin,9,2020,3,19,5,3,5,2,2,1,1,0,0,0,0,0,"13,55616294","52,43364781"
16447,137184,Berlin,2,2020,2,11,7,3,2,6,0,0,1,0,0,0,0,0,"13,44203486","52,5009297"
16448,137185,Berlin,4,2020,2,19,6,3,1,5,1,1,1,0,0,0,0,0,"13,30960785","52,50659015"
16449,137186,Berlin,11,2020,3,7,6,3,6,2,0,0,1,1,0,0,0,1,"13,48071249","52,49897037"
16450,137187,Berlin,3,2020,3,10,4,3,6,4,0,0,1,1,0,0,0,0,"13,46564739","52,55211497"
16451,137188,Berlin,6,2020,2,11,6,2,6,6,0,0,1,1,0,0,0,0,"13,33354091","52,43001482"
16452,137189,Berlin,5,2020,3,16,6,3,2,7,0,0,1,0,0,0,0,1,"13,20206245","52,51803245"
16453,137190,Berlin,1,2020,3,10,4,3,5,2,0,1,0,0,0,0,1,0,"13,34134781","52,52083178"
16454,137191,Berlin,12,2020,2,13,6,2,2,6,0,0,1,0,0,0,0,0,"13,33030713","52,56240696"
16455,137192,Berlin,8,2020,3,8,4,3,5,3,0,1,1,0,0,0,0,0,"13,47444332","52,42569841"
16456,137193,Berlin,7,2020,2,8,6,3,2,6,0,0,1,0,0,0,0,0,"13,34945613","52,50242928"
16457,137194,Berlin,4,2020,2,7,6,3,5,3,0,1,0,0,0,1,0,1,"13,29437412","52,5346377"
16458,137195,Berlin,1,2020,3,13,1,2,1,1,0,0,1,0,0,0,0,0,"13,34964286","52,53203"
16459,137196,Berlin,2,2020,3,18,5,3,2,7,2,1,1,0,0,0,0,0,"13,4315565","52,51519698"
16460,137197,Berlin,5,2020,2,18,6,3,5,3,2,1,1,0,0,0,0,0,"13,1973434","52,532067"
16461,137198,Berlin,5,2020,2,19,6,3,2,6,2,0,1,0,0,0,0,0,"13,23049657","52,54660275"
16462,137199,Berlin,5,2020,3,14,6,3,5,2,0,0,1,0,0,0,0,1,"13,178069","52,54874812"