,id,city,district,year,month,hour,weekday,injury_level,collision,movement,light_conditions,bicycle,car,pedestrian,motorbike,truck,other_vehicle,road_conditions,longitude,latitude
16463,137200,Berlin,1,2020,3,7,4,3,6,2,0,0,1,1,0,0,0,0,"13,33342734","52,56080894"
16464,137201,Berlin,3,2020,2,21,6,3,5,3,2,1,1,0,0,0,0,0,"13,40964548","52,53848533"
16465,137202,Berlin,1,2020,3,12,5,3,6,7,0,0,1,1,0,0,0,0,"13,3822534","52,55290191"
16466,137203,Berlin,8,2020,2,19,6,2,6,4,2,0,1,1,0,0,0,0,"13,434102","52,45153314"
16467,137204,Berlin,4,2020,3,7,4,3,5,2,0,1,1,0,0,0,0,0,"13,30912419","52,48880545"
16468,137205,Berlin,7,2020,2,18,6,3,5,7,2,0,1,0,1,0,0,0,"13,36607634","52,48508529"
16469,137206,Berlin,12,2020,2,18,6,3,5,2,2,1,1,0,0,0,0,0,"13,36030587","52,59690329"
16470,137207,Berlin,1,2020,3,9,7,3,0,1,0,1,0,0,0,0,0,1,"13,40179037","52,53328073"
16471,137208,Berlin,4,2020,2,18,6,3,2,6,2,0,1,0,0,0,0,0,"13,32603031","52,50016197"
16472,137209,Berlin,6,2020,3,4,4,2,0,7,2,1,0,0,0,0,0,1,"13,31766021","52,45800171"
16473,137210,Berlin,10,2020,2,17,6,2,0,3,1,1,1,0,0,0,0,0,"13,53692629","52,54800227"
16474,137211,Berlin,2,2020,2,16,6,3,5,3,0,1,1,0,0,0,0,0,"13,46670365","52,49622406"
16475,137212,Berlin,2,2020,3,19,7,2,6,4,2,0,1,1,0,0,0,0,"13,43896139","52,50263115"
16476,137213,Berlin,6,2020,2,16,6,3,5,2,0,0,1,0,0,0,1,0,"13,31566667","52,44313311"
16477,137214,Berlin,2,2020,3,12,6,3,5,3,0,1,1,0,0,0,0,1,"13,39776372","52,49534362"
16478,137215,Berlin,8,2020,3,5,4,3,5,2,0,0,1,0,0,0,0,0,"13,42914479","52,45227476"
16479,137216,Berlin,12,2020,2,16,6,3,5,3,0,0,1,0,1,0,0,0,"13,28546461","52,59484358"
16480,137217,Berlin,8,2020,3,11,5,3,0,2,0,1,0,0,0,0,1,0,"13,44713775","52,43693972"
16481,137218,Berlin,12,2020,2,16,6,3,6,2,0,0,1,1,0,0,0,0,"13,31423451","52,57669279"
16482,137219,Berlin,2,2020,3,11,2,2,5,2,0,0,1,0,0,0,0,1,"13,43969195","52,51392105"
16483,137220,Berlin,1,2020,3,18,5,3,5,7,2,0,1,0,0,0,1,0,"13,38065036","52,53938496"
16484,137221,Berlin,1,2020,2,15,6,3,2,6,0,0,1,0,0,0,0,0,"13,35140912","52,52635357"
16485,137222,Berlin,4,2020,2,15,6,3,3,6,0,1,1,0,0,0,0,0,"13,31925605","52,5016517"
16486,137223,Berlin,11,2020,3,9,6,3,5,2,0,1,1,0,0,0,0,1,"13,48548724","52,52324724"
16487,137224,Berlin,10,2020,3,18,5,3,5,3,2,1,1,0,0,0,0,0,"13,60091793","52,47788062"
16488,137225,Berlin,3,2020,2,15,6,3,5,3,0,1,1,0,0,0,0,0,"13,41094339","52,55381476"
16489,137226,Berlin,12,2020,2,15,6,3,5,3,0,1,1,0,0,0,0,0,"13,31484954","52,61033523"
16490,137227,Berlin,3,2020,3,20,6,3,5,3,2,1,1,0,0,0,0,1,"13,40737594","52,52970022"
16491,137228,Berlin,4,2020,3,1,4,3,0,1,2,0,0,0,0,0,1,1,"13,30670881","52,50656935"
16492,137229,Berlin,1,2020,2,14,6,3,2,6,0,0,1,0,1,0,0,0,"13,37793657","52,54194366"
16493,137230,Berlin,4,2020,3,11,5,3,5,2,0,1,1,0,0,0,0,0,"13,30656432","52,52884649"
16494,137231,Berlin,4,2020,2,14,6,3,2,6,0,0,1,0,0,0,0,0,"13,32792074","52,5001837"
16495,137232,Berlin,2,2020,3,8,2,3,5,3,0,1,1,0,0,0,0,1,"13,43269331","52,50247174"
16496,137233,Berlin,3,2020,2,13,6,3,5,3,0,0,1,0,0,0,0,0,"13,43078373","52,56115091"
16497,137234,Berlin,2,2020,2,13,6,3,3,6,0,0,1,0,0,0,0,0,"13,3767019","52,48915327"
16498,137235,Berlin,12,2020,3,7,4,3,2,6,0,0,0,0,0,1,1,1,"13,30624436","52,55423532"
16499,137236,Berlin,4,2020,3,18,6,3,6,4,2,0,1,1,0,0,0,1,"13,28072624","52,5072576"
16500,137237,Berlin,1,2020,3,9,3,3,5,2,0,1,1,0,0,0,0,0,"13,42557815","52,5151096"
16501,137238,Berlin,10,2020,2,11,6,2,6,4,0,0,1,1,0,0,0,0,"13,57456357","52,56771773"
16502,137239,Berlin,1,2020,3,12,3,3,0,1,0,1,0,0,0,0,0,1,"13,36345381","52,52463055"
16503,137240,Berlin,7,2020,2,4,6,1,5,3,2,0,1,0,0,0,0,2,"13,4064924","52,39849028"
16504,137241,Berlin,1,2020,2,10,6,3,5,3,0,0,1,0,0,0,0,0,"13,3889442","52,51562189"
16505,137242,Berlin,1,2020,3,15,1,3,1,5,0,0,1,0,1,0,0,0,"13,39561003","52,55066185"
16506,137243,Berlin,2,2020,3,17,5,3,5,2,1,1,1,0,0,0,0,0,"13,3861887","52,48735578"
16507,137244,Berlin,6,2020,2,9,6,3,0,3,0,0,1,0,1,0,0,1,"13,34013487","52,4507852"
16508,137245,Berlin,10,2020,3,8,3,3,5,2,0,1,1,0,0,0,0,0,"13,51895151","52,53149072"
16509,137246,Berlin,5,2020,2,9,6,3,1,5,0,1,1,0,0,0,0,1,"13,2015975","52,53689327"
16510,137247,Berlin,4,2020,2,9,6,3,5,3,0,0,1,0,0,0,0,1,"13,31408282","52,49045248"
16511,137248,Berlin,11,2020,3,21,1,2,1,5,2,0,1,0,0,0,0,0,"13,49584596","52,5204388"
16512,137249,Berlin,6,2020,2,8,6,3,2,2,0,0,1,0,0,0,0,1,"13,24018275","52,44262827"
16513,137250,Berlin,12,2020,2,7,6,3,6,4,0,0,0,1,0,0,1,0,"13,32419578","52,57579464"
16514,137251,Berlin,2,2020,3,15,6,3,3,6,0,1,0,0,0,1,0,1,"13,37671025","52,48937874"
16515,137252,Berlin,4,2020,3,10,3,3,8,7,0,0,1,1,0,0,0,0,"13,29637621","52,49792042"
16516,137253,Berlin,1,2020,2,0,6,3,2,2,2,0,1,0,0,0,0,1,"13,37662","52,50947875"
16517,137254,Berlin,9,2020,3,17,3,3,4,6,0,1,0,0,0,0,0,1,"13,59492003","52,45295983"
16518,137255,Berlin,7,2020,2,18,5,3,0,3,2,0,1,0,1,0,0,0,"13,35893508","52,47467414"
16519,137256,Berlin,11,2020,2,6,5,2,6,7,1,1,0,1,0,0,0,1,"13,52643603","52,55827861"
16520,137257,Berlin,1,2020,3,9,1,3,5,3,0,0,1,0,0,0,0,0,"13,38899495","52,51562519"
16521,137258,Berlin,4,2020,2,22,5,3,6,2,2,0,1,1,0,0,0,1,"13,30921566","52,50641734"
16522,137259,Berlin,4,2020,3,13,6,2,5,2,0,0,1,0,1,0,0,1,"13,33167794","52,51514463"
16523,137260,Berlin,2,2020,3,21,3,3,5,3,2,1,1,0,0,0,0,0,"13,42783091","52,51813036"
16524,137261,Berlin,1,2020,2,21,5,3,1,5,2,0,1,0,0,0,0,1,"13,34319264","52,52868157"
16525,137262,Berlin,12,2020,3,6,6,3,0,3,1,0,1,0,1,0,0,1,"13,33039247","52,59056629"
16526,137263,Berlin,9,2020,3,8,3,3,5,2,1,1,1,0,0,0,0,0,"13,45833704","52,48583283"
16527,137264,Berlin,7,2020,2,20,5,3,4,6,2,0,1,0,0,0,1,1,"13,36142056","52,48221069"
16528,137265,Berlin,8,2020,2,20,5,3,5,2,2,1,1,0,0,0,0,0,"13,43073573","52,46848567"
16529,137266,Berlin,7,2020,3,19,3,3,5,2,2,1,1,0,0,0,0,0,"13,40530322","52,40696431"
16530,137267,Berlin,8,2020,2,19,5,2,6,4,2,0,1,1,0,0,0,0,"13,46786928","52,46809113"
16531,137268,Berlin,1,2020,2,19,5,3,5,2,2,1,1,0,0,0,0,0,"13,39155901","52,51225868"
16532,137269,Berlin,10,2020,3,13,7,3,5,3,0,0,1,0,0,0,0,0,"13,55002653","52,52583137"
16533,137270,Berlin,3,2020,3,17,5,3,6,4,1,0,1,1,0,0,0,0,"13,40483971","52,54069469"
16534,137271,Berlin,5,2020,2,16,5,2,8,1,1,0,1,0,0,0,0,0,"13,12667962","52,53559863"
16535,137272,Berlin,1,2020,3,9,6,3,2,6,0,0,1,0,0,0,0,1,"13,3605922","52,55748855"
16536,137273,Berlin,1,2020,3,19,3,3,5,3,2,0,1,0,0,0,1,0,"13,40295735","52,53370015"
16537,137274,Berlin,5,2020,2,19,5,3,2,6,2,0,1,0,0,0,0,1,"13,16013646","52,54489801"
16538,137275,Berlin,12,2020,3,11,5,3,2,6,0,0,1,0,0,0,0,0,"13,33172641","52,56200313"
16539,137276,Berlin,8,2020,2,18,5,3,2,7,2,1,1,0,0,0,0,0,"13,43151892","52,46638136"
16540,137277,Berlin,12,2020,3,5,2,3,5,2,1,1,1,0,0,0,0,0,"13,32658409","52,58741908"
16541,137278,Berlin,5,2020,2,17,5,3,1,5,2,0,1,0,0,0,0,0,"13,20221837","52,54670318"
16542,137279,Berlin,5,2020,2,18,5,2,5,2,2,1,1,0,0,0,0,0,"13,20769619","52,55569788"
16543,137280,Berlin,1,2020,3,10,5,3,2,6,0,0,1,0,0,1,1,0,"13,34743818","52,55312399"
16544,137281,Berlin,12,2020,2,16,5,3,6,4,0,0,1,1,0,0,0,0,"13,2853854","52,5877658"
16545,137282,Berlin,1,2020,2,15,5,3,6,4,0,1,0,1,0,0,0,0,"13,4007186","52,51013466"
16546,137283,Berlin,8,2020,2,14,5,3,2,6,0,0,1,0,0,0,1,0,"13,4416866","52,46950837"
16547,137284,Berlin,5,2020,3,7,7,3,1,7,0,0,1,0,0,0,0,1,"13,22520763","52,53043628"
16548,137285,Berlin,6,2020,2,14,5,3,5,3,0,0,1,0,0,0,0,1,"13,31856652","52,45767231"
16549,137286,Berlin,12,2020,3,19,6,3,5,3,2,1,1,0,0,0,0,1,"13,30934971","52,60352598"
16550,137287,Berlin,2,2020,3,19,3,3,5,3,2,1,1,0,0,0,0,0,"13,41116166","52,50350909"
16551,137288,Berlin,4,2020,2,13,5,3,5,3,0,1,1,0,0,0,0,0,"13,33180498","52,50063096"
16552,137289,Berlin,11,2020,3,9,5,3,6,4,0,0,1,1,0,0,0,0,"13,50574627","52,56257832"
16553,137290,Berlin,1,2020,2,13,5,3,0,2,0,0,1,0,0,0,1,0,"13,35123677","52,5096986"
16554,137291,Berlin,3,2020,3,8,2,3,5,3,0,0,1,0,0,0,0,1,"13,47089592","52,61032782"
16555,137292,Berlin,4,2020,2,13,5,3,0,6,0,0,1,0,0,0,1,0,"13,31375491","52,50080064"
16556,137293,Berlin,9,2020,2,13,5,3,5,3,0,1,1,0,0,0,0,0,"13,58782242","52,42203488"
16557,137294,Berlin,4,2020,3,18,6,2,6,4,2,0,1,1,0,0,0,1,"13,29302164","52,4745804"
16558,137295,Berlin,7,2020,3,19,3,3,5,3,2,1,1,0,0,0,0,0,"13,38414169","52,46556662"
16559,137296,Berlin,3,2020,2,11,5,3,5,3,0,0,1,0,0,0,0,0,"13,39835246","52,59239422"
16560,137297,Berlin,7,2020,2,12,5,3,0,2,0,0,1,0,0,0,1,1,"13,36017091","52,49045456"
16561,137298,Berlin,1,2020,3,18,3,3,5,3,2,1,1,0,0,0,0,1,"13,4044941","52,52196107"
16562,137299,Berlin,5,2020,3,19,6,3,5,2,2,0,1,0,0,0,0,1,"13,18468376","52,51545229"
16563,137300,Berlin,8,2020,3,10,3,3,5,3,0,1,1,0,0,0,0,1,"13,45396164","52,4692261"
16564,137301,Berlin,1,2020,2,11,5,3,2,6,0,0,1,0,0,0,0,0,"13,36880789","52,55725282"
16565,137302,Berlin,11,2020,3,11,3,2,5,7,0,0,1,0,0,0,1,0,"13,46922712","52,5431531"
16566,137303,Berlin,11,2020,2,11,5,2,6,4,0,0,0,1,0,0,1,1,"13,52566572","52,48299627"
16567,137304,Berlin,1,2020,2,11,5,3,5,3,0,1,1,0,0,0,0,1,"13,37225204","52,55668525"
16568,137305,Berlin,2,2020,3,17,1,3,2,2,1,0,1,0,0,0,0,0,"13,42961661","52,52297929"
16569,137306,Berlin,11,2020,2,10,5,3,2,6,0,0,1,0,0,0,1,1,"13,49041715","52,49348296"
16570,137307,Berlin,5,2020,2,10,5,2,5,2,0,0,1,0,0,1,0,1,"13,21378227","52,53174004"
16571,137308,Berlin,3,2020,3,15,6,3,5,3,0,0,1,0,1,0,0,1,"13,45822379","52,59323652"
16572,137309,Berlin,12,2020,3,11,3,3,1,5,0,1,1,0,0,0,0,0,"13,28486169","52,58832284"
16573,137310,Berlin,6,2020,2,9,5,3,5,3,0,1,1,0,0,0,0,1,"13,33612327","52,45317871"
16574,137311,Berlin,12,2020,3,10,3,3,5,3,0,0,1,0,0,0,0,0,"13,32644788","52,60454281"
16575,137312,Berlin,7,2020,2,7,5,3,6,2,0,0,0,1,0,0,1,1,"13,40094568","52,41442405"
16576,137313,Berlin,4,2020,3,9,3,3,3,6,0,0,1,0,0,1,0,0,"13,27967913","52,50497605"
16577,137314,Berlin,8,2020,2,7,5,3,2,6,0,0,1,0,0,0,0,0,"13,42482828","52,48286623"
16578,137315,Berlin,9,2020,2,6,5,3,2,6,2,0,1,0,0,0,0,1,"13,55832801","52,45599163"
16579,137316,Berlin,9,2020,3,14,1,2,5,3,0,1,1,0,0,0,0,0,"13,57552338","52,44748238"
16580,137317,Berlin,7,2020,2,6,5,3,5,2,2,1,1,0,0,0,0,1,"13,40798962","52,45261209"
16581,137318,Berlin,11,2020,2,5,5,3,2,6,2,0,1,0,0,1,0,1,"13,51456052","52,53529296"
16582,137319,Berlin,3,2020,3,6,6,2,5,3,1,0,1,0,0,0,0,1,"13,41569153","52,56315841"
16583,137320,Berlin,4,2020,3,16,3,3,5,3,0,0,1,0,1,0,0,1,"13,27317812","52,51315772"
16584,137321,Berlin,4,2020,2,12,4,3,1,5,0,1,1,0,0,0,0,1,"13,30742266","52,50670585"
16585,137322,Berlin,5,2020,2,14,4,3,6,7,0,0,0,1,0,0,1,1,"13,19996974","52,53585003"
16586,137323,Berlin,4,2020,3,15,3,3,1,5,0,0,0,0,0,0,1,1,"13,31021646","52,50040709"
16587,137324,Berlin,10,2020,2,15,4,3,2,7,0,0,1,0,0,0,1,1,"13,57387488","52,52722905"
16588,137325,Berlin,3,2020,2,8,4,1,4,6,0,0,1,0,1,0,0,0,"13,4439263","52,57236971"
16589,137326,Berlin,3,2020,3,12,7,3,5,3,0,0,1,0,0,0,0,0,"13,36136963","52,58522208"
16590,137327,Berlin,4,2020,2,18,4,3,2,6,2,0,1,0,0,0,0,1,"13,29514215","52,53961849"
16591,137328,Berlin,3,2020,3,22,6,3,6,6,2,0,1,1,0,0,0,1,"13,42739634","52,54574753"
16592,137329,Berlin,12,2020,2,17,4,3,2,6,1,0,1,0,0,0,0,1,"13,32606726","52,60403123"
16593,137330,Berlin,6,2020,3,20,7,3,6,6,2,0,1,1,0,0,0,0,"13,33511899","52,46404508"
16594,137331,Berlin,11,2020,2,16,4,3,5,3,0,0,1,0,0,0,0,1,"13,53194841","52,48415195"
16595,137332,Berlin,6,2020,3,13,6,3,5,3,0,0,1,0,0,0,0,1,"13,33491436","52,42742368"
16596,137333,Berlin,6,2020,3,15,3,3,5,3,0,1,1,0,0,0,0,1,"13,29432072","52,42400269"
16597,137334,Berlin,2,2020,2,15,4,3,5,3,0,1,1,0,0,0,1,1,"13,44147119","52,50133462"
16598,137335,Berlin,7,2020,3,9,5,3,5,3,0,1,1,0,0,0,0,0,"13,34097006","52,47624662"
16599,137336,Berlin,3,2020,2,15,4,3,0,1,0,0,0,0,1,0,0,1,"13,46051911","52,55950568"
16600,137337,Berlin,9,2020,3,11,2,3,5,3,0,1,1,0,0,0,0,1,"13,54355375","52,43378448"
16601,137338,Berlin,1,2020,3,17,5,3,6,4,0,0,1,1,0,0,0,0,"13,40995484","52,52815299"
16602,137339,Berlin,1,2020,2,15,4,3,0,6,0,0,1,0,1,0,1,0,"13,34990874","52,51382749"
16603,137340,Berlin,4,2020,2,17,4,3,5,7,0,0,1,0,0,0,0,1,"13,32221599","52,49552155"
16604,137341,Berlin,3,2020,3,0,7,3,0,1,2,0,0,0,0,0,1,1,"13,44906018","52,53753483"
16605,137342,Berlin,4,2020,3,16,5,3,0,4,0,0,1,1,0,0,0,0,"13,26693575","52,49801891"
16606,137343,Berlin,1,2020,2,8,4,3,5,3,0,1,1,0,0,0,0,1,"13,41358355","52,51127037"
16607,137344,Berlin,8,2020,3,14,3,3,2,6,0,0,1,0,0,0,0,0,"13,42898881","52,4718991"
16608,137345,Berlin,6,2020,2,20,4,3,4,1,2,0,1,0,0,0,0,1,"13,30406909","52,41892045"
16609,137346,Berlin,9,2020,3,19,6,3,2,6,2,0,1,0,0,0,0,1,"13,68638291","52,44220346"
16610,137347,Berlin,7,2020,3,10,5,3,1,5,0,1,1,0,0,0,0,1,"13,35722847","52,49920295"
16611,137348,Berlin,4,2020,3,12,4,2,1,5,0,1,1,0,0,0,0,0,"13,30197738","52,509405"
16612,137349,Berlin,1,2020,3,17,4,3,1,5,0,1,1,0,0,0,0,0,"13,37893789","52,55293184"
16613,137350,Berlin,7,2020,3,11,7,2,5,3,0,1,1,0,0,0,0,0,"13,38002138","52,41049676"
16614,137351,Berlin,1,2020,3,12,2,3,5,3,0,1,1,0,0,0,0,0,"13,40463967","52,52750251"
16615,137352,Berlin,3,2020,3,11,5,3,5,3,0,1,1,0,0,0,0,0,"13,45489247","52,59330248"
16616,137353,Berlin,8,2020,3,0,7,3,5,3,2,1,1,0,0,0,0,0,"13,42603724","52,47755578"
16617,137354,Berlin,8,2020,3,11,4,3,2,6,0,0,1,0,0,0,0,0,"13,43409498","52,443196"
16618,137355,Berlin,1,2020,3,9,4,3,5,2,0,1,0,0,0,0,1,0,"13,41619276","52,5199232"
16619,137356,Berlin,11,2020,3,12,6,3,5,2,0,1,1,0,0,0,0,1,"13,49995518","52,53277276"
16620,137357,Berlin,5,2020,3,11,4,2,1,5,0,0,1,0,0,0,0,0,"13,20778562","52,55812767"
16621,137358,Berlin,6,2020,3,17,2,3,2,6,0,0,1,0,0,0,0,0,"13,35346275","52,43247796"
16622,137359,Berlin,2,2020,3,18,3,3,0,3,2,0,1,0,0,0,1,0,"13,46106363","52,51114756"
16623,137360,Berlin,11,2020,3,10,4,2,5,3,0,0,1,0,0,0,1,0,"13,48540309","52,52318887"
16624,137361,Berlin,2,2020,3,14,7,3,5,2,0,0,1,0,0,0,0,0,"13,38785354","52,50294338"
16625,137362,Berlin,3,2020,3,8,2,3,5,3,0,1,1,0,0,0,0,0,"13,40422134","52,5814805"
16626,137363,Berlin,1,2020,3,15,7,3,5,2,0,0,1,0,1,0,0,0,"13,35385756","52,5538639"
16627,137364,Berlin,7,2020,3,15,4,3,2,6,0,0,1,0,0,0,0,0,"13,37848148","52,47762717"
16628,137365,Berlin,2,2020,3,20,4,3,5,3,2,1,1,0,0,0,0,0,"13,41112556","52,50351947"
16629,137366,Berlin,1,2020,3,18,7,3,1,5,2,1,1,0,0,0,0,0,"13,38401023","52,555397"
16630,137367,Berlin,11,2020,3,15,4,3,6,7,0,0,1,1,0,0,0,0,"13,48098468","52,5290197"
16631,137368,Berlin,12,2020,3,21,4,3,0,3,2,1,1,0,0,0,0,0,"13,33037742","52,5702514"
16632,137369,Berlin,9,2020,3,10,6,3,5,2,0,1,1,0,0,0,0,1,"13,53124915","52,40512397"
16633,137370,Berlin,3,2020,3,8,4,3,5,3,0,1,1,0,0,0,0,0,"13,41446606","52,55207141"
16634,137371,Berlin,4,2020,3,13,2,3,2,6,0,0,1,0,0,0,0,0,"13,31895847","52,47168141"
16635,137372,Berlin,2,2020,3,22,3,3,5,2,2,1,1,0,0,0,0,0,"13,43011925","52,51052839"
16636,137373,Berlin,8,2020,3,8,4,2,6,4,0,0,1,1,0,0,0,0,"13,42630275","52,48098718"
16637,137374,Berlin,12,2020,3,13,6,2,6,4,0,0,1,1,0,0,0,0,"13,34070614","52,60891294"
16638,137375,Berlin,3,2020,3,17,2,3,5,3,0,1,1,0,0,0,0,0,"13,45891823","52,55059896"
16639,137376,Berlin,12,2020,3,13,7,3,0,3,0,0,1,0,1,0,0,0,"13,32846994","52,60919161"
16640,137377,Berlin,12,2020,3,12,4,3,3,6,0,0,1,0,0,1,0,0,"13,32198462","52,56058594"
16641,137378,Berlin,1,2020,3,17,4,2,0,1,0,1,0,0,0,0,0,0,"13,39576579","52,53240521"
16642,137379,Berlin,4,2020,3,15,5,3,5,2,0,1,1,0,0,0,0,0,"13,31318901","52,49990477"
16643,137380,Berlin,12,2020,3,17,3,3,5,2,1,0,1,0,1,0,0,1,"13,24004353","52,61874367"
16644,137381,Berlin,11,2020,3,17,4,3,2,6,1,0,1,0,0,0,0,0,"13,52462284","52,47906336"
16645,137382,Berlin,7,2020,3,16,1,3,5,3,0,1,1,0,0,0,0,0,"13,3628392","52,41755692"
16646,137383,Berlin,11,2020,3,7,3,3,5,3,0,1,1,0,0,0,0,0,"13,50771044","52,4924443"
16647,137384,Berlin,6,2020,3,23,3,2,0,7,2,0,1,0,0,0,0,1,"13,33874485","52,46365666"
16648,137385,Berlin,1,2020,3,19,5,3,5,2,2,0,1,0,0,0,1,0,"13,34981166","52,50321571"
16649,137386,Berlin,9,2020,3,12,3,3,3,3,0,0,1,0,0,0,0,1,"13,55894288","52,44854219"
16650,137387,Berlin,5,2020,3,7,2,3,2,6,0,0,1,0,0,1,0,0,"13,17480323","52,51752754"
16651,137388,Berlin,12,2020,3,8,3,3,1,5,0,0,1,0,0,0,1,0,"13,32721704","52,56324687"
16652,137389,Berlin,2,2020,3,23,3,3,5,3,2,0,1,0,0,0,0,1,"13,45281885","52,51241417"
16653,137390,Berlin,7,2020,3,19,6,2,1,5,2,0,1,0,0,1,0,0,"13,40538586","52,39377269"
16654,137391,Berlin,6,2020,3,7,2,3,2,6,0,0,1,0,0,1,0,0,"13,31583839","52,44276549"
16655,137392,Berlin,1,2020,3,12,7,3,5,2,0,1,1,0,0,0,0,0,"13,35508534","52,54403542"
16656,137393,Berlin,11,2020,3,16,3,2,6,4,0,0,1,1,0,0,0,0,"13,47971539","52,52377286"
16657,137394,Berlin,5,2020,3,15,4,3,5,2,0,0,1,0,1,0,0,0,"13,2321838","52,54063776"
16658,137395,Berlin,7,2020,3,13,5,3,5,2,0,0,1,0,0,0,1,0,"13,34614704","52,5010529"
16659,137396,Berlin,1,2020,3,20,3,3,6,4,2,1,0,1,0,0,0,1,"13,39040979","52,56294423"
16660,137397,Berlin,7,2020,3,17,4,3,1,5,0,1,1,0,0,0,0,0,"13,33786766","52,48837734"
16661,137398,Berlin,11,2020,3,11,1,3,0,1,0,0,0,0,1,0,0,0,"13,53059227","52,50952115"
16662,137399,Berlin,7,2020,3,13,2,3,5,3,0,0,1,0,1,0,0,0,"13,34868591","52,40658401"
16663,137400,Berlin,11,2020,3,14,5,2,5,2,0,0,1,0,1,0,0,0,"13,52172614","52,55400292"
16664,137401,Berlin,8,2020,3,2,1,3,5,2,2,0,1,0,0,0,0,0,"13,43859545","52,4526307"
16665,137402,Berlin,1,2020,3,20,3,3,2,5,2,0,1,0,0,0,0,1,"13,35970157","52,55425381"
16666,137403,Berlin,8,2020,3,16,5,2,5,3,0,0,0,0,1,0,1,0,"13,43920954","52,42532429"
16667,137404,Berlin,8,2020,3,15,6,3,2,6,0,0,1,0,1,0,0,0,"13,45540231","52,4740827"
16668,137405,Berlin,10,2020,3,15,5,3,5,3,0,1,1,0,0,0,0,0,"13,57459257","52,53176856"
16669,137406,Berlin,6,2020,3,12,2,2,3,6,0,1,0,0,0,1,0,0,"13,3002474","52,43974934"
16670,137407,Berlin,1,2020,3,11,5,3,2,2,0,0,1,0,1,0,0,0,"13,37649176","52,54314744"
16671,137408,Berlin,11,2020,3,17,6,2,6,4,1,0,1,1,0,0,0,1,"13,47458608","52,50471851"
16672,137409,Berlin,2,2020,3,12,3,2,6,4,0,1,0,1,0,0,0,0,"13,43386024","52,50875043"
16673,137410,Berlin,7,2020,3,11,4,2,5,3,0,1,1,0,0,0,0,0,"13,37043234","52,46839664"
16674,137411,Berlin,9,2020,3,10,5,3,2,6,0,0,1,0,0,0,0,0,"13,50242613","52,48117862"
16675,137412,Berlin,1,2020,3,16,3,3,5,2,0,1,1,0,0,0,0,1,"13,38372606","52,55499138"
16676,137413,Berlin,4,2020,3,16,4,3,6,4,0,0,1,1,0,0,0,0,"13,32363057","52,49384687"
16677,137414,Berlin,3,2020,3,5,7,3,0,1,2,1,0,0,0,0,0,0,"13,44998482","52,53675835"
16678,137415,Berlin,2,2020,3,11,2,3,6,4,0,1,0,1,0,0,0,0,"13,39254727","52,49209631"
16679,137416,Berlin,6,2020,3,17,7,3,3,6,0,1,1,0,0,0,0,0,"13,34410892","52,43533186"
16680,137417,Berlin,1,2020,3,22,3,3,0,6,2,0,0,0,0,0,1,1,"13,3267858","52,53697411"
16681,137418,Berlin,7,2020,3,6,4,3,5,2,0,1,0,0,0,1,0,0,"13,40011319","52,45907115"
16682,137419,Berlin,7,2020,3,5,6,2,1,5,2,0,1,0,0,0,1,0,"13,4214806","52,46502104"
16683,137420,Berlin,7,2020,3,9,3,3,0,1,0,1,0,0,0,0,0,1,"13,38180717","52,44379752"
16684,137421,Berlin,2,2020,3,17,2,3,5,3,0,1,1,0,0,0,0,0,"13,44111026","52,51819724"
16685,137422,Berlin,11,2020,3,15,3,3,2,6,0,0,1,0,0,0,0,0,"13,51126864","52,50422388"
16686,137423,Berlin,5,2020,3,19,3,2,5,2,2,1,1,0,0,0,0,1,"13,18871837","52,52163742"
16687,137424,Berlin,12,2020,3,19,3,2,6,2,2,0,1,1,0,0,0,1,"13,32641398","52,60449725"
16688,137425,Berlin,7,2020,3,5,2,2,5,3,2,0,1,0,1,0,0,0,"13,41771549","52,46477041"
16689,137426,Berlin,8,2020,3,4,4,3,5,2,2,0,0,0,1,0,1,0,"13,43568467","52,45257025"
16690,137427,Berlin,4,2020,3,14,4,3,2,2,0,0,1,0,0,0,0,1,"13,28096969","52,47683055"
16691,137428,Berlin,12,2020,3,19,3,3,6,4,2,0,1,1,0,0,0,1,"13,35376749","52,56251613"
16692,137429,Berlin,10,2020,3,17,7,3,6,4,0,0,1,1,0,0,0,0,"13,60708181","52,53881585"
16693,137430,Berlin,12,2020,3,9,2,3,3,6,0,0,1,0,0,0,0,0,"13,33538469","52,56514621"
16694,137431,Berlin,4,2020,3,16,7,3,2,6,0,0,1,0,1,0,0,0,"13,3171601","52,50117208"
16695,137432,Berlin,2,2020,3,19,4,3,5,2,2,1,1,0,0,0,0,0,"13,38937697","52,49596341"
16696,137433,Berlin,4,2020,3,11,4,3,5,2,0,1,1,0,0,0,0,0,"13,27201904","52,50884519"
16697,137434,Berlin,4,2020,3,1,6,3,2,6,2,0,1,0,0,0,0,0,"13,29174014","52,49733738"
16698,137435,Berlin,2,2020,3,19,3,3,5,3,2,1,1,0,0,0,0,1,"13,39531634","52,49754387"