,id,city,district,year,month,hour,weekday,injury_level,collision,movement,light_conditions,bicycle,car,pedestrian,motorbike,truck,other_vehicle,road_conditions,longitude,latitude
16935,137672,Berlin,10,2020,3,2,5,3,4,7,2,1,0,0,0,0,0,0,"13,58716904","52,51146691"
16936,137673,Berlin,5,2020,3,13,1,3,5,3,0,1,1,0,0,0,0,0,"13,21460197","52,56328894"
16937,137674,Berlin,6,2020,3,17,5,3,5,3,0,0,1,0,0,0,0,0,"13,22978814","52,44249672"
16938,137675,Berlin,3,2020,3,19,4,3,6,4,2,0,1,1,0,0,0,0,"13,44001744","52,59166691"
16939,137676,Berlin,5,2020,3,15,6,3,5,3,0,0,1,0,0,0,0,0,"13,17939949","52,5338653"
16940,137677,Berlin,7,2020,3,8,3,3,5,2,0,0,1,0,0,0,0,0,"13,34741231","52,47059434"
16941,137678,Berlin,6,2020,3,11,4,3,1,1,0,0,1,0,1,0,1,0,"13,36052325","52,44224902"
16942,137679,Berlin,12,2020,3,5,5,3,2,6,1,0,1,0,0,0,0,0,"13,30791961","52,55656412"
16943,137680,Berlin,10,2020,3,11,2,2,1,5,0,0,1,0,0,0,0,1,"13,56572118","52,55622367"
16944,137681,Berlin,2,2020,3,19,7,3,1,7,2,0,1,0,0,0,1,0,"13,39128519","52,50192455"
16945,137682,Berlin,6,2020,3,10,2,3,2,1,0,1,0,0,0,1,0,0,"13,31091065","52,43073905"
16946,137683,Berlin,8,2020,4,17,5,3,5,3,0,0,0,0,1,0,0,0,"13,44740419","52,46424253"
16947,137684,Berlin,3,2020,4,18,4,3,5,3,1,1,1,0,0,0,0,0,"13,42761511","52,56046466"
16948,137685,Berlin,7,2020,4,17,6,3,5,2,0,1,1,0,0,0,0,0,"13,37798995","52,4662962"
16949,137686,Berlin,1,2020,4,19,5,3,6,4,2,0,1,1,0,0,0,0,"13,37825925","52,55038901"
16950,137687,Berlin,5,2020,4,16,4,2,5,2,0,1,0,0,0,1,0,0,"13,24757347","52,52452175"
16951,137688,Berlin,1,2020,4,15,6,3,0,7,0,1,0,0,0,0,0,0,"13,32461617","52,53685445"
16952,137689,Berlin,7,2020,4,19,5,3,2,7,0,0,0,0,1,0,1,0,"13,37260094","52,45957943"
16953,137690,Berlin,8,2020,4,17,1,3,3,6,0,1,1,0,0,0,0,0,"13,46528662","52,43340809"
16954,137691,Berlin,9,2020,4,16,4,3,3,6,0,1,0,0,0,0,1,0,"13,58224499","52,43770431"
16955,137692,Berlin,7,2020,4,18,5,2,6,7,0,0,0,1,0,0,1,0,"13,38916387","52,46573462"
16956,137693,Berlin,11,2020,4,16,4,3,5,7,0,0,1,0,0,0,1,0,"13,47924285","52,51630116"
16957,137694,Berlin,1,2020,4,9,5,2,3,6,0,0,1,0,0,0,0,0,"13,34806793","52,54123444"
16958,137695,Berlin,6,2020,4,17,5,3,2,6,0,0,1,0,0,0,0,0,"13,31548432","52,42481221"
16959,137696,Berlin,9,2020,4,15,4,3,5,2,0,1,1,0,0,0,0,0,"13,47859126","52,47750779"
16960,137697,Berlin,1,2020,4,9,5,3,5,7,0,1,0,0,0,0,1,0,"13,40898227","52,52830029"
16961,137698,Berlin,3,2020,4,22,3,3,2,7,2,0,1,0,1,0,0,0,"13,42737759","52,5457555"
16962,137699,Berlin,3,2020,4,13,5,3,5,2,0,0,1,0,0,0,0,0,"13,4057021","52,55126074"
16963,137700,Berlin,9,2020,4,15,1,3,5,3,0,1,1,0,0,0,0,0,"13,5616695","52,39149148"
16964,137701,Berlin,9,2020,4,9,5,3,6,2,0,0,1,1,0,0,0,0,"13,56964123","52,45281477"
16965,137702,Berlin,2,2020,4,18,5,3,5,2,0,0,1,0,1,0,0,0,"13,37665086","52,48503411"
16966,137703,Berlin,8,2020,4,16,1,2,0,1,0,0,0,0,1,0,0,0,"13,4254779","52,41647116"
16967,137704,Berlin,8,2020,4,18,5,3,2,6,0,0,1,0,0,0,0,0,"13,45332769","52,44542674"
16968,137705,Berlin,3,2020,4,14,5,3,0,2,0,1,0,0,0,0,1,0,"13,45023292","52,54605127"
16969,137706,Berlin,7,2020,4,15,4,3,1,5,0,1,1,0,0,0,0,0,"13,36152683","52,40157833"
16970,137707,Berlin,7,2020,4,17,5,2,0,1,0,1,0,0,0,0,0,0,"13,40036528","52,48370455"
16971,137708,Berlin,2,2020,4,16,5,3,5,2,0,1,1,0,0,0,0,0,"13,38235382","52,48984936"
16972,137709,Berlin,6,2020,4,15,4,3,2,6,0,0,1,0,0,0,0,0,"13,26218857","52,43792"
16973,137710,Berlin,2,2020,4,17,5,3,5,2,0,1,1,0,0,0,0,0,"13,41830565","52,498727"
16974,137711,Berlin,3,2020,4,16,3,3,5,2,0,1,1,0,0,0,0,0,"13,41067424","52,55938372"
16975,137712,Berlin,7,2020,4,16,5,3,2,7,0,1,1,0,0,0,0,0,"13,36640666","52,44946068"
16976,137713,Berlin,4,2020,4,18,7,2,5,3,0,0,1,0,0,0,0,0,"13,28146028","52,51155815"
16977,137714,Berlin,1,2020,4,15,5,2,5,2,0,1,1,0,0,0,0,0,"13,3425684","52,52541456"
16978,137715,Berlin,9,2020,4,15,5,3,5,2,0,0,1,0,0,0,0,0,"13,54707215","52,42669004"
16979,137716,Berlin,7,2020,4,13,4,3,5,2,0,0,1,0,1,0,0,0,"13,40131448","52,41450989"
16980,137717,Berlin,4,2020,4,16,6,3,5,2,0,1,1,0,0,0,0,0,"13,22318652","52,51018057"
16981,137718,Berlin,1,2020,4,15,5,3,5,3,0,0,1,0,0,0,0,0,"13,35637001","52,55538483"
16982,137719,Berlin,9,2020,4,10,4,3,0,2,0,1,0,0,0,0,1,0,"13,50924532","52,46351955"
16983,137720,Berlin,2,2020,4,17,6,3,2,6,0,0,1,0,1,0,0,0,"13,41533251","52,48796894"
16984,137721,Berlin,9,2020,4,13,4,3,5,2,0,0,1,0,1,0,0,0,"13,58014315","52,45824075"
16985,137722,Berlin,8,2020,4,15,5,3,6,4,0,0,1,1,0,0,0,0,"13,42669766","52,45690455"
16986,137723,Berlin,10,2020,4,12,4,3,0,1,0,0,0,0,1,0,0,0,"13,59180879","52,54040874"
16987,137724,Berlin,4,2020,4,15,5,3,5,2,0,0,1,0,0,0,0,0,"13,32624395","52,53802354"
16988,137725,Berlin,8,2020,4,13,5,3,0,2,0,0,0,0,1,1,0,0,"13,49532512","52,43164664"
16989,137726,Berlin,9,2020,4,10,4,3,6,2,0,0,1,1,0,0,0,0,"13,54809238","52,43794764"
16990,137727,Berlin,2,2020,4,13,5,3,2,6,0,0,1,0,1,0,0,0,"13,42427976","52,49907806"
16991,137728,Berlin,1,2020,4,13,3,3,2,6,0,0,1,0,0,0,0,0,"13,40397154","52,50811863"
16992,137729,Berlin,5,2020,4,12,5,3,5,2,0,0,1,0,0,0,0,0,"13,14113087","52,52747895"
16993,137730,Berlin,2,2020,4,12,5,3,2,6,0,0,1,0,0,0,0,0,"13,4547181","52,51581852"
16994,137731,Berlin,6,2020,4,17,4,3,3,6,0,1,0,0,0,0,1,0,"13,3432792","52,43963455"
16995,137732,Berlin,1,2020,4,10,4,3,5,3,0,1,1,0,0,0,0,0,"13,42566397","52,51842241"
16996,137733,Berlin,3,2020,4,14,6,3,1,5,0,1,1,0,0,0,0,0,"13,37192115","52,59009958"
16997,137734,Berlin,4,2020,4,17,4,3,6,4,0,1,0,1,0,0,0,0,"13,30487142","52,51419928"
16998,137735,Berlin,6,2020,4,18,4,3,1,5,0,1,1,0,0,0,0,0,"13,34377786","52,43890415"
16999,137736,Berlin,3,2020,4,15,6,3,5,2,0,1,1,0,0,0,0,0,"13,44568054","52,53467621"
17000,137737,Berlin,4,2020,4,22,4,3,0,1,2,1,0,0,0,0,0,0,"13,31307992","52,49130669"
17001,137738,Berlin,6,2020,4,9,1,2,5,3,0,0,1,0,1,0,0,0,"13,36177473","52,42545102"
17002,137739,Berlin,5,2020,4,9,4,3,6,2,0,0,1,1,0,0,0,0,"13,20466808","52,54413755"
17003,137740,Berlin,1,2020,4,20,4,3,3,3,2,0,1,0,1,0,0,0,"13,41779088","52,51800335"
17004,137741,Berlin,12,2020,4,18,4,2,0,1,0,0,0,0,0,0,1,0,"13,36881531","52,60202699"
17005,137742,Berlin,8,2020,4,14,2,2,5,2,0,1,0,0,0,0,0,0,"13,43516623","52,4364543"
17006,137743,Berlin,1,2020,4,17,4,3,5,2,0,1,1,0,0,0,0,0,"13,4149984","52,5157905"
17007,137744,Berlin,7,2020,4,16,4,3,2,6,0,0,1,0,0,1,1,0,"13,40454863","52,44910789"
17008,137745,Berlin,9,2020,4,10,4,3,1,5,0,0,1,0,0,0,0,0,"13,64181326","52,44776365"
17009,137746,Berlin,9,2020,4,16,4,3,0,7,0,1,0,0,0,0,0,0,"13,57542187","52,47435199"
17010,137747,Berlin,6,2020,4,9,6,3,4,2,0,0,1,0,0,0,1,0,"13,2248712","52,423437"
17011,137748,Berlin,8,2020,4,15,4,3,0,6,0,1,1,0,0,0,0,0,"13,46130935","52,46777851"
17012,137749,Berlin,12,2020,4,13,4,3,6,7,0,0,1,1,0,0,0,0,"13,32848181","52,56492827"
17013,137750,Berlin,8,2020,4,9,6,3,2,6,0,0,1,0,0,0,0,0,"13,43466842","52,44058129"
17014,137751,Berlin,10,2020,4,14,4,3,5,3,0,1,1,0,0,0,0,0,"13,55030169","52,52022072"
17015,137752,Berlin,1,2020,4,19,1,3,4,6,0,0,1,0,1,0,0,0,"13,33881434","52,56284406"
17016,137753,Berlin,10,2020,3,9,3,2,0,1,0,1,0,0,0,0,0,0,"13,56222556","52,51115196"
17017,137754,Berlin,9,2020,4,14,4,3,1,5,0,1,1,0,0,0,0,0,"13,54893454","52,43821854"
17018,137755,Berlin,12,2020,3,12,3,3,2,6,0,0,1,0,0,0,0,0,"13,35074356","52,5673693"
17019,137756,Berlin,12,2020,4,14,4,3,5,3,0,0,1,0,0,0,0,0,"13,33322569","52,57884274"
17020,137757,Berlin,4,2020,4,16,5,3,0,7,0,1,1,0,0,0,0,1,"13,26899616","52,51171418"
17021,137758,Berlin,12,2020,3,9,3,2,6,4,0,0,1,1,0,0,0,0,"13,35586281","52,59245141"
17022,137759,Berlin,4,2020,3,8,3,3,2,7,0,0,1,0,1,0,0,0,"13,26032919","52,48933134"
17023,137760,Berlin,11,2020,4,14,4,3,5,2,0,1,1,0,0,0,0,0,"13,48541508","52,54804693"
17024,137761,Berlin,6,2020,4,14,4,3,5,3,0,1,1,0,0,0,0,0,"13,17593867","52,4195496"
17025,137762,Berlin,10,2020,3,7,3,3,5,3,0,0,1,0,0,0,1,0,"13,56919322","52,56082356"
17026,137763,Berlin,4,2020,4,13,4,3,2,6,0,0,1,0,0,0,1,0,"13,28468049","52,51872943"
17027,137764,Berlin,9,2020,4,12,3,3,2,6,0,0,1,0,0,0,0,0,"13,5841797","52,4640401"
17028,137765,Berlin,12,2020,4,20,5,3,5,3,1,1,1,0,0,0,0,0,"13,32995185","52,59433113"
17029,137766,Berlin,2,2020,4,13,4,3,5,7,0,0,1,0,1,0,0,0,"13,44064342","52,51712885"
17030,137767,Berlin,8,2020,4,15,1,2,3,6,0,1,0,0,1,0,0,0,"13,45609389","52,48314813"
17031,137768,Berlin,5,2020,4,12,4,3,2,6,0,0,1,0,0,0,0,0,"13,15340297","52,55344523"
17032,137769,Berlin,3,2020,4,12,4,3,5,7,0,1,1,0,0,0,0,0,"13,47028654","52,56607301"
17033,137770,Berlin,11,2020,3,17,3,3,5,3,0,1,0,0,0,0,0,0,"13,49908906","52,5263797"
17034,137771,Berlin,1,2020,4,12,4,3,2,6,0,0,1,0,0,0,0,0,"13,36873782","52,55725895"
17035,137772,Berlin,1,2020,4,15,5,3,5,2,0,1,1,0,0,0,0,0,"13,35562643","52,51971912"
17036,137773,Berlin,3,2020,3,15,3,3,5,3,0,0,1,0,0,0,0,0,"13,4741088","52,60990074"
17037,137774,Berlin,4,2020,4,11,4,3,6,7,0,0,1,1,0,0,0,0,"13,32232711","52,48515928"
17038,137775,Berlin,3,2020,4,15,3,3,5,3,0,0,1,0,1,0,0,0,"13,48699112","52,6174727"
17039,137776,Berlin,11,2020,4,9,4,3,5,3,0,0,1,0,0,0,0,0,"13,50923618","52,54648295"
17040,137777,Berlin,4,2020,4,7,4,3,5,2,0,0,1,0,0,0,0,0,"13,30219774","52,48835807"
17041,137778,Berlin,1,2020,4,17,3,3,0,1,0,1,0,0,0,0,0,0,"13,37084928","52,51818682"
17042,137779,Berlin,1,2020,4,7,4,3,5,3,0,1,0,0,0,0,1,0,"13,40256047","52,51648842"
17043,137780,Berlin,9,2020,4,22,7,3,8,1,2,0,1,0,0,0,0,0,"13,56834395","52,46634603"
17044,137781,Berlin,11,2020,4,4,4,3,5,2,2,0,1,0,1,0,0,0,"13,4761631","52,53308785"
17045,137782,Berlin,2,2020,4,17,3,3,3,6,0,1,1,0,0,0,0,0,"13,42340729","52,51364102"
17046,137783,Berlin,10,2020,3,15,3,3,2,6,0,0,1,0,0,1,1,0,"13,53681128","52,53962332"
17047,137784,Berlin,9,2020,4,8,3,2,5,2,0,0,1,0,1,0,0,0,"13,58368563","52,46315687"
17048,137785,Berlin,5,2020,4,9,5,3,2,1,0,0,1,0,0,0,0,0,"13,1592923","52,52969804"
17049,137786,Berlin,1,2020,4,17,6,3,1,6,0,1,1,0,0,0,0,0,"13,41362746","52,52787531"
17050,137787,Berlin,4,2020,3,12,3,3,6,7,0,1,0,1,0,0,0,0,"13,27904405","52,5107787"
17051,137788,Berlin,11,2020,4,16,3,3,2,7,0,1,1,0,0,0,0,0,"13,51959004","52,50616655"
17052,137789,Berlin,1,2020,4,14,2,3,5,3,0,1,1,0,0,0,0,0,"13,42062758","52,51761466"
17053,137790,Berlin,5,2020,4,15,3,3,5,3,0,1,0,0,0,0,1,0,"13,17555597","52,51719009"
17054,137791,Berlin,12,2020,4,14,3,2,5,3,0,1,1,0,0,0,0,0,"13,32179065","52,56055976"
17055,137792,Berlin,12,2020,4,13,3,3,0,1,0,0,0,0,1,0,0,0,"13,35581709","52,60512998"
17056,137793,Berlin,6,2020,3,11,3,3,2,2,0,0,1,0,0,0,0,0,"13,34564265","52,4363493"
17057,137794,Berlin,1,2020,4,2,6,3,1,5,2,0,1,0,0,0,0,0,"13,38499711","52,55903943"
17058,137795,Berlin,4,2020,4,16,3,2,5,3,0,1,1,0,0,0,0,0,"13,31506314","52,54118102"
17059,137796,Berlin,8,2020,4,17,4,3,6,4,0,1,0,1,0,0,0,0,"13,43908724","52,48894589"
17060,137797,Berlin,1,2020,4,16,3,3,5,3,0,1,1,0,0,0,0,0,"13,37646559","52,51009415"
17061,137798,Berlin,8,2020,4,16,3,3,0,2,0,0,1,0,1,0,0,0,"13,44834945","52,42747207"
17062,137799,Berlin,6,2020,3,17,2,3,5,3,0,0,1,0,0,0,0,1,"13,3493664","52,43698879"
17063,137800,Berlin,6,2020,4,0,6,3,8,1,2,0,1,0,0,0,0,0,"13,25478307","52,44260035"
17064,137801,Berlin,7,2020,4,17,3,3,5,3,0,1,1,0,0,0,0,0,"13,37126865","52,43642931"
17065,137802,Berlin,8,2020,4,20,4,3,1,5,2,1,1,0,0,0,1,0,"13,42915738","52,47145671"
17066,137803,Berlin,2,2020,4,16,6,3,6,7,0,0,1,1,0,0,0,0,"13,44438585","52,50096873"
17067,137804,Berlin,6,2020,4,18,3,3,5,3,0,1,1,0,0,0,0,0,"13,33118479","52,42006681"
17068,137805,Berlin,10,2020,4,14,1,3,1,5,0,1,1,0,0,0,0,0,"13,57784971","52,49041158"
17069,137806,Berlin,9,2020,4,16,7,3,2,2,0,0,1,0,0,0,0,0,"13,48118871","52,44501105"
17070,137807,Berlin,11,2020,4,22,3,3,5,3,2,1,1,0,0,0,0,0,"13,52740404","52,5565237"
17071,137808,Berlin,12,2020,4,12,3,3,1,5,0,1,1,0,0,0,0,0,"13,22989651","52,62502522"
17072,137809,Berlin,2,2020,4,12,3,3,5,2,0,1,1,0,0,0,0,0,"13,38864926","52,499323"
17073,137810,Berlin,3,2020,3,13,2,3,5,3,0,1,1,0,0,0,0,1,"13,49786834","52,62836183"
17074,137811,Berlin,9,2020,4,17,5,3,2,6,0,0,1,0,0,0,0,0,"13,55290934","52,46850831"
17075,137812,Berlin,12,2020,4,12,3,3,0,7,0,0,1,0,0,0,1,0,"13,34530766","52,58134064"
17076,137813,Berlin,4,2020,4,12,4,3,5,2,0,0,1,0,1,0,0,0,"13,27796964","52,51835441"
17077,137814,Berlin,9,2020,4,13,5,2,2,6,0,0,1,0,1,0,0,0,"13,48941774","52,45092791"
17078,137815,Berlin,7,2020,4,14,7,3,6,4,0,0,1,1,0,0,0,0,"13,38331441","52,43592986"
17079,137816,Berlin,11,2020,4,11,3,3,5,3,0,0,1,0,0,0,0,0,"13,4855398","52,52318567"
17080,137817,Berlin,3,2020,4,17,1,3,3,6,0,1,0,0,0,0,0,0,"13,37591605","52,60512684"
17081,137818,Berlin,1,2020,4,14,6,3,5,2,0,1,1,0,0,0,0,0,"13,33649774","52,54211524"
17082,137819,Berlin,12,2020,4,13,7,3,6,4,0,0,1,1,0,0,0,0,"13,3367815","52,57110728"
17083,137820,Berlin,2,2020,4,11,3,3,0,3,0,0,1,0,1,0,0,0,"13,45928161","52,51240367"
17084,137821,Berlin,9,2020,4,20,1,2,0,7,2,0,0,0,1,0,0,1,"13,66194818","52,41197016"
17085,137822,Berlin,8,2020,3,11,2,2,0,7,0,1,0,0,0,0,0,0,"13,4426945","52,45485516"
17086,137823,Berlin,5,2020,4,10,3,3,5,3,0,0,1,0,1,0,0,0,"13,21723738","52,53769163"
17087,137824,Berlin,4,2020,3,11,2,2,8,1,0,0,1,0,0,0,0,0,"13,29482535","52,53953975"
17088,137825,Berlin,11,2020,4,10,3,3,9,1,0,0,1,0,0,0,0,0,"13,52334487","52,49761148"
17089,137826,Berlin,7,2020,4,17,5,3,0,3,0,0,1,0,1,0,0,0,"13,39142034","52,44756665"
17090,137827,Berlin,4,2020,4,9,3,2,6,4,0,1,0,1,0,0,0,0,"13,30939558","52,50755394"
17091,137828,Berlin,10,2020,3,9,2,3,5,2,0,1,1,0,0,0,0,0,"13,54492769","52,55350158"
17092,137829,Berlin,9,2020,4,9,3,3,1,5,0,1,1,0,0,0,0,0,"13,52912266","52,42261195"
17093,137830,Berlin,12,2020,4,7,3,2,5,3,0,0,1,0,0,0,0,0,"13,31693349","52,58825225"
17094,137831,Berlin,2,2020,4,13,7,2,5,2,0,0,1,0,1,0,0,0,"13,40664295","52,49842015"
17095,137832,Berlin,1,2020,4,16,2,3,3,6,0,1,1,0,0,1,0,0,"13,36070651","52,54543573"
17096,137833,Berlin,9,2020,4,15,1,2,5,2,0,1,1,0,0,0,0,0,"13,57052409","52,45186247"
17097,137834,Berlin,11,2020,4,13,2,3,0,1,0,0,0,0,1,0,0,1,"13,49973463","52,53427786"
17098,137835,Berlin,11,2020,4,13,2,3,5,3,0,1,1,0,0,0,0,0,"13,49214362","52,51632181"
17099,137836,Berlin,1,2020,3,9,2,2,0,1,0,0,0,0,1,0,0,0,"13,33354677","52,5329136"
17100,137837,Berlin,12,2020,4,13,2,2,6,4,0,1,0,1,0,0,0,0,"13,3250545","52,61665102"
17101,137838,Berlin,8,2020,4,14,5,2,5,7,0,0,1,0,1,0,0,0,"13,45135252","52,46516943"
17102,137839,Berlin,1,2020,4,12,2,3,5,2,0,1,1,0,0,0,0,0,"13,38860952","52,56137797"
17103,137840,Berlin,8,2020,4,11,2,3,0,6,0,0,1,0,0,0,1,0,"13,456524","52,43074469"
17104,137841,Berlin,6,2020,3,8,2,3,5,7,0,1,1,0,0,0,0,0,"13,32173652","52,4433718"
17105,137842,Berlin,12,2020,4,11,2,3,5,3,0,0,1,0,0,0,0,0,"13,28396386","52,57856694"
17106,137843,Berlin,12,2020,4,16,5,3,6,7,0,0,1,1,0,0,0,0,"13,33445897","52,58471655"
17107,137844,Berlin,7,2020,3,8,2,3,5,2,0,1,1,0,0,0,0,0,"13,41793665","52,39468884"
17108,137845,Berlin,2,2020,4,20,2,3,6,4,1,0,0,1,0,0,1,0,"13,4523221","52,52755745"
17109,137846,Berlin,6,2020,4,16,3,3,6,2,0,0,1,1,0,0,0,0,"13,31560692","52,4430883"
17110,137847,Berlin,12,2020,4,12,7,3,5,3,0,1,1,0,0,0,0,0,"13,32641166","52,60449413"
17111,137848,Berlin,10,2020,4,11,2,3,5,2,0,1,1,0,0,0,0,0,"13,52903774","52,52538429"
17112,137849,Berlin,7,2020,4,18,7,2,0,5,0,1,1,0,0,0,0,0,"13,34792258","52,46595048"
17113,137850,Berlin,5,2020,4,11,2,3,5,3,0,1,1,0,0,0,0,0,"13,17321363","52,54947845"
17114,137851,Berlin,5,2020,4,19,2,3,6,4,1,0,1,1,0,0,0,0,"13,22690681","52,55697405"
17115,137852,Berlin,7,2020,3,10,2,1,4,6,0,0,0,0,1,1,0,0,"13,40031949","52,460614"
17116,137853,Berlin,12,2020,4,8,5,3,0,3,0,1,0,0,0,0,1,0,"13,34706419","52,56693717"
17117,137854,Berlin,11,2020,4,11,2,3,5,2,0,0,1,0,0,0,0,0,"13,49862126","52,53827902"
17118,137855,Berlin,7,2020,4,7,5,3,6,4,0,0,1,1,0,0,0,0,"13,38100929","52,44521448"
17119,137856,Berlin,11,2020,4,16,6,3,5,3,0,1,1,0,0,0,0,0,"13,47676528","52,50491023"
17120,137857,Berlin,5,2020,3,17,1,3,1,5,0,1,1,0,0,0,0,0,"13,17988668","52,55308192"
17121,137858,Berlin,4,2020,4,10,2,3,6,2,0,0,1,1,0,0,0,0,"13,28065259","52,47744716"
17122,137859,Berlin,9,2020,4,9,2,3,0,7,0,0,1,0,1,0,0,1,"13,57527743","52,42430453"
17123,137860,Berlin,7,2020,3,0,1,3,5,2,2,0,1,0,0,0,0,0,"13,34627672","52,50107765"
17124,137861,Berlin,5,2020,4,10,2,3,1,5,0,0,1,0,1,0,0,0,"13,19352663","52,53312312"
17125,137862,Berlin,4,2020,4,15,3,3,2,6,0,0,1,0,0,0,0,0,"13,27008448","52,52848004"
17126,137863,Berlin,2,2020,4,6,2,3,5,2,0,0,1,0,1,0,0,0,"13,44456169","52,52414576"
17127,137864,Berlin,7,2020,4,18,2,3,5,2,1,0,1,0,1,0,0,0,"13,40229811","52,43969863"
17128,137865,Berlin,10,2020,4,18,2,3,5,3,0,1,1,0,0,0,0,0,"13,53670962","52,5480227"
17129,137866,Berlin,4,2020,3,11,7,3,0,1,0,1,0,0,0,0,0,0,"13,19708216","52,46875318"
17130,137867,Berlin,1,2020,4,17,5,3,2,6,0,0,1,0,1,0,0,0,"13,38048064","52,52984337"
17131,137868,Berlin,1,2020,4,2,2,3,8,1,2,0,1,0,0,0,0,0,"13,35360712","52,54542829"
17132,137869,Berlin,2,2020,4,19,4,2,5,3,1,0,1,0,0,0,0,0,"13,42387765","52,50228099"
17133,137870,Berlin,1,2020,4,15,6,3,2,6,0,0,1,0,1,0,0,0,"13,34221595","52,53948855"
17134,137871,Berlin,6,2020,4,11,7,3,0,2,0,1,1,0,0,0,0,0,"13,23244056","52,43769378"
17135,137872,Berlin,12,2020,4,18,2,3,5,7,0,0,1,0,1,0,0,0,"13,36112128","52,59694636"
17136,137873,Berlin,6,2020,4,10,1,3,1,5,0,1,1,0,0,0,0,0,"13,28164485","52,44019674"
17137,137874,Berlin,4,2020,4,9,7,3,5,3,0,0,1,0,0,0,0,0,"13,26628517","52,51305085"
17138,137875,Berlin,2,2020,4,2,2,2,5,3,2,1,1,0,0,0,0,0,"13,38737724","52,49285972"
17139,137876,Berlin,3,2020,4,17,2,3,2,6,0,0,1,0,0,0,0,0,"13,47680259","52,55118452"
17140,137877,Berlin,5,2020,4,16,2,3,0,6,0,0,1,0,0,0,1,0,"13,20965643","52,53838268"
17141,137878,Berlin,4,2020,4,17,2,3,5,7,0,1,1,0,0,0,0,0,"13,30438409","52,52886707"
17142,137879,Berlin,6,2020,4,15,2,3,1,5,0,0,1,0,0,0,0,0,"13,26631312","52,44317207"
17143,137880,Berlin,9,2020,4,15,2,3,5,2,0,1,0,0,0,1,0,0,"13,51352528","52,46478781"
17144,137881,Berlin,1,2020,3,13,7,3,0,2,0,0,0,0,1,0,1,0,"13,4097017","52,52260864"
17145,137882,Berlin,10,2020,4,11,5,3,2,2,0,0,1,0,0,0,1,0,"13,60148889","52,48250899"
17146,137883,Berlin,6,2020,4,14,2,3,8,1,0,0,1,0,0,0,0,0,"13,26080772","52,45026397"
17147,137884,Berlin,4,2020,4,15,4,3,5,2,0,0,1,0,0,0,0,0,"13,33239581","52,50626539"
17148,137885,Berlin,1,2020,4,19,6,3,5,3,0,1,1,0,0,0,0,0,"13,33552666","52,52733977"
17149,137886,Berlin,9,2020,4,13,2,2,5,2,0,0,1,0,1,0,0,0,"13,45470346","52,49419303"
17150,137887,Berlin,2,2020,4,19,1,3,5,3,1,0,1,0,1,0,0,0,"13,43271964","52,50237464"
17151,137888,Berlin,6,2020,3,15,7,2,5,3,0,1,1,0,0,0,0,0,"13,27075556","52,45077939"
17152,137889,Berlin,9,2020,4,17,1,3,3,6,0,1,1,0,0,0,0,0,"13,48221021","52,46066442"
17153,137890,Berlin,5,2020,3,16,7,3,5,3,0,1,0,0,0,0,0,0,"13,19758669","52,51691298"
17154,137891,Berlin,4,2020,4,14,1,3,5,3,0,1,0,0,1,0,0,0,"13,26576926","52,48346473"
17155,137892,Berlin,1,2020,4,17,5,3,5,2,0,1,1,0,0,0,0,0,"13,36317826","52,52454513"
17156,137893,Berlin,7,2020,3,18,7,3,1,5,0,0,1,0,0,0,0,0,"13,42070639","52,46107164"
17157,137894,Berlin,4,2020,4,14,1,3,0,3,0,0,1,0,1,0,0,0,"13,30999969","52,52575043"
17158,137895,Berlin,8,2020,4,18,3,3,5,3,0,1,1,0,0,0,0,0,"13,45316785","52,43983943"
17159,137896,Berlin,6,2020,4,7,7,3,0,1,0,0,0,0,1,0,0,0,"13,32639426","52,42775864"
17160,137897,Berlin,6,2020,3,18,7,2,0,6,1,1,0,0,0,0,1,0,"13,14315123","52,3985347"
17161,137898,Berlin,6,2020,4,13,1,3,5,2,0,1,1,0,0,0,0,0,"13,14052029","52,39651611"
17162,137899,Berlin,3,2020,4,11,3,3,6,2,0,0,1,1,0,0,0,0,"13,41301535","52,54528451"
17163,137900,Berlin,11,2020,4,8,5,3,6,4,0,0,1,1,0,0,0,0,"13,50945046","52,57544662"
17164,137901,Berlin,10,2020,4,12,1,3,1,3,0,1,1,0,0,0,1,0,"13,61535706","52,49757667"
17165,137902,Berlin,1,2020,4,15,1,3,0,1,0,1,0,0,0,0,0,0,"13,40233049","52,53103465"
17166,137903,Berlin,4,2020,4,12,1,3,2,6,0,0,1,0,0,0,0,0,"13,32610341","52,53838676"
17167,137904,Berlin,2,2020,4,19,1,3,0,1,1,1,0,0,0,0,0,0,"13,46864026","52,51101371"
17168,137905,Berlin,1,2020,3,12,7,3,1,5,0,0,1,0,0,0,0,0,"13,40335736","52,52696081"
17169,137906,Berlin,8,2020,4,19,1,3,5,7,1,1,1,0,0,0,0,0,"13,42984299","52,47009464"
17170,137907,Berlin,1,2020,4,15,5,3,5,2,0,0,1,0,0,0,0,0,"13,34998633","52,50301183"