,id,city,district,year,month,hour,weekday,injury_level,collision,movement,light_conditions,bicycle,car,pedestrian,motorbike,truck,other_vehicle,road_conditions,longitude,latitude
17171,137908,Berlin,12,2020,3,12,7,2,5,3,0,0,1,0,1,0,0,0,"13,36789343","52,56843653"
17172,137909,Berlin,8,2020,4,17,1,3,5,3,0,1,1,0,0,0,0,0,"13,43458523","52,47250038"
17173,137910,Berlin,1,2020,4,15,3,3,2,6,0,0,1,0,0,0,0,0,"13,35040861","52,54982265"
17174,137911,Berlin,2,2020,4,16,7,3,3,6,0,0,1,0,1,0,0,0,"13,4549354","52,51579739"
17175,137912,Berlin,12,2020,4,17,7,3,2,6,0,0,1,0,0,0,1,0,"13,31836335","52,56009478"
17176,137913,Berlin,12,2020,4,10,7,3,5,2,0,1,0,0,0,0,1,0,"13,32640716","52,59163878"
17177,137914,Berlin,9,2020,4,13,7,3,0,5,0,0,1,0,0,0,0,0,"13,59796022","52,43928622"
17178,137915,Berlin,8,2020,3,12,7,3,5,2,0,1,1,0,0,0,0,0,"13,4343115","52,44626466"
17179,137916,Berlin,12,2020,4,17,7,3,1,6,0,1,1,0,0,0,0,0,"13,3613258","52,57055368"
17180,137917,Berlin,1,2020,4,21,7,3,2,6,2,0,1,0,1,0,0,0,"13,37699724","52,55678703"
17181,137918,Berlin,11,2020,4,18,7,2,5,2,0,1,1,0,0,0,0,0,"13,47628991","52,53314391"
17182,137919,Berlin,3,2020,4,17,7,3,4,6,0,1,0,0,0,0,0,0,"13,45358742","52,52785363"
17183,137920,Berlin,6,2020,3,10,7,3,5,2,0,0,1,0,1,0,0,0,"13,3385662","52,45304402"
17184,137921,Berlin,12,2020,4,16,7,2,1,7,0,0,1,0,1,0,0,0,"13,33458108","52,5723752"
17185,137922,Berlin,9,2020,4,11,5,3,5,3,0,0,1,0,0,0,0,0,"13,57279511","52,46056445"
17186,137923,Berlin,4,2020,4,18,6,3,0,3,0,1,1,0,0,0,0,0,"13,28366945","52,50631371"
17187,137924,Berlin,12,2020,3,7,7,3,5,3,0,0,1,0,0,0,0,0,"13,31194095","52,56796583"
17188,137925,Berlin,2,2020,4,16,7,2,5,3,0,1,1,0,0,0,0,0,"13,43401517","52,5230253"
17189,137926,Berlin,4,2020,4,12,3,3,6,2,0,0,1,1,0,0,0,0,"13,28367445","52,5185352"
17190,137927,Berlin,6,2020,4,23,6,3,1,5,2,1,1,0,0,0,0,0,"13,33697305","52,43258914"
17191,137928,Berlin,9,2020,4,16,7,3,2,6,0,0,1,0,0,0,0,0,"13,51581134","52,4534187"
17192,137929,Berlin,2,2020,4,15,7,3,2,1,0,1,1,0,0,0,0,0,"13,45220181","52,51065676"
17193,137930,Berlin,11,2020,4,15,7,3,0,1,0,1,0,0,0,0,0,0,"13,52198388","52,50030512"
17194,137931,Berlin,8,2020,3,2,7,2,1,5,2,0,1,0,1,0,0,0,"13,46833757","52,44092131"
17195,137932,Berlin,10,2020,4,11,5,3,3,6,0,0,0,0,0,1,1,0,"13,6046183","52,53692936"
17196,137933,Berlin,2,2020,4,14,7,3,5,2,0,1,1,0,0,0,0,0,"13,42953093","52,52310162"
17197,137934,Berlin,4,2020,4,17,4,3,6,7,0,1,0,1,0,0,0,0,"13,31710939","52,50337368"
17198,137935,Berlin,7,2020,4,15,6,3,5,2,0,1,1,0,0,0,0,0,"13,36915965","52,48507115"
17199,137936,Berlin,4,2020,4,13,7,3,5,7,0,1,0,0,0,0,0,0,"13,25006007","52,49892905"
17200,137937,Berlin,7,2020,4,2,1,2,1,1,2,0,1,0,0,0,0,0,"13,38246321","52,43109028"
17201,137938,Berlin,10,2020,4,11,5,3,5,3,0,1,1,0,0,0,0,0,"13,6469633","52,52087011"
17202,137939,Berlin,5,2020,4,13,7,3,2,6,0,0,1,0,0,0,0,0,"13,18628174","52,51748022"
17203,137940,Berlin,5,2020,4,21,4,2,0,3,2,1,0,0,0,0,1,0,"13,18531341","52,5515766"
17204,137941,Berlin,4,2020,4,16,6,3,2,6,0,0,1,0,0,0,0,0,"13,29337383","52,49761538"
17205,137942,Berlin,2,2020,4,13,7,3,2,2,0,1,1,0,0,0,0,0,"13,43287981","52,51781551"
17206,137943,Berlin,9,2020,4,12,1,3,5,2,0,0,1,0,0,0,0,0,"13,4818512","52,48188694"
17207,137944,Berlin,9,2020,4,10,7,3,0,1,0,1,0,0,0,0,0,0,"13,69669974","52,43665276"
17208,137945,Berlin,6,2020,4,9,7,3,1,5,0,1,1,0,0,0,0,0,"13,35640954","52,42939632"
17209,137946,Berlin,8,2020,4,15,6,3,3,6,0,1,0,0,0,0,0,0,"13,44671923","52,48343739"
17210,137947,Berlin,6,2020,3,10,6,3,0,3,0,0,1,0,0,0,1,0,"13,3191022","52,45409674"
17211,137948,Berlin,6,2020,4,11,5,3,2,6,0,0,1,0,0,0,0,0,"13,3048265","52,43907579"
17212,137949,Berlin,2,2020,4,9,6,3,5,2,0,1,1,0,0,0,0,0,"13,38963143","52,492391"
17213,137950,Berlin,6,2020,4,13,4,2,5,2,0,0,1,0,0,0,0,0,"13,30961374","52,43127955"
17214,137951,Berlin,6,2020,4,11,5,3,0,3,0,1,0,0,0,0,1,0,"13,32700346","52,4572636"
17215,137952,Berlin,2,2020,4,21,6,3,5,3,2,1,1,0,0,0,0,0,"13,42359132","52,49042987"
17216,137953,Berlin,10,2020,4,18,1,3,5,2,0,0,1,0,0,0,0,0,"13,59162817","52,54495564"
17217,137954,Berlin,1,2020,4,11,6,3,6,7,0,0,0,1,0,0,1,0,"13,39543644","52,52031064"
17218,137955,Berlin,6,2020,3,10,6,3,0,6,0,0,1,0,0,0,1,0,"13,33114275","52,4294264"
17219,137956,Berlin,3,2020,3,9,6,3,0,5,0,1,1,0,0,0,0,0,"13,43103542","52,53232742"
17220,137957,Berlin,1,2020,4,11,6,3,1,5,0,1,1,0,0,0,0,0,"13,41037369","52,52497947"
17221,137958,Berlin,11,2020,3,7,6,3,5,2,0,0,1,0,0,0,0,0,"13,50350146","52,50968783"
17222,137959,Berlin,8,2020,4,10,6,3,5,3,0,1,1,0,0,0,0,0,"13,46162055","52,42173343"
17223,137960,Berlin,1,2020,4,18,5,3,5,3,0,0,1,0,0,0,1,0,"13,34653262","52,54756764"
17224,137961,Berlin,8,2020,4,21,6,3,5,3,2,0,1,0,0,0,0,0,"13,44025756","52,43841744"
17225,137962,Berlin,9,2020,3,15,6,3,7,7,0,1,0,0,0,0,0,0,"13,67613335","52,44575694"
17226,137963,Berlin,11,2020,4,9,6,3,6,4,0,0,1,1,0,0,0,0,"13,50806642","52,49925202"
17227,137964,Berlin,3,2020,4,8,3,3,2,6,0,0,1,0,0,0,0,0,"13,47962233","52,6438142"
17228,137965,Berlin,6,2020,4,20,5,3,5,3,2,0,1,0,0,0,0,0,"13,34917557","52,42210883"
17229,137966,Berlin,12,2020,4,9,6,3,5,3,0,0,1,0,0,0,0,0,"13,23031697","52,6247675"
17230,137967,Berlin,5,2020,4,15,1,3,5,3,0,1,0,1,0,0,0,0,"13,13851561","52,45227637"
17231,137968,Berlin,6,2020,4,8,6,3,6,4,0,0,1,1,0,0,0,0,"13,36199066","52,43471048"
17232,137969,Berlin,2,2020,4,18,6,3,6,4,0,1,0,1,0,0,0,0,"13,40615715","52,50492662"
17233,137970,Berlin,8,2020,3,13,6,3,2,6,0,0,1,0,0,0,0,0,"13,47135007","52,46597289"
17234,137971,Berlin,6,2020,4,15,6,2,5,3,0,1,1,0,0,0,0,0,"13,33089385","52,42733357"
17235,137972,Berlin,7,2020,4,14,5,3,5,3,0,0,1,0,0,0,0,0,"13,40319114","52,46343"
17236,137973,Berlin,12,2020,3,12,6,3,5,2,0,0,1,0,1,0,0,0,"13,31542814","52,57793495"
17237,137974,Berlin,5,2020,4,12,6,3,3,6,0,0,1,0,1,0,0,0,"13,20014753","52,53246875"
17238,137975,Berlin,4,2020,4,15,3,3,5,3,0,0,1,0,0,0,0,0,"13,3332116","52,48397568"
17239,137976,Berlin,9,2020,4,7,6,2,6,4,0,0,1,1,0,0,0,0,"13,48863176","52,46686545"
17240,137977,Berlin,1,2020,4,16,5,3,5,2,0,1,1,0,0,0,0,0,"13,34547567","52,54683049"
17241,137978,Berlin,2,2020,3,11,6,3,7,7,0,1,0,0,0,0,0,0,"13,40174715","52,50110166"
17242,137979,Berlin,3,2020,4,15,5,3,5,3,0,0,1,0,0,0,0,0,"13,45253422","52,53921057"
17243,137980,Berlin,3,2020,4,17,3,3,0,1,0,1,0,0,0,0,0,0,"13,42430887","52,55215904"
17244,137981,Berlin,2,2020,4,16,5,3,5,2,0,0,1,0,1,0,0,0,"13,42763351","52,5177597"
17245,137982,Berlin,8,2020,4,21,7,3,5,3,2,0,1,0,0,0,1,0,"13,49108581","52,42381372"
17246,137983,Berlin,1,2020,4,14,5,2,2,7,0,0,1,0,0,0,0,0,"13,34483193","52,55442596"
17247,137984,Berlin,1,2020,4,16,5,3,5,3,0,0,1,0,0,0,0,0,"13,40249392","52,53858706"
17248,137985,Berlin,10,2020,3,11,6,3,2,6,0,1,1,0,0,0,0,0,"13,56110276","52,50717497"
17249,137986,Berlin,3,2020,4,16,5,3,1,5,0,1,1,0,0,0,0,0,"13,47291733","52,5580837"
17250,137987,Berlin,12,2020,4,7,5,3,0,2,0,0,1,0,0,0,1,0,"13,32487655","52,60222879"
17251,137988,Berlin,1,2020,4,17,6,3,6,6,0,1,0,1,0,0,0,0,"13,4062731","52,53227092"
17252,137989,Berlin,1,2020,3,9,6,3,2,6,0,0,1,0,0,0,0,0,"13,38092932","52,55599227"
17253,137990,Berlin,11,2020,4,12,5,3,5,2,0,1,1,0,0,0,0,0,"13,4866082","52,50239184"
17254,137991,Berlin,11,2020,4,10,2,3,5,3,0,0,1,0,0,0,0,0,"13,52430834","52,49581502"
17255,137992,Berlin,6,2020,4,18,5,3,5,3,0,0,1,0,0,0,0,0,"13,36725636","52,42685699"
17256,137993,Berlin,7,2020,4,17,5,3,5,2,0,1,1,0,0,0,0,0,"13,36690385","52,44965738"
17257,137994,Berlin,7,2020,4,17,5,3,1,5,0,1,1,0,0,0,0,0,"13,38501466","52,47216457"
17258,137995,Berlin,1,2020,4,17,5,3,5,2,0,1,1,0,0,0,0,0,"13,37549316","52,54242286"
17259,137996,Berlin,12,2020,4,16,5,3,9,1,0,0,1,0,0,0,0,0,"13,34513818","52,56679308"
17260,137997,Berlin,5,2020,3,9,6,2,5,3,0,1,1,0,0,0,0,0,"13,20789352","52,56013009"
17261,137998,Berlin,9,2020,4,10,5,3,6,4,0,1,0,1,0,0,0,0,"13,51135136","52,44924607"
17262,137999,Berlin,4,2020,4,9,5,3,5,3,0,0,1,0,0,0,0,0,"13,32201842","52,48429847"
17263,138000,Berlin,9,2020,4,19,4,2,5,2,0,1,1,0,0,0,0,0,"13,5209332","52,46087501"
17264,138001,Berlin,9,2020,4,16,6,3,2,6,0,0,1,0,0,0,0,0,"13,48972841","52,46778705"
17265,138002,Berlin,1,2020,4,19,6,3,5,3,0,1,1,0,0,0,0,0,"13,37938546","52,54019244"
17266,138003,Berlin,7,2020,4,7,5,3,0,3,0,1,0,0,0,0,1,0,"13,35568019","52,4132246"
17267,138004,Berlin,3,2020,4,12,1,2,0,7,0,1,0,0,0,0,0,0,"13,38101097","52,63300851"
17268,138005,Berlin,1,2020,4,18,6,3,0,7,0,1,0,0,0,0,0,0,"13,36348829","52,55661586"
17269,138006,Berlin,1,2020,4,16,4,2,6,4,0,0,1,1,0,0,0,0,"13,37479544","52,5480583"
17270,138007,Berlin,9,2020,4,16,4,3,0,6,0,1,0,0,0,0,0,0,"13,56394989","52,44576441"
17271,138008,Berlin,8,2020,4,20,4,3,5,3,2,0,1,0,0,0,1,0,"13,45282567","52,44551119"
17272,138009,Berlin,9,2020,3,21,5,3,0,1,2,1,0,0,0,0,0,0,"13,53919857","52,45762627"
17273,138010,Berlin,7,2020,4,14,3,3,2,5,0,0,1,0,0,0,0,0,"13,35957014","52,4191803"
17274,138011,Berlin,11,2020,4,17,7,3,5,3,0,0,1,0,0,0,0,0,"13,48411878","52,50856949"
17275,138012,Berlin,11,2020,4,13,5,3,2,6,0,0,1,0,1,0,0,0,"13,50473705","52,5629916"
17276,138013,Berlin,3,2020,4,18,1,3,5,3,0,1,0,0,0,0,0,0,"13,45580992","52,52865661"
17277,138014,Berlin,1,2020,4,7,4,3,1,5,0,1,1,0,0,0,0,0,"13,35004241","52,54786691"
17278,138015,Berlin,1,2020,4,19,7,3,5,2,0,0,1,0,0,0,0,0,"13,34962404","52,50309131"
17279,138016,Berlin,4,2020,4,15,5,3,5,3,0,1,1,0,0,0,0,0,"13,32224146","52,49566311"
17280,138017,Berlin,8,2020,4,20,3,3,4,7,0,0,1,0,1,0,0,1,"13,4227056","52,47685616"
17281,138018,Berlin,3,2020,4,19,7,3,0,1,0,0,0,0,1,0,0,0,"13,45783755","52,60309937"
17282,138019,Berlin,1,2020,4,15,5,3,3,6,0,1,0,0,0,0,0,0,"13,39811337","52,53496078"
17283,138020,Berlin,8,2020,4,11,2,3,0,3,0,1,0,0,0,0,1,0,"13,43022853","52,42150062"
17284,138021,Berlin,1,2020,4,15,4,3,0,5,0,0,1,0,1,0,0,0,"13,37575604","52,55070549"
17285,138022,Berlin,12,2020,4,11,4,2,6,2,0,0,1,1,0,0,0,0,"13,34285347","52,56332578"
17286,138023,Berlin,4,2020,4,21,2,3,0,1,2,1,1,0,0,0,0,0,"13,33304772","52,49142571"
17287,138024,Berlin,1,2020,4,22,4,3,5,3,2,0,1,0,0,0,0,0,"13,39036878","52,50763273"
17288,138025,Berlin,2,2020,4,18,1,3,5,2,0,1,1,0,0,0,0,0,"13,43800143","52,50020259"
17289,138026,Berlin,1,2020,4,14,7,3,2,2,0,1,1,0,0,0,0,0,"13,36402246","52,5435523"
17290,138027,Berlin,5,2020,4,21,4,3,5,2,2,0,1,0,0,0,0,0,"13,20303865","52,54084419"
17291,138028,Berlin,2,2020,4,11,6,3,2,6,0,0,1,0,1,0,0,0,"13,40938837","52,50191872"
17292,138029,Berlin,4,2020,4,14,3,3,5,3,0,0,1,0,0,0,0,0,"13,3037408","52,52560382"
17293,138030,Berlin,4,2020,4,8,5,3,1,5,0,1,1,0,0,0,0,0,"13,33079103","52,50540258"
17294,138031,Berlin,3,2020,4,12,5,3,5,2,0,1,1,0,0,0,0,0,"13,38033385","52,63410756"
17295,138032,Berlin,8,2020,4,14,2,3,3,6,0,1,1,0,0,0,0,0,"13,43888381","52,4822184"
17296,138033,Berlin,8,2020,4,22,4,3,5,3,2,0,1,0,0,0,1,1,"13,44753744","52,47605918"
17297,138034,Berlin,8,2020,4,12,5,3,5,3,0,0,1,0,1,0,0,0,"13,4332289","52,44490298"
17298,138035,Berlin,12,2020,4,14,5,3,2,6,0,0,1,0,1,0,0,0,"13,34345393","52,58889954"
17299,138036,Berlin,4,2020,4,15,2,3,0,3,0,0,1,0,0,0,1,0,"13,29957432","52,49402069"
17300,138037,Berlin,4,2020,4,18,4,3,5,2,0,1,1,0,0,0,0,1,"13,29100467","52,50665314"
17301,138038,Berlin,4,2020,4,16,2,3,5,2,0,1,1,0,0,0,0,0,"13,2792476","52,52449428"
17302,138039,Berlin,10,2020,4,20,4,3,5,3,0,1,1,0,0,0,0,0,"13,52000218","52,53259923"
17303,138040,Berlin,8,2020,4,17,1,2,5,3,0,0,1,0,1,0,0,0,"13,44277903","52,46509825"
17304,138041,Berlin,5,2020,4,16,7,3,0,3,0,1,0,0,0,0,1,0,"13,1829252","52,51843434"
17305,138042,Berlin,1,2020,4,20,4,3,2,6,0,0,1,0,0,0,0,0,"13,34839182","52,54877213"
17306,138043,Berlin,7,2020,4,12,6,3,5,2,0,1,0,0,0,1,0,0,"13,38569325","52,44556151"
17307,138044,Berlin,7,2020,4,18,2,3,0,1,0,1,0,0,0,0,0,0,"13,37074513","52,49044217"
17308,138045,Berlin,5,2020,4,18,5,3,6,4,0,0,1,1,0,0,0,0,"13,19123136","52,53636618"
17309,138046,Berlin,4,2020,4,14,2,3,2,6,0,1,1,0,0,0,0,0,"13,29154737","52,51095522"
17310,138047,Berlin,9,2020,4,9,4,3,0,5,0,1,1,0,0,0,0,0,"13,58474619","52,43121653"
17311,138048,Berlin,4,2020,4,14,2,3,5,2,0,1,1,0,0,0,0,0,"13,32018736","52,48358426"
17312,138049,Berlin,8,2020,4,19,4,3,5,3,0,0,1,0,0,0,0,0,"13,44890995","52,48509593"
17313,138050,Berlin,5,2020,4,14,7,3,2,6,0,0,1,0,1,0,0,0,"13,20921859","52,56541566"
17314,138051,Berlin,5,2020,4,13,5,3,1,5,0,0,1,0,0,0,0,0,"13,13741233","52,45228812"
17315,138052,Berlin,1,2020,4,0,3,3,9,1,2,0,1,0,0,0,0,0,"13,39356571","52,54105729"
17316,138053,Berlin,4,2020,4,13,7,3,3,6,0,0,1,0,0,0,0,0,"13,28617509","52,51877981"
17317,138054,Berlin,11,2020,4,19,4,3,5,7,0,0,1,0,1,0,0,0,"13,49700146","52,50787878"
17318,138055,Berlin,11,2020,4,15,2,3,5,3,0,0,1,0,0,0,0,0,"13,52069595","52,5687538"
17319,138056,Berlin,10,2020,4,19,4,3,2,6,0,1,1,0,0,0,0,0,"13,60337302","52,53037139"
17320,138057,Berlin,7,2020,4,13,7,3,3,6,0,1,1,0,0,0,0,0,"13,39209894","52,43984164"
17321,138058,Berlin,4,2020,4,7,4,3,5,2,0,0,1,0,1,0,0,0,"13,34026326","52,50392089"
17322,138059,Berlin,6,2020,4,20,7,2,1,6,2,0,1,0,0,0,1,0,"13,34871539","52,45767187"
17323,138060,Berlin,1,2020,4,19,4,3,0,1,0,1,0,0,0,0,0,0,"13,39263048","52,53205613"
17324,138061,Berlin,6,2020,4,17,6,3,6,7,0,1,0,1,0,0,0,0,"13,36091773","52,42187197"
17325,138062,Berlin,2,2020,4,18,2,3,0,1,0,1,0,0,0,0,0,0,"13,42196317","52,49302309"
17326,138063,Berlin,8,2020,4,16,5,3,5,3,0,1,1,0,0,0,0,0,"13,42917418","52,48827004"
17327,138064,Berlin,5,2020,4,8,2,2,5,7,0,1,1,0,0,0,0,0,"13,17193158","52,55001835"
17328,138065,Berlin,1,2020,4,15,4,2,5,2,0,1,1,0,0,0,0,0,"13,40707253","52,51835767"
17329,138066,Berlin,2,2020,4,17,1,3,0,7,0,1,0,1,0,0,0,0,"13,46854574","52,5025098"
17330,138067,Berlin,5,2020,4,18,4,2,5,2,0,1,1,0,0,0,0,0,"13,21123914","52,52735653"
17331,138068,Berlin,4,2020,4,19,7,3,0,7,1,1,1,0,0,0,0,0,"13,29523152","52,4960726"
17332,138069,Berlin,12,2020,4,19,5,3,0,1,1,1,0,0,0,0,0,0,"13,29663444","52,5771964"
17333,138070,Berlin,12,2020,4,9,3,3,5,2,0,0,1,0,0,0,0,0,"13,32965771","52,6020069"
17334,138071,Berlin,3,2020,4,13,7,2,0,1,0,1,0,0,0,0,0,0,"13,44002264","52,56741328"
17335,138072,Berlin,4,2020,4,12,6,1,6,2,0,0,0,1,0,1,0,0,"13,27992628","52,51846591"
17336,138073,Berlin,9,2020,4,15,2,2,1,5,0,1,1,0,0,0,0,0,"13,54770652","52,43540202"
17337,138074,Berlin,8,2020,4,18,4,3,5,3,0,0,1,0,0,0,0,0,"13,44741763","52,4378354"
17338,138075,Berlin,3,2020,4,17,4,3,0,2,0,1,1,0,0,0,0,1,"13,4496563","52,53720283"
17339,138076,Berlin,10,2020,4,19,3,3,2,6,0,0,1,0,1,0,0,0,"13,5601329","52,48415611"
17340,138077,Berlin,5,2020,4,17,6,3,5,2,0,1,1,0,0,0,0,0,"13,20921845","52,56541541"
17341,138078,Berlin,12,2020,4,17,2,3,5,3,0,0,1,0,1,0,0,0,"13,30121759","52,59951904"
17342,138079,Berlin,10,2020,4,11,4,3,5,3,0,1,1,0,0,0,0,0,"13,54742963","52,50877781"
17343,138080,Berlin,4,2020,4,8,3,3,5,2,0,1,1,0,0,0,0,0,"13,30000181","52,49755873"
17344,138081,Berlin,9,2020,4,12,2,3,5,2,0,1,1,0,0,0,0,0,"13,48973983","52,46779508"
17345,138082,Berlin,9,2020,4,12,4,3,5,2,0,1,1,0,0,0,0,0,"13,55542715","52,43314361"
17346,138083,Berlin,12,2020,4,16,1,3,0,1,0,0,0,0,1,0,0,0,"13,33590345","52,58560071"
17347,138084,Berlin,1,2020,4,18,4,2,3,6,0,0,1,0,1,0,0,0,"13,32933685","52,52386245"
17348,138085,Berlin,3,2020,4,11,7,3,6,2,0,0,1,1,0,0,0,0,"13,44125587","52,5434413"
17349,138086,Berlin,9,2020,4,18,5,2,0,1,0,1,0,0,0,0,0,0,"13,52326811","52,45989909"
17350,138087,Berlin,8,2020,4,18,3,3,3,6,0,1,1,0,0,0,0,0,"13,4544564","52,47453301"
17351,138088,Berlin,1,2020,4,13,7,3,5,7,0,0,1,0,0,0,1,0,"13,34650317","52,5475888"
17352,138089,Berlin,3,2020,4,14,5,2,5,3,0,1,1,0,0,0,0,0,"13,44686714","52,56841633"
17353,138090,Berlin,2,2020,4,9,5,3,2,6,0,1,1,0,0,0,0,0,"13,37664288","52,48745495"
17354,138091,Berlin,1,2020,4,11,2,3,6,4,0,0,1,1,0,0,0,0,"13,36926823","52,550447"
17355,138092,Berlin,4,2020,4,17,4,3,5,7,0,0,1,0,0,0,1,0,"13,31513248","52,49431045"
17356,138093,Berlin,9,2020,4,17,4,3,5,3,0,0,1,0,0,0,0,1,"13,50469736","52,46807517"
17357,138094,Berlin,3,2020,4,17,2,3,5,2,0,1,1,0,0,0,0,0,"13,42859671","52,58307969"
17358,138095,Berlin,1,2020,4,18,4,2,6,2,0,0,1,1,0,0,0,0,"13,38642775","52,54949229"
17359,138096,Berlin,3,2020,4,12,1,3,5,3,0,0,1,0,0,0,0,0,"13,4740271","52,60997505"
17360,138097,Berlin,2,2020,4,0,7,3,5,3,2,1,1,0,0,0,0,0,"13,396056","52,49837942"
17361,138098,Berlin,2,2020,4,17,4,3,3,6,0,1,0,0,0,0,0,0,"13,39687898","52,49093328"
17362,138099,Berlin,12,2020,4,13,6,3,5,5,0,0,1,0,1,0,0,0,"13,37194995","52,57473146"
17363,138100,Berlin,8,2020,4,17,4,3,1,5,0,1,1,0,0,0,0,0,"13,44890129","52,47057382"
17364,138101,Berlin,6,2020,4,19,1,3,5,3,0,1,1,0,0,0,0,0,"13,22675796","52,43958194"
17365,138102,Berlin,4,2020,4,13,1,2,2,7,0,0,1,0,1,0,0,0,"13,28490139","52,48448644"
17366,138103,Berlin,3,2020,4,17,4,3,6,2,0,0,1,1,0,0,0,0,"13,42404401","52,55291638"
17367,138104,Berlin,11,2020,4,21,6,3,5,2,2,0,1,0,0,0,0,0,"13,48548705","52,52316817"
17368,138105,Berlin,5,2020,4,15,3,3,5,3,0,1,1,0,0,0,0,0,"13,21356128","52,53858642"
17369,138106,Berlin,7,2020,4,11,7,3,5,2,0,1,1,0,0,0,0,0,"13,32086137","52,47256437"
17370,138107,Berlin,1,2020,4,10,5,3,2,6,0,0,1,0,0,1,0,0,"13,389463","52,56221246"
17371,138108,Berlin,2,2020,4,14,5,3,5,3,0,1,0,0,0,0,1,0,"13,40586629","52,49348495"
17372,138109,Berlin,1,2020,4,10,2,3,6,2,0,0,0,1,0,0,1,0,"13,3492359","52,5421351"
17373,138110,Berlin,3,2020,4,18,4,3,0,1,0,1,0,0,0,0,0,0,"13,42286008","52,58000789"
17374,138111,Berlin,5,2020,4,15,2,3,0,5,0,0,1,0,0,0,0,0,"13,17191559","52,52005878"
17375,138112,Berlin,1,2020,4,17,4,3,2,7,0,1,1,0,0,0,0,0,"13,35959054","52,54625465"
17376,138113,Berlin,4,2020,4,17,1,2,5,2,0,0,0,0,1,0,0,0,"13,21817542","52,50874073"
17377,138114,Berlin,1,2020,4,16,7,2,0,1,0,1,0,0,0,0,0,0,"13,40684737","52,52552414"
17378,138115,Berlin,2,2020,4,16,4,3,5,3,0,0,1,0,0,0,0,0,"13,38788102","52,49300247"
17379,138116,Berlin,3,2020,4,11,6,3,5,2,0,1,1,0,0,0,0,0,"13,4776133","52,55573891"
17380,138117,Berlin,3,2020,4,21,2,3,5,3,2,0,1,0,0,0,0,0,"13,38213213","52,59864907"
17381,138118,Berlin,6,2020,4,17,5,2,6,4,0,0,1,1,0,0,0,0,"13,31289114","52,42269956"
17382,138119,Berlin,7,2020,4,13,3,3,1,5,0,0,1,0,0,0,0,0,"13,35209961","52,41389958"
17383,138120,Berlin,1,2020,4,0,5,3,5,3,2,0,1,0,0,0,1,0,"13,3439497","52,54643594"
17384,138121,Berlin,4,2020,4,12,5,3,5,2,0,1,1,0,0,0,0,0,"13,26768945","52,51231865"
17385,138122,Berlin,3,2020,4,13,2,3,5,2,0,1,1,0,0,0,0,0,"13,45411606","52,52649755"
17386,138123,Berlin,2,2020,4,17,4,3,5,3,0,1,1,0,0,0,0,1,"13,43042118","52,49920639"
17387,138124,Berlin,9,2020,4,7,2,3,4,6,0,0,1,0,0,0,0,0,"13,52270343","52,46014426"
17388,138125,Berlin,2,2020,4,16,4,3,5,3,0,1,1,0,0,0,0,0,"13,39499278","52,50314614"
17389,138126,Berlin,2,2020,4,16,7,3,2,6,0,1,1,0,0,0,0,0,"13,468368","52,50698322"
17390,138127,Berlin,7,2020,4,6,4,2,1,5,0,1,1,0,0,0,0,1,"13,37937413","52,45145045"
17391,138128,Berlin,2,2020,4,10,7,3,5,2,0,1,1,0,0,0,0,0,"13,38353891","52,49352495"
17392,138129,Berlin,1,2020,4,17,4,3,5,3,0,1,1,0,0,0,0,0,"13,39107771","52,53624551"
17393,138130,Berlin,4,2020,4,19,6,3,5,3,1,1,1,0,0,0,0,0,"13,27592283","52,51862503"
17394,138131,Berlin,8,2020,4,18,2,3,5,3,0,0,1,0,0,0,0,0,"13,50798708","52,40361298"
17395,138132,Berlin,7,2020,4,16,5,3,5,7,0,0,1,0,0,0,0,0,"13,34508337","52,49133443"
17396,138133,Berlin,4,2020,4,12,2,3,5,3,0,1,1,0,0,0,0,0,"13,30378028","52,49931222"
17397,138134,Berlin,10,2020,4,14,4,3,5,3,0,0,1,0,0,0,0,0,"13,61990866","52,51225478"
17398,138135,Berlin,2,2020,4,18,1,3,3,6,0,0,1,0,1,0,0,0,"13,4705787","52,50649048"
17399,138136,Berlin,5,2020,4,16,4,3,5,2,0,1,1,0,0,0,0,0,"13,19452059","52,53364301"
17400,138137,Berlin,5,2020,4,12,7,2,5,3,0,0,1,0,0,0,0,0,"13,16590482","52,52612497"
17401,138138,Berlin,6,2020,4,14,5,3,2,6,0,0,1,0,0,0,0,0,"13,34418017","52,43833038"
17402,138139,Berlin,5,2020,4,8,2,3,5,3,0,1,1,0,0,0,0,0,"13,16107956","52,52530405"
17403,138140,Berlin,4,2020,4,15,4,3,5,2,0,0,1,0,0,0,1,0,"13,28238668","52,53379804"
17404,138141,Berlin,10,2020,4,19,2,2,5,3,0,0,1,0,1,0,0,0,"13,53850139","52,5542785"
17405,138142,Berlin,7,2020,4,15,4,3,5,2,0,1,1,0,0,0,0,0,"13,34498633","52,48458882"
17406,138143,Berlin,1,2020,4,14,7,3,5,7,0,1,1,0,0,0,0,0,"13,40184718","52,53046799"