,id,city,district,year,month,hour,weekday,injury_level,collision,movement,light_conditions,bicycle,car,pedestrian,motorbike,truck,other_vehicle,road_conditions,longitude,latitude
17407,138144,Berlin,11,2020,4,11,5,3,5,3,0,0,1,0,0,0,0,0,"13,49764672","52,5055014"
17408,138145,Berlin,1,2020,4,11,3,3,6,4,0,1,0,1,0,0,0,0,"13,370721","52,54537057"
17409,138146,Berlin,6,2020,4,16,6,3,5,2,0,1,1,0,0,0,0,0,"13,33892911","52,4645731"
17410,138147,Berlin,1,2020,4,17,6,3,1,5,0,1,1,0,0,0,0,0,"13,37298879","52,53824175"
17411,138148,Berlin,1,2020,4,16,2,1,6,4,0,0,1,1,0,0,0,0,"13,35716416","52,52353856"
17412,138149,Berlin,2,2020,4,19,4,3,0,3,0,0,1,0,1,0,0,1,"13,39769231","52,49523568"
17413,138150,Berlin,6,2020,4,16,5,2,5,2,0,1,1,0,0,0,0,0,"13,26732015","52,40896463"
17414,138151,Berlin,6,2020,4,8,3,3,5,3,0,0,1,0,0,0,0,0,"13,35184693","52,41845116"
17415,138152,Berlin,5,2020,4,11,1,3,5,3,0,1,1,0,0,0,0,0,"13,19454869","52,54568693"
17416,138153,Berlin,7,2020,4,17,1,3,5,3,0,1,1,0,0,0,0,0,"13,4029919","52,41190225"
17417,138154,Berlin,12,2020,4,16,4,3,5,3,0,0,1,0,0,0,0,0,"13,31127729","52,56986143"
17418,138155,Berlin,10,2020,4,7,7,2,5,2,0,0,1,0,0,0,0,0,"13,60351045","52,54667384"
17419,138156,Berlin,6,2020,4,10,5,2,1,5,0,0,1,0,1,0,0,0,"13,33119233","52,4268869"
17420,138157,Berlin,3,2020,4,16,3,3,6,4,0,1,0,1,0,0,0,0,"13,44782147","52,56633861"
17421,138158,Berlin,5,2020,4,13,6,2,5,2,0,0,1,0,1,0,0,0,"13,12444454","52,5288847"
17422,138159,Berlin,1,2020,4,13,5,2,5,3,0,1,1,0,0,0,0,1,"13,35275597","52,52822149"
17423,138160,Berlin,6,2020,4,16,5,3,3,6,0,0,1,0,0,0,0,0,"13,31106719","52,42090677"
17424,138161,Berlin,6,2020,4,14,5,3,1,1,0,0,1,0,0,0,0,0,"13,33070782","52,45818253"
17425,138162,Berlin,6,2020,4,10,2,3,5,3,0,0,1,0,1,0,0,0,"13,31297138","52,45275482"
17426,138163,Berlin,9,2020,4,20,3,3,0,1,2,1,0,0,0,0,0,1,"13,51897241","52,46132402"
17427,138164,Berlin,11,2020,4,13,6,3,5,3,0,0,1,0,0,0,0,0,"13,53545256","52,56131177"
17428,138165,Berlin,11,2020,4,16,5,3,0,4,0,1,0,1,0,0,0,0,"13,46885485","52,53159445"
17429,138166,Berlin,8,2020,4,18,6,3,2,6,0,0,1,0,0,0,0,0,"13,42516754","52,48045292"
17430,138167,Berlin,2,2020,4,15,2,2,5,3,0,0,1,0,0,0,0,0,"13,42268231","52,50042777"
17431,138168,Berlin,8,2020,4,15,4,2,1,5,0,0,1,0,0,0,0,0,"13,43413963","52,49073563"
17432,138169,Berlin,6,2020,4,17,4,3,2,2,0,0,1,0,1,0,0,1,"13,31566716","52,44313312"
17433,138170,Berlin,10,2020,4,13,2,3,0,7,0,1,0,0,0,0,0,0,"13,61278291","52,50793268"
17434,138171,Berlin,2,2020,4,15,4,3,5,3,0,1,1,0,0,0,0,0,"13,38792265","52,49299481"
17435,138172,Berlin,1,2020,4,18,1,2,5,2,0,0,1,0,1,0,0,0,"13,40114851","52,5091664"
17436,138173,Berlin,11,2020,4,18,7,3,2,6,0,0,1,0,1,0,0,0,"13,47322131","52,50180902"
17437,138174,Berlin,11,2020,4,14,4,3,2,6,0,0,1,0,0,0,0,0,"13,52139628","52,50126225"
17438,138175,Berlin,4,2020,4,14,6,2,1,5,0,1,1,0,0,0,0,0,"13,2865793","52,4976285"
17439,138176,Berlin,1,2020,4,14,3,3,2,6,0,1,0,0,0,0,0,0,"13,35211325","52,55892655"
17440,138177,Berlin,2,2020,4,8,5,2,5,2,0,1,0,0,0,0,1,0,"13,3866186","52,49007828"
17441,138178,Berlin,1,2020,4,19,5,3,6,4,0,0,1,1,0,0,0,0,"13,39050612","52,54450345"
17442,138179,Berlin,7,2020,4,13,5,3,5,2,0,0,1,0,1,0,0,0,"13,37581084","52,45770856"
17443,138180,Berlin,1,2020,4,10,2,3,5,3,0,0,1,0,0,0,0,0,"13,34941835","52,54211552"
17444,138181,Berlin,9,2020,4,22,4,2,9,1,2,0,1,0,0,0,0,1,"13,49209755","52,45804357"
17445,138182,Berlin,6,2020,4,8,2,3,3,6,0,1,0,0,0,0,1,0,"13,25983959","52,42931655"
17446,138183,Berlin,8,2020,4,14,4,3,1,5,0,1,1,0,0,0,0,0,"13,42497556","52,48112107"
17447,138184,Berlin,8,2020,4,15,7,3,1,5,0,1,1,0,0,0,0,0,"13,42730059","52,4934435"
17448,138185,Berlin,3,2020,4,18,4,3,0,5,0,1,1,0,0,0,0,0,"13,42086333","52,57538987"
17449,138186,Berlin,1,2020,4,16,2,3,1,5,0,1,1,0,0,0,0,0,"13,35672257","52,54337731"
17450,138187,Berlin,11,2020,4,13,4,2,8,1,0,0,0,0,1,0,0,0,"13,46951188","52,53163661"
17451,138188,Berlin,7,2020,4,1,1,3,0,1,2,0,0,0,1,0,0,0,"13,37983043","52,4815595"
17452,138189,Berlin,3,2020,4,17,7,3,5,2,0,1,1,0,0,0,0,0,"13,37551805","52,58130724"
17453,138190,Berlin,8,2020,4,13,4,3,0,3,0,0,1,0,1,0,0,0,"13,44702507","52,46585228"
17454,138191,Berlin,11,2020,4,12,6,3,5,2,0,1,1,0,0,0,0,0,"13,47789414","52,51462771"
17455,138192,Berlin,1,2020,4,12,2,3,5,2,0,1,1,0,0,0,0,0,"13,36506063","52,51010463"
17456,138193,Berlin,2,2020,4,20,5,3,1,5,1,0,0,0,0,0,1,0,"13,44676858","52,50552176"
17457,138194,Berlin,2,2020,4,18,5,3,5,2,0,1,1,0,0,0,0,0,"13,46464478","52,49742226"
17458,138195,Berlin,1,2020,4,17,5,3,5,2,0,1,1,0,0,0,0,0,"13,41822354","52,51737332"
17459,138196,Berlin,2,2020,4,8,2,2,3,6,0,1,1,0,0,0,0,0,"13,416887","52,49895632"
17460,138197,Berlin,1,2020,4,16,4,3,1,5,0,1,1,0,0,0,0,0,"13,37556711","52,53657845"
17461,138198,Berlin,1,2020,4,14,2,2,2,2,0,0,1,0,0,0,0,0,"13,36323677","52,52456318"
17462,138199,Berlin,3,2020,4,13,4,3,5,2,0,1,0,0,0,0,1,0,"13,41442081","52,55208031"
17463,138200,Berlin,11,2020,4,15,7,3,5,3,0,0,1,0,0,0,0,0,"13,50422891","52,56722084"
17464,138201,Berlin,9,2020,4,10,5,3,5,3,0,1,1,0,0,0,0,0,"13,48138677","52,4609039"
17465,138202,Berlin,9,2020,4,21,3,3,5,3,2,0,1,0,0,0,0,0,"13,59507525","52,44140545"
17466,138203,Berlin,11,2020,4,13,6,3,5,3,0,1,1,0,0,0,0,0,"13,54022147","52,5652608"
17467,138204,Berlin,4,2020,4,11,4,3,2,6,0,0,1,0,1,0,0,0,"13,28012756","52,51976822"
17468,138205,Berlin,11,2020,4,18,6,3,0,1,0,1,1,0,0,0,0,0,"13,52552067","52,48181181"
17469,138206,Berlin,8,2020,4,18,2,3,5,3,0,1,1,0,0,0,0,0,"13,42883403","52,42411688"
17470,138207,Berlin,10,2020,4,17,5,2,5,3,0,1,0,0,0,0,1,0,"13,52194195","52,52601011"
17471,138208,Berlin,1,2020,4,9,4,3,2,6,0,0,1,0,0,0,1,0,"13,34974892","52,54234157"
17472,138209,Berlin,12,2020,4,14,7,3,3,6,0,1,1,0,0,0,0,0,"13,33060516","52,56265884"
17473,138210,Berlin,4,2020,4,11,4,3,3,6,0,0,1,0,1,0,0,0,"13,27866294","52,50260111"
17474,138211,Berlin,8,2020,4,10,6,3,5,7,0,0,1,0,1,0,0,0,"13,43354612","52,48183686"
17475,138212,Berlin,6,2020,4,19,2,3,5,3,0,1,1,0,0,0,0,0,"13,36188614","52,42850304"
17476,138213,Berlin,5,2020,4,17,5,3,5,3,0,0,1,0,1,0,0,0,"13,26169774","52,5429402"
17477,138214,Berlin,4,2020,4,22,2,3,0,1,2,1,0,0,0,0,0,0,"13,32488026","52,50252615"
17478,138215,Berlin,10,2020,4,15,4,2,5,3,0,1,1,0,0,0,0,0,"13,60544335","52,48790852"
17479,138216,Berlin,6,2020,4,18,2,2,5,2,0,0,1,0,0,0,0,0,"13,30734656","52,43329824"
17480,138217,Berlin,5,2020,4,11,4,3,2,6,0,0,1,0,0,0,0,0,"13,15434124","52,55332943"
17481,138218,Berlin,3,2020,4,13,7,3,5,2,0,1,1,0,0,0,0,0,"13,48772357","52,61818414"
17482,138219,Berlin,4,2020,4,10,5,3,5,2,0,1,1,0,0,0,0,0,"13,30842564","52,51674949"
17483,138220,Berlin,4,2020,4,10,3,3,5,3,0,1,0,0,1,0,0,0,"13,28660305","52,5113037"
17484,138221,Berlin,3,2020,4,12,6,3,2,6,0,0,1,0,0,0,0,0,"13,40152862","52,5692"
17485,138222,Berlin,3,2020,4,16,5,3,1,5,0,1,1,0,0,0,0,0,"13,42027055","52,5728938"
17486,138223,Berlin,4,2020,4,15,6,3,2,1,0,1,1,0,0,0,0,0,"13,29624031","52,51917949"
17487,138224,Berlin,3,2020,4,15,2,2,5,3,0,0,1,0,1,0,0,0,"13,46292411","52,53236971"
17488,138225,Berlin,10,2020,4,17,4,2,0,1,0,0,0,0,1,0,0,1,"13,53143479","52,55585726"
17489,138226,Berlin,12,2020,4,18,5,3,2,7,0,0,1,0,1,0,0,0,"13,3310019","52,57547854"
17490,138227,Berlin,9,2020,4,6,3,3,2,2,0,0,1,0,0,0,1,0,"13,52870239","52,42637218"
17491,138228,Berlin,1,2020,4,13,1,3,0,7,0,1,1,0,0,0,0,0,"13,37067982","52,54795407"
17492,138229,Berlin,3,2020,4,13,1,3,5,3,0,0,1,0,0,0,0,0,"13,39847097","52,59238456"
17493,138230,Berlin,2,2020,4,10,3,3,0,1,0,1,0,0,0,0,0,0,"13,43962612","52,51399722"
17494,138231,Berlin,4,2020,4,12,2,3,2,6,0,0,1,0,0,1,0,0,"13,2955605","52,50327789"
17495,138232,Berlin,1,2020,4,12,4,3,0,3,0,0,1,0,0,0,1,0,"13,37959046","52,52352155"
17496,138233,Berlin,1,2020,4,16,1,3,2,6,0,0,1,0,0,0,0,0,"13,37619858","52,55475732"
17497,138234,Berlin,9,2020,4,10,4,2,0,1,0,1,0,0,0,0,0,0,"13,57550284","52,42396568"
17498,138235,Berlin,1,2020,4,18,7,3,5,3,0,1,1,0,0,0,0,0,"13,35371931","52,50554339"
17499,138236,Berlin,1,2020,4,9,5,3,5,2,0,1,1,0,0,0,0,0,"13,41807981","52,51542781"
17500,138237,Berlin,2,2020,4,19,3,3,6,4,0,1,0,1,0,0,0,0,"13,44335512","52,51205038"
17501,138238,Berlin,1,2020,4,12,6,3,3,6,0,1,1,0,0,0,0,0,"13,37940107","52,52951427"
17502,138239,Berlin,12,2020,4,16,5,3,5,2,0,1,0,0,0,0,1,0,"13,32765362","52,56398771"
17503,138240,Berlin,4,2020,4,14,2,3,5,2,0,1,0,0,0,0,0,0,"13,27104497","52,51980101"
17504,138241,Berlin,11,2020,4,9,4,3,5,3,0,1,1,0,0,0,0,0,"13,54028097","52,56524166"
17505,138242,Berlin,4,2020,4,5,4,3,2,2,0,0,1,0,1,0,0,1,"13,30201909","52,48848652"
17506,138243,Berlin,6,2020,4,18,2,3,1,3,0,1,1,0,0,0,0,0,"13,35206497","52,43590224"
17507,138244,Berlin,1,2020,4,7,4,3,5,2,0,1,1,0,0,0,0,0,"13,37679208","52,50962635"
17508,138245,Berlin,1,2020,4,13,1,3,5,2,0,0,1,0,0,0,0,0,"13,41808246","52,51543786"
17509,138246,Berlin,7,2020,4,3,7,3,0,1,2,1,0,0,0,0,0,0,"13,38509395","52,45599601"
17510,138247,Berlin,2,2020,4,7,4,3,5,2,0,0,1,0,1,0,0,0,"13,42669313","52,51571817"
17511,138248,Berlin,7,2020,4,13,6,3,6,2,0,0,1,1,0,0,0,0,"13,37411616","52,44501737"
17512,138249,Berlin,4,2020,4,14,3,3,2,7,0,0,1,1,0,0,0,0,"13,28123602","52,48256067"
17513,138250,Berlin,2,2020,4,7,5,3,0,7,0,0,0,0,1,1,0,1,"13,39236808","52,48733065"
17514,138251,Berlin,12,2020,4,18,5,3,5,2,0,1,1,0,0,0,0,0,"13,33411751","52,58968759"
17515,138252,Berlin,8,2020,4,12,5,3,0,1,0,1,0,0,0,0,0,0,"13,41838841","52,45195816"
17516,138253,Berlin,3,2020,4,14,3,3,0,6,0,1,0,0,0,0,1,0,"13,50106493","52,63850899"
17517,138254,Berlin,6,2020,4,12,6,3,2,3,0,1,0,0,0,0,0,0,"13,3407105","52,44544144"
17518,138255,Berlin,1,2020,4,16,3,3,5,3,0,1,1,0,0,0,0,0,"13,38948594","52,55522563"
17519,138256,Berlin,4,2020,4,12,6,3,5,2,0,1,1,0,0,0,0,0,"13,2875876","52,51576374"
17520,138257,Berlin,5,2020,4,12,5,3,5,2,0,1,1,0,0,0,0,1,"13,15464017","52,46035533"
17521,138258,Berlin,1,2020,4,13,5,2,9,1,0,0,0,0,1,0,0,0,"13,37202411","52,52005529"
17522,138259,Berlin,12,2020,4,14,2,3,5,3,0,0,1,0,1,0,0,0,"13,307653","52,57728785"
17523,138260,Berlin,7,2020,4,18,4,3,5,2,0,1,0,0,0,0,1,1,"13,38579685","52,47193066"
17524,138261,Berlin,6,2020,4,15,2,3,5,2,0,1,1,0,0,0,0,0,"13,29307749","52,44656935"
17525,138262,Berlin,3,2020,4,19,3,3,1,5,0,1,1,0,0,0,0,0,"13,4241096","52,58213995"
17526,138263,Berlin,4,2020,4,17,1,3,2,6,0,0,1,0,0,0,0,0,"13,28072289","52,47704768"
17527,138264,Berlin,5,2020,4,17,7,3,1,5,0,1,1,0,0,0,0,0,"13,19737472","52,52463595"
17528,138265,Berlin,6,2020,4,18,3,2,5,3,0,1,1,0,0,0,0,0,"13,3348868","52,42106739"
17529,138266,Berlin,10,2020,4,11,6,3,5,7,0,0,1,0,0,0,0,0,"13,5413258","52,56490563"
17530,138267,Berlin,9,2020,4,21,2,2,0,1,2,0,0,0,1,0,0,0,"13,5735233","52,4444693"
17531,138268,Berlin,1,2020,4,17,5,3,5,3,0,1,1,0,0,0,0,0,"13,37929592","52,50703345"
17532,138269,Berlin,5,2020,4,8,2,3,5,2,0,1,0,0,0,1,0,0,"13,24754284","52,52452892"
17533,138270,Berlin,4,2020,4,16,4,3,5,2,0,0,1,0,0,0,0,0,"13,29643614","52,52926725"
17534,138271,Berlin,11,2020,4,20,2,2,3,6,1,0,1,0,1,0,0,0,"13,50231352","52,53451884"
17535,138272,Berlin,11,2020,4,18,3,3,2,2,0,0,1,0,1,0,0,0,"13,54012842","52,5653181"
17536,138273,Berlin,8,2020,4,9,2,3,5,2,0,1,1,0,0,0,0,0,"13,43510426","52,43396909"
17537,138274,Berlin,6,2020,4,21,4,3,5,3,2,0,1,0,0,0,0,0,"13,34966188","52,44974531"
17538,138275,Berlin,12,2020,4,15,2,3,2,2,0,0,1,0,0,0,0,0,"13,32642666","52,60451429"
17539,138276,Berlin,6,2020,4,18,3,3,5,7,0,0,1,0,0,0,1,0,"13,30682483","52,41961682"
17540,138277,Berlin,7,2020,4,21,7,2,5,2,2,0,1,0,0,0,0,0,"13,40676857","52,39376811"
17541,138278,Berlin,7,2020,4,7,4,3,1,5,0,1,1,0,0,0,0,1,"13,34020479","52,48184669"
17542,138279,Berlin,9,2020,4,10,6,3,5,7,0,0,1,0,1,0,0,0,"13,53110264","52,43435288"
17543,138280,Berlin,7,2020,4,17,3,2,5,3,0,1,1,0,0,0,0,0,"13,34751224","52,45908575"
17544,138281,Berlin,1,2020,4,19,6,3,5,2,0,1,1,0,0,0,0,0,"13,35301592","52,55330872"
17545,138282,Berlin,3,2020,4,18,2,3,5,2,0,1,1,0,0,0,0,0,"13,40252371","52,55430076"
17546,138283,Berlin,10,2020,4,16,5,3,5,3,0,1,1,0,0,0,0,1,"13,56745189","52,57332125"
17547,138284,Berlin,5,2020,4,17,5,2,1,5,0,0,1,0,0,0,0,0,"13,19967186","52,5463605"
17548,138285,Berlin,12,2020,4,12,2,3,1,5,0,0,1,0,1,0,0,0,"13,31785325","52,57065778"
17549,138286,Berlin,6,2020,4,14,4,3,1,5,0,1,1,0,0,0,0,0,"13,26021981","52,43459131"
17550,138287,Berlin,6,2020,4,21,1,2,5,2,2,0,1,0,0,0,0,0,"13,30963073","52,43129403"
17551,138288,Berlin,4,2020,4,17,3,3,2,6,0,0,1,0,0,0,0,0,"13,28570752","52,49498273"
17552,138289,Berlin,4,2020,4,12,7,3,1,5,0,1,1,0,0,0,0,0,"13,32701328","52,49977559"
17553,138290,Berlin,10,2020,4,7,5,3,4,6,0,1,1,0,0,0,0,0,"13,5785742","52,49521096"
17554,138291,Berlin,2,2020,4,22,3,3,6,2,2,0,0,1,0,0,1,0,"13,45057343","52,50863599"
17555,138292,Berlin,2,2020,4,9,6,3,3,6,0,1,0,0,0,0,0,0,"13,40866734","52,48897325"
17556,138293,Berlin,1,2020,4,17,6,3,2,6,0,0,1,0,0,0,0,0,"13,32849184","52,53194159"
17557,138294,Berlin,9,2020,4,14,7,3,5,2,0,1,1,0,0,0,0,0,"13,59335939","52,45167693"
17558,138295,Berlin,7,2020,4,7,5,3,5,2,0,1,1,0,0,0,0,0,"13,35873123","52,41296915"
17559,138296,Berlin,7,2020,4,12,3,2,2,6,0,0,1,0,1,0,0,0,"13,35141894","52,47470036"
17560,138297,Berlin,3,2020,4,8,6,2,6,4,0,0,1,1,0,0,0,0,"13,44104339","52,54727605"
17561,138298,Berlin,1,2020,4,17,6,3,5,3,0,1,1,0,0,0,0,0,"13,35163648","52,50961856"
17562,138299,Berlin,12,2020,4,17,2,3,5,3,0,1,1,0,0,0,0,0,"13,37230729","52,56134606"
17563,138300,Berlin,11,2020,4,10,4,3,0,2,0,1,0,0,0,0,1,0,"13,48501299","52,53338379"
17564,138301,Berlin,1,2020,4,8,3,3,0,7,0,0,1,0,0,0,1,0,"13,39117763","52,53061244"
17565,138302,Berlin,9,2020,4,22,1,3,1,5,2,0,1,0,0,0,0,0,"13,48109553","52,47336944"
17566,138303,Berlin,6,2020,4,11,4,3,5,2,0,0,1,0,0,0,1,0,"13,30984615","52,43136391"
17567,138304,Berlin,11,2020,4,18,1,3,5,3,0,0,1,0,1,0,0,0,"13,51914221","52,50970373"
17568,138305,Berlin,12,2020,4,16,3,3,5,2,0,0,1,0,1,0,0,0,"13,33991821","52,58804464"
17569,138306,Berlin,3,2020,4,9,7,3,5,2,0,0,1,0,0,0,0,0,"13,42881723","52,5720567"
17570,138307,Berlin,2,2020,4,14,4,3,0,7,0,1,0,0,0,0,0,0,"13,41948964","52,49668915"
17571,138308,Berlin,11,2020,4,17,3,3,5,2,0,1,1,0,0,0,0,0,"13,47852468","52,50698049"
17572,138309,Berlin,11,2020,4,8,6,3,5,3,0,1,1,0,0,0,0,0,"13,49650304","52,53399598"
17573,138310,Berlin,1,2020,4,14,5,3,5,3,0,0,1,0,0,0,1,0,"13,37727416","52,52227509"
17574,138311,Berlin,4,2020,4,17,5,3,5,2,0,0,1,0,1,0,0,0,"13,30640374","52,51755913"
17575,138312,Berlin,8,2020,4,11,2,3,5,2,0,1,1,0,0,0,0,0,"13,42787435","52,49353296"
17576,138313,Berlin,5,2020,4,18,4,3,2,6,1,0,1,0,0,0,0,1,"13,21814888","52,54855294"
17577,138314,Berlin,8,2020,4,17,2,3,6,4,0,0,1,1,0,0,0,0,"13,46634598","52,47688125"
17578,138315,Berlin,12,2020,4,16,3,3,3,6,0,0,1,0,1,0,0,0,"13,34157429","52,57527733"
17579,138316,Berlin,7,2020,4,1,1,3,9,1,2,0,1,0,0,0,0,0,"13,3530071","52,48431798"
17580,138317,Berlin,4,2020,4,15,2,3,6,4,0,0,1,1,0,0,0,0,"13,26713043","52,5142146"
17581,138318,Berlin,11,2020,4,16,3,3,1,5,0,0,1,0,0,0,1,0,"13,52578787","52,51370948"
17582,138319,Berlin,3,2020,4,17,4,3,5,2,0,0,1,0,1,0,0,1,"13,38995588","52,59590839"
17583,138320,Berlin,3,2020,4,6,3,3,9,1,0,0,1,0,0,0,0,0,"13,42163386","52,60678994"
17584,138321,Berlin,10,2020,4,16,3,2,0,3,0,0,0,0,1,0,1,0,"13,56306475","52,51431237"
17585,138322,Berlin,8,2020,4,19,1,2,6,7,0,0,0,1,1,0,0,0,"13,46295799","52,4668496"
17586,138323,Berlin,1,2020,4,2,1,3,0,1,2,1,0,0,0,0,0,0,"13,40788416","52,51873228"
17587,138324,Berlin,8,2020,4,16,3,3,5,2,0,1,1,0,0,1,0,0,"13,43469382","52,44031954"
17588,138325,Berlin,8,2020,4,7,6,3,5,3,0,1,1,0,0,0,0,0,"13,44984916","52,460829"
17589,138326,Berlin,1,2020,4,15,3,3,2,6,0,0,1,0,0,0,0,0,"13,39072114","52,54496929"
17590,138327,Berlin,3,2020,4,8,6,3,0,1,0,1,0,0,0,0,0,0,"13,44948772","52,54632263"
17591,138328,Berlin,11,2020,4,9,5,3,0,1,0,1,0,0,0,0,0,0,"13,49235603","52,54399383"
17592,138329,Berlin,1,2020,4,13,5,3,3,6,0,1,1,0,0,0,0,0,"13,40123284","52,52974719"
17593,138330,Berlin,2,2020,4,14,2,3,3,5,0,0,1,0,1,0,0,0,"13,39314122","52,49327722"
17594,138331,Berlin,1,2020,4,14,4,3,2,3,0,0,1,0,1,0,0,0,"13,35165512","52,50550677"
17595,138332,Berlin,1,2020,4,10,2,3,5,2,0,0,1,0,0,0,0,0,"13,41809084","52,51546372"
17596,138333,Berlin,2,2020,4,15,3,2,5,3,0,1,0,0,1,0,0,0,"13,39282112","52,49204258"
17597,138334,Berlin,4,2020,4,15,1,2,5,3,0,0,1,0,1,0,0,0,"13,33038941","52,4785782"
17598,138335,Berlin,5,2020,4,14,7,3,2,6,0,0,1,0,1,0,1,0,"13,24059968","52,54310191"
17599,138336,Berlin,7,2020,4,15,3,3,5,2,0,1,1,0,0,0,0,0,"13,3709044","52,49265632"
17600,138337,Berlin,2,2020,4,10,6,3,5,2,0,1,0,0,0,0,1,0,"13,4422631","52,50090328"
17601,138338,Berlin,1,2020,4,16,7,3,1,5,0,1,1,0,0,0,0,0,"13,33440856","52,54272086"
17602,138339,Berlin,8,2020,4,15,3,3,5,2,0,0,1,0,0,0,1,0,"13,49529434","52,43165899"
17603,138340,Berlin,12,2020,4,13,6,3,5,2,0,1,0,0,0,1,0,0,"13,31042136","52,56795618"
17604,138341,Berlin,9,2020,4,19,3,3,1,5,0,1,0,0,0,0,1,0,"13,45147156","52,49071216"
17605,138342,Berlin,8,2020,4,20,5,3,3,6,1,1,0,0,0,0,0,1,"13,43790897","52,48806789"
17606,138343,Berlin,6,2020,4,11,5,3,5,3,0,1,0,0,0,0,1,0,"13,28077052","52,43554732"
17607,138344,Berlin,7,2020,4,14,2,3,5,3,0,0,1,0,0,0,0,0,"13,37806749","52,40764517"
17608,138345,Berlin,4,2020,4,7,4,3,6,2,0,0,1,1,0,0,0,0,"13,31340353","52,46864047"
17609,138346,Berlin,9,2020,4,20,2,3,5,2,1,0,1,0,0,0,0,0,"13,49130077","52,46909421"
17610,138347,Berlin,8,2020,4,15,3,3,1,5,0,0,1,0,0,0,0,0,"13,4399171","52,47940504"
17611,138348,Berlin,6,2020,4,16,7,3,0,1,0,0,0,0,1,0,0,0,"13,14774073","52,41819722"
17612,138349,Berlin,4,2020,4,8,3,3,3,6,0,0,1,0,0,0,0,0,"13,29449155","52,53267036"
17613,138350,Berlin,4,2020,4,8,6,3,5,3,0,1,1,0,0,0,0,0,"13,33178286","52,50060911"
17614,138351,Berlin,12,2020,4,14,3,3,5,2,0,1,0,0,0,0,1,0,"13,31401705","52,57672347"
17615,138352,Berlin,4,2020,4,18,6,3,1,5,0,0,1,0,1,0,0,0,"13,29077796","52,51907962"
17616,138353,Berlin,8,2020,4,17,2,3,2,7,0,0,1,0,1,0,0,0,"13,42403776","52,47994346"
17617,138354,Berlin,2,2020,4,16,5,3,5,3,0,1,1,0,0,0,0,0,"13,4697061","52,5201351"
17618,138355,Berlin,11,2020,4,11,3,3,2,2,0,0,1,0,0,0,0,0,"13,49295154","52,50099492"
17619,138356,Berlin,8,2020,4,12,2,3,5,2,0,0,1,0,0,0,0,0,"13,47104024","52,46605222"
17620,138357,Berlin,7,2020,4,13,4,3,2,6,0,1,1,0,0,0,0,0,"13,32870852","52,46528676"
17621,138358,Berlin,1,2020,4,19,2,3,2,2,0,1,1,0,0,0,0,0,"13,38087932","52,5163682"
17622,138359,Berlin,7,2020,4,17,5,2,8,1,0,1,0,0,0,0,0,0,"13,35792658","52,45706902"
17623,138360,Berlin,4,2020,4,8,2,3,0,2,0,1,1,0,0,0,0,0,"13,28828553","52,51306164"
17624,138361,Berlin,3,2020,4,15,4,3,5,3,0,0,1,0,1,0,0,0,"13,44221891","52,54676038"
17625,138362,Berlin,8,2020,4,18,2,3,1,5,0,0,1,0,0,0,0,0,"13,44730336","52,43822416"
17626,138363,Berlin,2,2020,4,12,3,3,1,5,0,1,1,0,0,0,0,0,"13,4204761","52,49691726"
17627,138364,Berlin,12,2020,4,13,7,3,0,2,0,0,1,0,0,0,1,0,"13,3362631","52,59566208"
17628,138365,Berlin,8,2020,4,12,4,3,0,2,0,1,1,0,0,0,0,0,"13,42375955","52,45235019"
17629,138366,Berlin,9,2020,4,10,3,3,2,6,0,0,1,0,0,0,0,0,"13,57858982","52,4438555"
17630,138367,Berlin,4,2020,4,8,6,3,5,2,0,0,1,0,0,0,0,0,"13,30792125","52,48857102"
17631,138368,Berlin,1,2020,4,15,5,3,4,6,0,1,0,0,0,0,0,0,"13,34992669","52,52452701"
17632,138369,Berlin,6,2020,4,8,6,3,2,6,0,0,1,0,0,0,0,0,"13,32222301","52,41038111"
17633,138370,Berlin,1,2020,4,16,2,3,5,2,0,1,1,0,0,0,0,0,"13,38043596","52,51810314"
17634,138371,Berlin,6,2020,4,17,4,3,0,1,0,1,0,0,0,0,0,1,"13,19248267","52,43543376"
17635,138372,Berlin,9,2020,4,15,5,3,5,2,0,1,1,0,0,0,0,0,"13,56138629","52,43634943"
17636,138373,Berlin,9,2020,4,19,3,3,2,2,0,1,1,0,0,0,0,0,"13,45408692","52,48888271"
17637,138374,Berlin,7,2020,4,10,1,3,0,1,0,1,0,0,0,0,0,0,"13,40873284","52,44393215"
17638,138375,Berlin,2,2020,4,18,1,3,0,1,0,1,0,0,0,0,0,0,"13,39442619","52,48855137"
17639,138376,Berlin,12,2020,4,12,3,3,1,5,0,0,1,0,0,0,0,0,"13,33498817","52,61080069"
17640,138377,Berlin,8,2020,4,21,6,3,5,2,2,1,1,0,0,0,0,0,"13,44745018","52,47614375"
17641,138378,Berlin,6,2020,4,7,6,3,5,7,0,0,1,0,0,0,0,0,"13,34125544","52,46396269"
17642,138379,Berlin,11,2020,4,16,3,3,5,7,0,1,0,0,0,0,1,0,"13,51565956","52,55790704"