,id,city,district,year,month,hour,weekday,injury_level,collision,movement,light_conditions,bicycle,car,pedestrian,motorbike,truck,other_vehicle,road_conditions,longitude,latitude
17643,138380,Berlin,1,2020,5,16,1,3,6,4,0,1,0,1,0,0,0,0,"13,42595226","52,5061661"
17644,138381,Berlin,7,2020,5,19,7,2,5,3,0,0,1,0,0,0,0,0,"13,37817723","52,45621385"
17645,138382,Berlin,5,2020,5,12,6,3,2,6,0,0,1,0,0,0,0,0,"13,1829975","52,51307412"
17646,138383,Berlin,2,2020,5,17,2,3,5,3,0,0,1,0,0,0,0,1,"13,4609147","52,51109932"
17647,138384,Berlin,9,2020,5,9,2,3,5,3,0,1,1,0,0,0,0,1,"13,57707693","52,45574848"
17648,138385,Berlin,12,2020,5,8,6,3,0,1,0,0,1,0,0,0,0,0,"13,34543723","52,58949927"
17649,138386,Berlin,1,2020,5,13,6,3,5,3,0,0,0,0,1,0,1,0,"13,35597618","52,54322377"
17650,138387,Berlin,1,2020,5,2,6,3,5,3,2,0,1,0,0,0,1,0,"13,39078051","52,51573788"
17651,138388,Berlin,1,2020,5,20,5,3,0,1,1,1,0,0,0,0,0,0,"13,40652554","52,52511443"
17652,138389,Berlin,7,2020,5,13,1,3,0,2,0,1,1,0,0,0,0,0,"13,42034624","52,46166986"
17653,138390,Berlin,11,2020,5,16,4,3,0,1,0,1,0,0,0,0,0,0,"13,49273056","52,54423026"
17654,138391,Berlin,10,2020,5,15,1,3,0,7,0,0,0,1,1,0,0,0,"13,60781545","52,54185887"
17655,138392,Berlin,8,2020,5,8,5,2,5,3,0,0,1,0,1,0,0,0,"13,44810533","52,47053884"
17656,138393,Berlin,9,2020,5,15,3,3,7,7,0,0,1,0,0,0,0,0,"13,72613806","52,43066088"
17657,138394,Berlin,7,2020,5,20,1,3,5,3,0,0,1,0,0,0,0,1,"13,35318372","52,49200858"
17658,138395,Berlin,7,2020,5,17,6,2,0,7,0,1,0,0,0,0,0,0,"13,38123141","52,44114916"
17659,138396,Berlin,11,2020,5,11,5,3,6,4,0,0,1,1,0,0,0,0,"13,499461","52,56223481"
17660,138397,Berlin,11,2020,5,20,5,3,5,3,0,1,1,0,0,0,0,0,"13,48537882","52,50664282"
17661,138398,Berlin,2,2020,5,17,5,3,0,1,0,1,0,0,0,0,0,0,"13,43007341","52,49945012"
17662,138399,Berlin,12,2020,5,17,5,3,2,6,0,0,1,0,0,0,0,0,"13,32670809","52,56435185"
17663,138400,Berlin,3,2020,5,17,5,3,5,3,0,1,1,0,0,0,0,0,"13,49896704","52,63347188"
17664,138401,Berlin,1,2020,5,13,4,3,5,3,0,1,1,0,0,0,0,0,"13,33392184","52,54139925"
17665,138402,Berlin,6,2020,5,10,6,3,2,2,0,0,1,0,0,0,0,0,"13,30288779","52,42549651"
17666,138403,Berlin,6,2020,5,16,5,3,5,2,0,1,1,0,0,0,0,0,"13,33345502","52,42993837"
17667,138404,Berlin,1,2020,5,16,5,3,5,2,0,1,1,0,0,0,0,0,"13,38043476","52,51810989"
17668,138405,Berlin,4,2020,5,16,4,3,5,7,0,0,1,0,1,0,0,0,"13,32301538","52,49039333"
17669,138406,Berlin,3,2020,5,19,1,3,5,3,0,0,1,0,0,0,0,1,"13,42022556","52,5381496"
17670,138407,Berlin,8,2020,5,15,5,3,5,2,0,0,1,0,0,0,1,0,"13,42805842","52,48695075"
17671,138408,Berlin,7,2020,5,9,3,3,2,6,0,1,1,0,0,0,0,0,"13,34287581","52,4810257"
17672,138409,Berlin,1,2020,5,19,1,3,2,2,0,0,1,0,0,0,0,1,"13,35112182","52,5151692"
17673,138410,Berlin,6,2020,5,8,6,3,0,3,0,0,0,0,0,0,1,0,"13,25516561","52,44979442"
17674,138411,Berlin,9,2020,5,15,5,3,2,6,0,0,1,0,1,0,0,0,"13,52443095","52,40597108"
17675,138412,Berlin,1,2020,5,15,5,3,2,6,0,0,1,0,1,0,0,0,"13,35181663","52,52429279"
17676,138413,Berlin,4,2020,5,15,5,2,3,6,0,0,1,0,1,0,0,0,"13,2839023","52,53377737"
17677,138414,Berlin,5,2020,5,15,5,3,5,2,0,0,1,0,0,0,0,0,"13,22579208","52,55513748"
17678,138415,Berlin,5,2020,5,12,4,3,5,3,0,0,1,0,0,0,0,0,"13,227699","52,55879596"
17679,138416,Berlin,7,2020,5,18,1,3,5,3,0,0,1,0,0,0,0,1,"13,40321532","52,46343018"
17680,138417,Berlin,2,2020,5,13,1,3,4,6,0,1,1,0,0,0,1,0,"13,46560404","52,51283818"
17681,138418,Berlin,9,2020,5,14,5,3,5,3,0,1,1,0,0,0,0,0,"13,54432952","52,42468336"
17682,138419,Berlin,1,2020,5,17,2,2,6,4,0,0,1,1,0,0,0,1,"13,39015547","52,50767802"
17683,138420,Berlin,1,2020,5,13,2,3,5,2,0,0,1,1,0,0,0,1,"13,36266211","52,49976462"
17684,138421,Berlin,7,2020,5,13,5,3,5,3,0,1,1,0,0,0,0,0,"13,37654716","52,45998714"
17685,138422,Berlin,12,2020,5,17,1,3,5,7,0,0,1,0,0,0,0,0,"13,29957117","52,57916507"
17686,138423,Berlin,9,2020,5,14,6,3,5,3,0,0,1,0,0,0,0,0,"13,56952794","52,39247448"
17687,138424,Berlin,2,2020,5,17,1,3,1,5,0,1,1,0,0,0,0,0,"13,4696429","52,51557416"
17688,138425,Berlin,5,2020,5,15,1,3,3,6,0,1,0,0,0,0,0,0,"13,25025586","52,54750522"
17689,138426,Berlin,3,2020,5,20,5,3,5,2,2,0,1,0,0,0,0,0,"13,40207422","52,60285138"
17690,138427,Berlin,8,2020,5,0,3,3,1,5,2,0,1,0,0,0,0,0,"13,42772296","52,47418478"
17691,138428,Berlin,10,2020,5,19,5,3,2,6,0,0,1,0,0,0,0,0,"13,56585567","52,52885314"
17692,138429,Berlin,5,2020,5,16,1,3,5,3,0,0,1,0,0,0,0,0,"13,15944247","52,55225982"
17693,138430,Berlin,7,2020,5,7,6,3,5,2,0,1,0,0,0,0,0,0,"13,3733501","52,49217008"
17694,138431,Berlin,12,2020,5,18,5,3,1,5,0,1,1,0,0,0,0,0,"13,33631456","52,59757451"
17695,138432,Berlin,1,2020,5,18,5,3,6,2,0,0,1,1,0,0,0,0,"13,35049974","52,54718893"
17696,138433,Berlin,12,2020,5,13,5,3,2,6,0,0,1,0,0,0,0,0,"13,32713034","52,59270853"
17697,138434,Berlin,2,2020,5,13,5,3,1,5,0,1,0,0,0,0,1,0,"13,4598287","52,50866255"
17698,138435,Berlin,9,2020,5,7,4,3,5,3,0,0,1,0,1,0,0,1,"13,58702448","52,45142918"
17699,138436,Berlin,7,2020,5,16,1,3,5,3,0,1,1,0,0,0,0,0,"13,38023624","52,48311054"
17700,138437,Berlin,1,2020,5,20,7,3,1,5,1,1,1,0,0,0,0,0,"13,38294113","52,55155899"
17701,138438,Berlin,2,2020,5,13,5,3,5,2,0,1,1,0,0,0,0,0,"13,38705828","52,49639503"
17702,138439,Berlin,5,2020,5,12,2,3,0,7,0,0,0,0,1,0,0,1,"13,17683322","52,53376166"
17703,138440,Berlin,11,2020,5,11,2,3,5,2,0,1,1,0,0,0,0,1,"13,50404771","52,50951396"
17704,138441,Berlin,12,2020,5,13,5,2,4,6,0,0,1,0,1,0,0,0,"13,30958581","52,59030839"
17705,138442,Berlin,7,2020,5,13,6,3,5,3,0,1,1,0,0,0,0,0,"13,37830659","52,47759999"
17706,138443,Berlin,12,2020,5,12,5,3,2,2,0,0,1,0,0,0,0,0,"13,29160244","52,59596477"
17707,138444,Berlin,2,2020,5,8,5,3,5,2,0,1,1,0,0,0,0,0,"13,3806944","52,49726456"
17708,138445,Berlin,3,2020,5,14,1,2,5,3,0,1,0,0,0,0,0,0,"13,42390863","52,55287029"
17709,138446,Berlin,10,2020,5,6,5,2,6,4,0,0,1,1,0,0,0,0,"13,60442729","52,53947132"
17710,138447,Berlin,11,2020,5,12,5,3,5,2,0,0,1,0,0,0,0,0,"13,5187772","52,50951044"
17711,138448,Berlin,9,2020,5,11,5,3,5,3,0,1,1,0,0,0,0,0,"13,54990839","52,43626327"
17712,138449,Berlin,2,2020,5,14,5,3,1,5,0,1,1,0,0,0,0,0,"13,39780074","52,50641398"
17713,138450,Berlin,6,2020,5,10,5,2,0,6,0,1,1,0,0,0,0,0,"13,27117449","52,42354127"
17714,138451,Berlin,7,2020,5,10,3,3,5,2,0,1,1,0,0,0,0,0,"13,33259202","52,46884021"
17715,138452,Berlin,5,2020,5,12,1,3,3,6,0,0,1,0,0,0,0,0,"13,20345637","52,53992663"
17716,138453,Berlin,7,2020,5,18,7,3,5,2,0,1,1,0,0,0,0,0,"13,359906","52,41276555"
17717,138454,Berlin,9,2020,5,10,5,3,5,3,0,1,1,0,0,0,0,0,"13,44640722","52,49431361"
17718,138455,Berlin,5,2020,5,16,2,3,2,6,0,0,1,0,0,0,0,1,"13,21058028","52,56735164"
17719,138456,Berlin,7,2020,5,9,2,3,2,2,0,0,1,0,0,0,0,1,"13,39552273","52,38667103"
17720,138457,Berlin,5,2020,5,7,5,2,5,3,0,0,1,0,1,0,0,0,"13,20308596","52,53530056"
17721,138458,Berlin,12,2020,5,11,6,3,5,2,0,1,1,0,0,0,0,0,"13,22613894","52,62748493"
17722,138459,Berlin,6,2020,5,7,5,2,5,2,0,1,0,0,0,0,1,0,"13,33136155","52,45311242"
17723,138460,Berlin,10,2020,5,14,4,3,6,7,0,1,0,1,0,0,0,0,"13,55654589","52,52295213"
17724,138461,Berlin,11,2020,5,12,1,2,0,1,0,1,0,0,0,0,0,0,"13,52557688","52,48207383"
17725,138462,Berlin,11,2020,5,22,4,3,5,3,2,0,1,0,0,0,0,0,"13,4858324","52,52078342"
17726,138463,Berlin,6,2020,5,9,1,3,1,5,0,1,1,0,0,0,0,0,"13,25462815","52,42083959"
17727,138464,Berlin,7,2020,5,14,4,3,5,2,0,0,0,0,1,0,1,0,"13,38605714","52,46608755"
17728,138465,Berlin,1,2020,5,10,3,3,1,5,0,1,0,0,0,0,1,0,"13,39543523","52,52892943"
17729,138466,Berlin,2,2020,5,9,1,3,5,3,0,1,1,0,0,0,0,0,"13,42668475","52,51570893"
17730,138467,Berlin,3,2020,5,7,6,2,0,6,0,1,1,0,0,0,0,0,"13,42671126","52,54377075"
17731,138468,Berlin,8,2020,5,14,4,3,5,7,0,0,1,0,1,0,0,0,"13,43749785","52,45532549"
17732,138469,Berlin,8,2020,5,8,1,3,5,3,0,1,1,0,0,0,0,0,"13,46492145","52,42586086"
17733,138470,Berlin,8,2020,5,14,4,3,5,3,0,1,1,0,0,0,0,0,"13,42794699","52,48704678"
17734,138471,Berlin,1,2020,5,18,3,3,1,7,0,0,1,0,0,0,0,0,"13,37676368","52,54521215"
17735,138472,Berlin,5,2020,5,21,7,2,6,4,2,0,1,1,0,0,0,0,"13,19510902","52,54488639"
17736,138473,Berlin,1,2020,5,19,6,3,0,1,0,1,0,0,0,0,0,0,"13,40204796","52,5307034"
17737,138474,Berlin,9,2020,5,13,4,3,5,2,0,0,1,0,0,0,0,0,"13,50729273","52,43922163"
17738,138475,Berlin,10,2020,5,12,4,3,2,6,0,0,1,0,0,0,0,0,"13,56329566","52,51558768"
17739,138476,Berlin,7,2020,5,21,5,3,0,1,2,0,0,0,1,0,0,0,"13,34023544","52,46695508"
17740,138477,Berlin,4,2020,5,12,4,3,5,3,0,0,1,0,0,0,0,0,"13,27225181","52,51860615"
17741,138478,Berlin,6,2020,5,11,4,2,2,6,0,0,1,0,1,0,0,0,"13,33985986","52,45082103"
17742,138479,Berlin,11,2020,5,15,4,3,2,6,0,0,1,0,0,1,0,0,"13,50972247","52,5461564"
17743,138480,Berlin,11,2020,5,17,7,2,8,1,0,1,0,0,1,0,0,0,"13,52470853","52,4958771"
17744,138481,Berlin,7,2020,5,9,4,3,5,2,0,0,0,0,1,0,1,0,"13,34617631","52,50104666"
17745,138482,Berlin,2,2020,5,7,3,3,1,5,0,1,0,0,0,1,0,0,"13,42505755","52,49968256"
17746,138483,Berlin,8,2020,5,12,7,3,5,2,0,1,1,0,0,0,0,0,"13,49530756","52,43160046"
17747,138484,Berlin,3,2020,5,7,6,3,5,2,0,1,0,0,0,0,0,0,"13,42581857","52,54641845"
17748,138485,Berlin,3,2020,5,9,4,3,5,2,0,0,1,0,0,0,0,0,"13,44814203","52,5493289"
17749,138486,Berlin,2,2020,5,8,4,3,1,5,0,1,1,0,0,0,0,0,"13,39127933","52,50195828"
17750,138487,Berlin,5,2020,5,14,5,3,4,7,0,1,0,0,0,0,1,0,"13,16865225","52,53358068"
17751,138488,Berlin,9,2020,5,6,4,3,1,5,0,0,1,0,1,0,0,0,"13,52853568","52,42421432"
17752,138489,Berlin,7,2020,5,17,5,3,2,3,0,0,1,0,0,0,0,0,"13,36147242","52,41255812"
17753,138490,Berlin,6,2020,5,12,4,3,5,3,0,0,1,0,0,0,0,0,"13,26558088","52,44221143"
17754,138491,Berlin,7,2020,5,21,4,3,0,5,2,1,1,0,0,0,0,0,"13,35541283","52,48665814"
17755,138492,Berlin,12,2020,5,14,4,3,0,2,0,0,0,0,0,0,1,0,"13,32695534","52,56324667"
17756,138493,Berlin,3,2020,5,11,7,3,5,3,0,0,1,0,0,0,0,0,"13,43205991","52,61424193"
17757,138494,Berlin,3,2020,5,13,1,3,5,2,0,1,0,0,0,0,0,0,"13,38106917","52,63302615"
17758,138495,Berlin,4,2020,5,20,4,3,5,3,0,0,1,0,0,0,0,0,"13,31531769","52,51472768"
17759,138496,Berlin,10,2020,5,20,2,3,5,3,1,0,1,0,0,0,0,0,"13,61189781","52,51423302"
17760,138497,Berlin,2,2020,5,18,4,3,1,1,0,1,1,0,0,0,0,0,"13,45668396","52,50979065"
17761,138498,Berlin,5,2020,5,11,7,3,2,6,0,0,1,0,0,0,0,0,"13,18917204","52,53703301"
17762,138499,Berlin,12,2020,5,15,6,3,5,3,0,0,1,0,1,0,0,0,"13,32843101","52,56479292"
17763,138500,Berlin,2,2020,5,17,4,3,5,2,0,1,1,0,0,0,0,0,"13,46050385","52,51590945"
17764,138501,Berlin,3,2020,5,17,4,3,5,2,0,1,1,0,0,0,0,0,"13,41707311","52,56842079"
17765,138502,Berlin,3,2020,5,12,5,3,2,6,0,0,1,0,0,0,0,0,"13,44426212","52,5541634"
17766,138503,Berlin,1,2020,5,16,4,3,5,3,0,0,1,0,0,0,0,0,"13,33927601","52,52815474"
17767,138504,Berlin,2,2020,5,13,4,3,0,2,0,1,1,0,0,0,0,0,"13,43890003","52,51952239"
17768,138505,Berlin,12,2020,5,10,7,3,3,6,0,0,0,0,1,0,1,0,"13,31762869","52,56663591"
17769,138506,Berlin,1,2020,5,0,7,3,0,1,2,1,0,0,0,0,0,0,"13,4167977","52,51166133"
17770,138507,Berlin,4,2020,5,16,4,3,1,5,0,1,1,0,0,0,0,0,"13,28617853","52,49773606"
17771,138508,Berlin,6,2020,5,16,2,3,5,3,0,0,1,0,0,0,0,1,"13,20373566","52,42764697"
17772,138509,Berlin,2,2020,5,9,2,3,0,2,0,1,1,0,0,0,0,1,"13,4172817","52,49073275"
17773,138510,Berlin,2,2020,5,9,3,3,0,7,0,1,0,0,0,0,0,0,"13,38028501","52,49889111"
17774,138511,Berlin,4,2020,5,11,4,3,2,2,0,0,1,0,0,0,0,0,"13,28241726","52,5338801"
17775,138512,Berlin,6,2020,5,19,7,3,1,5,0,0,1,0,0,0,0,0,"13,31576977","52,4417789"
17776,138513,Berlin,6,2020,5,12,7,3,1,5,0,0,1,0,0,0,0,0,"13,2999723","52,45501609"
17777,138514,Berlin,10,2020,5,21,3,3,2,3,1,1,1,0,0,0,0,1,"13,56213677","52,51011977"
17778,138515,Berlin,7,2020,5,16,2,3,2,6,0,0,1,0,0,0,0,1,"13,37943327","52,45610952"
17779,138516,Berlin,3,2020,5,11,2,3,2,6,0,0,1,0,0,0,0,1,"13,44967491","52,54787146"
17780,138517,Berlin,7,2020,5,19,3,3,2,6,0,1,1,0,0,0,0,1,"13,3676452","52,48507731"
17781,138518,Berlin,4,2020,5,14,6,2,2,6,0,0,1,0,1,0,0,0,"13,26047088","52,51629671"
17782,138519,Berlin,1,2020,5,17,3,3,5,3,0,0,1,0,0,0,0,0,"13,34967043","52,50312942"
17783,138520,Berlin,9,2020,5,10,3,2,6,4,0,0,1,1,0,0,0,0,"13,57020597","52,44116114"
17784,138521,Berlin,4,2020,5,10,5,3,3,6,0,1,0,0,0,0,0,0,"13,31795385","52,4879459"
17785,138522,Berlin,11,2020,5,8,2,3,5,3,0,0,1,0,0,0,0,0,"13,48578245","52,51892621"
17786,138523,Berlin,12,2020,5,10,3,2,5,3,0,1,1,0,0,0,0,0,"13,27813889","52,63644707"
17787,138524,Berlin,2,2020,5,16,3,3,5,2,0,1,1,0,0,0,0,0,"13,41893055","52,49888492"
17788,138525,Berlin,1,2020,5,19,7,3,3,6,0,1,0,0,1,0,0,0,"13,39553674","52,52895417"
17789,138526,Berlin,2,2020,5,17,7,3,2,6,0,1,1,0,0,0,0,0,"13,47074302","52,50666465"
17790,138527,Berlin,1,2020,5,9,3,3,2,3,0,0,1,0,0,0,1,0,"13,35885731","52,55381337"
17791,138528,Berlin,4,2020,5,16,2,3,5,2,0,1,1,0,0,0,0,1,"13,30081688","52,49475883"
17792,138529,Berlin,7,2020,5,8,3,3,5,2,0,0,1,0,0,0,0,0,"13,38587191","52,44557276"
17793,138530,Berlin,6,2020,5,10,6,2,5,3,0,0,1,0,0,0,0,0,"13,30581597","52,41878851"
17794,138531,Berlin,3,2020,5,7,2,3,5,2,0,1,1,0,0,0,0,1,"13,41028457","52,55083622"
17795,138532,Berlin,1,2020,5,5,3,3,2,6,1,0,1,0,0,0,0,0,"13,41713613","52,52195965"
17796,138533,Berlin,8,2020,5,17,3,3,2,6,0,1,1,0,0,0,0,1,"13,42790303","52,49171498"
17797,138534,Berlin,6,2020,5,16,3,3,6,4,0,0,1,1,0,0,0,1,"13,30532669","52,45891729"
17798,138535,Berlin,2,2020,5,13,6,3,5,3,0,0,1,0,0,0,0,0,"13,45170518","52,51075051"
17799,138536,Berlin,4,2020,5,6,2,3,5,2,1,0,1,0,0,1,1,1,"13,32624675","52,53801756"
17800,138537,Berlin,6,2020,5,16,3,3,2,6,0,0,1,0,1,0,0,1,"13,35601311","52,44491007"
17801,138538,Berlin,9,2020,5,15,3,3,5,2,0,1,1,0,0,0,0,1,"13,59046641","52,4553548"
17802,138539,Berlin,9,2020,5,18,7,3,3,6,0,1,1,0,0,0,0,0,"13,58196647","52,41569948"
17803,138540,Berlin,10,2020,5,10,5,3,5,3,0,1,1,0,0,0,0,0,"13,56859939","52,56945272"
17804,138541,Berlin,6,2020,5,17,7,3,2,6,0,0,1,0,0,0,0,0,"13,31246965","52,4195734"
17805,138542,Berlin,4,2020,5,15,3,2,2,6,0,0,1,0,0,0,1,0,"13,32478228","52,51009798"
17806,138543,Berlin,2,2020,5,17,3,3,1,5,0,1,1,0,0,0,0,0,"13,45530546","52,51362692"
17807,138544,Berlin,6,2020,5,17,7,2,5,2,0,1,1,0,0,0,0,0,"13,18935251","52,4338511"
17808,138545,Berlin,7,2020,5,22,6,3,1,5,2,1,1,0,0,0,0,0,"13,3595677","52,4961941"
17809,138546,Berlin,5,2020,5,14,3,3,2,6,0,0,1,0,0,0,0,0,"13,21649688","52,54718186"
17810,138547,Berlin,4,2020,5,14,3,3,2,6,0,1,1,0,0,0,0,1,"13,30911035","52,48880134"
17811,138548,Berlin,7,2020,5,15,5,3,0,2,0,1,1,0,0,0,0,0,"13,35373492","52,49991354"
17812,138549,Berlin,3,2020,5,11,2,3,5,3,0,0,1,0,0,0,0,1,"13,45839816","52,53332019"
17813,138550,Berlin,3,2020,5,14,3,3,5,3,0,0,1,0,0,0,0,1,"13,42400156","52,60436996"
17814,138551,Berlin,4,2020,5,14,3,3,6,6,0,1,0,1,0,0,0,0,"13,28036877","52,51824994"
17815,138552,Berlin,11,2020,5,14,4,3,2,6,0,0,1,0,0,0,0,0,"13,50972247","52,5461564"
17816,138553,Berlin,3,2020,5,17,7,3,5,2,0,1,1,0,0,0,0,0,"13,42859671","52,58308869"
17817,138554,Berlin,12,2020,5,16,1,3,5,7,0,1,0,0,0,0,1,0,"13,21047083","52,60622029"
17818,138555,Berlin,6,2020,5,12,3,3,0,3,0,0,1,0,1,0,0,0,"13,33134056","52,46369109"
17819,138556,Berlin,6,2020,5,6,3,3,5,2,2,1,0,0,0,0,1,0,"13,34574712","52,43634105"
17820,138557,Berlin,1,2020,5,19,4,2,0,6,0,0,1,0,1,0,0,0,"13,41629112","52,51077462"
17821,138558,Berlin,2,2020,5,17,7,3,0,7,0,1,0,0,0,0,0,0,"13,39145725","52,49790415"
17822,138559,Berlin,4,2020,5,12,3,3,6,7,0,0,1,1,0,0,0,0,"13,29513996","52,48489961"
17823,138560,Berlin,9,2020,5,10,3,1,6,4,0,0,1,1,0,0,0,0,"13,53952127","52,45082159"
17824,138561,Berlin,7,2020,5,17,7,3,5,3,0,0,1,0,0,0,0,0,"13,37580296","52,45562869"
17825,138562,Berlin,1,2020,5,9,6,2,2,7,0,0,1,0,0,0,1,0,"13,33704916","52,55884024"
17826,138563,Berlin,6,2020,5,11,3,3,2,6,0,0,1,0,0,0,0,0,"13,34025538","52,44383268"
17827,138564,Berlin,8,2020,5,10,2,3,5,3,0,1,1,0,0,0,0,0,"13,45029655","52,47687023"
17828,138565,Berlin,2,2020,5,15,5,3,5,2,0,1,1,0,0,0,0,0,"13,44068261","52,51726336"
17829,138566,Berlin,8,2020,5,20,2,2,0,1,1,0,0,0,1,0,0,1,"13,43267037","52,44384205"
17830,138567,Berlin,8,2020,5,16,2,2,6,4,0,1,0,1,0,0,0,1,"13,42640231","52,47698809"
17831,138568,Berlin,4,2020,5,16,2,2,5,2,0,0,1,0,1,0,0,1,"13,29631972","52,52932174"
17832,138569,Berlin,7,2020,5,12,4,2,0,4,0,1,0,1,0,0,0,0,"13,32963462","52,47730151"
17833,138570,Berlin,8,2020,5,16,7,3,2,2,0,0,1,0,0,0,0,0,"13,43034432","52,46915336"
17834,138571,Berlin,8,2020,5,13,1,2,5,2,0,0,1,0,1,0,0,0,"13,45877612","52,44027232"
17835,138572,Berlin,12,2020,5,15,2,3,5,2,0,0,1,0,0,0,0,0,"13,32219953","52,60881384"
17836,138573,Berlin,2,2020,5,15,2,3,2,6,0,0,1,0,1,0,0,1,"13,42233164","52,49278365"
17837,138574,Berlin,1,2020,5,13,2,3,5,2,0,1,1,0,0,0,0,1,"13,34943844","52,55199528"
17838,138575,Berlin,4,2020,5,15,2,3,0,6,0,0,1,0,1,0,0,1,"13,28943176","52,481794"
17839,138576,Berlin,3,2020,5,15,7,3,6,4,0,0,0,1,0,0,1,0,"13,4613799","52,53038618"
17840,138577,Berlin,12,2020,5,14,6,3,1,5,0,0,1,0,1,0,0,0,"13,30994278","52,57831412"
17841,138578,Berlin,1,2020,5,15,2,3,0,2,0,0,0,0,1,0,1,1,"13,37025945","52,54468032"
17842,138579,Berlin,8,2020,5,14,2,3,6,4,0,0,0,1,1,0,0,1,"13,42480448","52,48068372"
17843,138580,Berlin,3,2020,5,11,5,3,4,6,0,0,1,0,0,0,0,0,"13,43745151","52,63761545"
17844,138581,Berlin,10,2020,5,13,2,2,6,4,0,0,0,1,0,0,1,0,"13,58691216","52,5489505"
17845,138582,Berlin,4,2020,5,13,7,3,1,1,0,1,1,0,0,0,0,0,"13,31998872","52,46953197"
17846,138583,Berlin,1,2020,5,18,6,3,0,2,0,1,1,0,0,0,0,0,"13,33747719","52,55196909"
17847,138584,Berlin,1,2020,5,13,2,3,6,4,0,0,0,1,1,0,0,1,"13,37786126","52,55654505"
17848,138585,Berlin,1,2020,5,12,2,3,2,6,0,0,1,0,0,0,0,1,"13,35573635","52,55510286"
17849,138586,Berlin,1,2020,5,13,5,3,1,5,0,1,1,0,0,0,0,0,"13,38870604","52,51776156"
17850,138587,Berlin,2,2020,5,11,2,3,5,2,0,1,1,0,0,0,0,1,"13,38992881","52,48966336"
17851,138588,Berlin,9,2020,5,10,4,3,1,5,0,1,1,0,0,0,0,0,"13,56833002","52,46658284"
17852,138589,Berlin,11,2020,5,15,7,3,0,7,0,1,1,0,0,0,0,0,"13,53099252","52,49262787"
17853,138590,Berlin,5,2020,5,23,7,2,1,1,2,0,1,0,0,0,0,0,"13,16586544","52,53347069"
17854,138591,Berlin,12,2020,5,11,2,3,0,1,0,0,0,0,1,0,0,1,"13,329222","52,56345164"
17855,138592,Berlin,4,2020,5,15,2,3,2,6,0,0,1,0,0,0,0,1,"13,25620672","52,51951722"
17856,138593,Berlin,4,2020,5,11,2,3,5,2,0,0,1,0,0,0,1,1,"13,28041939","52,50650376"
17857,138594,Berlin,1,2020,5,22,2,3,5,2,2,0,1,0,1,0,0,0,"13,38436118","52,56754331"
17858,138595,Berlin,2,2020,5,18,6,3,5,2,0,1,1,0,0,0,0,0,"13,4328861","52,5178368"
17859,138596,Berlin,11,2020,5,12,2,3,6,2,0,0,1,1,0,0,0,1,"13,50965435","52,54626945"
17860,138597,Berlin,4,2020,5,19,2,3,2,6,0,0,1,0,0,0,0,1,"13,31625698","52,51081275"
17861,138598,Berlin,10,2020,5,17,2,3,5,2,0,1,1,0,0,0,0,0,"13,59857242","52,53502846"
17862,138599,Berlin,9,2020,5,9,5,3,2,6,0,0,1,0,0,1,0,0,"13,47877374","52,47164721"
17863,138600,Berlin,7,2020,5,20,2,3,0,1,1,0,0,0,1,0,0,1,"13,34028005","52,49425864"
17864,138601,Berlin,1,2020,5,16,2,1,8,1,0,1,0,0,0,0,0,0,"13,37529352","52,5216867"
17865,138602,Berlin,4,2020,5,18,3,3,2,6,0,0,1,0,0,0,0,0,"13,31334801","52,50638872"
17866,138603,Berlin,1,2020,5,16,2,3,5,2,0,1,1,0,0,0,0,0,"13,39134882","52,55508651"
17867,138604,Berlin,9,2020,5,7,3,3,6,4,0,1,0,1,0,0,0,0,"13,58229848","52,4173895"
17868,138605,Berlin,2,2020,5,20,7,3,5,2,1,1,1,0,0,0,0,0,"13,37320371","52,50349736"
17869,138606,Berlin,3,2020,5,18,7,2,8,1,0,0,0,0,1,0,0,0,"13,43363054","52,59541308"
17870,138607,Berlin,3,2020,5,16,2,2,6,4,0,0,1,1,0,0,0,1,"13,421577","52,56724253"
17871,138608,Berlin,9,2020,5,15,2,3,5,3,0,0,1,0,0,0,0,1,"13,57797295","52,45699405"
17872,138609,Berlin,7,2020,5,8,2,3,0,1,0,0,0,0,1,0,0,1,"13,36589974","52,49388852"
17873,138610,Berlin,11,2020,5,10,2,3,5,2,0,1,1,0,0,0,0,1,"13,45902798","52,52613444"
17874,138611,Berlin,12,2020,5,12,6,3,6,4,0,0,1,1,0,0,0,0,"13,30024371","52,642941"
17875,138612,Berlin,1,2020,5,9,2,3,1,5,0,1,1,0,0,0,0,0,"13,39712705","52,50853958"
17876,138613,Berlin,3,2020,5,8,2,3,0,7,0,1,0,0,0,0,0,0,"13,43699078","52,54186619"
17877,138614,Berlin,1,2020,5,20,7,2,6,4,0,0,0,1,1,0,0,0,"13,33598532","52,54224701"
17878,138615,Berlin,4,2020,5,22,4,3,1,5,2,0,1,0,0,0,0,0,"13,32579097","52,50001057"