,id,city,district,year,month,hour,weekday,injury_level,collision,movement,light_conditions,bicycle,car,pedestrian,motorbike,truck,other_vehicle,road_conditions,longitude,latitude
17879,138616,Berlin,2,2020,5,13,7,2,0,1,0,1,0,0,0,0,0,0,"13,42264582","52,49918376"
17880,138617,Berlin,2,2020,5,8,2,3,2,6,0,0,1,0,0,0,1,1,"13,46339338","52,49939978"
17881,138618,Berlin,7,2020,5,14,3,3,1,5,0,1,1,0,0,0,0,0,"13,40901202","52,38310044"
17882,138619,Berlin,1,2020,5,18,7,3,3,6,0,1,1,0,0,0,0,0,"13,34333908","52,52850218"
17883,138620,Berlin,8,2020,5,10,6,3,5,2,0,1,1,0,0,0,0,0,"13,43396081","52,44353374"
17884,138621,Berlin,8,2020,5,8,2,3,0,4,0,0,1,1,0,0,0,0,"13,49557388","52,41779885"
17885,138622,Berlin,12,2020,5,13,1,3,2,6,0,0,1,0,0,0,0,0,"13,27084593","52,57586843"
17886,138623,Berlin,6,2020,5,18,5,3,2,6,0,0,1,0,0,0,0,0,"13,30748722","52,46652634"
17887,138624,Berlin,8,2020,5,19,2,3,6,4,0,0,1,1,0,0,0,1,"13,47381498","52,46481219"
17888,138625,Berlin,6,2020,5,17,1,3,6,4,0,0,1,1,0,0,0,0,"13,3304242","52,44516891"
17889,138626,Berlin,8,2020,5,15,7,3,0,3,0,0,1,0,1,0,0,0,"13,44050422","52,46744015"
17890,138627,Berlin,11,2020,5,17,6,3,4,6,0,1,0,0,0,0,0,0,"13,50727891","52,50850445"
17891,138628,Berlin,5,2020,5,16,1,3,5,3,0,0,1,0,0,0,0,0,"13,15781993","52,54303362"
17892,138629,Berlin,1,2020,5,15,1,3,6,4,0,0,1,1,0,0,0,0,"13,35347921","52,54653937"
17893,138630,Berlin,10,2020,5,19,5,3,1,5,0,0,1,0,1,0,0,0,"13,57342764","52,56528453"
17894,138631,Berlin,6,2020,5,11,1,3,2,2,0,1,1,0,0,0,0,0,"13,34910618","52,44662606"
17895,138632,Berlin,2,2020,5,0,1,3,5,3,2,0,1,0,0,0,0,1,"13,44181628","52,50125964"
17896,138633,Berlin,10,2020,5,16,4,3,5,3,0,0,1,0,0,0,1,0,"13,55802512","52,52959575"
17897,138634,Berlin,5,2020,5,13,7,3,5,2,0,1,1,0,0,0,0,0,"13,16273251","52,52006137"
17898,138635,Berlin,2,2020,5,13,1,3,5,2,0,1,1,0,0,0,0,0,"13,4422631","52,50090328"
17899,138636,Berlin,6,2020,5,8,3,2,0,6,0,0,0,0,0,1,1,0,"13,3630561","52,43475422"
17900,138637,Berlin,4,2020,5,16,6,3,6,6,0,1,0,1,0,0,0,0,"13,29331154","52,50574546"
17901,138638,Berlin,8,2020,5,19,6,3,5,7,0,0,1,0,0,0,0,0,"13,44685447","52,48612876"
17902,138639,Berlin,5,2020,5,13,1,3,1,5,0,0,1,0,0,0,0,0,"13,15667976","52,53432896"
17903,138640,Berlin,6,2020,5,12,1,3,0,1,0,1,0,0,0,0,0,0,"13,30168453","52,45826351"
17904,138641,Berlin,5,2020,5,14,5,3,2,6,0,0,1,0,0,0,0,0,"13,25008464","52,5474896"
17905,138642,Berlin,5,2020,5,11,1,3,5,3,0,1,1,0,0,0,0,0,"13,18155013","52,53407259"
17906,138643,Berlin,8,2020,5,12,4,2,6,4,0,0,1,1,0,0,0,0,"13,48808932","52,42625547"
17907,138644,Berlin,12,2020,5,22,6,3,0,7,2,1,0,0,0,0,0,0,"13,3571395","52,59251719"
17908,138645,Berlin,7,2020,5,9,7,2,5,2,0,1,1,0,0,0,0,0,"13,3285495","52,4733957"
17909,138646,Berlin,9,2020,5,7,1,3,9,1,0,0,1,0,0,0,0,0,"13,62492087","52,45692884"
17910,138647,Berlin,6,2020,5,15,4,3,6,4,0,1,0,1,0,0,0,0,"13,32629911","52,45611236"
17911,138648,Berlin,12,2020,5,19,6,3,2,2,0,0,1,0,0,0,1,0,"13,31316397","52,57125588"
17912,138649,Berlin,2,2020,5,14,1,3,5,3,0,1,1,0,0,0,0,0,"13,41116737","52,50350744"
17913,138650,Berlin,8,2020,5,22,7,2,5,3,2,0,1,0,0,0,1,1,"13,43455633","52,48292039"
17914,138651,Berlin,4,2020,5,16,2,3,5,3,0,0,1,0,1,0,0,1,"13,31657963","52,5162497"
17915,138652,Berlin,3,2020,5,21,7,3,5,3,2,1,1,0,0,0,0,1,"13,42853555","52,54784967"
17916,138653,Berlin,2,2020,5,15,6,3,3,6,0,0,1,0,1,0,0,0,"13,38890246","52,49876595"
17917,138654,Berlin,1,2020,5,17,6,3,1,5,0,1,1,0,0,0,0,0,"13,38489422","52,52691789"
17918,138655,Berlin,7,2020,5,12,7,3,5,3,0,0,1,0,0,0,0,1,"13,32895566","52,47134245"
17919,138656,Berlin,1,2020,5,16,7,3,2,6,0,0,1,0,0,0,0,0,"13,38845263","52,53963021"
17920,138657,Berlin,6,2020,5,12,5,3,2,2,0,0,1,0,1,0,0,0,"13,22982491","52,43104162"
17921,138658,Berlin,1,2020,5,19,2,3,5,2,0,0,1,0,0,0,0,1,"13,33744372","52,55878623"
17922,138659,Berlin,8,2020,5,13,7,3,1,5,0,1,1,0,0,0,0,0,"13,42843579","52,47286071"
17923,138660,Berlin,1,2020,5,7,4,3,0,2,0,1,1,0,0,0,0,0,"13,34111862","52,50499725"
17924,138661,Berlin,2,2020,5,22,6,3,0,1,2,1,0,0,0,0,0,0,"13,38737324","52,49286042"
17925,138662,Berlin,10,2020,5,18,7,2,5,3,1,0,1,0,0,0,1,0,"13,56562517","52,52915744"
17926,138663,Berlin,9,2020,5,13,7,3,2,6,0,0,1,0,0,0,0,0,"13,5694726","52,45296315"
17927,138664,Berlin,1,2020,5,14,2,3,5,3,0,1,1,0,0,0,0,1,"13,4219402","52,50512531"
17928,138665,Berlin,3,2020,5,10,2,3,0,7,0,0,1,0,0,0,0,1,"13,45359198","52,59184381"
17929,138666,Berlin,2,2020,5,12,7,3,5,3,0,1,1,0,0,0,0,1,"13,41096761","52,50390356"
17930,138667,Berlin,11,2020,5,13,6,2,5,3,0,0,1,0,1,0,0,0,"13,47503293","52,53656086"
17931,138668,Berlin,6,2020,5,12,7,3,6,7,0,1,0,1,0,0,0,0,"13,3282873","52,42870713"
17932,138669,Berlin,11,2020,5,9,7,3,0,3,0,1,0,0,0,0,1,0,"13,50179206","52,4982484"
17933,138670,Berlin,7,2020,5,14,2,3,0,1,0,0,0,0,1,0,0,1,"13,37057409","52,42246618"
17934,138671,Berlin,12,2020,5,10,2,2,6,2,0,0,1,1,0,0,0,1,"13,28697851","52,58629098"
17935,138672,Berlin,10,2020,5,13,7,3,2,6,0,0,1,0,0,0,0,1,"13,51895915","52,51558999"
17936,138673,Berlin,12,2020,5,7,6,3,5,2,0,1,0,0,0,1,0,0,"13,29009414","52,58248978"
17937,138674,Berlin,3,2020,5,14,7,3,0,6,0,0,1,0,1,0,0,1,"13,42267086","52,54455753"
17938,138675,Berlin,7,2020,5,11,7,2,5,3,0,0,1,0,0,0,0,1,"13,34218287","52,47894493"
17939,138676,Berlin,1,2020,5,14,5,3,0,1,0,1,0,0,0,0,0,0,"13,41717383","52,52413971"
17940,138677,Berlin,9,2020,5,15,7,3,2,6,0,0,1,0,0,0,0,1,"13,540885","52,4356073"
17941,138678,Berlin,6,2020,5,13,3,3,5,3,0,1,1,0,0,0,0,0,"13,25028301","52,4185508"
17942,138679,Berlin,5,2020,5,21,6,3,2,7,2,0,1,0,0,0,0,0,"13,21819709","52,54856784"
17943,138680,Berlin,2,2020,5,17,7,3,2,6,0,1,0,0,0,0,0,0,"13,39473277","52,49615722"
17944,138681,Berlin,7,2020,5,16,7,3,2,2,0,0,1,0,0,0,0,1,"13,38660969","52,45634579"
17945,138682,Berlin,9,2020,5,18,1,3,0,2,0,1,1,0,0,0,0,0,"13,57448708","52,45297071"
17946,138683,Berlin,5,2020,5,16,7,3,2,6,0,0,1,0,0,0,0,0,"13,15049932","52,53289855"
17947,138684,Berlin,3,2020,5,11,6,2,5,3,0,0,1,0,0,0,0,0,"13,41096078","52,56117453"
17948,138685,Berlin,10,2020,5,17,7,3,0,7,0,0,1,0,0,0,1,0,"13,57758874","52,54760217"
17949,138686,Berlin,7,2020,5,18,7,3,5,3,0,0,1,0,0,0,0,1,"13,35883664","52,47459997"
17950,138687,Berlin,8,2020,5,20,4,3,5,2,1,1,1,0,0,0,0,0,"13,44276911","52,48042771"
17951,138688,Berlin,5,2020,5,20,6,2,0,1,1,1,0,0,0,0,0,0,"13,14181958","52,46182675"
17952,138689,Berlin,3,2020,5,3,7,3,6,6,2,0,1,1,0,0,0,0,"13,36752124","52,59583649"
17953,138690,Berlin,9,2020,5,14,6,3,2,6,0,0,1,0,0,0,0,0,"13,58067183","52,45548849"
17954,138691,Berlin,11,2020,5,18,6,2,0,1,0,0,1,0,1,0,0,0,"13,49960713","52,54537358"
17955,138692,Berlin,12,2020,5,2,5,2,0,1,2,0,1,0,0,0,0,0,"13,32793122","52,59966654"
17956,138693,Berlin,4,2020,5,15,6,3,3,6,0,1,0,0,0,0,1,0,"13,29606456","52,53043581"
17957,138694,Berlin,7,2020,5,20,6,3,0,6,2,0,1,0,1,0,0,1,"13,35555103","52,49461972"
17958,138695,Berlin,7,2020,5,17,3,3,5,5,0,0,1,0,1,0,0,0,"13,34974329","52,49476313"
17959,138696,Berlin,5,2020,5,15,6,2,5,2,0,0,1,0,0,0,0,0,"13,14159472","52,53244392"
17960,138697,Berlin,12,2020,5,13,6,3,5,2,0,1,1,0,0,0,0,0,"13,3253954","52,56466826"
17961,138698,Berlin,9,2020,5,15,6,3,5,2,0,0,1,0,0,0,0,0,"13,65343557","52,4633289"
17962,138699,Berlin,9,2020,5,10,6,3,3,6,0,0,1,0,1,0,0,0,"13,55857524","52,45602654"
17963,138700,Berlin,1,2020,5,21,5,3,0,1,2,1,0,0,0,0,0,0,"13,35612081","52,55535627"
17964,138701,Berlin,3,2020,5,2,6,3,8,7,2,0,1,0,0,0,0,0,"13,38083226","52,57445939"
17965,138702,Berlin,11,2020,5,23,6,3,6,7,2,1,0,1,0,0,0,0,"13,47545525","52,50215588"
17966,138703,Berlin,5,2020,5,14,4,3,5,3,0,1,0,0,0,0,1,0,"13,19805391","52,53292517"
17967,138704,Berlin,5,2020,5,15,6,3,2,6,0,0,1,0,0,0,0,0,"13,20123721","52,51206586"
17968,138705,Berlin,9,2020,5,17,1,3,2,6,0,0,1,0,0,0,0,0,"13,58199958","52,44221343"
17969,138706,Berlin,6,2020,5,22,6,3,0,1,2,0,0,0,1,0,0,1,"13,32314999","52,45689378"
17970,138707,Berlin,8,2020,5,7,3,3,5,3,0,0,1,0,0,0,0,0,"13,47987173","52,41264295"
17971,138708,Berlin,8,2020,5,15,6,3,5,3,0,0,1,0,0,0,0,0,"13,45398978","52,47201204"
17972,138709,Berlin,2,2020,5,18,6,3,2,6,0,0,1,0,0,0,0,0,"13,41912046","52,48748618"
17973,138710,Berlin,3,2020,5,16,6,2,7,7,0,1,0,0,0,0,0,0,"13,43879296","52,55774373"
17974,138711,Berlin,5,2020,5,10,3,3,2,6,0,0,1,0,0,0,0,0,"13,22386602","52,53059589"
17975,138712,Berlin,9,2020,5,13,6,3,3,6,0,1,0,0,0,0,0,0,"13,59702925","52,45278573"
17976,138713,Berlin,9,2020,5,9,6,3,5,2,0,1,1,0,0,0,0,0,"13,48402007","52,46775192"
17977,138714,Berlin,7,2020,5,19,6,3,2,6,0,0,1,0,1,0,0,0,"13,42039937","52,46164851"
17978,138715,Berlin,1,2020,5,17,6,3,6,4,0,0,1,1,0,0,0,0,"13,35599859","52,55527579"
17979,138716,Berlin,6,2020,5,16,5,3,3,2,0,0,1,0,1,0,0,0,"13,31077977","52,42116337"
17980,138717,Berlin,6,2020,5,16,6,2,1,5,0,1,1,0,0,0,0,0,"13,19901786","52,44015554"
17981,138718,Berlin,6,2020,5,15,6,3,4,6,0,1,1,0,0,0,0,0,"13,22950849","52,42083762"
17982,138719,Berlin,12,2020,5,12,4,3,5,7,0,0,0,0,1,0,1,0,"13,31701743","52,56847468"
17983,138720,Berlin,2,2020,5,12,6,3,0,7,0,0,1,0,1,0,0,1,"13,45800515","52,51061651"
17984,138721,Berlin,5,2020,5,13,1,3,0,5,0,0,1,0,1,0,0,0,"13,23677379","52,54723688"
17985,138722,Berlin,1,2020,5,14,6,3,6,4,0,0,1,1,0,0,0,0,"13,35127742","52,53942028"
17986,138723,Berlin,10,2020,5,14,2,3,6,4,0,0,1,1,0,0,0,0,"13,6056683","52,5358379"
17987,138724,Berlin,12,2020,5,13,6,3,5,2,0,1,1,0,0,0,0,0,"13,32842968","52,57561542"
17988,138725,Berlin,4,2020,5,12,6,3,5,2,0,1,1,0,0,0,0,0,"13,22868971","52,50512307"
17989,138726,Berlin,12,2020,5,14,6,3,0,1,0,0,0,0,1,0,0,0,"13,32419636","52,58783946"
17990,138727,Berlin,7,2020,5,4,6,2,9,1,2,0,1,0,0,0,0,0,"13,36225052","52,44719982"
17991,138728,Berlin,9,2020,5,11,6,2,0,1,0,1,0,0,0,0,0,0,"13,62521681","52,45496898"
17992,138729,Berlin,8,2020,5,12,5,3,2,6,0,0,1,0,0,0,1,0,"13,43590441","52,4491599"
17993,138730,Berlin,1,2020,5,17,6,2,0,1,0,0,0,0,1,0,0,0,"13,35755462","52,55354969"
17994,138731,Berlin,2,2020,5,19,3,3,5,2,0,1,1,0,0,0,0,0,"13,43002891","52,51020273"
17995,138732,Berlin,3,2020,4,9,5,3,6,7,0,0,1,1,0,0,0,1,"13,43379735","52,60874587"
17996,138733,Berlin,1,2020,5,14,5,3,2,6,0,0,0,0,0,0,1,0,"13,38495196","52,55597599"
17997,138734,Berlin,5,2020,4,14,5,3,2,6,0,0,1,0,0,0,0,1,"13,21897328","52,5488077"
17998,138735,Berlin,3,2020,5,10,4,3,5,3,0,0,1,0,0,0,0,0,"13,46608079","52,52328063"
17999,138736,Berlin,12,2020,5,11,6,3,5,3,0,1,1,0,0,0,0,0,"13,28242275","52,57566291"
18000,138737,Berlin,4,2020,5,2,7,3,1,5,2,1,1,0,0,0,0,0,"13,30000328","52,51827105"
18001,138738,Berlin,4,2020,4,14,5,3,5,2,0,1,1,0,0,0,0,1,"13,3018485","52,49904463"
18002,138739,Berlin,3,2020,5,21,1,3,5,3,2,0,1,0,0,0,1,0,"13,39750636","52,580019"
18003,138740,Berlin,5,2020,5,11,2,2,7,7,0,0,1,0,0,0,0,1,"13,19755179","52,55820124"
18004,138741,Berlin,10,2020,4,15,5,2,5,3,0,1,1,0,0,0,0,0,"13,5583155","52,49262943"
18005,138742,Berlin,4,2020,5,14,6,2,5,2,0,1,1,0,0,0,0,0,"13,30223199","52,50788825"
18006,138743,Berlin,11,2020,5,17,2,2,6,4,0,0,0,1,0,0,1,1,"13,51253241","52,56617287"
18007,138744,Berlin,4,2020,4,15,5,3,2,6,0,0,1,0,1,0,0,1,"13,33101118","52,49299306"
18008,138745,Berlin,1,2020,4,15,5,3,5,3,0,1,1,0,0,0,0,1,"13,37009881","52,53426667"
18009,138746,Berlin,7,2020,5,10,5,3,6,7,0,0,0,1,0,1,0,0,"13,34980831","52,50030609"
18010,138747,Berlin,12,2020,5,17,2,3,5,2,0,1,0,0,0,0,1,0,"13,32590323","52,56463431"
18011,138748,Berlin,4,2020,4,15,5,3,5,3,0,1,1,0,0,0,0,1,"13,31539651","52,50324802"
18012,138749,Berlin,1,2020,5,19,3,3,2,2,0,0,1,0,0,0,0,0,"13,34383358","52,54634625"
18013,138750,Berlin,5,2020,5,11,6,2,0,6,0,0,1,0,1,0,0,0,"13,17977924","52,53887116"
18014,138751,Berlin,1,2020,5,12,7,3,2,6,0,0,1,0,0,0,1,0,"13,37420731","52,54364502"
18015,138752,Berlin,7,2020,4,15,5,2,5,2,0,0,1,0,0,0,0,1,"13,39274485","52,41265223"
18016,138753,Berlin,12,2020,4,14,5,3,2,2,0,0,1,0,0,0,0,1,"13,32978942","52,56915994"
18017,138754,Berlin,8,2020,5,15,3,3,3,6,0,0,1,1,0,1,0,0,"13,45151477","52,46511228"
18018,138755,Berlin,8,2020,5,16,5,3,6,4,0,0,1,1,0,0,0,0,"13,42864121","52,4724533"
18019,138756,Berlin,5,2020,5,20,3,3,6,4,1,0,1,1,0,0,0,0,"13,23400122","52,54749527"
18020,138757,Berlin,6,2020,5,10,4,2,5,3,0,1,1,0,0,0,0,0,"13,3321258","52,42550352"
18021,138758,Berlin,8,2020,5,12,2,3,5,3,0,0,1,0,0,0,0,1,"13,43412771","52,44279657"
18022,138759,Berlin,7,2020,5,16,4,3,0,1,0,1,0,0,0,0,0,0,"13,37635441","52,40892766"
18023,138760,Berlin,9,2020,5,16,4,3,5,3,0,0,0,0,1,0,0,0,"13,47866782","52,47159355"
18024,138761,Berlin,7,2020,5,18,7,2,0,7,0,1,0,0,0,0,0,0,"13,40545648","52,38977355"
18025,138762,Berlin,8,2020,5,15,3,3,1,7,0,0,1,1,0,0,0,0,"13,43186202","52,46657083"
18026,138763,Berlin,5,2020,5,13,7,2,3,6,0,0,1,0,0,0,0,0,"13,21257067","52,52721948"
18027,138764,Berlin,4,2020,5,19,3,2,5,2,0,1,1,0,0,0,0,0,"13,29738217","52,52658775"
18028,138765,Berlin,8,2020,5,15,3,3,2,6,0,1,1,0,0,0,0,0,"13,41889486","52,4447004"
18029,138766,Berlin,10,2020,5,16,6,2,6,4,0,0,1,1,0,0,0,0,"13,60515317","52,53657577"
18030,138767,Berlin,6,2020,5,18,5,3,3,6,0,1,1,0,0,0,0,0,"13,35111445","52,44071776"
18031,138768,Berlin,2,2020,5,14,3,3,2,2,0,0,1,0,1,0,0,0,"13,44350996","52,5120615"
18032,138769,Berlin,4,2020,5,16,2,3,0,4,0,1,0,1,0,0,0,0,"13,31689296","52,50191292"
18033,138770,Berlin,12,2020,5,13,5,3,5,3,0,1,1,0,0,0,0,0,"13,35262281","52,57476696"
18034,138771,Berlin,4,2020,5,16,4,3,5,2,0,1,1,0,0,0,0,0,"13,31589388","52,49652401"
18035,138772,Berlin,5,2020,5,22,1,3,5,3,2,0,1,0,0,0,0,1,"13,19860966","52,55536651"
18036,138773,Berlin,7,2020,5,7,4,3,0,7,0,0,1,0,0,0,1,0,"13,37443695","52,47886056"
18037,138774,Berlin,9,2020,5,12,7,3,2,6,0,0,1,0,0,0,0,0,"13,58199995","52,44221483"
18038,138775,Berlin,3,2020,5,0,6,3,0,1,2,1,0,0,0,0,0,0,"13,43512443","52,56269948"
18039,138776,Berlin,9,2020,5,15,3,3,8,7,0,1,1,0,0,0,0,0,"13,50461559","52,47758248"
18040,138777,Berlin,11,2020,5,10,2,3,0,6,0,1,1,0,0,0,0,0,"13,52555868","52,481989"
18041,138778,Berlin,5,2020,5,14,4,2,5,7,0,0,1,0,1,0,0,0,"13,16197499","52,55172931"
18042,138779,Berlin,10,2020,5,16,7,3,5,3,0,0,1,0,0,0,0,0,"13,60584327","52,47871194"
18043,138780,Berlin,8,2020,5,1,7,3,2,6,2,0,1,0,0,0,0,1,"13,45235197","52,45232587"
18044,138781,Berlin,11,2020,5,17,3,3,2,6,0,0,1,0,0,0,0,0,"13,47935279","52,51607465"
18045,138782,Berlin,12,2020,5,15,3,3,0,7,0,0,0,0,1,0,1,1,"13,33046614","52,57106823"
18046,138783,Berlin,6,2020,5,14,6,3,5,2,0,1,1,0,0,0,0,0,"13,31551937","52,44312836"
18047,138784,Berlin,5,2020,5,14,5,3,5,2,0,0,1,0,0,0,0,0,"13,1828473","52,51848079"
18048,138785,Berlin,7,2020,5,12,7,3,0,6,0,1,0,0,0,0,0,0,"13,35352066","52,48889747"
18049,138786,Berlin,4,2020,5,14,3,3,5,3,0,0,1,0,0,0,0,0,"13,29681105","52,54812259"
18050,138787,Berlin,1,2020,5,17,2,3,6,4,0,1,0,1,0,0,0,0,"13,36933703","52,52657499"
18051,138788,Berlin,1,2020,5,12,5,3,2,3,0,0,1,0,1,0,0,0,"13,33906394","52,55032148"
18052,138789,Berlin,5,2020,5,16,4,3,2,6,0,0,1,0,0,0,0,0,"13,17924427","52,53374764"
18053,138790,Berlin,7,2020,5,13,1,3,4,1,0,0,1,0,0,0,0,1,"13,39109262","52,39885338"
18054,138791,Berlin,9,2020,5,16,4,2,0,7,0,0,1,0,0,1,0,0,"13,65198891","52,37535291"
18055,138792,Berlin,6,2020,5,8,6,2,2,6,0,1,0,0,0,0,0,0,"13,33088028","52,44579069"
18056,138793,Berlin,4,2020,5,18,6,3,5,2,0,0,1,0,0,0,0,0,"13,32610678","52,53836756"
18057,138794,Berlin,4,2020,5,14,3,3,5,3,0,1,1,0,0,0,0,0,"13,32221232","52,4955016"
18058,138795,Berlin,8,2020,5,14,3,3,0,2,0,1,1,0,0,0,0,0,"13,4573938","52,45343666"
18059,138796,Berlin,8,2020,5,10,5,3,5,7,0,0,1,0,0,0,0,0,"13,46538524","52,46059988"
18060,138797,Berlin,1,2020,5,20,3,3,2,2,0,0,1,0,0,0,0,0,"13,42120718","52,50975922"
18061,138798,Berlin,9,2020,5,10,4,2,5,3,0,1,1,0,0,0,0,0,"13,56973588","52,46577753"
18062,138799,Berlin,12,2020,5,14,3,3,0,7,0,0,0,0,1,0,1,1,"13,33007203","52,56995354"
18063,138800,Berlin,10,2020,5,15,2,3,2,6,0,0,1,0,0,0,0,1,"13,53967083","52,53447632"
18064,138801,Berlin,4,2020,5,20,4,3,5,3,1,0,1,0,1,0,0,0,"13,33522097","52,48580566"
18065,138802,Berlin,1,2020,5,12,3,3,2,6,0,0,1,0,0,0,1,0,"13,35084854","52,54255551"
18066,138803,Berlin,4,2020,5,12,5,2,1,5,0,1,1,0,0,0,0,0,"13,30383351","52,50988354"
18067,138804,Berlin,1,2020,5,10,5,3,0,1,0,0,0,0,1,0,0,0,"13,37954017","52,53338927"
18068,138805,Berlin,2,2020,5,18,7,3,5,7,0,0,1,0,1,0,0,0,"13,45875365","52,51134537"
18069,138806,Berlin,3,2020,5,11,3,3,6,7,0,0,1,1,0,0,0,0,"13,37829962","52,57655985"
18070,138807,Berlin,4,2020,5,8,2,3,6,2,0,0,1,1,0,0,0,0,"13,29624845","52,49761845"
18071,138808,Berlin,4,2020,5,8,5,3,5,2,0,0,1,0,0,0,1,0,"13,32625002","52,53801059"
18072,138809,Berlin,3,2020,5,16,4,2,6,4,0,0,1,1,0,0,0,0,"13,36929157","52,59726585"
18073,138810,Berlin,7,2020,5,0,7,2,6,4,2,0,1,1,0,0,0,1,"13,36008976","52,49046629"
18074,138811,Berlin,9,2020,5,14,4,3,5,3,0,0,1,0,0,1,0,0,"13,57691654","52,44435147"
18075,138812,Berlin,12,2020,5,11,6,3,2,6,0,0,1,0,0,0,0,0,"13,24940802","52,55279895"
18076,138813,Berlin,1,2020,5,21,6,3,2,6,1,0,1,0,0,0,0,1,"13,35955141","52,54627665"
18077,138814,Berlin,12,2020,5,10,3,3,0,3,0,0,1,0,1,0,0,0,"13,34425875","52,59605435"
18078,138815,Berlin,5,2020,5,9,3,3,1,6,0,1,1,0,0,0,1,0,"13,18322785","52,48512078"
18079,138816,Berlin,7,2020,5,5,5,2,0,6,0,0,1,0,1,0,0,0,"13,37146791","52,45251414"
18080,138817,Berlin,10,2020,5,20,3,3,5,3,0,1,1,0,0,0,0,0,"13,59613931","52,52974728"
18081,138818,Berlin,8,2020,5,17,4,3,5,3,0,1,1,0,0,0,0,0,"13,41637462","52,48047619"
18082,138819,Berlin,1,2020,5,13,2,3,2,6,0,0,1,0,0,0,1,1,"13,42372234","52,51352479"
18083,138820,Berlin,11,2020,5,17,4,3,2,6,0,0,1,0,1,0,0,0,"13,49001012","52,51356961"
18084,138821,Berlin,3,2020,5,14,4,3,5,3,0,1,1,0,0,0,0,0,"13,43262504","52,57089672"
18085,138822,Berlin,4,2020,5,9,3,3,5,2,0,0,1,0,0,0,0,0,"13,32610797","52,53836219"
18086,138823,Berlin,10,2020,5,13,7,3,2,6,0,0,1,0,0,0,0,0,"13,61696263","52,51971695"
18087,138824,Berlin,2,2020,5,20,3,3,5,3,0,0,1,0,0,0,0,0,"13,39640466","52,49124602"
18088,138825,Berlin,6,2020,5,15,4,3,5,2,0,1,1,0,0,0,0,0,"13,24398501","52,44617976"
18089,138826,Berlin,1,2020,5,19,7,3,3,6,0,1,1,0,0,0,0,0,"13,41883605","52,50632657"
18090,138827,Berlin,7,2020,5,11,4,3,5,7,0,0,1,0,0,0,0,0,"13,35345267","52,50094986"
18091,138828,Berlin,6,2020,5,7,6,2,5,2,0,1,1,0,0,0,0,0,"13,23723089","52,46927821"
18092,138829,Berlin,10,2020,5,16,6,3,5,2,0,1,0,0,0,0,1,0,"13,56945007","52,56081233"
18093,138830,Berlin,10,2020,5,13,3,3,5,3,0,1,1,0,0,0,0,0,"13,55764008","52,547491"
18094,138831,Berlin,4,2020,5,8,3,3,5,2,0,1,0,0,0,0,0,0,"13,32223345","52,5211063"
18095,138832,Berlin,10,2020,5,16,5,3,5,2,0,1,1,0,0,0,0,0,"13,54012811","52,52566473"
18096,138833,Berlin,3,2020,5,19,3,3,5,3,0,1,1,0,0,0,0,0,"13,39097105","52,58383911"
18097,138834,Berlin,12,2020,5,10,4,3,5,3,0,1,1,0,0,0,0,0,"13,35466973","52,61799917"
18098,138835,Berlin,10,2020,5,11,2,3,2,6,0,0,1,0,0,0,0,0,"13,57278825","52,55018518"
18099,138836,Berlin,9,2020,5,16,4,3,5,3,0,1,0,0,0,0,1,0,"13,56763871","52,44486677"
18100,138837,Berlin,11,2020,5,17,7,3,5,2,0,1,1,0,0,0,0,0,"13,47779174","52,51459262"
18101,138838,Berlin,2,2020,5,8,3,3,5,7,0,0,1,0,1,0,0,0,"13,37825804","52,48501953"
18102,138839,Berlin,3,2020,5,11,7,3,5,3,0,0,1,0,1,0,0,0,"13,4278683","52,58777386"
18103,138840,Berlin,11,2020,5,18,3,3,9,1,0,0,1,0,1,0,0,0,"13,47602973","52,51251863"
18104,138841,Berlin,8,2020,5,7,3,3,5,3,0,1,1,0,0,0,0,0,"13,47976102","52,41440507"
18105,138842,Berlin,2,2020,5,15,6,3,5,3,0,1,1,0,0,0,0,0,"13,38399852","52,49517054"
18106,138843,Berlin,6,2020,5,17,5,2,0,1,0,0,0,0,1,0,0,0,"13,22413931","52,44064284"
18107,138844,Berlin,1,2020,5,23,7,3,5,3,2,0,1,0,0,0,0,0,"13,4196747","52,50608319"
18108,138845,Berlin,12,2020,5,6,3,3,1,5,0,1,1,0,0,0,0,0,"13,299487","52,58114831"
18109,138846,Berlin,4,2020,5,20,2,3,1,5,1,1,1,0,0,0,0,0,"13,30959656","52,50018439"
18110,138847,Berlin,5,2020,5,12,5,3,2,6,0,0,1,0,0,0,0,0,"13,14826759","52,45670275"
18111,138848,Berlin,8,2020,5,6,3,2,3,5,0,0,1,0,1,0,0,0,"13,44355432","52,42561636"
18112,138849,Berlin,9,2020,5,20,6,3,5,3,0,0,1,0,0,0,0,0,"13,5051288","52,44513275"
18113,138850,Berlin,9,2020,5,22,5,3,0,1,2,1,0,0,0,0,0,0,"13,68214394","52,44398879"