,id,city,district,year,month,hour,weekday,injury_level,collision,movement,light_conditions,bicycle,car,pedestrian,motorbike,truck,other_vehicle,road_conditions,longitude,latitude
18114,138851,Berlin,10,2020,5,6,3,3,0,3,1,0,1,0,1,0,0,0,"13,59161814","52,54148096"
18115,138852,Berlin,6,2020,5,7,3,3,5,3,0,1,1,0,0,0,0,0,"13,32670481","52,46335321"
18116,138853,Berlin,6,2020,5,14,5,2,3,6,0,1,0,0,0,0,0,0,"13,2887023","52,444017"
18117,138854,Berlin,8,2020,5,8,4,3,2,6,0,0,1,0,0,0,0,0,"13,42189169","52,45233554"
18118,138855,Berlin,1,2020,5,9,2,3,2,6,0,1,0,0,0,0,0,0,"13,38529933","52,55594743"
18119,138856,Berlin,2,2020,5,8,4,3,5,2,0,1,1,0,0,0,0,0,"13,43204223","52,49933283"
18120,138857,Berlin,1,2020,5,14,7,3,1,5,0,1,1,0,0,0,0,0,"13,40342282","52,53222787"
18121,138858,Berlin,6,2020,5,11,6,3,0,4,0,1,0,1,0,0,0,0,"13,31442412","52,41769222"
18122,138859,Berlin,4,2020,5,15,3,3,5,2,0,1,1,0,0,0,0,0,"13,30189307","52,48858516"
18123,138860,Berlin,7,2020,5,5,3,3,5,3,0,0,1,0,0,0,1,0,"13,35532024","52,41318519"
18124,138861,Berlin,11,2020,5,13,6,3,5,3,0,1,1,0,0,0,0,0,"13,54022147","52,5652608"
18125,138862,Berlin,6,2020,5,13,5,3,0,4,0,1,0,1,0,0,0,0,"13,14746033","52,41385355"
18126,138863,Berlin,6,2020,5,0,7,3,2,6,2,0,1,0,0,0,0,0,"13,29986362","52,43242234"
18127,138864,Berlin,8,2020,5,4,3,3,0,7,1,1,0,0,0,0,0,0,"13,41023147","52,4818046"
18128,138865,Berlin,4,2020,5,17,2,3,5,2,0,1,1,0,0,0,0,1,"13,29564807","52,51932758"
18129,138866,Berlin,7,2020,5,10,5,3,5,3,0,0,1,0,0,0,0,0,"13,37491286","52,48130484"
18130,138867,Berlin,6,2020,5,15,4,3,1,5,0,0,1,0,0,0,0,0,"13,32718149","52,46015115"
18131,138868,Berlin,1,2020,5,19,1,3,0,1,1,0,0,0,1,0,0,1,"13,4063529","52,53532098"
18132,138869,Berlin,11,2020,5,13,4,3,0,2,0,1,0,0,0,1,0,0,"13,4995317","52,48453405"
18133,138870,Berlin,9,2020,5,12,6,3,6,4,0,0,1,1,0,0,0,0,"13,48939504","52,46750861"
18134,138871,Berlin,3,2020,5,19,4,3,5,3,0,1,1,0,0,0,0,0,"13,47703837","52,566872"
18135,138872,Berlin,9,2020,5,16,1,3,2,6,0,0,1,0,0,0,0,1,"13,58337018","52,46328533"
18136,138873,Berlin,9,2020,5,6,4,3,1,5,0,1,1,0,0,0,0,0,"13,48697292","52,45946277"
18137,138874,Berlin,1,2020,5,9,7,3,5,3,0,0,1,0,0,0,0,0,"13,39227148","52,50771833"
18138,138875,Berlin,12,2020,5,12,6,3,5,2,0,0,1,0,1,0,0,0,"13,31455294","52,57506134"
18139,138876,Berlin,9,2020,5,15,3,3,1,1,0,0,1,0,0,0,0,0,"13,48364345","52,4604272"
18140,138877,Berlin,1,2020,5,9,3,3,0,1,0,1,0,0,0,0,0,0,"13,40311961","52,53191657"
18141,138878,Berlin,3,2020,5,8,5,3,0,1,0,1,0,0,0,0,0,0,"13,41237557","52,53244548"
18142,138879,Berlin,4,2020,5,9,5,3,1,5,0,0,1,0,0,0,0,0,"13,27483265","52,51893147"
18143,138880,Berlin,1,2020,5,20,7,3,5,2,0,1,1,0,0,0,0,0,"13,40654206","52,52859626"
18144,138881,Berlin,7,2020,5,14,3,3,0,1,0,0,0,0,1,0,0,0,"13,40255755","52,45588638"
18145,138882,Berlin,1,2020,5,6,2,3,5,3,0,0,1,0,0,0,1,1,"13,38609059","52,53882158"
18146,138883,Berlin,3,2020,5,10,4,3,5,2,0,1,1,0,0,0,0,0,"13,43000056","52,55141721"
18147,138884,Berlin,9,2020,5,16,4,3,2,6,0,0,1,0,0,0,0,0,"13,48873188","52,46694825"
18148,138885,Berlin,4,2020,5,20,7,2,5,7,1,1,1,0,0,0,0,0,"13,33436689","52,49838641"
18149,138886,Berlin,1,2020,5,12,4,3,5,3,0,0,1,0,0,0,0,0,"13,37844524","52,55041214"
18150,138887,Berlin,10,2020,5,11,6,3,5,3,0,1,1,0,0,0,0,0,"13,55617293","52,52007293"
18151,138888,Berlin,9,2020,5,15,6,3,5,2,0,1,1,0,0,0,0,0,"13,55077014","52,42891823"
18152,138889,Berlin,1,2020,5,13,3,3,3,6,0,0,1,0,1,0,0,0,"13,36105838","52,54751077"
18153,138890,Berlin,10,2020,5,13,2,1,5,2,0,1,0,0,0,1,0,0,"13,51704636","52,53554744"
18154,138891,Berlin,9,2020,5,17,5,3,0,6,0,1,0,0,0,0,0,0,"13,52833779","52,41187295"
18155,138892,Berlin,7,2020,5,18,3,3,5,7,0,0,1,0,0,0,0,0,"13,38723674","52,42269838"
18156,138893,Berlin,6,2020,5,11,4,3,3,6,0,1,0,0,0,1,0,0,"13,27563878","52,43393852"
18157,138894,Berlin,2,2020,5,18,6,3,1,5,0,1,1,0,0,0,0,0,"13,46712413","52,50502768"
18158,138895,Berlin,3,2020,5,14,3,3,5,2,0,1,1,0,0,0,0,0,"13,47482593","52,55333311"
18159,138896,Berlin,4,2020,5,17,2,3,0,7,0,1,0,0,0,0,1,0,"13,33189201","52,51362092"
18160,138897,Berlin,8,2020,5,8,5,3,5,3,0,1,1,0,0,0,0,0,"13,43478301","52,48103958"
18161,138898,Berlin,8,2020,5,18,3,3,3,6,0,1,1,0,0,0,1,0,"13,44679148","52,47831608"
18162,138899,Berlin,2,2020,5,20,4,3,5,3,1,1,1,0,0,0,0,0,"13,42393798","52,51343924"
18163,138900,Berlin,10,2020,5,15,2,3,5,2,0,0,1,0,0,0,0,0,"13,55230357","52,55400764"
18164,138901,Berlin,8,2020,5,18,4,3,2,6,0,0,1,0,0,0,0,0,"13,45278292","52,47534848"
18165,138902,Berlin,12,2020,5,14,4,3,6,4,0,0,1,1,0,0,0,0,"13,32419805","52,56505178"
18166,138903,Berlin,5,2020,5,14,7,3,2,6,0,0,1,0,0,0,1,0,"13,16420248","52,51975581"
18167,138904,Berlin,9,2020,5,11,4,3,5,2,0,1,1,0,0,0,0,0,"13,61872083","52,45550019"
18168,138905,Berlin,7,2020,5,10,4,3,3,6,0,1,0,0,0,0,1,0,"13,38834051","52,4685628"
18169,138906,Berlin,3,2020,5,0,6,3,0,1,2,1,0,0,0,0,0,0,"13,41256155","52,55399227"
18170,138907,Berlin,11,2020,5,15,6,3,2,7,0,1,1,0,0,0,0,0,"13,49914099","52,52637856"
18171,138908,Berlin,8,2020,5,19,2,2,6,4,0,0,1,1,0,0,0,0,"13,43278275","52,46488549"
18172,138909,Berlin,11,2020,5,15,5,3,5,3,0,1,0,0,0,0,0,0,"13,47997628","52,50860134"
18173,138910,Berlin,1,2020,5,17,3,3,2,6,0,0,1,0,0,0,0,0,"13,38481971","52,55678294"
18174,138911,Berlin,1,2020,5,9,4,3,5,2,0,0,1,0,0,0,1,0,"13,35958094","52,54412"
18175,138912,Berlin,5,2020,5,10,2,3,5,2,0,0,1,0,0,0,0,1,"13,18454816","52,54749154"
18176,138913,Berlin,9,2020,5,15,4,2,6,4,0,0,1,1,0,0,0,0,"13,53953897","52,45081783"
18177,138914,Berlin,6,2020,5,13,4,3,2,6,0,1,0,0,0,0,0,0,"13,20948479","52,41956881"
18178,138915,Berlin,5,2020,5,16,7,3,0,3,0,0,1,0,0,0,1,0,"13,19763796","52,51816938"
18179,138916,Berlin,7,2020,5,13,2,3,5,2,0,1,1,0,0,0,0,1,"13,35720258","52,48683092"
18180,138917,Berlin,12,2020,5,17,4,3,0,6,0,0,1,1,0,0,0,0,"13,34747309","52,59653684"
18181,138918,Berlin,7,2020,5,13,4,3,6,2,0,0,1,1,0,0,0,0,"13,32826649","52,46482846"
18182,138919,Berlin,3,2020,5,14,4,3,6,4,0,0,1,1,0,0,0,0,"13,4117939","52,54270057"
18183,138920,Berlin,7,2020,5,18,7,3,0,5,0,0,1,0,0,0,1,0,"13,39463146","52,41309067"
18184,138921,Berlin,5,2020,5,19,2,3,2,2,0,1,1,0,0,0,0,0,"13,20080583","52,53857217"
18185,138922,Berlin,12,2020,5,13,7,3,5,2,0,0,1,0,0,0,0,0,"13,33994399","52,58805088"
18186,138923,Berlin,1,2020,5,20,3,2,1,5,1,1,0,0,0,0,1,0,"13,41123449","52,52583093"
18187,138924,Berlin,4,2020,5,19,2,3,2,7,0,0,1,0,1,0,0,0,"13,29530501","52,49791599"
18188,138925,Berlin,4,2020,5,17,6,3,5,2,0,0,1,0,0,0,0,0,"13,30231272","52,54789063"
18189,138926,Berlin,3,2020,5,21,5,3,0,1,0,1,0,0,0,0,0,0,"13,45018966","52,54873201"
18190,138927,Berlin,12,2020,5,15,2,3,1,5,0,0,1,0,0,0,0,0,"13,30169363","52,58167095"
18191,138928,Berlin,9,2020,5,7,3,2,5,3,0,1,1,0,0,0,0,0,"13,63866165","52,44770875"
18192,138929,Berlin,8,2020,5,13,5,3,5,3,0,1,1,0,0,0,0,0,"13,43180674","52,4922657"
18193,138930,Berlin,1,2020,5,7,4,3,0,1,0,0,0,0,1,0,0,0,"13,34287963","52,53939994"
18194,138931,Berlin,4,2020,5,16,1,3,0,1,0,1,0,0,0,0,0,0,"13,32694246","52,53989075"
18195,138932,Berlin,12,2020,5,8,4,2,5,3,0,1,1,0,0,0,0,0,"13,31329124","52,57481954"
18196,138933,Berlin,6,2020,5,13,4,3,3,7,0,1,0,0,0,0,0,0,"13,20896063","52,41941719"
18197,138934,Berlin,12,2020,5,14,7,3,6,4,0,1,0,1,0,0,0,0,"13,29059937","52,62656553"
18198,138935,Berlin,1,2020,5,3,6,2,6,4,2,0,0,1,0,0,1,0,"13,34910984","52,54914867"
18199,138936,Berlin,9,2020,5,13,3,3,5,3,0,1,1,0,0,0,0,0,"13,5576304","52,44679396"
18200,138937,Berlin,12,2020,5,18,2,3,2,6,0,0,1,0,0,0,0,0,"13,25228092","52,59988832"
18201,138938,Berlin,5,2020,5,14,5,2,5,2,0,0,1,0,1,1,0,0,"13,1558011","52,5579469"
18202,138939,Berlin,9,2020,5,12,5,2,7,7,0,1,0,0,0,0,0,0,"13,63017425","52,42621185"
18203,138940,Berlin,3,2020,5,1,7,2,8,1,2,0,0,0,0,0,1,0,"13,46640079","52,55713442"
18204,138941,Berlin,2,2020,5,2,7,3,0,1,2,1,0,0,0,0,0,1,"13,40087896","52,49041567"
18205,138942,Berlin,11,2020,5,13,3,3,5,2,0,1,1,0,0,0,0,0,"13,46923684","52,53142727"
18206,138943,Berlin,2,2020,5,9,2,3,2,6,0,0,1,0,0,0,0,0,"13,44045189","52,50483403"
18207,138944,Berlin,5,2020,5,14,6,3,0,3,0,1,1,0,0,0,0,0,"13,20490361","52,53019132"
18208,138945,Berlin,6,2020,5,15,5,2,0,7,0,1,1,0,0,0,0,0,"13,23703513","52,4443013"
18209,138946,Berlin,3,2020,5,14,7,3,0,4,0,0,0,1,0,1,0,0,"13,37388924","52,5976893"
18210,138947,Berlin,12,2020,5,8,2,3,5,2,0,0,1,0,0,0,0,0,"13,3458709","52,57456235"
18211,138948,Berlin,4,2020,5,17,2,3,5,5,0,1,1,0,0,0,0,1,"13,28594657","52,50782473"
18212,138949,Berlin,4,2020,5,12,5,3,5,3,0,0,1,0,0,0,0,0,"13,29690139","52,48585601"
18213,138950,Berlin,10,2020,5,18,4,3,5,2,0,0,1,0,0,0,0,0,"13,60916165","52,53960321"
18214,138951,Berlin,1,2020,5,14,1,3,2,2,0,0,1,0,1,0,0,1,"13,38043033","52,51813497"
18215,138952,Berlin,7,2020,5,15,4,1,6,4,0,0,0,1,0,1,0,0,"13,39161737","52,45319389"
18216,138953,Berlin,8,2020,5,13,4,3,2,6,0,0,1,0,0,0,0,0,"13,45599688","52,42315922"
18217,138954,Berlin,2,2020,5,7,6,3,5,2,0,1,1,0,0,0,0,0,"13,42676036","52,51579224"
18218,138955,Berlin,12,2020,5,9,6,3,5,2,0,0,1,0,0,0,0,0,"13,30954727","52,58391931"
18219,138956,Berlin,4,2020,5,15,3,3,5,7,0,0,1,0,1,0,0,0,"13,33098939","52,50146238"
18220,138957,Berlin,4,2020,5,7,2,3,6,4,0,0,0,1,1,0,0,0,"13,31362661","52,52002264"
18221,138958,Berlin,10,2020,5,10,5,3,5,2,0,0,1,0,0,0,0,0,"13,60133123","52,53575798"
18222,138959,Berlin,7,2020,5,17,3,3,5,2,0,1,1,0,0,0,0,0,"13,35036801","52,41434522"
18223,138960,Berlin,6,2020,5,0,5,3,9,1,2,0,1,0,0,0,0,0,"13,31751115","52,43088362"
18224,138961,Berlin,3,2020,5,17,2,3,0,3,0,1,1,0,0,0,0,0,"13,40754837","52,54717498"
18225,138962,Berlin,1,2020,5,15,2,2,5,7,0,0,1,0,1,0,0,1,"13,33228375","52,52419404"
18226,138963,Berlin,12,2020,5,21,4,2,0,1,2,1,0,0,0,0,0,0,"13,30003406","52,57934225"
18227,138964,Berlin,3,2020,5,16,4,3,0,1,0,0,0,0,1,0,0,0,"13,36930697","52,59727578"
18228,138965,Berlin,12,2020,5,18,7,3,1,5,0,0,1,0,0,0,0,0,"13,30245328","52,60019543"
18229,138966,Berlin,6,2020,5,12,4,3,5,3,0,1,1,0,0,0,0,0,"13,33715415","52,44565098"
18230,138967,Berlin,10,2020,5,17,2,3,9,1,0,0,0,0,1,0,0,0,"13,56399687","52,54472002"
18231,138968,Berlin,9,2020,5,8,2,3,5,2,0,0,1,0,1,0,0,1,"13,51071237","52,46413518"
18232,138969,Berlin,3,2020,5,8,5,3,5,2,0,1,1,0,0,0,0,0,"13,45785113","52,52904745"
18233,138970,Berlin,1,2020,5,17,4,3,5,3,0,1,1,0,0,0,0,0,"13,40266875","52,5213164"
18234,138971,Berlin,2,2020,5,16,1,3,5,2,0,1,1,0,0,0,0,1,"13,43976148","52,51392265"
18235,138972,Berlin,4,2020,5,14,4,2,5,2,0,1,1,0,0,0,0,0,"13,311888","52,5005778"
18236,138973,Berlin,11,2020,5,11,6,3,0,7,0,0,1,0,0,0,1,0,"13,46787157","52,54616805"
18237,138974,Berlin,3,2020,5,21,6,3,0,1,2,0,0,0,1,0,0,0,"13,46361731","52,54992557"
18238,138975,Berlin,11,2020,5,10,3,3,5,3,0,1,1,0,0,0,0,0,"13,50033515","52,50497692"
18239,138976,Berlin,7,2020,5,20,2,3,2,6,1,0,1,0,1,0,0,0,"13,37566013","52,44355378"
18240,138977,Berlin,7,2020,5,7,5,3,2,6,0,0,1,0,0,0,0,0,"13,36484783","52,44867303"
18241,138978,Berlin,12,2020,5,17,3,3,5,3,0,0,0,0,1,1,0,0,"13,30394424","52,58124955"
18242,138979,Berlin,1,2020,5,20,4,2,0,1,0,0,0,0,1,0,0,0,"13,35096982","52,51148544"
18243,138980,Berlin,9,2020,5,13,2,3,8,1,0,0,0,0,1,0,0,1,"13,55876733","52,45008294"
18244,138981,Berlin,9,2020,5,18,4,3,5,2,0,1,0,0,0,0,0,0,"13,57427129","52,45277369"
18245,138982,Berlin,5,2020,5,12,4,2,6,4,0,0,1,1,0,0,0,0,"13,20877333","52,51068271"
18246,138983,Berlin,3,2020,5,14,4,3,1,5,0,1,1,0,0,0,0,0,"13,42017121","52,53392138"
18247,138984,Berlin,5,2020,5,14,7,3,5,2,0,1,1,0,0,0,0,0,"13,14870768","52,55430554"
18248,138985,Berlin,5,2020,5,11,4,3,5,2,0,0,1,0,0,0,0,0,"13,19781502","52,52104795"
18249,138986,Berlin,1,2020,5,8,4,3,0,6,0,1,0,0,0,1,0,0,"13,3672741","52,52568737"
18250,138987,Berlin,8,2020,5,20,6,3,1,5,0,1,1,0,0,0,0,0,"13,42964567","52,48639364"
18251,138988,Berlin,1,2020,5,12,6,3,5,2,0,1,0,0,0,1,0,0,"13,39150667","52,55549869"
18252,138989,Berlin,8,2020,5,9,6,3,2,2,0,0,1,0,1,1,0,0,"13,42895598","52,44262166"
18253,138990,Berlin,6,2020,5,17,6,3,2,5,0,1,1,0,0,0,1,0,"13,17814088","52,42147996"
18254,138991,Berlin,9,2020,5,13,3,2,5,3,0,0,1,0,1,0,0,0,"13,52657385","52,42459335"
18255,138992,Berlin,8,2020,5,17,2,3,1,5,0,1,1,0,0,0,0,0,"13,44222147","52,45629452"
18256,138993,Berlin,10,2020,5,16,5,3,0,5,0,0,1,0,0,0,1,0,"13,60832296","52,51721375"
18257,138994,Berlin,8,2020,5,16,3,3,2,6,0,0,1,0,1,0,0,0,"13,46533504","52,43341855"
18258,138995,Berlin,2,2020,5,10,4,3,5,3,0,1,1,0,0,0,0,0,"13,39055058","52,49930278"
18259,138996,Berlin,3,2020,5,12,2,2,5,2,0,1,1,0,0,0,0,1,"13,43372632","52,61234134"
18260,138997,Berlin,1,2020,5,16,4,3,5,2,0,1,0,0,0,0,1,0,"13,39114127","52,53621262"
18261,138998,Berlin,8,2020,5,14,4,3,2,6,0,0,1,0,0,1,0,0,"13,46416558","52,4701046"
18262,138999,Berlin,12,2020,5,17,7,3,8,1,0,0,1,0,0,0,0,0,"13,31489246","52,56729798"
18263,139000,Berlin,2,2020,5,17,2,2,5,3,0,1,1,0,0,0,0,0,"13,39461164","52,50455959"
18264,139001,Berlin,1,2020,5,13,7,3,1,5,0,0,1,0,1,0,0,0,"13,40287673","52,52425143"
18265,139002,Berlin,6,2020,5,19,3,3,5,3,0,0,1,0,0,0,0,0,"13,26771606","52,44589857"
18266,139003,Berlin,12,2020,5,16,2,3,6,7,0,1,0,1,0,0,0,0,"13,27812299","52,58838468"
18267,139004,Berlin,1,2020,5,15,6,2,5,2,0,0,1,0,0,0,0,0,"13,34954529","52,54211124"
18268,139005,Berlin,3,2020,5,18,5,3,1,5,0,1,1,0,0,0,0,0,"13,41084214","52,539644"
18269,139006,Berlin,1,2020,5,15,2,3,2,6,0,0,0,0,1,0,1,0,"13,42386443","52,50904288"
18270,139007,Berlin,3,2020,5,16,2,3,4,6,0,1,0,0,0,0,1,0,"13,40319346","52,55971336"
18271,139008,Berlin,10,2020,5,13,5,3,5,2,0,0,1,0,1,0,0,0,"13,53401058","52,53823726"
18272,139009,Berlin,1,2020,5,19,4,3,6,4,0,0,1,1,0,0,0,0,"13,36671629","52,52573993"
18273,139010,Berlin,6,2020,5,0,1,3,0,1,2,1,0,0,0,0,0,0,"13,35481223","52,42897349"
18274,139011,Berlin,10,2020,5,6,4,3,5,2,0,1,1,0,0,0,0,0,"13,54012811","52,52566473"
18275,139012,Berlin,7,2020,5,18,3,3,2,2,0,1,1,0,0,0,0,0,"13,34637122","52,49596975"
18276,139013,Berlin,6,2020,5,15,2,3,5,2,0,1,1,0,0,0,0,0,"13,31228892","52,4303465"
18277,139014,Berlin,6,2020,5,7,3,3,5,2,0,0,1,0,0,0,1,0,"13,29814751","52,44164925"
18278,139015,Berlin,11,2020,5,14,5,3,5,2,0,1,1,0,0,0,0,0,"13,49177613","52,51172666"
18279,139016,Berlin,3,2020,5,9,4,2,5,3,0,1,1,0,0,0,0,0,"13,46215852","52,59407468"
18280,139017,Berlin,1,2020,5,8,2,3,0,2,0,0,1,0,0,0,1,1,"13,36729918","52,50456576"
18281,139018,Berlin,1,2020,5,10,4,3,2,3,0,0,0,0,1,0,1,0,"13,3603865","52,55349389"
18282,139019,Berlin,2,2020,5,16,7,3,5,2,0,1,1,0,0,0,0,0,"13,43220585","52,5056545"
18283,139020,Berlin,5,2020,5,14,7,3,3,6,0,0,1,0,1,0,0,0,"13,2057272","52,54168178"
18284,139021,Berlin,2,2020,5,16,3,2,0,7,0,1,0,0,0,0,0,0,"13,39239893","52,49710355"
18285,139022,Berlin,2,2020,5,15,2,3,2,6,0,1,0,0,1,0,0,0,"13,45227722","52,51064275"
18286,139023,Berlin,5,2020,5,14,6,2,5,3,0,1,1,0,0,0,0,0,"13,23208835","52,52960874"
18287,139024,Berlin,9,2020,5,14,5,3,0,3,0,1,0,0,0,0,1,0,"13,61373659","52,45443365"
18288,139025,Berlin,3,2020,5,11,7,2,0,7,0,0,0,0,1,0,0,0,"13,39614301","52,58059441"
18289,139026,Berlin,7,2020,5,13,2,2,2,6,0,0,1,0,0,0,0,0,"13,38104727","52,44374492"
18290,139027,Berlin,7,2020,5,17,2,3,2,6,1,0,1,0,0,0,0,0,"13,40074475","52,41500621"
18291,139028,Berlin,9,2020,5,12,5,3,5,2,0,1,0,0,0,1,0,0,"13,45420072","52,49387308"
18292,139029,Berlin,3,2020,5,15,4,3,5,2,0,1,1,0,0,0,0,0,"13,4046113","52,54058996"
18293,139030,Berlin,12,2020,5,7,1,3,1,5,0,1,1,0,0,0,0,0,"13,37911135","52,56873097"
18294,139031,Berlin,6,2020,5,16,4,3,0,3,0,1,1,0,0,0,0,0,"13,33623134","52,4530596"
18295,139032,Berlin,12,2020,5,15,6,3,5,3,0,0,1,0,1,0,0,0,"13,32205773","52,60747927"
18296,139033,Berlin,12,2020,5,18,6,3,5,3,0,0,1,0,0,0,0,0,"13,33922869","52,59583216"
18297,139034,Berlin,1,2020,5,10,3,3,2,6,0,0,1,0,1,0,0,0,"13,40908987","52,52284514"
18298,139035,Berlin,10,2020,5,13,2,2,0,1,0,1,0,0,0,0,0,0,"13,58715721","52,51167576"
18299,139036,Berlin,1,2020,5,21,5,3,5,2,1,1,0,0,1,0,0,0,"13,41735389","52,5107735"
18300,139037,Berlin,3,2020,5,10,7,3,5,2,0,0,1,0,0,0,0,0,"13,46678176","52,55704436"
18301,139038,Berlin,12,2020,5,12,6,3,5,2,0,0,1,0,0,0,1,0,"13,35256548","52,56439179"
18302,139039,Berlin,11,2020,5,13,3,3,2,6,0,0,1,0,1,0,0,0,"13,49538359","52,50513596"
18303,139040,Berlin,6,2020,5,13,2,3,5,3,0,0,1,0,0,0,0,0,"13,31782981","52,41448585"
18304,139041,Berlin,4,2020,5,10,5,3,3,6,0,0,1,0,1,0,0,0,"13,32076149","52,51344169"
18305,139042,Berlin,1,2020,5,10,5,3,4,7,0,0,1,0,0,0,0,0,"13,39208231","52,52817719"
18306,139043,Berlin,2,2020,5,20,7,3,0,4,0,1,0,1,0,0,0,0,"13,44838028","52,49754068"
18307,139044,Berlin,3,2020,5,13,2,3,5,2,0,1,1,0,0,0,0,0,"13,43042543","52,55124809"
18308,139045,Berlin,8,2020,5,7,2,3,5,3,0,1,1,0,0,0,0,1,"13,42506544","52,45797429"
18309,139046,Berlin,5,2020,5,14,5,3,5,3,0,0,1,0,0,0,0,0,"13,2177409","52,56038548"
18310,139047,Berlin,12,2020,5,16,4,3,2,6,0,0,1,0,0,0,0,0,"13,32960284","52,56323421"
18311,139048,Berlin,12,2020,5,8,7,3,0,1,0,0,0,0,1,0,0,1,"13,33987616","52,61701377"
18312,139049,Berlin,1,2020,5,13,4,3,0,6,0,0,1,0,1,0,0,0,"13,33005602","52,53926473"
18313,139050,Berlin,3,2020,5,18,3,3,6,7,0,0,1,1,0,0,0,0,"13,3983669","52,5647025"
18314,139051,Berlin,12,2020,5,11,6,3,1,5,0,0,1,0,0,0,0,0,"13,36318468","52,56740892"
18315,139052,Berlin,4,2020,5,20,6,3,5,2,0,1,1,0,0,0,0,0,"13,32525181","52,50252788"
18316,139053,Berlin,6,2020,5,9,3,2,5,2,0,1,1,0,0,0,0,0,"13,27229089","52,45342229"
18317,139054,Berlin,11,2020,5,13,2,2,6,7,0,0,1,1,0,0,0,0,"13,51208474","52,55479845"
18318,139055,Berlin,8,2020,5,18,5,3,5,3,0,1,1,0,0,0,0,0,"13,49571177","52,43190521"
18319,139056,Berlin,1,2020,5,16,3,3,0,1,0,1,0,0,0,0,0,0,"13,39965133","52,52366618"
18320,139057,Berlin,1,2020,5,11,4,3,1,7,0,0,1,0,0,0,0,0,"13,33052546","52,51922477"
18321,139058,Berlin,8,2020,5,13,2,2,5,3,0,0,1,0,1,0,0,1,"13,43456256","52,45089794"
18322,139059,Berlin,12,2020,5,17,4,3,6,4,0,0,1,1,0,0,0,0,"13,37343317","52,56242163"
18323,139060,Berlin,6,2020,5,14,4,3,5,2,0,1,1,0,0,0,0,0,"13,26969084","52,44936758"
18324,139061,Berlin,10,2020,5,15,3,3,5,3,0,0,1,0,0,0,0,0,"13,58809129","52,50757196"
18325,139062,Berlin,7,2020,5,7,4,3,5,2,0,1,0,0,0,0,1,0,"13,34628182","52,50124026"
18326,139063,Berlin,2,2020,5,14,2,3,6,4,0,1,0,1,0,0,0,0,"13,44531363","52,5177426"
18327,139064,Berlin,3,2020,5,18,4,2,3,2,0,1,1,0,0,0,0,0,"13,43346035","52,6076512"
18328,139065,Berlin,3,2020,5,16,4,3,1,5,0,1,1,0,0,0,0,0,"13,42106276","52,55318303"
18329,139066,Berlin,8,2020,5,18,7,3,5,3,0,1,1,0,0,0,0,0,"13,50602822","52,4032399"
18330,139067,Berlin,10,2020,5,11,4,3,2,6,0,0,1,0,0,0,0,0,"13,61305794","52,50038832"
18331,139068,Berlin,10,2020,5,4,6,3,5,3,1,1,1,0,0,0,0,0,"13,55805091","52,52968794"
18332,139069,Berlin,3,2020,5,14,6,3,2,6,0,0,1,0,0,0,0,0,"13,41500129","52,55384058"
18333,139070,Berlin,9,2020,5,8,3,3,2,6,0,0,1,0,0,0,0,0,"13,55908534","52,44850996"
18334,139071,Berlin,4,2020,5,13,2,3,5,3,0,1,1,0,0,0,0,0,"13,29363248","52,5118566"
18335,139072,Berlin,1,2020,5,15,5,3,1,5,0,0,1,0,0,0,0,0,"13,41733401","52,51277021"
18336,139073,Berlin,1,2020,5,15,3,3,5,2,0,1,1,0,0,0,0,0,"13,32960721","52,5237934"
18337,139074,Berlin,5,2020,5,10,4,3,1,5,0,0,1,0,1,0,0,0,"13,13739084","52,45228715"
18338,139075,Berlin,10,2020,5,11,2,3,0,2,0,0,0,1,0,0,1,1,"13,60415803","52,53865274"
18339,139076,Berlin,5,2020,5,18,4,3,5,2,0,0,1,0,0,0,0,0,"13,16537051","52,55114579"
18340,139077,Berlin,8,2020,5,17,7,3,5,2,0,1,1,0,0,0,0,0,"13,45493352","52,47260981"
18341,139078,Berlin,7,2020,5,10,7,3,1,5,0,1,1,0,0,0,0,0,"13,4085559","52,40152183"
18342,139079,Berlin,8,2020,5,17,3,3,6,4,0,0,1,1,0,0,0,0,"13,44520155","52,47408054"
18343,139080,Berlin,8,2020,5,12,2,2,9,1,0,0,1,0,0,0,0,0,"13,49971658","52,41738403"
18344,139081,Berlin,5,2020,5,14,6,3,1,5,0,1,1,0,0,0,0,0,"13,20327509","52,56544556"
18345,139082,Berlin,1,2020,5,19,7,3,2,2,0,0,1,0,0,0,1,0,"13,38414554","52,51008824"
18346,139083,Berlin,1,2020,5,10,2,3,6,7,0,0,0,1,0,0,1,0,"13,39265607","52,56414633"
18347,139084,Berlin,5,2020,5,13,7,3,2,6,0,0,1,0,0,0,0,0,"13,17776036","52,54878122"
18348,139085,Berlin,1,2020,5,20,3,3,5,2,1,1,1,0,0,0,0,0,"13,33652202","52,54212795"
18349,139086,Berlin,9,2020,5,16,1,3,0,6,0,1,0,0,0,0,0,0,"13,59339779","52,4523632"