,id,city,district,year,month,hour,weekday,injury_level,collision,movement,light_conditions,bicycle,car,pedestrian,motorbike,truck,other_vehicle,road_conditions,longitude,latitude
18350,139087,Berlin,4,2020,5,18,6,2,0,1,0,0,0,0,1,0,0,0,"13,30667933","52,50101924"
18351,139088,Berlin,6,2020,5,23,5,3,1,5,2,1,1,0,0,0,0,0,"13,32599954","52,45527382"
18352,139089,Berlin,6,2020,5,16,1,3,2,6,0,1,1,0,0,0,0,0,"13,33900412","52,45862309"
18353,139090,Berlin,2,2020,5,7,3,3,5,2,0,1,1,0,0,0,0,0,"13,46286048","52,51503385"
18354,139091,Berlin,4,2020,5,13,5,3,5,2,0,1,1,0,0,0,0,0,"13,31400596","52,48090873"
18355,139092,Berlin,9,2020,5,8,4,3,1,5,0,1,1,0,0,0,0,0,"13,54878513","52,45712537"
18356,139093,Berlin,12,2020,5,8,2,3,1,7,0,1,1,0,0,0,0,1,"13,33270733","52,57706204"
18357,139094,Berlin,3,2020,5,8,4,2,6,4,0,0,0,1,1,0,0,0,"13,51410924","52,6412272"
18358,139095,Berlin,3,2020,5,14,7,2,5,2,0,1,1,0,0,0,0,0,"13,42631513","52,57594695"
18359,139096,Berlin,8,2020,5,9,6,3,2,2,0,0,1,0,0,0,0,0,"13,45581399","52,47388721"
18360,139097,Berlin,2,2020,5,15,3,3,5,2,0,0,1,0,1,0,0,0,"13,39822379","52,50709456"
18361,139098,Berlin,10,2020,5,14,1,3,0,7,0,1,1,0,0,0,0,0,"13,59257001","52,52280723"
18362,139099,Berlin,3,2020,5,12,6,2,0,5,0,0,0,0,0,0,1,0,"13,44287372","52,55104447"
18363,139100,Berlin,9,2020,5,12,5,2,5,7,0,0,1,0,1,0,0,0,"13,5293363","52,44359777"
18364,139101,Berlin,6,2020,5,6,7,2,8,1,0,0,1,0,0,0,0,0,"13,25918817","52,43255766"
18365,139102,Berlin,1,2020,5,21,1,3,0,1,2,1,0,0,0,0,0,0,"13,40312437","52,52463826"
18366,139103,Berlin,4,2020,5,16,2,3,2,2,0,0,1,0,0,0,0,1,"13,32000703","52,50160937"
18367,139104,Berlin,3,2020,5,9,5,3,0,3,0,0,1,0,1,0,0,0,"13,42285835","52,53722854"
18368,139105,Berlin,12,2020,5,15,4,3,6,4,0,0,1,1,0,0,0,0,"13,30823435","52,61827705"
18369,139106,Berlin,1,2020,5,16,5,3,5,3,0,0,1,0,0,0,1,0,"13,39887891","52,53265984"
18370,139107,Berlin,11,2020,5,19,7,3,1,5,0,1,0,0,0,0,1,0,"13,50705945","52,53583892"
18371,139108,Berlin,2,2020,5,20,1,3,5,3,1,1,1,0,0,0,0,0,"13,44663681","52,51128694"
18372,139109,Berlin,8,2020,5,17,2,3,2,6,0,0,1,0,1,0,0,1,"13,42893026","52,4718919"
18373,139110,Berlin,6,2020,5,12,5,3,6,4,0,0,1,1,0,0,0,0,"13,32378935","52,44535812"
18374,139111,Berlin,1,2020,5,19,4,3,5,3,0,1,0,0,1,0,0,0,"13,34665523","52,52491136"
18375,139112,Berlin,8,2020,5,14,1,3,5,3,0,0,1,0,0,0,0,1,"13,49070873","52,42294019"
18376,139113,Berlin,11,2020,5,4,4,3,5,3,1,0,1,0,0,0,0,0,"13,4700199","52,502316"
18377,139114,Berlin,3,2020,5,12,6,3,2,6,0,0,1,0,0,0,0,0,"13,44340876","52,57159527"
18378,139115,Berlin,12,2020,5,11,6,3,2,6,0,0,1,0,0,0,0,0,"13,29509278","52,61013151"
18379,139116,Berlin,4,2020,5,13,3,3,2,6,0,0,1,0,0,1,0,0,"13,28059017","52,51850474"
18380,139117,Berlin,7,2020,5,20,1,3,5,2,1,1,1,0,0,0,0,0,"13,3324631","52,46893722"
18381,139118,Berlin,11,2020,5,16,5,3,3,2,0,0,1,0,0,0,0,0,"13,50897002","52,56457943"
18382,139119,Berlin,4,2020,5,8,5,3,1,5,0,1,1,0,0,0,0,0,"13,26386286","52,48580131"
18383,139120,Berlin,7,2020,5,20,1,2,2,6,0,0,1,0,0,0,0,0,"13,41766136","52,46038435"
18384,139121,Berlin,5,2020,5,6,2,3,0,6,0,0,1,0,1,0,0,1,"13,24813412","52,53801404"
18385,139122,Berlin,8,2020,5,16,4,3,6,7,0,0,0,1,0,0,1,0,"13,42458417","52,48652387"
18386,139123,Berlin,5,2020,5,16,4,3,2,6,0,0,1,0,0,0,1,0,"13,22809173","52,53794089"
18387,139124,Berlin,5,2020,5,20,7,3,9,2,1,0,1,0,0,0,0,0,"13,1571731","52,53524304"
18388,139125,Berlin,7,2020,5,12,4,3,5,3,0,0,1,0,1,0,0,0,"13,37127685","52,43648274"
18389,139126,Berlin,6,2020,5,10,6,2,2,7,0,0,1,0,1,0,0,0,"13,25018548","52,45517918"
18390,139127,Berlin,1,2020,5,17,6,3,5,3,0,1,1,0,0,0,0,0,"13,34536566","52,54677317"
18391,139128,Berlin,8,2020,5,13,3,3,5,3,0,1,1,0,0,0,0,0,"13,4615865","52,43098123"
18392,139129,Berlin,9,2020,5,16,1,2,6,4,0,0,1,1,0,0,0,0,"13,51675482","52,4643291"
18393,139130,Berlin,5,2020,5,15,4,3,5,3,0,1,1,0,0,0,0,0,"13,20380232","52,54089474"
18394,139131,Berlin,1,2020,5,11,6,3,3,6,0,1,0,0,0,0,1,0,"13,40674495","52,53570234"
18395,139132,Berlin,6,2020,5,17,6,3,5,3,0,1,1,0,1,0,0,0,"13,2966499","52,4644027"
18396,139133,Berlin,9,2020,5,10,3,3,5,3,0,1,1,0,0,0,0,0,"13,48336543","52,48002614"
18397,139134,Berlin,2,2020,5,17,1,3,5,2,0,1,1,0,0,0,0,0,"13,44061195","52,51702494"
18398,139135,Berlin,12,2020,5,7,5,3,5,3,0,0,1,0,0,0,0,0,"13,30564405","52,58338154"
18399,139136,Berlin,11,2020,5,15,3,3,5,3,0,0,1,0,1,0,0,0,"13,52512752","52,48669273"
18400,139137,Berlin,7,2020,5,22,4,3,5,7,2,0,1,0,1,0,0,0,"13,38160615","52,4400688"
18401,139138,Berlin,11,2020,5,13,2,3,5,2,0,1,1,0,0,0,0,1,"13,56440211","52,57231036"
18402,139139,Berlin,1,2020,5,18,4,3,2,6,0,0,1,0,0,0,0,0,"13,3661013","52,52555211"
18403,139140,Berlin,5,2020,5,16,3,2,5,2,0,0,1,0,1,0,0,0,"13,14157453","52,53249757"
18404,139141,Berlin,2,2020,5,14,4,3,0,1,0,1,0,0,0,0,0,0,"13,43324536","52,4969479"
18405,139142,Berlin,8,2020,5,14,7,3,2,7,0,1,1,0,0,0,0,0,"13,42534855","52,47989394"
18406,139143,Berlin,4,2020,5,11,4,3,2,6,0,0,1,0,0,0,0,0,"13,24971918","52,52389633"
18407,139144,Berlin,2,2020,5,13,3,3,2,3,0,0,1,0,0,0,1,0,"13,44931503","52,52439491"
18408,139145,Berlin,6,2020,5,22,6,3,8,1,2,0,0,0,1,0,0,0,"13,31609982","52,4345758"
18409,139146,Berlin,7,2020,5,12,6,3,1,5,0,1,1,0,0,0,0,0,"13,36429924","52,48509844"
18410,139147,Berlin,4,2020,5,17,1,3,1,5,0,1,1,0,0,0,0,0,"13,30089675","52,50508415"
18411,139148,Berlin,3,2020,5,15,5,2,5,2,0,1,1,0,0,0,0,0,"13,39744114","52,57128353"
18412,139149,Berlin,10,2020,5,9,4,3,3,6,0,0,0,0,0,0,1,0,"13,5598008","52,53408399"
18413,139150,Berlin,1,2020,6,19,2,3,5,3,0,1,1,0,0,0,0,0,"13,33922994","52,55043029"
18414,139151,Berlin,7,2020,6,22,2,3,0,2,1,0,1,0,1,0,0,0,"13,378187","52,46629538"
18415,139152,Berlin,5,2020,6,10,7,3,6,7,0,1,0,1,0,0,0,0,"13,24038189","52,54676663"
18416,139153,Berlin,7,2020,6,14,6,2,5,2,0,1,1,0,0,0,0,0,"13,37610845","52,40912719"
18417,139154,Berlin,12,2020,6,13,4,3,2,6,0,1,1,0,0,0,0,0,"13,24315448","52,62041445"
18418,139155,Berlin,7,2020,6,20,7,3,8,1,0,0,1,0,0,0,0,0,"13,41472874","52,4516632"
18419,139156,Berlin,8,2020,6,14,6,3,2,2,0,0,1,0,1,0,0,0,"13,43357537","52,44417328"
18420,139157,Berlin,2,2020,6,11,6,3,5,2,0,1,1,0,0,0,0,0,"13,42935225","52,5212463"
18421,139158,Berlin,11,2020,6,16,3,3,3,6,0,1,1,0,0,0,0,0,"13,47473099","52,50159407"
18422,139159,Berlin,6,2020,6,15,2,2,5,2,0,0,1,0,0,0,0,0,"13,27495542","52,46039576"
18423,139160,Berlin,11,2020,6,11,6,3,5,2,0,1,0,0,0,1,0,0,"13,5146778","52,53517475"
18424,139161,Berlin,10,2020,6,11,2,2,3,6,0,0,1,0,0,1,0,0,"13,53792391","52,52565113"
18425,139162,Berlin,1,2020,6,15,2,3,1,5,0,1,1,0,0,0,0,0,"13,40222663","52,53091288"
18426,139163,Berlin,4,2020,6,23,6,3,0,1,2,0,0,0,0,0,1,1,"13,33362312","52,49332421"
18427,139164,Berlin,12,2020,6,17,5,3,0,7,0,0,1,0,0,0,0,1,"13,33935148","52,59573952"
18428,139165,Berlin,10,2020,6,16,1,3,0,7,0,0,0,0,0,0,1,0,"13,60839991","52,53954252"
18429,139166,Berlin,12,2020,6,14,2,3,0,7,0,1,0,0,0,0,0,0,"13,24395014","52,62081426"
18430,139167,Berlin,9,2020,6,14,6,3,2,7,0,1,1,0,0,0,0,1,"13,58330938","52,41375322"
18431,139168,Berlin,7,2020,6,22,6,3,5,2,2,0,1,0,0,0,0,1,"13,37205349","52,4698264"
18432,139169,Berlin,3,2020,6,6,4,3,5,3,0,1,0,0,0,0,1,0,"13,41034552","52,55072518"
18433,139170,Berlin,1,2020,6,21,6,3,5,3,2,1,1,0,0,0,0,0,"13,36834634","52,52581202"
18434,139171,Berlin,3,2020,6,10,3,3,5,3,0,0,1,0,0,0,0,0,"13,4710825","52,60141762"
18435,139172,Berlin,9,2020,6,21,6,3,5,3,1,0,1,0,0,0,1,0,"13,52237128","52,42829536"
18436,139173,Berlin,5,2020,6,13,6,2,5,2,0,0,1,0,0,0,0,0,"13,18459601","52,54751928"
18437,139174,Berlin,2,2020,6,8,3,3,5,3,0,1,0,0,0,0,0,0,"13,41540549","52,48998454"
18438,139175,Berlin,7,2020,6,11,6,3,2,6,0,0,1,0,0,0,0,0,"13,38294162","52,46596656"
18439,139176,Berlin,8,2020,6,15,2,3,0,7,0,1,1,0,0,0,1,0,"13,46542317","52,42946228"
18440,139177,Berlin,12,2020,6,12,2,3,3,6,0,1,0,0,0,0,0,0,"13,27490603","52,58163219"
18441,139178,Berlin,5,2020,6,10,6,3,1,7,0,0,1,0,0,0,0,0,"13,18187283","52,54838529"
18442,139179,Berlin,6,2020,6,17,4,3,5,3,0,1,1,0,0,0,0,0,"13,29553542","52,44095543"
18443,139180,Berlin,3,2020,6,16,5,3,1,5,0,1,1,0,0,0,0,0,"13,46058377","52,54611793"
18444,139181,Berlin,11,2020,6,17,1,3,5,3,0,0,1,0,0,0,0,0,"13,52528625","52,48020885"
18445,139182,Berlin,3,2020,6,13,2,3,5,3,0,1,1,0,0,0,0,0,"13,46096452","52,56432119"
18446,139183,Berlin,3,2020,6,20,6,3,1,5,1,0,1,0,1,0,0,0,"13,43476798","52,53416612"
18447,139184,Berlin,8,2020,6,13,6,3,1,5,0,1,1,0,0,0,0,0,"13,43264639","52,48516508"
18448,139185,Berlin,5,2020,6,10,4,3,2,6,0,0,1,0,0,0,0,0,"13,23589205","52,53887826"
18449,139186,Berlin,8,2020,6,9,6,3,1,5,0,1,1,0,0,0,0,1,"13,44189942","52,48142848"
18450,139187,Berlin,10,2020,6,8,3,3,5,3,0,1,0,0,0,0,1,0,"13,61884448","52,51844436"
18451,139188,Berlin,4,2020,6,20,6,3,0,2,0,1,1,0,0,0,0,0,"13,31425913","52,50886416"
18452,139189,Berlin,8,2020,6,9,2,3,5,3,0,0,1,0,0,0,0,0,"13,48708961","52,42289707"
18453,139190,Berlin,11,2020,6,13,2,3,5,3,0,0,0,0,1,0,1,0,"13,50006332","52,54805076"
18454,139191,Berlin,7,2020,6,10,7,3,6,2,0,0,1,1,0,0,0,0,"13,40344845","52,44807942"
18455,139192,Berlin,5,2020,6,12,6,3,2,6,0,0,1,0,0,0,0,0,"13,24773678","52,52448076"
18456,139193,Berlin,8,2020,6,15,4,3,0,3,0,1,1,0,0,0,0,0,"13,42589847","52,45836773"
18457,139194,Berlin,2,2020,6,22,7,3,6,4,2,0,0,1,0,0,1,0,"13,41705994","52,49881802"
18458,139195,Berlin,5,2020,6,12,2,3,2,6,0,1,1,0,0,0,0,0,"13,20844854","52,58223939"
18459,139196,Berlin,1,2020,6,18,6,3,2,6,0,0,1,0,0,0,0,0,"13,34935828","52,54927769"
18460,139197,Berlin,8,2020,6,10,2,3,5,2,0,0,1,0,0,0,0,0,"13,44737557","52,46430202"
18461,139198,Berlin,10,2020,6,12,2,3,5,3,0,1,1,0,0,0,0,0,"13,59774783","52,52454655"
18462,139199,Berlin,5,2020,6,19,6,3,5,3,0,1,1,0,0,0,0,0,"13,19625383","52,53151182"
18463,139200,Berlin,8,2020,6,16,4,3,6,4,0,0,1,1,0,0,0,0,"13,48460595","52,4321246"
18464,139201,Berlin,11,2020,6,12,5,3,6,4,0,0,1,1,0,0,0,0,"13,51883553","52,56295795"
18465,139202,Berlin,3,2020,6,17,1,3,3,6,0,0,1,0,1,0,0,0,"13,44905484","52,53681688"
18466,139203,Berlin,1,2020,6,11,2,3,2,6,0,0,1,0,0,0,0,0,"13,38472238","52,55599487"
18467,139204,Berlin,2,2020,6,12,6,3,5,3,0,1,1,0,0,0,0,0,"13,3910123","52,5041871"
18468,139205,Berlin,3,2020,6,8,6,3,0,1,0,0,0,0,1,0,0,1,"13,41922892","52,53823881"
18469,139206,Berlin,4,2020,6,8,4,3,5,2,0,0,1,0,0,0,1,0,"13,31281342","52,48040105"
18470,139207,Berlin,9,2020,6,8,6,2,5,3,0,0,1,0,0,0,0,0,"13,5819927","52,4388816"
18471,139208,Berlin,7,2020,6,15,3,2,4,6,0,0,0,0,0,0,1,0,"13,36784237","52,49332043"
18472,139209,Berlin,6,2020,6,7,6,2,1,5,0,1,1,0,0,0,0,1,"13,34401319","52,44805853"
18473,139210,Berlin,9,2020,6,20,2,3,5,2,0,1,0,0,0,0,1,0,"13,51416826","52,45519098"
18474,139211,Berlin,9,2020,6,10,2,3,0,1,0,1,0,0,0,0,0,0,"13,58866946","52,41946195"
18475,139212,Berlin,12,2020,6,9,7,2,5,3,0,1,1,0,0,0,0,0,"13,33775488","52,61146385"
18476,139213,Berlin,9,2020,6,7,6,3,0,1,0,1,0,0,0,0,0,1,"13,61836761","52,45546809"
18477,139214,Berlin,6,2020,6,14,4,3,5,3,0,0,1,0,0,0,0,0,"13,21208951","52,43405484"
18478,139215,Berlin,4,2020,6,23,7,3,5,7,2,0,1,0,0,0,0,0,"13,31504163","52,50096874"
18479,139216,Berlin,1,2020,6,7,6,3,5,3,0,1,1,0,0,0,0,1,"13,3767167","52,51079155"
18480,139217,Berlin,2,2020,6,18,6,3,2,6,0,1,1,0,0,0,0,1,"13,44284071","52,50060483"
18481,139218,Berlin,4,2020,6,18,3,3,5,2,0,1,1,0,0,0,0,0,"13,32524127","52,50245072"
18482,139219,Berlin,9,2020,6,10,2,3,0,2,0,1,1,0,0,0,0,0,"13,59688811","52,43696393"
18483,139220,Berlin,3,2020,6,16,6,3,2,2,0,0,1,0,0,0,1,0,"13,43963691","52,56797371"
18484,139221,Berlin,7,2020,6,23,2,3,0,1,2,1,0,0,0,0,0,0,"13,37349772","52,48651115"
18485,139222,Berlin,3,2020,6,7,6,3,0,1,0,0,0,0,1,0,0,1,"13,44945313","52,55115559"
18486,139223,Berlin,9,2020,6,19,3,2,3,6,0,1,0,0,0,0,0,0,"13,63507633","52,45570429"
18487,139224,Berlin,6,2020,6,7,5,3,0,3,0,1,0,0,0,0,0,0,"13,27379365","52,43580421"
18488,139225,Berlin,3,2020,6,13,3,3,5,3,0,0,1,0,0,0,1,0,"13,42080768","52,54878771"
18489,139226,Berlin,10,2020,6,17,5,3,0,1,0,0,1,0,0,0,0,0,"13,6060541","52,52955676"
18490,139227,Berlin,12,2020,6,17,2,3,5,3,0,0,1,0,0,0,0,0,"13,34798628","52,57848329"
18491,139228,Berlin,4,2020,6,10,2,3,5,7,0,0,1,0,1,0,0,0,"13,33072973","52,5097221"
18492,139229,Berlin,3,2020,6,15,7,3,5,2,0,0,0,0,1,0,1,0,"13,44272143","52,55111525"
18493,139230,Berlin,4,2020,6,14,5,3,1,5,0,0,1,0,0,0,1,0,"13,3333443","52,5058227"
18494,139231,Berlin,12,2020,6,13,4,3,2,6,0,0,1,0,0,0,1,0,"13,37138829","52,56074032"
18495,139232,Berlin,7,2020,6,18,7,3,5,2,0,1,1,0,0,0,0,1,"13,36121034","52,49422976"
18496,139233,Berlin,4,2020,6,16,5,3,0,5,0,0,1,0,0,0,0,0,"13,29002807","52,49438524"
18497,139234,Berlin,7,2020,6,15,3,3,2,6,0,0,1,0,1,0,0,0,"13,37268138","52,44611832"
18498,139235,Berlin,1,2020,6,21,2,3,5,3,1,1,1,0,0,0,0,0,"13,36165675","52,54789"
18499,139236,Berlin,4,2020,6,8,5,3,2,6,0,0,1,0,0,0,1,0,"13,30741357","52,51349401"
18500,139237,Berlin,3,2020,6,15,2,3,5,2,0,0,1,0,1,0,0,0,"13,44866339","52,5848131"
18501,139238,Berlin,1,2020,6,5,2,2,0,1,0,0,0,0,1,0,0,0,"13,37843943","52,55315229"
18502,139239,Berlin,2,2020,6,16,5,3,5,3,0,1,1,0,0,0,0,1,"13,44990328","52,51299985"
18503,139240,Berlin,1,2020,6,17,5,3,5,3,0,1,1,0,0,0,0,1,"13,40424984","52,53316231"
18504,139241,Berlin,1,2020,6,13,1,3,5,3,0,1,1,0,0,0,0,0,"13,36059687","52,50035594"
18505,139242,Berlin,4,2020,6,20,2,3,3,6,0,1,1,0,0,0,0,0,"13,3189687","52,54625409"
18506,139243,Berlin,2,2020,6,23,5,3,1,5,2,0,0,0,1,0,0,1,"13,41875642","52,5037757"
18507,139244,Berlin,1,2020,6,19,2,2,5,3,0,0,1,0,0,0,1,0,"13,37179806","52,50932752"
18508,139245,Berlin,9,2020,6,16,5,2,5,2,0,1,1,0,0,0,0,1,"13,56260511","52,45636862"
18509,139246,Berlin,9,2020,6,3,5,3,0,7,2,1,0,0,0,0,0,0,"13,45159104","52,48864504"
18510,139247,Berlin,3,2020,6,16,2,3,2,7,0,0,1,0,1,0,0,0,"13,44269073","52,55943317"
18511,139248,Berlin,2,2020,6,20,2,3,6,4,0,0,1,1,0,0,0,0,"13,45989271","52,5090142"
18512,139249,Berlin,1,2020,6,7,5,3,5,2,0,1,1,0,0,0,0,0,"13,41634784","52,51997456"
18513,139250,Berlin,2,2020,6,14,5,3,2,6,0,0,1,0,0,0,0,0,"13,43694921","52,51027572"
18514,139251,Berlin,5,2020,6,18,4,3,2,6,0,0,1,0,0,0,1,0,"13,17711826","52,51704937"
18515,139252,Berlin,5,2020,6,16,7,3,3,6,0,0,1,0,0,0,1,0,"13,19608571","52,53332405"
18516,139253,Berlin,8,2020,6,13,5,3,0,7,0,1,0,0,0,0,0,0,"13,44741278","52,47614991"
18517,139254,Berlin,7,2020,6,13,3,3,2,7,0,0,1,0,1,0,0,0,"13,40546046","52,39377195"
18518,139255,Berlin,5,2020,6,22,5,3,1,5,2,0,1,0,0,0,0,1,"13,17872339","52,55207108"
18519,139256,Berlin,8,2020,6,14,2,3,5,2,0,1,1,0,0,0,0,0,"13,44248683","52,46549789"
18520,139257,Berlin,2,2020,6,19,2,3,5,2,0,1,1,0,0,0,0,0,"13,38890781","52,49939958"
18521,139258,Berlin,12,2020,6,11,5,3,0,1,0,1,0,0,0,0,0,0,"13,27389669","52,59967323"
18522,139259,Berlin,7,2020,6,17,4,3,2,6,0,0,1,0,0,0,1,0,"13,35060256","52,49470486"
18523,139260,Berlin,4,2020,6,14,5,3,5,3,0,1,1,0,0,0,0,0,"13,32004226","52,48650479"
18524,139261,Berlin,9,2020,6,20,1,3,0,7,1,1,0,0,0,0,0,0,"13,50956399","52,46564369"
18525,139262,Berlin,12,2020,6,19,2,3,2,6,0,0,1,0,0,0,0,0,"13,34948773","52,60486037"
18526,139263,Berlin,9,2020,6,11,5,3,5,3,0,0,1,0,1,0,0,0,"13,52617678","52,42387718"
18527,139264,Berlin,1,2020,6,11,5,2,5,2,0,1,1,0,0,0,0,0,"13,418221","52,5173831"
18528,139265,Berlin,9,2020,6,10,4,3,5,3,0,1,1,0,0,0,0,0,"13,57826976","52,45920864"
18529,139266,Berlin,8,2020,6,19,5,2,5,3,0,0,1,0,0,0,0,1,"13,47212663","52,46513444"
18530,139267,Berlin,9,2020,6,8,3,3,3,6,0,1,0,0,0,0,0,0,"13,57176131","52,44444167"
18531,139268,Berlin,2,2020,6,18,5,3,5,3,0,1,1,0,0,0,0,1,"13,39282112","52,49204258"
18532,139269,Berlin,8,2020,6,12,4,2,5,3,0,0,1,0,0,0,0,0,"13,45570528","52,42322759"
18533,139270,Berlin,7,2020,6,19,5,3,6,4,0,1,0,1,0,0,0,1,"13,34053411","52,49976998"
18534,139271,Berlin,11,2020,6,9,3,3,2,6,0,0,1,0,0,0,0,0,"13,47228887","52,53748776"
18535,139272,Berlin,7,2020,6,17,5,2,1,1,0,0,1,0,0,0,0,1,"13,36656677","52,4603974"
18536,139273,Berlin,6,2020,6,12,2,3,5,2,0,1,0,0,0,1,0,0,"13,24403427","52,42572095"
18537,139274,Berlin,3,2020,6,17,2,3,5,3,0,1,0,0,0,0,0,0,"13,40475209","52,54067741"
18538,139275,Berlin,4,2020,6,10,5,3,5,2,0,0,1,0,0,0,1,0,"13,33576747","52,5043218"
18539,139276,Berlin,2,2020,6,16,4,3,1,5,0,1,1,0,0,0,0,0,"13,46704218","52,51603378"
18540,139277,Berlin,9,2020,6,6,4,3,5,2,0,1,0,0,0,0,1,0,"13,504138","52,47440706"
18541,139278,Berlin,2,2020,6,15,1,3,4,6,0,1,1,0,0,0,0,0,"13,43508971","52,5091871"
18542,139279,Berlin,5,2020,6,18,2,2,5,3,0,0,1,0,1,0,0,0,"13,18316699","52,5134845"
18543,139280,Berlin,10,2020,6,17,5,3,5,3,0,1,1,0,0,0,0,0,"13,58565474","52,52364301"
18544,139281,Berlin,1,2020,6,10,5,2,8,1,0,1,0,0,0,0,0,0,"13,37995973","52,5206695"
18545,139282,Berlin,3,2020,6,17,4,3,5,2,0,1,1,0,0,0,0,0,"13,42699014","52,56433838"
18546,139283,Berlin,9,2020,6,7,5,3,5,2,0,0,1,0,0,0,0,0,"13,51226411","52,47073916"
18547,139284,Berlin,8,2020,6,15,3,3,5,3,0,1,1,0,0,0,0,0,"13,42032039","52,47689045"
18548,139285,Berlin,1,2020,6,5,5,3,5,2,0,0,1,0,1,0,0,0,"13,40113435","52,51046722"
18549,139286,Berlin,5,2020,6,19,2,3,0,5,0,0,1,0,1,0,0,0,"13,22724324","52,53766698"
18550,139287,Berlin,8,2020,6,18,2,3,5,3,0,1,1,0,0,0,0,0,"13,44165454","52,47041665"
18551,139288,Berlin,5,2020,6,13,7,3,2,6,0,0,1,0,0,0,0,0,"13,21190999","52,52718659"
18552,139289,Berlin,4,2020,6,0,5,3,1,7,2,0,0,0,1,0,0,0,"13,29259374","52,49925669"
18553,139290,Berlin,11,2020,6,14,4,3,5,3,0,0,1,0,0,0,0,0,"13,51626733","52,54634718"
18554,139291,Berlin,7,2020,6,9,5,3,5,2,0,0,1,0,0,0,0,0,"13,32843226","52,46890487"
18555,139292,Berlin,12,2020,6,11,2,3,2,6,0,0,1,0,0,0,0,0,"13,28631861","52,57560532"
18556,139293,Berlin,1,2020,6,17,2,3,2,2,0,0,1,0,0,0,0,0,"13,35159011","52,5263659"
18557,139294,Berlin,2,2020,6,17,6,3,0,5,0,1,1,0,0,0,0,0,"13,41819955","52,49976787"
18558,139295,Berlin,3,2020,6,17,5,3,2,2,0,0,1,0,0,0,0,1,"13,46552533","52,55179462"
18559,139296,Berlin,3,2020,6,14,4,3,5,3,0,1,1,0,0,0,0,0,"13,42873957","52,58823756"
18560,139297,Berlin,3,2020,6,21,7,3,1,5,0,0,1,0,0,0,0,0,"13,49666615","52,62106413"
18561,139298,Berlin,8,2020,6,9,5,3,0,3,0,1,1,0,0,0,0,0,"13,4479898","52,47988519"
18562,139299,Berlin,9,2020,6,9,5,3,1,5,0,1,1,0,0,0,0,0,"13,53004691","52,42397829"
18563,139300,Berlin,11,2020,6,17,3,3,4,6,0,1,0,0,0,0,0,0,"13,52526157","52,49501882"
18564,139301,Berlin,1,2020,6,8,5,3,5,2,0,1,1,0,0,0,0,0,"13,36372226","52,50078419"
18565,139302,Berlin,1,2020,6,14,7,3,3,6,0,1,1,0,0,0,0,0,"13,34575045","52,53902416"
18566,139303,Berlin,5,2020,6,11,3,3,2,6,0,0,1,0,0,0,0,0,"13,19769655","52,52296939"
18567,139304,Berlin,1,2020,6,7,5,3,5,3,0,0,1,0,0,0,1,0,"13,39377071","52,52858102"
18568,139305,Berlin,6,2020,6,17,2,2,5,2,0,0,1,0,1,0,0,0,"13,32487859","52,45827924"
18569,139306,Berlin,1,2020,6,17,2,3,1,5,0,1,1,0,0,0,0,0,"13,33466778","52,54265956"
18570,139307,Berlin,2,2020,6,23,6,3,5,3,2,0,0,0,1,0,1,0,"13,39498986","52,49619143"
18571,139308,Berlin,7,2020,6,16,5,3,2,6,0,0,1,0,0,0,0,0,"13,34499701","52,49188167"
18572,139309,Berlin,8,2020,6,19,4,3,6,7,0,0,1,1,0,0,0,0,"13,44132273","52,47382093"
18573,139310,Berlin,3,2020,6,16,7,3,2,6,0,0,1,0,0,0,0,0,"13,45816401","52,52911212"
18574,139311,Berlin,1,2020,6,16,5,2,5,3,0,1,1,0,0,0,0,1,"13,37422137","52,54364133"
18575,139312,Berlin,7,2020,6,14,7,2,5,3,0,1,1,0,0,0,0,0,"13,3285883","52,47243066"
18576,139313,Berlin,2,2020,6,10,3,3,1,5,0,1,0,0,0,0,1,0,"13,3996307","52,48942728"
18577,139314,Berlin,4,2020,6,20,7,3,5,7,1,0,1,0,0,0,0,0,"13,33106397","52,50192794"
18578,139315,Berlin,2,2020,6,7,5,3,5,2,0,1,1,0,0,0,0,0,"13,39069602","52,49600518"
18579,139316,Berlin,2,2020,6,14,7,3,2,3,0,1,0,0,1,0,0,0,"13,45066972","52,52731381"
18580,139317,Berlin,8,2020,6,16,5,2,2,2,0,0,1,0,0,0,1,1,"13,50361653","52,41162746"
18581,139318,Berlin,8,2020,6,18,3,3,1,5,0,1,1,0,0,0,0,0,"13,43288039","52,47238039"
18582,139319,Berlin,3,2020,6,5,2,3,6,4,0,0,1,1,0,0,0,0,"13,42732148","52,54485002"
18583,139320,Berlin,7,2020,6,15,5,3,5,2,0,0,1,0,0,0,1,0,"13,4040029","52,4634678"
18584,139321,Berlin,12,2020,6,17,2,3,0,1,0,0,0,0,0,0,1,0,"13,31512395","52,57798019"
18585,139322,Berlin,5,2020,6,17,2,3,0,2,0,1,1,0,0,0,0,0,"13,23333859","52,52744416"