,id,city,district,year,month,hour,weekday,injury_level,collision,movement,light_conditions,bicycle,car,pedestrian,motorbike,truck,other_vehicle,road_conditions,longitude,latitude
18586,139323,Berlin,2,2020,6,15,5,2,5,2,0,1,1,0,0,0,0,0,"13,40649751","52,49832618"
18587,139324,Berlin,2,2020,6,17,5,3,6,4,0,0,1,1,0,0,0,1,"13,38444082","52,48498732"
18588,139325,Berlin,2,2020,6,16,2,3,5,2,0,0,1,0,1,0,0,0,"13,46731996","52,50969707"
18589,139326,Berlin,8,2020,6,17,2,3,1,7,0,0,1,0,0,0,0,0,"13,43709295","52,45628042"
18590,139327,Berlin,3,2020,6,15,5,2,0,1,0,0,0,0,1,0,0,1,"13,41727032","52,54999118"
18591,139328,Berlin,6,2020,6,15,5,3,3,7,0,1,0,0,0,0,0,1,"13,26749008","52,4081671"
18592,139329,Berlin,11,2020,6,7,4,2,0,7,0,0,1,0,1,0,0,0,"13,50756747","52,4921505"
18593,139330,Berlin,1,2020,6,9,5,3,5,2,0,1,0,0,0,0,1,0,"13,36017634","52,53724925"
18594,139331,Berlin,3,2020,6,13,7,3,5,3,0,1,1,0,0,0,0,0,"13,41380435","52,55212591"
18595,139332,Berlin,3,2020,6,10,3,3,5,2,0,1,1,0,0,0,0,0,"13,45833497","52,52549036"
18596,139333,Berlin,3,2020,6,17,4,3,3,6,0,1,0,0,0,0,0,0,"13,42429727","52,53957904"
18597,139334,Berlin,10,2020,6,10,2,3,5,3,0,0,1,0,1,0,0,0,"13,60389822","52,48578695"
18598,139335,Berlin,9,2020,6,16,2,3,1,1,0,1,1,0,0,0,0,0,"13,63130704","52,39509596"
18599,139336,Berlin,9,2020,6,22,4,3,1,1,2,1,1,0,0,0,0,0,"13,5118199","52,45836876"
18600,139337,Berlin,6,2020,6,16,4,3,5,2,0,1,1,0,0,0,0,0,"13,3590412","52,42011243"
18601,139338,Berlin,11,2020,6,13,5,3,5,3,0,1,1,0,0,0,0,1,"13,47530374","52,50278991"
18602,139339,Berlin,2,2020,6,19,4,3,0,2,0,1,1,0,0,0,0,0,"13,38974208","52,49591087"
18603,139340,Berlin,6,2020,6,15,2,2,0,2,0,0,1,0,0,0,1,0,"13,33898333","52,44433257"
18604,139341,Berlin,1,2020,6,16,2,3,1,5,0,0,1,0,0,0,0,0,"13,39216645","52,54310262"
18605,139342,Berlin,7,2020,6,19,4,3,5,2,0,1,0,0,1,0,0,0,"13,35597093","52,47237747"
18606,139343,Berlin,4,2020,6,17,4,3,5,2,0,1,1,0,0,0,0,0,"13,30076687","52,49481048"
18607,139344,Berlin,7,2020,6,16,5,3,5,2,0,1,1,0,0,0,0,1,"13,34751624","52,47057941"
18608,139345,Berlin,4,2020,6,18,1,3,5,7,0,1,1,0,0,0,0,0,"13,28132764","52,49940129"
18609,139346,Berlin,5,2020,5,16,1,3,3,2,0,0,1,0,0,0,0,0,"13,20297079","52,54084963"
18610,139347,Berlin,2,2020,6,19,4,3,5,2,0,1,1,0,0,0,0,0,"13,39367728","52,48912721"
18611,139348,Berlin,1,2020,6,8,4,3,5,2,0,1,1,0,0,0,0,0,"13,38578208","52,53267661"
18612,139349,Berlin,6,2020,6,10,4,3,1,5,0,1,1,0,0,0,0,0,"13,32405469","52,42416767"
18613,139350,Berlin,8,2020,6,6,4,2,2,6,0,0,1,0,0,0,0,0,"13,47421569","52,42580927"
18614,139351,Berlin,6,2020,6,18,7,3,0,1,0,0,0,0,1,0,0,1,"13,32752548","52,43906542"
18615,139352,Berlin,4,2020,6,9,3,3,1,5,0,1,1,0,0,0,0,0,"13,32790395","52,50601122"
18616,139353,Berlin,4,2020,6,6,4,3,5,7,0,0,1,0,1,0,0,0,"13,2966032","52,50097389"
18617,139354,Berlin,6,2020,6,12,2,3,5,2,0,0,1,0,1,0,0,0,"13,32163642","52,4435232"
18618,139355,Berlin,8,2020,5,23,1,3,5,3,2,0,1,0,0,0,0,0,"13,46791008","52,46411075"
18619,139356,Berlin,11,2020,6,17,6,3,5,3,0,1,0,0,0,0,0,0,"13,47571766","52,50123731"
18620,139357,Berlin,1,2020,6,22,4,3,5,2,2,0,1,0,0,0,0,0,"13,41177322","52,52396607"
18621,139358,Berlin,9,2020,6,15,4,2,6,4,0,0,1,1,0,0,0,0,"13,56849386","52,44113324"
18622,139359,Berlin,8,2020,6,14,7,3,0,7,0,1,0,0,0,0,0,0,"13,4503888","52,47653002"
18623,139360,Berlin,8,2020,5,19,1,3,5,7,0,0,1,0,0,0,0,0,"13,4415172","52,4789553"
18624,139361,Berlin,6,2020,6,22,4,2,0,1,2,1,0,0,0,0,0,0,"13,29526271","52,44428585"
18625,139362,Berlin,12,2020,6,19,4,3,2,6,0,0,1,0,0,0,0,0,"13,3357521","52,56502659"
18626,139363,Berlin,2,2020,6,14,3,2,0,6,0,1,0,0,0,0,0,0,"13,43088989","52,51215506"
18627,139364,Berlin,11,2020,6,19,4,3,5,7,0,1,1,0,0,0,0,0,"13,4804048","52,50193767"
18628,139365,Berlin,3,2020,6,19,1,3,4,6,0,1,1,0,0,0,0,0,"13,38581696","52,57091036"
18629,139366,Berlin,7,2020,5,19,1,3,5,3,0,1,1,0,0,0,0,0,"13,3663095","52,49528614"
18630,139367,Berlin,9,2020,6,19,4,2,3,6,0,1,1,0,0,0,0,0,"13,59492795","52,44139655"
18631,139368,Berlin,2,2020,6,18,4,2,5,3,0,0,1,0,0,0,0,0,"13,38222916","52,50450343"
18632,139369,Berlin,1,2020,6,9,4,3,0,3,0,1,0,0,1,0,0,0,"13,39520592","52,54602789"
18633,139370,Berlin,11,2020,6,18,4,2,5,3,0,0,1,0,1,0,0,0,"13,4952593","52,51602294"
18634,139371,Berlin,2,2020,6,16,3,3,5,2,0,1,0,0,0,0,0,0,"13,43905541","52,50258126"
18635,139372,Berlin,7,2020,6,12,4,2,4,6,0,0,1,0,0,0,0,0,"13,40938321","52,43909486"
18636,139373,Berlin,3,2020,6,12,2,3,2,7,0,0,1,0,0,0,0,0,"13,42184756","52,5622668"
18637,139374,Berlin,7,2020,5,17,1,3,0,1,0,0,0,0,1,0,0,0,"13,39965504","52,43992029"
18638,139375,Berlin,8,2020,6,13,6,3,0,2,0,1,1,0,0,0,0,0,"13,46185303","52,47117634"
18639,139376,Berlin,9,2020,6,11,4,3,5,3,0,1,1,0,0,0,0,0,"13,55228564","52,4393388"
18640,139377,Berlin,1,2020,6,15,4,3,2,6,0,0,0,0,1,0,1,0,"13,41129903","52,52395081"
18641,139378,Berlin,3,2020,6,23,7,3,5,3,2,1,1,0,0,0,0,0,"13,37440244","52,58538128"
18642,139379,Berlin,8,2020,6,10,4,3,5,7,0,1,1,0,0,0,0,0,"13,49305023","52,41964903"
18643,139380,Berlin,10,2020,6,12,7,3,5,2,0,0,1,0,0,0,0,0,"13,57490155","52,5131263"
18644,139381,Berlin,10,2020,6,10,4,3,5,3,0,1,1,0,0,0,0,0,"13,61065688","52,48220064"
18645,139382,Berlin,3,2020,6,19,3,2,5,7,0,0,1,0,0,0,0,0,"13,36733775","52,58617969"
18646,139383,Berlin,6,2020,6,8,4,3,5,3,0,0,1,0,0,0,0,0,"13,24026887","52,44266685"
18647,139384,Berlin,12,2020,6,19,7,3,1,5,0,1,1,0,0,0,0,0,"13,28782227","52,59011507"
18648,139385,Berlin,7,2020,6,18,2,3,0,5,0,1,1,0,0,0,0,0,"13,34493526","52,48764477"
18649,139386,Berlin,12,2020,6,17,4,3,2,6,0,0,1,0,0,0,0,0,"13,34449786","52,56306401"
18650,139387,Berlin,2,2020,6,16,2,3,5,3,0,1,1,0,0,0,0,0,"13,39799384","52,49109577"
18651,139388,Berlin,9,2020,6,13,3,3,8,1,0,0,1,0,0,0,0,0,"13,53006145","52,4162603"
18652,139389,Berlin,5,2020,6,18,4,3,5,2,0,1,1,0,0,0,0,0,"13,12997758","52,46417976"
18653,139390,Berlin,9,2020,6,18,2,3,5,3,0,0,1,0,1,0,0,0,"13,47648395","52,47639792"
18654,139391,Berlin,6,2020,5,19,1,2,7,7,1,0,0,0,1,0,0,0,"13,24741221","52,46468867"
18655,139392,Berlin,1,2020,6,10,6,2,9,1,0,0,1,0,0,0,0,0,"13,41494506","52,52721061"
18656,139393,Berlin,3,2020,6,16,4,3,1,5,0,1,1,0,0,0,0,0,"13,43617214","52,55423395"
18657,139394,Berlin,5,2020,6,13,4,2,0,2,0,0,1,0,1,0,0,0,"13,18553481","52,55151129"
18658,139395,Berlin,7,2020,6,18,7,3,1,5,0,1,1,0,0,0,0,1,"13,34769347","52,49306212"
18659,139396,Berlin,11,2020,6,16,4,3,2,6,0,0,1,0,0,0,0,0,"13,50530037","52,56319231"
18660,139397,Berlin,12,2020,6,15,4,3,2,6,0,0,1,0,0,0,0,0,"13,3649851","52,57206172"
18661,139398,Berlin,7,2020,6,15,3,3,1,5,0,1,1,0,0,0,0,0,"13,34888807","52,50047857"
18662,139399,Berlin,1,2020,5,18,1,3,4,6,1,1,0,0,1,0,0,0,"13,34131204","52,50568458"
18663,139400,Berlin,3,2020,6,15,4,3,2,6,0,0,1,0,0,0,1,0,"13,45790756","52,52881699"
18664,139401,Berlin,2,2020,6,16,2,3,5,2,0,1,1,0,0,0,0,0,"13,39809438","52,4888926"
18665,139402,Berlin,6,2020,5,17,1,3,2,7,0,0,1,0,0,0,0,0,"13,31435256","52,41776471"
18666,139403,Berlin,6,2020,6,15,4,3,5,7,0,0,1,0,1,0,0,0,"13,26604402","52,41540761"
18667,139404,Berlin,9,2020,6,17,5,2,5,3,0,1,1,0,0,0,0,1,"13,57823141","52,45712117"
18668,139405,Berlin,9,2020,6,17,1,3,0,1,0,1,0,0,0,0,0,0,"13,48207953","52,44594671"
18669,139406,Berlin,3,2020,5,17,1,3,1,5,0,1,1,0,0,0,0,0,"13,47425513","52,54933066"
18670,139407,Berlin,9,2020,6,14,4,3,5,7,0,0,1,0,0,0,0,0,"13,47519557","52,47395175"
18671,139408,Berlin,12,2020,6,15,4,3,5,2,0,1,1,0,0,0,0,0,"13,32358387","52,58713224"
18672,139409,Berlin,2,2020,6,17,4,3,1,5,0,1,1,0,0,0,0,0,"13,39356466","52,50444399"
18673,139410,Berlin,1,2020,6,14,4,3,3,6,0,1,1,0,0,0,0,0,"13,34662948","52,50379681"
18674,139411,Berlin,6,2020,6,12,7,3,5,2,0,1,1,0,0,0,0,0,"13,32421537","52,4604371"
18675,139412,Berlin,5,2020,5,13,1,3,2,6,0,0,1,0,0,0,0,0,"13,18462152","52,51536346"
18676,139413,Berlin,8,2020,6,14,4,3,6,4,0,0,1,1,0,0,0,0,"13,44737836","52,43796971"
18677,139414,Berlin,11,2020,6,14,4,3,5,7,0,0,1,0,0,0,1,0,"13,47124035","52,5388482"
18678,139415,Berlin,2,2020,6,18,4,2,5,3,0,1,1,0,0,0,0,0,"13,43030441","52,51055143"
18679,139416,Berlin,12,2020,6,16,7,3,1,5,0,1,1,0,0,0,0,0,"13,31702576","52,60818711"
18680,139417,Berlin,10,2020,6,14,4,3,5,3,0,0,1,0,0,0,1,0,"13,56118018","52,54470672"
18681,139418,Berlin,3,2020,6,6,3,3,5,3,0,0,1,0,0,0,1,0,"13,4325138","52,55764696"
18682,139419,Berlin,2,2020,6,14,4,3,5,3,0,1,1,0,0,0,0,0,"13,45874823","52,5063935"
18683,139420,Berlin,12,2020,6,15,2,2,5,2,0,0,1,0,1,0,0,0,"13,37343371","52,56429697"
18684,139421,Berlin,5,2020,5,13,1,2,5,2,0,0,1,0,1,0,0,0,"13,19853527","52,5428808"
18685,139422,Berlin,2,2020,6,11,4,1,5,2,0,1,0,0,0,1,0,0,"13,45195128","52,52050778"
18686,139423,Berlin,2,2020,6,17,4,3,5,3,0,1,1,0,0,0,0,0,"13,39091939","52,50327677"
18687,139424,Berlin,2,2020,6,16,5,3,5,3,0,0,1,0,1,0,0,1,"13,39261899","52,50566822"
18688,139425,Berlin,1,2020,6,17,1,3,1,5,0,0,1,0,0,0,1,0,"13,32405573","52,52789141"
18689,139426,Berlin,9,2020,5,12,1,3,5,7,0,1,1,0,0,0,0,0,"13,70038514","52,43555071"
18690,139427,Berlin,7,2020,6,14,4,3,2,2,0,0,1,0,0,0,1,0,"13,36129168","52,41259512"
18691,139428,Berlin,8,2020,6,13,4,3,5,2,0,0,1,0,0,0,0,0,"13,48804974","52,42615274"
18692,139429,Berlin,8,2020,6,10,4,3,5,2,0,0,1,0,0,0,0,0,"13,49524362","52,43167994"
18693,139430,Berlin,7,2020,6,13,4,3,5,2,0,1,1,0,0,0,0,0,"13,34614414","52,41504707"
18694,139431,Berlin,1,2020,6,8,3,3,5,3,0,0,1,0,1,0,0,0,"13,39304363","52,51505999"
18695,139432,Berlin,5,2020,6,11,4,3,0,6,0,0,1,0,0,0,1,0,"13,20988961","52,54810281"
18696,139433,Berlin,6,2020,6,8,2,3,5,2,0,1,1,0,0,0,0,0,"13,26854219","52,4511227"
18697,139434,Berlin,5,2020,5,12,1,3,5,2,0,1,1,0,0,0,0,0,"13,157073","52,53520472"
18698,139435,Berlin,3,2020,6,10,3,3,5,3,0,0,1,0,0,0,1,0,"13,42782127","52,54556015"
18699,139436,Berlin,2,2020,6,12,3,3,2,6,0,0,1,0,1,0,0,0,"13,39671477","52,49126395"
18700,139437,Berlin,2,2020,6,9,2,3,0,4,0,1,0,1,0,0,0,0,"13,39451255","52,49180665"
18701,139438,Berlin,8,2020,5,10,1,3,2,6,0,0,1,0,1,0,0,0,"13,42895083","52,4718525"
18702,139439,Berlin,2,2020,6,9,3,2,3,6,0,1,0,0,0,0,0,0,"13,38057118","52,49289853"
18703,139440,Berlin,10,2020,6,16,4,3,5,3,0,1,1,0,0,0,0,0,"13,5626617","52,54951979"
18704,139441,Berlin,1,2020,6,18,4,3,5,2,0,1,1,0,0,0,0,0,"13,3903479","52,50775286"
18705,139442,Berlin,6,2020,6,18,1,3,5,3,0,0,1,0,0,0,0,0,"13,29064989","52,44831167"
18706,139443,Berlin,1,2020,5,17,1,3,5,3,0,1,1,0,0,0,0,0,"13,37931052","52,50703431"
18707,139444,Berlin,4,2020,6,21,3,3,6,4,1,1,0,1,0,0,0,0,"13,33727918","52,50405459"
18708,139445,Berlin,3,2020,6,19,3,3,5,2,0,1,1,0,0,0,0,0,"13,49674947","52,63468662"
18709,139446,Berlin,2,2020,6,8,4,3,5,2,0,1,1,0,0,0,0,0,"13,42859526","52,51953437"
18710,139447,Berlin,6,2020,6,19,3,2,5,2,0,1,0,0,0,0,0,0,"13,18475762","52,42902187"
18711,139448,Berlin,1,2020,6,12,7,2,6,7,0,1,0,1,0,0,0,0,"13,39366573","52,54138874"
18712,139449,Berlin,6,2020,6,15,3,3,5,3,0,1,1,0,0,0,0,0,"13,27815414","52,46848741"
18713,139450,Berlin,1,2020,6,19,3,3,6,7,0,0,1,1,0,0,0,0,"13,38974575","52,51129449"
18714,139451,Berlin,2,2020,6,20,2,3,5,7,0,1,1,0,0,0,0,0,"13,38717005","52,49003833"
18715,139452,Berlin,2,2020,5,5,1,2,4,7,0,0,1,0,0,0,0,0,"13,4109999","52,49235589"
18716,139453,Berlin,9,2020,6,18,6,3,5,3,0,1,1,0,0,0,0,0,"13,55956115","52,44204904"
18717,139454,Berlin,2,2020,6,16,3,3,5,2,0,1,1,0,0,0,0,0,"13,39888986","52,49461618"
18718,139455,Berlin,5,2020,6,14,4,3,5,2,0,0,1,0,0,0,0,0,"13,14159314","52,53244112"
18719,139456,Berlin,2,2020,6,11,7,3,6,7,0,1,0,1,0,0,0,0,"13,39439996","52,48530707"
18720,139457,Berlin,9,2020,6,12,3,2,3,6,0,1,1,0,0,0,0,0,"13,63346861","52,45069882"
18721,139458,Berlin,9,2020,6,18,3,3,1,5,0,1,1,0,0,0,0,0,"13,53321625","52,46152178"
18722,139459,Berlin,1,2020,6,18,3,3,1,5,0,1,1,0,0,0,0,0,"13,35794886","52,54557937"
18723,139460,Berlin,1,2020,6,17,6,3,2,6,0,0,1,0,0,0,1,1,"13,36620312","52,55071316"
18724,139461,Berlin,7,2020,6,18,3,3,5,2,0,1,1,0,0,0,0,0,"13,36122302","52,49442106"
18725,139462,Berlin,5,2020,6,15,4,2,5,2,0,0,1,0,1,0,0,0,"13,21910233","52,53704912"
18726,139463,Berlin,8,2020,6,22,7,3,5,7,2,1,1,0,0,0,0,0,"13,43899471","52,48053213"
18727,139464,Berlin,1,2020,6,16,3,3,2,6,0,0,1,0,0,0,0,0,"13,412248","52,52430405"
18728,139465,Berlin,6,2020,6,16,3,3,0,4,0,0,0,1,0,0,1,0,"13,30517869","52,42746987"
18729,139466,Berlin,5,2020,6,19,3,3,6,7,0,0,1,1,0,0,0,0,"13,2006745","52,52380264"
18730,139467,Berlin,1,2020,6,16,3,2,5,2,0,0,1,0,1,0,0,0,"13,38552559","52,5074173"
18731,139468,Berlin,2,2020,6,12,3,2,0,1,0,1,0,0,0,0,0,0,"13,47082038","52,50568865"
18732,139469,Berlin,7,2020,6,15,3,3,3,6,0,1,1,0,0,0,0,0,"13,34243851","52,48151986"
18733,139470,Berlin,3,2020,6,17,2,2,5,3,0,0,1,0,1,0,0,0,"13,43482508","52,5428755"
18734,139471,Berlin,10,2020,5,17,1,3,5,3,0,1,1,0,0,0,0,0,"13,53866741","52,52475809"
18735,139472,Berlin,9,2020,6,16,6,3,1,5,0,1,1,0,0,0,0,0,"13,44558467","52,48978342"
18736,139473,Berlin,3,2020,6,16,3,3,0,7,0,1,0,0,0,0,0,0,"13,44143614","52,59865708"
18737,139474,Berlin,5,2020,6,20,4,3,5,2,1,1,1,0,0,0,0,0,"13,199535","52,53488578"
18738,139475,Berlin,2,2020,6,17,7,3,5,3,0,1,1,0,0,0,0,0,"13,41064922","52,49437369"
18739,139476,Berlin,2,2020,6,15,3,3,6,7,0,1,0,1,0,0,0,0,"13,43796738","52,49402599"
18740,139477,Berlin,2,2020,6,14,3,3,0,7,0,0,1,0,0,0,1,0,"13,38241381","52,48508899"
18741,139478,Berlin,1,2020,6,15,3,3,3,6,0,0,0,0,1,0,1,0,"13,37447366","52,55623747"
18742,139479,Berlin,8,2020,6,15,2,3,6,4,0,0,1,1,0,0,0,0,"13,43114477","52,46779456"
18743,139480,Berlin,5,2020,5,16,1,2,1,5,0,0,1,0,0,0,0,0,"13,20026021","52,55046663"
18744,139481,Berlin,7,2020,5,1,1,2,9,1,2,0,1,0,0,0,0,0,"13,36133181","52,41246466"
18745,139482,Berlin,8,2020,6,15,3,3,2,7,0,1,1,0,0,0,0,0,"13,4334679","52,48207102"
18746,139483,Berlin,4,2020,6,21,2,3,3,6,1,0,1,0,0,0,0,0,"13,29330052","52,53414459"
18747,139484,Berlin,4,2020,5,17,1,3,2,6,0,0,1,0,0,0,0,0,"13,26604243","52,52069182"
18748,139485,Berlin,1,2020,6,15,3,3,1,5,0,0,1,0,0,0,1,0,"13,38679557","52,52749429"
18749,139486,Berlin,11,2020,6,17,5,3,5,3,0,1,1,0,0,0,0,0,"13,51196861","52,50977995"
18750,139487,Berlin,1,2020,6,16,2,3,5,2,0,1,1,0,0,0,0,0,"13,37181979","52,50927008"
18751,139488,Berlin,11,2020,5,17,1,3,0,2,0,0,1,0,1,0,0,0,"13,4852727","52,52668116"
18752,139489,Berlin,5,2020,6,14,3,2,1,5,0,0,1,0,0,0,0,0,"13,20451508","52,52426682"
18753,139490,Berlin,10,2020,6,14,3,3,0,2,0,1,1,0,0,0,0,0,"13,61331247","52,50877872"
18754,139491,Berlin,1,2020,6,8,4,3,5,2,0,1,1,0,0,0,0,0,"13,36558964","52,5031127"
18755,139492,Berlin,7,2020,6,16,7,3,5,2,0,1,1,0,0,0,0,0,"13,32842341","52,46478207"
18756,139493,Berlin,4,2020,6,15,3,3,2,6,0,0,1,0,0,0,0,0,"13,28490977","52,49172317"
18757,139494,Berlin,11,2020,6,10,3,3,5,3,0,0,1,0,0,0,1,0,"13,49650607","52,5339782"
18758,139495,Berlin,2,2020,6,14,3,3,5,6,0,0,1,0,0,0,0,0,"13,46385301","52,51992529"
18759,139496,Berlin,7,2020,6,12,2,3,5,2,0,1,1,0,0,0,0,0,"13,3594763","52,49848094"
18760,139497,Berlin,2,2020,5,16,1,3,1,5,0,1,1,0,0,0,0,0,"13,45542764","52,51358475"
18761,139498,Berlin,2,2020,6,13,3,2,5,2,0,0,1,0,1,0,0,0,"13,40658985","52,49835081"
18762,139499,Berlin,3,2020,6,16,4,3,5,3,0,1,0,0,0,0,0,0,"13,40416838","52,57575773"
18763,139500,Berlin,2,2020,6,12,5,3,5,2,0,1,1,0,0,0,0,0,"13,38885494","52,49932482"
18764,139501,Berlin,11,2020,6,20,1,3,5,3,0,0,1,0,0,0,1,0,"13,4855491","52,52318545"
18765,139502,Berlin,8,2020,5,16,1,3,5,7,0,0,1,0,0,0,0,0,"13,43097953","52,45237413"
18766,139503,Berlin,10,2020,6,13,3,3,5,3,0,1,1,0,0,0,0,0,"13,57564236","52,49004004"
18767,139504,Berlin,12,2020,6,13,3,3,5,3,0,0,1,0,1,0,0,0,"13,32214427","52,60878278"
18768,139505,Berlin,12,2020,6,9,4,3,5,2,0,0,1,0,1,0,0,0,"13,30086648","52,61571036"
18769,139506,Berlin,7,2020,6,10,3,3,5,7,0,0,1,0,0,0,0,0,"13,32633765","52,47651464"
18770,139507,Berlin,12,2020,6,17,4,3,3,6,0,0,1,0,1,0,0,0,"13,33124066","52,5621302"
18771,139508,Berlin,7,2020,6,17,5,3,5,3,0,1,1,0,0,0,0,1,"13,37233844","52,44454166"
18772,139509,Berlin,9,2020,6,11,1,2,0,1,0,1,0,0,0,0,0,1,"13,57542208","52,44725284"
18773,139510,Berlin,1,2020,5,15,1,2,1,5,0,1,1,0,0,0,0,0,"13,42194639","52,51087598"
18774,139511,Berlin,3,2020,6,9,3,2,0,3,0,0,1,0,1,0,0,0,"13,45551923","52,54526156"
18775,139512,Berlin,6,2020,6,12,3,3,5,2,0,1,1,0,0,0,0,0,"13,24260596","52,43381783"
18776,139513,Berlin,3,2020,6,11,4,2,0,1,0,1,0,0,0,0,0,0,"13,43146961","52,60298234"
18777,139514,Berlin,1,2020,6,8,3,3,5,2,0,1,1,0,0,0,0,0,"13,34371767","52,55337585"
18778,139515,Berlin,3,2020,6,9,3,2,5,2,0,1,0,0,0,1,0,0,"13,40804582","52,54198408"
18779,139516,Berlin,8,2020,6,8,3,3,1,5,0,1,1,0,0,0,0,0,"13,45467783","52,4830596"
18780,139517,Berlin,11,2020,6,9,2,3,5,2,0,1,0,0,0,0,0,0,"13,479266","52,52739008"
18781,139518,Berlin,1,2020,5,14,1,2,6,4,0,0,1,1,0,0,0,0,"13,38787267","52,560643"
18782,139519,Berlin,3,2020,6,8,3,3,5,2,0,1,1,0,0,0,0,0,"13,45076438","52,59126692"
18783,139520,Berlin,6,2020,6,15,4,3,1,5,0,1,1,0,0,0,0,0,"13,33040161","52,45211421"
18784,139521,Berlin,2,2020,6,13,1,2,5,2,0,1,1,0,0,0,0,0,"13,41829332","52,49873584"
18785,139522,Berlin,3,2020,5,13,1,3,0,7,0,1,0,0,0,0,0,0,"13,40716714","52,54714085"
18786,139523,Berlin,6,2020,6,8,3,3,2,7,0,1,0,0,0,0,1,0,"13,27602782","52,42430778"
18787,139524,Berlin,7,2020,6,7,3,2,5,2,0,1,1,0,0,0,0,0,"13,36157889","52,41253297"
18788,139525,Berlin,3,2020,6,10,3,3,5,2,0,1,1,0,0,0,0,0,"13,45651664","52,53010138"
18789,139526,Berlin,1,2020,6,7,3,3,2,7,0,1,1,0,0,0,0,0,"13,40147352","52,52999462"
18790,139527,Berlin,8,2020,6,14,3,3,5,7,0,1,1,0,0,0,0,0,"13,43375932","52,48329059"
18791,139528,Berlin,12,2020,6,7,3,3,5,2,0,1,1,0,0,0,0,0,"13,24418431","52,61498164"
18792,139529,Berlin,10,2020,6,7,3,3,1,5,0,1,0,0,0,0,1,0,"13,58599786","52,51611184"
18793,139530,Berlin,4,2020,6,8,3,2,6,4,0,0,1,1,0,0,0,0,"13,28624613","52,52019669"
18794,139531,Berlin,7,2020,6,12,3,3,5,2,0,1,0,0,0,0,1,0,"13,37311291","52,4368431"
18795,139532,Berlin,7,2020,6,11,2,3,2,2,0,0,1,0,0,0,0,0,"13,37213254","52,46978089"
18796,139533,Berlin,1,2020,5,17,1,3,0,6,0,0,1,0,0,0,1,0,"13,37889435","52,55078386"
18797,139534,Berlin,8,2020,6,16,6,3,5,3,0,0,1,0,0,0,0,0,"13,46790459","52,46410713"
18798,139535,Berlin,10,2020,6,5,3,3,2,6,0,0,1,0,0,0,0,0,"13,62381986","52,51397196"
18799,139536,Berlin,2,2020,6,15,4,3,5,7,0,1,1,0,0,0,0,0,"13,39799223","52,49109016"
18800,139537,Berlin,1,2020,6,20,7,3,5,3,0,1,1,0,0,0,0,0,"13,32695775","52,53701124"
18801,139538,Berlin,2,2020,6,19,3,3,5,3,0,1,1,0,0,0,0,0,"13,43143124","52,50289819"
18802,139539,Berlin,3,2020,6,12,7,3,5,2,0,0,1,0,0,0,0,0,"13,42769019","52,56793762"
18803,139540,Berlin,7,2020,6,12,3,3,5,2,0,0,1,0,1,0,0,0,"13,36357414","52,47671969"
18804,139541,Berlin,3,2020,6,19,3,3,6,6,0,1,0,1,0,0,0,0,"13,3960088","52,56608107"
18805,139542,Berlin,3,2020,6,16,3,2,1,7,0,0,1,0,1,0,1,0,"13,36646324","52,58509387"
18806,139543,Berlin,10,2020,6,11,7,3,2,6,0,0,1,0,0,0,0,0,"13,5835162","52,5491344"
18807,139544,Berlin,9,2020,6,11,2,3,0,6,0,0,1,0,0,0,1,0,"13,55881608","52,44661776"
18808,139545,Berlin,4,2020,6,18,2,3,0,6,0,0,1,0,0,0,1,0,"13,32280388","52,54330466"
18809,139546,Berlin,2,2020,6,17,2,3,5,3,0,1,1,0,1,0,0,0,"13,4523331","52,52737245"
18810,139547,Berlin,8,2020,5,22,7,3,1,5,2,1,1,0,0,0,0,0,"13,43411769","52,49009149"
18811,139548,Berlin,8,2020,6,19,4,3,3,6,0,1,1,0,0,0,0,0,"13,42797362","52,49229096"
18812,139549,Berlin,6,2020,6,15,7,2,2,7,0,0,1,0,0,0,0,0,"13,35331891","52,44152304"
18813,139550,Berlin,5,2020,6,16,7,2,5,2,0,0,1,0,0,0,0,0,"13,24758931","52,54082122"
18814,139551,Berlin,5,2020,6,22,2,2,5,3,2,0,1,0,0,0,0,0,"13,19537026","52,53546789"
18815,139552,Berlin,9,2020,6,12,4,3,1,5,0,0,1,0,1,0,0,0,"13,66195471","52,41236173"
18816,139553,Berlin,3,2020,6,15,4,3,5,3,0,1,1,0,0,0,0,0,"13,44584326","52,54460705"
18817,139554,Berlin,2,2020,6,19,2,3,5,2,0,1,1,0,0,0,0,0,"13,41490576","52,50245942"
18818,139555,Berlin,4,2020,6,19,2,3,1,5,0,1,1,0,0,0,0,0,"13,24791297","52,51580569"
18819,139556,Berlin,6,2020,6,18,2,3,4,6,0,1,0,0,0,0,0,0,"13,35309835","52,43289901"
18820,139557,Berlin,5,2020,6,11,4,3,5,7,0,0,1,0,0,0,0,0,"13,19069943","52,534377"
18821,139558,Berlin,2,2020,6,18,2,3,0,7,0,1,1,0,0,0,0,0,"13,40857336","52,48982113"