,id,city,district,year,month,hour,weekday,injury_level,collision,movement,light_conditions,bicycle,car,pedestrian,motorbike,truck,other_vehicle,road_conditions,longitude,latitude
18822,139559,Berlin,2,2020,6,10,4,3,6,4,0,1,0,1,0,0,0,0,"13,39957351","52,48935347"
18823,139560,Berlin,4,2020,6,17,2,3,5,7,0,0,1,0,0,0,0,0,"13,33044283","52,50530461"
18824,139561,Berlin,4,2020,6,13,5,2,3,6,0,1,1,0,0,0,0,0,"13,32264202","52,5211806"
18825,139562,Berlin,2,2020,6,10,4,2,5,2,0,1,1,0,0,0,0,0,"13,44646254","52,49866543"
18826,139563,Berlin,1,2020,6,17,2,3,5,5,0,1,1,0,0,0,0,0,"13,39706892","52,53474407"
18827,139564,Berlin,7,2020,6,16,2,3,5,2,0,1,1,0,0,0,0,0,"13,34905333","52,48940176"
18828,139565,Berlin,2,2020,6,16,2,2,0,1,0,1,0,0,0,0,0,0,"13,43341966","52,52332844"
18829,139566,Berlin,1,2020,6,16,2,3,2,6,0,1,1,0,0,0,0,0,"13,38752941","52,5272375"
18830,139567,Berlin,4,2020,6,10,4,3,5,3,0,1,1,0,0,0,0,0,"13,31641111","52,49747733"
18831,139568,Berlin,4,2020,6,15,2,3,2,6,0,0,1,0,1,0,0,0,"13,3082273","52,48834951"
18832,139569,Berlin,9,2020,6,12,2,3,2,6,0,0,1,0,0,0,1,0,"13,47672031","52,47652376"
18833,139570,Berlin,7,2020,6,11,5,3,2,6,0,0,1,0,1,0,0,0,"13,3758103","52,40920949"
18834,139571,Berlin,3,2020,6,9,4,3,5,3,0,0,1,0,0,0,0,0,"13,41276882","52,54439804"
18835,139572,Berlin,2,2020,6,23,2,3,1,5,2,1,1,0,0,0,0,0,"13,38413142","52,4849886"
18836,139573,Berlin,5,2020,6,13,2,3,5,2,0,1,1,0,0,0,0,0,"13,16551511","52,55122498"
18837,139574,Berlin,11,2020,6,22,2,2,5,3,2,1,0,0,1,0,0,0,"13,51914252","52,50993848"
18838,139575,Berlin,7,2020,6,9,4,3,5,3,0,1,1,0,0,0,0,0,"13,32283311","52,47018609"
18839,139576,Berlin,6,2020,6,15,4,3,5,2,0,0,1,0,0,0,0,0,"13,31772292","52,41440767"
18840,139577,Berlin,2,2020,6,21,2,3,1,5,1,1,1,0,0,0,0,0,"13,44101499","52,50461371"
18841,139578,Berlin,11,2020,6,20,2,2,5,3,1,1,1,0,0,0,0,0,"13,50816819","52,57444294"
18842,139579,Berlin,3,2020,6,8,4,3,5,3,0,1,1,0,0,0,0,0,"13,46095555","52,56389739"
18843,139580,Berlin,2,2020,6,9,4,3,5,2,0,0,1,0,1,0,0,0,"13,42859159","52,51953516"
18844,139581,Berlin,6,2020,6,20,2,2,2,4,0,0,1,1,0,0,0,0,"13,31544421","52,44880391"
18845,139582,Berlin,9,2020,6,9,4,3,2,6,0,0,1,0,0,0,0,0,"13,66831097","52,44807506"
18846,139583,Berlin,11,2020,6,20,2,3,5,2,1,1,1,0,0,0,0,0,"13,50030725","52,56141138"
18847,139584,Berlin,8,2020,6,20,2,3,0,2,1,1,1,0,0,0,0,0,"13,46183534","52,47118169"
18848,139585,Berlin,1,2020,6,9,5,3,0,6,0,1,1,0,0,0,0,0,"13,40664791","52,52527021"
18849,139586,Berlin,9,2020,6,8,4,3,5,2,0,1,1,0,0,0,0,0,"13,56911591","52,44415257"
18850,139587,Berlin,7,2020,6,20,2,3,5,2,0,1,1,0,0,0,0,0,"13,40126305","52,41462567"
18851,139588,Berlin,1,2020,6,20,2,3,5,7,0,1,1,0,0,0,0,0,"13,35918034","52,5462998"
18852,139589,Berlin,6,2020,6,11,2,3,0,7,0,1,0,0,0,0,0,0,"13,31945993","52,41288948"
18853,139590,Berlin,8,2020,6,8,4,3,6,7,0,0,1,1,0,0,0,0,"13,4505049","52,43860227"
18854,139591,Berlin,5,2020,6,15,4,2,2,6,0,0,1,0,1,0,0,0,"13,22108911","52,52842601"
18855,139592,Berlin,1,2020,6,8,2,3,4,6,0,0,1,0,0,0,0,0,"13,35177179","52,55798855"
18856,139593,Berlin,6,2020,6,8,2,3,6,2,0,0,0,1,0,0,1,0,"13,30505119","52,41791055"
18857,139594,Berlin,10,2020,6,7,2,3,6,4,0,0,1,1,0,0,0,0,"13,57468272","52,52691077"
18858,139595,Berlin,3,2020,6,8,4,2,5,3,0,1,1,0,0,0,0,0,"13,44954947","52,55270372"
18859,139596,Berlin,10,2020,6,7,2,3,0,1,0,1,0,0,0,0,0,0,"13,6013106","52,53584926"
18860,139597,Berlin,11,2020,6,6,2,3,5,3,0,1,1,0,0,0,0,0,"13,48740207","52,51563707"
18861,139598,Berlin,10,2020,6,6,2,3,5,3,0,1,1,0,0,0,0,0,"13,5747797","52,48733394"
18862,139599,Berlin,3,2020,6,5,2,3,0,1,0,0,0,0,1,0,0,1,"13,44120447","52,56852671"
18863,139600,Berlin,6,2020,6,1,4,3,0,1,2,0,0,0,0,0,1,0,"13,3227072","52,45647787"
18864,139601,Berlin,6,2020,6,15,4,3,2,6,0,0,1,0,0,0,1,0,"13,31912819","52,43315669"
18865,139602,Berlin,5,2020,6,16,2,3,2,6,0,0,1,0,1,0,0,0,"13,18240487","52,51223912"
18866,139603,Berlin,1,2020,6,16,2,2,5,2,0,0,1,0,0,0,0,0,"13,36452223","52,52270021"
18867,139604,Berlin,4,2020,6,16,2,3,1,5,0,0,1,0,0,0,0,0,"13,31166454","52,54648524"
18868,139605,Berlin,6,2020,6,8,3,3,0,5,0,0,1,0,0,0,0,0,"13,34365002","52,43358382"
18869,139606,Berlin,10,2020,6,15,2,3,4,6,0,1,0,0,0,0,0,0,"13,61339483","52,49883194"
18870,139607,Berlin,4,2020,6,15,3,3,2,6,0,0,1,0,0,0,0,0,"13,30469112","52,49948332"
18871,139608,Berlin,5,2020,6,15,2,2,5,3,0,1,0,0,0,1,0,0,"13,18172511","52,53407995"
18872,139609,Berlin,11,2020,6,11,5,3,8,7,0,0,0,0,0,0,1,0,"13,50663326","52,49695234"
18873,139610,Berlin,11,2020,6,21,3,3,1,5,1,1,1,0,0,0,0,0,"13,47865923","52,51705333"
18874,139611,Berlin,5,2020,6,9,3,3,6,7,0,1,0,1,0,0,0,0,"13,14204188","52,53486218"
18875,139612,Berlin,12,2020,6,15,2,3,2,6,0,0,1,0,0,0,0,0,"13,31690158","52,58706944"
18876,139613,Berlin,8,2020,6,15,5,3,5,3,0,0,1,0,0,0,0,0,"13,40583919","52,41631122"
18877,139614,Berlin,2,2020,6,19,3,3,0,2,0,1,0,0,1,0,0,0,"13,42680374","52,4945157"
18878,139615,Berlin,8,2020,6,14,2,3,5,2,0,0,1,0,0,0,0,0,"13,43527599","52,46030274"
18879,139616,Berlin,7,2020,6,14,2,3,3,6,0,0,1,0,1,0,0,0,"13,39006525","52,39867715"
18880,139617,Berlin,1,2020,6,14,2,3,3,6,0,1,1,0,0,0,0,0,"13,38672692","52,52738089"
18881,139618,Berlin,7,2020,6,13,2,3,1,5,0,1,1,0,0,0,0,0,"13,36140134","52,48109452"
18882,139619,Berlin,1,2020,6,19,3,3,5,2,0,0,1,0,1,0,0,0,"13,36066604","52,52335476"
18883,139620,Berlin,12,2020,6,13,2,2,5,3,0,0,1,0,1,0,0,0,"13,31199676","52,56797205"
18884,139621,Berlin,2,2020,6,13,2,2,0,5,0,1,1,0,0,0,0,0,"13,44088983","52,51793385"
18885,139622,Berlin,3,2020,6,10,5,3,5,3,0,0,1,0,0,0,0,0,"13,44133317","52,5685578"
18886,139623,Berlin,1,2020,6,18,3,3,6,4,0,1,0,1,0,0,0,0,"13,36423344","52,5436283"
18887,139624,Berlin,6,2020,6,13,2,3,0,7,0,1,0,0,0,0,0,0,"13,33385449","52,41742247"
18888,139625,Berlin,2,2020,6,12,2,2,5,3,0,1,1,0,0,0,0,0,"13,39499437","52,50313726"
18889,139626,Berlin,1,2020,6,12,2,3,2,7,0,0,0,0,1,0,1,0,"13,36232922","52,49985994"
18890,139627,Berlin,2,2020,6,20,2,3,5,2,0,1,1,0,0,0,0,0,"13,41894073","52,49888261"
18891,139628,Berlin,6,2020,6,11,2,2,5,2,0,1,1,0,0,0,0,0,"13,25680615","52,42976025"
18892,139629,Berlin,1,2020,6,18,3,3,5,2,0,0,1,0,1,0,0,0,"13,3250435","52,53232837"
18893,139630,Berlin,2,2020,6,17,2,3,5,2,0,1,0,0,0,0,0,0,"13,38869863","52,50069742"
18894,139631,Berlin,1,2020,6,10,2,3,6,4,0,1,0,1,0,0,0,0,"13,40322866","52,52743967"
18895,139632,Berlin,10,2020,6,8,5,3,5,2,0,0,1,0,1,0,0,0,"13,61977352","52,53951857"
18896,139633,Berlin,7,2020,6,18,3,3,3,6,0,1,0,0,0,0,0,0,"13,34367336","52,50032812"
18897,139634,Berlin,5,2020,6,11,2,3,5,2,0,0,1,0,0,0,1,0,"13,1332247","52,52633144"
18898,139635,Berlin,3,2020,6,10,2,3,0,2,0,0,1,0,0,0,1,0,"13,42657438","52,60778512"
18899,139636,Berlin,5,2020,6,10,2,2,4,6,0,0,1,0,0,0,0,0,"13,17993401","52,50565358"
18900,139637,Berlin,1,2020,6,18,3,3,5,2,0,0,1,0,0,0,0,0,"13,35138298","52,50960943"
18901,139638,Berlin,1,2020,6,21,4,3,5,3,2,0,1,0,0,0,0,0,"13,37949336","52,5498181"
18902,139639,Berlin,2,2020,6,8,2,3,0,7,0,1,0,0,0,0,0,0,"13,40368386","52,49413795"
18903,139640,Berlin,3,2020,6,16,2,1,5,2,0,0,1,0,1,0,0,0,"13,4708851","52,60145327"
18904,139641,Berlin,2,2020,6,18,3,3,1,5,0,1,1,0,0,0,0,0,"13,39295425","52,49171815"
18905,139642,Berlin,1,2020,6,19,4,3,0,1,0,1,0,0,0,0,0,0,"13,39135545","52,53192073"
18906,139643,Berlin,3,2020,6,17,1,3,0,3,0,1,0,0,0,0,1,0,"13,46386123","52,57180752"
18907,139644,Berlin,6,2020,6,18,1,3,5,2,0,1,0,0,1,0,0,0,"13,28943163","52,45675045"
18908,139645,Berlin,6,2020,6,8,4,3,5,3,0,1,1,0,0,0,0,0,"13,35851493","52,43412746"
18909,139646,Berlin,4,2020,6,22,1,3,2,7,2,1,1,0,0,0,0,0,"13,32867352","52,49145934"
18910,139647,Berlin,3,2020,6,8,4,3,6,4,0,0,1,1,0,0,0,0,"13,50416345","52,63039085"
18911,139648,Berlin,1,2020,6,22,1,3,5,2,2,1,1,0,0,0,0,0,"13,39605572","52,53832718"
18912,139649,Berlin,1,2020,6,20,1,3,1,7,0,1,1,0,0,0,0,0,"13,38676805","52,52101673"
18913,139650,Berlin,8,2020,6,18,3,2,4,6,0,0,1,0,1,0,0,0,"13,45026186","52,42811902"
18914,139651,Berlin,8,2020,6,14,4,3,5,3,0,1,1,0,0,0,0,0,"13,44794054","52,47107269"
18915,139652,Berlin,4,2020,6,20,1,3,1,5,0,1,1,0,0,0,0,0,"13,26956499","52,48089008"
18916,139653,Berlin,6,2020,6,19,1,3,5,2,0,1,1,0,0,0,0,0,"13,28848695","52,46552188"
18917,139654,Berlin,8,2020,6,8,4,3,5,2,0,0,1,0,0,0,0,0,"13,44733343","52,46427314"
18918,139655,Berlin,8,2020,6,18,1,3,0,1,0,1,0,0,0,0,0,0,"13,45731713","52,42284938"
18919,139656,Berlin,3,2020,6,17,1,3,1,5,0,1,1,0,0,0,0,0,"13,41516841","52,55047167"
18920,139657,Berlin,1,2020,6,7,4,3,4,6,0,0,1,0,0,0,1,0,"13,35038867","52,53605351"
18921,139658,Berlin,3,2020,6,18,1,2,9,1,0,0,1,0,0,0,0,0,"13,44458483","52,5773176"
18922,139659,Berlin,10,2020,6,17,3,3,5,2,0,1,1,0,0,0,0,0,"13,51973187","52,52611185"
18923,139660,Berlin,9,2020,6,16,1,2,5,7,0,0,1,0,1,0,0,0,"13,47156358","52,45342916"
18924,139661,Berlin,9,2020,6,17,3,3,6,4,2,1,0,1,0,0,0,0,"13,58100046","52,44298675"
18925,139662,Berlin,1,2020,6,15,1,3,0,1,0,0,0,0,0,0,1,0,"13,39845684","52,51973669"
18926,139663,Berlin,4,2020,6,14,5,3,2,6,0,0,1,0,1,0,0,0,"13,32706643","52,50874175"
18927,139664,Berlin,7,2020,6,17,3,3,0,5,0,0,1,0,0,0,0,0,"13,35500636","52,48710838"
18928,139665,Berlin,7,2020,6,12,1,3,2,6,0,1,1,0,0,0,0,0,"13,36425547","52,48509902"
18929,139666,Berlin,8,2020,6,7,4,3,2,1,0,0,1,0,1,0,0,0,"13,43823322","52,41972192"
18930,139667,Berlin,1,2020,6,11,1,3,5,5,0,1,1,0,0,0,0,0,"13,39513858","52,5141696"
18931,139668,Berlin,1,2020,6,11,1,3,2,6,0,0,1,0,0,0,0,0,"13,35402518","52,54924902"
18932,139669,Berlin,5,2020,6,17,3,3,2,6,0,0,1,0,0,0,0,0,"13,23259292","52,5276353"
18933,139670,Berlin,4,2020,6,16,1,3,5,2,0,1,0,0,0,0,0,0,"13,33575913","52,51365988"
18934,139671,Berlin,2,2020,6,22,7,3,5,3,2,0,1,0,0,0,0,1,"13,39446394","52,49162666"
18935,139672,Berlin,4,2020,6,17,3,3,2,6,0,0,1,0,1,0,0,0,"13,33095708","52,50679234"
18936,139673,Berlin,8,2020,6,21,7,3,5,3,2,1,1,0,0,0,0,1,"13,42828439","52,49339651"
18937,139674,Berlin,2,2020,6,21,7,2,6,4,2,0,1,1,0,0,0,1,"13,44406727","52,49996993"
18938,139675,Berlin,5,2020,6,11,5,3,5,3,0,0,1,0,0,0,0,0,"13,17119063","52,52021346"
18939,139676,Berlin,10,2020,6,16,3,3,2,6,0,0,1,0,0,0,0,0,"13,56999393","52,54116709"
18940,139677,Berlin,8,2020,6,20,7,3,5,3,2,1,1,0,0,0,0,1,"13,42687569","52,48818971"
18941,139678,Berlin,1,2020,6,5,4,3,5,2,0,1,1,0,0,0,0,0,"13,40414749","52,52180243"
18942,139679,Berlin,12,2020,6,20,7,3,6,7,1,1,0,1,0,0,0,1,"13,28302238","52,5871901"
18943,139680,Berlin,1,2020,6,19,7,3,0,1,1,1,0,0,0,0,0,1,"13,42080518","52,51455349"
18944,139681,Berlin,12,2020,6,16,3,3,6,4,0,0,1,1,0,0,0,0,"13,37065051","52,56407114"
18945,139682,Berlin,1,2020,6,14,4,2,2,6,0,0,1,0,1,0,0,0,"13,3517368","52,55867697"
18946,139683,Berlin,10,2020,6,19,7,3,0,1,1,1,0,0,0,0,0,1,"13,6350887","52,52992664"
18947,139684,Berlin,3,2020,6,18,7,3,0,6,0,0,1,0,1,0,0,1,"13,40024593","52,58038167"
18948,139685,Berlin,3,2020,6,7,5,3,0,7,0,1,0,1,0,0,0,0,"13,44325785","52,54583063"
18949,139686,Berlin,8,2020,6,9,3,3,1,5,0,0,1,0,0,0,0,0,"13,4478824","52,42725397"
18950,139687,Berlin,9,2020,6,16,7,2,0,7,0,1,0,0,0,0,0,0,"13,54269057","52,43441083"
18951,139688,Berlin,1,2020,6,16,7,2,0,1,0,0,0,0,1,0,0,1,"13,39523801","52,5391433"
18952,139689,Berlin,1,2020,6,9,5,3,5,3,0,1,0,0,0,0,1,0,"13,4018057","52,52905915"
18953,139690,Berlin,5,2020,6,9,3,3,2,6,0,0,1,0,0,0,1,0,"13,20720872","52,53888153"
18954,139691,Berlin,4,2020,6,16,7,1,5,3,0,1,1,0,0,0,0,0,"13,3045261","52,52733488"
18955,139692,Berlin,10,2020,6,14,7,2,2,6,0,0,1,0,0,0,0,1,"13,5633827","52,56132149"
18956,139693,Berlin,1,2020,6,14,7,3,1,5,0,1,1,0,0,0,0,0,"13,35091739","52,53050127"
18957,139694,Berlin,1,2020,6,16,3,3,0,1,0,1,0,0,0,0,0,0,"13,38130628","52,51546467"
18958,139695,Berlin,1,2020,6,18,4,3,5,3,0,1,0,0,0,0,0,0,"13,37699895","52,55673431"
18959,139696,Berlin,8,2020,6,14,7,3,5,7,0,1,1,0,0,0,0,0,"13,44550804","52,47086004"
18960,139697,Berlin,1,2020,6,14,7,3,0,2,0,1,1,0,0,0,0,0,"13,3759949","52,54879553"
18961,139698,Berlin,12,2020,6,18,4,3,5,2,0,1,1,0,0,0,0,0,"13,30965913","52,5692134"
18962,139699,Berlin,1,2020,6,14,7,3,6,4,0,1,0,1,0,0,0,0,"13,38662007","52,55917295"
18963,139700,Berlin,12,2020,6,17,4,3,2,6,0,0,1,0,1,0,0,0,"13,32146139","52,56039597"
18964,139701,Berlin,9,2020,6,14,7,3,6,4,0,0,1,1,0,0,0,0,"13,56765108","52,4405817"
18965,139702,Berlin,1,2020,6,13,7,3,5,3,0,1,1,0,0,0,0,0,"13,34316968","52,50468274"
18966,139703,Berlin,1,2020,6,12,7,3,0,7,0,1,0,0,0,0,0,0,"13,37548809","52,53782826"
18967,139704,Berlin,8,2020,6,11,7,3,5,7,0,0,1,0,1,0,0,0,"13,42642258","52,4769441"
18968,139705,Berlin,3,2020,6,8,3,3,5,3,0,0,1,0,0,0,0,0,"13,43260661","52,55752677"
18969,139706,Berlin,6,2020,6,13,4,2,2,6,0,1,1,0,0,0,0,0,"13,34048381","52,42999932"
18970,139707,Berlin,12,2020,6,10,7,3,2,6,0,0,1,0,0,0,0,0,"13,29981839","52,59901441"
18971,139708,Berlin,5,2020,6,11,7,2,5,3,0,0,1,0,1,0,0,0,"13,14331661","52,52424583"
18972,139709,Berlin,6,2020,6,6,7,3,5,3,0,0,1,0,0,0,0,0,"13,33228334","52,417721"
18973,139710,Berlin,12,2020,6,15,3,2,5,2,0,0,1,0,1,0,0,0,"13,31565565","52,58657583"
18974,139711,Berlin,1,2020,6,1,7,3,1,5,2,1,1,0,0,0,0,0,"13,38861551","52,51827224"
18975,139712,Berlin,3,2020,6,14,3,2,1,5,0,1,0,0,0,0,1,0,"13,45573211","52,54625655"
18976,139713,Berlin,1,2020,6,0,7,3,6,2,2,0,0,1,0,0,1,0,"13,35921825","52,54627833"
18977,139714,Berlin,1,2020,6,12,5,3,0,2,0,1,1,0,0,0,0,0,"13,33541026","52,54205999"
18978,139715,Berlin,7,2020,6,8,3,3,5,2,0,1,1,0,0,0,0,0,"13,37614729","52,4588878"
18979,139716,Berlin,11,2020,6,17,7,3,3,2,1,1,1,0,0,0,0,1,"13,50992306","52,55046695"
18980,139717,Berlin,1,2020,6,16,4,3,5,2,0,1,1,0,0,0,0,0,"13,41718128","52,51243894"
18981,139718,Berlin,6,2020,6,15,5,3,6,6,0,1,0,1,0,0,0,0,"13,31088415","52,42133742"
18982,139719,Berlin,2,2020,6,14,3,3,3,6,0,1,1,0,0,0,0,0,"13,39147827","52,48943886"
18983,139720,Berlin,4,2020,6,13,6,2,5,2,0,1,0,0,0,0,1,0,"13,28225813","52,53377459"
18984,139721,Berlin,1,2020,6,20,6,2,3,6,0,1,1,0,0,0,0,0,"13,39535386","52,5289096"
18985,139722,Berlin,4,2020,6,19,6,3,0,7,0,1,0,0,0,0,0,1,"13,32182349","52,50196094"
18986,139723,Berlin,8,2020,6,18,6,3,0,1,0,1,0,0,0,0,0,0,"13,43674063","52,48109122"
18987,139724,Berlin,1,2020,6,8,3,3,0,1,0,1,0,0,0,0,0,0,"13,40907827","52,52832261"
18988,139725,Berlin,12,2020,6,18,6,3,0,1,0,0,1,0,1,0,0,0,"13,32144836","52,57027931"
18989,139726,Berlin,12,2020,6,18,6,3,5,3,0,0,1,0,0,0,1,0,"13,31802458","52,57074246"
18990,139727,Berlin,8,2020,6,11,5,3,5,3,0,0,1,0,0,0,0,0,"13,48598393","52,43326103"
18991,139728,Berlin,1,2020,6,15,3,3,5,3,0,1,1,0,0,0,0,0,"13,37220665","52,55668877"
18992,139729,Berlin,6,2020,6,17,6,3,5,3,0,0,1,0,0,0,0,0,"13,28316724","52,41679221"
18993,139730,Berlin,9,2020,6,17,6,3,5,3,0,0,1,0,0,0,0,0,"13,57044839","52,47352754"
18994,139731,Berlin,5,2020,6,17,6,3,6,7,0,1,0,1,0,0,0,0,"13,1786618","52,54927096"
18995,139732,Berlin,6,2020,6,14,3,3,2,6,0,1,1,0,0,0,0,0,"13,31092185","52,41812721"
18996,139733,Berlin,12,2020,6,16,6,3,6,7,0,1,0,1,0,0,0,0,"13,36019572","52,60220476"
18997,139734,Berlin,7,2020,6,15,6,3,1,5,0,1,1,0,0,0,0,0,"13,39071088","52,39533836"
18998,139735,Berlin,1,2020,6,13,3,3,5,3,0,1,1,0,0,0,0,0,"13,37219527","52,5466369"
18999,139736,Berlin,5,2020,6,8,6,3,2,6,0,1,1,0,0,0,0,0,"13,14431999","52,454191"
19000,139737,Berlin,8,2020,6,15,6,3,5,7,0,1,1,0,0,0,1,0,"13,4318503","52,48773654"
19001,139738,Berlin,10,2020,6,9,5,1,6,4,0,1,0,1,0,0,0,0,"13,60215242","52,48341302"
19002,139739,Berlin,9,2020,6,6,3,3,5,2,0,1,1,0,0,0,0,0,"13,57428257","52,45278406"
19003,139740,Berlin,12,2020,6,14,6,3,2,6,0,0,1,0,0,0,0,0,"13,31464908","52,57464104"
19004,139741,Berlin,1,2020,6,16,4,3,4,6,0,1,0,0,0,0,1,0,"13,37641966","52,55365273"
19005,139742,Berlin,2,2020,6,14,6,3,3,6,0,1,1,0,0,0,0,0,"13,45457935","52,51386254"
19006,139743,Berlin,1,2020,6,13,6,3,0,1,0,0,0,0,1,0,0,0,"13,38714726","52,52235199"
19007,139744,Berlin,3,2020,6,6,3,3,5,3,0,0,1,0,0,0,1,0,"13,42999566","52,57172242"
19008,139745,Berlin,7,2020,6,13,4,3,5,3,0,1,1,0,0,0,0,0,"13,4041011","52,43954712"
19009,139746,Berlin,2,2020,6,13,6,2,5,2,0,1,0,0,0,0,1,0,"13,37668836","52,48503379"
19010,139747,Berlin,1,2020,6,13,6,3,5,2,0,1,1,0,0,0,0,0,"13,40118763","52,51041848"
19011,139748,Berlin,2,2020,6,12,6,3,5,7,0,0,1,0,1,0,0,0,"13,44103366","52,50155524"
19012,139749,Berlin,1,2020,6,13,4,3,0,7,0,0,0,0,1,0,0,1,"13,3721562","52,53878517"
19013,139750,Berlin,1,2020,6,23,6,3,5,2,2,0,1,0,1,0,0,0,"13,3379494","52,51367389"
19014,139751,Berlin,3,2020,6,22,6,3,1,5,2,1,1,0,0,0,0,0,"13,41123687","52,56721969"
19015,139752,Berlin,8,2020,6,23,4,3,1,1,2,0,1,0,1,0,0,0,"13,42647464","52,49016777"
19016,139753,Berlin,4,2020,6,22,6,2,1,5,2,1,0,0,0,0,1,0,"13,31316401","52,54314141"
19017,139754,Berlin,4,2020,6,12,6,3,5,2,0,1,0,0,0,0,1,0,"13,2484348","52,52434202"
19018,139755,Berlin,1,2020,6,12,6,2,5,2,0,0,1,0,0,0,1,0,"13,35946883","52,52329222"
19019,139756,Berlin,7,2020,6,5,3,3,5,3,0,1,1,0,0,0,0,0,"13,42066388","52,4613405"
19020,139757,Berlin,2,2020,6,17,4,3,5,2,0,1,1,0,0,0,0,0,"13,45875426","52,50640587"
19021,139758,Berlin,5,2020,6,20,6,3,5,2,0,0,1,0,1,0,0,0,"13,12197213","52,47312882"
19022,139759,Berlin,10,2020,6,12,6,3,5,2,0,1,1,0,0,0,0,0,"13,60073584","52,47789179"
19023,139760,Berlin,9,2020,6,12,6,3,1,5,0,1,1,0,0,0,0,0,"13,59668854","52,45662044"
19024,139761,Berlin,2,2020,6,11,6,3,2,6,0,0,1,0,1,0,0,0,"13,44353115","52,52522746"
19025,139762,Berlin,5,2020,6,0,3,2,5,3,2,1,1,0,0,0,0,0,"13,19386306","52,54567774"
19026,139763,Berlin,1,2020,6,13,3,3,5,2,0,0,1,0,1,0,0,0,"13,38845421","52,51871476"
19027,139764,Berlin,7,2020,6,11,6,3,1,5,0,0,1,0,0,0,0,0,"13,383434","52,42276674"
19028,139765,Berlin,11,2020,6,12,3,3,5,2,0,1,1,0,0,0,0,0,"13,51965702","52,50583247"
19029,139766,Berlin,9,2020,6,10,6,2,6,4,0,0,1,1,0,0,0,0,"13,53953897","52,45081783"
19030,139767,Berlin,1,2020,6,14,5,3,0,7,0,1,0,1,0,0,0,0,"13,34253908","52,51825444"
19031,139768,Berlin,9,2020,6,12,3,3,2,6,0,0,1,0,0,0,0,0,"13,51013226","52,44410572"
19032,139769,Berlin,10,2020,6,9,6,3,2,6,0,0,1,0,0,0,0,0,"13,62482199","52,52799402"
19033,139770,Berlin,5,2020,6,8,6,3,1,5,0,0,1,0,0,0,0,0,"13,15898491","52,54423704"
19034,139771,Berlin,10,2020,6,8,6,3,5,2,0,1,1,0,0,0,0,0,"13,56298707","52,5142073"
19035,139772,Berlin,3,2020,6,7,6,2,5,2,0,1,1,0,0,0,0,0,"13,41040069","52,55096529"
19036,139773,Berlin,2,2020,6,11,3,3,5,3,0,1,1,0,0,0,0,0,"13,43802685","52,50036358"
19037,139774,Berlin,6,2020,6,6,6,3,5,2,0,1,1,0,0,0,0,0,"13,24395585","52,4461603"
19038,139775,Berlin,3,2020,6,9,5,3,6,7,0,1,0,1,0,0,0,0,"13,43094933","52,55458535"
19039,139776,Berlin,8,2020,6,10,5,3,6,2,0,0,1,1,0,0,0,0,"13,42759824","52,4209"
19040,139777,Berlin,8,2020,6,11,3,3,5,3,0,0,1,0,0,1,0,0,"13,50709022","52,41033658"
19041,139778,Berlin,6,2020,6,7,5,2,0,1,0,1,0,0,0,0,0,1,"13,24425486","52,4273447"
19042,139779,Berlin,7,2020,6,12,5,3,5,2,0,0,1,0,0,0,0,1,"13,40125843","52,41449657"
19043,139780,Berlin,4,2020,6,11,5,3,5,2,0,1,1,0,0,0,0,1,"13,32090319","52,48865015"
19044,139781,Berlin,2,2020,6,12,5,3,5,7,0,1,1,0,0,0,0,0,"13,46800178","52,50941119"
19045,139782,Berlin,1,2020,6,11,3,3,0,7,0,1,1,0,0,0,0,0,"13,39401114","52,50790835"
19046,139783,Berlin,4,2020,6,11,5,3,6,4,0,1,0,1,0,0,0,1,"13,32767894","52,49508968"
19047,139784,Berlin,12,2020,6,9,5,3,5,3,0,1,1,0,0,0,0,1,"13,30584552","52,62039766"
19048,139785,Berlin,4,2020,6,9,5,3,6,2,0,0,1,1,0,0,0,1,"13,32338362","52,49151813"
19049,139786,Berlin,1,2020,6,10,3,3,5,2,0,1,1,0,0,0,0,0,"13,33652202","52,54212795"
19050,139787,Berlin,4,2020,6,9,5,3,3,6,0,0,1,0,0,1,0,0,"13,28491089","52,49528082"
19051,139788,Berlin,5,2020,6,9,5,3,6,4,0,0,1,1,0,0,0,1,"13,20982933","52,54798944"
19052,139789,Berlin,4,2020,6,7,5,3,5,3,0,0,1,0,0,0,0,0,"13,30692507","52,47256278"
19053,139790,Berlin,1,2020,6,10,3,2,0,7,0,1,0,0,0,0,0,0,"13,38888771","52,51667686"
19054,139791,Berlin,4,2020,6,9,5,3,2,6,0,0,1,0,0,0,1,1,"13,30655003","52,47706675"
19055,139792,Berlin,1,2020,6,9,5,3,5,2,0,1,0,0,0,0,1,1,"13,35859317","52,55415377"
19056,139793,Berlin,7,2020,6,20,5,3,2,6,1,0,1,0,0,0,1,0,"13,37950714","52,44505572"
19057,139794,Berlin,3,2020,6,8,5,3,0,6,0,0,0,0,1,0,1,1,"13,41049019","52,55410733"
19058,139795,Berlin,8,2020,6,13,2,3,2,3,0,0,1,0,0,1,0,0,"13,4473475","52,46427578"