,id,city,district,year,month,hour,weekday,injury_level,collision,movement,light_conditions,bicycle,car,pedestrian,motorbike,truck,other_vehicle,road_conditions,longitude,latitude
19059,139796,Berlin,10,2020,6,12,4,3,2,6,0,0,1,0,0,0,0,0,"13,58957376","52,52811623"
19060,139797,Berlin,2,2020,6,8,5,2,0,2,0,1,1,0,0,0,0,1,"13,38760115","52,49305733"
19061,139798,Berlin,1,2020,6,7,5,3,1,5,0,1,1,0,0,0,0,1,"13,39854055","52,54527716"
19062,139799,Berlin,3,2020,6,8,4,3,5,3,0,0,1,1,0,0,1,0,"13,45506989","52,55110782"
19063,139800,Berlin,1,2020,6,16,4,3,1,5,0,1,1,0,0,0,1,0,"13,38012575","52,55137274"
19064,139801,Berlin,7,2020,6,19,5,3,2,1,0,0,1,0,0,0,0,0,"13,40416282","52,39384264"
19065,139802,Berlin,12,2020,6,15,4,3,1,5,0,1,1,0,0,0,0,0,"13,32616824","52,56456952"
19066,139803,Berlin,12,2020,6,6,5,3,5,3,0,1,1,0,0,0,0,1,"13,35144758","52,57138351"
19067,139804,Berlin,4,2020,6,19,5,3,5,7,0,0,1,0,0,0,0,0,"13,26457025","52,50563777"
19068,139805,Berlin,5,2020,6,15,5,3,5,3,0,0,1,0,0,0,0,0,"13,18859879","52,53421842"
19069,139806,Berlin,4,2020,6,15,2,2,6,7,0,1,0,1,0,0,0,0,"13,30124941","52,5356618"
19070,139807,Berlin,1,2020,6,19,5,3,6,4,0,0,1,1,0,0,0,1,"13,39006877","52,54717808"
19071,139808,Berlin,11,2020,6,19,5,3,5,3,0,1,1,0,0,0,0,1,"13,50397458","52,50942473"
19072,139809,Berlin,4,2020,6,13,5,3,5,2,0,1,0,0,0,1,0,0,"13,29954038","52,51948005"
19073,139810,Berlin,4,2020,6,18,2,3,5,2,0,1,1,0,0,0,0,0,"13,32611175","52,53834505"
19074,139811,Berlin,2,2020,6,17,7,3,5,2,0,0,1,0,0,0,0,1,"13,4468361","52,50272122"
19075,139812,Berlin,3,2020,6,23,7,3,0,7,2,1,0,0,0,0,0,0,"13,38966464","52,57019101"
19076,139813,Berlin,8,2020,6,6,4,3,5,7,0,0,1,0,0,0,0,0,"13,43106736","52,46792212"
19077,139814,Berlin,8,2020,6,20,5,3,5,7,0,0,1,0,0,0,0,0,"13,43255663","52,46532325"
19078,139815,Berlin,7,2020,6,11,3,3,1,5,0,0,1,0,0,0,0,0,"13,3656901","52,42023736"
19079,139816,Berlin,1,2020,6,16,7,3,5,3,0,0,1,0,0,0,0,1,"13,36727927","52,52248053"
19080,139817,Berlin,12,2020,6,13,3,3,6,7,0,0,0,1,0,0,1,0,"13,2853398","52,58989883"
19081,139818,Berlin,1,2020,6,16,7,3,6,2,0,0,1,1,0,0,0,1,"13,37047547","52,54533912"
19082,139819,Berlin,10,2020,6,7,5,3,5,2,0,0,1,0,1,0,0,0,"13,56153221","52,50166423"
19083,139820,Berlin,4,2020,6,14,6,3,5,3,0,0,1,0,0,0,0,1,"13,3202674","52,47668985"
19084,139821,Berlin,5,2020,6,6,2,3,1,5,0,1,1,0,0,0,0,0,"13,2078046","52,53830455"
19085,139822,Berlin,1,2020,6,16,7,3,0,1,0,1,0,0,0,0,0,1,"13,37655308","52,54319485"
19086,139823,Berlin,7,2020,6,19,4,2,0,1,0,0,0,0,0,0,1,0,"13,3605583","52,49428038"
19087,139824,Berlin,1,2020,6,7,3,3,5,2,0,1,1,0,0,0,0,0,"13,34517382","52,53912684"
19088,139825,Berlin,6,2020,6,18,3,3,5,2,0,1,1,0,0,0,0,0,"13,34338814","52,43491164"
19089,139826,Berlin,4,2020,6,12,2,3,5,5,0,1,1,0,0,0,0,0,"13,32533811","52,50312419"
19090,139827,Berlin,3,2020,6,16,7,3,2,2,0,0,1,0,0,0,0,1,"13,48985562","52,62070121"
19091,139828,Berlin,6,2020,6,10,4,2,0,7,0,0,0,0,0,1,0,0,"13,23180078","52,43714306"
19092,139829,Berlin,12,2020,6,13,6,3,6,7,0,1,0,1,0,0,0,0,"13,3293147","52,56727048"
19093,139830,Berlin,4,2020,6,14,2,3,1,5,0,0,0,0,1,0,1,0,"13,33496786","52,49508353"
19094,139831,Berlin,1,2020,6,15,7,3,2,6,0,0,1,0,0,0,0,1,"13,34547297","52,55453118"
19095,139832,Berlin,4,2020,6,16,4,2,9,1,0,0,0,0,1,0,0,0,"13,3050286","52,48824339"
19096,139833,Berlin,8,2020,6,17,3,2,0,1,0,1,0,0,0,0,0,0,"13,49416757","52,43072536"
19097,139834,Berlin,6,2020,6,8,2,3,2,6,0,0,1,0,0,0,0,0,"13,30345068","52,45842757"
19098,139835,Berlin,4,2020,6,15,7,3,1,7,0,0,1,0,0,0,0,1,"13,31372761","52,54022563"
19099,139836,Berlin,9,2020,6,22,7,3,1,5,2,0,1,0,0,0,0,1,"13,52951002","52,40081546"
19100,139837,Berlin,8,2020,6,9,4,3,5,3,0,1,1,0,0,0,0,0,"13,49959658","52,41957456"
19101,139838,Berlin,8,2020,6,17,5,3,6,4,0,0,1,1,0,0,0,0,"13,43645412","52,45547513"
19102,139839,Berlin,12,2020,6,15,1,2,1,5,0,0,1,0,0,0,1,0,"13,35361962","52,5965514"
19103,139840,Berlin,7,2020,6,18,6,3,6,4,0,0,0,1,1,0,0,1,"13,345915","52,49896166"
19104,139841,Berlin,4,2020,6,10,2,3,5,2,0,0,1,0,0,1,0,0,"13,32624614","52,53801886"
19105,139842,Berlin,2,2020,6,22,6,3,1,5,2,1,1,0,0,0,0,0,"13,41226022","52,49367897"
19106,139843,Berlin,2,2020,6,10,4,3,5,7,0,1,0,0,0,0,1,0,"13,44472143","52,50116143"
19107,139844,Berlin,12,2020,6,19,5,2,5,2,0,1,1,0,0,0,0,0,"13,30662395","52,55520325"
19108,139845,Berlin,4,2020,6,11,2,3,5,3,0,1,0,0,0,0,1,0,"13,3039569","52,47062298"
19109,139846,Berlin,9,2020,6,17,6,3,0,2,0,1,1,0,0,0,0,1,"13,5021967","52,48161077"
19110,139847,Berlin,2,2020,6,13,4,3,5,2,0,0,1,0,0,0,1,0,"13,45194555","52,51070322"
19111,139848,Berlin,1,2020,6,16,3,3,5,3,0,1,1,0,0,0,0,0,"13,36580933","52,55212632"
19112,139849,Berlin,8,2020,6,17,2,3,5,3,0,1,1,0,0,0,0,0,"13,49921941","52,42336043"
19113,139850,Berlin,8,2020,6,13,6,2,1,5,0,1,1,0,0,0,0,0,"13,44284279","52,48375129"
19114,139851,Berlin,1,2020,6,18,7,3,2,6,0,0,1,0,0,0,0,1,"13,39124489","52,54452614"
19115,139852,Berlin,2,2020,6,17,4,3,0,2,0,1,1,0,0,0,0,0,"13,38798819","52,49298276"
19116,139853,Berlin,4,2020,6,21,5,3,0,7,1,0,0,0,1,0,0,0,"13,27657528","52,50166241"
19117,139854,Berlin,9,2020,6,12,3,2,5,2,0,1,1,0,0,0,0,0,"13,56268718","52,45637314"
19118,139855,Berlin,8,2020,6,12,6,3,5,2,0,1,1,0,0,0,0,0,"13,44446141","52,47709544"
19119,139856,Berlin,1,2020,6,12,4,3,0,6,0,1,1,0,0,0,0,0,"13,38874145","52,51754889"
19120,139857,Berlin,2,2020,6,15,3,3,8,1,0,1,1,0,0,0,0,0,"13,3958982","52,49611068"
19121,139858,Berlin,8,2020,6,12,5,3,1,5,0,0,1,0,0,0,1,0,"13,43640969","52,42388887"
19122,139859,Berlin,4,2020,6,16,6,3,2,6,0,1,1,0,0,0,0,0,"13,31372022","52,5007951"
19123,139860,Berlin,3,2020,6,17,2,2,5,3,0,1,0,0,1,0,0,0,"13,44416746","52,56525655"
19124,139861,Berlin,2,2020,6,12,6,3,0,7,0,0,1,1,0,0,0,0,"13,43653502","52,52347098"
19125,139862,Berlin,4,2020,6,18,7,3,2,7,0,0,1,0,1,0,0,1,"13,33023497","52,49084237"
19126,139863,Berlin,12,2020,6,14,4,3,0,5,0,0,1,0,0,0,1,0,"13,35863544","52,56201038"
19127,139864,Berlin,4,2020,6,14,5,3,6,7,0,1,0,1,0,0,0,0,"13,33061565","52,48732213"
19128,139865,Berlin,4,2020,6,9,3,3,3,6,0,0,1,0,1,0,0,0,"13,25704455","52,51919799"
19129,139866,Berlin,1,2020,6,23,6,3,2,2,2,1,1,0,0,0,0,0,"13,34333697","52,52878077"
19130,139867,Berlin,2,2020,6,10,3,3,2,6,0,0,1,0,0,0,0,0,"13,42362228","52,4903806"
19131,139868,Berlin,4,2020,6,18,6,3,0,6,0,0,1,0,0,0,1,0,"13,32544204","52,5057156"
19132,139869,Berlin,12,2020,6,14,5,3,2,2,0,1,1,0,0,0,0,0,"13,33274274","52,5953891"
19133,139870,Berlin,7,2020,6,14,6,3,0,3,0,1,1,0,0,0,0,1,"13,37073823","52,44474841"
19134,139871,Berlin,9,2020,6,15,2,3,3,6,0,1,0,0,0,0,1,0,"13,72180372","52,42031542"
19135,139872,Berlin,3,2020,6,21,6,3,0,2,1,1,1,0,0,0,0,0,"13,42808133","52,55216994"
19136,139873,Berlin,4,2020,6,14,3,3,5,2,0,1,1,0,0,0,0,0,"13,3103603","52,47900976"
19137,139874,Berlin,9,2020,6,19,6,3,0,1,0,1,0,0,0,0,0,1,"13,4575307","52,48641861"
19138,139875,Berlin,4,2020,6,10,5,3,2,6,0,0,1,0,0,0,1,0,"13,31061046","52,46783321"
19139,139876,Berlin,10,2020,6,15,6,2,5,3,0,1,1,0,0,0,0,0,"13,57504761","52,56011239"
19140,139877,Berlin,9,2020,6,17,2,3,4,6,0,1,0,0,0,0,0,0,"13,56936004","52,44170008"
19141,139878,Berlin,4,2020,6,19,6,3,1,5,1,0,1,0,1,0,0,1,"13,32672125","52,4913829"
19142,139879,Berlin,1,2020,6,21,4,3,2,6,1,0,1,0,1,0,0,0,"13,39431725","52,52865697"
19143,139880,Berlin,9,2020,6,14,5,3,2,6,0,0,1,0,0,0,0,0,"13,64232859","52,47831055"
19144,139881,Berlin,9,2020,6,7,3,2,2,6,0,0,1,0,0,0,0,0,"13,47016263","52,47750841"
19145,139882,Berlin,7,2020,6,19,2,3,2,6,0,0,1,0,0,0,0,0,"13,37612713","52,45803054"
19146,139883,Berlin,1,2020,6,19,6,3,4,3,0,1,0,0,0,0,1,1,"13,3772767","52,55384037"
19147,139884,Berlin,8,2020,6,11,4,3,6,4,0,0,1,1,0,0,0,0,"13,44976104","52,47935508"
19148,139885,Berlin,1,2020,6,19,5,3,5,2,0,1,1,0,0,0,0,0,"13,35906284","52,54625714"
19149,139886,Berlin,2,2020,6,13,2,3,0,1,0,1,0,0,0,0,0,0,"13,43088025","52,51212635"
19150,139887,Berlin,7,2020,6,18,6,3,5,2,0,1,1,0,0,0,0,0,"13,38095312","52,44188906"
19151,139888,Berlin,9,2020,6,15,4,2,2,6,0,0,1,0,1,0,0,0,"13,49063616","52,45044261"
19152,139889,Berlin,9,2020,6,17,3,3,5,3,0,1,0,0,0,0,1,0,"13,52672877","52,40944521"
19153,139890,Berlin,2,2020,6,18,4,3,5,2,0,1,1,0,0,0,0,0,"13,45778028","52,51277266"
19154,139891,Berlin,10,2020,6,6,3,3,0,2,0,1,1,0,0,0,0,0,"13,58325523","52,54929873"
19155,139892,Berlin,11,2020,6,10,2,2,5,2,0,0,1,0,1,0,0,0,"13,470341","52,53998365"
19156,139893,Berlin,8,2020,6,18,6,3,2,6,0,0,1,0,0,0,0,0,"13,42670623","52,48727457"
19157,139894,Berlin,6,2020,6,9,4,3,5,2,0,0,1,0,0,0,1,0,"13,25974677","52,42963333"
19158,139895,Berlin,2,2020,6,18,5,3,3,6,0,1,0,0,0,0,0,0,"13,42600313","52,49925285"
19159,139896,Berlin,3,2020,6,21,1,3,0,7,1,1,1,0,0,0,0,0,"13,4086172","52,53751169"
19160,139897,Berlin,4,2020,6,17,6,3,3,6,0,0,1,0,0,1,0,1,"13,29397334","52,53348784"
19161,139898,Berlin,4,2020,6,13,4,3,5,2,0,0,1,0,1,0,0,0,"13,3079085","52,48859723"
19162,139899,Berlin,11,2020,6,19,3,2,3,6,0,1,0,0,0,1,0,0,"13,47209277","52,54757534"
19163,139900,Berlin,7,2020,6,18,2,3,6,4,0,0,1,1,0,0,0,0,"13,41652219","52,39460884"
19164,139901,Berlin,3,2020,6,17,6,3,1,5,0,1,1,0,0,0,0,0,"13,44786198","52,5484387"
19165,139902,Berlin,2,2020,6,15,7,3,5,3,0,1,1,0,0,0,0,1,"13,43041946","52,49921153"
19166,139903,Berlin,1,2020,6,15,2,2,6,7,0,0,0,1,0,0,1,0,"13,38331994","52,55949906"
19167,139904,Berlin,2,2020,6,16,6,3,5,2,0,1,1,0,0,0,0,1,"13,41043947","52,50379219"
19168,139905,Berlin,3,2020,6,15,7,3,5,2,0,1,1,0,0,0,0,1,"13,40169824","52,58732737"
19169,139906,Berlin,10,2020,6,8,4,3,5,2,0,0,1,0,0,0,0,0,"13,55709648","52,53420537"
19170,139907,Berlin,3,2020,6,16,5,3,6,4,0,0,1,1,0,0,0,0,"13,42963102","52,55459218"
19171,139908,Berlin,9,2020,6,14,1,2,5,2,0,0,1,0,0,0,0,0,"13,52700246","52,43779733"
19172,139909,Berlin,2,2020,6,19,3,3,5,2,0,1,1,0,0,0,0,0,"13,37660602","52,48940876"
19173,139910,Berlin,3,2020,6,11,1,2,5,3,0,1,1,0,0,0,0,0,"13,42621635","52,54855239"
19174,139911,Berlin,6,2020,6,14,3,3,2,6,0,0,1,0,0,0,0,0,"13,33141051","52,45351434"
19175,139912,Berlin,7,2020,6,12,5,3,2,7,0,1,1,0,0,0,1,0,"13,40449823","52,40029572"
19176,139913,Berlin,6,2020,6,15,6,3,1,5,0,1,1,0,0,0,0,1,"13,28364996","52,45199401"
19177,139914,Berlin,6,2020,6,17,2,3,5,2,0,1,1,0,0,0,0,0,"13,33887096","52,46496778"
19178,139915,Berlin,4,2020,6,16,6,2,6,4,0,0,1,1,0,0,0,0,"13,31246892","52,51775034"
19179,139916,Berlin,3,2020,6,14,7,3,0,2,0,0,1,0,1,0,0,1,"13,4286113","52,58159548"
19180,139917,Berlin,1,2020,6,22,4,2,0,1,2,1,0,0,0,0,0,0,"13,39031612","52,53559296"
19181,139918,Berlin,9,2020,6,15,5,3,0,3,0,0,1,0,1,0,0,0,"13,54812885","52,43204526"
19182,139919,Berlin,8,2020,6,10,1,3,5,7,0,1,1,0,0,0,0,0,"13,44669","52,46821849"
19183,139920,Berlin,1,2020,6,9,3,3,2,2,0,0,1,0,1,0,0,0,"13,39205802","52,52342871"
19184,139921,Berlin,8,2020,6,7,4,3,0,7,0,0,1,0,0,0,0,0,"13,4345694","52,47925315"
19185,139922,Berlin,7,2020,6,20,5,2,1,5,0,0,1,0,1,0,0,0,"13,40606464","52,46372004"
19186,139923,Berlin,2,2020,6,20,1,3,2,6,0,0,1,0,0,0,0,0,"13,40936794","52,49853425"
19187,139924,Berlin,8,2020,6,11,3,3,3,6,0,0,1,0,0,0,0,0,"13,43040521","52,45231354"
19188,139925,Berlin,5,2020,6,13,6,3,6,7,0,1,0,1,0,0,0,0,"13,16914105","52,52064614"
19189,139926,Berlin,10,2020,6,13,3,3,6,4,0,1,0,1,0,0,0,0,"13,59873758","52,53750324"
19190,139927,Berlin,2,2020,6,15,6,3,5,2,0,1,1,0,0,0,0,1,"13,43205219","52,49933451"
19191,139928,Berlin,6,2020,6,8,5,3,5,2,0,1,0,0,0,0,1,0,"13,30911097","52,46757847"
19192,139929,Berlin,1,2020,6,14,6,3,5,2,0,1,1,0,0,0,0,0,"13,35561255","52,519717"
19193,139930,Berlin,3,2020,6,6,2,3,0,5,0,0,0,0,1,0,1,0,"13,42079691","52,55421995"
19194,139931,Berlin,7,2020,6,14,6,3,5,3,0,1,1,0,0,0,0,0,"13,35933749","52,4090249"
19195,139932,Berlin,3,2020,6,19,4,3,5,3,0,0,1,0,1,0,0,0,"13,42620545","52,54866059"
19196,139933,Berlin,8,2020,6,18,1,3,0,5,0,1,0,0,0,0,1,0,"13,42808903","52,49315683"
19197,139934,Berlin,4,2020,6,7,3,3,2,6,0,0,1,0,0,0,0,0,"13,26678356","52,5125651"
19198,139935,Berlin,11,2020,6,11,2,3,2,6,0,0,1,0,1,0,0,0,"13,51424201","52,53514677"
19199,139936,Berlin,6,2020,6,14,6,3,5,3,0,1,1,0,0,0,0,0,"13,26827109","52,40647135"
19200,139937,Berlin,6,2020,6,11,4,3,9,1,0,0,0,0,1,0,0,0,"13,30241636","52,41992105"
19201,139938,Berlin,4,2020,6,11,2,3,3,6,0,1,0,0,0,0,1,0,"13,33324361","52,50657693"
19202,139939,Berlin,4,2020,6,14,6,3,5,3,0,0,1,0,0,0,0,0,"13,29576828","52,5303924"
19203,139940,Berlin,1,2020,6,11,4,3,0,1,0,1,0,0,0,0,0,0,"13,38653479","52,52774345"
19204,139941,Berlin,4,2020,6,13,6,3,0,1,0,0,0,0,1,0,0,0,"13,33569253","52,48587417"
19205,139942,Berlin,5,2020,6,14,2,3,0,1,0,0,0,0,1,0,0,0,"13,20760469","52,53269976"
19206,139943,Berlin,9,2020,6,13,6,2,0,2,0,0,1,0,0,0,1,0,"13,56342251","52,44571923"
19207,139944,Berlin,12,2020,6,17,4,2,5,3,0,0,1,0,1,0,0,0,"13,3143705","52,57458257"
19208,139945,Berlin,1,2020,6,19,1,3,5,3,0,1,1,0,0,0,0,0,"13,33495493","52,5565045"
19209,139946,Berlin,8,2020,6,17,3,3,1,5,0,1,1,0,0,0,0,0,"13,47652233","52,43796105"
19210,139947,Berlin,1,2020,6,9,2,3,0,1,0,1,0,0,0,0,0,0,"13,4170944","52,52594892"
19211,139948,Berlin,4,2020,6,10,6,3,0,1,0,0,0,0,1,0,0,0,"13,29312086","52,53436188"
19212,139949,Berlin,11,2020,6,13,7,3,3,6,0,0,0,0,1,1,0,1,"13,50810761","52,56447986"
19213,139950,Berlin,3,2020,6,9,4,3,6,7,0,1,0,1,0,0,0,0,"13,43484462","52,53221989"
19214,139951,Berlin,6,2020,6,18,5,3,0,6,0,0,1,0,1,0,0,0,"13,33807519","52,45136749"
19215,139952,Berlin,9,2020,6,15,1,3,5,2,0,1,1,0,0,0,0,0,"13,68580035","52,44283129"
19216,139953,Berlin,9,2020,6,10,6,3,5,3,0,0,1,0,0,1,0,0,"13,55585693","52,39929674"
19217,139954,Berlin,7,2020,6,12,4,3,3,6,0,1,0,0,0,0,0,0,"13,35765787","52,5006058"
19218,139955,Berlin,4,2020,6,19,5,3,1,7,0,0,1,0,1,0,0,0,"13,32483738","52,52180599"
19219,139956,Berlin,3,2020,6,14,2,3,0,3,0,0,1,0,1,0,0,0,"13,50337629","52,63660869"
19220,139957,Berlin,11,2020,6,9,6,3,3,6,0,1,1,0,0,0,0,0,"13,47936522","52,52040686"
19221,139958,Berlin,2,2020,6,14,4,3,2,6,0,0,1,0,0,0,0,0,"13,44383408","52,50360933"
19222,139959,Berlin,9,2020,6,16,3,3,2,3,0,1,1,0,0,0,1,0,"13,66245465","52,41162625"
19223,139960,Berlin,6,2020,6,21,2,2,0,1,1,0,0,0,1,0,0,0,"13,28896569","52,42302446"
19224,139961,Berlin,1,2020,6,7,6,3,6,4,0,0,1,1,0,0,0,0,"13,34101403","52,55159469"
19225,139962,Berlin,7,2020,6,11,7,3,0,7,0,0,0,1,0,0,1,0,"13,34165955","52,50206777"
19226,139963,Berlin,12,2020,6,7,4,2,0,7,0,0,1,0,0,0,0,0,"13,27150476","52,57358621"
19227,139964,Berlin,3,2020,6,20,5,3,7,7,0,1,0,0,0,0,0,0,"13,4480689","52,54924413"
19228,139965,Berlin,9,2020,6,17,1,2,0,1,0,1,0,0,0,0,0,0,"13,57154575","52,43621102"
19229,139966,Berlin,11,2020,6,12,3,2,5,7,0,0,1,0,0,1,0,0,"13,51600193","52,54634598"
19230,139967,Berlin,2,2020,6,10,7,3,1,5,0,1,1,0,0,0,0,1,"13,40837728","52,50065812"
19231,139968,Berlin,7,2020,6,14,3,3,2,6,0,0,1,0,0,0,0,0,"13,40126752","52,44613154"
19232,139969,Berlin,12,2020,6,11,5,3,0,1,0,0,0,0,1,0,0,0,"13,32611378","52,57571394"
19233,139970,Berlin,4,2020,6,16,6,3,0,6,0,0,1,0,0,0,1,0,"13,30594324","52,50670824"
19234,139971,Berlin,7,2020,6,19,3,2,1,7,0,0,1,0,0,0,0,0,"13,38481338","52,44676937"
19235,139972,Berlin,8,2020,6,13,5,3,5,3,0,1,1,0,0,0,0,0,"13,4947105","52,41841308"
19236,139973,Berlin,10,2020,6,17,6,3,5,3,0,0,1,0,1,0,0,0,"13,61569679","52,48479684"
19237,139974,Berlin,9,2020,6,18,2,3,1,5,0,1,1,0,0,0,0,0,"13,52039787","52,46099794"
19238,139975,Berlin,1,2020,6,6,6,3,5,2,0,0,1,0,1,0,0,0,"13,37109583","52,51111037"
19239,139976,Berlin,7,2020,6,13,7,3,1,5,0,0,1,0,1,0,0,1,"13,36586172","52,45973853"
19240,139977,Berlin,1,2020,6,0,4,3,5,3,2,0,1,0,0,0,0,0,"13,36070269","52,5454379"
19241,139978,Berlin,1,2020,6,16,5,3,6,2,0,0,1,1,0,0,0,0,"13,37851727","52,54471338"
19242,139979,Berlin,1,2020,6,11,3,3,5,3,0,1,1,0,0,0,0,0,"13,42229486","52,50544908"
19243,139980,Berlin,9,2020,6,11,6,3,0,1,0,1,0,0,0,0,0,0,"13,57532055","52,44750974"
19244,139981,Berlin,1,2020,6,12,3,3,5,3,0,0,1,0,0,0,0,0,"13,35216437","52,50551922"
19245,139982,Berlin,8,2020,6,12,6,3,2,6,0,0,1,0,0,0,0,0,"13,50383825","52,41141008"
19246,139983,Berlin,12,2020,6,12,5,3,1,5,0,0,1,0,0,0,0,0,"13,32504921","52,58878063"
19247,139984,Berlin,6,2020,6,14,6,3,5,3,0,0,1,0,0,0,0,1,"13,29598741","52,43810427"
19248,139985,Berlin,6,2020,6,15,2,3,2,6,0,0,1,0,0,0,0,0,"13,32614189","52,42786969"
19249,139986,Berlin,5,2020,6,12,6,3,5,2,0,1,1,0,0,0,0,0,"13,20982347","52,54789907"
19250,139987,Berlin,6,2020,6,19,4,3,5,7,0,0,1,0,1,0,0,0,"13,34578553","52,45012037"
19251,139988,Berlin,11,2020,6,12,7,3,5,3,0,1,1,0,0,0,0,0,"13,5025944","52,55573742"
19252,139989,Berlin,3,2020,6,16,2,3,1,6,0,1,1,0,0,0,0,0,"13,44682932","52,56488324"
19253,139990,Berlin,6,2020,6,11,6,3,5,2,0,0,1,0,0,0,1,0,"13,29812923","52,44166606"
19254,139991,Berlin,6,2020,6,22,4,3,5,2,2,1,0,0,1,0,0,0,"13,24101089","52,43215362"
19255,139992,Berlin,6,2020,6,14,5,3,2,6,0,0,1,0,0,0,0,0,"13,30251134","52,41473864"
19256,139993,Berlin,1,2020,6,8,3,3,5,2,0,1,1,0,0,0,0,0,"13,39590704","52,53823756"
19257,139994,Berlin,8,2020,6,22,2,3,5,2,2,1,1,0,0,0,0,0,"13,43361869","52,48207781"
19258,139995,Berlin,10,2020,6,17,5,3,0,2,0,1,1,0,0,0,0,0,"13,56298448","52,51419861"
19259,139996,Berlin,1,2020,6,19,4,3,5,2,0,1,1,0,0,0,0,0,"13,41636163","52,5199615"
19260,139997,Berlin,9,2020,6,16,5,3,3,6,0,0,1,0,0,0,0,0,"13,56974017","52,44194883"
19261,139998,Berlin,1,2020,6,13,2,3,5,3,0,0,1,0,0,0,1,0,"13,36378422","52,54353522"
19262,139999,Berlin,2,2020,6,1,5,3,0,1,2,1,0,0,0,0,0,1,"13,41047449","52,50381551"
19263,140000,Berlin,9,2020,6,16,4,3,0,1,0,0,0,0,1,0,0,0,"13,47988647","52,47066095"
19264,140001,Berlin,3,2020,6,17,3,3,2,1,0,1,1,0,0,0,0,0,"13,40259519","52,56553176"
19265,140002,Berlin,4,2020,6,8,2,3,5,7,0,0,1,0,1,0,0,0,"13,32287161","52,51746838"
19266,140003,Berlin,6,2020,6,15,5,3,0,7,0,1,0,0,0,0,0,0,"13,25587976","52,43919135"
19267,140004,Berlin,3,2020,6,7,3,3,5,3,0,1,0,0,0,0,0,0,"13,40399636","52,58145621"
19268,140005,Berlin,4,2020,6,10,2,3,5,3,0,1,1,0,0,0,0,0,"13,30928776","52,4920559"
19269,140006,Berlin,9,2020,6,21,5,2,0,7,1,1,0,0,0,0,0,0,"13,59350445","52,43975033"
19270,140007,Berlin,7,2020,6,10,4,3,8,1,0,0,1,1,0,0,0,0,"13,40504591","52,42789612"
19271,140008,Berlin,6,2020,6,18,5,3,1,5,0,1,1,0,0,0,0,0,"13,1864618","52,43204587"
19272,140009,Berlin,4,2020,6,21,1,3,1,5,1,1,1,0,0,0,0,0,"13,27945564","52,48869953"
19273,140010,Berlin,2,2020,6,19,5,3,0,1,0,1,0,0,0,0,0,0,"13,45768096","52,51280694"
19274,140011,Berlin,2,2020,6,13,4,2,8,1,0,0,0,0,0,0,1,0,"13,41080374","52,50341943"
19275,140012,Berlin,2,2020,6,11,7,3,6,4,0,1,1,1,0,0,0,0,"13,39312378","52,48920347"
19276,140013,Berlin,5,2020,6,16,3,3,2,2,0,0,1,0,0,0,0,0,"13,16228266","52,5475914"
19277,140014,Berlin,11,2020,6,8,2,3,5,2,0,0,1,0,1,0,0,0,"13,51236384","52,56803673"
19278,140015,Berlin,3,2020,6,19,5,3,5,3,0,1,1,0,0,0,0,0,"13,42260201","52,54458697"
19279,140016,Berlin,3,2020,6,5,7,3,1,5,0,1,1,0,0,0,0,0,"13,42057729","52,5419682"
19280,140017,Berlin,3,2020,6,15,4,3,5,3,0,1,1,0,0,0,0,0,"13,49599061","52,6259947"
19281,140018,Berlin,4,2020,6,21,5,3,5,2,1,0,1,0,0,0,0,0,"13,31297428","52,49993362"
19282,140019,Berlin,4,2020,6,5,7,3,3,6,1,1,1,0,0,0,0,0,"13,30098395","52,51530956"
19283,140020,Berlin,6,2020,6,8,4,3,1,5,0,0,1,0,0,0,1,0,"13,35649965","52,42940926"
19284,140021,Berlin,3,2020,6,17,5,3,1,5,0,0,1,0,0,0,0,0,"13,41561722","52,60506654"
19285,140022,Berlin,12,2020,6,14,1,3,5,2,0,1,1,0,0,0,0,0,"13,34756487","52,59635833"
19286,140023,Berlin,9,2020,6,5,4,3,6,6,0,1,0,1,0,0,0,0,"13,58773912","52,43873837"
19287,140024,Berlin,5,2020,6,15,3,3,5,2,0,1,1,0,0,0,0,0,"13,19555544","52,52922028"
19288,140025,Berlin,1,2020,6,12,5,3,6,4,0,1,0,1,0,0,0,0,"13,38416776","52,55604029"
19289,140026,Berlin,3,2020,6,19,6,3,0,7,0,1,0,1,0,0,0,0,"13,40659894","52,55128177"
19290,140027,Berlin,7,2020,6,17,2,3,5,7,0,1,1,0,0,0,0,0,"13,38833885","52,46856281"
19291,140028,Berlin,1,2020,6,19,5,3,5,3,0,1,1,0,0,0,0,0,"13,33763875","52,52527133"
19292,140029,Berlin,2,2020,6,3,7,2,5,2,2,0,1,0,0,0,0,1,"13,44065624","52,517174"
19293,140030,Berlin,4,2020,6,22,4,3,6,7,2,0,1,1,0,0,0,0,"13,31128866","52,46819855"
19294,140031,Berlin,5,2020,6,16,5,3,5,2,0,0,1,0,1,0,0,0,"13,21593702","52,52694832"