,id,city,district,year,month,hour,weekday,injury_level,collision,movement,light_conditions,bicycle,car,pedestrian,motorbike,truck,other_vehicle,road_conditions,longitude,latitude
19295,140032,Berlin,2,2020,6,9,3,3,5,7,0,1,1,0,0,0,0,0,"13,43873096","52,50275341"
19296,140033,Berlin,2,2020,6,17,3,3,3,6,0,0,0,0,0,1,1,0,"13,45079605","52,50916706"
19297,140034,Berlin,11,2020,6,18,5,3,5,2,0,1,1,0,0,0,0,0,"13,52052225","52,56873126"
19298,140035,Berlin,7,2020,6,11,3,3,5,3,0,1,1,0,0,0,0,0,"13,38165785","52,41086894"
19299,140036,Berlin,2,2020,6,18,5,3,5,2,0,1,1,0,0,0,0,0,"13,39447783","52,49141608"
19300,140037,Berlin,6,2020,6,13,3,3,0,6,0,1,1,0,0,0,0,0,"13,18746065","52,42592731"
19301,140038,Berlin,2,2020,6,19,5,3,2,6,0,1,1,0,0,0,0,0,"13,3989966","52,49827753"
19302,140039,Berlin,6,2020,6,8,5,3,0,1,0,1,0,0,0,0,0,0,"13,35529946","52,42730546"
19303,140040,Berlin,9,2020,6,15,6,3,0,1,0,0,0,0,1,0,0,1,"13,56927099","52,44314312"
19304,140041,Berlin,2,2020,6,17,2,2,5,2,0,1,1,0,0,0,0,0,"13,43288046","52,51781772"
19305,140042,Berlin,1,2020,6,17,5,3,2,2,0,0,1,0,0,0,1,0,"13,38408466","52,51019567"
19306,140043,Berlin,6,2020,6,19,4,2,0,1,1,1,0,0,0,0,0,0,"13,22946882","52,42680285"
19307,140044,Berlin,1,2020,6,13,5,3,1,5,0,0,1,0,1,0,0,0,"13,37896604","52,50719184"
19308,140045,Berlin,12,2020,6,18,3,3,3,6,0,1,1,0,0,0,0,0,"13,35987428","52,57005369"
19309,140046,Berlin,4,2020,6,11,2,3,4,2,0,1,1,0,0,0,0,0,"13,32588819","52,4852516"
19310,140047,Berlin,10,2020,6,17,5,3,5,3,0,1,1,0,0,0,0,0,"13,60114074","52,47923623"
19311,140048,Berlin,11,2020,6,11,4,3,2,6,0,0,1,0,0,0,1,0,"13,4593312","52,5258399"
19312,140049,Berlin,2,2020,6,19,5,3,6,7,0,1,0,1,0,0,0,0,"13,38056867","52,49168364"
19313,140050,Berlin,1,2020,6,13,2,3,2,6,0,1,0,0,0,0,0,0,"13,35141991","52,50439188"
19314,140051,Berlin,2,2020,6,16,5,3,5,3,0,0,1,0,0,0,0,0,"13,39268736","52,49175331"
19315,140052,Berlin,4,2020,6,15,4,3,0,3,0,0,1,0,0,0,1,0,"13,30733615","52,53939037"
19316,140053,Berlin,1,2020,6,22,4,3,6,7,2,1,0,1,0,0,0,0,"13,36863564","52,50239867"
19317,140054,Berlin,3,2020,6,14,6,3,5,3,0,1,1,0,0,0,0,0,"13,42266712","52,54461887"
19318,140055,Berlin,1,2020,6,14,2,3,2,6,0,0,1,0,0,1,0,0,"13,35547421","52,51956919"
19319,140056,Berlin,4,2020,6,16,5,3,6,7,0,0,1,1,0,0,0,0,"13,30824662","52,51680656"
19320,140057,Berlin,1,2020,6,17,4,3,1,5,0,1,1,0,0,0,0,0,"13,39737237","52,52383058"
19321,140058,Berlin,6,2020,6,5,3,3,1,1,0,0,1,0,0,0,1,0,"13,24892711","52,41946559"
19322,140059,Berlin,5,2020,6,9,2,3,0,7,0,1,0,0,0,0,1,0,"13,17994559","52,53883357"
19323,140060,Berlin,12,2020,6,16,5,2,1,5,0,0,1,0,1,0,0,0,"13,35887914","52,59262926"
19324,140061,Berlin,4,2020,6,9,4,3,5,3,0,0,1,0,0,0,1,0,"13,3110052","52,54759736"
19325,140062,Berlin,12,2020,6,17,5,3,2,6,0,0,1,0,0,0,0,0,"13,31827981","52,57615762"
19326,140063,Berlin,1,2020,6,16,1,2,0,1,0,1,0,0,0,0,0,0,"13,37000215","52,51628873"
19327,140064,Berlin,9,2020,6,15,5,3,2,7,0,1,0,0,0,0,1,0,"13,51034028","52,45385163"
19328,140065,Berlin,7,2020,6,13,4,3,2,6,0,0,1,0,1,0,0,0,"13,34658653","52,50135003"
19329,140066,Berlin,2,2020,6,15,3,3,1,7,0,0,1,0,0,0,1,0,"13,41751676","52,50428879"
19330,140067,Berlin,4,2020,6,17,3,2,5,3,0,0,0,0,1,0,1,0,"13,32597021","52,538866"
19331,140068,Berlin,4,2020,6,19,2,3,6,7,0,1,0,1,0,0,0,0,"13,32227249","52,4787563"
19332,140069,Berlin,5,2020,6,15,5,3,5,3,0,0,1,0,0,0,1,0,"13,17695494","52,51708251"
19333,140070,Berlin,4,2020,6,1,7,3,0,1,2,0,1,0,0,0,0,1,"13,29681029","52,54801219"
19334,140071,Berlin,4,2020,6,8,4,3,1,5,0,0,1,0,0,1,0,0,"13,26282192","52,51348859"
19335,140072,Berlin,4,2020,6,16,5,3,5,2,0,1,1,0,0,0,0,0,"13,30942923","52,49201483"
19336,140073,Berlin,4,2020,6,12,1,2,6,7,0,0,1,1,0,0,0,0,"13,32902988","52,47961048"
19337,140074,Berlin,9,2020,6,18,7,3,0,1,0,0,0,0,1,0,0,1,"13,54808116","52,43789886"
19338,140075,Berlin,4,2020,6,14,3,3,1,5,0,1,1,0,0,0,0,0,"13,33087307","52,48466233"
19339,140076,Berlin,7,2020,6,17,7,3,5,2,0,1,1,0,0,0,0,1,"13,35324285","52,50173158"
19340,140077,Berlin,12,2020,6,14,3,3,5,2,0,0,1,0,0,0,0,0,"13,31624881","52,58678538"
19341,140078,Berlin,9,2020,6,12,5,3,0,1,0,1,0,0,0,0,0,0,"13,62480958","52,45164666"
19342,140079,Berlin,8,2020,6,17,6,3,3,6,0,0,1,0,0,0,0,0,"13,46121413","52,47150174"
19343,140080,Berlin,8,2020,6,17,2,3,0,3,0,1,1,0,0,0,0,0,"13,49556525","52,42466522"
19344,140081,Berlin,10,2020,6,8,5,3,6,7,0,0,1,1,0,0,0,0,"13,59006392","52,52869839"
19345,140082,Berlin,1,2020,6,22,4,3,0,1,2,1,0,0,0,0,0,0,"13,42870754","52,50873057"
19346,140083,Berlin,7,2020,6,15,5,3,0,7,0,1,0,0,0,0,1,0,"13,39864706","52,43163928"
19347,140084,Berlin,11,2020,7,10,7,2,1,5,0,1,1,0,0,0,0,0,"13,56521881","52,57259611"
19348,140085,Berlin,2,2020,6,13,2,3,2,3,0,1,1,0,0,0,0,0,"13,41483236","52,4892352"
19349,140086,Berlin,8,2020,6,0,1,3,0,1,2,1,0,0,0,0,0,0,"13,4291267","52,47790673"
19350,140087,Berlin,6,2020,7,21,5,3,0,2,0,1,0,0,1,0,0,0,"13,32159099","52,43573585"
19351,140088,Berlin,1,2020,7,8,4,3,3,6,0,1,1,0,0,0,0,0,"13,39183352","52,51041365"
19352,140089,Berlin,2,2020,7,18,6,3,6,4,0,0,1,1,0,0,0,0,"13,42984115","52,49823354"
19353,140090,Berlin,6,2020,6,13,2,2,2,7,0,0,1,0,0,0,0,0,"13,32479966","52,46163004"
19354,140091,Berlin,2,2020,6,20,3,3,5,2,0,1,1,0,0,0,0,0,"13,42279248","52,49905266"
19355,140092,Berlin,4,2020,6,13,1,3,3,5,0,0,1,0,1,0,0,1,"13,32537173","52,50571941"
19356,140093,Berlin,11,2020,7,19,1,3,1,5,0,1,1,0,0,0,0,1,"13,48141842","52,51472057"
19357,140094,Berlin,11,2020,6,9,3,3,2,6,0,0,0,0,1,0,1,0,"13,49090181","52,5432738"
19358,140095,Berlin,2,2020,6,14,1,3,0,7,0,0,1,1,0,0,0,0,"13,44289273","52,49818597"
19359,140096,Berlin,9,2020,7,9,7,3,5,2,0,1,1,0,0,0,0,0,"13,59688302","52,43695883"
19360,140097,Berlin,1,2020,6,19,2,2,0,1,0,1,0,0,0,0,0,0,"13,4034122","52,532217"
19361,140098,Berlin,1,2020,6,14,1,3,2,6,0,0,1,0,0,0,0,1,"13,41769751","52,5182021"
19362,140099,Berlin,2,2020,7,16,4,3,1,5,0,0,1,0,0,0,1,0,"13,46526792","52,4983291"
19363,140100,Berlin,11,2020,7,13,6,3,5,3,0,0,1,0,0,1,0,0,"13,51393628","52,55127388"
19364,140101,Berlin,7,2020,6,16,3,3,5,2,0,1,1,0,0,0,0,0,"13,32850575","52,47111971"
19365,140102,Berlin,9,2020,7,1,1,2,0,1,2,0,0,0,1,0,0,0,"13,64295937","52,45598714"
19366,140103,Berlin,1,2020,6,19,3,3,2,3,0,1,1,0,0,0,0,0,"13,34041447","52,55110017"
19367,140104,Berlin,4,2020,7,16,1,2,1,5,0,1,0,0,0,0,1,0,"13,29617124","52,50230003"
19368,140105,Berlin,2,2020,6,8,3,3,5,3,0,1,1,0,0,0,0,0,"13,46993059","52,51228414"
19369,140106,Berlin,9,2020,6,14,1,3,5,3,0,1,1,0,0,0,0,1,"13,57393706","52,40186412"
19370,140107,Berlin,1,2020,7,14,5,3,1,5,0,1,1,0,0,0,0,0,"13,32602262","52,53250962"
19371,140108,Berlin,1,2020,7,17,7,3,6,4,0,0,1,1,0,0,0,0,"13,4057666","52,51403834"
19372,140109,Berlin,9,2020,6,11,2,3,1,5,0,1,1,0,0,0,0,0,"13,53676978","52,41889417"
19373,140110,Berlin,2,2020,6,16,1,3,1,1,0,1,1,0,0,0,0,0,"13,39744558","52,50521291"
19374,140111,Berlin,4,2020,7,23,4,2,6,4,2,0,0,1,0,0,1,1,"13,28773432","52,49714295"
19375,140112,Berlin,5,2020,7,12,6,3,5,3,0,1,1,0,0,0,0,0,"13,15933644","52,52958819"
19376,140113,Berlin,7,2020,6,15,3,3,5,3,0,0,1,0,0,0,0,0,"13,36167371","52,41566218"
19377,140114,Berlin,4,2020,7,17,7,3,2,6,0,1,0,0,0,0,0,0,"13,31308409","52,50085397"
19378,140115,Berlin,5,2020,6,21,2,3,5,3,1,1,1,0,0,0,0,0,"13,19602231","52,52734525"
19379,140116,Berlin,6,2020,6,14,1,2,5,3,0,1,1,0,0,0,0,1,"13,23003314","52,43085103"
19380,140117,Berlin,9,2020,7,20,5,3,5,2,0,1,1,0,0,0,0,0,"13,45639795","52,48724185"
19381,140118,Berlin,11,2020,7,0,5,3,2,6,2,0,1,0,0,0,0,0,"13,50852088","52,56440829"
19382,140119,Berlin,5,2020,7,13,6,3,1,5,0,0,1,0,0,0,0,0,"13,21761915","52,52656786"
19383,140120,Berlin,5,2020,6,17,2,3,3,6,0,0,1,0,1,0,0,0,"13,20394885","52,54063002"
19384,140121,Berlin,9,2020,6,12,1,3,5,3,0,0,1,0,1,0,0,0,"13,53629876","52,45132196"
19385,140122,Berlin,9,2020,6,16,2,3,0,1,0,1,0,0,0,0,0,1,"13,45769765","52,48629685"
19386,140123,Berlin,11,2020,6,12,1,3,5,3,0,1,1,0,0,0,0,0,"13,53069189","52,51016365"
19387,140124,Berlin,3,2020,7,8,5,3,5,3,0,1,1,0,0,0,0,0,"13,44226662","52,59104225"
19388,140125,Berlin,9,2020,7,15,7,3,5,3,0,1,1,0,0,0,0,0,"13,52244863","52,42838555"
19389,140126,Berlin,1,2020,6,17,2,3,5,2,0,1,0,0,0,0,1,0,"13,3657528","52,55683498"
19390,140127,Berlin,6,2020,6,12,1,3,0,3,0,0,1,0,1,0,0,0,"13,2971639","52,45216241"
19391,140128,Berlin,2,2020,7,14,4,3,1,1,0,1,1,0,1,0,0,1,"13,40144796","52,49427339"
19392,140129,Berlin,8,2020,7,11,6,3,6,7,0,0,1,1,0,0,0,0,"13,43589843","52,48369489"
19393,140130,Berlin,4,2020,6,6,3,3,3,6,0,0,1,0,0,0,0,0,"13,30845185","52,48768582"
19394,140131,Berlin,2,2020,7,19,7,3,0,1,0,1,0,0,0,0,0,0,"13,39767464","52,4953552"
19395,140132,Berlin,5,2020,6,12,2,3,5,2,0,1,0,0,1,0,0,0,"13,20758313","52,52633185"
19396,140133,Berlin,9,2020,6,14,7,3,0,1,0,1,0,0,0,0,0,0,"13,58318065","52,45170118"
19397,140134,Berlin,12,2020,7,20,5,3,5,2,0,0,1,0,1,0,0,0,"13,3484482","52,59627632"
19398,140135,Berlin,11,2020,7,15,4,2,0,1,0,0,0,0,1,0,0,1,"13,48002756","52,5174173"
19399,140136,Berlin,5,2020,7,20,6,3,5,2,0,1,1,0,0,0,0,0,"13,19459608","52,53362758"
19400,140137,Berlin,10,2020,6,16,2,3,5,2,0,1,1,0,0,0,0,1,"13,54012811","52,52566473"
19401,140138,Berlin,2,2020,7,8,4,3,6,4,0,0,0,1,1,0,0,0,"13,38886889","52,48981006"
19402,140139,Berlin,11,2020,6,11,7,3,0,5,0,1,1,0,0,0,0,0,"13,51927648","52,50859785"
19403,140140,Berlin,2,2020,6,11,3,3,5,3,0,1,0,0,0,0,0,0,"13,43902063","52,49498774"
19404,140141,Berlin,6,2020,7,10,4,2,5,2,0,1,0,0,0,1,0,0,"13,30516451","52,41778661"
19405,140142,Berlin,7,2020,6,13,3,3,2,2,0,0,1,0,0,0,0,0,"13,39522896","52,42435111"
19406,140143,Berlin,2,2020,7,3,7,3,1,5,2,0,1,0,0,0,1,0,"13,39384009","52,49154263"
19407,140144,Berlin,9,2020,6,10,2,3,5,2,0,1,1,0,0,0,0,0,"13,52670912","52,42879879"
19408,140145,Berlin,10,2020,6,14,7,3,3,6,0,0,1,0,1,0,0,0,"13,59244976","52,54849604"
19409,140146,Berlin,1,2020,7,20,5,3,1,5,0,1,1,0,0,0,0,0,"13,35177037","52,50258111"
19410,140147,Berlin,2,2020,7,18,4,2,5,3,0,1,1,0,0,0,0,0,"13,43290576","52,51791079"
19411,140148,Berlin,5,2020,7,17,6,3,2,2,0,0,1,0,0,0,0,0,"13,19670527","52,53143235"
19412,140149,Berlin,10,2020,6,16,2,3,0,2,0,1,1,0,0,0,0,1,"13,58725653","52,51114364"
19413,140150,Berlin,5,2020,6,21,3,3,5,2,0,0,0,0,1,0,1,0,"13,20405683","52,54049898"
19414,140151,Berlin,11,2020,6,13,7,3,0,6,0,1,1,0,0,0,0,0,"13,48866379","52,50255978"
19415,140152,Berlin,9,2020,7,17,1,3,6,4,0,1,0,1,0,0,0,0,"13,51495628","52,46844232"
19416,140153,Berlin,4,2020,6,8,3,3,2,6,0,0,1,0,0,0,0,0,"13,27915062","52,50121759"
19417,140154,Berlin,12,2020,6,13,7,3,0,1,0,0,0,0,1,0,0,0,"13,28046934","52,594177"
19418,140155,Berlin,8,2020,7,18,7,3,5,2,0,0,1,0,0,0,0,1,"13,44920841","52,45238485"
19419,140156,Berlin,2,2020,6,16,2,3,0,5,0,1,1,0,0,0,0,1,"13,43551354","52,50423075"
19420,140157,Berlin,7,2020,6,13,7,3,5,3,0,1,1,0,0,0,0,0,"13,39683099","52,44723266"
19421,140158,Berlin,12,2020,6,13,7,3,0,6,0,1,0,0,0,0,0,0,"13,30134221","52,56937845"
19422,140159,Berlin,4,2020,7,11,7,3,0,1,0,0,0,0,1,0,0,0,"13,32293138","52,49989365"
19423,140160,Berlin,7,2020,6,15,2,3,5,2,0,1,1,0,0,0,0,1,"13,38885039","52,39841547"
19424,140161,Berlin,2,2020,6,13,7,3,6,4,0,1,0,1,0,0,0,0,"13,41470356","52,49849789"
19425,140162,Berlin,5,2020,7,16,4,3,2,6,0,0,1,0,0,0,0,0,"13,24619372","52,54429929"
19426,140163,Berlin,3,2020,7,14,6,3,0,2,0,1,0,0,0,0,1,0,"13,42992307","52,55108766"
19427,140164,Berlin,5,2020,6,9,2,3,0,7,0,0,1,0,0,0,0,0,"13,14168685","52,45543077"
19428,140165,Berlin,7,2020,6,18,3,3,0,2,0,0,1,1,0,0,0,0,"13,36413451","52,44831843"
19429,140166,Berlin,6,2020,7,14,1,3,5,2,0,1,1,0,0,0,0,0,"13,19173167","52,43366014"
19430,140167,Berlin,4,2020,6,8,3,2,0,1,0,0,0,0,0,0,1,0,"13,29658668","52,51358296"
19431,140168,Berlin,4,2020,6,13,7,2,0,1,0,1,0,0,0,0,0,0,"13,282612","52,47565894"
19432,140169,Berlin,7,2020,7,12,5,3,5,2,0,1,1,0,0,0,0,0,"13,37791706","52,46855722"
19433,140170,Berlin,9,2020,7,16,7,3,2,6,0,0,1,0,0,0,0,0,"13,58479971","52,46639479"
19434,140171,Berlin,2,2020,6,15,2,3,5,2,0,1,1,0,0,0,0,0,"13,45165949","52,51075963"
19435,140172,Berlin,12,2020,6,13,7,3,2,2,0,0,1,0,0,0,1,0,"13,25452798","52,56183883"
19436,140173,Berlin,12,2020,7,18,4,3,5,3,0,0,1,0,0,0,0,0,"13,33480111","52,58731039"
19437,140174,Berlin,10,2020,7,11,6,3,3,6,0,0,1,0,0,0,0,0,"13,56529037","52,52545552"
19438,140175,Berlin,3,2020,6,14,3,2,6,4,0,0,1,1,0,0,0,0,"13,43731786","52,57482129"
19439,140176,Berlin,1,2020,7,16,4,3,6,7,0,0,1,1,0,0,0,0,"13,38674894","52,52373626"
19440,140177,Berlin,7,2020,7,13,6,3,3,2,0,0,1,0,0,1,0,0,"13,38123349","52,4408571"
19441,140178,Berlin,10,2020,6,16,3,3,5,5,0,0,1,0,0,0,0,0,"13,61307268","52,5339701"
19442,140179,Berlin,5,2020,7,20,1,3,5,3,1,0,1,0,1,0,0,1,"13,20966309","52,55057664"
19443,140180,Berlin,1,2020,6,20,2,2,5,7,0,0,1,0,1,0,0,0,"13,34316952","52,53125178"
19444,140181,Berlin,4,2020,6,20,7,3,5,2,0,1,1,0,0,0,0,0,"13,33160376","52,51336106"
19445,140182,Berlin,1,2020,7,6,5,3,0,2,0,1,1,0,0,0,0,0,"13,37083606","52,51783952"
19446,140183,Berlin,12,2020,7,7,6,3,0,6,0,1,0,0,0,1,0,0,"13,31854242","52,59421723"
19447,140184,Berlin,7,2020,6,17,2,3,6,4,0,1,0,1,0,0,0,0,"13,32861271","52,46483188"
19448,140185,Berlin,8,2020,6,12,7,3,1,5,0,0,1,0,0,0,0,0,"13,45316901","52,48288396"
19449,140186,Berlin,7,2020,7,11,4,3,5,2,0,0,1,0,0,0,0,1,"13,36110358","52,49443132"
19450,140187,Berlin,10,2020,6,14,3,2,3,6,0,0,1,0,1,0,0,0,"13,61375481","52,50428294"
19451,140188,Berlin,2,2020,7,19,7,3,5,3,0,0,1,0,0,0,0,0,"13,43550083","52,491726"
19452,140189,Berlin,12,2020,6,12,2,3,6,4,0,0,1,1,0,0,0,0,"13,31999707","52,56597832"
19453,140190,Berlin,4,2020,6,11,7,2,8,1,0,1,0,0,0,0,0,0,"13,19983941","52,46930126"
19454,140191,Berlin,9,2020,7,19,5,3,1,5,0,1,1,0,0,0,0,0,"13,57742283","52,45375761"
19455,140192,Berlin,3,2020,7,14,4,3,5,2,0,1,1,0,0,0,0,0,"13,43647644","52,54851295"
19456,140193,Berlin,4,2020,7,22,7,3,1,5,2,1,1,0,0,0,0,0,"13,31838856","52,50610666"
19457,140194,Berlin,9,2020,6,14,2,3,5,3,0,1,1,0,0,0,0,0,"13,55327709","52,46955645"
19458,140195,Berlin,1,2020,6,12,7,3,5,2,0,0,1,0,0,0,1,0,"13,35946963","52,52329211"
19459,140196,Berlin,11,2020,7,18,5,3,5,2,0,1,1,0,0,0,0,0,"13,47929691","52,52304731"
19460,140197,Berlin,11,2020,7,13,4,3,6,4,0,0,1,1,0,0,0,0,"13,52095812","52,49519662"
19461,140198,Berlin,1,2020,7,21,6,3,0,3,1,1,1,0,0,0,0,0,"13,36912784","52,54621143"
19462,140199,Berlin,1,2020,6,9,2,3,5,2,0,1,1,0,0,0,0,0,"13,34675991","52,5248982"
19463,140200,Berlin,3,2020,7,9,4,3,0,6,0,0,1,0,1,0,0,0,"13,41827126","52,58427114"
19464,140201,Berlin,11,2020,7,8,6,3,5,2,0,1,1,0,0,0,0,0,"13,49375662","52,54111624"
19465,140202,Berlin,8,2020,6,12,3,3,3,6,0,0,1,0,1,0,0,0,"13,43115044","52,44327853"
19466,140203,Berlin,8,2020,7,14,7,3,1,5,0,1,1,0,0,0,0,0,"13,44572128","52,48593322"
19467,140204,Berlin,12,2020,6,7,2,3,2,6,0,0,1,0,0,0,0,0,"13,31808243","52,58936841"
19468,140205,Berlin,12,2020,6,12,7,3,2,6,0,0,1,0,0,0,0,0,"13,32704097","52,60874903"
19469,140206,Berlin,4,2020,7,18,5,3,2,6,0,0,1,0,0,0,0,0,"13,31012462","52,51638455"
19470,140207,Berlin,8,2020,7,17,4,3,6,4,0,0,1,1,0,0,0,0,"13,42467745","52,47909149"
19471,140208,Berlin,1,2020,7,17,6,3,2,2,0,0,1,0,0,0,0,0,"13,35144604","52,5096111"
19472,140209,Berlin,5,2020,6,7,2,3,5,2,0,0,0,0,1,0,1,0,"13,2286812","52,5282077"
19473,140210,Berlin,5,2020,7,7,6,3,5,2,0,1,1,0,0,0,0,0,"13,21600158","52,53800577"
19474,140211,Berlin,11,2020,6,19,3,2,5,7,0,1,1,0,0,0,0,0,"13,48998123","52,5433708"
19475,140212,Berlin,2,2020,7,20,6,3,0,1,0,1,0,0,0,0,0,0,"13,47556479","52,51203106"
19476,140213,Berlin,4,2020,6,6,2,3,3,6,0,0,1,0,0,0,1,0,"13,33332285","52,50416037"
19477,140214,Berlin,6,2020,7,7,6,2,3,6,0,0,1,0,1,0,0,0,"13,26714229","52,41048694"
19478,140215,Berlin,11,2020,6,6,3,3,2,6,0,0,1,0,0,0,1,0,"13,46154879","52,52983813"
19479,140216,Berlin,10,2020,6,12,7,3,3,6,0,1,1,0,0,0,0,0,"13,58127941","52,50423294"
19480,140217,Berlin,5,2020,7,0,1,3,6,4,2,0,1,1,0,0,0,0,"13,11611451","52,46266445"
19481,140218,Berlin,7,2020,6,10,3,3,0,2,0,0,1,0,0,0,1,0,"13,36337079","52,41194423"
19482,140219,Berlin,7,2020,6,11,7,3,2,6,0,0,1,0,0,0,1,0,"13,40878866","52,43914657"
19483,140220,Berlin,9,2020,7,10,7,2,5,2,0,0,1,0,1,0,0,0,"13,52711924","52,42456004"
19484,140221,Berlin,2,2020,6,6,2,3,2,6,0,0,1,0,0,0,0,0,"13,40844144","52,49848908"
19485,140222,Berlin,1,2020,6,11,7,3,6,7,0,0,0,1,0,0,1,0,"13,39490293","52,52070021"
19486,140223,Berlin,8,2020,7,16,4,3,5,3,0,1,1,0,0,0,0,1,"13,44713629","52,48388001"
19487,140224,Berlin,10,2020,7,14,6,3,5,2,0,0,1,0,0,0,0,0,"13,56157554","52,50232095"
19488,140225,Berlin,1,2020,7,5,6,3,0,7,0,0,0,0,1,0,0,1,"13,34316385","52,55663337"
19489,140226,Berlin,11,2020,6,17,3,3,5,3,0,1,0,0,0,0,0,0,"13,47895399","52,52807134"
19490,140227,Berlin,5,2020,7,11,1,3,5,2,0,1,1,0,0,0,0,0,"13,24511415","52,53815344"
19491,140228,Berlin,9,2020,6,7,3,3,2,6,0,0,1,0,0,0,0,0,"13,5934129","52,45279498"
19492,140229,Berlin,11,2020,6,10,7,3,2,2,0,0,1,0,1,0,0,0,"13,51784813","52,56373326"
19493,140230,Berlin,12,2020,7,10,5,3,2,7,0,0,1,0,0,0,1,0,"13,33123498","52,56228787"
19494,140231,Berlin,3,2020,7,16,7,3,5,2,0,1,1,0,0,0,0,0,"13,41470285","52,55357206"
19495,140232,Berlin,1,2020,7,16,1,3,5,2,0,1,1,0,0,0,0,0,"13,40722794","52,52348501"
19496,140233,Berlin,3,2020,6,8,3,3,5,3,0,1,1,0,0,0,0,0,"13,45949614","52,5479773"
19497,140234,Berlin,8,2020,6,10,7,3,2,6,0,0,1,0,0,0,0,0,"13,44349442","52,46436818"
19498,140235,Berlin,9,2020,7,14,5,2,5,3,0,0,1,0,1,0,0,0,"13,52678292","52,43767214"
19499,140236,Berlin,11,2020,7,15,7,3,3,6,0,0,1,0,0,0,0,0,"13,5138312","52,53581675"
19500,140237,Berlin,11,2020,6,16,2,3,2,6,0,0,1,0,0,0,1,0,"13,51886568","52,51377559"
19501,140238,Berlin,7,2020,6,9,7,3,5,3,0,1,1,0,0,0,0,0,"13,42056242","52,46143396"
19502,140239,Berlin,6,2020,7,16,4,3,5,2,0,0,1,0,0,0,0,1,"13,30961905","52,43128408"
19503,140240,Berlin,8,2020,7,13,6,3,3,6,0,1,1,0,0,0,0,0,"13,42780479","52,48114731"
19504,140241,Berlin,1,2020,7,2,6,2,8,1,2,0,1,0,0,0,0,0,"13,38276913","52,54215867"
19505,140242,Berlin,11,2020,6,15,3,3,5,2,0,1,1,0,0,0,0,0,"13,5245508","52,51372973"
19506,140243,Berlin,8,2020,7,19,7,3,0,1,0,1,0,0,0,0,0,0,"13,43678866","52,42352065"
19507,140244,Berlin,11,2020,6,20,2,2,1,1,0,0,1,0,1,0,0,0,"13,48002333","52,51727538"
19508,140245,Berlin,9,2020,6,18,7,3,0,7,0,1,0,0,0,0,0,0,"13,5640845","52,45663711"
19509,140246,Berlin,1,2020,7,17,5,3,5,2,0,1,1,0,0,0,0,0,"13,42146627","52,51432684"
19510,140247,Berlin,10,2020,7,10,5,3,2,3,0,0,1,0,0,0,0,0,"13,56396016","52,51859681"
19511,140248,Berlin,6,2020,7,10,6,1,5,2,0,1,0,0,0,1,0,0,"13,3529895","52,43344893"
19512,140249,Berlin,7,2020,6,15,2,3,0,2,0,1,1,0,0,0,0,1,"13,4064333","52,39376236"
19513,140250,Berlin,6,2020,6,18,7,3,1,5,0,1,1,0,0,0,0,0,"13,25091608","52,43786201"
19514,140251,Berlin,4,2020,7,9,4,3,5,2,0,1,0,0,0,0,1,0,"13,29272821","52,5067035"
19515,140252,Berlin,12,2020,6,17,2,2,5,3,0,1,1,0,0,0,0,0,"13,23031301","52,58651513"
19516,140253,Berlin,10,2020,6,18,7,3,5,3,0,1,1,0,0,0,0,0,"13,60012162","52,54468044"
19517,140254,Berlin,8,2020,7,18,4,3,0,7,0,1,0,1,0,0,0,1,"13,44606863","52,48620027"
19518,140255,Berlin,3,2020,7,11,6,3,1,5,0,0,1,0,0,0,0,0,"13,45727342","52,52436891"
19519,140256,Berlin,2,2020,6,6,3,3,5,2,0,1,1,0,0,0,0,0,"13,38970022","52,49943357"
19520,140257,Berlin,6,2020,7,20,7,2,0,1,0,0,0,0,1,0,0,1,"13,24033931","52,44262901"
19521,140258,Berlin,2,2020,6,13,2,3,0,5,0,0,1,0,0,0,1,0,"13,45091124","52,51272664"
19522,140259,Berlin,1,2020,6,19,7,3,5,3,0,1,1,0,0,0,0,0,"13,36537196","52,55680904"
19523,140260,Berlin,3,2020,7,17,5,3,3,6,0,1,0,0,0,0,1,0,"13,43140321","52,57128042"
19524,140261,Berlin,4,2020,7,15,4,3,2,6,0,1,1,0,0,0,0,0,"13,3066203","52,49983648"
19525,140262,Berlin,2,2020,7,21,6,3,5,3,1,1,1,0,0,0,0,0,"13,39695974","52,50525745"
19526,140263,Berlin,10,2020,6,17,2,3,1,5,0,0,1,0,0,0,0,0,"13,60624145","52,52482287"
19527,140264,Berlin,11,2020,7,1,6,3,2,7,2,1,1,0,0,0,0,0,"13,51954461","52,48736489"
19528,140265,Berlin,1,2020,7,8,4,3,5,2,0,1,1,0,0,0,0,0,"13,41713668","52,51244065"
19529,140266,Berlin,2,2020,7,10,6,3,5,3,0,1,0,0,0,0,0,0,"13,43690297","52,49570935"
19530,140267,Berlin,11,2020,6,11,3,3,2,6,0,0,1,0,0,0,0,0,"13,49666884","52,53425013"