,id,city,district,year,month,hour,weekday,injury_level,collision,movement,light_conditions,bicycle,car,pedestrian,motorbike,truck,other_vehicle,road_conditions,longitude,latitude
19767,140504,Berlin,8,2020,7,18,3,3,0,4,0,1,0,1,0,0,0,0,"13,42436092","52,4860976"
19768,140505,Berlin,5,2020,7,17,3,3,5,2,0,1,1,0,0,0,0,0,"13,26666553","52,53679024"
19769,140506,Berlin,11,2020,7,18,3,2,5,3,0,1,1,0,0,0,0,0,"13,47949661","52,52686565"
19770,140507,Berlin,2,2020,7,20,7,3,0,5,0,1,1,0,0,0,0,0,"13,44922683","52,49703605"
19771,140508,Berlin,1,2020,7,14,2,3,5,7,0,0,1,0,1,0,0,0,"13,35971773","52,50879504"
19772,140509,Berlin,2,2020,7,16,5,3,0,1,0,1,0,0,0,0,0,1,"13,39690752","52,48837188"
19773,140510,Berlin,11,2020,7,18,3,2,6,4,0,0,1,1,0,0,0,0,"13,51957107","52,49476263"
19774,140511,Berlin,4,2020,7,22,3,3,6,7,2,1,0,1,0,0,0,0,"13,31403669","52,50720267"
19775,140512,Berlin,1,2020,7,16,7,3,6,4,0,0,0,1,0,0,1,0,"13,41185191","52,52820972"
19776,140513,Berlin,9,2020,7,14,2,3,5,2,0,1,1,0,0,0,0,0,"13,45470346","52,49419303"
19777,140514,Berlin,4,2020,7,18,5,2,0,7,0,1,0,0,0,0,0,1,"13,2785293","52,49019931"
19778,140515,Berlin,4,2020,7,19,3,3,5,3,0,1,0,0,0,0,0,0,"13,32550354","52,50936772"
19779,140516,Berlin,7,2020,7,17,2,3,5,3,0,1,0,0,1,0,0,0,"13,42364549","52,39501813"
19780,140517,Berlin,8,2020,7,17,4,3,3,6,0,1,0,0,0,0,1,0,"13,45193317","52,48099608"
19781,140518,Berlin,6,2020,7,18,2,3,5,2,0,1,1,0,0,0,0,0,"13,31255798","52,41948724"
19782,140519,Berlin,5,2020,7,6,4,2,5,3,0,0,1,0,0,0,0,0,"13,18177141","52,55247726"
19783,140520,Berlin,5,2020,7,15,3,3,5,7,0,1,1,0,0,0,0,0,"13,19758983","52,52358574"
19784,140521,Berlin,9,2020,7,17,3,2,0,1,0,1,0,0,0,0,0,0,"13,48349832","52,48003689"
19785,140522,Berlin,2,2020,7,23,2,2,5,2,2,0,1,0,1,0,0,0,"13,38592953","52,48503189"
19786,140523,Berlin,1,2020,7,15,7,3,5,3,0,1,1,0,0,0,0,0,"13,37700697","52,50851607"
19787,140524,Berlin,11,2020,7,14,2,3,5,2,0,1,1,0,0,0,0,0,"13,50396698","52,55271381"
19788,140525,Berlin,1,2020,7,15,5,3,1,5,0,0,1,0,0,0,0,1,"13,41668768","52,51965266"
19789,140526,Berlin,11,2020,7,17,3,2,5,3,0,1,1,0,0,0,0,0,"13,48879585","52,49516318"
19790,140527,Berlin,2,2020,7,17,2,3,1,5,0,1,1,0,0,0,0,0,"13,43558412","52,50785654"
19791,140528,Berlin,4,2020,7,18,4,2,0,7,0,1,0,0,0,0,0,0,"13,32962613","52,50756578"
19792,140529,Berlin,4,2020,7,16,4,3,5,2,0,1,1,0,0,0,0,1,"13,32641347","52,48645535"
19793,140530,Berlin,5,2020,7,17,3,3,2,2,0,0,0,0,1,0,1,0,"13,15277416","52,45928209"
19794,140531,Berlin,4,2020,7,18,2,3,2,6,0,0,1,0,0,0,0,0,"13,31265133","52,50050013"
19795,140532,Berlin,4,2020,7,22,4,3,0,1,2,0,1,0,1,0,0,1,"13,33512666","52,50441485"
19796,140533,Berlin,1,2020,7,0,4,3,0,1,2,1,0,0,0,0,0,0,"13,40321238","52,52479456"
19797,140534,Berlin,6,2020,7,14,7,3,2,6,0,1,1,0,0,0,0,0,"13,18410019","52,42395902"
19798,140535,Berlin,1,2020,7,22,3,1,6,4,2,0,1,1,0,0,0,0,"13,3785813","52,5504094"
19799,140536,Berlin,9,2020,7,14,3,3,2,6,0,0,1,0,0,0,0,0,"13,62506511","52,45376915"
19800,140537,Berlin,3,2020,7,14,7,3,3,6,0,1,0,0,0,0,0,0,"13,41331515","52,5467521"
19801,140538,Berlin,3,2020,7,19,2,3,5,3,0,0,1,0,0,0,0,0,"13,49146321","52,61493998"
19802,140539,Berlin,1,2020,7,21,2,3,2,2,2,1,1,0,0,0,0,0,"13,38692737","52,52713281"
19803,140540,Berlin,2,2020,7,10,7,3,2,6,0,0,1,0,0,0,0,0,"13,42189658","52,49903968"
19804,140541,Berlin,10,2020,7,13,5,3,0,3,0,0,0,0,0,0,1,1,"13,52169694","52,52591163"
19805,140542,Berlin,10,2020,7,16,2,3,7,7,0,1,0,0,0,0,0,0,"13,54735599","52,50081623"
19806,140543,Berlin,3,2020,7,18,2,3,5,3,0,1,0,0,0,0,0,0,"13,41655553","52,54494962"
19807,140544,Berlin,4,2020,7,16,4,3,2,2,0,0,1,0,0,0,0,0,"13,30084384","52,47404032"
19808,140545,Berlin,2,2020,7,15,4,3,5,3,0,1,1,0,0,0,0,1,"13,41028293","52,50378743"
19809,140546,Berlin,11,2020,7,11,2,3,5,3,0,0,1,0,0,0,1,0,"13,51614073","52,55189216"
19810,140547,Berlin,1,2020,7,9,3,3,1,5,0,1,1,0,0,0,0,0,"13,40320779","52,53382458"
19811,140548,Berlin,6,2020,7,9,7,3,1,5,0,1,1,0,0,0,0,0,"13,33171379","52,44686466"
19812,140549,Berlin,8,2020,7,7,2,2,6,2,0,0,1,1,0,0,0,0,"13,43297385","52,46455634"
19813,140550,Berlin,12,2020,7,21,2,3,5,2,0,1,1,0,0,0,0,0,"13,3646124","52,56270719"
19814,140551,Berlin,12,2020,7,10,3,3,0,2,0,1,1,0,0,0,0,0,"13,32968683","52,56924349"
19815,140552,Berlin,4,2020,7,19,7,2,5,3,0,1,1,0,0,0,0,0,"13,31696608","52,49139925"
19816,140553,Berlin,11,2020,7,22,2,3,6,4,2,0,1,1,0,0,0,0,"13,50017154","52,56136327"
19817,140554,Berlin,4,2020,7,11,2,2,6,7,0,0,0,1,0,0,1,0,"13,29386907","52,48833627"
19818,140555,Berlin,3,2020,7,18,7,2,2,7,0,0,1,0,0,0,0,1,"13,41172553","52,58232318"
19819,140556,Berlin,6,2020,7,11,5,3,5,2,0,1,1,0,0,0,0,0,"13,32665167","52,42775573"
19820,140557,Berlin,7,2020,7,19,2,3,2,6,0,0,1,0,0,0,0,1,"13,39465977","52,48392833"
19821,140558,Berlin,6,2020,7,19,2,3,5,2,0,0,1,0,0,0,0,0,"13,34573302","52,43628435"
19822,140559,Berlin,4,2020,7,15,4,3,5,2,0,0,1,0,0,0,0,0,"13,32624285","52,53802588"
19823,140560,Berlin,12,2020,7,12,4,2,5,2,0,0,1,0,1,0,0,1,"13,3222235","52,60882209"
19824,140561,Berlin,5,2020,7,19,2,2,2,6,0,0,1,0,1,0,0,0,"13,19848098","52,53318619"
19825,140562,Berlin,4,2020,7,7,3,3,0,1,0,1,0,0,0,0,0,0,"13,31478587","52,49011291"
19826,140563,Berlin,1,2020,7,15,7,2,0,1,0,1,0,0,0,0,0,0,"13,39831463","52,53253942"
19827,140564,Berlin,9,2020,7,13,2,3,2,6,0,0,1,0,0,0,0,0,"13,57211496","52,4444389"
19828,140565,Berlin,5,2020,7,19,2,3,2,7,0,0,1,0,0,0,0,0,"13,14297249","52,52942203"
19829,140566,Berlin,10,2020,7,17,2,3,2,5,0,0,1,0,0,0,0,0,"13,5572094","52,55684914"
19830,140567,Berlin,5,2020,7,20,6,3,2,6,0,0,1,0,0,0,0,0,"13,2079436","52,55926512"
19831,140568,Berlin,7,2020,7,22,5,3,0,3,2,0,1,0,1,0,0,1,"13,32849146","52,46892658"
19832,140569,Berlin,2,2020,7,8,2,3,2,2,0,1,1,0,0,0,0,0,"13,46497781","52,51640642"
19833,140570,Berlin,2,2020,7,17,6,2,6,2,0,0,1,1,0,0,0,0,"13,39449206","52,50696769"
19834,140571,Berlin,1,2020,7,10,5,3,1,5,0,1,1,0,0,0,0,0,"13,35218506","52,53538773"
19835,140572,Berlin,4,2020,7,18,2,3,5,2,0,0,1,0,1,0,0,0,"13,31796331","52,49539062"
19836,140573,Berlin,1,2020,7,14,4,3,5,2,0,1,1,0,0,0,0,0,"13,38392779","52,55575262"
19837,140574,Berlin,6,2020,7,8,4,3,5,3,0,0,1,0,0,0,0,1,"13,30485604","52,44862588"
19838,140575,Berlin,6,2020,7,18,2,3,5,2,0,0,1,0,1,0,0,0,"13,29489165","52,43259784"
19839,140576,Berlin,6,2020,7,20,3,2,0,1,0,0,0,0,1,0,0,0,"13,21991648","52,43189044"
19840,140577,Berlin,12,2020,7,16,6,3,2,6,0,0,1,0,0,0,0,1,"13,32964569","52,56303488"
19841,140578,Berlin,8,2020,7,12,2,2,2,2,0,0,1,0,0,0,1,0,"13,45216316","52,45253274"
19842,140579,Berlin,6,2020,7,17,5,3,2,2,0,0,1,0,0,0,1,1,"13,35874476","52,43721157"
19843,140580,Berlin,3,2020,7,16,2,3,5,2,0,1,0,0,0,0,0,1,"13,42797194","52,54549361"
19844,140581,Berlin,6,2020,7,19,2,3,5,3,0,0,1,0,1,0,0,0,"13,3206777","52,46430575"
19845,140582,Berlin,8,2020,7,10,4,3,1,5,0,1,1,0,0,0,0,0,"13,45143209","52,47182958"
19846,140583,Berlin,9,2020,7,19,4,3,5,3,0,1,1,0,0,0,0,1,"13,57834205","52,44391848"
19847,140584,Berlin,8,2020,7,20,2,3,0,3,1,1,1,0,0,0,0,0,"13,44787005","52,48275967"
19848,140585,Berlin,4,2020,7,8,4,3,5,3,0,1,1,0,0,0,0,0,"13,31999928","52,47434706"
19849,140586,Berlin,4,2020,7,15,3,3,0,1,0,1,1,0,0,0,0,0,"13,29780008","52,49985494"
19850,140587,Berlin,5,2020,7,17,2,3,0,6,0,0,1,0,0,0,1,0,"13,18566452","52,53422321"
19851,140588,Berlin,2,2020,7,9,4,3,0,1,0,1,0,0,0,0,0,0,"13,4089362","52,4983685"
19852,140589,Berlin,1,2020,7,13,3,3,5,3,0,1,1,0,0,0,0,0,"13,41001385","52,5245037"
19853,140590,Berlin,9,2020,7,17,2,2,0,1,0,1,0,0,0,0,0,1,"13,57397119","52,444463"
19854,140591,Berlin,5,2020,7,17,3,2,5,3,0,1,1,0,0,0,0,0,"13,20982338","52,57933664"
19855,140592,Berlin,9,2020,7,15,6,3,2,6,0,0,1,0,0,0,1,1,"13,52022789","52,47386353"
19856,140593,Berlin,4,2020,7,10,2,2,2,2,0,1,1,0,0,0,0,0,"13,27159946","52,47993025"
19857,140594,Berlin,8,2020,7,16,5,2,6,4,0,0,1,1,0,0,0,1,"13,47340307","52,43788218"
19858,140595,Berlin,9,2020,7,17,2,3,5,3,0,1,1,0,0,0,0,1,"13,57198393","52,42555903"
19859,140596,Berlin,12,2020,7,20,4,3,0,7,0,0,0,0,1,0,0,0,"13,26077059","52,57271213"
19860,140597,Berlin,11,2020,7,17,4,3,2,6,0,0,1,0,0,0,0,1,"13,50322272","52,55382958"
19861,140598,Berlin,9,2020,7,15,6,2,5,2,0,1,1,0,0,0,0,0,"13,55189388","52,45603824"
19862,140599,Berlin,3,2020,7,17,2,3,0,3,0,0,1,0,0,0,1,0,"13,48443457","52,55628063"
19863,140600,Berlin,8,2020,7,12,3,3,2,6,0,1,0,0,0,0,1,0,"13,4256196","52,4637432"
19864,140601,Berlin,1,2020,7,15,6,3,5,2,0,1,1,0,0,0,0,1,"13,37725917","52,52219825"
19865,140602,Berlin,1,2020,7,16,2,3,1,5,0,1,1,0,0,0,0,0,"13,40174885","52,50991401"
19866,140603,Berlin,10,2020,7,6,2,3,5,3,0,0,1,0,0,0,1,0,"13,57540541","52,48897094"
19867,140604,Berlin,3,2020,7,15,6,3,5,3,0,0,1,0,0,0,0,1,"13,48303702","52,61186935"
19868,140605,Berlin,2,2020,7,12,5,2,0,1,0,0,0,0,1,0,0,1,"13,46409871","52,51031567"
19869,140606,Berlin,9,2020,7,16,2,2,6,4,0,1,0,1,0,0,0,0,"13,57442112","52,44433921"
19870,140607,Berlin,11,2020,7,17,2,3,5,2,0,1,1,0,0,0,0,0,"13,50921576","52,5465169"
19871,140608,Berlin,11,2020,7,16,4,3,5,2,0,0,1,0,0,0,1,0,"13,50556763","52,53482705"
19872,140609,Berlin,8,2020,7,18,2,3,0,7,0,0,1,0,0,0,1,0,"13,43423064","52,44285208"
19873,140610,Berlin,5,2020,7,15,6,3,6,2,0,0,1,1,0,0,0,0,"13,20090486","52,53866525"
19874,140611,Berlin,2,2020,7,14,5,3,2,1,0,0,1,0,0,0,0,1,"13,43558724","52,49161612"
19875,140612,Berlin,9,2020,7,13,2,3,0,1,0,1,0,0,0,0,1,0,"13,65790955","52,41442711"
19876,140613,Berlin,2,2020,7,18,4,3,0,1,0,1,0,0,0,0,0,0,"13,44898663","52,50840368"
19877,140614,Berlin,4,2020,7,15,4,3,0,3,0,1,1,0,0,0,0,1,"13,29275839","52,50682902"
19878,140615,Berlin,1,2020,7,16,2,3,6,4,0,1,0,1,0,0,0,0,"13,37902606","52,50714312"
19879,140616,Berlin,1,2020,7,10,3,2,5,3,0,1,0,0,0,0,0,0,"13,37997365","52,52895081"
19880,140617,Berlin,4,2020,7,15,6,3,2,6,0,0,1,0,1,0,0,1,"13,26762253","52,51207007"
19881,140618,Berlin,4,2020,7,16,2,3,5,3,0,1,0,0,0,0,0,0,"13,32322272","52,51802896"
19882,140619,Berlin,4,2020,7,9,2,3,1,5,0,1,1,0,0,0,0,0,"13,29048587","52,47438516"
19883,140620,Berlin,8,2020,7,13,6,3,1,5,0,1,0,0,1,0,0,0,"13,44779589","52,45236214"
19884,140621,Berlin,7,2020,7,10,5,2,5,2,0,0,1,0,0,0,1,0,"13,36680238","52,44966106"
19885,140622,Berlin,11,2020,7,16,2,3,5,2,0,1,1,0,0,0,0,0,"13,49165416","52,50324766"
19886,140623,Berlin,4,2020,7,14,4,3,0,7,0,0,0,0,1,0,0,1,"13,26979578","52,52849592"
19887,140624,Berlin,3,2020,7,11,4,3,5,2,0,0,1,0,0,0,0,1,"13,42914799","52,55634855"
19888,140625,Berlin,12,2020,7,15,2,2,6,4,0,0,1,1,0,0,0,0,"13,36700693","52,56393724"
19889,140626,Berlin,1,2020,7,23,3,2,0,1,2,0,0,0,0,0,1,0,"13,41695125","52,52396031"
19890,140627,Berlin,1,2020,7,14,6,3,1,6,0,1,1,0,0,0,0,1,"13,38025202","52,52269367"
19891,140628,Berlin,7,2020,7,14,4,3,5,2,0,0,1,0,0,0,0,1,"13,39737635","52,42393194"
19892,140629,Berlin,7,2020,7,15,2,3,5,7,0,0,1,0,0,0,0,0,"13,39270705","52,45297284"
19893,140630,Berlin,2,2020,7,8,3,3,0,7,0,1,0,0,0,0,0,0,"13,44905162","52,51793608"
19894,140631,Berlin,10,2020,7,14,6,3,6,4,0,0,1,1,0,0,0,1,"13,59306224","52,51559715"
19895,140632,Berlin,7,2020,7,14,2,3,0,3,0,0,1,0,1,0,0,0,"13,42203925","52,46263842"
19896,140633,Berlin,1,2020,7,8,2,2,5,5,0,0,1,0,1,0,0,0,"13,38800515","52,55302052"
19897,140634,Berlin,1,2020,7,13,6,3,2,6,0,0,1,0,0,0,0,1,"13,34081726","52,50514972"
19898,140635,Berlin,1,2020,7,9,5,2,0,1,0,0,0,0,0,0,1,0,"13,39208425","52,50869925"
19899,140636,Berlin,11,2020,7,11,2,3,5,2,0,0,1,0,0,0,0,0,"13,5205921","52,56851007"
19900,140637,Berlin,9,2020,7,16,2,3,3,6,0,1,0,0,0,0,1,0,"13,47364265","52,47492229"
19901,140638,Berlin,1,2020,7,11,4,3,0,6,0,0,1,0,1,0,0,0,"13,33346705","52,54423775"
19902,140639,Berlin,5,2020,7,5,4,2,5,3,1,0,1,0,1,0,0,0,"13,186836","52,55114584"
19903,140640,Berlin,4,2020,7,11,2,3,0,7,0,0,1,0,1,0,0,0,"13,30876598","52,50587107"
19904,140641,Berlin,9,2020,7,18,3,3,6,4,0,0,1,1,0,0,0,0,"13,55280552","52,43962333"
19905,140642,Berlin,10,2020,7,14,6,3,2,6,0,0,1,0,0,0,0,1,"13,51900063","52,51620936"
19906,140643,Berlin,11,2020,7,23,1,3,1,5,2,1,1,0,0,0,0,0,"13,47311874","52,50182459"
19907,140644,Berlin,1,2020,7,17,5,3,0,5,0,0,1,0,1,0,0,1,"13,34839961","52,54162838"
19908,140645,Berlin,6,2020,7,14,2,3,5,3,0,1,0,0,0,0,1,0,"13,2944162","52,44899577"
19909,140646,Berlin,2,2020,7,23,4,3,5,7,2,0,1,0,0,0,0,1,"13,39306694","52,50687387"
19910,140647,Berlin,5,2020,7,23,1,3,2,6,2,0,1,0,1,0,0,0,"13,15937601","52,55227228"
19911,140648,Berlin,7,2020,7,11,5,3,5,2,0,1,1,0,0,0,0,0,"13,34807098","52,41477774"
19912,140649,Berlin,2,2020,7,13,2,3,5,3,0,0,1,0,0,0,0,0,"13,39275554","52,49198659"
19913,140650,Berlin,4,2020,7,17,2,3,3,6,0,1,0,0,0,0,0,0,"13,32046108","52,48557429"
19914,140651,Berlin,2,2020,7,19,5,3,0,7,0,0,0,0,1,0,0,1,"13,42106542","52,49616057"
19915,140652,Berlin,4,2020,7,9,4,2,2,6,0,0,1,0,0,0,0,0,"13,29754241","52,5194401"
19916,140653,Berlin,1,2020,7,15,3,2,5,3,0,1,0,0,0,0,1,0,"13,35679132","52,52375128"
19917,140654,Berlin,3,2020,7,10,2,3,0,4,0,0,0,1,0,0,1,0,"13,45703635","52,56090669"
19918,140655,Berlin,5,2020,7,17,3,3,5,2,0,0,1,0,0,1,0,0,"13,23218252","52,54064797"
19919,140656,Berlin,10,2020,7,11,6,3,6,7,0,0,1,1,0,0,0,0,"13,60946941","52,53328623"
19920,140657,Berlin,4,2020,7,22,1,3,5,2,2,1,1,0,0,0,0,0,"13,31429389","52,49025034"
19921,140658,Berlin,1,2020,7,15,5,3,0,6,0,0,0,0,1,0,1,1,"13,3916918","52,55541045"
19922,140659,Berlin,6,2020,7,10,2,3,1,5,0,0,1,0,0,0,0,0,"13,34229541","52,434626"
19923,140660,Berlin,2,2020,7,18,4,3,5,2,0,1,1,0,0,0,0,0,"13,37670923","52,48935133"
19924,140661,Berlin,4,2020,7,16,4,3,6,4,0,1,0,1,0,0,0,1,"13,31885153","52,50608118"
19925,140662,Berlin,8,2020,7,9,2,3,5,2,0,1,1,0,0,0,0,0,"13,43663126","52,47990749"
19926,140663,Berlin,12,2020,7,11,3,3,5,3,0,0,1,0,0,0,0,0,"13,326803","52,5756843"
19927,140664,Berlin,4,2020,7,11,6,3,2,6,0,0,1,0,1,0,0,1,"13,29975654","52,51926174"
19928,140665,Berlin,11,2020,7,11,4,3,2,6,0,0,1,0,0,0,0,1,"13,51877665","52,50981283"
19929,140666,Berlin,6,2020,7,9,6,3,6,2,0,0,0,1,0,0,1,1,"13,34560976","52,43619309"
19930,140667,Berlin,6,2020,7,21,4,3,0,1,0,0,1,0,0,0,0,0,"13,33755927","52,44980986"
19931,140668,Berlin,1,2020,7,14,3,3,3,2,0,1,1,0,0,0,0,0,"13,38686199","52,53136238"
19932,140669,Berlin,1,2020,7,9,6,3,5,3,0,0,1,0,0,0,0,1,"13,38404547","52,55576027"
19933,140670,Berlin,8,2020,7,9,2,3,5,3,0,0,1,0,0,0,0,0,"13,43871233","52,46527743"
19934,140671,Berlin,4,2020,7,22,2,3,5,3,2,1,1,0,0,0,0,0,"13,32502017","52,50007598"
19935,140672,Berlin,12,2020,7,8,6,3,5,3,0,1,1,0,0,0,0,1,"13,28660397","52,59130141"
19936,140673,Berlin,9,2020,7,13,5,2,2,6,0,0,1,0,1,0,0,1,"13,51822032","52,4534287"
19937,140674,Berlin,8,2020,7,8,2,3,5,3,0,0,1,0,1,0,0,0,"13,45225499","52,47099896"
19938,140675,Berlin,4,2020,7,17,4,3,5,2,0,1,1,0,0,0,0,0,"13,32388395","52,4953183"
19939,140676,Berlin,9,2020,7,15,4,3,5,2,0,0,1,0,0,0,1,1,"13,47807671","52,45478503"
19940,140677,Berlin,3,2020,7,13,2,3,5,7,0,1,1,0,0,0,0,0,"13,42085781","52,54535531"
19941,140678,Berlin,6,2020,7,9,3,3,2,6,0,1,1,0,0,0,0,0,"13,33189397","52,44237798"
19942,140679,Berlin,7,2020,7,8,6,3,5,3,0,1,1,0,0,0,0,1,"13,3451951","52,48262112"
19943,140680,Berlin,2,2020,7,13,2,3,0,1,0,1,0,0,0,0,0,0,"13,45204199","52,52775416"
19944,140681,Berlin,4,2020,7,8,2,3,5,7,0,1,1,0,0,0,0,0,"13,2904628","52,49229026"
19945,140682,Berlin,7,2020,7,8,6,3,5,3,0,1,1,0,0,0,0,1,"13,38886073","52,3885804"
19946,140683,Berlin,3,2020,7,4,5,3,1,7,1,0,1,0,0,0,0,0,"13,45193375","52,5632155"
19947,140684,Berlin,9,2020,7,12,2,3,1,5,0,1,1,0,0,0,0,0,"13,63520247","52,45348669"
19948,140685,Berlin,10,2020,7,12,2,3,5,3,0,0,1,0,0,0,0,0,"13,53974611","52,53982238"
19949,140686,Berlin,1,2020,7,10,2,3,0,6,0,1,1,0,0,0,0,0,"13,3433402","52,52710946"
19950,140687,Berlin,3,2020,7,6,6,2,0,7,0,0,1,0,1,0,0,1,"13,4416345","52,55483221"
19951,140688,Berlin,9,2020,7,11,5,3,3,6,0,0,1,0,0,1,0,0,"13,50624805","52,47156097"
19952,140689,Berlin,7,2020,7,8,2,3,5,2,0,1,1,0,0,0,0,0,"13,33900603","52,49228588"
19953,140690,Berlin,2,2020,7,15,4,3,5,3,0,1,1,0,0,0,0,0,"13,42881853","52,51545505"
19954,140691,Berlin,9,2020,7,12,4,2,4,6,0,0,1,0,0,0,0,0,"13,68753721","52,40689402"
19955,140692,Berlin,1,2020,7,7,2,3,0,7,0,0,0,0,1,0,0,1,"13,40303256","52,5213563"
19956,140693,Berlin,9,2020,7,7,3,3,5,3,0,1,1,0,0,0,0,0,"13,48845687","52,45133217"
19957,140694,Berlin,3,2020,7,5,6,3,2,1,0,0,1,0,0,0,0,1,"13,40816453","52,54132577"
19958,140695,Berlin,5,2020,7,7,2,3,5,2,0,1,0,0,0,1,0,0,"13,23670547","52,53896399"
19959,140696,Berlin,1,2020,7,0,2,3,6,2,2,0,1,1,0,0,0,0,"13,40108467","52,52965436"
19960,140697,Berlin,4,2020,7,17,5,3,5,5,0,1,1,0,0,0,0,0,"13,32305315","52,49060229"
19961,140698,Berlin,5,2020,7,7,5,3,5,3,0,0,1,0,1,0,0,0,"13,2136077","52,57543414"
19962,140699,Berlin,10,2020,7,10,4,3,2,6,0,0,1,0,0,0,0,0,"13,56160615","52,50693782"
19963,140700,Berlin,9,2020,7,15,3,3,2,6,0,0,1,0,0,0,0,0,"13,51068384","52,46413044"
19964,140701,Berlin,5,2020,7,14,4,3,2,6,0,0,1,0,0,0,0,0,"13,19960811","52,53503865"
19965,140702,Berlin,9,2020,7,9,4,3,5,3,0,1,1,0,0,0,0,1,"13,51196312","52,47069823"
19966,140703,Berlin,2,2020,7,7,2,3,5,3,0,1,1,0,0,0,0,0,"13,39549612","52,49895473"
19967,140704,Berlin,2,2020,7,21,3,3,2,6,1,1,1,0,0,0,0,0,"13,47178656","52,50777073"
19968,140705,Berlin,8,2020,7,16,5,2,5,3,0,1,1,0,0,0,0,1,"13,43866264","52,48073371"
19969,140706,Berlin,8,2020,7,16,1,3,0,5,0,0,1,0,1,0,0,0,"13,42463617","52,48420444"
19970,140707,Berlin,12,2020,7,18,5,3,2,6,0,0,1,0,0,0,1,1,"13,28537693","52,59511901"
19971,140708,Berlin,6,2020,7,5,2,3,5,3,0,0,1,0,0,0,0,0,"13,26034477","52,41227499"
19972,140709,Berlin,4,2020,7,17,2,3,5,7,0,0,1,0,1,0,0,0,"13,29701059","52,49805583"
19973,140710,Berlin,7,2020,7,16,2,2,5,2,0,0,1,0,0,0,0,0,"13,34905018","52,4894377"
19974,140711,Berlin,4,2020,7,15,4,3,6,2,0,0,1,1,0,0,0,0,"13,32319141","52,51081429"
19975,140712,Berlin,8,2020,7,16,2,3,3,6,0,1,1,0,0,0,0,0,"13,47217229","52,42579589"
19976,140713,Berlin,2,2020,7,5,4,3,0,1,0,0,0,0,1,0,0,0,"13,39428164","52,50695433"
19977,140714,Berlin,6,2020,7,15,3,3,2,6,0,0,1,0,0,0,0,0,"13,29923336","52,45430952"
19978,140715,Berlin,4,2020,7,22,1,3,0,7,2,0,1,0,1,0,0,1,"13,29737255","52,49810419"
19979,140716,Berlin,1,2020,7,15,2,3,4,6,0,1,0,0,0,0,0,0,"13,42733065","52,50631675"
19980,140717,Berlin,4,2020,7,14,5,3,0,1,0,1,0,0,0,0,0,1,"13,3041531","52,51827734"
19981,140718,Berlin,5,2020,7,15,5,3,0,1,0,0,0,0,1,0,0,1,"13,24773708","52,5385247"
19982,140719,Berlin,6,2020,7,20,1,2,0,1,0,0,0,0,1,0,0,0,"13,3590367","52,44618588"
19983,140720,Berlin,3,2020,7,16,3,3,3,6,0,1,0,0,0,0,1,0,"13,4237089","52,54361939"
19984,140721,Berlin,4,2020,7,18,6,3,3,5,0,1,1,0,0,0,0,0,"13,33015186","52,5005012"
19985,140722,Berlin,11,2020,7,10,6,3,5,2,0,1,1,0,0,0,0,0,"13,46471375","52,52443995"
19986,140723,Berlin,5,2020,7,20,6,3,0,6,1,0,1,0,1,0,0,0,"13,22059394","52,54932378"
19987,140724,Berlin,1,2020,7,12,2,3,5,5,0,1,1,0,0,0,0,0,"13,39029632","52,51570736"
19988,140725,Berlin,6,2020,7,9,6,3,0,4,0,0,0,1,0,0,1,0,"13,34440747","52,43802211"
19989,140726,Berlin,8,2020,7,18,1,3,5,3,0,1,1,0,0,0,0,1,"13,44385845","52,45674661"
19990,140727,Berlin,6,2020,7,18,1,3,1,6,0,1,1,0,0,0,1,0,"13,31259629","52,45970969"
19991,140728,Berlin,12,2020,7,9,6,3,5,2,0,1,1,0,0,0,0,0,"13,37349981","52,56429162"
19992,140729,Berlin,10,2020,7,8,4,3,0,5,0,0,1,0,0,0,0,0,"13,55622098","52,52146331"
19993,140730,Berlin,4,2020,7,17,7,3,5,3,0,1,1,0,0,0,0,0,"13,29706524","52,51345316"
19994,140731,Berlin,7,2020,7,8,6,3,5,2,0,1,1,0,0,0,0,0,"13,38448334","52,47157156"
19995,140732,Berlin,5,2020,7,11,3,3,5,2,0,0,1,0,1,0,0,0,"13,1796475","52,5531425"
19996,140733,Berlin,8,2020,7,14,6,3,2,7,0,0,0,0,1,0,1,0,"13,42908489","52,4853926"
19997,140734,Berlin,2,2020,7,0,6,3,0,2,2,1,0,0,0,0,1,0,"13,43673371","52,52349643"
19998,140735,Berlin,8,2020,7,11,2,3,0,2,0,1,0,0,0,0,1,0,"13,44024833","52,4817121"
19999,140736,Berlin,6,2020,7,17,5,3,2,6,0,0,1,0,0,0,0,0,"13,35349298","52,44707369"
20000,140737,Berlin,9,2020,7,6,5,2,0,3,0,1,0,0,0,0,0,1,"13,57498327","52,44449194"
20001,140738,Berlin,9,2020,7,20,1,3,0,1,1,0,0,0,1,0,0,1,"13,57631661","52,45467561"
20002,140739,Berlin,4,2020,7,20,7,3,3,6,0,0,1,0,0,0,0,0,"13,32625577","52,53799833"