,id,city,district,year,month,hour,weekday,injury_level,collision,movement,light_conditions,bicycle,car,pedestrian,motorbike,truck,other_vehicle,road_conditions,longitude,latitude
20239,140976,Berlin,6,2020,7,15,6,3,5,3,0,1,1,0,0,0,0,0,"13,35420659","52,449103"
20240,140977,Berlin,4,2020,7,17,4,3,1,5,0,1,1,0,0,0,0,0,"13,28967394","52,4976584"
20241,140978,Berlin,2,2020,7,20,7,3,6,4,0,0,1,1,0,0,0,0,"13,44750483","52,50552767"
20242,140979,Berlin,3,2020,7,18,3,3,2,6,0,0,1,0,0,0,0,0,"13,44304075","52,57101848"
20243,140980,Berlin,9,2020,7,19,6,3,5,3,0,1,0,0,0,0,0,0,"13,58086565","52,41851544"
20244,140981,Berlin,10,2020,7,15,5,3,5,5,0,0,1,0,0,0,0,0,"13,60033097","52,48282007"
20245,140982,Berlin,11,2020,7,14,6,3,2,6,0,0,1,0,0,0,0,0,"13,48913912","52,54234636"
20246,140983,Berlin,10,2020,7,16,2,3,0,1,0,1,0,0,0,0,0,1,"13,52518088","52,53651587"
20247,140984,Berlin,6,2020,7,10,6,3,5,3,0,1,1,0,0,0,0,0,"13,3304348","52,44515894"
20248,140985,Berlin,2,2020,7,23,1,3,0,1,2,1,0,0,0,0,0,1,"13,43875889","52,50556582"
20249,140986,Berlin,10,2020,7,14,6,3,1,5,0,0,1,0,0,0,0,0,"13,60872969","52,51791148"
20250,140987,Berlin,9,2020,7,7,3,3,0,2,0,0,1,0,1,0,0,0,"13,48707439","52,46558149"
20251,140988,Berlin,10,2020,7,12,6,3,5,3,0,0,1,0,1,0,0,0,"13,57543385","52,48909588"
20252,140989,Berlin,4,2020,7,12,2,3,2,7,0,0,0,0,1,0,1,0,"13,26093917","52,51765149"
20253,140990,Berlin,7,2020,7,2,1,3,0,1,2,1,0,0,0,0,0,0,"13,34007326","52,47554227"
20254,140991,Berlin,9,2020,7,15,4,3,2,6,0,0,1,0,0,0,0,0,"13,53717608","52,4333706"
20255,140992,Berlin,9,2020,7,14,7,3,5,3,0,0,1,0,0,0,0,0,"13,4503282","52,49137994"
20256,140993,Berlin,8,2020,7,17,3,2,2,6,0,0,1,0,0,0,0,0,"13,43491827","52,44016912"
20257,140994,Berlin,9,2020,7,16,6,3,2,6,0,0,1,0,0,0,0,0,"13,60827782","52,45319589"
20258,140995,Berlin,3,2020,7,15,5,3,0,1,0,0,0,0,1,0,0,1,"13,42820225","52,57743201"
20259,140996,Berlin,12,2020,7,12,6,3,2,6,0,0,1,0,0,0,0,1,"13,2939343","52,60895913"
20260,140997,Berlin,10,2020,7,17,2,3,0,1,0,0,0,0,1,0,0,1,"13,53048838","52,51932925"
20261,140998,Berlin,4,2020,7,16,5,3,0,2,0,0,1,0,1,0,0,0,"13,31653237","52,49951372"
20262,140999,Berlin,8,2020,7,16,1,3,5,7,0,0,1,0,1,0,0,0,"13,43606146","52,42421574"
20263,141000,Berlin,8,2020,7,17,1,3,0,1,0,0,1,0,0,0,0,0,"13,43127707","52,46442441"
20264,141001,Berlin,11,2020,7,20,4,3,5,3,0,1,1,0,0,0,0,0,"13,51005651","52,50340171"
20265,141002,Berlin,4,2020,7,15,7,3,2,3,0,1,1,0,0,0,0,0,"13,2669225","52,51411975"
20266,141003,Berlin,12,2020,7,11,4,3,5,2,0,0,1,0,1,0,0,0,"13,36455523","52,56269411"
20267,141004,Berlin,2,2020,7,19,1,3,3,6,0,0,1,0,0,0,0,0,"13,41913675","52,49009327"
20268,141005,Berlin,7,2020,7,19,4,3,5,2,0,1,1,0,0,0,0,0,"13,37794949","52,46643684"
20269,141006,Berlin,12,2020,7,9,4,3,2,6,0,0,1,0,0,0,1,0,"13,26913634","52,57588514"
20270,141007,Berlin,10,2020,7,18,7,3,5,3,0,1,1,0,0,0,0,0,"13,59285854","52,54482409"
20271,141008,Berlin,7,2020,7,14,4,3,0,1,0,0,0,0,1,0,0,1,"13,34776159","52,48532144"
20272,141009,Berlin,7,2020,7,12,3,3,1,5,0,1,1,0,0,0,0,0,"13,34601819","52,49624767"
20273,141010,Berlin,4,2020,7,13,6,3,5,3,0,1,1,0,0,0,0,0,"13,30562911","52,49989054"
20274,141011,Berlin,2,2020,7,8,4,3,5,3,0,0,1,0,0,0,0,0,"13,39533287","52,49679036"
20275,141012,Berlin,11,2020,7,15,2,3,6,2,0,0,1,1,0,0,0,0,"13,47531198","52,5015422"
20276,141013,Berlin,1,2020,7,18,5,3,5,2,0,1,1,0,0,0,0,0,"13,39114252","52,53621198"
20277,141014,Berlin,8,2020,7,18,5,3,2,6,0,1,1,0,0,0,0,0,"13,43077396","52,4866319"
20278,141015,Berlin,3,2020,7,11,5,3,5,3,0,1,0,0,0,0,1,0,"13,49227643","52,62060664"
20279,141016,Berlin,2,2020,7,10,1,3,0,1,0,1,0,0,0,0,0,1,"13,45480444","52,51379986"
20280,141017,Berlin,5,2020,7,9,7,3,2,6,0,0,1,0,0,0,0,0,"13,17842971","52,54879434"
20281,141018,Berlin,3,2020,7,12,3,3,0,7,0,0,0,0,0,0,1,0,"13,42057718","52,53651372"
20282,141019,Berlin,11,2020,7,12,7,3,2,6,0,0,1,0,0,0,1,0,"13,48530548","52,53366313"
20283,141020,Berlin,4,2020,7,15,4,3,5,2,0,0,1,0,0,0,0,1,"13,29800855","52,47338149"
20284,141021,Berlin,5,2020,7,9,3,3,5,2,0,0,1,0,1,0,0,0,"13,15782467","52,54304205"
20285,141022,Berlin,4,2020,7,20,6,3,5,3,1,1,0,0,0,0,0,0,"13,31961027","52,51962642"
20286,141023,Berlin,4,2020,7,22,4,2,5,3,2,0,1,0,0,0,0,1,"13,33268623","52,47869342"
20287,141024,Berlin,5,2020,7,15,2,2,2,6,0,0,1,0,1,0,0,1,"13,19777018","52,53298267"
20288,141025,Berlin,10,2020,7,10,3,3,0,3,0,0,0,0,0,0,1,0,"13,56158709","52,50248631"
20289,141026,Berlin,9,2020,7,2,6,3,0,6,2,1,1,0,0,0,0,0,"13,55516159","52,44044728"
20290,141027,Berlin,1,2020,7,12,4,3,5,3,0,1,1,0,0,0,0,1,"13,40199874","52,52896846"
20291,141028,Berlin,8,2020,7,6,2,3,5,3,0,1,1,0,0,0,0,0,"13,48189633","52,43193554"
20292,141029,Berlin,1,2020,7,16,5,3,2,6,0,0,1,0,0,0,0,0,"13,41730279","52,51270249"
20293,141030,Berlin,4,2020,7,8,4,3,8,1,0,0,0,0,1,0,0,0,"13,26875947","52,51140593"
20294,141031,Berlin,11,2020,7,19,1,3,5,2,0,1,1,0,0,0,0,0,"13,47626377","52,53317647"
20295,141032,Berlin,1,2020,7,17,7,3,6,4,0,0,1,1,0,0,0,0,"13,36096484","52,54829075"
20296,141033,Berlin,8,2020,7,20,3,3,1,5,1,1,1,0,0,0,0,0,"13,43514167","52,47080588"
20297,141034,Berlin,8,2020,7,4,7,3,5,3,2,0,1,0,0,0,0,0,"13,48230459","52,42537883"
20298,141035,Berlin,6,2020,7,22,4,3,0,7,2,0,0,0,1,0,0,1,"13,29905987","52,41216183"
20299,141036,Berlin,4,2020,7,8,3,3,5,2,0,1,1,0,0,0,0,0,"13,28830012","52,51306255"
20300,141037,Berlin,6,2020,7,13,6,3,1,7,0,1,1,0,0,0,0,0,"13,27555913","52,45051305"
20301,141038,Berlin,2,2020,7,21,4,3,5,3,2,0,1,0,0,0,1,1,"13,43006455","52,5034698"
20302,141039,Berlin,6,2020,7,13,2,3,2,6,0,1,0,0,0,0,1,0,"13,33782859","52,45082086"
20303,141040,Berlin,8,2020,7,17,1,3,5,3,0,1,1,0,1,0,0,0,"13,43794748","52,47899072"
20304,141041,Berlin,7,2020,7,16,4,3,5,3,0,1,1,0,0,0,0,0,"13,37745261","52,4648703"
20305,141042,Berlin,4,2020,7,19,7,3,5,2,0,0,1,0,0,0,1,0,"13,32026283","52,47879455"
20306,141043,Berlin,5,2020,7,15,5,3,5,3,0,0,1,0,0,0,0,0,"13,22735264","52,55795116"
20307,141044,Berlin,2,2020,7,19,4,3,1,5,0,1,1,0,0,0,0,0,"13,45955793","52,50909238"
20308,141045,Berlin,9,2020,7,22,7,3,0,1,2,1,0,0,0,0,0,0,"13,52896854","52,42932481"
20309,141046,Berlin,3,2020,7,14,7,3,5,2,0,1,1,0,0,0,0,0,"13,4572244","52,56105891"
20310,141047,Berlin,4,2020,7,19,3,3,5,2,0,1,1,0,0,0,0,0,"13,3165458","52,49951456"
20311,141048,Berlin,8,2020,7,19,6,3,5,3,0,1,0,0,0,0,1,0,"13,44345673","52,46419188"
20312,141049,Berlin,2,2020,7,19,4,3,5,7,1,1,0,0,0,0,1,0,"13,39151251","52,50059502"
20313,141050,Berlin,7,2020,7,12,6,3,2,7,0,0,1,0,1,0,0,0,"13,37846793","52,47805843"
20314,141051,Berlin,6,2020,7,6,3,3,0,3,0,0,0,0,1,1,0,0,"13,33803472","52,43186327"
20315,141052,Berlin,2,2020,7,12,6,3,5,2,0,0,1,0,1,0,0,0,"13,38145058","52,48500178"
20316,141053,Berlin,11,2020,7,11,6,3,5,3,0,0,1,0,1,0,0,0,"13,53576873","52,47779669"
20317,141054,Berlin,12,2020,7,20,1,3,1,5,0,1,1,0,0,0,0,0,"13,33105853","52,57558325"
20318,141055,Berlin,1,2020,7,10,1,3,1,5,0,0,1,0,0,0,0,0,"13,34158036","52,5395734"
20319,141056,Berlin,9,2020,7,20,6,3,5,2,0,1,1,0,0,0,0,0,"13,5142995","52,46873038"
20320,141057,Berlin,4,2020,7,13,4,3,6,7,0,0,0,1,0,0,1,0,"13,28344112","52,5064925"
20321,141058,Berlin,10,2020,7,19,7,2,5,3,0,0,1,0,0,0,1,0,"13,57416146","52,51311308"
20322,141059,Berlin,1,2020,7,13,3,3,4,6,0,1,0,0,0,0,0,0,"13,3993834","52,51233176"
20323,141060,Berlin,9,2020,7,15,6,3,5,2,0,0,1,0,0,0,0,0,"13,48258227","52,46188823"
20324,141061,Berlin,5,2020,7,19,4,3,1,5,0,0,0,0,1,1,0,0,"13,12241635","52,53502035"
20325,141062,Berlin,4,2020,7,12,2,3,0,3,0,1,0,0,0,0,1,0,"13,3217593","52,50597755"
20326,141063,Berlin,11,2020,7,17,5,3,5,2,0,1,1,0,0,0,0,0,"13,51886727","52,51387432"
20327,141064,Berlin,2,2020,7,10,6,3,0,7,0,1,0,0,0,0,0,0,"13,41220762","52,4885088"
20328,141065,Berlin,4,2020,8,16,3,3,2,3,0,1,1,0,0,0,0,0,"13,28724376","52,51754928"
20329,141066,Berlin,1,2020,7,12,3,3,0,6,0,0,1,0,0,0,1,0,"13,37441181","52,55681633"
20330,141067,Berlin,9,2020,8,13,2,1,9,1,0,0,0,1,0,1,0,0,"13,51977058","52,42679955"
20331,141068,Berlin,1,2020,8,16,7,3,6,4,0,0,1,1,0,0,0,0,"13,40355173","52,53235984"
20332,141069,Berlin,9,2020,8,7,5,3,3,6,0,0,1,0,1,0,1,0,"13,56700493","52,45497157"
20333,141070,Berlin,5,2020,7,10,6,3,2,6,0,0,1,0,0,0,1,0,"13,19832292","52,53265088"
20334,141071,Berlin,9,2020,8,10,2,3,2,2,0,0,1,0,0,0,0,0,"13,59316198","52,4516758"
20335,141072,Berlin,1,2020,7,13,6,2,0,1,0,1,0,0,0,0,0,0,"13,35906799","52,52333611"
20336,141073,Berlin,11,2020,8,15,4,2,1,5,0,0,0,0,1,0,1,0,"13,4918576","52,5230393"
20337,141074,Berlin,12,2020,7,11,3,3,2,6,0,0,1,0,0,0,0,0,"13,30143327","52,56934042"
20338,141075,Berlin,2,2020,7,10,6,3,5,7,0,1,1,0,0,0,0,0,"13,43260782","52,51697216"
20339,141076,Berlin,8,2020,8,7,4,2,5,3,0,0,1,0,1,0,0,0,"13,48791228","52,4348648"
20340,141077,Berlin,12,2020,7,11,3,3,0,1,0,1,0,0,0,0,0,0,"13,32593184","52,60384747"
20341,141078,Berlin,7,2020,7,9,6,3,5,2,0,1,1,0,0,0,0,0,"13,35484795","52,45880203"
20342,141079,Berlin,2,2020,8,10,3,3,2,6,0,0,1,0,0,0,1,0,"13,44624218","52,50293861"
20343,141080,Berlin,2,2020,7,10,3,2,0,2,0,0,0,0,0,0,1,0,"13,38801812","52,49297726"
20344,141081,Berlin,9,2020,8,8,7,3,5,3,0,1,0,0,1,0,0,0,"13,58686785","52,44504405"
20345,141082,Berlin,7,2020,8,13,5,2,5,2,0,1,0,0,0,0,1,0,"13,32826008","52,4757761"
20346,141083,Berlin,12,2020,7,8,6,3,5,3,0,0,1,0,0,0,0,0,"13,32267106","52,56810301"
20347,141084,Berlin,10,2020,8,14,4,3,2,2,0,1,1,0,0,0,0,0,"13,59042608","52,52939483"
20348,141085,Berlin,11,2020,7,5,6,3,5,2,1,1,1,0,0,0,0,0,"13,4758591","52,53303745"
20349,141086,Berlin,5,2020,8,15,4,3,0,6,0,0,0,0,0,1,1,0,"13,19907055","52,53404039"
20350,141087,Berlin,12,2020,7,5,6,3,3,2,1,0,1,0,0,1,0,0,"13,32668795","52,56244234"
20351,141088,Berlin,1,2020,8,19,4,3,3,6,0,0,1,0,1,0,0,0,"13,36876457","52,55725661"
20352,141089,Berlin,3,2020,7,10,3,3,5,3,0,0,1,0,0,0,0,0,"13,50550506","52,63684865"
20353,141090,Berlin,11,2020,8,8,1,3,5,3,0,1,1,0,0,0,0,0,"13,54023554","52,56525627"
20354,141091,Berlin,10,2020,8,17,5,3,5,3,0,1,1,0,0,0,0,0,"13,61167","52,51421284"
20355,141092,Berlin,1,2020,7,1,6,3,5,2,2,1,1,0,0,0,0,0,"13,3917655","52,52207705"
20356,141093,Berlin,1,2020,8,13,3,3,3,6,0,1,1,0,0,0,0,0,"13,33111362","52,53281039"
20357,141094,Berlin,7,2020,7,9,3,3,5,2,0,1,0,0,0,0,0,0,"13,34173336","52,48384184"
20358,141095,Berlin,11,2020,8,11,7,2,0,1,0,1,0,0,0,0,0,0,"13,48728946","52,52663496"
20359,141096,Berlin,2,2020,8,11,5,3,2,2,0,1,1,0,0,0,0,0,"13,44664513","52,50281428"
20360,141097,Berlin,7,2020,7,0,6,3,0,7,2,0,1,1,0,0,0,0,"13,34425801","52,50308489"
20361,141098,Berlin,4,2020,8,22,4,3,0,1,2,0,0,0,1,0,0,0,"13,31427767","52,50633782"
20362,141099,Berlin,2,2020,7,21,6,3,5,2,1,1,0,0,1,0,0,0,"13,44670254","52,5026058"
20363,141100,Berlin,7,2020,8,19,3,3,5,3,0,0,1,0,0,0,0,0,"13,366624","52,46103507"
20364,141101,Berlin,9,2020,7,8,3,2,5,3,0,1,1,0,0,0,0,0,"13,56269787","52,45637372"
20365,141102,Berlin,8,2020,8,19,1,3,2,2,0,0,1,0,0,0,0,1,"13,48721571","52,42290533"
20366,141103,Berlin,8,2020,8,6,7,3,1,7,0,0,1,0,0,0,0,0,"13,43946606","52,4700534"
20367,141104,Berlin,12,2020,8,16,5,3,5,2,0,1,1,0,0,0,0,0,"13,33076181","52,56256613"
20368,141105,Berlin,6,2020,7,23,6,2,0,1,2,1,0,0,0,0,0,0,"13,33685656","52,41847779"
20369,141106,Berlin,7,2020,8,14,2,3,3,6,0,0,1,0,1,0,0,0,"13,37875546","52,45028506"
20370,141107,Berlin,1,2020,7,8,3,3,5,2,0,1,1,0,0,0,0,0,"13,34944893","52,54232138"
20371,141108,Berlin,5,2020,7,22,6,3,5,2,2,1,1,0,0,0,0,0,"13,18515499","52,55018955"
20372,141109,Berlin,1,2020,8,22,3,3,1,5,2,0,1,0,1,0,0,0,"13,38155852","52,56647513"
20373,141110,Berlin,11,2020,7,7,3,3,1,5,0,0,1,0,0,0,0,0,"13,49981898","52,51558067"
20374,141111,Berlin,2,2020,8,6,7,3,1,5,1,0,1,0,0,0,0,0,"13,45154078","52,50364484"
20375,141112,Berlin,5,2020,8,17,5,3,5,3,0,0,1,0,0,1,0,0,"13,2025095","52,54047492"
20376,141113,Berlin,4,2020,7,21,6,2,0,4,2,0,0,1,1,0,0,0,"13,29537241","52,53961281"
20377,141114,Berlin,9,2020,8,11,3,3,2,6,0,0,1,0,0,0,0,0,"13,48275861","52,46058168"
20378,141115,Berlin,9,2020,7,6,3,3,5,7,0,0,1,0,1,0,0,0,"13,57209947","52,4510045"
20379,141116,Berlin,11,2020,7,12,6,2,2,6,0,0,1,0,0,0,0,0,"13,50173415","52,56192925"
20380,141117,Berlin,7,2020,8,9,4,3,1,5,0,1,0,0,0,1,0,0,"13,34496094","52,48663808"
20381,141118,Berlin,4,2020,7,19,6,3,5,2,0,1,1,0,0,0,0,0,"13,31262471","52,49926184"
20382,141119,Berlin,3,2020,8,6,4,3,5,2,0,1,0,0,0,0,1,0,"13,41827929","52,52850812"
20383,141120,Berlin,1,2020,7,18,6,3,3,6,0,1,1,0,0,0,0,0,"13,38713902","52,52687936"
20384,141121,Berlin,8,2020,8,17,3,3,2,7,0,0,1,0,0,0,0,0,"13,49540378","52,42395296"
20385,141122,Berlin,12,2020,7,0,3,2,0,1,2,1,0,0,0,0,0,0,"13,33689604","52,60220606"
20386,141123,Berlin,10,2020,8,19,1,3,2,6,0,0,1,0,0,0,0,0,"13,58727845","52,52360926"
20387,141124,Berlin,4,2020,8,19,7,3,0,6,0,0,1,0,1,0,0,0,"13,32616335","52,53821059"
20388,141125,Berlin,10,2020,8,9,5,2,4,6,0,0,1,0,0,0,0,0,"13,58019743","52,56433835"
20389,141126,Berlin,1,2020,7,18,6,3,2,6,0,0,1,0,0,0,0,0,"13,33779965","52,55859064"
20390,141127,Berlin,5,2020,8,12,2,3,1,5,0,1,1,0,0,0,0,0,"13,20912197","52,56153169"
20391,141128,Berlin,1,2020,7,18,6,2,5,3,0,1,1,0,0,0,0,0,"13,3472509","52,52021298"
20392,141129,Berlin,9,2020,8,23,4,3,2,6,2,0,1,0,0,0,0,0,"13,50970721","52,45144011"
20393,141130,Berlin,9,2020,7,22,3,2,5,2,2,0,1,0,1,0,0,0,"13,52669426","52,4287965"
20394,141131,Berlin,3,2020,7,17,6,3,5,2,0,1,1,0,0,0,0,0,"13,45795145","52,52882651"
20395,141132,Berlin,4,2020,8,13,4,2,0,5,0,1,1,0,0,0,0,0,"13,2515399","52,50654213"
20396,141133,Berlin,5,2020,7,17,6,2,6,7,0,0,0,1,0,1,0,0,"13,27272188","52,5369268"
20397,141134,Berlin,7,2020,8,12,4,3,1,5,0,1,1,0,0,0,0,0,"13,38619636","52,46003189"
20398,141135,Berlin,2,2020,7,16,6,3,5,3,0,1,1,0,0,0,0,0,"13,40900267","52,49969659"
20399,141136,Berlin,5,2020,8,13,4,3,2,7,0,0,1,0,0,0,1,0,"13,20886687","52,55264847"
20400,141137,Berlin,7,2020,7,16,6,3,5,7,0,0,1,0,1,0,0,0,"13,40534349","52,40696906"
20401,141138,Berlin,8,2020,8,14,3,3,5,3,0,0,1,0,0,0,0,0,"13,46632978","52,43349673"
20402,141139,Berlin,5,2020,7,20,3,3,2,2,0,1,1,0,0,0,0,0,"13,20075565","52,54871951"
20403,141140,Berlin,10,2020,8,19,1,2,5,2,0,0,1,0,0,0,0,0,"13,58904425","52,5174897"
20404,141141,Berlin,11,2020,8,13,7,3,0,2,0,1,0,0,0,0,0,0,"13,49513899","52,56486451"
20405,141142,Berlin,9,2020,8,15,5,3,9,1,0,0,0,0,1,0,0,0,"13,65714139","52,4148589"
20406,141143,Berlin,2,2020,7,15,6,3,5,3,0,1,1,0,0,0,0,0,"13,41628114","52,5017322"
20407,141144,Berlin,12,2020,8,9,2,3,6,4,0,0,1,1,0,0,0,0,"13,3351988","52,59565772"
20408,141145,Berlin,3,2020,7,15,6,3,5,3,0,1,1,0,0,0,0,0,"13,43640791","52,5485399"
20409,141146,Berlin,3,2020,8,15,4,3,2,2,0,0,1,0,0,0,0,0,"13,44549467","52,5819499"
20410,141147,Berlin,8,2020,7,20,3,3,5,2,1,0,1,0,1,0,0,0,"13,43515144","52,49121046"
20411,141148,Berlin,9,2020,7,15,6,3,5,2,0,1,1,0,0,0,0,0,"13,54425704","52,42466627"
20412,141149,Berlin,4,2020,8,7,4,3,5,3,0,0,1,0,0,0,1,0,"13,28086442","52,47684922"
20413,141150,Berlin,2,2020,7,20,3,3,5,3,0,1,1,0,0,0,0,0,"13,43514041","52,50146359"
20414,141151,Berlin,3,2020,7,14,6,3,5,2,0,1,1,0,0,0,0,0,"13,40252371","52,55430076"
20415,141152,Berlin,9,2020,8,9,3,3,5,2,0,1,1,0,0,0,0,0,"13,51413766","52,44647835"
20416,141153,Berlin,8,2020,7,20,3,3,6,4,0,1,0,1,0,0,0,0,"13,41988297","52,47683927"
20417,141154,Berlin,4,2020,7,19,3,2,5,2,0,1,1,0,0,0,0,0,"13,32262958","52,51125705"
20418,141155,Berlin,4,2020,7,14,6,3,2,6,0,0,1,0,0,0,0,0,"13,27944187","52,50435009"
20419,141156,Berlin,7,2020,8,18,3,3,1,5,0,1,1,0,0,0,0,0,"13,34184143","52,49641702"
20420,141157,Berlin,2,2020,7,18,3,3,2,6,0,0,1,0,0,0,0,0,"13,37983387","52,49266295"
20421,141158,Berlin,5,2020,8,11,7,3,3,6,0,0,1,0,1,0,0,0,"13,2084545","52,56104722"
20422,141159,Berlin,1,2020,8,14,5,3,5,2,0,1,1,0,0,0,0,0,"13,37211728","52,53881057"
20423,141160,Berlin,1,2020,7,22,5,3,6,2,2,0,1,1,0,0,0,0,"13,38180791","52,55221268"
20424,141161,Berlin,1,2020,8,17,2,3,6,7,0,0,0,1,0,0,1,0,"13,39244187","52,54245897"
20425,141162,Berlin,9,2020,7,21,5,3,0,2,1,0,1,0,1,0,0,0,"13,50349184","52,46066761"
20426,141163,Berlin,4,2020,8,14,4,3,2,6,0,0,1,0,0,0,0,0,"13,28098371","52,51836854"
20427,141164,Berlin,12,2020,7,17,5,3,5,3,0,1,1,0,0,0,0,0,"13,32120152","52,57147556"
20428,141165,Berlin,2,2020,8,18,4,3,0,1,0,1,1,0,0,0,0,0,"13,45481486","52,51018153"
20429,141166,Berlin,2,2020,7,17,3,3,1,5,0,1,1,0,0,0,0,0,"13,46337167","52,50536357"
20430,141167,Berlin,4,2020,8,1,1,2,5,3,2,0,1,0,0,0,0,0,"13,29653562","52,49255953"
20431,141168,Berlin,2,2020,8,19,5,3,2,6,0,0,1,0,0,0,0,0,"13,39469593","52,49615826"
20432,141169,Berlin,1,2020,7,17,5,3,6,4,0,1,0,1,0,0,0,0,"13,37904673","52,52592214"
20433,141170,Berlin,5,2020,8,12,3,3,0,5,0,1,1,0,0,0,0,0,"13,20765115","52,56644426"
20434,141171,Berlin,8,2020,7,16,3,2,5,2,0,0,1,0,0,0,0,0,"13,44923259","52,45242956"
20435,141172,Berlin,3,2020,7,22,6,3,0,7,2,1,0,0,0,0,0,0,"13,43307934","52,55833797"
20436,141173,Berlin,8,2020,8,14,4,3,1,5,0,1,1,0,0,0,0,0,"13,4372063","52,4263398"
20437,141174,Berlin,1,2020,7,17,5,3,2,2,0,1,1,0,0,0,0,0,"13,39909391","52,53232567"
20438,141175,Berlin,10,2020,8,9,4,3,6,2,0,0,1,1,0,0,0,0,"13,62179231","52,52475796"
20439,141176,Berlin,8,2020,8,7,7,3,5,3,0,1,1,0,0,0,0,0,"13,50448999","52,42321587"
20440,141177,Berlin,1,2020,8,12,5,2,5,2,0,1,1,0,0,0,0,0,"13,37131771","52,51114467"
20441,141178,Berlin,7,2020,7,17,5,3,5,2,0,0,1,0,0,0,0,0,"13,40105038","52,4145671"
20442,141179,Berlin,1,2020,8,15,4,2,3,6,0,0,1,0,0,0,1,0,"13,40162259","52,52980702"
20443,141180,Berlin,2,2020,7,16,5,3,5,3,0,0,1,0,0,0,0,0,"13,39719524","52,50023476"
20444,141181,Berlin,9,2020,8,20,3,2,4,6,0,0,1,1,0,0,0,0,"13,63256552","52,4567446"
20445,141182,Berlin,8,2020,7,16,3,3,5,3,0,0,1,0,0,0,0,0,"13,43219056","52,47122467"
20446,141183,Berlin,8,2020,8,23,7,2,1,5,2,1,1,0,0,0,0,0,"13,50052606","52,40209205"
20447,141184,Berlin,3,2020,8,17,5,3,2,7,0,0,0,0,1,0,1,0,"13,39664426","52,58464812"
20448,141185,Berlin,10,2020,7,16,5,3,2,2,0,0,1,0,0,0,0,0,"13,58375861","52,51495097"
20449,141186,Berlin,9,2020,8,12,3,3,0,1,0,1,0,0,0,0,0,0,"13,57472987","52,44827451"
20450,141187,Berlin,1,2020,7,17,2,3,6,4,0,0,1,1,0,0,0,0,"13,37249932","52,54842709"
20451,141188,Berlin,9,2020,7,16,5,2,2,6,0,0,1,0,0,0,0,0,"13,53310083","52,44087365"
20452,141189,Berlin,1,2020,8,11,4,3,5,3,0,1,0,0,0,0,1,0,"13,41275246","52,52735117"
20453,141190,Berlin,11,2020,7,15,5,3,2,6,0,0,1,0,0,0,1,0,"13,47574576","52,53285376"
20454,141191,Berlin,10,2020,8,13,4,3,5,2,0,1,1,0,0,0,0,0,"13,59664391","52,54430648"
20455,141192,Berlin,11,2020,7,15,5,3,4,1,0,0,1,0,1,0,0,0,"13,47152165","52,50494242"
20456,141193,Berlin,1,2020,8,16,3,3,5,2,0,1,1,0,0,0,0,0,"13,41713668","52,51244065"
20457,141194,Berlin,1,2020,7,20,2,3,5,3,1,0,1,0,0,0,0,0,"13,39004717","52,5094993"
20458,141195,Berlin,5,2020,8,18,1,3,5,3,0,1,1,0,0,0,0,0,"13,20077065","52,52449705"
20459,141196,Berlin,10,2020,8,17,7,3,2,6,0,0,1,0,1,0,0,0,"13,56157546","52,50231978"
20460,141197,Berlin,10,2020,8,8,5,2,5,3,0,1,1,0,0,0,0,0,"13,5681519","52,57365388"
20461,141198,Berlin,2,2020,7,14,5,3,5,2,0,1,1,0,0,0,0,0,"13,3845655","52,49668965"
20462,141199,Berlin,9,2020,8,7,3,3,5,2,0,0,1,0,0,0,0,0,"13,54520351","52,42574036"
20463,141200,Berlin,7,2020,7,18,2,3,0,7,0,0,1,0,1,0,0,1,"13,34192186","52,4973182"
20464,141201,Berlin,3,2020,8,18,1,3,0,6,0,0,1,0,1,0,0,0,"13,49383954","52,61544228"
20465,141202,Berlin,7,2020,8,17,5,3,2,6,0,0,1,0,0,0,0,0,"13,40679656","52,39376869"
20466,141203,Berlin,11,2020,8,2,7,2,6,4,2,0,0,1,0,0,1,0,"13,51917745","52,50367885"
20467,141204,Berlin,1,2020,8,17,5,3,3,6,0,1,1,0,0,0,0,0,"13,34443142","52,53810623"
20468,141205,Berlin,7,2020,7,14,5,3,5,3,0,1,1,0,0,0,0,0,"13,42202648","52,46251221"
20469,141206,Berlin,11,2020,8,15,2,3,5,3,0,0,1,0,0,0,0,0,"13,49982057","52,53437283"
20470,141207,Berlin,12,2020,7,14,5,3,0,7,0,1,0,0,0,0,0,0,"13,32747526","52,56350052"
20471,141208,Berlin,8,2020,8,14,4,3,0,7,0,1,0,0,0,0,0,0,"13,44363955","52,47378444"
20472,141209,Berlin,1,2020,8,18,2,2,2,6,0,0,1,0,1,0,0,0,"13,41549009","52,52662494"
20473,141210,Berlin,3,2020,7,13,5,3,5,3,0,1,0,0,0,0,0,0,"13,41974387","52,57324299"
20474,141211,Berlin,5,2020,8,8,4,3,2,6,0,0,1,0,0,0,0,0,"13,24786471","52,5451678"