,id,city,district,year,month,hour,weekday,injury_level,collision,movement,light_conditions,bicycle,car,pedestrian,motorbike,truck,other_vehicle,road_conditions,longitude,latitude
20475,141212,Berlin,8,2020,7,13,5,3,4,6,0,1,1,0,0,0,1,0,"13,48740374","52,43443944"
20476,141213,Berlin,3,2020,8,15,3,3,3,6,0,1,0,0,1,0,0,0,"13,41924529","52,54605943"
20477,141214,Berlin,8,2020,7,14,2,3,6,4,0,0,1,1,0,0,0,0,"13,41224787","52,43914822"
20478,141215,Berlin,5,2020,8,17,1,3,0,1,0,1,0,0,0,0,0,1,"13,27048863","52,53653821"
20479,141216,Berlin,10,2020,8,13,7,3,5,3,0,1,1,0,0,0,0,0,"13,60935434","52,49297974"
20480,141217,Berlin,1,2020,8,14,5,3,3,6,0,1,1,0,0,0,0,0,"13,34441445","52,53831457"
20481,141218,Berlin,11,2020,7,12,5,3,6,4,0,0,1,1,0,0,0,0,"13,51718489","52,48781647"
20482,141219,Berlin,4,2020,8,8,2,3,5,2,0,1,1,0,0,0,0,0,"13,31943934","52,50163547"
20483,141220,Berlin,1,2020,8,18,2,2,5,3,0,0,1,0,1,0,0,0,"13,34278169","52,5045784"
20484,141221,Berlin,6,2020,7,11,5,3,5,2,0,1,1,0,0,0,0,0,"13,23003332","52,43088659"
20485,141222,Berlin,10,2020,8,12,4,3,5,3,0,0,1,0,0,0,0,0,"13,5522077","52,52040157"
20486,141223,Berlin,9,2020,7,11,5,3,2,6,0,0,1,0,0,0,0,0,"13,59316918","52,45183576"
20487,141224,Berlin,2,2020,8,12,2,3,2,2,0,0,1,0,0,0,0,0,"13,46628345","52,50044788"
20488,141225,Berlin,2,2020,8,18,2,3,2,6,0,0,1,0,0,0,0,0,"13,39562762","52,49742834"
20489,141226,Berlin,11,2020,7,10,5,3,5,3,0,1,0,0,1,0,0,0,"13,5205976","52,47421587"
20490,141227,Berlin,4,2020,8,16,4,3,5,2,0,1,1,0,0,0,0,0,"13,30489091","52,54784756"
20491,141228,Berlin,1,2020,7,10,2,2,3,1,0,1,1,0,0,0,0,1,"13,38824423","52,5204527"
20492,141229,Berlin,1,2020,7,9,5,3,5,3,0,1,1,0,0,0,0,0,"13,3881383","52,56567117"
20493,141230,Berlin,1,2020,8,19,4,3,5,2,0,1,1,0,0,0,0,0,"13,36583537","52,52543075"
20494,141231,Berlin,2,2020,7,16,2,3,5,3,0,1,1,0,0,0,0,0,"13,44335349","52,51195587"
20495,141232,Berlin,7,2020,7,9,5,3,3,2,0,0,1,0,0,1,0,0,"13,38566413","52,4455597"
20496,141233,Berlin,6,2020,8,10,3,3,5,3,0,1,1,0,0,0,0,0,"13,3124656","52,46476904"
20497,141234,Berlin,2,2020,7,16,2,3,5,3,0,1,1,0,0,0,0,0,"13,44335349","52,51195587"
20498,141235,Berlin,1,2020,8,10,7,3,1,5,0,1,0,0,0,0,1,0,"13,38823173","52,52052411"
20499,141236,Berlin,9,2020,8,13,5,3,2,6,0,0,1,0,0,0,0,0,"13,48484768","52,46374488"
20500,141237,Berlin,9,2020,8,19,2,3,3,6,1,1,0,0,0,0,0,0,"13,69986609","52,43612079"
20501,141238,Berlin,10,2020,7,9,5,3,5,2,0,1,1,0,0,0,0,0,"13,6106626","52,48222357"
20502,141239,Berlin,12,2020,8,10,4,3,5,3,0,0,1,0,1,0,0,0,"13,28107649","52,58547278"
20503,141240,Berlin,5,2020,7,9,5,2,4,6,0,0,1,0,0,0,1,0,"13,17983766","52,49980419"
20504,141241,Berlin,8,2020,8,12,3,3,1,5,0,1,1,0,0,0,0,0,"13,42445036","52,48471878"
20505,141242,Berlin,1,2020,7,6,2,3,6,4,0,0,1,1,0,0,0,0,"13,3616881","52,54790932"
20506,141243,Berlin,4,2020,8,15,7,3,5,2,0,1,1,0,0,0,0,0,"13,3005739","52,51655553"
20507,141244,Berlin,1,2020,8,17,5,2,4,6,0,1,0,0,0,0,0,0,"13,36349305","52,55661831"
20508,141245,Berlin,9,2020,7,9,5,3,4,6,0,1,0,0,0,0,0,0,"13,60299046","52,45094453"
20509,141246,Berlin,6,2020,8,19,4,3,5,2,0,1,1,0,0,0,0,0,"13,25602035","52,43583911"
20510,141247,Berlin,9,2020,7,18,2,2,5,3,0,0,1,0,0,0,0,1,"13,52697603","52,43778236"
20511,141248,Berlin,8,2020,8,12,1,3,5,3,0,1,1,0,0,0,0,1,"13,42536321","52,48076493"
20512,141249,Berlin,12,2020,8,17,5,3,0,2,0,1,1,0,0,0,0,0,"13,3388458","52,58937468"
20513,141250,Berlin,4,2020,7,8,5,3,0,2,0,1,1,0,0,0,0,0,"13,28128126","52,5127801"
20514,141251,Berlin,12,2020,8,7,3,3,1,5,0,1,1,0,0,0,0,0,"13,30061586","52,56968173"
20515,141252,Berlin,4,2020,7,14,2,3,5,2,0,1,1,0,0,0,0,0,"13,29665729","52,50146279"
20516,141253,Berlin,10,2020,8,14,7,3,8,1,0,0,1,0,0,0,0,0,"13,61460574","52,50238355"
20517,141254,Berlin,11,2020,8,11,5,2,5,3,0,0,1,0,0,0,0,0,"13,48601057","52,54958298"
20518,141255,Berlin,1,2020,8,18,2,3,1,5,0,1,1,0,0,0,0,0,"13,38070222","52,53246206"
20519,141256,Berlin,4,2020,7,7,5,3,2,6,0,0,1,0,0,1,0,0,"13,326508","52,50881381"
20520,141257,Berlin,3,2020,8,9,4,3,0,6,0,1,1,0,0,0,0,0,"13,40221965","52,55134723"
20521,141258,Berlin,1,2020,7,8,5,3,0,2,0,1,0,0,0,0,1,0,"13,32824052","52,53292495"
20522,141259,Berlin,1,2020,8,19,3,3,5,2,0,1,0,0,0,0,1,0,"13,3829675","52,51225636"
20523,141260,Berlin,9,2020,7,12,2,3,5,7,0,1,1,0,0,0,0,0,"13,56540227","52,47145205"
20524,141261,Berlin,8,2020,8,17,1,2,5,3,0,1,0,0,0,0,1,1,"13,47826602","52,44006097"
20525,141262,Berlin,6,2020,8,11,7,3,5,3,0,1,1,0,0,0,0,0,"13,26401298","52,42872567"
20526,141263,Berlin,1,2020,8,16,5,3,5,2,0,0,1,0,0,0,0,0,"13,36343355","52,52462426"
20527,141264,Berlin,1,2020,7,9,4,3,5,7,0,1,0,0,0,0,1,0,"13,38016069","52,51966918"
20528,141265,Berlin,6,2020,8,8,2,3,6,7,0,0,1,1,0,0,0,0,"13,25710999","52,42895397"
20529,141266,Berlin,2,2020,7,9,2,3,0,3,0,0,1,0,0,0,1,0,"13,44093735","52,52447585"
20530,141267,Berlin,9,2020,7,23,4,3,0,1,2,1,0,0,0,0,0,0,"13,57528962","52,44754221"
20531,141268,Berlin,5,2020,8,16,4,3,1,5,0,1,1,0,0,0,0,0,"13,2372186","52,54221874"
20532,141269,Berlin,9,2020,7,22,4,3,5,2,2,0,0,0,1,0,0,0,"13,48703541","52,46560932"
20533,141270,Berlin,9,2020,8,11,3,3,3,6,0,0,1,0,0,0,0,0,"13,51225175","52,47086352"
20534,141271,Berlin,7,2020,7,11,2,3,5,3,0,1,0,0,0,0,1,0,"13,38579584","52,4715601"
20535,141272,Berlin,4,2020,7,12,6,3,5,2,0,1,1,0,0,0,0,0,"13,31952983","52,49208954"
20536,141273,Berlin,1,2020,8,13,4,2,5,2,0,0,1,0,1,0,0,0,"13,3621901","52,50497642"
20537,141274,Berlin,2,2020,7,22,4,3,5,2,2,1,1,0,0,0,0,0,"13,41893055","52,49888492"
20538,141275,Berlin,12,2020,8,13,4,3,0,7,0,1,0,0,0,0,0,0,"13,36339865","52,58069579"
20539,141276,Berlin,3,2020,7,22,4,3,0,7,2,0,0,0,0,0,1,0,"13,45431386","52,54018004"
20540,141277,Berlin,8,2020,8,6,3,3,2,6,0,0,1,0,1,0,0,0,"13,43412071","52,44313122"
20541,141278,Berlin,1,2020,7,11,2,3,6,4,0,1,0,1,0,0,0,0,"13,3691772","52,52626849"
20542,141279,Berlin,1,2020,8,16,1,3,5,2,0,0,1,0,0,0,0,0,"13,38437893","52,56754733"
20543,141280,Berlin,10,2020,8,2,7,3,6,7,2,1,0,1,0,0,0,0,"13,5774974","52,56214912"
20544,141281,Berlin,9,2020,8,9,5,3,5,2,0,1,0,0,0,0,0,0,"13,52840896","52,42908882"
20545,141282,Berlin,9,2020,7,22,4,3,5,2,2,1,1,0,0,0,0,0,"13,48121092","52,46092445"
20546,141283,Berlin,5,2020,8,14,2,3,6,7,0,0,0,1,0,0,1,0,"13,1923636","52,52862471"
20547,141284,Berlin,11,2020,8,18,2,3,2,6,0,0,1,0,0,0,0,0,"13,49559271","52,53424139"
20548,141285,Berlin,1,2020,7,21,4,3,1,5,2,1,1,0,0,0,0,0,"13,33876896","52,55372419"
20549,141286,Berlin,9,2020,8,16,4,3,5,2,0,1,1,0,0,0,0,0,"13,51038781","52,46325948"
20550,141287,Berlin,2,2020,8,20,2,3,5,3,0,0,1,0,0,0,0,0,"13,39281655","52,49204349"
20551,141288,Berlin,1,2020,7,20,4,2,0,3,1,0,1,0,1,0,0,0,"13,37936714","52,54049962"
20552,141289,Berlin,6,2020,8,0,4,3,1,7,2,0,1,0,0,0,0,0,"13,32227528","52,45655033"
20553,141290,Berlin,8,2020,7,20,4,3,3,6,0,1,1,0,0,0,0,0,"13,43344987","52,49174795"
20554,141291,Berlin,12,2020,8,14,3,3,0,1,0,0,0,0,1,0,0,0,"13,33455266","52,58768046"
20555,141292,Berlin,10,2020,7,18,4,3,5,2,0,0,1,0,1,0,0,0,"13,60226503","52,53605588"
20556,141293,Berlin,1,2020,8,0,4,2,5,7,2,0,1,0,0,0,1,0,"13,34095995","52,55155903"
20557,141294,Berlin,6,2020,7,18,4,2,1,5,0,1,1,0,0,0,0,0,"13,18576044","52,42491284"
20558,141295,Berlin,3,2020,8,16,3,3,2,6,0,0,1,0,1,0,0,1,"13,41398456","52,55362907"
20559,141296,Berlin,11,2020,7,10,2,2,5,3,0,1,1,0,0,0,0,0,"13,46827154","52,53431295"
20560,141297,Berlin,12,2020,8,14,1,3,0,1,0,0,0,0,1,0,0,1,"13,31741172","52,58722933"
20561,141298,Berlin,3,2020,8,15,7,3,5,2,0,1,1,0,0,0,0,0,"13,43072101","52,58999616"
20562,141299,Berlin,6,2020,8,6,5,3,5,2,0,1,0,0,0,0,0,0,"13,32391467","52,45614171"
20563,141300,Berlin,4,2020,7,17,4,3,2,6,0,0,1,0,0,0,0,0,"13,31387782","52,49020675"
20564,141301,Berlin,7,2020,8,10,2,3,5,2,0,1,1,0,0,0,0,0,"13,3749511","52,4554523"
20565,141302,Berlin,1,2020,7,16,4,3,5,2,0,1,1,0,0,0,0,0,"13,38412594","52,51012284"
20566,141303,Berlin,12,2020,8,15,4,3,6,4,0,1,0,1,0,0,0,0,"13,35511806","52,59663997"
20567,141304,Berlin,6,2020,7,10,2,3,2,6,0,0,1,0,0,0,0,0,"13,35686427","52,42444288"
20568,141305,Berlin,6,2020,7,16,4,3,5,3,0,1,1,0,0,0,0,0,"13,27533061","52,46091819"
20569,141306,Berlin,5,2020,8,7,4,3,5,3,0,1,1,0,0,0,0,0,"13,23791118","52,54239929"
20570,141307,Berlin,1,2020,7,10,2,3,9,1,0,0,1,0,0,0,0,0,"13,37309849","52,54272313"
20571,141308,Berlin,1,2020,7,16,4,3,6,4,0,0,1,1,0,0,0,0,"13,39215001","52,554302"
20572,141309,Berlin,9,2020,8,9,3,3,2,6,0,0,1,0,0,0,1,0,"13,5610937","52,4361314"
20573,141310,Berlin,1,2020,7,10,2,3,5,3,0,1,1,0,0,0,0,0,"13,41966131","52,50608698"
20574,141311,Berlin,6,2020,8,7,7,3,5,2,0,1,1,0,0,0,0,0,"13,23720928","52,46928208"
20575,141312,Berlin,7,2020,8,12,5,2,5,3,0,0,1,0,1,0,0,0,"13,36894186","52,44546326"
20576,141313,Berlin,1,2020,8,20,2,3,0,1,0,1,0,0,0,0,0,0,"13,39201234","52,53199049"
20577,141314,Berlin,2,2020,7,10,2,3,2,7,0,1,1,0,0,0,0,0,"13,47198814","52,51685415"
20578,141315,Berlin,1,2020,8,0,7,3,1,7,2,0,1,0,0,0,1,0,"13,38754204","52,54366984"
20579,141316,Berlin,12,2020,8,14,5,3,6,2,0,0,1,1,0,0,0,0,"13,30099324","52,61622796"
20580,141317,Berlin,11,2020,7,16,4,3,5,7,0,1,1,0,0,0,0,0,"13,51192543","52,55466092"
20581,141318,Berlin,1,2020,8,8,2,3,0,3,0,0,1,0,0,0,1,0,"13,36843531","52,52252035"
20582,141319,Berlin,4,2020,7,16,4,3,3,6,0,1,0,0,1,0,0,0,"13,34037057","52,50420008"
20583,141320,Berlin,10,2020,8,12,4,3,5,2,0,1,1,0,0,0,0,0,"13,56302982","52,51424479"
20584,141321,Berlin,3,2020,7,15,4,3,2,6,0,1,1,0,0,0,0,0,"13,42730598","52,56054218"
20585,141322,Berlin,5,2020,8,19,4,2,5,3,0,1,1,0,0,0,0,0,"13,13000526","52,5485121"
20586,141323,Berlin,3,2020,7,9,2,3,0,3,0,1,0,0,0,0,1,0,"13,42018814","52,53282018"
20587,141324,Berlin,1,2020,8,6,1,3,9,1,1,0,1,0,0,0,0,0,"13,3708593","52,51862558"
20588,141325,Berlin,1,2020,8,17,5,3,5,3,0,1,1,0,0,0,0,0,"13,39046117","52,5076955"
20589,141326,Berlin,5,2020,7,15,4,3,2,6,0,0,0,1,0,0,1,0,"13,18038842","52,54866544"
20590,141327,Berlin,2,2020,8,13,3,3,2,6,0,0,1,0,1,0,0,0,"13,41449632","52,48820872"
20591,141328,Berlin,8,2020,7,8,2,3,1,5,0,0,1,0,0,0,1,0,"13,43935355","52,4175273"
20592,141329,Berlin,11,2020,8,9,7,3,0,1,0,0,0,0,1,0,0,0,"13,48118279","52,50286199"
20593,141330,Berlin,3,2020,8,11,5,3,3,6,0,1,0,0,0,0,1,0,"13,43476977","52,55672332"
20594,141331,Berlin,11,2020,7,15,4,3,6,2,0,0,1,1,0,0,0,0,"13,49952121","52,54776977"
20595,141332,Berlin,4,2020,8,9,4,3,5,2,0,1,1,0,0,0,0,0,"13,32595264","52,51863837"
20596,141333,Berlin,6,2020,7,15,4,3,5,3,0,1,1,0,0,0,0,0,"13,30737768","52,41984188"
20597,141334,Berlin,12,2020,8,17,3,3,5,2,0,1,1,0,0,0,0,0,"13,28935983","52,59027512"
20598,141335,Berlin,6,2020,7,8,2,3,9,1,0,0,1,0,0,0,0,0,"13,35233534","52,42954061"
20599,141336,Berlin,8,2020,7,15,4,3,5,2,0,1,1,0,0,0,0,0,"13,44279381","52,46508063"
20600,141337,Berlin,8,2020,8,10,4,3,2,6,0,0,1,0,0,0,0,0,"13,43315784","52,46430276"
20601,141338,Berlin,4,2020,7,15,4,3,5,2,0,1,1,0,0,0,0,0,"13,28253941","52,53389196"
20602,141339,Berlin,1,2020,8,14,3,3,5,2,0,0,1,0,1,0,0,0,"13,40582539","52,51399197"
20603,141340,Berlin,2,2020,7,8,2,3,5,2,0,1,1,0,0,0,0,0,"13,42121638","52,50075855"
20604,141341,Berlin,1,2020,8,3,7,3,0,1,2,1,0,0,0,0,0,0,"13,34333799","52,52864594"
20605,141342,Berlin,2,2020,8,16,5,3,5,2,0,1,1,0,0,0,0,0,"13,39466193","52,5021555"
20606,141343,Berlin,11,2020,7,14,4,3,2,6,0,0,1,0,0,0,0,0,"13,47986297","52,52698203"
20607,141344,Berlin,3,2020,8,12,3,3,0,7,0,1,0,0,0,0,0,0,"13,5180153","52,64246154"
20608,141345,Berlin,1,2020,7,8,2,3,5,2,0,1,1,0,0,0,0,0,"13,34675101","52,52489932"
20609,141346,Berlin,2,2020,7,13,4,3,5,2,0,1,0,0,0,1,0,0,"13,42633159","52,49932782"
20610,141347,Berlin,2,2020,8,18,4,3,6,7,0,1,0,1,0,0,0,0,"13,37561695","52,48774974"
20611,141348,Berlin,4,2020,8,19,2,2,5,2,0,0,1,0,0,0,0,0,"13,32610463","52,53837732"
20612,141349,Berlin,3,2020,7,11,4,3,5,7,0,0,1,0,0,0,0,0,"13,51044239","52,63417734"
20613,141350,Berlin,12,2020,8,21,4,2,0,1,1,0,0,0,1,0,0,0,"13,31922762","52,60684444"
20614,141351,Berlin,1,2020,7,11,4,3,5,3,0,1,1,0,0,0,0,0,"13,40462504","52,50896097"
20615,141352,Berlin,9,2020,8,4,3,2,2,6,1,0,1,0,0,0,0,0,"13,49609925","52,46625905"
20616,141353,Berlin,8,2020,7,7,2,3,5,3,0,1,1,0,0,0,0,0,"13,48999486","52,42123711"
20617,141354,Berlin,2,2020,8,17,1,3,2,7,0,1,1,0,0,0,0,1,"13,41421975","52,50267001"
20618,141355,Berlin,12,2020,8,18,7,2,5,3,0,0,1,0,1,0,0,0,"13,37755653","52,5704708"
20619,141356,Berlin,7,2020,8,9,5,2,5,2,0,1,1,0,0,0,0,0,"13,34883089","52,45916432"
20620,141357,Berlin,7,2020,7,11,4,2,1,5,0,1,0,0,0,0,1,0,"13,36142864","52,4826053"
20621,141358,Berlin,7,2020,8,12,2,3,5,2,0,0,1,0,0,0,0,0,"13,37069349","52,42243122"
20622,141359,Berlin,12,2020,7,10,4,3,2,6,0,0,1,0,0,0,0,0,"13,30694042","52,55497871"
20623,141360,Berlin,1,2020,8,16,4,3,2,6,0,0,1,0,0,0,0,0,"13,3358927","52,55428931"
20624,141361,Berlin,2,2020,8,13,1,3,5,2,0,1,1,0,0,0,0,1,"13,41813805","52,49938734"
20625,141362,Berlin,1,2020,8,18,5,3,5,3,0,0,1,0,0,0,0,0,"13,37382585","52,50509571"
20626,141363,Berlin,9,2020,8,19,7,3,1,5,0,1,1,0,0,0,0,0,"13,45593209","52,4956086"
20627,141364,Berlin,2,2020,8,6,5,3,5,2,0,0,1,0,0,0,1,0,"13,44379133","52,52530586"
20628,141365,Berlin,1,2020,7,10,4,2,5,2,0,1,1,0,0,0,0,0,"13,32841729","52,5330648"
20629,141366,Berlin,4,2020,8,21,2,3,1,5,2,0,1,0,0,0,0,0,"13,31449978","52,52259"
20630,141367,Berlin,6,2020,7,10,4,3,5,2,0,0,1,0,0,0,1,0,"13,34361372","52,43913826"
20631,141368,Berlin,9,2020,8,17,4,3,0,1,0,1,0,0,0,0,0,0,"13,57674304","52,44436408"
20632,141369,Berlin,11,2020,7,9,4,2,5,3,0,1,1,0,0,0,0,0,"13,4993172","52,56130504"
20633,141370,Berlin,5,2020,8,8,4,3,5,2,0,1,0,0,0,0,1,0,"13,27327953","52,53692931"
20634,141371,Berlin,1,2020,7,10,4,2,0,3,0,0,0,0,1,0,1,0,"13,33799993","52,53472458"
20635,141372,Berlin,10,2020,8,15,3,2,5,3,0,1,1,0,0,0,0,0,"13,5858029","52,50067671"
20636,141373,Berlin,4,2020,7,20,2,2,0,5,0,0,1,0,1,0,0,1,"13,31681554","52,5013961"
20637,141374,Berlin,3,2020,8,13,1,3,0,1,0,0,1,0,0,0,0,1,"13,41723159","52,55000003"
20638,141375,Berlin,6,2020,8,13,7,3,0,2,0,1,1,0,0,0,0,0,"13,33345651","52,42993561"
20639,141376,Berlin,5,2020,8,16,5,3,0,1,0,0,0,0,1,0,0,0,"13,17756604","52,51695851"
20640,141377,Berlin,6,2020,7,9,4,1,5,3,0,1,1,0,0,0,0,0,"13,30957616","52,43124754"
20641,141378,Berlin,5,2020,8,8,2,3,2,6,0,0,1,0,0,0,0,0,"13,26456756","52,53668773"
20642,141379,Berlin,9,2020,7,8,4,3,5,3,0,1,0,0,0,0,1,0,"13,5563684","52,39978832"
20643,141380,Berlin,1,2020,8,12,4,3,2,6,0,0,1,0,1,0,0,0,"13,3961574","52,53806986"
20644,141381,Berlin,6,2020,7,7,4,3,6,7,0,1,0,1,0,0,0,0,"13,30301413","52,44443502"
20645,141382,Berlin,8,2020,8,19,4,3,6,4,0,0,0,1,1,0,0,0,"13,45284894","52,47036028"
20646,141383,Berlin,3,2020,7,18,2,2,0,7,0,0,0,0,0,0,1,0,"13,42627759","52,60772837"
20647,141384,Berlin,4,2020,7,19,2,3,0,1,0,0,0,0,1,0,0,1,"13,31423072","52,50780265"
20648,141385,Berlin,11,2020,7,6,4,2,0,7,0,0,1,0,0,0,0,0,"13,5205648","52,58028584"
20649,141386,Berlin,5,2020,8,20,4,3,0,7,1,0,0,0,1,0,0,1,"13,17682619","52,58480681"
20650,141387,Berlin,8,2020,7,18,2,3,1,5,0,1,1,0,0,0,0,1,"13,42496368","52,48117017"
20651,141388,Berlin,8,2020,7,6,4,3,5,3,0,1,0,0,0,0,0,0,"13,43548166","52,48073797"
20652,141389,Berlin,8,2020,8,10,3,3,1,5,0,0,1,0,0,0,0,0,"13,46675563","52,43365508"
20653,141390,Berlin,8,2020,7,18,2,3,4,2,0,1,1,0,0,0,0,1,"13,42074484","52,46867068"
20654,141391,Berlin,8,2020,8,11,7,3,5,3,0,1,1,0,0,0,0,0,"13,42541127","52,44199303"
20655,141392,Berlin,7,2020,8,14,5,3,5,3,0,1,1,0,0,0,0,0,"13,35423753","52,49919081"
20656,141393,Berlin,1,2020,7,1,4,3,5,3,2,1,0,0,0,0,1,0,"13,39850052","52,53896403"
20657,141394,Berlin,12,2020,8,18,2,2,6,4,0,0,1,1,0,0,0,0,"13,31521321","52,57678034"
20658,141395,Berlin,1,2020,7,15,4,3,2,6,0,0,1,0,0,0,0,0,"13,36348551","52,55661443"
20659,141396,Berlin,4,2020,8,14,4,3,2,6,0,0,1,0,1,0,0,0,"13,26911063","52,51147822"
20660,141397,Berlin,4,2020,7,7,3,3,0,2,0,1,0,0,0,1,0,0,"13,28041053","52,51833309"
20661,141398,Berlin,6,2020,8,13,4,3,3,6,0,0,1,0,1,0,0,0,"13,29743631","52,44229127"
20662,141399,Berlin,4,2020,7,18,2,3,5,2,0,1,1,0,0,0,0,1,"13,31425783","52,490271"
20663,141400,Berlin,2,2020,8,15,7,3,5,3,0,1,0,0,1,0,0,0,"13,43200363","52,49932633"
20664,141401,Berlin,5,2020,8,19,5,3,5,2,0,1,1,0,0,0,0,0,"13,21075915","52,54770925"
20665,141402,Berlin,9,2020,7,16,3,3,3,6,0,1,0,0,0,0,0,0,"13,58925142","52,4513402"
20666,141403,Berlin,7,2020,8,12,3,3,0,5,0,0,1,0,1,0,0,0,"13,39361399","52,45753791"
20667,141404,Berlin,2,2020,7,17,2,2,5,2,0,1,1,0,0,0,0,0,"13,42304286","52,50024567"
20668,141405,Berlin,3,2020,7,9,6,3,5,3,0,1,1,0,0,0,0,0,"13,44637327","52,54495199"
20669,141406,Berlin,11,2020,8,16,4,2,0,6,0,0,1,0,1,0,0,0,"13,51764901","52,56788484"
20670,141407,Berlin,1,2020,8,12,1,3,2,6,0,0,1,0,0,0,0,1,"13,39693967","52,55472266"
20671,141408,Berlin,5,2020,8,17,5,3,5,2,0,0,1,0,0,0,1,0,"13,20675224","52,54372431"
20672,141409,Berlin,1,2020,7,11,3,3,5,2,0,1,0,0,0,0,1,0,"13,37741456","52,50965939"
20673,141410,Berlin,1,2020,8,8,3,3,3,6,0,1,1,0,0,0,0,0,"13,39962406","52,50914109"
20674,141411,Berlin,10,2020,7,17,2,3,6,4,0,0,1,1,0,0,0,0,"13,59017255","52,54723136"
20675,141412,Berlin,2,2020,8,9,7,3,5,3,0,0,1,0,0,0,0,0,"13,44799252","52,51941144"
20676,141413,Berlin,4,2020,8,11,5,3,2,6,0,0,1,0,0,0,0,0,"13,31576887","52,50095584"
20677,141414,Berlin,6,2020,7,16,3,3,0,2,0,0,1,0,1,0,0,0,"13,3213412","52,44410235"
20678,141415,Berlin,2,2020,8,9,4,3,5,3,0,1,1,0,0,0,0,0,"13,41781091","52,49885528"
20679,141416,Berlin,8,2020,7,15,3,2,0,6,0,0,1,0,1,0,0,0,"13,42527429","52,48011463"
20680,141417,Berlin,3,2020,8,19,3,3,3,6,0,1,0,0,0,0,0,0,"13,4113052","52,54109899"
20681,141418,Berlin,5,2020,7,16,2,3,6,4,0,0,1,1,0,0,0,0,"13,17908921","52,52489083"
20682,141419,Berlin,1,2020,8,2,7,2,0,1,2,0,0,0,0,0,1,0,"13,38683358","52,53141355"
20683,141420,Berlin,12,2020,8,16,5,3,5,3,0,0,1,0,1,0,0,0,"13,22641705","52,58345712"
20684,141421,Berlin,7,2020,7,15,3,2,2,6,0,0,1,0,1,0,0,0,"13,38078116","52,45601407"
20685,141422,Berlin,8,2020,8,18,2,3,0,1,0,0,0,0,1,0,0,0,"13,43143066","52,49238408"
20686,141423,Berlin,4,2020,7,15,2,3,5,2,0,0,1,0,0,0,0,0,"13,29675387","52,54801276"
20687,141424,Berlin,8,2020,7,15,3,3,6,4,0,0,1,1,0,0,0,0,"13,45322728","52,47244243"
20688,141425,Berlin,10,2020,8,23,4,3,5,3,2,1,1,0,0,0,0,0,"13,60215665","52,53608326"
20689,141426,Berlin,2,2020,7,14,3,3,5,3,0,1,1,0,0,0,0,0,"13,39549507","52,49901403"
20690,141427,Berlin,9,2020,8,8,4,2,2,7,0,0,1,0,1,0,0,0,"13,49179419","52,46950419"
20691,141428,Berlin,1,2020,7,13,3,2,0,1,0,0,0,0,1,0,0,0,"13,38194039","52,5521588"
20692,141429,Berlin,3,2020,8,22,4,3,0,7,2,1,0,1,0,0,0,0,"13,46233806","52,53155439"
20693,141430,Berlin,11,2020,7,13,3,2,5,3,0,0,1,0,0,0,0,0,"13,49271178","52,50307232"
20694,141431,Berlin,3,2020,8,6,3,3,2,6,0,0,1,0,0,0,0,0,"13,40426007","52,55447511"
20695,141432,Berlin,3,2020,7,15,2,2,2,6,0,1,1,0,0,1,0,0,"13,36433358","52,58212107"
20696,141433,Berlin,10,2020,8,13,1,2,2,2,0,0,1,0,0,0,0,1,"13,62620389","52,52945797"
20697,141434,Berlin,1,2020,8,19,7,3,5,3,0,1,1,0,0,0,0,0,"13,35923562","52,54652749"
20698,141435,Berlin,4,2020,8,9,5,3,5,2,0,0,1,0,0,0,0,0,"13,30715733","52,50008665"
20699,141436,Berlin,8,2020,7,13,3,3,5,2,0,1,1,0,0,0,0,0,"13,43151392","52,44341395"
20700,141437,Berlin,2,2020,8,14,2,3,6,4,0,0,0,1,1,0,0,0,"13,42542509","52,49958022"
20701,141438,Berlin,3,2020,8,19,2,2,9,1,0,0,0,0,1,0,0,0,"13,39841724","52,59053503"
20702,141439,Berlin,3,2020,7,11,3,3,0,1,0,1,0,0,0,0,0,0,"13,45782455","52,52904196"
20703,141440,Berlin,2,2020,8,17,4,2,3,6,0,1,1,0,0,0,0,0,"13,4359942","52,4920241"
20704,141441,Berlin,4,2020,8,18,2,3,5,3,0,0,1,0,1,0,0,0,"13,34052305","52,50434157"
20705,141442,Berlin,4,2020,7,12,3,3,3,6,0,1,1,0,0,0,0,0,"13,27901462","52,49078629"
20706,141443,Berlin,7,2020,8,8,4,2,5,3,0,1,0,0,0,0,0,0,"13,34220086","52,48249462"
20707,141444,Berlin,9,2020,7,12,3,3,0,7,0,1,0,0,0,0,0,0,"13,58107849","52,44295694"
20708,141445,Berlin,6,2020,8,14,3,3,5,3,0,1,1,0,0,0,0,0,"13,31219709","52,41983928"
20709,141446,Berlin,3,2020,7,14,2,3,5,3,0,0,1,0,0,0,0,0,"13,48146379","52,61788285"
20710,141447,Berlin,2,2020,8,12,7,3,5,2,0,1,1,0,0,0,0,0,"13,41046207","52,50345395"