,id,city,district,year,month,hour,weekday,injury_level,collision,movement,light_conditions,bicycle,car,pedestrian,motorbike,truck,other_vehicle,road_conditions,longitude,latitude
21419,142156,Berlin,2,2020,8,10,3,3,5,2,0,0,1,0,1,0,0,1,"13,46661944","52,50125379"
21420,142157,Berlin,12,2020,8,12,3,2,6,7,0,1,0,1,0,0,0,0,"13,32167275","52,61393753"
21421,142158,Berlin,3,2020,8,8,3,3,1,5,0,1,1,0,0,0,0,0,"13,40864059","52,53753384"
21422,142159,Berlin,10,2020,8,0,5,2,0,6,2,0,1,0,0,0,1,0,"13,55889738","52,54784893"
21423,142160,Berlin,5,2020,8,8,4,3,5,3,0,0,1,0,0,0,0,0,"13,13962647","52,52497301"
21424,142161,Berlin,3,2020,8,14,2,3,5,2,0,0,1,0,0,0,0,0,"13,42765399","52,56793981"
21425,142162,Berlin,11,2020,8,18,4,3,1,5,0,1,1,0,0,0,0,0,"13,51993231","52,4947905"
21426,142163,Berlin,6,2020,8,8,2,3,6,7,0,1,0,1,0,0,0,0,"13,16177377","52,42051201"
21427,142164,Berlin,4,2020,8,13,3,3,2,6,0,0,1,0,0,1,0,0,"13,27361275","52,50873746"
21428,142165,Berlin,4,2020,8,13,1,3,6,4,0,0,1,1,0,0,0,0,"13,33298049","52,48037253"
21429,142166,Berlin,7,2020,8,13,6,2,5,3,0,1,1,0,0,0,0,0,"13,37832426","52,45180465"
21430,142167,Berlin,4,2020,8,8,4,3,2,6,0,0,1,0,0,0,0,0,"13,33099659","52,49362177"
21431,142168,Berlin,2,2020,8,13,7,3,1,5,0,1,1,0,0,0,0,1,"13,46699257","52,50931313"
21432,142169,Berlin,1,2020,8,19,5,2,5,2,0,1,0,0,0,0,1,0,"13,39114127","52,53621262"
21433,142170,Berlin,4,2020,8,13,3,3,1,5,0,1,1,0,0,0,0,0,"13,2960337","52,49660355"
21434,142171,Berlin,5,2020,8,16,2,3,5,2,0,0,0,0,1,0,0,1,"13,20978022","52,54789754"
21435,142172,Berlin,5,2020,8,19,6,3,0,3,0,1,1,0,0,0,0,0,"13,19776768","52,53503961"
21436,142173,Berlin,1,2020,8,9,4,3,5,2,0,1,1,0,0,0,0,0,"13,36574874","52,55713445"
21437,142174,Berlin,8,2020,8,16,7,3,0,1,0,1,0,0,0,0,0,0,"13,42417766","52,48663284"
21438,142175,Berlin,8,2020,8,13,5,3,1,5,0,0,1,0,0,0,1,0,"13,44211595","52,4806275"
21439,142176,Berlin,2,2020,8,18,4,3,5,2,0,1,1,0,0,0,0,1,"13,43288093","52,51781931"
21440,142177,Berlin,4,2020,8,17,3,3,2,6,0,0,1,0,1,0,0,0,"13,33084882","52,50363642"
21441,142178,Berlin,5,2020,8,12,5,2,3,6,0,0,1,0,0,1,1,0,"13,23010941","52,52811425"
21442,142179,Berlin,9,2020,8,16,4,3,2,6,0,0,1,0,0,0,1,1,"13,50088759","52,43541092"
21443,142180,Berlin,2,2020,8,13,2,2,5,7,0,1,1,0,0,0,0,0,"13,44210073","52,51258436"
21444,142181,Berlin,8,2020,8,16,4,3,5,3,0,1,0,0,1,0,0,0,"13,46811746","52,42783876"
21445,142182,Berlin,1,2020,8,11,2,3,5,2,0,1,0,0,0,0,1,0,"13,35858485","52,5541585"
21446,142183,Berlin,8,2020,8,12,3,2,1,5,0,1,1,0,0,0,0,1,"13,43642456","52,42498408"
21447,142184,Berlin,12,2020,8,16,1,3,6,4,0,0,1,1,0,0,0,0,"13,32885682","52,56506368"
21448,142185,Berlin,3,2020,8,14,6,3,5,2,0,1,1,0,0,0,0,0,"13,45705995","52,56092579"
21449,142186,Berlin,11,2020,8,13,4,3,5,2,0,1,1,0,0,0,0,1,"13,48596299","52,52076851"
21450,142187,Berlin,12,2020,8,13,3,3,5,2,0,1,1,0,0,0,0,0,"13,31043666","52,56795586"
21451,142188,Berlin,4,2020,8,1,7,3,0,1,2,0,0,0,0,0,1,0,"13,29157297","52,51081086"
21452,142189,Berlin,7,2020,8,17,5,3,2,6,0,1,1,0,0,0,0,0,"13,35878102","52,49045442"
21453,142190,Berlin,9,2020,8,11,4,3,5,3,0,0,1,0,0,0,0,1,"13,527163","52,43778323"
21454,142191,Berlin,3,2020,8,7,3,3,5,3,0,1,1,0,0,0,0,0,"13,40764665","52,57390702"
21455,142192,Berlin,2,2020,8,8,5,3,5,3,0,1,0,0,0,0,1,0,"13,37417835","52,50060623"
21456,142193,Berlin,2,2020,8,8,2,3,3,6,0,0,0,0,0,0,1,0,"13,42334283","52,48852043"
21457,142194,Berlin,8,2020,8,22,2,3,5,3,2,0,1,0,1,0,0,0,"13,43772155","52,42177256"
21458,142195,Berlin,2,2020,8,17,4,3,5,2,0,1,1,0,0,0,0,1,"13,44671639","52,50261777"
21459,142196,Berlin,10,2020,8,17,3,3,5,3,0,0,1,0,0,0,0,0,"13,59760277","52,48337143"
21460,142197,Berlin,7,2020,8,7,2,3,2,2,0,0,1,0,0,0,0,0,"13,4160474","52,40755557"
21461,142198,Berlin,4,2020,8,10,5,3,5,2,0,0,1,0,0,0,0,0,"13,31400143","52,50701279"
21462,142199,Berlin,11,2020,8,7,2,3,2,2,0,0,1,0,0,0,0,0,"13,47355395","52,53619197"
21463,142200,Berlin,1,2020,8,14,4,3,1,5,0,0,1,0,1,0,0,1,"13,37222149","52,54208488"
21464,142201,Berlin,8,2020,8,12,2,3,6,4,0,0,1,1,0,0,0,0,"13,43212443","52,46610015"
21465,142202,Berlin,5,2020,8,15,4,3,0,7,0,0,0,0,0,1,0,0,"13,20482514","52,5300486"
21466,142203,Berlin,3,2020,8,5,2,3,2,6,1,0,1,0,0,1,0,0,"13,46806067","52,55390374"
21467,142204,Berlin,12,2020,8,6,1,3,1,1,0,0,1,0,0,0,0,0,"13,32156977","52,60549585"
21468,142205,Berlin,1,2020,8,8,6,3,5,5,0,0,1,0,1,0,0,0,"13,42688879","52,50791854"
21469,142206,Berlin,6,2020,8,7,4,3,1,5,0,1,1,0,0,0,0,0,"13,18417958","52,42399637"
21470,142207,Berlin,7,2020,8,21,3,2,6,4,1,0,1,1,0,0,0,1,"13,36215326","52,49767295"
21471,142208,Berlin,1,2020,8,15,3,3,5,3,0,0,1,0,0,0,1,0,"13,36045047","52,54848581"
21472,142209,Berlin,9,2020,8,19,7,3,0,1,0,1,1,0,0,0,0,1,"13,45826517","52,48577828"
21473,142210,Berlin,6,2020,8,20,5,2,5,2,0,1,1,0,0,0,0,0,"13,30968227","52,43145548"
21474,142211,Berlin,12,2020,8,12,4,3,5,3,0,0,1,0,0,0,1,1,"13,3671532","52,59726164"
21475,142212,Berlin,4,2020,8,7,3,3,6,4,0,0,1,1,0,0,0,0,"13,29621246","52,48372553"
21476,142213,Berlin,6,2020,8,13,5,3,1,5,0,0,1,0,0,1,0,0,"13,28174725","52,43203588"
21477,142214,Berlin,7,2020,8,0,2,3,5,3,2,0,1,0,0,0,0,0,"13,35427124","52,48343034"
21478,142215,Berlin,7,2020,8,19,2,3,0,1,0,1,1,0,0,0,0,0,"13,35594308","52,49895543"
21479,142216,Berlin,2,2020,8,12,4,3,0,1,0,1,0,0,0,0,0,0,"13,45108694","52,50854173"
21480,142217,Berlin,11,2020,8,13,2,3,3,6,0,0,1,0,1,0,0,0,"13,46907938","52,53117868"
21481,142218,Berlin,7,2020,8,10,7,2,3,6,0,0,0,0,0,0,1,1,"13,39291733","52,43995713"
21482,142219,Berlin,1,2020,8,11,6,3,5,3,0,1,1,0,0,0,0,0,"13,37212526","52,5486445"
21483,142220,Berlin,2,2020,8,13,3,3,6,4,0,1,0,1,0,0,0,0,"13,38961788","52,48970639"
21484,142221,Berlin,5,2020,8,15,4,3,2,6,0,0,1,0,1,0,0,0,"13,24895574","52,55160286"
21485,142222,Berlin,10,2020,8,12,2,3,5,3,0,0,1,0,1,0,0,0,"13,53233976","52,52335462"
21486,142223,Berlin,2,2020,8,15,1,3,6,7,0,1,0,1,0,0,0,0,"13,42808473","52,49935408"
21487,142224,Berlin,1,2020,8,6,6,3,2,3,0,1,0,0,0,0,0,0,"13,3508775","52,53933632"
21488,142225,Berlin,1,2020,8,12,3,3,0,1,0,1,0,0,0,0,0,0,"13,40296935","52,5243961"
21489,142226,Berlin,12,2020,8,20,3,3,1,5,1,0,1,0,0,0,0,1,"13,27530511","52,57106564"
21490,142227,Berlin,7,2020,8,13,3,3,2,6,0,0,1,0,0,0,0,0,"13,39100217","52,41233812"
21491,142228,Berlin,12,2020,8,20,6,3,1,5,2,0,1,0,0,0,0,0,"13,35115926","52,60389449"
21492,142229,Berlin,12,2020,8,16,5,3,6,7,0,0,1,1,0,0,0,0,"13,31723295","52,57709915"
21493,142230,Berlin,1,2020,8,10,4,3,2,6,0,0,1,0,0,0,0,1,"13,42365774","52,51354862"
21494,142231,Berlin,1,2020,8,9,2,3,1,5,0,1,1,0,0,0,0,0,"13,37509242","52,50720549"
21495,142232,Berlin,6,2020,8,20,4,2,5,3,0,1,1,0,0,0,0,0,"13,32235445","52,45653689"
21496,142233,Berlin,4,2020,8,12,2,3,0,4,0,0,1,1,0,0,0,0,"13,32173719","52,4864176"
21497,142234,Berlin,9,2020,8,18,2,3,2,6,0,0,1,0,0,0,0,0,"13,50261897","52,48101146"
21498,142235,Berlin,5,2020,8,9,4,3,5,2,0,0,1,0,0,0,0,0,"13,20076048","52,53858902"
21499,142236,Berlin,11,2020,8,11,2,3,5,2,0,1,1,0,0,0,0,0,"13,50957556","52,49626329"
21500,142237,Berlin,11,2020,8,18,7,3,5,2,0,1,1,0,0,0,0,1,"13,485003","52,53345262"
21501,142238,Berlin,9,2020,8,10,6,3,2,6,0,0,1,0,0,0,0,0,"13,55837245","52,43471049"
21502,142239,Berlin,1,2020,8,18,3,3,3,6,0,1,0,0,1,0,0,0,"13,39865427","52,52340048"
21503,142240,Berlin,12,2020,8,8,5,3,5,3,0,1,1,0,0,0,0,0,"13,29507547","52,63721092"
21504,142241,Berlin,12,2020,8,7,4,3,5,3,0,1,1,0,0,0,0,1,"13,33391303","52,58249284"
21505,142242,Berlin,2,2020,8,17,2,3,5,2,0,1,1,0,0,0,0,1,"13,43871027","52,51252077"
21506,142243,Berlin,12,2020,8,20,3,3,0,1,1,1,0,0,0,0,0,1,"13,30120889","52,59953431"
21507,142244,Berlin,3,2020,8,15,5,3,5,2,0,1,1,0,0,0,0,0,"13,41049809","52,55098375"
21508,142245,Berlin,4,2020,8,9,4,3,5,2,0,1,1,0,0,0,0,1,"13,33132848","52,48610628"
21509,142246,Berlin,4,2020,8,15,2,3,6,7,0,0,1,1,0,0,0,0,"13,33209478","52,50622573"
21510,142247,Berlin,2,2020,8,18,4,3,3,6,0,0,1,0,1,0,0,0,"13,39569188","52,49835896"
21511,142248,Berlin,1,2020,8,11,2,2,5,2,0,1,1,0,0,0,0,0,"13,39157842","52,55542962"
21512,142249,Berlin,1,2020,8,12,3,2,5,2,0,1,0,0,0,1,0,0,"13,41597105","52,52709278"
21513,142250,Berlin,11,2020,8,9,2,3,0,7,0,0,0,0,1,0,0,0,"13,48447033","52,50224446"
21514,142251,Berlin,4,2020,8,19,6,2,5,5,0,1,1,0,0,0,0,0,"13,32430198","52,49745586"
21515,142252,Berlin,4,2020,8,10,4,3,2,6,0,0,1,0,0,0,1,0,"13,25987813","52,51672033"
21516,142253,Berlin,4,2020,8,8,3,3,2,6,0,0,1,0,0,0,0,1,"13,28830415","52,50656357"
21517,142254,Berlin,11,2020,8,14,7,3,1,5,0,0,1,0,0,0,1,0,"13,49691184","52,53190717"
21518,142255,Berlin,11,2020,8,15,5,2,5,3,0,1,1,0,0,0,0,0,"13,48118542","52,53867079"
21519,142256,Berlin,7,2020,8,18,4,3,0,6,0,0,1,0,1,0,0,1,"13,36698386","52,48168752"
21520,142257,Berlin,11,2020,8,17,3,3,5,3,0,1,1,0,0,0,0,0,"13,47539078","52,50139701"
21521,142258,Berlin,7,2020,8,7,3,3,5,2,0,1,1,0,0,0,0,1,"13,32846681","52,47022147"
21522,142259,Berlin,8,2020,8,11,5,3,1,5,0,1,1,0,0,0,0,0,"13,43542578","52,41680945"
21523,142260,Berlin,2,2020,8,15,4,3,5,3,0,1,0,0,0,0,0,1,"13,43122064","52,49917921"
21524,142261,Berlin,8,2020,8,13,2,3,5,3,0,0,1,0,1,0,0,0,"13,4373793","52,44845225"
21525,142262,Berlin,3,2020,8,16,4,3,5,2,0,0,1,0,1,0,0,0,"13,43174854","52,60359642"
21526,142263,Berlin,3,2020,8,11,2,3,2,2,0,0,1,0,0,0,0,0,"13,47963336","52,64366758"
21527,142264,Berlin,4,2020,8,11,1,3,2,6,0,0,1,0,0,0,0,0,"13,31823758","52,51857283"
21528,142265,Berlin,2,2020,8,12,6,3,9,7,0,0,0,0,1,0,0,0,"13,41849103","52,49392851"
21529,142266,Berlin,4,2020,8,13,4,3,6,4,0,1,0,1,0,0,0,1,"13,33483916","52,49898838"
21530,142267,Berlin,1,2020,8,22,3,3,0,1,2,0,0,0,1,0,0,1,"13,34902078","52,51474176"
21531,142268,Berlin,2,2020,8,16,3,3,5,3,0,1,1,0,0,0,0,0,"13,41029179","52,50378507"
21532,142269,Berlin,1,2020,9,1,1,3,2,6,2,1,0,0,0,0,0,0,"13,38089214","52,51626133"
21533,142270,Berlin,12,2020,9,18,4,3,0,1,0,0,0,0,1,0,0,1,"13,35213898","52,57374978"
21534,142271,Berlin,8,2020,9,7,3,3,3,6,0,0,1,0,0,0,1,0,"13,41696989","52,41834913"
21535,142272,Berlin,6,2020,9,17,3,3,5,3,0,0,1,0,1,0,0,0,"13,25836833","52,43570609"
21536,142273,Berlin,5,2020,8,16,2,3,0,1,0,0,0,0,1,0,0,1,"13,23618824","52,55017909"
21537,142274,Berlin,3,2020,8,16,2,3,2,2,0,0,1,0,1,0,0,1,"13,42585046","52,59487574"
21538,142275,Berlin,9,2020,9,13,7,3,5,3,0,0,1,0,0,0,0,0,"13,56215762","52,44525074"
21539,142276,Berlin,3,2020,8,15,2,3,6,4,0,0,1,1,0,0,0,0,"13,424806","52,54706498"
21540,142277,Berlin,8,2020,9,15,6,3,2,6,0,0,1,0,0,0,0,0,"13,45627774","52,47375308"
21541,142278,Berlin,8,2020,8,8,2,3,6,4,0,0,1,1,0,0,0,0,"13,43718514","52,43952952"
21542,142279,Berlin,10,2020,9,5,3,3,0,1,2,1,0,0,0,0,0,1,"13,51975676","52,52572644"
21543,142280,Berlin,7,2020,9,17,1,3,0,3,0,0,1,0,1,0,0,0,"13,36222238","52,49792584"
21544,142281,Berlin,5,2020,9,15,5,3,5,2,0,0,1,0,0,0,0,0,"13,13315912","52,52634542"
21545,142282,Berlin,2,2020,9,5,3,3,4,6,2,0,1,0,0,1,0,0,"13,44563415","52,50174288"
21546,142283,Berlin,9,2020,8,8,2,3,5,3,0,0,1,0,0,0,0,1,"13,52392207","52,42923838"
21547,142284,Berlin,7,2020,9,20,7,3,5,2,2,0,1,0,0,0,0,0,"13,40677256","52,3937682"
21548,142285,Berlin,11,2020,9,22,4,3,5,3,2,1,1,0,0,0,0,1,"13,46679749","52,52850547"
21549,142286,Berlin,1,2020,9,13,3,3,3,6,0,0,1,0,0,0,0,0,"13,32836025","52,53415141"
21550,142287,Berlin,2,2020,8,7,2,3,5,2,0,0,1,0,1,0,0,0,"13,39534008","52,49682549"
21551,142288,Berlin,12,2020,8,7,2,3,0,2,0,0,1,0,1,0,0,1,"13,29796285","52,57990644"
21552,142289,Berlin,11,2020,9,13,6,3,2,6,0,0,1,0,0,0,0,0,"13,47575782","52,53285621"
21553,142290,Berlin,2,2020,8,7,2,3,5,3,0,1,1,0,0,0,0,0,"13,4055685","52,49346849"
21554,142291,Berlin,1,2020,8,7,2,3,0,1,0,1,0,0,0,0,0,1,"13,34568165","52,51647839"
21555,142292,Berlin,4,2020,9,15,2,3,0,1,0,0,0,0,1,0,0,0,"13,28701366","52,51882737"
21556,142293,Berlin,2,2020,9,19,5,3,5,3,0,1,1,0,0,0,0,0,"13,42809369","52,51766032"
21557,142294,Berlin,8,2020,8,7,2,3,0,6,0,0,1,0,1,0,0,1,"13,40239532","52,41489685"
21558,142295,Berlin,8,2020,8,6,2,3,5,3,0,0,1,0,1,0,0,1,"13,46308399","52,46954381"
21559,142296,Berlin,6,2020,9,16,2,2,5,3,0,0,1,0,0,0,0,0,"13,35859135","52,4341783"
21560,142297,Berlin,3,2020,9,22,5,3,5,7,2,1,1,0,0,0,0,1,"13,46643161","52,55800986"
21561,142298,Berlin,3,2020,8,4,2,2,5,3,2,0,1,0,1,0,0,1,"13,43166676","52,5544627"
21562,142299,Berlin,12,2020,9,16,1,3,5,2,0,0,1,0,0,0,0,0,"13,31541547","52,57792798"
21563,142300,Berlin,9,2020,9,13,5,3,5,2,0,1,1,0,0,0,0,0,"13,56263231","52,45637012"
21564,142301,Berlin,4,2020,9,13,3,3,5,2,0,1,1,0,0,0,0,0,"13,29271352","52,50670308"
21565,142302,Berlin,5,2020,8,10,2,2,2,6,0,0,1,0,0,0,1,0,"13,14330636","52,52419135"
21566,142303,Berlin,3,2020,9,21,7,3,5,2,2,0,1,0,0,0,0,0,"13,46542338","52,55191662"
21567,142304,Berlin,12,2020,9,14,4,3,2,6,0,0,1,0,0,1,0,1,"13,27055071","52,57587132"
21568,142305,Berlin,4,2020,9,0,3,3,2,6,2,0,1,0,0,0,0,0,"13,32253922","52,51179506"
21569,142306,Berlin,3,2020,8,10,2,3,6,2,0,0,0,1,0,1,0,0,"13,48754338","52,61819331"
21570,142307,Berlin,11,2020,8,9,2,3,3,6,0,0,1,0,0,0,0,0,"13,51373192","52,53511277"
21571,142308,Berlin,2,2020,9,11,6,3,5,2,0,1,1,0,0,0,0,1,"13,45502856","52,52119118"
21572,142309,Berlin,6,2020,8,9,2,3,5,3,0,0,1,0,1,0,0,0,"13,30198271","52,42014528"
21573,142310,Berlin,1,2020,9,13,2,3,0,3,0,0,1,0,0,0,1,0,"13,36793036","52,52613297"
21574,142311,Berlin,3,2020,9,18,5,3,2,6,0,0,1,0,1,0,0,0,"13,40297831","52,5968196"
21575,142312,Berlin,2,2020,8,9,2,2,5,2,0,1,1,0,0,0,0,0,"13,42639089","52,4992682"
21576,142313,Berlin,4,2020,9,12,1,3,5,2,0,1,1,0,0,0,0,0,"13,29878147","52,4732455"
21577,142314,Berlin,3,2020,9,8,5,3,5,2,0,1,1,0,0,0,0,0,"13,41102486","52,53062293"
21578,142315,Berlin,9,2020,9,0,3,3,1,7,2,0,1,0,0,0,0,0,"13,51405291","52,4468267"
21579,142316,Berlin,2,2020,9,17,3,3,0,1,0,1,0,0,0,0,0,0,"13,46056555","52,51228995"
21580,142317,Berlin,1,2020,8,9,2,3,5,2,0,1,1,0,0,0,0,0,"13,40877143","52,51199155"
21581,142318,Berlin,1,2020,9,5,7,3,5,3,1,0,1,0,0,0,0,1,"13,34295536","52,52624476"
21582,142319,Berlin,6,2020,9,7,4,3,0,1,0,1,0,0,0,0,0,1,"13,32463002","52,4346144"
21583,142320,Berlin,5,2020,9,12,3,3,5,2,0,0,1,0,1,0,0,0,"13,18366686","52,51815373"
21584,142321,Berlin,2,2020,9,14,1,3,0,1,0,0,0,0,1,0,0,0,"13,45793315","52,51274544"
21585,142322,Berlin,1,2020,9,11,5,2,5,7,0,0,1,0,1,0,0,0,"13,39975699","52,52955551"
21586,142323,Berlin,6,2020,9,11,3,2,5,7,0,0,1,0,1,0,0,0,"13,33995227","52,44398491"
21587,142324,Berlin,9,2020,8,9,2,2,0,3,0,1,0,0,0,0,0,0,"13,57960358","52,45886275"
21588,142325,Berlin,11,2020,9,15,7,3,0,2,0,0,0,0,0,0,1,0,"13,49969744","52,53449706"
21589,142326,Berlin,4,2020,9,9,4,3,5,2,0,1,1,0,0,0,0,0,"13,29965099","52,49510721"
21590,142327,Berlin,3,2020,9,14,3,3,8,1,0,1,0,0,0,0,0,0,"13,42432892","52,54647791"
21591,142328,Berlin,1,2020,8,8,2,3,6,4,0,0,1,1,0,0,0,0,"13,41729882","52,51243413"
21592,142329,Berlin,4,2020,9,9,6,3,3,6,0,1,1,0,0,0,0,1,"13,29289475","52,49657362"
21593,142330,Berlin,4,2020,8,8,2,3,0,2,0,1,1,0,0,0,0,1,"13,31726546","52,50433754"
21594,142331,Berlin,5,2020,9,12,2,3,2,2,0,0,1,0,0,0,0,0,"13,1292559","52,52717471"
21595,142332,Berlin,1,2020,9,16,5,3,5,5,0,1,1,0,0,0,0,0,"13,38819161","52,53058032"
21596,142333,Berlin,8,2020,8,18,1,3,4,6,1,0,1,0,0,0,0,1,"13,43728584","52,47452395"
21597,142334,Berlin,1,2020,9,18,4,2,0,2,0,1,0,0,0,0,1,0,"13,38318481","52,53061573"
21598,142335,Berlin,8,2020,9,11,3,3,2,6,0,0,1,0,0,1,0,0,"13,43497982","52,46115633"
21599,142336,Berlin,5,2020,9,16,3,3,2,6,0,0,1,0,0,0,0,0,"13,21477344","52,56080111"
21600,142337,Berlin,4,2020,8,17,1,3,0,3,1,0,1,0,0,0,1,1,"13,32553314","52,50841282"
21601,142338,Berlin,9,2020,9,15,7,3,5,3,0,1,1,0,0,0,0,0,"13,51924006","52,4540016"
21602,142339,Berlin,11,2020,8,17,1,2,2,6,0,0,1,0,0,0,0,1,"13,47261932","52,50507453"
21603,142340,Berlin,4,2020,9,21,6,2,8,1,2,0,0,0,1,0,0,0,"13,20521677","52,49835176"
21604,142341,Berlin,10,2020,8,17,1,2,5,2,1,1,1,0,0,0,0,1,"13,56618167","52,53425382"
21605,142342,Berlin,3,2020,9,10,3,2,5,2,0,1,0,0,0,0,1,0,"13,41206849","52,54313988"
21606,142343,Berlin,3,2020,8,16,1,3,0,6,0,1,1,0,0,0,0,1,"13,42770927","52,56793646"
21607,142344,Berlin,12,2020,9,7,6,3,2,6,0,0,1,0,0,0,1,1,"13,32650534","52,56209251"
21608,142345,Berlin,8,2020,8,14,1,3,2,7,0,1,1,0,0,0,0,0,"13,43007503","52,4696469"
21609,142346,Berlin,1,2020,9,8,2,3,2,2,0,0,1,0,0,0,0,0,"13,33693308","52,55253533"
21610,142347,Berlin,1,2020,9,15,5,3,6,7,0,1,0,1,0,0,0,0,"13,3827748","52,5305035"
21611,142348,Berlin,9,2020,8,14,1,3,5,3,0,0,1,0,0,0,0,0,"13,69733169","52,43638767"
21612,142349,Berlin,8,2020,9,10,1,3,0,2,0,1,0,0,1,0,0,0,"13,43530725","52,49133382"
21613,142350,Berlin,2,2020,9,17,4,3,0,7,0,0,1,0,0,0,1,1,"13,44070422","52,52440952"
21614,142351,Berlin,9,2020,9,9,3,3,2,6,0,0,1,0,0,1,0,0,"13,54710264","52,43140585"
21615,142352,Berlin,4,2020,9,16,3,3,0,2,0,1,1,0,0,0,0,0,"13,31765135","52,50614724"
21616,142353,Berlin,7,2020,8,13,1,3,6,4,0,0,1,1,0,0,0,0,"13,4038106","52,43957161"
21617,142354,Berlin,12,2020,8,12,1,2,8,1,0,0,1,0,0,0,0,0,"13,22920934","52,56864972"
21618,142355,Berlin,3,2020,9,21,6,3,6,4,2,1,0,1,0,0,0,0,"13,40592479","52,54090477"
21619,142356,Berlin,4,2020,8,20,1,3,5,3,2,0,1,0,0,0,0,1,"13,32015157","52,47346475"
21620,142357,Berlin,1,2020,9,18,2,3,5,7,0,1,1,0,0,0,0,0,"13,41217518","52,5054799"
21621,142358,Berlin,4,2020,9,15,5,3,5,2,0,1,1,0,0,0,0,0,"13,30922937","52,50643647"
21622,142359,Berlin,7,2020,8,11,1,3,2,6,0,1,1,0,0,0,0,0,"13,36436019","52,45057814"
21623,142360,Berlin,4,2020,9,8,3,3,5,2,0,1,1,0,0,0,0,0,"13,33028897","52,51307508"
21624,142361,Berlin,5,2020,9,18,1,3,2,7,0,0,1,0,0,0,0,1,"13,1589046","52,53065929"
21625,142362,Berlin,9,2020,9,15,5,3,2,3,0,1,1,0,0,0,0,0,"13,61238752","52,45424458"
21626,142363,Berlin,4,2020,9,8,3,3,2,6,0,1,1,0,0,0,0,0,"13,29876685","52,50675952"
21627,142364,Berlin,1,2020,8,20,1,3,9,1,2,0,1,0,0,0,0,1,"13,360888","52,5098284"
21628,142365,Berlin,5,2020,9,23,7,2,1,5,2,0,1,0,0,0,0,0,"13,16509285","52,4669684"
21629,142366,Berlin,11,2020,9,20,4,3,2,6,2,0,1,0,0,0,0,0,"13,50905665","52,54640373"
21630,142367,Berlin,7,2020,9,8,3,2,5,2,0,0,1,0,0,0,0,0,"13,4020257","52,44672599"
21631,142368,Berlin,6,2020,8,19,1,3,6,4,2,0,1,1,0,0,0,1,"13,34498246","52,44875975"
21632,142369,Berlin,5,2020,9,12,2,3,0,7,0,1,0,0,0,0,0,0,"13,24620982","52,53813372"
21633,142370,Berlin,3,2020,9,7,5,3,0,1,1,1,0,0,0,0,0,1,"13,41993539","52,54809584"
21634,142371,Berlin,3,2020,9,7,3,3,1,5,0,1,1,0,0,0,0,0,"13,42483258","52,52998312"
21635,142372,Berlin,12,2020,8,19,1,3,4,6,1,0,1,0,0,0,0,1,"13,33645577","52,58762919"
21636,142373,Berlin,2,2020,9,18,1,3,5,2,0,0,1,0,0,0,0,0,"13,44019315","52,51895467"
21637,142374,Berlin,4,2020,9,15,4,3,5,3,0,0,1,0,0,0,0,1,"13,32424386","52,47878889"
21638,142375,Berlin,1,2020,9,7,3,3,1,5,0,0,1,0,0,0,0,0,"13,38233012","52,55588146"
21639,142376,Berlin,1,2020,8,10,1,3,0,7,0,0,0,0,0,0,1,0,"13,34512855","52,50656398"
21640,142377,Berlin,9,2020,8,2,1,2,8,1,2,0,1,0,0,0,0,0,"13,59971951","52,47427754"
21641,142378,Berlin,3,2020,9,14,6,3,5,3,0,1,0,0,1,0,0,0,"13,37818732","52,5749147"
21642,142379,Berlin,8,2020,8,10,7,2,1,5,0,1,0,0,0,0,1,0,"13,44198301","52,47982735"
21643,142380,Berlin,1,2020,8,15,7,3,2,6,0,0,1,0,0,0,0,0,"13,37722621","52,51277129"
21644,142381,Berlin,1,2020,9,19,2,3,5,2,1,1,1,0,0,0,0,0,"13,3419764","52,51785152"
21645,142382,Berlin,2,2020,9,21,5,3,5,2,2,1,1,0,0,0,0,1,"13,37667229","52,48499269"
21646,142383,Berlin,2,2020,8,15,7,3,5,2,0,0,1,0,0,0,1,0,"13,45003087","52,50750494"
21647,142384,Berlin,8,2020,9,15,1,3,2,6,0,0,1,0,0,0,0,0,"13,4347506","52,46181253"
21648,142385,Berlin,2,2020,9,13,5,3,5,3,0,1,0,0,0,0,0,0,"13,43232172","52,50933189"
21649,142386,Berlin,2,2020,9,20,3,3,1,5,2,0,1,0,1,0,0,0,"13,43354849","52,49240136"
21650,142387,Berlin,5,2020,8,14,7,3,5,2,0,0,1,0,0,0,0,0,"13,18459469","52,5475137"
21651,142388,Berlin,7,2020,9,19,7,3,5,3,1,0,1,0,0,0,0,0,"13,37067706","52,46880019"
21652,142389,Berlin,7,2020,9,13,4,3,6,4,0,0,1,1,0,0,0,1,"13,34158341","52,47949605"
21653,142390,Berlin,3,2020,9,20,3,3,5,3,1,1,1,0,0,0,0,0,"13,42307681","52,55116692"
21654,142391,Berlin,8,2020,8,14,7,3,5,7,0,0,1,0,1,0,0,0,"13,42939416","52,48130387"
21655,142392,Berlin,5,2020,8,14,7,3,0,3,0,0,1,0,1,0,0,0,"13,18326032","52,53987103"