,id,city,district,year,month,hour,weekday,injury_level,collision,movement,light_conditions,bicycle,car,pedestrian,motorbike,truck,other_vehicle,road_conditions,longitude,latitude
21656,142393,Berlin,1,2020,9,11,6,3,6,7,0,0,1,1,0,0,0,1,"13,3526111","52,52408914"
21657,142394,Berlin,4,2020,8,14,7,3,1,5,0,1,1,0,0,0,0,0,"13,31055809","52,46781532"
21658,142395,Berlin,5,2020,9,14,2,2,6,4,0,0,1,1,0,0,0,0,"13,14747925","52,53213855"
21659,142396,Berlin,2,2020,9,17,5,3,5,3,0,0,1,0,0,0,1,0,"13,40660966","52,50032508"
21660,142397,Berlin,9,2020,8,11,7,3,2,6,0,0,1,0,0,0,0,0,"13,55816972","52,43467261"
21661,142398,Berlin,3,2020,9,12,6,2,0,7,0,1,0,0,0,0,0,0,"13,45157145","52,54299638"
21662,142399,Berlin,8,2020,8,10,7,3,1,5,0,1,1,0,0,0,0,0,"13,49293983","52,42050685"
21663,142400,Berlin,7,2020,8,9,7,3,0,5,0,0,1,0,0,0,1,0,"13,4085774","52,38688018"
21664,142401,Berlin,11,2020,9,15,2,3,2,6,0,0,1,0,0,0,0,0,"13,52057629","52,48221508"
21665,142402,Berlin,3,2020,9,18,5,3,2,7,0,0,1,0,0,0,0,0,"13,40946216","52,55416746"
21666,142403,Berlin,3,2020,8,7,7,2,5,3,0,0,1,0,0,0,0,0,"13,42405077","52,55289005"
21667,142404,Berlin,1,2020,9,13,1,3,5,2,0,1,1,0,0,0,0,0,"13,35154221","52,50948887"
21668,142405,Berlin,2,2020,9,10,5,3,1,5,0,1,1,0,0,0,0,0,"13,38321231","52,49272958"
21669,142406,Berlin,6,2020,9,19,3,3,2,7,0,1,1,0,0,0,0,0,"13,26261347","52,45147964"
21670,142407,Berlin,2,2020,8,7,7,3,5,3,1,0,1,0,0,0,0,0,"13,40285999","52,49395052"
21671,142408,Berlin,1,2020,9,12,7,3,2,6,0,0,1,0,0,0,0,0,"13,33630478","52,54201422"
21672,142409,Berlin,3,2020,9,12,4,3,5,3,0,1,1,0,0,0,0,0,"13,40969569","52,58465898"
21673,142410,Berlin,1,2020,9,18,3,3,5,3,0,1,1,0,0,0,0,0,"13,3911877","52,54472711"
21674,142411,Berlin,8,2020,8,22,7,3,1,5,2,1,1,0,0,0,0,0,"13,42754425","52,47451491"
21675,142412,Berlin,5,2020,9,9,6,3,5,2,0,1,1,0,0,0,0,1,"13,18179172","52,53408237"
21676,142413,Berlin,2,2020,8,22,7,2,5,3,2,0,1,0,1,0,0,0,"13,41414087","52,49857963"
21677,142414,Berlin,4,2020,9,11,2,3,2,2,0,0,1,0,0,0,0,0,"13,30796385","52,50304654"
21678,142415,Berlin,11,2020,9,16,5,3,3,6,0,0,1,0,1,0,0,0,"13,48533725","52,53117285"
21679,142416,Berlin,9,2020,8,6,7,2,5,4,0,0,0,1,0,0,1,0,"13,5745041","52,44447958"
21680,142417,Berlin,2,2020,9,19,4,3,5,2,1,1,1,0,0,0,0,1,"13,39797907","52,49104417"
21681,142418,Berlin,7,2020,8,18,2,3,3,2,0,0,1,0,0,0,0,0,"13,37796842","52,46627677"
21682,142419,Berlin,3,2020,9,16,3,3,5,3,0,1,1,0,0,0,0,0,"13,40474729","52,54067646"
21683,142420,Berlin,8,2020,8,21,7,3,0,7,2,0,0,0,1,0,0,0,"13,49580325","52,41763393"
21684,142421,Berlin,12,2020,8,20,7,3,5,7,2,0,1,0,0,0,0,0,"13,35911517","52,59684158"
21685,142422,Berlin,1,2020,9,12,1,2,5,2,0,1,0,0,0,0,1,0,"13,38793692","52,53158028"
21686,142423,Berlin,9,2020,9,9,4,3,0,7,0,1,0,0,0,0,0,0,"13,57684005","52,45540663"
21687,142424,Berlin,1,2020,8,18,2,2,1,5,2,1,1,0,0,0,0,0,"13,36205719","52,50467898"
21688,142425,Berlin,4,2020,9,15,3,3,0,7,0,0,1,0,0,0,0,0,"13,31149418","52,48967443"
21689,142426,Berlin,2,2020,8,20,7,3,1,5,2,1,1,0,0,0,0,0,"13,41558881","52,49022423"
21690,142427,Berlin,9,2020,9,0,7,3,6,4,2,0,1,1,0,0,0,0,"13,60767003","52,45305839"
21691,142428,Berlin,8,2020,9,7,4,3,2,6,0,0,1,0,1,0,0,0,"13,49630139","52,43121218"
21692,142429,Berlin,10,2020,8,20,7,3,0,1,2,0,0,0,1,0,0,0,"13,53799054","52,55554831"
21693,142430,Berlin,10,2020,9,5,6,3,9,1,2,0,0,0,0,1,0,1,"13,58372037","52,5491854"
21694,142431,Berlin,5,2020,8,19,7,3,5,3,0,1,1,0,0,0,0,0,"13,20137959","52,53835368"
21695,142432,Berlin,6,2020,9,10,4,3,1,5,0,1,1,0,0,0,0,0,"13,30234869","52,42678298"
21696,142433,Berlin,7,2020,9,13,2,3,2,6,0,0,1,0,0,1,1,0,"13,40842439","52,45244919"
21697,142434,Berlin,7,2020,9,8,5,3,2,6,0,0,1,0,0,0,1,0,"13,40032106","52,41428573"
21698,142435,Berlin,12,2020,8,19,7,3,2,6,0,0,1,0,1,0,0,0,"13,34634667","52,60201531"
21699,142436,Berlin,7,2020,9,19,1,2,5,2,0,1,1,0,0,0,0,0,"13,37797648","52,47244968"
21700,142437,Berlin,4,2020,9,17,4,3,0,6,0,0,1,0,1,0,0,1,"13,28842151","52,48139624"
21701,142438,Berlin,1,2020,8,12,2,3,5,2,0,1,1,0,0,0,0,0,"13,37181906","52,50927202"
21702,142439,Berlin,11,2020,9,15,3,3,6,2,0,0,1,1,0,0,0,0,"13,47926508","52,52304618"
21703,142440,Berlin,2,2020,8,19,7,3,4,6,0,1,0,0,0,0,0,0,"13,40066591","52,49440361"
21704,142441,Berlin,8,2020,8,19,7,3,3,6,0,0,1,0,1,0,0,0,"13,42417928","52,48663482"
21705,142442,Berlin,11,2020,9,15,6,3,2,6,0,0,1,0,0,0,0,0,"13,4852961","52,53144023"
21706,142443,Berlin,3,2020,9,9,4,3,5,3,0,0,1,0,0,1,0,0,"13,46536053","52,56714365"
21707,142444,Berlin,5,2020,8,18,7,3,3,6,0,0,1,0,0,0,1,0,"13,27083823","52,53670471"
21708,142445,Berlin,9,2020,9,18,2,3,5,2,0,1,1,0,0,0,0,0,"13,59320595","52,45327763"
21709,142446,Berlin,4,2020,9,22,5,2,5,3,2,1,1,0,0,0,0,1,"13,3327829","52,47860866"
21710,142447,Berlin,1,2020,8,18,7,3,4,6,0,1,0,0,0,0,1,0,"13,39704054","52,5194513"
21711,142448,Berlin,8,2020,8,18,7,3,1,7,0,0,1,0,0,1,0,0,"13,48030169","52,42799748"
21712,142449,Berlin,6,2020,9,14,7,3,5,2,0,1,1,0,0,0,0,0,"13,31990138","52,46313366"
21713,142450,Berlin,1,2020,9,9,4,3,0,5,0,1,1,0,0,0,0,0,"13,37894959","52,52638793"
21714,142451,Berlin,4,2020,8,17,7,3,2,6,0,0,1,0,1,0,0,0,"13,32951692","52,50333949"
21715,142452,Berlin,4,2020,9,16,6,3,5,2,0,1,1,0,0,0,0,0,"13,29905684","52,49061909"
21716,142453,Berlin,1,2020,8,17,7,2,1,5,0,1,1,0,0,0,0,0,"13,37214584","52,5579186"
21717,142454,Berlin,8,2020,8,16,2,3,0,7,0,1,0,0,0,0,0,0,"13,42433037","52,48505094"
21718,142455,Berlin,8,2020,9,12,2,3,5,2,0,0,1,0,0,0,1,0,"13,44801749","52,4261831"
21719,142456,Berlin,11,2020,9,15,5,3,5,3,0,1,1,0,0,0,0,0,"13,52557","52,48158779"
21720,142457,Berlin,12,2020,8,22,2,3,1,5,2,0,1,0,0,0,1,0,"13,31650691","52,56708434"
21721,142458,Berlin,6,2020,8,16,7,2,0,1,0,1,0,0,0,0,0,0,"13,24540718","52,42171766"
21722,142459,Berlin,1,2020,9,16,7,3,0,2,0,0,1,0,1,0,0,0,"13,38885276","52,5168947"
21723,142460,Berlin,3,2020,9,15,4,3,0,1,0,1,0,0,0,0,0,1,"13,41029973","52,53911793"
21724,142461,Berlin,2,2020,8,8,2,3,5,2,0,1,0,0,0,0,1,0,"13,46960012","52,51409578"
21725,142462,Berlin,5,2020,8,17,7,3,2,6,0,0,1,0,0,0,0,0,"13,19531818","52,53361262"
21726,142463,Berlin,8,2020,8,16,7,3,5,2,0,1,1,0,0,0,0,0,"13,47127865","52,43332791"
21727,142464,Berlin,7,2020,9,13,6,3,2,6,0,0,1,0,0,0,0,0,"13,3796015","52,44481018"
21728,142465,Berlin,9,2020,8,7,6,3,2,6,0,0,1,0,0,1,0,1,"13,55830908","52,455584"
21729,142466,Berlin,3,2020,9,14,3,3,2,6,0,0,1,0,0,0,0,0,"13,43278047","52,53576421"
21730,142467,Berlin,1,2020,8,20,6,3,1,5,1,1,1,0,0,0,0,0,"13,36335992","52,52460141"
21731,142468,Berlin,8,2020,9,20,2,3,5,2,2,0,1,0,1,0,0,0,"13,46461695","52,47020017"
21732,142469,Berlin,6,2020,9,19,5,3,5,2,1,1,1,0,0,0,0,0,"13,36613555","52,43021205"
21733,142470,Berlin,11,2020,8,21,6,3,0,7,2,1,0,0,0,0,0,0,"13,48644617","52,50204451"
21734,142471,Berlin,7,2020,9,15,1,3,1,5,0,1,1,0,0,0,0,0,"13,41259145","52,45193876"
21735,142472,Berlin,4,2020,9,12,5,3,2,6,0,0,1,0,0,0,0,0,"13,33483409","52,48788008"
21736,142473,Berlin,4,2020,8,21,2,2,5,2,1,0,1,0,0,0,0,0,"13,30184875","52,49904702"
21737,142474,Berlin,11,2020,8,14,6,3,5,3,0,1,0,0,0,0,1,0,"13,51471098","52,49447903"
21738,142475,Berlin,7,2020,9,17,7,3,6,7,1,0,1,1,0,0,0,0,"13,37666704","52,46125463"
21739,142476,Berlin,7,2020,9,16,1,2,1,5,0,1,1,0,0,0,0,0,"13,3582835","52,41114687"
21740,142477,Berlin,1,2020,9,13,5,3,5,3,0,1,1,0,0,0,0,0,"13,3419281","52,55219737"
21741,142478,Berlin,10,2020,8,21,2,3,9,1,2,0,1,0,0,0,0,1,"13,57011632","52,55572147"
21742,142479,Berlin,5,2020,8,20,6,3,5,2,1,0,1,0,0,0,0,0,"13,17809999","52,54881004"
21743,142480,Berlin,2,2020,9,22,7,2,5,3,2,0,1,0,1,0,0,0,"13,4199161","52,49640469"
21744,142481,Berlin,3,2020,9,14,4,3,2,6,0,0,1,0,0,0,0,0,"13,43303379","52,59600358"
21745,142482,Berlin,11,2020,8,20,2,3,2,7,2,1,1,0,0,0,0,1,"13,49048155","52,53916759"
21746,142483,Berlin,10,2020,8,10,6,3,6,4,0,0,0,1,1,0,0,1,"13,55752959","52,52735558"
21747,142484,Berlin,3,2020,8,10,6,2,6,4,0,0,0,1,1,0,0,0,"13,46120912","52,52976015"
21748,142485,Berlin,3,2020,9,12,6,3,1,5,0,1,0,0,0,0,1,1,"13,4356972","52,5328647"
21749,142486,Berlin,6,2020,8,8,6,2,5,3,0,1,1,0,0,0,0,0,"13,34674263","52,43073218"
21750,142487,Berlin,4,2020,9,14,3,3,2,6,0,0,1,0,0,0,0,0,"13,292579","52,53426338"
21751,142488,Berlin,12,2020,8,8,6,3,5,2,0,1,1,0,0,0,0,0,"13,36337583","52,58066113"
21752,142489,Berlin,4,2020,9,15,2,3,2,2,0,0,1,0,0,0,1,0,"13,29658905","52,50148332"
21753,142490,Berlin,11,2020,9,18,5,3,2,6,0,0,1,0,0,0,0,0,"13,47684747","52,53713236"
21754,142491,Berlin,6,2020,8,7,6,3,2,7,0,0,1,0,0,0,0,1,"13,27551313","52,4505166"
21755,142492,Berlin,4,2020,9,13,1,3,6,4,0,0,1,1,0,0,0,0,"13,30199469","52,52341506"
21756,142493,Berlin,2,2020,9,9,5,3,5,3,0,1,1,0,0,0,0,0,"13,4325366","52,51732905"
21757,142494,Berlin,1,2020,8,19,2,3,5,2,0,0,1,0,0,0,0,0,"13,3960308","52,53824367"
21758,142495,Berlin,3,2020,9,14,3,3,1,5,0,1,1,0,0,0,0,0,"13,42679049","52,55254461"
21759,142496,Berlin,9,2020,8,7,6,3,0,1,0,0,0,0,1,0,0,1,"13,57357125","52,44446774"
21760,142497,Berlin,8,2020,9,11,7,3,5,2,0,0,1,0,1,0,0,1,"13,41684575","52,41828451"
21761,142498,Berlin,11,2020,9,12,4,3,0,7,0,1,0,0,0,0,0,0,"13,51481644","52,56745082"
21762,142499,Berlin,8,2020,8,19,2,3,5,2,0,1,1,0,0,0,0,0,"13,4245018","52,48635698"
21763,142500,Berlin,10,2020,8,7,6,3,5,2,0,0,1,0,0,0,0,1,"13,58319719","52,54923089"
21764,142501,Berlin,5,2020,9,7,6,3,5,2,0,1,0,0,0,0,1,1,"13,2474391","52,54147436"
21765,142502,Berlin,12,2020,8,6,6,3,5,3,0,0,1,0,0,0,1,1,"13,29738204","52,57785094"
21766,142503,Berlin,4,2020,9,13,4,3,0,2,0,1,0,0,0,0,0,1,"13,31678075","52,50115389"
21767,142504,Berlin,5,2020,8,19,2,3,2,6,0,0,1,0,0,0,0,0,"13,18770158","52,53748018"
21768,142505,Berlin,10,2020,8,5,6,3,5,3,1,0,1,0,1,0,0,0,"13,57598352","52,49112746"
21769,142506,Berlin,6,2020,9,10,6,3,2,6,0,0,1,0,1,0,0,1,"13,25936213","52,43067379"
21770,142507,Berlin,7,2020,8,4,6,3,1,5,2,0,1,0,0,0,0,1,"13,3477785","52,46559242"
21771,142508,Berlin,4,2020,9,13,2,3,2,2,0,0,1,0,0,0,0,0,"13,31424836","52,49027642"
21772,142509,Berlin,6,2020,9,17,5,3,6,7,0,1,0,1,0,0,0,0,"13,34065759","52,43335797"
21773,142510,Berlin,11,2020,8,17,6,2,6,4,0,1,0,1,0,0,0,0,"13,49024608","52,53902364"
21774,142511,Berlin,2,2020,9,10,1,2,5,3,0,1,1,0,0,0,0,0,"13,40311069","52,4985392"
21775,142512,Berlin,9,2020,9,15,4,3,5,3,0,1,1,0,0,0,0,1,"13,49898595","52,43645706"
21776,142513,Berlin,4,2020,8,18,2,3,2,6,0,1,1,0,0,0,0,0,"13,29552263","52,50334769"
21777,142514,Berlin,5,2020,9,14,3,3,5,3,0,0,1,0,0,0,0,0,"13,20993344","52,53309413"
21778,142515,Berlin,1,2020,8,17,6,3,5,2,0,1,1,0,0,0,0,0,"13,37395639","52,55648523"
21779,142516,Berlin,4,2020,9,15,7,3,5,3,0,0,1,0,0,0,0,0,"13,31099926","52,54756686"
21780,142517,Berlin,4,2020,9,12,3,3,3,6,0,1,1,0,0,0,0,0,"13,32068177","52,49976404"
21781,142518,Berlin,4,2020,8,17,6,2,5,2,0,0,1,0,0,0,0,0,"13,32624894","52,53801288"
21782,142519,Berlin,11,2020,9,21,6,2,1,5,2,0,1,0,0,0,1,0,"13,56122516","52,57956169"
21783,142520,Berlin,3,2020,8,16,6,3,6,4,0,0,1,1,0,0,0,0,"13,3902575","52,58511286"
21784,142521,Berlin,4,2020,9,7,3,3,5,3,0,1,1,0,0,0,0,0,"13,30621591","52,52329042"
21785,142522,Berlin,1,2020,9,13,2,3,0,1,0,0,0,0,1,0,0,1,"13,39127436","52,53620227"
21786,142523,Berlin,2,2020,9,8,5,3,3,6,0,1,1,0,0,0,0,1,"13,47549768","52,51195826"
21787,142524,Berlin,11,2020,8,16,6,3,1,5,0,1,1,0,0,0,0,0,"13,48980458","52,50174558"
21788,142525,Berlin,9,2020,9,18,1,3,2,6,0,1,1,0,0,0,0,0,"13,52063561","52,42837203"
21789,142526,Berlin,7,2020,9,9,2,3,5,3,0,1,0,0,0,0,0,0,"13,35476452","52,48739398"
21790,142527,Berlin,8,2020,9,15,5,2,6,7,0,0,0,1,1,0,0,0,"13,46335291","52,47074908"
21791,142528,Berlin,9,2020,8,15,6,3,1,5,0,1,1,0,0,0,0,0,"13,54508945","52,41706408"
21792,142529,Berlin,2,2020,9,2,1,2,0,1,2,0,0,0,0,0,1,0,"13,3884385","52,49940044"
21793,142530,Berlin,7,2020,9,18,4,2,2,6,0,1,1,0,0,0,0,1,"13,35689892","52,49901891"
21794,142531,Berlin,6,2020,8,17,2,3,2,2,0,0,1,0,0,0,0,0,"13,36383028","52,43486644"
21795,142532,Berlin,8,2020,9,13,3,3,5,2,0,1,1,0,0,0,0,0,"13,42711486","52,42129598"
21796,142533,Berlin,4,2020,8,14,6,3,5,2,0,1,1,0,0,0,0,0,"13,33693583","52,49788854"
21797,142534,Berlin,1,2020,8,14,6,3,2,6,0,0,1,0,0,0,0,0,"13,3657779","52,55654532"
21798,142535,Berlin,3,2020,9,14,6,3,4,6,0,1,1,0,0,0,0,0,"13,44577384","52,54804735"
21799,142536,Berlin,12,2020,8,14,6,3,2,2,0,0,1,0,0,0,1,0,"13,27761614","52,5757352"
21800,142537,Berlin,1,2020,9,18,2,3,5,3,0,1,1,0,0,0,0,0,"13,38892963","52,51562095"
21801,142538,Berlin,4,2020,9,21,5,3,0,1,2,0,0,0,1,0,0,1,"13,29456947","52,50676125"
21802,142539,Berlin,2,2020,8,14,6,3,5,2,0,1,1,0,0,0,0,0,"13,39059156","52,49247877"
21803,142540,Berlin,1,2020,8,17,2,3,0,6,0,0,1,0,1,0,0,1,"13,38484136","52,55078015"
21804,142541,Berlin,6,2020,9,11,1,3,0,7,0,0,1,0,0,0,0,0,"13,33781567","52,45053353"
21805,142542,Berlin,12,2020,9,15,5,3,5,2,0,1,1,0,0,0,0,0,"13,28083204","52,59373812"
21806,142543,Berlin,12,2020,8,17,2,2,0,1,0,1,0,0,0,0,0,1,"13,29048874","52,5819816"
21807,142544,Berlin,3,2020,8,14,6,3,5,3,0,0,1,0,1,0,0,0,"13,36843386","52,58971033"
21808,142545,Berlin,10,2020,9,22,7,3,5,2,2,0,1,0,0,0,0,0,"13,61314286","52,50853402"
21809,142546,Berlin,9,2020,9,20,4,2,5,7,2,1,1,0,0,0,0,0,"13,55433491","52,45570156"
21810,142547,Berlin,6,2020,8,17,2,3,5,3,0,1,1,0,0,0,0,0,"13,34328784","52,43375098"
21811,142548,Berlin,8,2020,8,13,6,3,5,3,0,1,1,0,0,0,0,0,"13,44742082","52,46420692"
21812,142549,Berlin,7,2020,8,13,6,3,1,5,0,1,1,0,0,0,0,0,"13,33365723","52,46985617"
21813,142550,Berlin,8,2020,9,12,6,3,6,2,0,0,1,1,0,0,0,0,"13,43506228","52,46091412"
21814,142551,Berlin,4,2020,8,13,6,3,2,6,0,0,1,0,0,0,0,1,"13,32253473","52,51180564"
21815,142552,Berlin,3,2020,9,18,3,3,1,5,0,1,1,0,0,0,0,0,"13,40265006","52,56498205"
21816,142553,Berlin,1,2020,8,13,6,3,2,6,0,0,1,0,1,0,0,0,"13,38249262","52,51317732"
21817,142554,Berlin,4,2020,9,16,4,2,6,4,0,0,1,1,0,0,0,1,"13,2941354","52,49773341"
21818,142555,Berlin,11,2020,8,17,2,3,0,4,0,1,0,1,0,0,0,1,"13,50572504","52,51785722"
21819,142556,Berlin,11,2020,8,12,6,3,1,7,0,0,1,0,0,0,1,0,"13,49624531","52,5182283"
21820,142557,Berlin,3,2020,8,12,6,2,5,2,0,0,1,0,1,0,0,0,"13,40155758","52,59295857"
21821,142558,Berlin,3,2020,9,14,6,3,2,7,0,0,1,0,1,0,0,0,"13,43560216","52,55649885"
21822,142559,Berlin,8,2020,8,11,6,3,1,5,0,1,1,0,0,0,0,0,"13,4388654","52,48438439"
21823,142560,Berlin,1,2020,8,11,6,3,5,2,0,1,1,0,0,0,0,0,"13,39377486","52,52031021"
21824,142561,Berlin,9,2020,9,18,2,3,5,7,0,0,1,0,0,0,1,0,"13,56965487","52,45280307"
21825,142562,Berlin,1,2020,9,21,5,3,5,7,2,0,0,0,1,0,1,1,"13,38299312","52,53061619"
21826,142563,Berlin,10,2020,8,10,6,3,0,1,0,0,0,0,1,0,0,1,"13,63081263","52,54011607"
21827,142564,Berlin,10,2020,9,16,1,3,5,3,0,1,1,0,0,0,0,0,"13,59067945","52,54706308"
21828,142565,Berlin,1,2020,9,13,5,3,5,3,0,0,1,0,1,0,0,0,"13,35218331","52,50550796"
21829,142566,Berlin,10,2020,8,17,2,3,5,2,0,1,1,0,0,0,0,1,"13,55703334","52,52516636"
21830,142567,Berlin,1,2020,8,10,6,3,6,4,0,0,1,1,0,0,0,0,"13,39109522","52,56332091"
21831,142568,Berlin,1,2020,9,20,7,3,1,5,2,1,1,0,0,0,0,0,"13,40102786","52,52999458"
21832,142569,Berlin,1,2020,9,14,4,3,5,3,0,0,1,0,0,0,0,1,"13,369806","52,55295231"
21833,142570,Berlin,12,2020,8,17,2,3,5,3,0,0,1,0,0,0,0,1,"13,31042982","52,62480103"
21834,142571,Berlin,2,2020,8,8,5,3,3,6,0,0,1,0,0,0,0,0,"13,45233316","52,52774846"
21835,142572,Berlin,1,2020,8,7,5,3,0,5,0,1,0,0,0,0,1,0,"13,38094048","52,52998047"
21836,142573,Berlin,1,2020,9,11,6,3,1,5,0,1,0,0,0,0,1,1,"13,40505285","52,52210384"
21837,142574,Berlin,8,2020,8,12,5,3,5,2,0,1,1,0,0,0,0,1,"13,45559736","52,45311786"
21838,142575,Berlin,1,2020,9,22,2,3,5,3,2,0,1,0,0,0,1,0,"13,34394846","52,54643529"
21839,142576,Berlin,3,2020,9,17,5,2,6,4,0,0,1,1,0,0,0,0,"13,49822528","52,63508183"
21840,142577,Berlin,1,2020,8,18,5,3,5,2,0,1,1,0,0,0,0,0,"13,35087016","52,50438934"
21841,142578,Berlin,4,2020,9,12,1,2,5,3,0,1,1,0,0,0,0,0,"13,22847484","52,50633832"
21842,142579,Berlin,2,2020,9,8,5,3,5,3,0,1,1,0,0,0,0,0,"13,40449403","52,4951633"
21843,142580,Berlin,5,2020,8,16,2,3,2,6,0,0,1,0,0,0,0,0,"13,20326653","52,56218997"
21844,142581,Berlin,1,2020,9,15,2,3,5,2,0,0,1,0,0,0,0,0,"13,35139769","52,50960982"
21845,142582,Berlin,10,2020,9,18,5,3,5,2,0,1,1,0,0,0,0,0,"13,5755737","52,54645435"
21846,142583,Berlin,11,2020,8,14,5,2,5,3,0,0,1,0,0,0,1,0,"13,48178484","52,51371134"
21847,142584,Berlin,9,2020,9,14,1,3,2,2,0,0,1,0,0,0,0,0,"13,46177062","52,4544294"
21848,142585,Berlin,4,2020,9,11,5,3,5,3,0,0,1,0,0,0,0,0,"13,26451915","52,50897028"
21849,142586,Berlin,9,2020,8,16,2,3,2,6,0,0,1,0,0,0,0,0,"13,54032937","52,43598139"
21850,142587,Berlin,6,2020,8,20,5,3,2,2,1,0,1,0,0,0,0,0,"13,31062455","52,42119536"
21851,142588,Berlin,11,2020,9,12,7,3,0,2,0,1,1,0,0,0,0,1,"13,49716123","52,54998249"
21852,142589,Berlin,8,2020,9,8,4,3,0,2,0,1,1,0,0,0,0,0,"13,4647855","52,47029988"
21853,142590,Berlin,3,2020,8,16,2,3,1,5,0,1,1,0,0,0,0,0,"13,40938149","52,53823537"
21854,142591,Berlin,12,2020,8,20,5,3,0,3,1,0,1,0,1,0,0,0,"13,30282081","52,61812305"
21855,142592,Berlin,1,2020,9,9,6,3,0,1,0,0,0,0,1,0,0,1,"13,3918136","52,52106425"
21856,142593,Berlin,6,2020,8,19,5,3,5,3,0,1,1,0,0,0,0,0,"13,2806249","52,42959923"
21857,142594,Berlin,1,2020,9,18,3,3,3,7,0,1,0,0,0,0,0,0,"13,33489804","52,52477457"
21858,142595,Berlin,6,2020,9,11,2,2,3,6,0,1,0,0,0,0,0,0,"13,23671279","52,44038713"
21859,142596,Berlin,3,2020,9,16,5,3,0,3,0,0,1,0,1,0,0,0,"13,42144766","52,56275575"
21860,142597,Berlin,7,2020,8,19,5,2,5,2,0,1,1,0,0,0,0,0,"13,33860409","52,49433784"
21861,142598,Berlin,11,2020,9,19,4,3,2,6,2,0,1,0,0,0,1,1,"13,47403002","52,50297122"
21862,142599,Berlin,7,2020,8,15,2,3,5,2,0,1,0,0,0,0,1,0,"13,40057821","52,45919409"
21863,142600,Berlin,5,2020,9,21,3,2,5,2,2,0,1,0,0,0,0,0,"13,2172733","52,53777903"
21864,142601,Berlin,2,2020,8,15,5,3,0,1,0,1,0,0,0,0,0,0,"13,46502177","52,50952814"
21865,142602,Berlin,1,2020,9,14,7,3,6,7,0,0,1,1,0,0,0,0,"13,41472805","52,51936995"
21866,142603,Berlin,1,2020,8,11,5,3,0,2,0,1,0,0,0,0,0,0,"13,38778622","52,51199887"
21867,142604,Berlin,1,2020,9,20,3,3,5,3,1,1,1,0,0,0,0,0,"13,37771301","52,5078079"
21868,142605,Berlin,6,2020,8,17,5,3,2,7,0,0,1,0,1,0,0,0,"13,26860746","52,45448622"
21869,142606,Berlin,9,2020,9,3,7,2,1,5,2,0,1,0,1,0,0,0,"13,44971808","52,48868402"
21870,142607,Berlin,9,2020,9,7,4,3,6,4,0,0,1,1,0,0,0,1,"13,56731223","52,44035473"
21871,142608,Berlin,11,2020,8,17,5,3,1,5,0,0,1,0,1,0,0,0,"13,52199432","52,49472748"
21872,142609,Berlin,4,2020,9,6,6,3,5,3,1,1,0,0,1,0,0,1,"13,30170476","52,50989021"
21873,142610,Berlin,11,2020,8,16,5,3,0,2,0,1,1,0,0,0,0,0,"13,52744872","52,55750818"
21874,142611,Berlin,3,2020,9,0,2,2,1,5,2,1,1,0,0,0,0,0,"13,41848387","52,54675351"
21875,142612,Berlin,8,2020,9,15,5,3,5,2,0,1,1,0,0,0,0,0,"13,43866738","52,44822823"
21876,142613,Berlin,3,2020,8,16,5,2,5,3,0,0,1,0,0,0,0,0,"13,42166073","52,58838124"
21877,142614,Berlin,7,2020,9,19,1,3,5,7,1,0,1,0,1,0,0,0,"13,39459496","52,46543731"
21878,142615,Berlin,8,2020,9,17,4,3,2,6,0,0,1,0,0,0,0,1,"13,44949995","52,45239159"
21879,142616,Berlin,1,2020,8,14,2,3,5,2,0,1,0,0,0,1,0,0,"13,41575977","52,52669175"
21880,142617,Berlin,1,2020,9,19,3,3,5,2,1,1,0,0,0,0,0,0,"13,4142734","52,50790621"
21881,142618,Berlin,10,2020,8,16,5,2,6,6,0,1,0,1,0,0,0,0,"13,59502566","52,54452696"
21882,142619,Berlin,4,2020,8,16,5,3,5,7,0,1,0,0,1,0,0,0,"13,31729494","52,51393174"
21883,142620,Berlin,1,2020,9,16,6,3,5,2,0,1,1,0,0,0,0,0,"13,40560284","52,51417192"
21884,142621,Berlin,7,2020,8,16,5,3,5,2,0,1,0,0,1,0,0,0,"13,38571966","52,48163831"
21885,142622,Berlin,11,2020,9,16,2,3,8,1,0,0,1,0,0,0,0,0,"13,48032055","52,52100319"
21886,142623,Berlin,12,2020,9,7,5,3,5,3,0,1,1,0,0,0,0,0,"13,30748899","52,6163357"
21887,142624,Berlin,1,2020,8,16,5,3,0,2,0,1,1,0,0,0,0,0,"13,40159182","52,53976"
21888,142625,Berlin,5,2020,9,16,1,3,5,2,0,0,1,0,0,0,0,0,"13,14158548","52,53242747"
21889,142626,Berlin,11,2020,9,15,5,3,2,6,0,0,1,0,0,0,0,0,"13,48517389","52,53227464"
21890,142627,Berlin,12,2020,8,14,2,3,6,4,0,0,0,1,0,0,1,0,"13,32969647","52,57358618"