,id,city,district,year,month,hour,weekday,injury_level,collision,movement,light_conditions,bicycle,car,pedestrian,motorbike,truck,other_vehicle,road_conditions,longitude,latitude
21891,142628,Berlin,8,2020,8,7,5,3,0,3,0,0,1,0,1,0,0,1,"13,49573807","52,43192499"
21892,142629,Berlin,9,2020,9,10,6,3,5,2,0,1,1,0,0,0,0,0,"13,48572668","52,46447593"
21893,142630,Berlin,2,2020,8,7,5,3,5,2,0,1,1,0,0,0,0,0,"13,38231493","52,48984635"
21894,142631,Berlin,12,2020,8,12,2,3,5,2,0,0,1,0,1,0,0,0,"13,32346463","52,57582242"
21895,142632,Berlin,1,2020,9,12,2,3,5,2,0,1,1,0,0,0,0,0,"13,35644591","52,52556154"
21896,142633,Berlin,2,2020,9,6,5,3,0,5,0,0,1,0,1,0,0,1,"13,38293875","52,48499423"
21897,142634,Berlin,2,2020,8,12,2,3,5,7,0,1,1,0,0,0,0,0,"13,38271524","52,49699083"
21898,142635,Berlin,7,2020,8,0,5,3,2,2,2,1,1,0,0,0,0,1,"13,42146215","52,46527678"
21899,142636,Berlin,12,2020,9,1,7,3,3,6,2,1,1,0,0,0,0,0,"13,32329144","52,60336825"
21900,142637,Berlin,11,2020,9,15,4,3,4,6,0,1,0,0,0,0,0,0,"13,51627137","52,55192897"
21901,142638,Berlin,4,2020,8,11,2,2,5,2,0,0,1,0,1,0,0,0,"13,32610463","52,53837732"
21902,142639,Berlin,5,2020,8,15,5,3,2,6,0,0,1,0,0,0,1,0,"13,23996937","52,52626735"
21903,142640,Berlin,1,2020,8,7,5,3,6,7,0,0,0,1,0,0,1,0,"13,34218959","52,5049337"
21904,142641,Berlin,10,2020,9,14,6,2,6,4,0,0,1,1,0,0,0,0,"13,5888863","52,52675788"
21905,142642,Berlin,3,2020,8,14,5,3,1,5,0,1,1,0,0,0,0,0,"13,3637346","52,58510698"
21906,142643,Berlin,7,2020,8,0,5,3,5,3,2,0,1,0,0,0,0,1,"13,39269657","52,41257641"
21907,142644,Berlin,4,2020,9,16,2,3,5,3,0,1,1,0,0,0,0,0,"13,33090111","52,50041404"
21908,142645,Berlin,1,2020,9,20,5,3,5,2,2,1,1,0,0,0,0,0,"13,33971042","52,51891412"
21909,142646,Berlin,5,2020,8,14,5,3,2,6,0,0,1,0,0,0,0,1,"13,20648593","52,55568973"
21910,142647,Berlin,4,2020,9,15,1,3,0,1,0,0,1,0,1,0,0,0,"13,28096045","52,51281249"
21911,142648,Berlin,3,2020,9,13,5,3,5,2,0,1,1,0,0,0,0,0,"13,39841355","52,59242586"
21912,142649,Berlin,1,2020,8,11,2,3,5,3,0,0,1,0,0,0,0,0,"13,39312432","52,51501402"
21913,142650,Berlin,5,2020,8,14,5,3,5,3,0,1,1,0,0,0,0,0,"13,26234944","52,54132209"
21914,142651,Berlin,1,2020,9,18,7,3,2,7,0,0,0,0,1,0,1,1,"13,39107756","52,52208138"
21915,142652,Berlin,10,2020,9,9,4,2,5,2,0,1,1,0,0,0,0,0,"13,58725653","52,51114364"
21916,142653,Berlin,8,2020,8,10,2,3,5,3,0,1,1,0,0,0,0,0,"13,40606481","52,41576049"
21917,142654,Berlin,1,2020,8,13,5,3,5,2,0,0,1,0,0,0,0,0,"13,3538957","52,52394023"
21918,142655,Berlin,11,2020,9,10,6,3,6,7,0,0,1,1,0,0,0,1,"13,51389786","52,50548884"
21919,142656,Berlin,1,2020,9,22,7,3,5,2,2,1,0,0,1,0,0,0,"13,39743663","52,52965774"
21920,142657,Berlin,6,2020,9,14,4,3,5,3,0,0,1,0,0,0,0,1,"13,28171912","52,46307899"
21921,142658,Berlin,8,2020,8,10,2,3,5,5,0,1,1,0,0,0,0,0,"13,50971225","52,42299248"
21922,142659,Berlin,5,2020,8,13,5,3,0,1,0,1,0,0,0,0,0,0,"13,19189537","52,56752168"
21923,142660,Berlin,6,2020,8,13,5,3,8,1,0,0,1,0,0,0,0,0,"13,25960148","52,41359564"
21924,142661,Berlin,12,2020,9,12,6,3,0,3,0,1,0,0,1,0,0,1,"13,30582574","52,62041454"
21925,142662,Berlin,7,2020,8,12,5,3,5,2,0,0,1,0,0,0,1,0,"13,37669626","52,4541868"
21926,142663,Berlin,8,2020,8,12,5,3,6,4,0,0,1,1,0,0,0,0,"13,45589488","52,473907"
21927,142664,Berlin,6,2020,9,15,2,3,5,3,0,0,1,0,0,0,0,0,"13,27419922","52,4353735"
21928,142665,Berlin,8,2020,9,18,5,2,2,6,0,0,1,0,0,0,0,0,"13,41593834","52,48056941"
21929,142666,Berlin,6,2020,8,11,5,3,6,2,0,0,0,1,0,1,0,0,"13,3250847","52,46169363"
21930,142667,Berlin,4,2020,9,13,1,2,3,6,0,0,1,0,0,0,1,0,"13,33103874","52,49509814"
21931,142668,Berlin,7,2020,9,9,5,3,5,3,0,1,1,0,0,0,0,0,"13,33273003","52,47546945"
21932,142669,Berlin,1,2020,8,10,2,3,1,5,0,1,1,0,0,0,0,0,"13,42394336","52,50902135"
21933,142670,Berlin,12,2020,8,10,5,3,4,6,0,0,1,0,0,0,0,0,"13,34622569","52,59728076"
21934,142671,Berlin,4,2020,9,12,7,3,2,6,0,1,1,0,0,0,0,1,"13,30003207","52,5047467"
21935,142672,Berlin,9,2020,9,8,4,3,0,1,0,1,0,0,0,0,0,1,"13,54108642","52,41954453"
21936,142673,Berlin,1,2020,8,10,2,2,5,3,0,0,1,0,1,0,0,0,"13,37560818","52,5402368"
21937,142674,Berlin,4,2020,8,9,5,3,2,6,0,0,1,0,0,0,0,0,"13,286124","52,4801803"
21938,142675,Berlin,2,2020,9,8,6,3,3,6,0,0,1,0,1,0,0,1,"13,42908351","52,49848967"
21939,142676,Berlin,4,2020,8,8,5,3,5,2,0,1,1,0,0,0,0,0,"13,27188644","52,51944888"
21940,142677,Berlin,8,2020,9,11,2,3,5,3,0,0,1,0,0,0,0,0,"13,43647279","52,46696276"
21941,142678,Berlin,7,2020,9,16,5,3,2,2,0,0,1,0,0,0,0,0,"13,37510004","52,43711952"
21942,142679,Berlin,8,2020,8,7,5,3,5,2,0,1,0,0,0,1,0,0,"13,41680919","52,41816889"
21943,142680,Berlin,2,2020,8,7,5,2,5,3,0,0,1,0,0,0,0,0,"13,39491272","52,49331474"
21944,142681,Berlin,12,2020,9,13,2,3,5,3,0,1,1,0,0,0,0,0,"13,30404562","52,61944762"
21945,142682,Berlin,4,2020,9,17,5,3,6,4,0,1,0,1,0,0,0,0,"13,30281636","52,47285804"
21946,142683,Berlin,1,2020,8,5,5,3,5,2,2,1,1,0,0,0,0,0,"13,40707771","52,52344071"
21947,142684,Berlin,1,2020,9,11,1,2,5,2,0,1,1,0,0,0,0,0,"13,39073323","52,51723131"
21948,142685,Berlin,5,2020,9,16,4,3,6,4,0,0,1,1,0,0,0,1,"13,24721941","52,54236915"
21949,142686,Berlin,11,2020,8,10,2,3,6,4,0,0,1,1,0,0,0,0,"13,47949759","52,52686342"
21950,142687,Berlin,1,2020,9,12,3,3,5,3,0,1,1,0,0,0,0,0,"13,38368886","52,51828695"
21951,142688,Berlin,4,2020,8,18,4,3,3,6,0,1,1,0,0,0,0,0,"13,29179017","52,49720761"
21952,142689,Berlin,1,2020,9,0,7,3,0,2,2,0,1,0,1,0,0,0,"13,36587654","52,52527011"
21953,142690,Berlin,3,2020,9,11,4,2,5,3,0,0,1,0,0,1,0,1,"13,41932797","52,59141739"
21954,142691,Berlin,8,2020,9,18,3,3,3,6,0,1,0,0,0,0,1,0,"13,49627294","52,43253533"
21955,142692,Berlin,1,2020,8,9,4,3,5,2,0,1,1,0,0,0,0,0,"13,39602983","52,53243075"
21956,142693,Berlin,5,2020,9,13,6,3,2,6,0,0,1,0,0,0,0,0,"13,2217999","52,5369128"
21957,142694,Berlin,2,2020,8,11,4,3,5,2,0,1,1,0,0,0,0,0,"13,46043556","52,51592014"
21958,142695,Berlin,7,2020,9,18,3,3,2,6,0,0,1,0,0,0,0,0,"13,35461722","52,47338224"
21959,142696,Berlin,3,2020,9,13,2,3,5,2,0,1,1,0,0,0,0,0,"13,42463969","52,60741556"
21960,142697,Berlin,6,2020,9,8,5,3,5,2,0,1,0,0,0,0,1,1,"13,34789161","52,4352081"
21961,142698,Berlin,1,2020,8,16,4,3,5,2,0,1,1,0,0,0,0,1,"13,38168117","52,55226423"
21962,142699,Berlin,3,2020,9,18,1,3,1,5,0,1,1,0,0,0,0,0,"13,46637163","52,55030566"
21963,142700,Berlin,4,2020,9,17,4,3,5,3,0,0,1,0,0,0,0,1,"13,31775785","52,50754798"
21964,142701,Berlin,5,2020,8,16,2,3,1,5,0,0,1,0,1,0,0,1,"13,2121228","52,56984376"
21965,142702,Berlin,9,2020,8,23,4,2,8,1,2,0,0,0,1,0,0,1,"13,49977159","52,45700503"
21966,142703,Berlin,8,2020,8,21,4,3,2,6,2,1,1,0,0,0,0,1,"13,45266564","52,42900253"
21967,142704,Berlin,1,2020,9,13,6,3,5,2,0,0,1,0,0,0,0,0,"13,35304186","52,50234929"
21968,142705,Berlin,9,2020,9,11,4,3,5,2,0,1,1,0,0,0,0,1,"13,45830821","52,48581095"
21969,142706,Berlin,2,2020,9,14,5,2,1,5,0,1,0,0,0,0,1,0,"13,41852735","52,50149175"
21970,142707,Berlin,6,2020,9,17,4,3,2,6,0,0,1,0,0,0,0,0,"13,32387375","52,4602578"
21971,142708,Berlin,9,2020,9,22,5,3,5,2,2,0,1,0,0,0,0,0,"13,52690216","52,4377166"
21972,142709,Berlin,6,2020,9,17,1,3,5,2,0,1,1,0,0,0,0,0,"13,34564432","52,4362128"
21973,142710,Berlin,2,2020,9,9,3,3,2,7,0,0,1,0,0,0,1,0,"13,46206138","52,51900778"
21974,142711,Berlin,1,2020,9,14,7,3,3,6,0,1,1,0,0,0,0,0,"13,40831965","52,53448241"
21975,142712,Berlin,3,2020,9,15,4,3,3,6,0,1,1,0,0,0,0,0,"13,47397993","52,60377406"
21976,142713,Berlin,7,2020,9,14,6,3,5,2,0,1,1,0,0,0,0,0,"13,34498562","52,48460621"
21977,142714,Berlin,9,2020,9,16,4,3,4,6,0,1,0,0,0,0,0,0,"13,55848615","52,45464581"
21978,142715,Berlin,1,2020,9,8,2,2,5,2,0,1,0,0,0,1,0,0,"13,41642065","52,51093728"
21979,142716,Berlin,11,2020,9,16,4,3,5,3,0,1,0,0,1,0,0,0,"13,51451857","52,57116228"
21980,142717,Berlin,7,2020,9,12,1,3,0,7,0,0,1,0,0,0,1,0,"13,35538867","52,48668323"
21981,142718,Berlin,4,2020,9,18,3,3,2,6,0,1,1,0,0,0,0,0,"13,28703819","52,49575655"
21982,142719,Berlin,4,2020,9,21,6,3,0,1,2,0,0,0,1,0,0,0,"13,32147212","52,50183451"
21983,142720,Berlin,6,2020,9,17,2,3,2,6,0,0,1,0,0,0,0,0,"13,26878638","52,40490683"
21984,142721,Berlin,8,2020,9,12,3,3,1,5,0,1,1,0,0,0,0,0,"13,43526487","52,42593802"
21985,142722,Berlin,12,2020,9,9,6,3,5,2,0,1,1,0,0,0,0,0,"13,33072481","52,56258789"
21986,142723,Berlin,7,2020,9,20,2,2,4,6,1,0,1,0,0,0,0,0,"13,3711102","52,48404266"
21987,142724,Berlin,3,2020,9,7,6,3,6,7,0,1,0,1,0,0,0,0,"13,41730243","52,53126645"
21988,142725,Berlin,12,2020,9,15,4,3,4,6,0,0,1,0,0,0,0,0,"13,25163291","52,59704534"
21989,142726,Berlin,12,2020,9,10,2,3,6,3,0,0,1,1,0,0,0,0,"13,28580531","52,59242524"
21990,142727,Berlin,9,2020,9,14,4,3,3,6,0,1,0,0,0,0,0,0,"13,57108603","52,44444472"
21991,142728,Berlin,9,2020,9,7,1,3,1,5,0,0,1,0,0,0,0,0,"13,57139514","52,4339037"
21992,142729,Berlin,8,2020,9,16,3,3,0,7,0,0,1,0,1,0,0,0,"13,44164753","52,46969476"
21993,142730,Berlin,5,2020,9,18,6,2,6,4,0,0,1,1,0,0,0,0,"13,23777411","52,54585575"
21994,142731,Berlin,2,2020,9,18,2,3,1,5,0,1,1,0,0,0,0,0,"13,42729987","52,51146496"
21995,142732,Berlin,11,2020,9,12,5,3,1,5,0,1,1,0,0,0,0,0,"13,50970173","52,50166546"
21996,142733,Berlin,7,2020,9,21,4,2,5,3,2,1,1,0,0,0,0,0,"13,35984255","52,47548319"
21997,142734,Berlin,2,2020,9,20,5,3,5,3,1,0,1,0,1,0,0,0,"13,43204847","52,49944118"
21998,142735,Berlin,6,2020,9,12,1,3,5,3,0,0,1,0,0,0,0,0,"13,24188749","52,44438689"
21999,142736,Berlin,8,2020,9,13,4,3,4,2,0,0,1,0,1,0,0,0,"13,45659202","52,43157937"
22000,142737,Berlin,2,2020,9,2,6,3,1,5,2,0,1,0,0,0,1,0,"13,39428492","52,49101103"
22001,142738,Berlin,4,2020,9,13,4,3,0,2,0,1,1,0,0,0,0,0,"13,33247219","52,50605002"
22002,142739,Berlin,11,2020,9,13,2,3,0,2,0,1,1,0,0,0,0,0,"13,48926649","52,54241101"
22003,142740,Berlin,2,2020,9,13,4,3,5,3,0,0,1,0,1,0,1,0,"13,3951457","52,49518129"
22004,142741,Berlin,6,2020,9,14,7,2,5,3,0,1,1,0,0,0,0,0,"13,17594591","52,41955465"
22005,142742,Berlin,7,2020,9,15,3,2,6,4,0,0,1,1,0,0,0,0,"13,36167462","52,45606168"
22006,142743,Berlin,7,2020,9,13,6,2,2,2,0,0,1,0,1,0,0,0,"13,36211667","52,49794559"
22007,142744,Berlin,1,2020,9,15,2,3,0,3,0,1,0,0,1,0,0,0,"13,40592289","52,5139253"
22008,142745,Berlin,1,2020,9,15,5,3,1,5,0,0,1,0,0,0,1,0,"13,3926794","52,52461385"
22009,142746,Berlin,9,2020,9,20,4,3,5,2,2,0,1,0,0,0,1,0,"13,48116515","52,46079448"
22010,142747,Berlin,1,2020,9,20,5,3,6,4,1,0,1,1,0,0,0,0,"13,3919891","52,56379706"
22011,142748,Berlin,2,2020,9,20,1,3,5,3,2,0,1,0,0,0,0,0,"13,40444708","52,49520871"
22012,142749,Berlin,6,2020,9,9,3,3,5,3,0,0,1,0,0,0,0,0,"13,32733839","52,42254718"
22013,142750,Berlin,9,2020,9,15,7,3,3,6,0,0,1,0,1,0,0,0,"13,55105284","52,45643995"
22014,142751,Berlin,3,2020,9,11,4,3,0,7,0,1,0,0,0,0,0,0,"13,42522485","52,52817321"
22015,142752,Berlin,3,2020,9,7,6,3,5,2,0,1,1,0,0,0,0,0,"13,41101761","52,5306177"
22016,142753,Berlin,6,2020,9,18,7,2,5,3,0,1,1,0,0,0,0,0,"13,25600084","52,43586001"
22017,142754,Berlin,3,2020,9,11,2,3,5,3,0,0,1,0,0,0,1,0,"13,41433483","52,55137877"
22018,142755,Berlin,9,2020,9,14,6,3,0,3,0,0,1,0,0,0,1,0,"13,50810026","52,45030605"
22019,142756,Berlin,11,2020,9,12,2,3,5,2,0,0,1,0,1,0,0,0,"13,48776786","52,51090926"
22020,142757,Berlin,1,2020,9,13,5,3,6,4,0,0,1,1,0,0,0,0,"13,35293921","52,51625474"
22021,142758,Berlin,1,2020,9,11,4,3,2,2,0,1,0,0,0,0,1,0,"13,35773141","52,50644328"
22022,142759,Berlin,7,2020,9,19,5,3,5,7,1,0,1,0,0,0,0,0,"13,39644847","52,46532584"
22023,142760,Berlin,12,2020,9,16,1,3,2,6,0,0,1,0,0,0,0,0,"13,33154021","52,6100528"
22024,142761,Berlin,8,2020,9,11,3,3,2,6,0,0,1,0,0,0,0,0,"13,46683484","52,42849981"
22025,142762,Berlin,5,2020,9,13,7,3,5,3,0,1,1,0,0,0,0,0,"13,23391788","52,55141774"
22026,142763,Berlin,10,2020,9,10,4,3,5,2,0,0,1,0,0,0,1,0,"13,54978419","52,54287477"
22027,142764,Berlin,3,2020,9,5,6,3,5,3,2,1,1,0,0,0,0,0,"13,40182787","52,58734022"
22028,142765,Berlin,9,2020,9,9,4,3,5,2,0,0,1,0,0,0,0,0,"13,47875344","52,47759436"
22029,142766,Berlin,8,2020,9,7,2,3,5,3,0,1,0,0,0,0,1,0,"13,49679738","52,41566845"
22030,142767,Berlin,5,2020,9,9,4,3,6,4,0,0,0,1,0,0,1,0,"13,18839522","52,53432244"
22031,142768,Berlin,7,2020,9,9,4,3,5,7,0,0,1,0,0,0,1,0,"13,38434051","52,48410957"
22032,142769,Berlin,7,2020,9,9,2,3,0,1,0,1,0,0,0,0,0,0,"13,34817167","52,4589323"
22033,142770,Berlin,2,2020,9,11,5,2,1,5,0,1,1,0,0,0,0,0,"13,41181679","52,49213314"
22034,142771,Berlin,5,2020,9,8,4,3,2,2,0,0,1,0,0,0,0,0,"13,15856821","52,53153618"
22035,142772,Berlin,2,2020,9,13,1,3,5,3,0,1,1,0,0,0,0,0,"13,4436865","52,49411783"
22036,142773,Berlin,11,2020,9,17,3,2,0,1,0,1,0,0,0,0,0,0,"13,47020435","52,53512894"
22037,142774,Berlin,9,2020,9,16,6,3,5,2,0,1,1,0,0,0,0,0,"13,5697022","52,44201918"
22038,142775,Berlin,3,2020,9,18,2,2,5,2,0,0,1,0,1,0,0,0,"13,46695634","52,5967149"
22039,142776,Berlin,1,2020,9,14,6,3,0,2,0,1,1,0,0,0,0,0,"13,3657224","52,55713266"
22040,142777,Berlin,9,2020,9,8,4,3,5,3,0,0,1,0,0,0,1,0,"13,511433","52,44602792"
22041,142778,Berlin,6,2020,9,12,2,3,5,2,0,0,1,0,0,0,0,0,"13,33881515","52,44437538"
22042,142779,Berlin,4,2020,9,8,4,2,2,6,0,0,1,0,0,0,1,0,"13,31679789","52,51408943"
22043,142780,Berlin,8,2020,9,15,1,3,1,5,0,1,1,0,0,0,0,0,"13,44558844","52,48583108"
22044,142781,Berlin,1,2020,9,15,3,2,5,2,0,0,1,0,1,0,0,0,"13,32859935","52,5311334"
22045,142782,Berlin,5,2020,9,17,6,3,0,1,1,1,0,0,0,0,0,0,"13,20920728","52,58063592"
22046,142783,Berlin,1,2020,9,11,1,3,0,1,0,1,0,0,0,0,0,0,"13,35201237","52,50816137"
22047,142784,Berlin,1,2020,9,18,3,3,5,3,0,1,1,0,0,0,0,0,"13,38006741","52,54053532"
22048,142785,Berlin,4,2020,9,18,6,3,0,2,0,0,1,0,1,0,0,0,"13,32022081","52,48375698"
22049,142786,Berlin,9,2020,9,16,2,3,1,5,0,1,1,0,0,0,0,0,"13,50855787","52,46689405"
22050,142787,Berlin,8,2020,9,16,5,2,0,7,0,1,0,0,0,0,0,1,"13,42489914","52,45791803"
22051,142788,Berlin,2,2020,9,8,4,3,0,1,0,1,0,0,0,0,0,0,"13,38630096","52,50145203"
22052,142789,Berlin,5,2020,9,13,2,3,1,5,0,0,1,0,0,0,1,0,"13,19122689","52,52088667"
22053,142790,Berlin,11,2020,9,6,4,3,5,2,0,1,1,0,0,0,0,0,"13,52546987","52,48155537"
22054,142791,Berlin,1,2020,9,20,7,3,2,2,1,1,1,0,0,0,0,0,"13,39382623","52,52853729"
22055,142792,Berlin,10,2020,9,15,2,3,0,2,0,1,0,0,0,0,1,0,"13,54012811","52,52566483"
22056,142793,Berlin,1,2020,9,12,6,3,5,7,0,1,1,0,0,0,0,0,"13,38056808","52,52844875"
22057,142794,Berlin,3,2020,9,14,2,3,5,3,0,1,1,0,0,0,0,0,"13,43940874","52,55566765"
22058,142795,Berlin,3,2020,9,14,5,3,5,2,0,1,1,0,0,0,0,0,"13,4292066","52,60815207"
22059,142796,Berlin,11,2020,9,5,4,2,6,4,1,0,0,1,1,0,0,0,"13,46211274","52,52973029"
22060,142797,Berlin,7,2020,9,18,5,3,1,5,0,1,1,0,0,0,0,0,"13,33124179","52,4677758"
22061,142798,Berlin,1,2020,9,20,1,3,5,7,2,0,1,0,0,0,1,0,"13,39809522","52,52721603"
22062,142799,Berlin,1,2020,9,16,2,3,2,6,0,0,1,0,0,0,0,0,"13,40070281","52,51012218"
22063,142800,Berlin,9,2020,9,6,5,2,5,2,0,0,1,0,1,0,0,0,"13,52264924","52,42666082"
22064,142801,Berlin,5,2020,9,14,3,2,1,7,0,0,1,0,0,0,1,0,"13,2196161","52,53898422"
22065,142802,Berlin,1,2020,9,18,5,3,2,6,0,0,1,0,0,0,1,0,"13,32855123","52,53095396"
22066,142803,Berlin,2,2020,9,19,1,3,5,3,0,1,0,0,0,0,1,0,"13,38269106","52,49117876"
22067,142804,Berlin,4,2020,9,18,7,3,5,2,0,1,1,0,0,0,0,0,"13,32166963","52,50186486"
22068,142805,Berlin,4,2020,9,10,5,3,1,5,0,1,1,0,0,0,0,0,"13,33785224","52,50505537"
22069,142806,Berlin,2,2020,9,21,2,3,1,5,2,1,1,0,0,0,0,0,"13,42907641","52,50698481"
22070,142807,Berlin,2,2020,9,11,6,3,5,2,0,1,1,0,0,0,0,0,"13,42993047","52,52305143"
22071,142808,Berlin,5,2020,9,8,2,3,5,3,0,1,1,0,0,0,0,0,"13,12854814","52,46581653"
22072,142809,Berlin,5,2020,9,12,5,3,0,1,0,0,0,0,1,0,0,0,"13,20267584","52,53796916"
22073,142810,Berlin,11,2020,9,12,3,3,5,2,0,1,1,0,0,0,0,0,"13,50772105","52,53471192"
22074,142811,Berlin,5,2020,9,18,5,3,3,6,1,0,1,0,1,0,0,0,"13,2041868","52,54054934"
22075,142812,Berlin,1,2020,9,15,1,2,0,6,0,1,1,0,0,0,0,0,"13,4012368","52,52675576"
22076,142813,Berlin,3,2020,9,9,5,3,5,3,0,0,1,0,1,0,0,0,"13,41466458","52,53328552"
22077,142814,Berlin,1,2020,9,12,3,2,5,3,0,0,1,0,0,0,1,0,"13,41058306","52,51601622"
22078,142815,Berlin,10,2020,9,8,7,2,6,4,0,0,0,1,0,0,1,0,"13,58548418","52,54970134"
22079,142816,Berlin,6,2020,9,10,5,3,6,3,0,0,1,1,0,0,0,0,"13,2444827","52,42586437"
22080,142817,Berlin,8,2020,9,9,3,3,2,2,0,0,1,0,1,0,0,0,"13,45584078","52,47382819"
22081,142818,Berlin,8,2020,9,14,7,3,2,2,0,0,1,0,0,0,0,0,"13,48323781","52,42568994"
22082,142819,Berlin,12,2020,9,12,3,3,1,5,0,1,0,0,0,0,1,0,"13,28227126","52,63870088"
22083,142820,Berlin,5,2020,9,10,6,3,0,6,0,0,1,0,0,0,1,0,"13,23836023","52,54251582"
22084,142821,Berlin,1,2020,9,12,3,3,2,6,0,1,0,0,0,0,0,0,"13,38093044","52,51618765"
22085,142822,Berlin,3,2020,9,9,2,3,5,3,0,1,1,0,0,0,0,0,"13,4644384","52,57043241"
22086,142823,Berlin,1,2020,9,10,5,3,5,2,0,0,1,0,0,0,0,0,"13,32968636","52,52377319"
22087,142824,Berlin,7,2020,9,11,3,2,2,6,0,0,0,0,1,0,1,0,"13,36946386","52,45671996"
22088,142825,Berlin,4,2020,9,13,1,3,6,4,0,0,1,1,0,0,0,0,"13,2611542","52,51617614"
22089,142826,Berlin,7,2020,9,9,5,3,5,2,0,0,1,0,0,0,0,0,"13,40677871","52,39376832"
22090,142827,Berlin,2,2020,9,19,3,3,1,5,0,1,1,0,0,0,0,0,"13,41009349","52,50281347"
22091,142828,Berlin,9,2020,9,21,6,2,7,7,2,0,0,0,1,0,0,0,"13,64307585","52,45602324"
22092,142829,Berlin,3,2020,9,17,2,2,5,2,0,1,1,0,0,0,0,0,"13,42013288","52,53818231"
22093,142830,Berlin,4,2020,9,23,6,3,5,3,2,1,1,0,0,0,0,0,"13,30290608","52,53031726"
22094,142831,Berlin,3,2020,9,11,3,3,3,2,0,1,1,0,0,0,0,0,"13,38360893","52,57269488"
22095,142832,Berlin,5,2020,9,14,2,3,5,3,0,1,1,0,0,0,0,0,"13,16274727","52,53346334"
22096,142833,Berlin,2,2020,9,20,2,2,1,5,2,1,1,0,0,0,0,0,"13,38797681","52,50276601"
22097,142834,Berlin,1,2020,9,9,6,3,0,1,0,1,0,0,0,0,0,0,"13,40912632","52,52838274"
22098,142835,Berlin,7,2020,9,10,3,3,2,7,0,1,1,0,0,0,0,0,"13,35358477","52,48881079"
22099,142836,Berlin,4,2020,9,7,2,3,2,2,0,0,1,0,0,0,0,0,"13,30373993","52,52552512"
22100,142837,Berlin,12,2020,9,10,3,3,5,2,0,0,1,0,0,0,0,0,"13,33410806","52,58973891"
22101,142838,Berlin,5,2020,9,9,1,3,5,3,0,1,0,0,0,0,0,0,"13,19381429","52,53368414"
22102,142839,Berlin,2,2020,9,9,5,3,5,2,0,1,1,0,0,0,0,0,"13,42869085","52,51891748"
22103,142840,Berlin,7,2020,9,17,3,2,5,2,0,0,1,0,0,0,0,0,"13,40655073","52,39376359"
22104,142841,Berlin,5,2020,9,18,6,3,0,2,0,1,1,0,0,0,0,0,"13,18286856","52,48574664"
22105,142842,Berlin,5,2020,9,16,2,3,2,6,0,0,1,0,1,0,0,0,"13,18864639","52,52143508"
22106,142843,Berlin,11,2020,9,8,5,3,5,3,0,1,1,0,0,0,0,0,"13,49069934","52,51523176"
22107,142844,Berlin,5,2020,9,9,3,3,5,3,0,0,1,0,0,0,0,0,"13,15698226","52,5392285"
22108,142845,Berlin,2,2020,9,17,5,3,5,2,0,1,1,0,0,0,0,0,"13,42869775","52,51893444"
22109,142846,Berlin,4,2020,9,12,2,3,0,6,0,0,0,0,1,0,0,0,"13,27149901","52,51011787"
22110,142847,Berlin,1,2020,9,9,3,3,0,6,0,0,1,0,1,0,0,0,"13,34796053","52,54130802"
22111,142848,Berlin,4,2020,9,19,7,2,5,3,1,0,1,0,0,0,1,0,"13,33772453","52,50387276"
22112,142849,Berlin,3,2020,9,10,2,3,5,3,0,0,1,0,0,0,0,0,"13,40711292","52,58634127"
22113,142850,Berlin,3,2020,9,9,3,3,5,2,0,1,1,0,0,0,0,0,"13,41105138","52,53064206"
22114,142851,Berlin,9,2020,9,15,7,2,4,6,0,1,0,0,0,0,0,0,"13,55197472","52,42811715"
22115,142852,Berlin,9,2020,9,15,3,3,2,2,0,0,1,0,0,0,0,0,"13,59349829","52,44338441"
22116,142853,Berlin,7,2020,9,17,6,3,5,2,0,0,1,0,0,0,0,0,"13,34624714","52,5010527"
22117,142854,Berlin,12,2020,9,15,2,3,2,6,0,0,1,0,0,0,0,0,"13,28179563","52,59222226"
22118,142855,Berlin,9,2020,9,15,5,3,5,3,0,1,1,0,0,0,0,0,"13,57551195","52,44748283"
22119,142856,Berlin,6,2020,9,8,3,3,5,2,0,0,1,0,0,0,0,0,"13,25407414","52,45082736"
22120,142857,Berlin,4,2020,9,17,5,3,5,2,0,0,1,0,0,0,0,0,"13,29643491","52,52926971"
22121,142858,Berlin,6,2020,9,22,1,2,2,6,2,0,1,0,0,0,1,0,"13,31451704","52,46499973"
22122,142859,Berlin,1,2020,9,9,5,3,6,4,0,1,0,1,0,0,0,0,"13,37060892","52,52339"
22123,142860,Berlin,1,2020,9,9,3,3,2,6,0,1,1,0,0,0,0,0,"13,38645613","52,51191717"
22124,142861,Berlin,1,2020,9,15,7,3,2,1,0,1,0,0,0,0,0,0,"13,42107879","52,51748065"
22125,142862,Berlin,4,2020,9,8,5,3,5,7,0,1,1,0,0,0,0,0,"13,3403497","52,50400254"
22126,142863,Berlin,1,2020,9,10,6,2,3,6,0,1,1,0,0,0,0,0,"13,41419241","52,51131554"
22127,142864,Berlin,1,2020,9,10,2,3,2,2,0,0,1,0,0,0,1,0,"13,33502956","52,56014264"