,id,city,district,year,month,hour,weekday,injury_level,collision,movement,light_conditions,bicycle,car,pedestrian,motorbike,truck,other_vehicle,road_conditions,longitude,latitude
22128,142865,Berlin,10,2020,9,12,5,3,3,6,0,0,1,0,0,0,1,0,"13,56557971","52,52941797"
22129,142866,Berlin,10,2020,9,15,6,3,2,2,0,0,1,0,0,0,0,0,"13,61980083","52,53942682"
22130,142867,Berlin,10,2020,9,14,2,3,6,4,0,0,1,1,0,0,0,0,"13,56105834","52,55933887"
22131,142868,Berlin,2,2020,9,13,5,3,6,2,0,0,1,1,0,0,0,0,"13,45063775","52,52740477"
22132,142869,Berlin,5,2020,9,8,3,3,5,3,0,0,1,0,0,0,0,0,"13,16243577","52,52012427"
22133,142870,Berlin,5,2020,9,17,5,3,2,6,0,1,1,0,0,0,0,0,"13,17644739","52,53968075"
22134,142871,Berlin,6,2020,9,17,1,3,5,3,0,0,1,0,1,0,0,0,"13,25628834","52,42886606"
22135,142872,Berlin,1,2020,9,10,3,3,5,2,0,0,1,0,0,0,0,0,"13,34204317","52,51790571"
22136,142873,Berlin,4,2020,9,14,7,3,5,2,0,1,1,0,0,0,0,0,"13,30597854","52,52563684"
22137,142874,Berlin,1,2020,9,8,3,3,6,6,0,1,0,1,0,0,0,0,"13,34340052","52,55316603"
22138,142875,Berlin,8,2020,9,10,6,3,3,6,0,1,1,0,0,0,0,0,"13,42638607","52,47702332"
22139,142876,Berlin,5,2020,9,6,3,3,0,2,0,0,1,0,0,0,1,0,"13,20069402","52,53873991"
22140,142877,Berlin,9,2020,9,8,2,3,5,2,0,1,1,0,0,0,0,0,"13,54654619","52,4263639"
22141,142878,Berlin,2,2020,9,2,3,2,0,1,2,0,0,0,0,0,1,0,"13,47252413","52,51504997"
22142,142879,Berlin,4,2020,9,12,1,3,6,7,0,0,1,1,0,0,0,0,"13,30818523","52,47425767"
22143,142880,Berlin,2,2020,9,8,5,3,8,1,0,0,0,0,1,0,0,0,"13,45698657","52,5023304"
22144,142881,Berlin,9,2020,9,18,3,3,5,2,0,1,1,0,0,0,0,0,"13,62430937","52,44684986"
22145,142882,Berlin,7,2020,9,20,3,2,3,6,1,0,1,0,1,0,0,0,"13,367596","52,49337017"
22146,142883,Berlin,12,2020,9,13,1,3,3,6,0,0,1,0,0,0,1,0,"13,32004008","52,56596787"
22147,142884,Berlin,12,2020,9,12,3,3,0,1,0,0,0,0,1,0,0,0,"13,34589709","52,58961122"
22148,142885,Berlin,9,2020,9,16,6,3,5,2,0,1,1,0,0,0,0,0,"13,56970364","52,44201651"
22149,142886,Berlin,2,2020,9,18,2,3,5,3,0,0,1,0,0,0,1,0,"13,4346492","52,50868263"
22150,142887,Berlin,11,2020,9,3,6,3,0,1,2,1,0,0,0,0,0,0,"13,47975122","52,52306578"
22151,142888,Berlin,4,2020,9,20,3,3,6,4,1,1,0,1,0,0,0,0,"13,30725689","52,51712209"
22152,142889,Berlin,1,2020,9,10,2,3,5,3,0,1,1,0,0,0,0,0,"13,330092","52,52257986"
22153,142890,Berlin,2,2020,9,18,3,3,0,1,0,0,0,0,1,0,0,0,"13,42846177","52,51484094"
22154,142891,Berlin,1,2020,9,0,1,3,0,5,2,0,1,0,0,0,1,0,"13,33044401","52,526779"
22155,142892,Berlin,1,2020,9,16,3,3,5,3,0,0,1,0,0,0,0,0,"13,37708685","52,55399506"
22156,142893,Berlin,4,2020,9,17,6,3,2,7,0,0,1,0,0,0,0,0,"13,29754687","52,49813718"
22157,142894,Berlin,2,2020,9,16,2,3,2,6,0,0,1,0,0,0,0,0,"13,3956833","52,49852176"
22158,142895,Berlin,10,2020,9,16,5,2,5,2,0,1,1,0,0,0,0,0,"13,52205644","52,53585818"
22159,142896,Berlin,6,2020,9,18,3,3,5,3,0,1,0,0,0,0,0,0,"13,33526087","52,45131144"
22160,142897,Berlin,1,2020,9,21,6,3,0,2,2,1,0,0,1,0,0,0,"13,38042925","52,51814108"
22161,142898,Berlin,1,2020,9,16,2,3,5,3,0,1,1,0,0,0,0,0,"13,42319646","52,50680107"
22162,142899,Berlin,2,2020,9,1,6,3,5,2,2,0,1,0,1,0,0,0,"13,40787261","52,50003066"
22163,142900,Berlin,12,2020,9,0,3,3,5,2,2,0,0,0,0,0,1,0,"13,31645409","52,56694048"
22164,142901,Berlin,5,2020,9,13,2,3,5,3,0,0,1,0,0,0,0,0,"13,16538035","52,55116515"
22165,142902,Berlin,1,2020,9,17,3,3,3,6,0,1,0,0,0,0,0,0,"13,42798723","52,50744677"
22166,142903,Berlin,9,2020,9,23,7,2,5,2,2,1,1,0,0,0,0,0,"13,57520752","52,42440961"
22167,142904,Berlin,4,2020,9,8,5,2,2,6,0,0,1,0,1,0,0,0,"13,28048857","52,5063603"
22168,142905,Berlin,1,2020,9,23,2,3,2,6,2,0,1,0,0,1,0,0,"13,35676366","52,50636984"
22169,142906,Berlin,9,2020,9,13,6,3,2,7,0,1,0,0,0,0,1,0,"13,5752033","52,44674247"
22170,142907,Berlin,1,2020,9,15,2,3,2,2,0,1,1,0,0,0,0,0,"13,38664992","52,51184393"
22171,142908,Berlin,5,2020,9,15,5,3,0,2,0,1,1,0,0,0,0,0,"13,20092095","52,51210163"
22172,142909,Berlin,3,2020,9,17,3,3,2,6,0,0,1,0,0,0,0,0,"13,48074479","52,60895277"
22173,142910,Berlin,12,2020,9,16,5,2,5,2,0,0,1,0,0,0,0,0,"13,32181125","52,56056258"
22174,142911,Berlin,9,2020,9,20,1,3,2,6,2,0,1,0,0,1,0,0,"13,47882981","52,45879307"
22175,142912,Berlin,11,2020,9,9,3,3,6,2,0,0,1,1,0,0,0,0,"13,47374092","52,53617217"
22176,142913,Berlin,4,2020,9,15,7,2,5,7,0,0,1,0,1,0,0,0,"13,29784772","52,49551812"
22177,142914,Berlin,11,2020,9,16,5,3,5,2,0,1,1,0,0,0,0,0,"13,54015721","52,56528317"
22178,142915,Berlin,1,2020,9,13,1,3,5,2,0,0,1,0,1,0,0,0,"13,36238973","52,55778006"
22179,142916,Berlin,2,2020,9,18,7,3,5,3,0,0,1,0,0,0,1,0,"13,43200863","52,49932717"
22180,142917,Berlin,1,2020,9,22,2,3,3,6,2,0,1,0,1,0,0,0,"13,37160151","52,51118607"
22181,142918,Berlin,1,2020,9,11,6,3,5,7,0,1,1,0,0,0,0,0,"13,37241321","52,53861743"
22182,142919,Berlin,4,2020,9,7,2,3,1,7,0,1,1,0,0,0,0,0,"13,28670746","52,48031065"
22183,142920,Berlin,4,2020,9,10,5,3,5,2,0,1,1,0,0,0,0,0,"13,28199884","52,50873928"
22184,142921,Berlin,11,2020,9,16,3,3,2,6,0,0,1,0,0,0,0,0,"13,50168847","52,57212682"
22185,142922,Berlin,1,2020,9,18,4,3,2,7,0,1,1,0,0,0,0,0,"13,33547673","52,52712959"
22186,142923,Berlin,4,2020,9,15,1,3,5,2,0,1,1,0,0,0,0,0,"13,32488177","52,50006419"
22187,142924,Berlin,4,2020,9,12,3,3,2,6,0,0,1,0,1,0,0,0,"13,27973341","52,51829172"
22188,142925,Berlin,9,2020,9,10,7,3,5,2,0,1,1,0,0,0,0,0,"13,51177717","52,44878869"
22189,142926,Berlin,1,2020,9,14,6,3,5,3,0,1,1,0,0,0,0,0,"13,39157629","52,51216174"
22190,142927,Berlin,9,2020,9,16,3,3,5,2,0,1,1,0,0,0,0,0,"13,5412926","52,43532149"
22191,142928,Berlin,12,2020,9,15,3,3,7,7,0,0,0,0,1,0,0,0,"13,36807509","52,60265911"
22192,142929,Berlin,6,2020,9,11,6,3,5,3,0,0,1,0,0,0,0,0,"13,35194228","52,41855965"
22193,142930,Berlin,10,2020,9,15,3,3,2,6,0,0,1,0,0,0,0,0,"13,55502513","52,56605298"
22194,142931,Berlin,3,2020,9,9,2,3,1,5,0,0,1,0,1,0,0,0,"13,37705508","52,59096947"
22195,142932,Berlin,6,2020,9,11,5,3,5,2,0,1,1,0,0,0,0,0,"13,32402307","52,46041316"
22196,142933,Berlin,1,2020,9,2,3,3,1,5,2,0,1,0,0,0,1,0,"13,35536118","52,53956032"
22197,142934,Berlin,6,2020,9,13,1,3,6,4,0,1,0,1,0,0,0,0,"13,23608367","52,44009725"
22198,142935,Berlin,4,2020,9,13,3,2,5,2,0,0,1,0,1,0,0,0,"13,3127972","52,48047375"
22199,142936,Berlin,9,2020,9,10,6,3,5,3,0,1,1,0,0,0,0,0,"13,55893645","52,42361208"
22200,142937,Berlin,4,2020,9,17,2,3,5,3,0,1,1,0,0,0,0,0,"13,33304352","52,48393442"
22201,142938,Berlin,10,2020,9,14,6,3,5,3,0,0,1,0,1,0,0,0,"13,61433085","52,50307867"
22202,142939,Berlin,1,2020,9,18,2,3,4,6,0,1,0,0,0,0,1,0,"13,37763051","52,50828148"
22203,142940,Berlin,2,2020,9,14,2,3,5,7,0,0,1,0,0,0,1,0,"13,40667614","52,49832752"
22204,142941,Berlin,5,2020,9,17,2,3,5,2,0,0,1,0,0,0,1,0,"13,21607265","52,52699902"
22205,142942,Berlin,5,2020,9,12,7,3,2,6,0,0,1,0,0,0,1,0,"13,18842788","52,51489767"
22206,142943,Berlin,12,2020,9,7,2,3,0,7,0,0,1,0,0,0,0,0,"13,28184359","52,60074694"
22207,142944,Berlin,2,2020,9,16,2,3,1,5,0,1,1,0,0,0,0,0,"13,43859906","52,50282339"
22208,142945,Berlin,4,2020,9,11,1,2,0,7,0,1,0,0,0,0,0,0,"13,26719829","52,51471819"
22209,142946,Berlin,8,2020,9,17,3,3,2,6,0,0,0,0,1,0,1,0,"13,45293848","52,45267626"
22210,142947,Berlin,8,2020,9,18,6,3,2,6,0,0,1,0,1,0,0,0,"13,43514387","52,48406732"
22211,142948,Berlin,2,2020,9,17,2,3,5,2,0,1,1,0,0,0,0,0,"13,42950089","52,52310078"
22212,142949,Berlin,5,2020,9,15,5,3,0,1,0,1,0,0,0,0,0,0,"13,21685317","52,52696036"
22213,142950,Berlin,11,2020,9,17,2,3,5,3,0,1,1,0,0,0,0,0,"13,46746443","52,54794322"
22214,142951,Berlin,3,2020,9,13,2,2,6,4,0,0,1,1,0,0,0,0,"13,37458302","52,58295583"
22215,142952,Berlin,4,2020,9,17,2,3,5,2,0,1,1,0,0,0,0,0,"13,33325292","52,48304997"
22216,142953,Berlin,4,2020,9,20,7,3,6,6,1,0,1,1,0,0,0,0,"13,29379556","52,51757905"
22217,142954,Berlin,7,2020,9,18,2,3,2,6,1,0,1,0,0,0,0,0,"13,35765349","52,48667705"
22218,142955,Berlin,2,2020,9,12,6,3,5,2,0,1,1,0,0,0,0,0,"13,40543568","52,48885695"
22219,142956,Berlin,12,2020,9,14,2,3,0,1,0,1,1,0,0,0,0,0,"13,30088172","52,59947248"
22220,142957,Berlin,8,2020,9,15,3,3,6,7,0,0,0,1,0,0,1,0,"13,46462383","52,47633982"
22221,142958,Berlin,7,2020,9,13,6,3,5,2,0,0,1,0,1,0,0,0,"13,36229052","52,47640689"
22222,142959,Berlin,12,2020,9,15,2,2,0,4,0,0,0,1,0,0,1,0,"13,3328558","52,59542287"
22223,142960,Berlin,3,2020,9,15,5,2,6,4,0,1,0,1,0,0,0,0,"13,46405129","52,52279025"
22224,142961,Berlin,7,2020,9,17,2,2,0,6,0,0,1,0,1,0,0,0,"13,36024151","52,47529548"
22225,142962,Berlin,1,2020,9,18,4,3,5,2,0,1,0,0,0,0,1,0,"13,38421291","52,50996571"
22226,142963,Berlin,2,2020,9,13,1,3,3,6,0,1,0,0,0,0,0,0,"13,42137854","52,49903451"
22227,142964,Berlin,2,2020,9,6,5,3,0,1,1,0,0,0,1,0,0,1,"13,45474285","52,51381771"
22228,142965,Berlin,7,2020,9,15,7,3,2,6,0,0,1,0,0,0,0,0,"13,40769809","52,45239028"
22229,142966,Berlin,3,2020,9,0,5,3,1,5,2,1,1,0,0,0,0,1,"13,42590562","52,54317855"
22230,142967,Berlin,7,2020,9,14,6,3,6,7,0,1,0,1,0,0,0,0,"13,36342444","52,47715397"
22231,142968,Berlin,1,2020,9,10,2,3,2,7,0,0,1,0,0,0,0,0,"13,33570827","52,54196115"
22232,142969,Berlin,3,2020,9,12,5,3,1,5,0,1,1,0,0,0,0,0,"13,39966771","52,54645947"
22233,142970,Berlin,7,2020,9,17,2,3,5,3,0,0,1,0,0,0,1,0,"13,37917949","52,48051353"
22234,142971,Berlin,11,2020,9,14,1,3,8,1,0,1,0,0,0,0,0,0,"13,55833937","52,57500162"
22235,142972,Berlin,1,2020,9,18,1,3,5,2,0,0,1,0,1,0,0,0,"13,3707944","52,51777916"
22236,142973,Berlin,2,2020,9,19,4,3,0,1,1,1,1,0,0,0,0,0,"13,45227722","52,51064275"
22237,142974,Berlin,9,2020,9,9,1,3,5,2,0,0,1,0,0,0,0,0,"13,47866932","52,47754922"
22238,142975,Berlin,1,2020,9,17,1,3,7,7,0,0,0,0,1,0,0,0,"13,39945181","52,54259795"
22239,142976,Berlin,5,2020,9,11,2,3,5,3,0,0,1,0,0,0,1,0,"13,12301037","52,47193538"
22240,142977,Berlin,9,2020,9,17,1,3,2,7,0,0,1,0,1,0,0,0,"13,55962394","52,44661087"
22241,142978,Berlin,1,2020,9,18,4,3,0,5,0,1,1,0,0,0,0,0,"13,40469826","52,53538832"
22242,142979,Berlin,12,2020,9,17,1,3,5,2,0,1,1,0,0,0,0,0,"13,32373872","52,58750981"
22243,142980,Berlin,3,2020,9,15,4,3,3,6,0,0,0,0,1,0,0,0,"13,43391612","52,54300773"
22244,142981,Berlin,6,2020,9,17,1,3,5,3,0,0,1,0,0,0,0,0,"13,27173792","52,42730196"
22245,142982,Berlin,12,2020,9,3,4,3,1,5,2,0,1,0,0,0,0,0,"13,35541819","52,56212011"
22246,142983,Berlin,6,2020,9,17,7,3,3,6,0,1,1,0,0,0,0,0,"13,32556636","52,43897587"
22247,142984,Berlin,12,2020,9,15,2,3,2,6,0,0,1,0,1,0,0,0,"13,29383243","52,59631052"
22248,142985,Berlin,1,2020,9,23,7,3,8,1,2,1,0,0,0,0,0,0,"13,41820512","52,52567002"
22249,142986,Berlin,12,2020,9,22,7,3,3,6,2,0,1,0,0,0,0,0,"13,32611813","52,5616564"
22250,142987,Berlin,10,2020,9,15,2,3,0,1,0,0,0,0,1,0,0,0,"13,55686658","52,53412078"
22251,142988,Berlin,12,2020,9,19,7,3,0,1,2,1,1,0,0,0,0,0,"13,34967321","52,60386845"
22252,142989,Berlin,4,2020,9,18,7,3,5,3,0,1,0,0,0,0,0,0,"13,30040925","52,50790505"
22253,142990,Berlin,2,2020,9,17,7,3,2,6,0,1,1,0,0,0,0,0,"13,41826295","52,50156599"
22254,142991,Berlin,1,2020,9,9,4,3,5,2,0,0,1,0,1,0,0,0,"13,34316297","52,52623804"
22255,142992,Berlin,3,2020,9,17,7,3,5,3,0,0,1,0,0,0,0,0,"13,42210628","52,57344535"
22256,142993,Berlin,4,2020,9,8,4,3,1,5,0,0,1,0,0,0,0,0,"13,28107008","52,53997649"
22257,142994,Berlin,2,2020,9,15,7,3,5,2,0,1,1,0,0,0,0,0,"13,40763226","52,48892418"
22258,142995,Berlin,9,2020,9,14,2,3,5,3,0,0,1,0,0,0,0,0,"13,5048923","52,46807267"
22259,142996,Berlin,12,2020,9,15,7,3,2,6,0,0,1,0,0,0,0,0,"13,31159999","52,56790371"
22260,142997,Berlin,12,2020,9,14,7,3,1,5,0,1,1,0,0,0,0,0,"13,32450525","52,5649765"
22261,142998,Berlin,1,2020,9,13,7,3,6,4,0,1,0,1,0,0,0,0,"13,38312431","52,5305112"
22262,142999,Berlin,3,2020,9,8,4,3,5,3,0,0,1,0,0,0,0,0,"13,39261872","52,58218627"
22263,143000,Berlin,12,2020,9,13,1,3,2,7,0,1,0,0,0,0,0,0,"13,28315975","52,59141033"
22264,143001,Berlin,1,2020,9,13,7,3,5,3,0,0,1,0,0,0,1,0,"13,34196462","52,51789627"
22265,143002,Berlin,3,2020,9,7,2,3,0,6,0,1,0,0,0,0,1,0,"13,40507743","52,58157298"
22266,143003,Berlin,12,2020,9,8,4,3,0,3,0,0,1,0,0,0,1,0,"13,35489408","52,59662669"
22267,143004,Berlin,3,2020,9,11,7,3,2,6,0,0,1,0,1,0,0,0,"13,46179013","52,59395142"
22268,143005,Berlin,1,2020,9,8,4,2,6,4,0,1,0,1,0,0,0,0,"13,41723356","52,51255233"
22269,143006,Berlin,12,2020,9,11,7,3,8,1,0,0,0,0,1,0,0,0,"13,32653152","52,60465522"
22270,143007,Berlin,10,2020,9,6,3,3,5,2,0,0,1,0,0,0,0,0,"13,56851339","52,56950081"
22271,143008,Berlin,5,2020,9,8,4,3,5,5,0,0,1,0,1,0,0,0,"13,21233593","52,53210878"
22272,143009,Berlin,3,2020,9,11,7,2,5,2,0,1,1,0,0,0,0,0,"13,41589287","52,53652308"
22273,143010,Berlin,1,2020,9,13,2,3,2,6,0,1,1,0,0,0,0,0,"13,39111974","52,51469544"
22274,143011,Berlin,2,2020,9,10,7,3,5,3,0,1,1,0,0,0,0,0,"13,42770468","52,49625403"
22275,143012,Berlin,1,2020,9,10,7,3,5,3,0,0,1,0,0,0,0,0,"13,39995682","52,53786063"
22276,143013,Berlin,11,2020,9,9,7,3,5,3,0,0,1,0,0,0,0,0,"13,49866634","52,54449152"
22277,143014,Berlin,2,2020,9,8,4,3,5,3,0,1,1,0,0,0,0,0,"13,41928649","52,48758968"
22278,143015,Berlin,1,2020,9,13,1,3,1,7,0,0,1,0,1,0,0,0,"13,40318461","52,52473835"
22279,143016,Berlin,7,2020,9,3,7,3,0,1,2,0,0,0,0,0,1,0,"13,33828136","52,48572192"
22280,143017,Berlin,5,2020,9,12,2,3,5,3,0,0,1,0,0,0,0,0,"13,19115778","52,54981704"
22281,143018,Berlin,5,2020,9,23,7,3,0,6,2,0,1,0,0,0,1,0,"13,20205493","52,53955332"
22282,143019,Berlin,6,2020,9,7,4,2,5,2,0,1,1,0,0,0,0,0,"13,34450247","52,43776555"
22283,143020,Berlin,6,2020,9,8,6,3,1,5,0,1,1,0,0,0,0,0,"13,33340178","52,43919794"
22284,143021,Berlin,12,2020,9,16,6,3,5,2,0,0,1,0,0,0,0,0,"13,32191449","52,56051543"
22285,143022,Berlin,4,2020,9,18,2,3,5,2,0,1,1,0,0,0,0,0,"13,29722826","52,51172096"
22286,143023,Berlin,6,2020,9,16,6,3,5,3,0,1,1,0,0,0,0,0,"13,33712832","52,44557056"
22287,143024,Berlin,3,2020,9,20,6,2,0,1,2,1,0,0,0,0,0,0,"13,42426672","52,55211971"
22288,143025,Berlin,1,2020,9,18,6,3,6,4,1,1,0,1,0,0,0,0,"13,4187702","52,50788105"
22289,143026,Berlin,7,2020,9,6,4,3,5,3,0,1,1,0,0,0,0,0,"13,37092847","52,49260063"
22290,143027,Berlin,1,2020,9,12,1,3,5,3,0,0,1,0,0,0,0,0,"13,35293519","52,55325481"
22291,143028,Berlin,3,2020,9,10,6,2,5,2,0,1,1,0,0,0,0,0,"13,43886336","52,555456"
22292,143029,Berlin,6,2020,9,12,2,2,0,1,0,1,0,0,0,0,0,0,"13,18433132","52,42406775"
22293,143030,Berlin,9,2020,9,9,6,3,6,4,0,0,0,1,0,1,0,0,"13,54029417","52,43496216"
22294,143031,Berlin,7,2020,9,4,4,3,8,7,2,0,1,0,0,0,0,0,"13,40163895","52,45934604"
22295,143032,Berlin,9,2020,9,8,6,3,5,3,0,1,1,0,0,0,0,0,"13,57395122","52,4018658"
22296,143033,Berlin,12,2020,9,14,4,3,5,3,0,1,0,0,0,0,0,0,"13,30006829","52,56978739"
22297,143034,Berlin,2,2020,9,8,6,3,5,3,0,1,1,0,0,0,0,0,"13,42642976","52,4993734"
22298,143035,Berlin,2,2020,9,13,4,3,5,2,0,0,1,0,0,0,1,0,"13,45079565","52,52719813"
22299,143036,Berlin,9,2020,9,13,4,3,2,3,0,0,1,0,0,1,0,0,"13,55350714","52,44624098"
22300,143037,Berlin,9,2020,9,7,6,3,0,1,0,1,0,0,0,0,0,0,"13,49419163","52,46056565"
22301,143038,Berlin,5,2020,9,7,6,3,5,5,0,0,1,0,1,0,0,0,"13,19274875","52,53601832"
22302,143039,Berlin,2,2020,9,15,4,2,5,3,0,1,1,0,0,0,0,0,"13,39425865","52,50695281"
22303,143040,Berlin,10,2020,9,7,6,3,0,6,0,0,1,0,0,0,1,0,"13,5904128","52,52975809"
22304,143041,Berlin,7,2020,9,16,2,3,5,2,0,1,1,0,0,0,0,0,"13,38308078","52,43396372"
22305,143042,Berlin,2,2020,9,8,6,3,2,6,0,0,1,0,0,0,0,0,"13,3783134","52,48501903"
22306,143043,Berlin,5,2020,9,17,6,3,5,2,0,1,1,0,0,0,0,0,"13,19547677","52,5291661"
22307,143044,Berlin,12,2020,9,22,6,3,5,3,2,0,1,0,0,0,0,0,"13,31034934","52,62469464"
22308,143045,Berlin,4,2020,9,13,4,3,3,6,0,0,1,0,1,0,0,0,"13,30451748","52,50354539"
22309,143046,Berlin,8,2020,9,21,6,3,6,4,2,0,1,1,0,0,0,0,"13,42239286","52,49534252"
22310,143047,Berlin,4,2020,9,13,4,3,5,2,0,1,0,0,0,0,0,0,"13,32990043","52,4821338"
22311,143048,Berlin,10,2020,9,22,6,3,5,3,2,1,1,0,0,0,0,0,"13,56175255","52,54994788"
22312,143049,Berlin,7,2020,9,14,2,3,5,2,0,0,1,0,1,0,0,0,"13,36583167","52,44916953"
22313,143050,Berlin,11,2020,9,1,6,3,8,1,2,0,1,0,0,0,0,0,"13,52708985","52,56932554"
22314,143051,Berlin,4,2020,9,18,6,3,0,5,0,1,0,0,0,0,1,0,"13,30845045","52,50006732"
22315,143052,Berlin,5,2020,9,15,2,3,2,6,0,0,1,0,0,0,0,0,"13,1889692","52,52176657"
22316,143053,Berlin,5,2020,9,7,6,2,5,3,0,1,1,0,0,0,0,0,"13,20782588","52,52834441"
22317,143054,Berlin,3,2020,9,1,6,3,8,1,2,0,1,0,0,0,0,0,"13,45543422","52,5412883"
22318,143055,Berlin,3,2020,9,0,6,2,0,1,2,1,0,0,0,0,0,0,"13,41545066","52,5339901"
22319,143056,Berlin,4,2020,9,14,4,3,3,6,0,1,1,0,0,0,0,0,"13,32421857","52,50225717"
22320,143057,Berlin,11,2020,9,14,6,2,2,6,0,0,1,0,0,0,0,0,"13,527303","52,49143187"
22321,143058,Berlin,3,2020,9,2,3,3,8,1,2,0,1,0,0,0,0,0,"13,46284434","52,53218693"
22322,143059,Berlin,3,2020,9,12,4,2,5,2,0,1,1,0,0,0,0,0,"13,42679336","52,57181288"
22323,143060,Berlin,7,2020,9,13,6,3,1,5,0,1,1,0,0,0,1,0,"13,34955176","52,48943232"
22324,143061,Berlin,2,2020,9,20,2,3,5,3,1,1,1,0,0,0,0,0,"13,4185562","52,49873933"
22325,143062,Berlin,5,2020,9,14,6,3,5,3,0,0,1,0,1,0,0,0,"13,20059567","52,53427855"
22326,143063,Berlin,2,2020,9,13,6,3,5,3,0,1,0,0,0,0,0,0,"13,40670568","52,49503303"
22327,143064,Berlin,12,2020,9,13,6,2,6,4,0,0,1,1,0,0,0,0,"13,33149908","52,56306712"
22328,143065,Berlin,11,2020,9,12,4,2,5,3,0,1,1,0,0,0,0,0,"13,52601003","52,49346188"
22329,143066,Berlin,9,2020,9,16,1,2,5,3,0,0,1,0,1,0,0,0,"13,53138381","52,40509364"
22330,143067,Berlin,12,2020,9,13,6,2,5,2,0,1,1,0,0,0,0,0,"13,21723959","52,61119603"
22331,143068,Berlin,7,2020,9,13,6,3,2,6,0,0,1,0,0,0,0,0,"13,34965975","52,50257511"
22332,143069,Berlin,1,2020,9,12,6,3,5,3,0,1,1,0,0,0,0,0,"13,36572026","52,54241081"
22333,143070,Berlin,10,2020,9,11,4,3,5,3,0,1,1,0,0,0,0,0,"13,55611112","52,52007803"
22334,143071,Berlin,1,2020,9,15,1,2,5,2,0,1,1,0,0,0,0,0,"13,35111536","52,50963081"
22335,143072,Berlin,6,2020,9,12,6,3,5,3,0,0,1,0,0,0,0,0,"13,30496921","52,41014904"
22336,143073,Berlin,11,2020,9,13,2,3,0,3,0,0,1,0,0,0,0,0,"13,48663575","52,54094376"
22337,143074,Berlin,5,2020,9,12,6,2,6,4,0,0,1,1,0,0,0,0,"13,20236888","52,54653735"
22338,143075,Berlin,8,2020,9,17,2,3,5,2,0,1,1,0,0,0,0,0,"13,46325693","52,47077625"
22339,143076,Berlin,9,2020,9,17,2,3,2,4,0,0,1,1,0,0,0,0,"13,51440249","52,46235677"
22340,143077,Berlin,1,2020,9,11,6,3,5,2,0,1,1,0,0,0,0,0,"13,38091894","52,5163701"
22341,143078,Berlin,1,2020,9,11,6,3,5,3,0,0,1,0,1,0,0,0,"13,36979472","52,55294578"
22342,143079,Berlin,1,2020,9,11,6,3,5,2,0,1,0,0,0,0,1,0,"13,40090489","52,52083929"
22343,143080,Berlin,1,2020,9,6,4,3,5,2,0,1,1,0,0,0,0,0,"13,41808519","52,51566861"
22344,143081,Berlin,5,2020,9,13,1,3,2,6,0,0,1,0,1,0,0,0,"13,17049042","52,51844613"
22345,143082,Berlin,12,2020,9,10,6,2,5,3,0,0,1,0,0,0,1,0,"13,30444592","52,62184783"
22346,143083,Berlin,2,2020,9,6,2,3,5,2,2,1,1,0,0,0,0,0,"13,38582718","52,48503473"
22347,143084,Berlin,11,2020,9,16,2,2,1,5,0,0,1,0,0,0,0,0,"13,53151358","52,5093862"
22348,143085,Berlin,11,2020,9,10,6,3,5,2,0,0,1,0,0,0,1,0,"13,4917368","52,5341706"
22349,143086,Berlin,3,2020,9,12,2,3,0,1,0,1,0,0,0,0,0,0,"13,41246617","52,54525403"
22350,143087,Berlin,6,2020,9,16,2,2,1,5,0,1,1,0,0,0,0,0,"13,31386626","52,45936948"
22351,143088,Berlin,4,2020,9,15,6,3,5,3,0,1,1,0,0,0,0,0,"13,31355449","52,51528413"
22352,143089,Berlin,9,2020,9,15,4,2,6,4,0,0,1,1,0,0,0,0,"13,51136186","52,45788663"
22353,143090,Berlin,5,2020,9,15,6,3,5,3,0,1,1,0,0,0,0,0,"13,15930846","52,52965849"
22354,143091,Berlin,6,2020,9,17,4,3,0,4,0,0,0,1,0,0,1,0,"13,32372047","52,45619197"
22355,143092,Berlin,1,2020,9,15,6,3,5,2,0,0,1,0,0,0,0,0,"13,35713501","52,5451552"
22356,143093,Berlin,3,2020,9,15,6,2,0,6,0,1,0,0,0,0,1,0,"13,38184012","52,5736725"
22357,143094,Berlin,4,2020,9,17,4,3,5,7,0,0,1,0,1,0,0,0,"13,29663268","52,54817676"
22358,143095,Berlin,9,2020,9,16,6,3,2,6,0,1,1,0,0,0,0,0,"13,50050075","52,44735697"
22359,143096,Berlin,3,2020,9,15,2,3,5,3,0,1,1,0,0,0,0,0,"13,42623543","52,54304896"
22360,143097,Berlin,1,2020,9,23,2,3,5,2,2,1,0,0,1,0,0,0,"13,35095673","52,52438487"
22361,143098,Berlin,1,2020,9,16,6,3,3,6,0,1,0,0,0,0,1,0,"13,38535436","52,55030194"
22362,143099,Berlin,12,2020,9,15,6,3,5,2,0,0,1,0,1,0,0,0,"13,35387526","52,56209047"
22363,143100,Berlin,1,2020,9,16,6,3,1,5,0,1,1,0,0,0,0,0,"13,39115165","52,51448566"