,id,city,district,year,month,hour,weekday,injury_level,collision,movement,light_conditions,bicycle,car,pedestrian,motorbike,truck,other_vehicle,road_conditions,longitude,latitude
22364,143101,Berlin,9,2020,9,16,4,3,5,2,0,1,1,0,0,0,0,0,"13,54503014","52,43683208"
22365,143102,Berlin,4,2020,9,17,6,3,2,6,0,0,1,0,0,0,0,0,"13,25828841","52,51824852"
22366,143103,Berlin,1,2020,9,15,6,3,5,2,0,0,1,0,0,0,1,0,"13,37110824","52,5012069"
22367,143104,Berlin,2,2020,9,17,6,3,5,2,0,1,0,0,1,0,0,0,"13,41969942","52,49552391"
22368,143105,Berlin,1,2020,9,16,4,3,0,2,0,1,1,0,0,0,0,0,"13,39418569","52,50791873"
22369,143106,Berlin,11,2020,9,17,6,3,5,2,0,1,1,0,0,0,0,0,"13,47946036","52,52321522"
22370,143107,Berlin,4,2020,9,15,4,3,5,2,0,0,1,0,0,0,1,0,"13,31992723","52,50175674"
22371,143108,Berlin,5,2020,9,17,6,2,5,3,0,0,1,0,1,0,0,0,"13,15868278","52,53313611"
22372,143109,Berlin,1,2020,9,14,2,2,6,4,0,1,0,1,0,0,0,0,"13,4005034","52,52364693"
22373,143110,Berlin,9,2020,9,9,2,2,5,3,0,1,1,0,0,0,0,0,"13,58355995","52,45158286"
22374,143111,Berlin,1,2020,9,14,6,3,3,6,0,1,1,0,0,0,0,0,"13,33670265","52,52658411"
22375,143112,Berlin,4,2020,9,14,6,2,6,4,0,0,1,1,0,0,0,0,"13,32214337","52,52108866"
22376,143113,Berlin,1,2020,9,19,6,3,6,7,2,0,1,1,0,0,0,0,"13,40731628","52,51297599"
22377,143114,Berlin,11,2020,9,15,4,3,5,2,0,1,1,0,0,0,0,0,"13,45904486","52,52610547"
22378,143115,Berlin,12,2020,9,12,1,3,5,2,0,1,1,0,0,0,0,0,"13,31651046","52,5668233"
22379,143116,Berlin,4,2020,9,19,6,3,5,3,0,1,1,0,0,0,0,0,"13,28667832","52,49589282"
22380,143117,Berlin,1,2020,9,21,2,2,6,4,2,0,1,1,0,0,0,0,"13,40595243","52,5192298"
22381,143118,Berlin,3,2020,9,14,3,3,6,7,0,1,0,1,0,0,0,0,"13,39656902","52,58026967"
22382,143119,Berlin,11,2020,9,18,6,3,5,3,0,1,1,0,0,0,0,0,"13,51949653","52,48734149"
22383,143120,Berlin,1,2020,9,19,2,3,5,3,1,1,0,0,1,0,0,0,"13,3637418","52,50078193"
22384,143121,Berlin,1,2020,9,7,3,2,0,1,0,0,0,0,1,0,0,0,"13,34701137","52,54391081"
22385,143122,Berlin,2,2020,9,18,3,3,2,6,1,0,1,0,0,0,0,0,"13,42234319","52,49276495"
22386,143123,Berlin,4,2020,9,8,6,3,0,3,0,1,0,0,0,0,0,0,"13,31983026","52,46880718"
22387,143124,Berlin,10,2020,9,13,2,3,5,2,0,0,1,0,0,0,0,0,"13,58791724","52,52077754"
22388,143125,Berlin,1,2020,9,18,6,3,5,3,0,1,1,0,0,0,0,0,"13,379669","52,52131941"
22389,143126,Berlin,1,2020,9,18,6,3,0,3,0,1,1,0,0,0,0,0,"13,40583785","52,51047949"
22390,143127,Berlin,6,2020,9,17,6,2,5,3,0,0,1,0,1,0,0,0,"13,32170953","52,4356671"
22391,143128,Berlin,12,2020,9,13,3,3,2,6,0,1,1,0,0,0,0,0,"13,31046117","52,60387609"
22392,143129,Berlin,4,2020,9,1,1,2,9,1,2,1,0,0,0,0,0,0,"13,33103068","52,48930867"
22393,143130,Berlin,5,2020,9,17,6,2,1,5,0,1,1,0,0,0,0,0,"13,1447701","52,45247824"
22394,143131,Berlin,9,2020,9,12,2,3,2,6,0,1,1,0,0,0,0,0,"13,56918446","52,44435517"
22395,143132,Berlin,4,2020,9,9,2,3,5,2,0,1,1,0,0,0,0,0,"13,33578065","52,51369902"
22396,143133,Berlin,11,2020,9,9,5,3,0,6,0,1,0,0,0,0,1,0,"13,48282131","52,50634232"
22397,143134,Berlin,9,2020,9,9,2,3,5,2,0,0,0,0,0,1,1,0,"13,55437701","52,45569575"
22398,143135,Berlin,4,2020,9,12,5,3,5,3,0,1,1,0,0,0,0,0,"13,31137982","52,54686119"
22399,143136,Berlin,10,2020,9,15,5,3,3,6,0,1,1,0,0,0,0,0,"13,55090172","52,51510996"
22400,143137,Berlin,2,2020,9,15,5,3,5,3,0,1,1,0,0,0,0,0,"13,41452431","52,50012217"
22401,143138,Berlin,3,2020,9,17,5,3,5,3,0,1,1,0,0,0,0,0,"13,42882999","52,58450672"
22402,143139,Berlin,3,2020,9,13,5,3,4,5,0,0,0,0,0,0,1,0,"13,46241794","52,54997646"
22403,143140,Berlin,8,2020,9,19,5,3,5,2,1,1,0,0,0,0,1,0,"13,42401752","52,48652401"
22404,143141,Berlin,9,2020,9,10,3,3,0,2,0,1,1,0,0,0,0,0,"13,5445093","52,43314083"
22405,143142,Berlin,9,2020,9,23,1,2,8,1,2,1,0,0,0,0,0,0,"13,65565803","52,42054554"
22406,143143,Berlin,12,2020,9,23,5,3,1,5,2,0,1,0,0,0,0,0,"13,33209536","52,59019136"
22407,143144,Berlin,8,2020,9,17,2,3,2,7,0,0,1,0,0,1,0,0,"13,442969","52,4678221"
22408,143145,Berlin,1,2020,9,22,5,3,5,3,2,0,1,0,0,0,0,0,"13,35708407","52,54506056"
22409,143146,Berlin,3,2020,9,7,3,3,5,2,0,0,1,0,0,0,1,0,"13,45719298","52,56099331"
22410,143147,Berlin,1,2020,9,21,5,3,0,1,2,0,0,0,1,0,0,0,"13,34160889","52,55376868"
22411,143148,Berlin,11,2020,9,7,3,3,1,6,0,1,1,0,0,0,0,0,"13,49021661","52,53900561"
22412,143149,Berlin,9,2020,9,20,5,3,2,6,2,0,1,0,0,0,0,0,"13,55908146","52,4485181"
22413,143150,Berlin,5,2020,9,7,3,3,0,1,0,0,0,0,1,0,0,0,"13,18206802","52,48697878"
22414,143151,Berlin,8,2020,9,20,5,3,2,6,2,0,1,0,0,0,0,0,"13,44609321","52,47883351"
22415,143152,Berlin,12,2020,9,15,2,3,2,6,0,0,1,0,0,0,0,0,"13,34459351","52,58917631"
22416,143153,Berlin,9,2020,9,7,2,2,5,3,0,1,1,0,0,0,0,0,"13,55328761","52,46958191"
22417,143154,Berlin,2,2020,9,7,3,3,5,3,0,1,1,0,0,0,0,0,"13,44054237","52,51349144"
22418,143155,Berlin,4,2020,9,19,5,3,6,2,1,0,1,1,0,0,0,0,"13,29055785","52,47522807"
22419,143156,Berlin,4,2020,9,16,2,3,3,6,0,0,1,0,1,0,0,0,"13,28007213","52,51847611"
22420,143157,Berlin,2,2020,9,19,5,3,5,2,1,1,1,0,0,0,0,0,"13,47178602","52,50777016"
22421,143158,Berlin,11,2020,9,18,5,3,5,2,0,1,1,0,0,0,0,0,"13,54007038","52,56527258"
22422,143159,Berlin,3,2020,9,18,5,3,1,6,0,1,1,0,0,0,0,0,"13,41435733","52,55209279"
22423,143160,Berlin,10,2020,9,7,3,2,5,2,0,0,1,0,1,0,0,0,"13,56562399","52,57043807"
22424,143161,Berlin,1,2020,9,16,5,3,5,2,0,1,1,0,0,0,0,0,"13,36925825","52,54619484"
22425,143162,Berlin,11,2020,9,7,3,3,3,6,0,1,0,0,0,0,0,0,"13,47924934","52,52531568"
22426,143163,Berlin,7,2020,9,18,5,3,5,3,0,0,1,0,1,0,0,0,"13,36360398","52,47671923"
22427,143164,Berlin,7,2020,9,14,2,3,5,3,0,1,1,0,0,0,0,0,"13,37222948","52,45571701"
22428,143165,Berlin,3,2020,9,17,5,3,5,3,0,0,1,0,1,0,0,0,"13,40037011","52,56920634"
22429,143166,Berlin,8,2020,9,17,5,3,5,3,0,1,1,0,0,0,0,0,"13,4280662","52,47355407"
22430,143167,Berlin,7,2020,9,17,5,3,6,4,0,1,0,1,0,0,0,0,"13,34041202","52,48785156"
22431,143168,Berlin,6,2020,9,7,3,3,5,2,0,1,1,0,0,0,0,0,"13,30608077","52,46587695"
22432,143169,Berlin,2,2020,9,16,5,3,2,6,0,1,1,0,0,0,0,0,"13,41551347","52,4959374"
22433,143170,Berlin,1,2020,9,12,5,3,5,3,0,0,1,0,0,0,0,0,"13,37869191","52,52819948"
22434,143171,Berlin,4,2020,9,11,5,3,0,6,0,1,1,0,0,0,0,0,"13,31442998","52,47333369"
22435,143172,Berlin,2,2020,9,23,3,3,5,2,2,1,1,0,0,0,0,0,"13,42627778","52,51588907"
22436,143173,Berlin,2,2020,9,11,5,3,5,2,0,1,0,0,0,0,1,0,"13,40285454","52,49403916"
22437,143174,Berlin,4,2020,9,6,3,2,5,2,0,0,1,0,1,0,0,0,"13,27991659","52,52059777"
22438,143175,Berlin,1,2020,9,23,3,3,5,2,2,1,1,0,0,0,0,0,"13,35066131","52,53244618"
22439,143176,Berlin,2,2020,9,11,5,3,5,3,0,1,1,0,0,0,0,0,"13,38743896","52,4928489"
22440,143177,Berlin,2,2020,9,21,2,3,2,7,2,1,1,0,0,0,0,0,"13,46133889","52,51174685"
22441,143178,Berlin,1,2020,9,7,2,3,0,2,0,1,1,0,0,0,0,0,"13,40039885","52,53949949"
22442,143179,Berlin,2,2020,9,10,5,3,5,3,0,0,1,0,0,0,1,0,"13,43577576","52,49987827"
22443,143180,Berlin,1,2020,9,10,5,3,2,3,0,1,1,0,0,0,0,0,"13,34787969","52,54850083"
22444,143181,Berlin,6,2020,9,10,5,2,5,2,0,1,1,0,0,0,0,0,"13,272083","52,45345607"
22445,143182,Berlin,8,2020,9,21,3,3,0,2,2,0,1,0,1,0,0,0,"13,4521609","52,4526015"
22446,143183,Berlin,5,2020,9,20,1,3,6,2,1,0,1,1,0,0,0,0,"13,19928821","52,53480898"
22447,143184,Berlin,6,2020,9,9,5,3,5,2,0,0,1,0,0,0,1,0,"13,28694437","52,42249638"
22448,143185,Berlin,1,2020,9,12,2,3,6,4,0,1,0,1,0,0,0,0,"13,3569884","52,50470161"
22449,143186,Berlin,3,2020,9,8,5,3,5,2,0,0,1,0,1,0,0,0,"13,41042474","52,53923918"
22450,143187,Berlin,1,2020,9,20,1,3,1,5,1,0,1,0,0,0,1,0,"13,37942237","52,5334826"
22451,143188,Berlin,7,2020,9,8,5,3,1,5,0,1,1,0,0,0,0,0,"13,36107569","52,4978923"
22452,143189,Berlin,4,2020,9,19,2,3,6,2,1,0,1,1,0,0,0,0,"13,32274741","52,48643806"
22453,143190,Berlin,5,2020,9,8,5,3,3,2,0,0,1,0,1,0,0,0,"13,19862049","52,53280469"
22454,143191,Berlin,1,2020,9,18,2,3,5,3,0,0,1,0,0,0,1,0,"13,39431822","52,54741344"
22455,143192,Berlin,2,2020,9,15,5,3,0,3,0,0,1,0,1,0,0,0,"13,47009853","52,50629302"
22456,143193,Berlin,1,2020,9,15,5,3,2,6,0,0,1,0,0,0,0,0,"13,35059064","52,51225784"
22457,143194,Berlin,5,2020,9,14,5,2,5,3,0,0,1,0,1,0,0,0,"13,20555103","52,54167994"
22458,143195,Berlin,3,2020,9,18,3,3,6,4,0,1,0,1,0,0,0,0,"13,43866207","52,54799116"
22459,143196,Berlin,5,2020,9,18,1,2,5,2,1,0,1,0,0,0,0,0,"13,18459307","52,54750687"
22460,143197,Berlin,12,2020,9,14,5,2,5,3,0,0,1,0,0,0,0,0,"13,229096","52,5732058"
22461,143198,Berlin,4,2020,9,11,2,3,2,2,0,0,1,0,0,0,0,0,"13,28036817","52,51825952"
22462,143199,Berlin,12,2020,9,14,5,2,5,3,0,0,1,0,0,0,0,0,"13,23714134","52,61161771"
22463,143200,Berlin,4,2020,9,14,5,3,5,2,0,1,1,0,0,0,0,0,"13,30476531","52,49343104"
22464,143201,Berlin,6,2020,9,20,3,3,2,6,2,1,1,0,0,0,0,0,"13,33225643","52,4178613"
22465,143202,Berlin,1,2020,9,14,3,3,2,6,0,1,0,0,0,0,0,0,"13,35887335","52,5542336"
22466,143203,Berlin,6,2020,9,13,5,3,6,2,0,0,0,1,0,0,1,0,"13,32088501","52,45681926"
22467,143204,Berlin,7,2020,9,7,3,3,5,3,0,1,1,0,0,0,0,0,"13,40210311","52,41313752"
22468,143205,Berlin,7,2020,9,13,5,3,1,5,0,0,1,0,0,0,0,0,"13,38930879","52,45698429"
22469,143206,Berlin,4,2020,9,12,5,2,5,3,0,0,1,0,0,0,0,0,"13,29493386","52,53962644"
22470,143207,Berlin,1,2020,9,6,3,3,5,7,1,1,1,0,0,0,0,0,"13,37118123","52,50392947"
22471,143208,Berlin,12,2020,9,13,5,2,5,2,0,1,0,0,0,1,0,0,"13,36098923","52,57703522"
22472,143209,Berlin,11,2020,9,13,2,3,6,4,0,0,1,1,0,0,0,0,"13,5048631","52,56338934"
22473,143210,Berlin,1,2020,9,8,5,3,3,2,0,1,0,0,1,0,0,0,"13,39203867","52,50958029"
22474,143211,Berlin,1,2020,9,7,5,3,0,6,0,0,1,0,1,0,0,0,"13,40977616","52,52862844"
22475,143212,Berlin,4,2020,9,7,5,3,2,6,0,1,1,0,0,0,0,0,"13,33326966","52,48111078"
22476,143213,Berlin,1,2020,9,6,3,2,5,3,0,0,1,0,1,0,0,0,"13,39079144","52,51573857"
22477,143214,Berlin,11,2020,9,7,5,3,5,3,0,0,1,0,0,0,0,0,"13,51644768","52,50562212"
22478,143215,Berlin,4,2020,9,7,3,3,5,2,0,1,1,0,0,0,0,0,"13,26372065","52,51463401"
22479,143216,Berlin,3,2020,9,5,3,3,2,6,0,0,1,0,0,0,1,0,"13,38503586","52,5912075"
22480,143217,Berlin,6,2020,9,6,5,3,2,2,0,0,1,0,1,0,0,0,"13,316803","52,4257572"
22481,143218,Berlin,3,2020,9,6,5,3,2,6,0,0,1,0,0,0,0,0,"13,41506104","52,55383425"
22482,143219,Berlin,9,2020,9,0,3,2,8,1,2,1,0,0,0,0,0,0,"13,45499802","52,49699649"
22483,143220,Berlin,12,2020,9,15,4,3,2,7,0,0,1,0,0,0,0,0,"13,28656657","52,59138511"
22484,143221,Berlin,7,2020,9,14,2,3,2,6,0,0,1,0,0,0,0,0,"13,38219296","52,39932926"
22485,143222,Berlin,1,2020,9,15,4,3,0,3,0,1,0,0,0,0,1,0,"13,3862471","52,53874"
22486,143223,Berlin,11,2020,9,10,4,2,6,7,0,1,0,1,0,0,0,0,"13,50951004","52,4961343"
22487,143224,Berlin,1,2020,9,21,4,3,2,6,2,0,1,0,0,0,1,0,"13,38714754","52,526834"
22488,143225,Berlin,1,2020,9,8,3,3,1,5,0,1,0,0,0,0,1,0,"13,38899772","52,51598071"
22489,143226,Berlin,8,2020,9,14,4,3,4,6,0,0,0,0,1,0,1,0,"13,42131757","52,46738921"
22490,143227,Berlin,9,2020,9,0,3,3,2,6,2,0,1,0,1,0,0,0,"13,50334431","52,46059052"
22491,143228,Berlin,2,2020,9,7,3,3,5,2,0,1,1,0,0,0,0,0,"13,43027202","52,51535903"
22492,143229,Berlin,5,2020,9,8,4,3,6,7,0,1,0,1,0,0,0,0,"13,26687156","52,53236604"
22493,143230,Berlin,4,2020,9,20,2,3,5,2,1,0,1,0,0,0,0,0,"13,30796791","52,50656675"
22494,143231,Berlin,12,2020,9,20,4,2,7,7,0,1,0,0,0,0,0,0,"13,29551446","52,64246198"
22495,143232,Berlin,9,2020,9,11,4,3,2,6,0,0,1,0,0,0,0,0,"13,59630244","52,43710802"
22496,143233,Berlin,12,2020,9,14,2,3,3,6,0,0,1,0,1,0,0,0,"13,36575824","52,56289383"
22497,143234,Berlin,12,2020,9,11,4,3,5,2,0,0,1,0,1,0,0,0,"13,2356592","52,62073911"
22498,143235,Berlin,4,2020,9,23,4,3,1,5,2,0,1,0,0,0,0,0,"13,32476033","52,51011342"
22499,143236,Berlin,8,2020,9,22,4,3,0,1,2,1,0,0,0,0,0,0,"13,43787704","52,47828009"
22500,143237,Berlin,4,2020,9,8,3,3,5,3,0,1,1,0,0,0,0,0,"13,30010137","52,50976583"
22501,143238,Berlin,9,2020,9,18,1,3,2,6,0,0,1,0,0,0,0,0,"13,45405621","52,494042"
22502,143239,Berlin,12,2020,9,22,4,2,5,2,2,1,1,0,0,0,0,0,"13,3297256","52,56316391"
22503,143240,Berlin,12,2020,9,13,2,3,3,6,0,0,1,0,1,0,0,0,"13,28445461","52,59450403"
22504,143241,Berlin,11,2020,9,7,2,3,5,2,0,1,1,0,0,0,0,0,"13,52546575","52,48152865"
22505,143242,Berlin,1,2020,9,21,4,3,1,5,2,1,1,0,0,0,0,0,"13,4081816","52,52894472"
22506,143243,Berlin,1,2020,9,16,1,3,1,5,0,1,1,0,0,0,0,0,"13,41589741","52,52742098"
22507,143244,Berlin,4,2020,9,20,4,3,1,5,2,1,1,0,0,0,0,0,"13,33903036","52,50335605"
22508,143245,Berlin,4,2020,9,20,4,3,5,2,2,0,1,0,1,0,0,0,"13,32165816","52,49171356"
22509,143246,Berlin,4,2020,9,20,4,3,5,3,2,1,1,0,0,0,0,0,"13,32307679","52,49155304"
22510,143247,Berlin,11,2020,9,8,3,3,5,2,0,1,1,0,0,0,0,0,"13,51914416","52,50979792"
22511,143248,Berlin,4,2020,9,17,2,3,5,2,0,1,1,0,0,0,0,0,"13,33838414","52,50522156"
22512,143249,Berlin,6,2020,9,18,4,2,5,2,0,0,1,0,0,0,0,0,"13,31328308","52,43540188"
22513,143250,Berlin,12,2020,9,5,6,3,5,2,2,1,1,0,0,0,0,1,"13,32970261","52,56317708"
22514,143251,Berlin,3,2020,9,14,4,2,6,4,0,1,0,1,0,0,0,0,"13,40656321","52,57579121"
22515,143252,Berlin,7,2020,9,5,2,3,0,1,2,0,0,0,1,0,0,1,"13,34480605","52,48558128"
22516,143253,Berlin,12,2020,9,9,4,3,2,6,0,0,1,0,1,0,0,0,"13,32971982","52,5689647"
22517,143254,Berlin,1,2020,9,19,5,3,2,6,2,1,1,0,0,0,0,0,"13,3873247","52,52589957"
22518,143255,Berlin,9,2020,9,17,7,2,2,6,0,0,1,0,0,0,0,1,"13,48033859","52,46035625"
22519,143256,Berlin,7,2020,9,7,3,3,5,3,0,1,1,0,0,0,0,0,"13,37722897","52,47558889"
22520,143257,Berlin,5,2020,9,10,4,3,3,6,0,0,1,0,0,1,0,0,"13,1921619","52,53412671"
22521,143258,Berlin,3,2020,9,10,4,3,0,2,0,1,1,0,0,0,0,0,"13,36914047","52,59737037"
22522,143259,Berlin,7,2020,9,14,6,3,2,6,0,0,1,0,0,0,1,1,"13,37391713","52,46876366"
22523,143260,Berlin,1,2020,9,15,2,3,5,3,0,0,1,0,1,0,0,0,"13,39380564","52,5411181"
22524,143261,Berlin,5,2020,9,18,4,3,5,3,0,0,1,0,0,0,0,0,"13,20567006","52,54162341"
22525,143262,Berlin,6,2020,9,6,5,3,6,2,1,0,1,1,0,0,0,0,"13,34701412","52,45009229"
22526,143263,Berlin,9,2020,9,17,2,3,1,5,0,1,1,0,0,0,0,0,"13,59458518","52,42904375"
22527,143264,Berlin,1,2020,9,17,3,3,1,5,0,1,1,0,0,0,0,0,"13,38358312","52,55118074"
22528,143265,Berlin,3,2020,9,8,5,3,2,7,0,1,1,0,0,0,0,0,"13,45791361","52,54674243"
22529,143266,Berlin,7,2020,9,13,7,3,5,3,0,0,1,0,0,0,0,1,"13,35940517","52,47502833"
22530,143267,Berlin,5,2020,9,19,3,3,2,2,0,0,1,0,0,0,0,0,"13,23987967","52,54295919"
22531,143268,Berlin,11,2020,9,14,5,2,0,7,0,1,0,0,0,1,0,0,"13,52701016","52,49207539"
22532,143269,Berlin,11,2020,9,10,7,3,9,1,0,0,1,0,0,0,0,1,"13,47593991","52,50113501"
22533,143270,Berlin,11,2020,9,12,3,3,5,3,0,1,1,0,0,0,0,0,"13,4732607","52,52299149"
22534,143271,Berlin,1,2020,9,17,4,3,5,3,0,1,1,0,0,0,0,0,"13,35604741","52,55955525"
22535,143272,Berlin,5,2020,9,10,6,3,2,6,0,0,1,0,0,0,1,1,"13,15845508","52,4625741"
22536,143273,Berlin,8,2020,9,10,2,3,5,2,0,0,1,0,0,0,0,0,"13,50578613","52,41849633"
22537,143274,Berlin,10,2020,9,12,4,2,0,1,0,0,0,0,1,0,0,0,"13,64506089","52,52494459"
22538,143275,Berlin,6,2020,9,9,4,3,5,2,0,1,1,0,0,0,0,0,"13,33876334","52,44895796"
22539,143276,Berlin,3,2020,9,17,5,3,5,3,0,1,1,0,0,0,0,0,"13,40271169","52,58550442"
22540,143277,Berlin,6,2020,9,21,1,3,8,1,2,0,1,0,0,0,0,1,"13,31220254","52,43043396"
22541,143278,Berlin,8,2020,9,16,3,2,0,6,0,0,1,0,1,0,0,0,"13,43462288","52,46218325"
22542,143279,Berlin,9,2020,9,20,6,3,3,6,2,1,1,0,0,0,0,0,"13,55411473","52,46714216"
22543,143280,Berlin,2,2020,9,9,3,3,1,5,0,1,1,0,0,0,0,0,"13,44373245","52,5252878"
22544,143281,Berlin,2,2020,9,18,4,3,5,2,0,1,1,0,0,0,0,0,"13,42005857","52,49645399"
22545,143282,Berlin,3,2020,9,8,6,3,2,6,0,0,1,0,0,0,0,1,"13,48219615","52,61060875"
22546,143283,Berlin,4,2020,9,14,4,3,6,4,0,0,1,1,0,0,0,0,"13,29445453","52,4740409"
22547,143284,Berlin,4,2020,9,11,2,3,0,4,0,0,1,1,0,0,0,0,"13,31966783","52,50171628"
22548,143285,Berlin,12,2020,9,13,4,2,1,5,0,1,1,0,0,0,0,0,"13,32436919","52,56500984"
22549,143286,Berlin,3,2020,9,8,4,3,5,3,0,1,1,0,0,0,0,0,"13,44169272","52,55003083"
22550,143287,Berlin,7,2020,9,17,4,2,5,3,0,0,1,0,0,0,0,0,"13,37460173","52,48123344"
22551,143288,Berlin,4,2020,9,8,6,3,2,6,0,0,1,0,0,1,1,1,"13,25715248","52,52225078"
22552,143289,Berlin,1,2020,9,14,2,3,1,5,0,1,1,0,0,0,0,0,"13,40631439","52,5365636"
22553,143290,Berlin,8,2020,9,7,4,3,0,3,0,0,1,0,1,0,0,0,"13,47986872","52,42838706"
22554,143291,Berlin,4,2020,9,8,4,3,1,5,0,1,1,0,0,0,0,0,"13,31965984","52,48410913"
22555,143292,Berlin,9,2020,9,14,5,3,5,2,0,1,1,0,0,0,0,0,"13,50859548","52,46371106"
22556,143293,Berlin,3,2020,9,13,1,3,0,7,0,0,1,0,1,0,0,0,"13,40444062","52,54061599"
22557,143294,Berlin,6,2020,9,10,3,3,1,5,0,1,1,0,0,0,0,0,"13,34988147","52,45172776"
22558,143295,Berlin,9,2020,9,23,6,2,0,1,2,0,0,0,1,0,0,0,"13,5422783","52,45775337"
22559,143296,Berlin,2,2020,9,8,3,3,0,2,0,1,1,0,0,0,0,0,"13,41044621","52,50379668"
22560,143297,Berlin,3,2020,9,8,4,3,4,6,0,1,0,0,0,0,0,0,"13,42944969","52,5863733"
22561,143298,Berlin,10,2020,9,5,6,3,9,1,2,0,1,0,0,0,1,1,"13,57134071","52,54592196"
22562,143299,Berlin,2,2020,9,14,4,3,6,7,0,0,1,1,0,0,0,0,"13,38875137","52,49256694"
22563,143300,Berlin,9,2020,9,6,2,3,1,7,1,0,1,0,0,0,0,0,"13,54393486","52,41731996"
22564,143301,Berlin,2,2020,9,12,4,3,5,7,0,1,1,0,0,0,0,0,"13,46079722","52,51649484"
22565,143302,Berlin,5,2020,9,15,5,3,3,6,0,0,1,0,0,0,0,0,"13,20417183","52,54051103"
22566,143303,Berlin,3,2020,9,20,7,3,5,3,2,0,1,0,0,0,0,1,"13,42622018","52,54855656"
22567,143304,Berlin,5,2020,9,8,3,3,2,6,0,0,1,0,1,0,0,0,"13,15833665","52,5330563"
22568,143305,Berlin,3,2020,9,8,4,3,1,3,0,1,1,0,0,0,0,0,"13,47191461","52,57079334"
22569,143306,Berlin,10,2020,9,12,5,3,5,3,0,1,1,0,0,0,0,0,"13,63029337","52,52444613"
22570,143307,Berlin,8,2020,9,6,1,3,1,7,1,0,1,0,0,0,1,0,"13,40825964","52,42667382"
22571,143308,Berlin,2,2020,9,14,3,2,6,4,0,0,1,1,0,0,0,0,"13,47384965","52,51009021"
22572,143309,Berlin,1,2020,9,18,6,3,5,2,0,1,1,0,0,0,0,1,"13,37134482","52,51114867"
22573,143310,Berlin,3,2020,9,7,3,3,5,2,0,1,1,0,0,0,0,0,"13,41229827","52,53114757"
22574,143311,Berlin,2,2020,9,8,4,3,5,2,0,1,1,0,0,0,0,0,"13,38867884","52,49418264"
22575,143312,Berlin,10,2020,9,13,6,3,0,7,0,0,0,0,1,0,0,1,"13,62640254","52,53955647"
22576,143313,Berlin,8,2020,9,14,4,2,5,2,0,0,1,0,1,1,0,0,"13,46738337","52,46278449"
22577,143314,Berlin,11,2020,9,5,2,3,2,2,1,0,1,0,0,0,0,1,"13,47611958","52,53288927"
22578,143315,Berlin,4,2020,9,9,4,3,1,7,0,0,1,0,0,0,0,0,"13,29908674","52,4872158"
22579,143316,Berlin,7,2020,9,18,5,3,5,3,1,0,1,0,0,0,0,0,"13,41607663","52,39834972"
22580,143317,Berlin,1,2020,9,12,7,3,5,3,0,1,1,0,0,0,0,1,"13,37937199","52,54016654"
22581,143318,Berlin,7,2020,9,23,3,2,6,4,2,1,0,1,0,0,0,0,"13,35268547","52,4992448"
22582,143319,Berlin,7,2020,9,7,4,3,3,6,0,1,1,0,0,0,0,0,"13,36471561","52,48509298"
22583,143320,Berlin,4,2020,9,7,4,2,5,3,0,0,1,0,0,0,0,0,"13,2913398","52,49713812"
22584,143321,Berlin,2,2020,9,14,6,3,1,5,0,1,1,0,0,0,0,1,"13,39465498","52,5069775"
22585,143322,Berlin,1,2020,9,9,2,3,2,6,0,1,1,0,0,0,0,0,"13,38160304","52,52384105"
22586,143323,Berlin,9,2020,9,6,4,2,7,7,1,0,0,0,1,0,0,0,"13,67434993","52,37132157"
22587,143324,Berlin,1,2020,9,17,5,3,5,7,0,1,1,0,0,0,0,0,"13,37196275","52,51956951"
22588,143325,Berlin,3,2020,9,16,4,1,5,2,0,0,1,0,1,0,0,0,"13,47948793","52,64369854"
22589,143326,Berlin,4,2020,9,16,6,3,1,7,0,0,1,0,0,0,0,0,"13,3226357","52,48796075"
22590,143327,Berlin,11,2020,9,10,2,2,5,3,0,1,1,0,0,0,0,0,"13,51653696","52,50554915"
22591,143328,Berlin,7,2020,9,7,3,3,0,2,0,1,0,0,0,0,1,0,"13,35974568","52,47528489"
22592,143329,Berlin,6,2020,9,12,6,3,5,3,0,0,1,0,0,0,0,1,"13,3077104","52,44968125"
22593,143330,Berlin,3,2020,9,18,2,3,1,5,0,1,0,0,0,0,1,0,"13,43149029","52,55403521"
22594,143331,Berlin,1,2020,9,7,3,3,2,6,1,1,0,0,0,0,1,0,"13,35988864","52,52352043"
22595,143332,Berlin,1,2020,9,13,5,3,5,3,0,0,1,0,0,0,0,0,"13,35219677","52,50549995"
22596,143333,Berlin,5,2020,9,8,7,3,9,1,0,0,1,0,0,0,0,1,"13,22159787","52,53704473"
22597,143334,Berlin,4,2020,9,11,3,2,0,7,0,1,0,0,0,0,0,0,"13,31496666","52,47205669"
22598,143335,Berlin,2,2020,9,9,3,3,5,2,0,1,1,0,0,0,0,0,"13,40199482","52,49258507"
22599,143336,Berlin,12,2020,9,9,6,3,5,2,0,1,0,0,0,0,1,1,"13,3514951","52,56207756"