,id,city,district,year,month,hour,weekday,injury_level,collision,movement,light_conditions,bicycle,car,pedestrian,motorbike,truck,other_vehicle,road_conditions,longitude,latitude
22600,143337,Berlin,9,2020,9,7,4,3,5,2,0,1,1,0,0,0,0,0,"13,52103678","52,46081456"
22601,143338,Berlin,8,2020,9,14,3,3,5,2,0,1,1,0,0,0,0,0,"13,45195771","52,45253175"
22602,143339,Berlin,7,2020,9,17,5,3,6,6,0,1,0,1,0,0,0,0,"13,36728254","52,49342721"
22603,143340,Berlin,9,2020,9,20,1,3,1,5,2,0,1,0,0,0,0,1,"13,57578915","52,45415635"
22604,143341,Berlin,7,2020,9,16,3,3,5,3,0,0,1,0,0,0,0,0,"13,40603186","52,38196853"
22605,143342,Berlin,8,2020,9,16,1,3,3,6,0,1,1,0,0,0,0,0,"13,4481258","52,47811749"
22606,143343,Berlin,12,2020,9,17,3,3,5,3,0,0,1,0,0,0,1,0,"13,31034431","52,62471133"
22607,143344,Berlin,2,2020,9,13,5,3,5,3,0,0,1,0,1,0,0,0,"13,45781905","52,51276575"
22608,143345,Berlin,4,2020,9,13,7,3,6,4,0,0,1,1,0,0,0,1,"13,28642003","52,518793"
22609,143346,Berlin,11,2020,9,16,3,3,2,3,0,1,0,0,1,0,0,0,"13,52164353","52,47520989"
22610,143347,Berlin,6,2020,9,17,3,3,0,5,1,0,1,0,0,0,0,0,"13,31811906","52,43391626"
22611,143348,Berlin,2,2020,9,7,6,3,5,3,0,0,1,0,1,0,0,1,"13,38660341","52,50094709"
22612,143349,Berlin,8,2020,9,14,2,3,6,7,0,0,1,1,0,0,0,0,"13,43164501","52,48591096"
22613,143350,Berlin,4,2020,9,8,4,3,5,3,0,1,0,0,1,0,0,0,"13,31178811","52,50040821"
22614,143351,Berlin,6,2020,9,16,3,2,5,2,0,1,1,0,0,0,0,0,"13,28851453","52,45804163"
22615,143352,Berlin,5,2020,9,16,5,2,6,7,0,0,1,1,0,0,0,0,"13,19723914","52,54099406"
22616,143353,Berlin,4,2020,9,12,1,2,5,3,0,0,1,0,0,0,0,0,"13,31067537","52,48920432"
22617,143354,Berlin,6,2020,9,15,3,3,3,6,0,0,1,0,0,1,0,0,"13,32078328","52,41155693"
22618,143355,Berlin,10,2020,9,15,6,2,0,3,0,1,1,0,0,0,0,1,"13,614672","52,4936406"
22619,143356,Berlin,8,2020,9,8,3,3,5,3,0,1,1,0,0,0,0,0,"13,43112515","52,46782598"
22620,143357,Berlin,6,2020,9,15,3,3,3,6,0,0,1,0,0,0,0,0,"13,33235431","52,45494046"
22621,143358,Berlin,4,2020,9,5,6,3,5,3,2,1,1,0,0,0,0,1,"13,30310144","52,50552375"
22622,143359,Berlin,3,2020,9,14,4,3,5,3,0,0,1,0,0,0,0,0,"13,3897306","52,57430792"
22623,143360,Berlin,1,2020,9,7,6,3,0,1,0,1,0,0,0,0,0,1,"13,39900144","52,53243679"
22624,143361,Berlin,10,2020,9,9,3,3,5,2,0,0,1,0,1,0,0,0,"13,60133095","52,53575939"
22625,143362,Berlin,4,2020,9,15,3,3,1,5,0,0,1,0,0,0,0,0,"13,28649815","52,48019605"
22626,143363,Berlin,9,2020,9,7,6,2,5,3,1,0,1,0,1,0,0,1,"13,55329528","52,46960049"
22627,143364,Berlin,5,2020,9,13,4,3,5,3,0,1,1,0,0,0,0,0,"13,19682226","52,56296434"
22628,143365,Berlin,1,2020,9,15,2,3,6,7,0,1,0,1,0,0,0,0,"13,33602572","52,52278839"
22629,143366,Berlin,1,2020,9,13,4,3,0,4,0,0,0,1,1,0,0,0,"13,40894564","52,5241718"
22630,143367,Berlin,9,2020,9,16,5,3,5,3,0,0,0,0,1,0,0,0,"13,55294184","52,43959072"
22631,143368,Berlin,1,2020,9,23,7,3,5,2,2,1,1,0,0,0,0,1,"13,33937581","52,52572468"
22632,143369,Berlin,6,2020,9,13,3,3,2,6,0,0,1,0,0,0,0,0,"13,23015336","52,43821133"
22633,143370,Berlin,11,2020,9,10,5,3,3,6,0,0,1,0,1,0,0,0,"13,47551781","52,50263989"
22634,143371,Berlin,11,2020,9,17,6,3,6,4,2,0,1,1,0,0,0,1,"13,49542101","52,53602226"
22635,143372,Berlin,4,2020,9,15,2,3,5,2,0,1,1,0,0,0,0,0,"13,31405449","52,50635011"
22636,143373,Berlin,4,2020,9,14,3,2,0,7,0,1,0,0,0,0,0,0,"13,27235307","52,52835523"
22637,143374,Berlin,4,2020,9,13,6,3,5,2,0,0,1,0,0,0,0,1,"13,30024659","52,49880501"
22638,143375,Berlin,6,2020,9,13,4,3,5,3,0,1,1,0,0,0,0,0,"13,33991223","52,45095368"
22639,143376,Berlin,11,2020,9,19,2,2,5,3,1,1,1,0,0,0,0,0,"13,49649848","52,53402266"
22640,143377,Berlin,1,2020,9,12,3,3,5,3,0,0,1,0,0,0,0,0,"13,39289025","52,54532901"
22641,143378,Berlin,11,2020,9,10,5,3,5,3,0,0,1,0,0,0,0,0,"13,50034734","52,56142559"
22642,143379,Berlin,7,2020,9,18,5,2,5,2,0,0,1,0,0,0,0,0,"13,4067778","52,39376831"
22643,143380,Berlin,1,2020,9,12,7,3,0,1,0,0,0,0,0,0,1,1,"13,36813436","52,50896871"
22644,143381,Berlin,7,2020,9,12,3,3,2,7,0,0,0,0,1,0,1,0,"13,37365582","52,46029858"
22645,143382,Berlin,2,2020,9,20,2,3,2,2,2,0,1,0,0,0,1,0,"13,41732433","52,49072083"
22646,143383,Berlin,7,2020,9,11,4,3,0,2,0,0,1,0,0,0,1,0,"13,36120643","52,49423039"
22647,143384,Berlin,1,2020,9,9,5,3,5,2,0,1,1,0,0,0,0,0,"13,41822809","52,51735578"
22648,143385,Berlin,3,2020,9,22,5,3,5,3,2,0,1,0,1,0,0,0,"13,43163183","52,55215202"
22649,143386,Berlin,4,2020,9,19,7,2,5,2,2,0,1,0,0,0,0,1,"13,32024058","52,47879894"
22650,143387,Berlin,1,2020,9,21,3,3,3,6,2,1,1,0,0,0,0,0,"13,40136704","52,52958586"
22651,143388,Berlin,7,2020,9,14,3,3,6,2,0,0,1,1,0,0,0,0,"13,41232936","52,39005524"
22652,143389,Berlin,3,2020,9,13,3,2,5,3,0,1,0,0,0,0,1,0,"13,44521378","52,54245834"
22653,143390,Berlin,1,2020,9,12,6,3,5,3,0,0,1,0,1,0,0,1,"13,34963787","52,50854517"
22654,143391,Berlin,12,2020,9,16,2,3,5,3,0,1,1,0,0,0,0,0,"13,28652783","52,64129739"
22655,143392,Berlin,8,2020,9,14,3,3,5,3,0,0,1,0,0,0,0,0,"13,46217919","52,42242277"
22656,143393,Berlin,1,2020,9,12,6,3,2,6,0,0,1,0,0,0,0,0,"13,33191522","52,53997831"
22657,143394,Berlin,1,2020,9,17,2,3,2,6,0,0,1,0,0,0,1,0,"13,37647365","52,53584982"
22658,143395,Berlin,2,2020,9,20,3,2,6,4,2,0,1,1,0,0,0,0,"13,40093059","52,49829636"
22659,143396,Berlin,9,2020,9,8,5,3,5,2,0,0,1,0,0,0,0,0,"13,47494902","52,47412564"
22660,143397,Berlin,7,2020,9,7,5,3,5,2,0,1,1,0,0,0,0,0,"13,41247231","52,39214181"
22661,143398,Berlin,11,2020,9,14,7,2,5,1,0,0,1,0,1,0,0,1,"13,47280082","52,50492648"
22662,143399,Berlin,11,2020,9,9,3,3,3,6,0,1,1,0,0,0,0,0,"13,52540242","52,48211237"
22663,143400,Berlin,1,2020,9,14,3,2,5,3,0,1,1,0,0,0,0,0,"13,38665082","52,51183818"
22664,143401,Berlin,1,2020,9,8,6,3,2,6,0,0,1,0,0,0,0,1,"13,35111883","52,51516548"
22665,143402,Berlin,6,2020,9,13,3,3,5,3,0,0,1,0,0,0,0,0,"13,23378131","52,4387094"
22666,143403,Berlin,9,2020,9,14,6,3,2,6,0,0,1,0,0,1,0,1,"13,55849187","52,45279653"
22667,143404,Berlin,6,2020,9,10,2,3,5,2,0,1,1,0,0,0,0,0,"13,22409543","52,42949203"
22668,143405,Berlin,3,2020,9,13,4,3,1,5,0,1,1,0,0,0,0,0,"13,40862627","52,57169896"
22669,143406,Berlin,9,2020,9,13,3,3,5,2,0,1,1,0,0,0,0,0,"13,5935192","52,45294458"
22670,143407,Berlin,8,2020,9,17,5,3,0,4,0,1,0,1,0,0,0,0,"13,47210285","52,46025504"
22671,143408,Berlin,8,2020,9,17,1,2,1,5,0,1,1,0,0,0,0,0,"13,45555922","52,48372501"
22672,143409,Berlin,1,2020,9,11,3,3,1,5,0,1,1,0,0,0,0,0,"13,34691496","52,5197205"
22673,143410,Berlin,8,2020,9,8,5,3,6,4,0,0,1,1,0,0,0,0,"13,43815461","52,4176219"
22674,143411,Berlin,2,2020,9,12,5,2,5,2,0,1,1,0,0,0,0,0,"13,38662037","52,49007815"
22675,143412,Berlin,9,2020,9,12,7,3,5,2,0,0,1,0,0,0,0,1,"13,58062187","52,45674634"
22676,143413,Berlin,4,2020,9,9,3,3,2,6,0,0,1,0,1,0,0,1,"13,33143035","52,50435708"
22677,143414,Berlin,7,2020,9,12,3,3,1,7,0,0,1,0,0,0,0,0,"13,40529045","52,38666231"
22678,143415,Berlin,12,2020,9,14,6,3,3,6,0,0,1,0,0,0,0,1,"13,32982821","52,56926852"
22679,143416,Berlin,6,2020,9,13,4,3,5,2,0,0,1,0,1,0,0,0,"13,31435179","52,42397604"
22680,143417,Berlin,6,2020,9,7,2,3,6,4,0,1,0,1,0,0,0,0,"13,26833649","52,40631058"
22681,143418,Berlin,7,2020,9,13,4,3,5,3,0,1,1,0,0,0,0,0,"13,40694662","52,44455332"
22682,143419,Berlin,8,2020,9,12,3,3,5,3,0,1,1,0,0,0,0,0,"13,45415082","52,4826686"
22683,143420,Berlin,5,2020,9,22,5,3,1,5,2,0,1,0,0,0,1,0,"13,20819406","52,53871796"
22684,143421,Berlin,8,2020,9,6,1,3,5,2,0,0,1,0,0,0,0,0,"13,44248161","52,42319314"
22685,143422,Berlin,1,2020,9,14,3,3,5,2,0,0,1,0,0,0,0,0,"13,34334827","52,53174473"
22686,143423,Berlin,10,2020,9,15,2,3,5,3,0,0,1,0,0,0,0,0,"13,5813508","52,50440864"
22687,143424,Berlin,10,2020,9,7,4,3,2,2,0,1,1,0,0,0,0,0,"13,5872049","52,52059019"
22688,143425,Berlin,12,2020,9,11,3,2,5,2,0,1,1,0,0,0,0,0,"13,28037797","52,59425446"
22689,143426,Berlin,1,2020,9,17,5,3,5,3,0,0,1,0,0,0,1,0,"13,34224865","52,55005925"
22690,143427,Berlin,1,2020,9,16,1,3,6,4,0,0,1,1,0,0,0,0,"13,38748429","52,56020656"
22691,143428,Berlin,9,2020,9,16,3,3,5,3,0,1,1,0,0,0,0,0,"13,56347379","52,44563502"
22692,143429,Berlin,2,2020,9,23,6,3,5,3,2,0,1,0,0,0,0,0,"13,38472659","52,49671831"
22693,143430,Berlin,7,2020,9,8,3,3,4,6,0,1,0,0,0,0,0,0,"13,36106973","52,49443423"
22694,143431,Berlin,1,2020,9,11,3,3,5,2,0,1,1,0,0,0,0,0,"13,35709624","52,52354578"
22695,143432,Berlin,4,2020,9,6,6,3,5,2,2,1,0,0,0,0,1,1,"13,31729952","52,51216158"
22696,143433,Berlin,2,2020,9,17,4,3,6,7,0,0,0,1,0,0,1,0,"13,411618","52,50337787"
22697,143434,Berlin,7,2020,9,6,2,3,6,2,0,0,1,1,0,0,0,0,"13,36116722","52,49442586"
22698,143435,Berlin,4,2020,9,12,4,3,2,6,0,0,1,0,0,0,0,0,"13,32233901","52,51317442"
22699,143436,Berlin,9,2020,9,17,4,3,2,6,0,0,1,0,0,0,0,0,"13,62549999","52,45719771"
22700,143437,Berlin,6,2020,9,16,5,3,2,2,0,1,1,0,0,0,0,0,"13,25918156","52,4308065"
22701,143438,Berlin,3,2020,9,20,7,3,0,3,2,0,1,0,1,0,0,1,"13,40814901","52,54143966"
22702,143439,Berlin,11,2020,9,15,3,2,1,5,0,0,1,0,0,0,1,0,"13,49065809","52,53641541"
22703,143440,Berlin,2,2020,9,16,4,2,5,2,0,1,1,0,0,0,0,0,"13,4577648","52,51275789"
22704,143441,Berlin,2,2020,9,16,6,3,6,7,0,0,1,1,0,0,0,0,"13,41616057","52,4968695"
22705,143442,Berlin,10,2020,9,17,2,2,2,6,0,0,1,0,1,0,0,0,"13,57147461","52,55545553"
22706,143443,Berlin,3,2020,9,18,6,2,9,1,1,1,0,0,0,0,0,0,"13,40734094","52,55429152"
22707,143444,Berlin,6,2020,9,7,3,3,5,3,0,1,1,0,0,0,0,0,"13,26263727","52,43926905"
22708,143445,Berlin,8,2020,9,10,3,2,6,2,0,0,1,1,0,0,0,0,"13,44763438","52,43695119"
22709,143446,Berlin,4,2020,9,13,6,3,5,2,0,0,1,0,1,0,0,1,"13,33236379","52,50628088"
22710,143447,Berlin,1,2020,9,13,4,3,5,3,0,0,1,0,0,0,0,0,"13,37938317","52,54019568"
22711,143448,Berlin,5,2020,9,5,2,3,6,7,2,1,0,1,0,0,0,1,"13,18281273","52,53837541"
22712,143449,Berlin,2,2020,9,9,4,3,5,2,0,1,0,0,1,0,0,0,"13,44085291","52,51331556"
22713,143450,Berlin,6,2020,9,14,5,3,1,5,0,1,1,0,0,0,0,0,"13,32130139","52,46419645"
22714,143451,Berlin,1,2020,9,15,7,3,6,2,0,0,1,1,0,0,0,1,"13,36798167","52,54629626"
22715,143452,Berlin,8,2020,9,7,3,3,3,6,0,0,0,0,1,1,0,1,"13,46655904","52,4713593"
22716,143453,Berlin,6,2020,9,10,3,3,0,1,0,1,0,0,0,0,0,0,"13,33775272","52,41145924"
22717,143454,Berlin,1,2020,9,10,3,3,0,2,0,0,1,0,0,0,1,0,"13,34308579","52,52624092"
22718,143455,Berlin,2,2020,9,10,6,3,5,2,0,1,1,0,0,0,0,1,"13,45882062","52,50654194"
22719,143456,Berlin,8,2020,9,15,2,3,5,3,0,1,1,0,0,0,0,0,"13,50508414","52,41220595"
22720,143457,Berlin,7,2020,9,9,3,3,5,2,0,1,0,0,0,0,1,0,"13,40779014","52,45251408"
22721,143458,Berlin,1,2020,9,6,5,3,5,3,1,1,1,0,0,0,0,0,"13,37644274","52,51009282"
22722,143459,Berlin,6,2020,9,19,1,3,6,2,2,0,1,1,0,0,0,1,"13,34698009","52,45007447"
22723,143460,Berlin,1,2020,9,17,3,3,6,4,0,1,0,1,0,0,0,0,"13,3305009","52,5270142"
22724,143461,Berlin,12,2020,9,16,4,3,5,2,0,1,1,0,0,0,0,0,"13,30671947","52,55517033"
22725,143462,Berlin,1,2020,9,13,5,2,6,7,0,1,0,1,0,0,0,0,"13,33650062","52,52014442"
22726,143463,Berlin,4,2020,9,17,3,3,0,7,0,1,1,0,0,0,0,0,"13,31618931","52,51595899"
22727,143464,Berlin,2,2020,9,12,6,3,5,2,0,1,0,0,0,0,0,1,"13,40193931","52,49261944"
22728,143465,Berlin,1,2020,9,18,2,3,2,6,1,0,1,0,0,0,0,0,"13,38539894","52,55027533"
22729,143466,Berlin,7,2020,9,18,3,3,3,6,0,1,1,0,0,0,0,0,"13,37569826","52,44378231"
22730,143467,Berlin,3,2020,9,14,5,3,5,3,0,0,1,0,0,0,1,0,"13,42741554","52,55241015"
22731,143468,Berlin,9,2020,9,8,7,3,0,1,0,0,0,0,1,0,0,1,"13,57048169","52,44068313"
22732,143469,Berlin,5,2020,9,19,3,3,0,6,2,0,1,0,1,0,0,0,"13,20313931","52,53990046"
22733,143470,Berlin,1,2020,9,17,3,3,5,3,0,0,1,0,0,0,0,0,"13,37446124","52,50637833"
22734,143471,Berlin,10,2020,9,10,6,3,2,7,0,0,1,0,1,0,0,1,"13,55300855","52,50859815"
22735,143472,Berlin,6,2020,9,8,2,3,5,3,0,1,1,0,0,0,0,0,"13,27811538","52,46848298"
22736,143473,Berlin,9,2020,9,0,4,3,9,7,2,0,1,0,0,0,0,0,"13,53882755","52,43432742"
22737,143474,Berlin,2,2020,9,17,3,3,5,2,0,1,1,0,0,0,0,0,"13,38771116","52,50327601"
22738,143475,Berlin,7,2020,9,17,5,3,5,3,0,1,0,0,0,0,0,0,"13,34805298","52,48540007"
22739,143476,Berlin,8,2020,9,21,1,2,2,6,2,0,1,0,0,0,0,0,"13,43489413","52,46140495"
22740,143477,Berlin,1,2020,9,16,3,2,5,3,0,0,1,0,0,0,0,0,"13,35969358","52,52344828"
22741,143478,Berlin,6,2020,9,9,6,3,2,6,0,0,1,0,0,0,0,1,"13,30002278","52,45506432"
22742,143479,Berlin,2,2020,9,10,3,3,0,5,0,1,1,0,0,0,0,0,"13,40299386","52,48999042"
22743,143480,Berlin,4,2020,9,17,3,3,3,6,0,0,0,0,0,0,1,0,"13,3018854","52,50995471"
22744,143481,Berlin,8,2020,9,13,7,3,2,6,0,1,1,0,0,0,0,1,"13,4375418","52,48121823"
22745,143482,Berlin,3,2020,9,19,3,2,5,3,2,1,0,0,1,0,0,0,"13,45997075","52,55695127"
22746,143483,Berlin,9,2020,9,17,3,3,5,2,0,1,0,0,1,0,0,0,"13,56193585","52,43675796"
22747,143484,Berlin,1,2020,9,8,6,3,5,3,0,1,1,0,0,0,0,1,"13,37643871","52,51009258"
22748,143485,Berlin,4,2020,9,7,2,3,6,4,0,1,0,1,0,0,0,1,"13,32919973","52,48624698"
22749,143486,Berlin,3,2020,9,7,4,3,5,3,0,1,1,0,0,0,0,0,"13,40628687","52,58834981"
22750,143487,Berlin,7,2020,9,1,3,2,9,1,2,0,1,0,0,0,0,0,"13,34775077","52,45921508"
22751,143488,Berlin,8,2020,9,16,5,3,2,6,0,0,1,0,1,0,0,0,"13,43985588","52,47591437"
22752,143489,Berlin,11,2020,9,14,1,2,5,3,0,1,1,0,0,0,0,0,"13,5118283","52,55064087"
22753,143490,Berlin,1,2020,9,15,3,3,5,2,0,1,1,0,0,0,0,0,"13,3423218","52,52418741"
22754,143491,Berlin,4,2020,9,15,4,3,5,3,0,1,1,0,0,0,0,0,"13,30397554","52,53949017"
22755,143492,Berlin,1,2020,9,13,6,3,1,5,0,1,1,0,0,0,0,1,"13,42007527","52,51730162"
22756,143493,Berlin,12,2020,9,8,3,3,5,3,0,0,1,0,0,0,0,0,"13,22609696","52,58721663"
22757,143494,Berlin,2,2020,9,17,3,3,6,4,0,0,1,1,0,0,0,0,"13,4176417","52,49885366"
22758,143495,Berlin,3,2020,9,14,6,3,0,7,0,0,0,0,0,0,1,1,"13,50021481","52,63284933"
22759,143496,Berlin,2,2020,9,13,4,3,6,2,0,0,1,1,0,0,0,0,"13,42874262","52,49387285"
22760,143497,Berlin,6,2020,9,11,2,3,1,5,0,0,1,0,0,0,0,0,"13,33464452","52,46092459"
22761,143498,Berlin,1,2020,9,11,4,3,5,2,0,1,0,0,0,0,1,0,"13,36571346","52,55713205"
22762,143499,Berlin,7,2020,9,15,5,3,4,5,0,1,1,0,0,0,0,0,"13,35057346","52,47958092"
22763,143500,Berlin,1,2020,9,7,6,2,5,2,0,1,1,0,0,0,0,1,"13,37703864","52,5124555"
22764,143501,Berlin,2,2020,9,12,4,3,6,4,0,0,1,1,0,0,0,0,"13,43168449","52,51518043"
22765,143502,Berlin,4,2020,9,12,2,3,2,6,0,0,1,0,0,0,0,0,"13,33183994","52,50400172"
22766,143503,Berlin,4,2020,9,13,4,3,3,6,0,1,1,0,0,0,0,0,"13,32818403","52,50555305"
22767,143504,Berlin,9,2020,9,16,5,3,5,2,0,0,1,0,0,0,0,0,"13,57432305","52,41386541"
22768,143505,Berlin,1,2020,9,23,7,3,6,2,2,0,1,1,0,0,0,1,"13,32976393","52,52392817"
22769,143506,Berlin,5,2020,9,14,3,3,2,6,0,0,1,0,0,0,0,0,"13,22750089","52,52854436"
22770,143507,Berlin,11,2020,9,17,6,3,5,3,0,0,1,0,0,0,0,0,"13,47151001","52,53208058"
22771,143508,Berlin,10,2020,9,15,2,3,5,7,0,0,1,0,0,0,1,0,"13,5849008","52,53953473"
22772,143509,Berlin,6,2020,9,16,3,3,2,6,0,1,0,0,0,0,1,0,"13,28844601","52,45822003"
22773,143510,Berlin,6,2020,9,13,6,3,2,6,0,0,1,0,0,0,1,0,"13,31101361","52,42140922"
22774,143511,Berlin,12,2020,9,12,4,3,2,6,0,0,1,0,0,0,1,0,"13,36274023","52,59703244"
22775,143512,Berlin,9,2020,9,20,2,3,9,1,2,0,0,0,1,0,0,0,"13,50385824","52,43669611"
22776,143513,Berlin,7,2020,9,8,4,3,3,5,0,1,1,0,0,0,0,0,"13,35686933","52,49452475"
22777,143514,Berlin,11,2020,9,18,5,3,5,3,0,1,1,0,0,0,0,0,"13,52416549","52,56460487"
22778,143515,Berlin,1,2020,9,18,7,3,3,6,1,0,1,0,1,0,0,1,"13,41561356","52,52059838"
22779,143516,Berlin,5,2020,9,12,3,3,6,2,0,0,1,1,0,0,0,0,"13,19818734","52,53303587"
22780,143517,Berlin,8,2020,9,16,3,3,5,2,0,1,1,0,0,0,0,0,"13,40696283","52,41584725"
22781,143518,Berlin,1,2020,9,10,6,3,2,6,0,0,1,0,0,0,0,1,"13,39669193","52,53736754"
22782,143519,Berlin,10,2020,9,11,2,3,5,5,0,0,1,0,0,0,0,0,"13,5693927","52,55058674"
22783,143520,Berlin,4,2020,9,19,7,3,5,3,2,0,1,0,0,0,0,1,"13,30371471","52,52560613"
22784,143521,Berlin,1,2020,9,8,3,3,0,6,0,1,0,0,0,0,0,0,"13,34322467","52,53181786"
22785,143522,Berlin,1,2020,9,16,3,3,0,3,0,1,1,0,0,0,0,0,"13,40021877","52,50950305"
22786,143523,Berlin,2,2020,9,14,3,3,5,2,0,1,1,0,0,0,0,0,"13,38783859","52,49276699"
22787,143524,Berlin,2,2020,9,14,6,3,3,6,0,1,0,0,0,0,0,1,"13,41215034","52,49871256"
22788,143525,Berlin,11,2020,9,7,2,3,6,4,0,0,1,1,0,0,0,0,"13,48699242","52,53797818"
22789,143526,Berlin,2,2020,9,16,3,3,5,7,0,0,1,0,0,0,0,0,"13,44718327","52,49825219"
22790,143527,Berlin,12,2020,9,12,6,2,5,3,0,0,1,0,1,0,0,1,"13,37741486","52,57130574"
22791,143528,Berlin,4,2020,9,17,2,3,5,2,0,0,1,0,1,0,0,0,"13,33921964","52,50313903"
22792,143529,Berlin,1,2020,9,20,3,3,5,7,2,0,1,0,0,0,0,0,"13,37964395","52,55293861"
22793,143530,Berlin,2,2020,9,12,5,3,0,1,0,1,1,0,0,0,0,0,"13,45602898","52,51337719"
22794,143531,Berlin,8,2020,9,15,7,3,2,6,0,0,1,0,0,0,0,1,"13,43754256","52,48121835"
22795,143532,Berlin,1,2020,9,9,3,2,2,2,0,0,1,0,0,0,0,0,"13,42054011","52,51764064"
22796,143533,Berlin,9,2020,9,16,3,3,2,6,0,0,1,0,0,0,0,0,"13,54523245","52,45715172"
22797,143534,Berlin,3,2020,9,9,6,3,5,3,0,0,1,0,1,0,0,1,"13,42223513","52,55988278"
22798,143535,Berlin,7,2020,9,6,4,3,5,3,0,0,1,0,0,0,0,0,"13,41109754","52,40015541"
22799,143536,Berlin,1,2020,9,18,3,3,2,6,0,0,1,0,0,0,0,0,"13,35180585","52,50962617"
22800,143537,Berlin,2,2020,9,17,5,3,6,4,0,0,1,1,0,0,0,0,"13,43173558","52,51517382"
22801,143538,Berlin,6,2020,9,14,4,3,0,4,0,0,0,1,0,0,1,0,"13,26001226","52,43411694"
22802,143539,Berlin,1,2020,9,18,3,3,5,3,0,0,1,0,1,0,0,0,"13,39212961","52,55420547"
22803,143540,Berlin,4,2020,9,18,5,3,3,6,0,1,1,0,0,0,0,0,"13,32607653","52,50920497"
22804,143541,Berlin,8,2020,9,13,1,3,0,5,0,1,0,0,0,0,1,0,"13,42872502","52,42110045"
22805,143542,Berlin,8,2020,9,17,3,3,2,6,0,0,1,0,1,0,0,0,"13,44350494","52,48010992"
22806,143543,Berlin,1,2020,9,13,5,3,5,7,0,0,0,0,1,0,1,0,"13,39526162","52,53911282"
22807,143544,Berlin,1,2020,9,13,7,3,2,6,0,0,1,0,0,0,0,1,"13,36387096","52,55640775"
22808,143545,Berlin,8,2020,9,17,3,3,1,5,0,1,1,0,0,0,0,0,"13,49258499","52,42001046"
22809,143546,Berlin,6,2020,9,15,3,3,5,2,0,0,1,0,0,0,0,0,"13,25110649","52,44998683"
22810,143547,Berlin,1,2020,9,7,6,3,2,6,0,0,1,0,0,0,0,1,"13,37931396","52,54053369"
22811,143548,Berlin,1,2020,9,13,2,2,6,4,0,0,0,1,0,0,1,0,"13,38545156","52,55024393"
22812,143549,Berlin,4,2020,9,2,4,3,5,3,2,1,1,0,0,0,0,0,"13,31385456","52,50615836"
22813,143550,Berlin,8,2020,9,18,3,3,2,2,0,0,1,0,1,0,0,0,"13,43705627","52,45267464"
22814,143551,Berlin,2,2020,9,16,5,3,2,6,0,0,1,0,0,0,0,0,"13,37660046","52,48572695"
22815,143552,Berlin,6,2020,9,10,1,3,5,3,0,1,1,0,0,0,0,0,"13,31562781","52,44163655"
22816,143553,Berlin,2,2020,9,15,3,3,5,3,0,1,0,0,0,0,0,0,"13,44434773","52,50075298"
22817,143554,Berlin,1,2020,9,19,6,3,2,6,2,0,1,0,0,0,0,1,"13,3660029","52,50582142"
22818,143555,Berlin,4,2020,9,8,3,3,5,2,0,1,0,0,0,1,0,0,"13,30653204","52,52879239"
22819,143556,Berlin,1,2020,9,18,1,3,5,2,1,1,1,0,0,0,0,1,"13,37190639","52,50899952"
22820,143557,Berlin,9,2020,9,16,3,3,5,2,0,1,1,0,0,0,0,0,"13,4565736","52,48711554"
22821,143558,Berlin,4,2020,9,9,6,3,5,2,0,1,0,0,0,1,0,1,"13,27344124","52,49997271"
22822,143559,Berlin,7,2020,9,8,3,3,2,6,0,0,1,0,0,1,0,0,"13,32887112","52,47157953"
22823,143560,Berlin,9,2020,9,18,3,2,0,1,0,0,0,0,1,0,0,0,"13,50273092","52,46032716"
22824,143561,Berlin,1,2020,9,6,6,3,5,3,1,0,1,0,0,0,0,1,"13,33971761","52,51891102"
22825,143562,Berlin,1,2020,9,21,4,2,2,2,2,1,0,0,0,0,0,0,"13,38043848","52,51808883"
22826,143563,Berlin,12,2020,9,12,2,2,5,7,0,0,1,0,1,0,0,0,"13,32862075","52,56242066"
22827,143564,Berlin,1,2020,9,12,4,3,3,6,0,0,0,0,1,0,1,0,"13,39739274","52,53865497"
22828,143565,Berlin,7,2020,9,15,4,3,2,6,0,0,1,0,1,0,0,0,"13,34748445","52,50131179"
22829,143566,Berlin,4,2020,9,12,5,3,5,3,0,1,1,0,0,0,0,0,"13,3148964","52,49419585"
22830,143567,Berlin,1,2020,9,21,7,3,2,5,2,0,1,0,0,0,0,1,"13,33964059","52,50525611"
22831,143568,Berlin,8,2020,9,15,3,3,5,3,0,1,1,0,0,0,0,0,"13,43330933","52,44490376"
22832,143569,Berlin,1,2020,9,15,4,3,2,7,0,1,1,0,0,0,0,0,"13,38377402","52,53653046"
22833,143570,Berlin,2,2020,9,16,6,2,6,4,0,0,1,1,0,0,0,0,"13,46748023","52,5096296"
22834,143571,Berlin,5,2020,9,20,2,3,0,7,2,1,0,0,0,0,0,0,"13,2716733","52,53599761"
22835,143572,Berlin,4,2020,9,17,3,3,1,5,0,1,1,0,0,0,0,0,"13,28451582","52,51858751"