,id,city,district,year,month,hour,weekday,injury_level,collision,movement,light_conditions,bicycle,car,pedestrian,motorbike,truck,other_vehicle,road_conditions,longitude,latitude
23070,143807,Berlin,3,2020,10,15,4,3,2,6,0,1,0,0,0,0,0,1,"13,39823609","52,58325631"
23071,143808,Berlin,4,2020,10,19,3,3,0,5,2,1,1,0,0,0,0,1,"13,32027199","52,47694165"
23072,143809,Berlin,11,2020,10,19,1,3,2,3,2,0,1,0,0,0,0,0,"13,47977377","52,52306691"
23073,143810,Berlin,12,2020,9,7,4,3,7,7,0,1,0,0,0,0,0,0,"13,29849061","52,58436742"
23074,143811,Berlin,1,2020,10,14,6,3,0,2,0,1,0,0,0,0,1,0,"13,41012878","52,52259066"
23075,143812,Berlin,7,2020,10,18,5,3,6,2,0,0,1,1,0,0,0,1,"13,3827513","52,46566013"
23076,143813,Berlin,7,2020,10,8,2,3,5,2,0,1,0,0,0,0,0,0,"13,34534171","52,4845669"
23077,143814,Berlin,1,2020,10,9,3,3,0,1,0,0,0,0,1,0,0,0,"13,384208","52,50997506"
23078,143815,Berlin,1,2020,9,17,4,3,3,6,0,1,1,0,0,0,0,0,"13,41749529","52,51879546"
23079,143816,Berlin,12,2020,10,17,4,3,5,7,1,0,1,0,1,0,0,0,"13,30351393","52,61891086"
23080,143817,Berlin,5,2020,10,12,3,3,3,6,0,0,1,0,0,0,1,0,"13,20030052","52,53765184"
23081,143818,Berlin,4,2020,9,14,4,3,5,2,0,1,1,0,0,0,0,0,"13,31982132","52,49604158"
23082,143819,Berlin,11,2020,10,18,4,3,0,3,2,0,1,0,0,0,0,1,"13,51781833","52,56384086"
23083,143820,Berlin,1,2020,9,21,4,3,0,6,2,0,1,0,1,0,0,0,"13,3440416","52,50622885"
23084,143821,Berlin,6,2020,10,7,3,2,5,3,0,1,1,0,0,0,0,0,"13,28007114","52,45941489"
23085,143822,Berlin,6,2020,10,13,1,3,4,6,0,1,1,0,0,0,0,0,"13,32215381","52,42172621"
23086,143823,Berlin,4,2020,10,17,1,3,1,5,0,1,1,0,0,0,0,0,"13,28028873","52,51873472"
23087,143824,Berlin,4,2020,9,20,4,3,5,7,2,0,1,0,1,0,0,0,"13,31453569","52,51040586"
23088,143825,Berlin,1,2020,10,20,6,3,3,6,2,1,0,0,0,0,0,0,"13,37786045","52,52904548"
23089,143826,Berlin,3,2020,10,16,4,3,0,3,0,0,1,0,1,0,0,1,"13,47022277","52,55356274"
23090,143827,Berlin,4,2020,10,8,2,3,0,7,0,1,0,0,0,0,0,0,"13,28926146","52,50934477"
23091,143828,Berlin,4,2020,10,12,3,3,6,4,0,0,0,1,1,0,0,0,"13,29633306","52,49881244"
23092,143829,Berlin,11,2020,9,20,4,2,6,4,1,1,1,1,0,0,0,0,"13,46050907","52,52753159"
23093,143830,Berlin,5,2020,10,15,4,3,5,3,0,0,1,0,0,0,1,1,"13,21168858","52,52807412"
23094,143831,Berlin,2,2020,9,19,4,3,6,4,2,1,0,1,0,0,0,0,"13,42339908","52,4884988"
23095,143832,Berlin,3,2020,10,17,7,3,2,2,0,1,1,0,0,0,0,0,"13,47044101","52,55371431"
23096,143833,Berlin,4,2020,10,7,2,3,5,2,0,1,1,0,0,0,0,0,"13,31964697","52,47158449"
23097,143834,Berlin,9,2020,9,19,4,3,6,7,1,0,1,1,0,0,0,0,"13,54951899","52,45649009"
23098,143835,Berlin,3,2020,9,19,4,3,1,5,1,0,1,0,1,0,0,0,"13,4178425","52,52847521"
23099,143836,Berlin,2,2020,10,7,2,3,0,1,0,1,0,0,0,0,0,0,"13,45883333","52,51142852"
23100,143837,Berlin,4,2020,10,13,1,3,5,2,0,1,1,0,0,0,0,0,"13,28874143","52,48142419"
23101,143838,Berlin,1,2020,10,21,7,3,6,4,2,1,0,1,0,0,0,0,"13,37265185","52,54672746"
23102,143839,Berlin,11,2020,10,6,2,3,5,3,0,0,1,0,0,0,0,0,"13,52754722","52,48427155"
23103,143840,Berlin,7,2020,9,18,4,3,0,3,1,1,1,0,0,0,0,0,"13,37996544","52,44409926"
23104,143841,Berlin,6,2020,10,17,6,3,0,3,0,1,1,0,0,0,0,0,"13,33029998","52,45816188"
23105,143842,Berlin,2,2020,10,13,4,3,2,6,0,0,1,0,0,0,0,1,"13,43960414","52,51370271"
23106,143843,Berlin,6,2020,10,2,2,3,1,5,2,0,1,0,0,0,0,0,"13,30103381","52,41318145"
23107,143844,Berlin,4,2020,9,18,4,3,2,2,0,1,1,0,0,0,0,0,"13,21849721","52,50887299"
23108,143845,Berlin,1,2020,10,8,4,3,5,2,0,1,1,0,0,0,0,0,"13,41800302","52,51802239"
23109,143846,Berlin,6,2020,9,18,4,2,6,4,0,0,1,1,0,0,0,0,"13,30454868","52,46152178"
23110,143847,Berlin,4,2020,10,14,7,3,2,6,0,0,1,0,0,0,0,0,"13,27844067","52,4735291"
23111,143848,Berlin,7,2020,10,6,5,3,5,2,0,0,1,0,0,0,0,0,"13,40656495","52,39376388"
23112,143849,Berlin,3,2020,10,0,2,3,0,7,2,1,1,0,0,0,0,0,"13,41260564","52,55371339"
23113,143850,Berlin,12,2020,9,18,4,3,2,6,0,0,1,0,1,0,0,0,"13,3770867","52,56096031"
23114,143851,Berlin,1,2020,10,9,4,2,6,4,0,0,1,1,0,0,0,0,"13,37699854","52,55674708"
23115,143852,Berlin,7,2020,10,15,1,2,2,6,0,0,1,0,0,0,0,0,"13,38010864","52,44380616"
23116,143853,Berlin,8,2020,9,17,4,3,1,5,0,0,1,0,0,0,1,0,"13,4309642","52,46631615"
23117,143854,Berlin,4,2020,10,12,4,3,5,3,0,0,1,0,0,0,0,1,"13,31873931","52,48145902"
23118,143855,Berlin,7,2020,10,15,1,3,1,5,0,1,1,0,0,0,0,0,"13,32463517","52,47030128"
23119,143856,Berlin,11,2020,9,16,4,2,0,1,0,1,0,0,0,0,0,0,"13,49917957","52,51788117"
23120,143857,Berlin,5,2020,10,6,4,2,5,2,1,1,1,0,0,0,0,0,"13,17403838","52,52329956"
23121,143858,Berlin,5,2020,9,16,4,2,5,3,0,0,1,0,0,0,0,0,"13,18411855","52,52353866"
23122,143859,Berlin,6,2020,10,10,7,3,0,1,0,1,0,0,0,0,0,0,"13,31370635","52,42716408"
23123,143860,Berlin,2,2020,10,19,5,3,0,1,2,0,0,0,1,0,0,1,"13,45899573","52,52048929"
23124,143861,Berlin,8,2020,10,15,1,3,5,2,0,1,1,0,0,0,0,0,"13,42077107","52,46855124"
23125,143862,Berlin,3,2020,9,16,4,2,5,3,0,1,1,0,0,0,0,0,"13,39421177","52,56497721"
23126,143863,Berlin,10,2020,10,5,4,3,6,4,2,0,0,1,0,0,1,1,"13,54981322","52,54288343"
23127,143864,Berlin,4,2020,10,14,1,3,5,7,0,1,1,0,0,0,0,0,"13,27852016","52,47409884"
23128,143865,Berlin,9,2020,9,16,4,2,5,2,0,0,1,0,0,0,1,0,"13,56483886","52,44543111"
23129,143866,Berlin,4,2020,10,15,4,3,0,1,0,1,0,0,0,0,0,1,"13,29560363","52,5061041"
23130,143867,Berlin,4,2020,10,19,1,3,0,6,2,0,1,0,0,0,0,0,"13,2953463","52,53956458"
23131,143868,Berlin,11,2020,9,16,4,3,6,4,0,0,1,1,0,0,0,0,"13,49815033","52,53857831"
23132,143869,Berlin,7,2020,9,14,4,2,5,2,0,0,1,0,1,0,0,0,"13,37191545","52,46990709"
23133,143870,Berlin,9,2020,10,16,4,3,5,3,0,1,1,0,0,0,0,1,"13,58053377","52,44304545"
23134,143871,Berlin,6,2020,9,14,4,3,2,7,0,0,1,0,0,0,0,0,"13,31886528","52,46235756"
23135,143872,Berlin,9,2020,10,20,7,3,5,2,1,0,1,0,0,0,0,0,"13,56224065","52,4372412"
23136,143873,Berlin,1,2020,10,18,5,3,5,2,1,1,1,0,0,0,0,1,"13,38537146","52,52351054"
23137,143874,Berlin,10,2020,10,13,1,3,1,5,0,0,1,0,1,0,0,0,"13,57696496","52,56458542"
23138,143875,Berlin,4,2020,10,13,3,3,2,2,0,1,1,0,0,0,0,0,"13,31448352","52,49033101"
23139,143876,Berlin,1,2020,9,14,4,3,6,4,0,1,0,1,0,0,0,0,"13,38977655","52,51567459"
23140,143877,Berlin,1,2020,10,18,4,3,5,3,0,1,0,0,1,0,0,1,"13,36281296","52,52455405"
23141,143878,Berlin,4,2020,10,19,3,3,6,2,2,0,1,1,0,0,0,1,"13,31472915","52,49962936"
23142,143879,Berlin,12,2020,9,14,4,2,5,2,0,1,1,0,0,0,0,0,"13,35360857","52,56209425"
23143,143880,Berlin,6,2020,10,20,3,2,6,2,2,0,1,1,0,0,0,1,"13,29837049","52,42200838"
23144,143881,Berlin,1,2020,10,11,1,3,5,3,0,0,0,0,1,0,0,0,"13,41963345","52,50609485"
23145,143882,Berlin,8,2020,10,2,1,2,1,5,2,1,1,0,0,0,0,0,"13,4320827","52,48553198"
23146,143883,Berlin,3,2020,9,14,4,3,0,5,0,1,1,0,0,0,0,0,"13,46892644","52,55220738"
23147,143884,Berlin,2,2020,10,18,6,3,5,3,1,1,1,0,0,0,0,0,"13,46999112","52,51240551"
23148,143885,Berlin,5,2020,10,14,4,3,2,7,0,1,0,0,0,0,1,1,"13,22496538","52,54253917"
23149,143886,Berlin,8,2020,10,14,1,3,5,3,0,0,1,0,0,0,1,0,"13,43794241","52,48809274"
23150,143887,Berlin,12,2020,10,17,3,3,2,6,0,0,1,0,0,0,1,0,"13,316306","52,58706732"
23151,143888,Berlin,2,2020,10,20,4,3,6,4,2,0,1,1,0,0,0,1,"13,45865936","52,5105056"
23152,143889,Berlin,11,2020,10,10,6,3,1,5,0,1,1,0,0,0,0,0,"13,49310885","52,56785379"
23153,143890,Berlin,8,2020,10,12,6,3,6,4,0,0,0,1,1,0,0,0,"13,43210777","52,48800319"
23154,143891,Berlin,9,2020,10,18,6,2,5,3,1,1,1,0,0,0,0,1,"13,69749939","52,43641428"
23155,143892,Berlin,10,2020,10,14,3,3,2,6,0,0,1,0,0,0,0,0,"13,56230479","52,5293513"
23156,143893,Berlin,8,2020,10,13,5,3,2,2,0,1,1,0,0,0,0,1,"13,47385129","52,46408364"
23157,143894,Berlin,4,2020,10,19,2,2,6,4,2,0,1,1,0,0,0,0,"13,2721728","52,50892066"
23158,143895,Berlin,5,2020,10,7,2,3,0,1,0,1,0,0,0,0,0,0,"13,24778315","52,54729127"
23159,143896,Berlin,3,2020,10,9,6,3,5,2,0,1,1,0,0,0,0,1,"13,45709134","52,56103697"
23160,143897,Berlin,9,2020,10,6,4,3,5,3,2,0,1,0,0,0,0,1,"13,63684743","52,45071803"
23161,143898,Berlin,12,2020,10,9,6,3,1,5,0,1,1,0,0,0,0,1,"13,30303819","52,63646463"
23162,143899,Berlin,1,2020,10,11,7,2,0,1,0,1,0,0,0,0,0,0,"13,39964578","52,53166253"
23163,143900,Berlin,1,2020,10,15,7,3,5,2,0,1,1,0,0,0,0,0,"13,3668655","52,55215135"
23164,143901,Berlin,10,2020,10,14,3,3,0,3,0,0,1,0,0,0,0,0,"13,60828216","52,53959837"
23165,143902,Berlin,10,2020,10,7,6,3,0,3,0,0,1,0,1,0,0,1,"13,60063596","52,47641148"
23166,143903,Berlin,1,2020,10,18,6,3,6,4,0,1,0,1,0,0,0,1,"13,39412472","52,55052941"
23167,143904,Berlin,4,2020,10,8,3,3,5,3,0,1,1,0,0,0,0,0,"13,28680916","52,51296987"
23168,143905,Berlin,1,2020,10,21,5,3,2,6,2,0,1,0,0,0,0,1,"13,38620489","52,55849941"
23169,143906,Berlin,11,2020,10,11,1,2,5,2,0,0,1,0,0,0,0,0,"13,50996592","52,55039675"
23170,143907,Berlin,2,2020,10,18,1,2,6,4,1,0,1,1,0,0,0,1,"13,45095373","52,52696573"
23171,143908,Berlin,3,2020,10,12,5,3,6,4,0,0,0,1,0,0,1,1,"13,43599126","52,55646291"
23172,143909,Berlin,11,2020,10,20,1,3,5,2,2,0,1,0,0,0,0,1,"13,4762151","52,5330955"
23173,143910,Berlin,12,2020,10,15,1,3,1,5,0,1,1,0,0,0,0,0,"13,3646935","52,57194162"
23174,143911,Berlin,6,2020,10,15,4,3,0,1,0,1,0,0,0,0,0,1,"13,34502372","52,43713585"
23175,143912,Berlin,12,2020,10,23,6,3,5,2,2,1,1,0,0,0,0,1,"13,32408826","52,58771762"
23176,143913,Berlin,4,2020,10,13,6,3,0,4,0,0,0,1,0,0,1,0,"13,30619227","52,51745378"
23177,143914,Berlin,8,2020,10,16,6,3,2,6,0,1,1,0,0,0,0,0,"13,44366921","52,47564388"
23178,143915,Berlin,6,2020,10,13,3,3,0,3,0,1,1,0,0,0,0,0,"13,26796221","52,44544012"
23179,143916,Berlin,1,2020,10,21,6,3,1,5,2,1,1,0,0,0,0,1,"13,36085935","52,53192787"
23180,143917,Berlin,6,2020,10,12,5,3,1,7,0,0,1,0,0,0,0,1,"13,33961444","52,45090154"
23181,143918,Berlin,4,2020,10,19,2,3,6,4,2,0,1,1,0,0,0,0,"13,31598335","52,54742897"
23182,143919,Berlin,5,2020,10,15,1,3,5,3,0,1,1,0,0,0,0,1,"13,17816175","52,54893376"
23183,143920,Berlin,1,2020,10,19,1,3,5,2,2,1,1,0,0,0,0,0,"13,38420371","52,50998322"
23184,143921,Berlin,1,2020,10,17,4,3,5,3,1,1,1,0,0,0,0,1,"13,40313743","52,53362567"
23185,143922,Berlin,1,2020,10,21,6,3,6,2,2,0,1,1,0,0,0,1,"13,42126905","52,5097426"
23186,143923,Berlin,6,2020,10,11,6,3,6,4,0,0,1,1,0,0,0,1,"13,20148899","52,43606706"
23187,143924,Berlin,2,2020,10,17,6,3,5,2,1,1,1,0,0,0,0,0,"13,40038364","52,49051543"
23188,143925,Berlin,6,2020,10,16,3,3,0,6,0,0,1,0,1,0,0,0,"13,25992931","52,43392735"
23189,143926,Berlin,4,2020,10,8,6,3,0,1,0,0,0,0,1,0,0,1,"13,25271852","52,47155844"
23190,143927,Berlin,1,2020,10,14,4,2,2,6,0,0,1,0,1,0,0,1,"13,39106168","52,56330304"
23191,143928,Berlin,1,2020,10,6,6,3,5,2,1,0,1,0,0,0,1,1,"13,41178791","52,52396655"
23192,143929,Berlin,8,2020,10,15,6,3,5,3,0,0,1,0,0,0,0,0,"13,42994652","52,46988804"
23193,143930,Berlin,1,2020,10,18,3,3,5,2,0,1,0,0,0,0,1,0,"13,37039523","52,54464512"
23194,143931,Berlin,5,2020,10,21,6,3,1,1,2,0,1,0,1,0,0,1,"13,21069801","52,53828434"
23195,143932,Berlin,2,2020,10,19,5,3,0,5,2,1,1,0,0,0,0,1,"13,46890241","52,52033498"
23196,143933,Berlin,2,2020,10,11,2,3,2,6,0,1,1,0,0,0,0,0,"13,44916077","52,49707525"
23197,143934,Berlin,10,2020,10,12,4,3,0,6,0,0,1,0,0,0,1,1,"13,58946028","52,51314792"
23198,143935,Berlin,10,2020,10,13,7,3,2,6,0,0,1,0,0,0,0,0,"13,6048033","52,53758249"
23199,143936,Berlin,4,2020,10,14,7,3,5,3,0,1,1,0,0,0,0,0,"13,30961539","52,51033475"
23200,143937,Berlin,4,2020,10,18,4,3,5,3,1,0,1,0,0,0,0,1,"13,30373904","52,52552292"
23201,143938,Berlin,1,2020,10,21,6,3,3,6,2,1,0,0,0,0,0,1,"13,33924929","52,5257287"
23202,143939,Berlin,8,2020,10,10,6,2,2,6,0,0,1,0,0,0,0,0,"13,41819718","52,41188267"
23203,143940,Berlin,10,2020,10,15,6,3,6,2,0,0,1,1,0,0,0,0,"13,57178831","52,54606466"
23204,143941,Berlin,8,2020,10,12,3,3,5,2,0,1,1,0,0,0,0,0,"13,43309053","52,45234175"
23205,143942,Berlin,11,2020,10,9,5,3,2,2,0,0,1,0,0,0,0,1,"13,48498004","52,53358555"
23206,143943,Berlin,11,2020,10,14,2,2,6,7,0,0,0,1,0,1,0,0,"13,50168411","52,56596079"
23207,143944,Berlin,12,2020,10,6,2,3,5,2,1,1,1,0,0,0,0,0,"13,35613","52,59672865"
23208,143945,Berlin,9,2020,10,5,6,2,6,4,2,0,0,1,0,0,1,1,"13,61830128","52,45545319"
23209,143946,Berlin,1,2020,10,0,5,3,0,1,2,0,0,0,0,0,1,1,"13,39433979","52,52461908"
23210,143947,Berlin,1,2020,10,9,4,3,5,3,0,1,1,0,0,0,0,1,"13,3300952","52,52258291"
23211,143948,Berlin,1,2020,10,13,5,3,8,1,0,0,1,0,0,0,0,1,"13,39062606","52,56586013"
23212,143949,Berlin,7,2020,10,13,2,3,5,3,0,0,1,0,0,0,0,1,"13,41812508","52,46247566"
23213,143950,Berlin,9,2020,10,11,2,3,2,6,0,0,1,0,0,0,0,0,"13,51345379","52,42768006"
23214,143951,Berlin,3,2020,10,9,5,3,1,5,0,1,1,0,0,0,0,1,"13,41908229","52,5622646"
23215,143952,Berlin,3,2020,10,10,4,3,5,3,0,1,1,0,0,0,0,1,"13,39420959","52,56497606"
23216,143953,Berlin,12,2020,10,19,7,3,1,5,2,1,1,0,0,0,0,0,"13,30349185","52,61888857"
23217,143954,Berlin,1,2020,10,1,7,3,1,5,2,1,1,0,0,0,0,1,"13,3952387","52,55062874"
23218,143955,Berlin,8,2020,10,19,4,3,6,7,2,0,1,1,0,0,0,1,"13,45661039","52,43148983"
23219,143956,Berlin,3,2020,10,9,6,2,0,7,0,1,0,0,0,0,0,1,"13,41157366","52,55404555"
23220,143957,Berlin,10,2020,10,9,6,2,0,3,0,0,0,0,0,0,1,0,"13,58880259","52,53932872"
23221,143958,Berlin,5,2020,10,16,6,3,2,4,0,0,1,1,0,0,1,1,"13,19638009","52,53527641"
23222,143959,Berlin,1,2020,10,14,3,3,1,5,0,1,1,0,0,0,0,0,"13,37597312","52,55638296"
23223,143960,Berlin,3,2020,10,13,5,3,0,1,0,0,0,0,1,0,0,1,"13,40493695","52,54071386"
23224,143961,Berlin,7,2020,10,18,1,3,5,3,2,1,1,0,0,0,0,1,"13,36737098","52,49341112"
23225,143962,Berlin,3,2020,10,16,1,3,5,3,0,0,1,0,1,0,0,0,"13,3984637","52,59238988"
23226,143963,Berlin,5,2020,10,8,6,3,6,2,0,0,1,1,0,0,0,1,"13,19460443","52,53362587"
23227,143964,Berlin,7,2020,10,15,4,3,6,2,0,0,1,1,0,0,0,1,"13,36351664","52,48508116"
23228,143965,Berlin,2,2020,10,10,6,2,2,6,0,0,1,0,1,0,0,1,"13,39883257","52,49053851"
23229,143966,Berlin,1,2020,10,11,7,3,5,2,0,1,1,0,0,0,0,0,"13,3842378","52,50991836"
23230,143967,Berlin,1,2020,10,23,6,3,0,7,2,0,1,0,0,0,0,1,"13,37732153","52,53516174"
23231,143968,Berlin,2,2020,10,13,3,3,5,2,0,0,1,0,1,0,0,0,"13,42639849","52,49930917"
23232,143969,Berlin,11,2020,10,8,6,3,1,5,0,0,1,0,1,0,0,1,"13,46434951","52,5244959"
23233,143970,Berlin,7,2020,10,19,6,3,0,2,1,0,1,0,0,0,1,1,"13,36015605","52,49045671"
23234,143971,Berlin,4,2020,10,11,6,3,0,7,0,1,0,0,0,0,0,1,"13,28949194","52,50941449"
23235,143972,Berlin,4,2020,10,20,7,3,5,3,2,0,1,0,0,0,0,0,"13,27390367","52,50968098"
23236,143973,Berlin,1,2020,10,17,7,2,0,1,0,1,0,0,0,0,0,0,"13,40442412","52,5332585"
23237,143974,Berlin,8,2020,10,20,3,3,0,4,2,0,0,1,1,0,0,0,"13,46560377","52,46975276"
23238,143975,Berlin,11,2020,10,11,6,3,5,2,0,1,0,0,0,1,0,0,"13,4997379","52,54776191"
23239,143976,Berlin,11,2020,10,18,6,3,0,3,0,0,1,0,1,0,0,1,"13,48154822","52,53880124"
23240,143977,Berlin,1,2020,10,10,3,3,6,2,0,0,1,1,0,0,0,0,"13,35104036","52,52427783"
23241,143978,Berlin,12,2020,10,11,5,3,0,6,0,0,0,0,1,0,1,1,"13,32977733","52,56313428"
23242,143979,Berlin,4,2020,10,17,1,2,1,1,1,0,1,0,1,0,0,1,"13,26684261","52,48218507"
23243,143980,Berlin,1,2020,10,10,1,3,3,6,0,1,1,0,0,0,0,0,"13,35159832","52,52696968"
23244,143981,Berlin,4,2020,10,16,4,3,2,6,0,0,1,0,0,0,0,1,"13,30950618","52,4920273"
23245,143982,Berlin,6,2020,10,12,6,3,0,3,0,0,1,0,1,0,0,0,"13,26015275","52,42721588"
23246,143983,Berlin,1,2020,10,9,6,3,6,4,0,1,0,1,0,0,0,0,"13,39462441","52,52795616"
23247,143984,Berlin,2,2020,10,9,3,3,0,1,0,0,0,0,1,0,0,1,"13,41630623","52,4910054"
23248,143985,Berlin,3,2020,10,6,6,3,5,3,0,1,1,0,0,0,0,1,"13,4791394","52,60769478"
23249,143986,Berlin,8,2020,10,18,5,3,3,6,1,1,1,0,0,0,0,1,"13,42554105","52,47930123"
23250,143987,Berlin,1,2020,10,17,2,3,5,3,0,1,1,0,0,0,0,0,"13,38561187","52,52023662"
23251,143988,Berlin,11,2020,10,19,2,3,5,3,2,0,1,0,0,0,0,0,"13,51769388","52,55644252"
23252,143989,Berlin,6,2020,10,10,5,3,2,6,0,0,1,0,0,0,0,1,"13,3148956","52,41732417"
23253,143990,Berlin,11,2020,10,13,1,3,5,2,0,0,1,0,0,0,0,1,"13,51529797","52,5670547"
23254,143991,Berlin,7,2020,10,22,1,3,5,2,2,0,1,0,0,0,0,0,"13,34707599","52,50107585"
23255,143992,Berlin,4,2020,10,17,4,3,2,6,0,0,1,0,0,0,0,1,"13,29254119","52,53969883"
23256,143993,Berlin,8,2020,10,6,6,3,0,1,1,0,0,0,1,0,0,1,"13,42533291","52,47994"
23257,143994,Berlin,8,2020,10,14,6,3,5,3,0,1,1,0,0,0,0,0,"13,45874457","52,44030125"
23258,143995,Berlin,1,2020,10,19,3,3,1,5,2,1,1,0,0,0,0,0,"13,41213486","52,50542839"
23259,143996,Berlin,11,2020,10,13,6,3,1,5,0,1,0,0,1,0,0,0,"13,518856","52,51327129"
23260,143997,Berlin,1,2020,10,15,5,3,3,6,0,1,0,0,0,0,0,1,"13,38985941","52,51058209"
23261,143998,Berlin,6,2020,10,14,2,2,1,5,0,0,1,0,0,0,0,0,"13,3158384","52,41621152"
23262,143999,Berlin,1,2020,10,15,2,2,5,2,0,1,1,0,0,0,0,0,"13,42113249","52,50973595"
23263,144000,Berlin,3,2020,10,12,4,3,5,2,0,1,1,0,0,0,0,1,"13,44265268","52,55111413"
23264,144001,Berlin,6,2020,10,15,7,2,0,1,0,0,0,0,1,0,0,1,"13,33191228","52,46059486"
23265,144002,Berlin,11,2020,10,13,7,3,2,6,0,0,1,0,0,0,0,0,"13,50172083","52,56192446"
23266,144003,Berlin,2,2020,10,20,4,3,5,7,2,0,1,0,0,0,0,1,"13,40339027","52,4938346"
23267,144004,Berlin,6,2020,10,13,6,3,2,6,0,0,1,0,0,0,0,0,"13,2866875","52,41776647"
23268,144005,Berlin,1,2020,10,9,6,3,5,2,0,1,1,0,0,0,0,1,"13,3423007","52,52412702"
23269,144006,Berlin,10,2020,10,19,6,3,2,6,1,0,1,0,0,0,0,1,"13,58436092","52,53960626"
23270,144007,Berlin,1,2020,10,0,7,3,5,2,2,1,0,0,0,0,0,0,"13,41808246","52,51543786"
23271,144008,Berlin,7,2020,10,10,7,3,2,6,0,1,1,0,0,0,0,0,"13,33345972","52,46988932"
23272,144009,Berlin,11,2020,10,18,4,3,1,5,1,1,1,0,0,0,0,1,"13,50265483","52,56654032"
23273,144010,Berlin,10,2020,10,14,6,3,6,4,0,0,1,1,0,0,0,1,"13,55978005","52,53408323"
23274,144011,Berlin,3,2020,10,13,6,3,5,2,0,0,1,0,0,0,0,1,"13,43274213","52,59621808"
23275,144012,Berlin,10,2020,10,19,6,2,6,4,2,0,1,1,0,0,0,1,"13,61715113","52,51992072"
23276,144013,Berlin,4,2020,10,15,3,3,1,7,0,0,1,0,0,0,0,0,"13,32253603","52,49987011"
23277,144014,Berlin,2,2020,10,19,5,3,2,6,2,0,1,0,0,0,0,1,"13,44188114","52,5008138"
23278,144015,Berlin,1,2020,10,17,2,3,1,5,0,1,1,0,0,0,0,0,"13,38088006","52,53231873"
23279,144016,Berlin,7,2020,10,8,2,3,1,5,0,0,1,0,0,0,1,0,"13,41519768","52,46458903"
23280,144017,Berlin,1,2020,10,6,6,3,3,6,0,1,1,0,0,0,0,1,"13,35892858","52,55108401"
23281,144018,Berlin,1,2020,10,8,5,2,5,2,0,0,1,0,1,0,0,1,"13,36433444","52,50334422"
23282,144019,Berlin,10,2020,10,9,4,3,5,3,0,0,1,0,0,0,0,1,"13,55019086","52,54279871"
23283,144020,Berlin,6,2020,10,12,7,2,5,2,0,1,1,0,0,0,0,0,"13,24829522","52,41984343"
23284,144021,Berlin,2,2020,10,18,7,3,5,2,2,1,1,0,0,0,0,0,"13,42210169","52,49904172"
23285,144022,Berlin,11,2020,10,7,4,2,5,2,0,0,1,0,0,0,1,1,"13,491734","52,53419883"
23286,144023,Berlin,3,2020,10,14,6,3,6,4,0,0,1,1,0,0,0,0,"13,42218071","52,55507989"
23287,144024,Berlin,1,2020,10,8,6,3,0,1,0,1,0,0,0,0,0,0,"13,35323977","52,53162653"
23288,144025,Berlin,1,2020,10,14,6,3,0,1,0,0,0,0,1,0,0,0,"13,39380669","52,54120451"
23289,144026,Berlin,1,2020,10,23,3,3,8,1,2,1,0,0,0,0,0,0,"13,35921881","52,50987359"
23290,144027,Berlin,1,2020,10,9,6,2,5,3,0,1,1,0,0,0,0,0,"13,3793288","52,54049274"
23291,144028,Berlin,4,2020,10,12,5,3,5,7,0,1,1,0,0,0,0,1,"13,29900245","52,49073332"
23292,144029,Berlin,2,2020,10,19,1,3,3,6,2,0,1,0,1,0,0,1,"13,43344339","52,50989717"
23293,144030,Berlin,2,2020,10,16,1,3,5,3,0,0,1,0,0,0,0,1,"13,45882674","52,51149716"
23294,144031,Berlin,1,2020,10,11,3,3,5,7,0,1,1,0,0,0,0,0,"13,38750997","52,55576559"
23295,144032,Berlin,1,2020,10,16,6,3,6,7,1,1,0,1,0,0,0,0,"13,38649487","52,55862316"
23296,144033,Berlin,7,2020,10,13,5,3,5,3,0,0,1,0,0,0,0,1,"13,40243795","52,43968714"
23297,144034,Berlin,12,2020,10,18,2,2,6,7,1,0,1,1,0,0,0,0,"13,35530693","52,56211769"
23298,144035,Berlin,8,2020,10,0,2,3,1,5,2,1,1,0,0,0,0,0,"13,43758726","52,48285432"
23299,144036,Berlin,3,2020,10,14,6,3,5,3,0,1,1,0,0,0,0,0,"13,42770795","52,55389214"
23300,144037,Berlin,8,2020,10,8,4,3,1,5,0,1,1,0,0,0,0,1,"13,43603195","52,48097886"
23301,144038,Berlin,9,2020,10,8,4,3,5,3,0,0,1,0,0,0,1,1,"13,54124277","52,43535977"
23302,144039,Berlin,8,2020,10,6,6,3,5,3,1,0,1,0,0,0,1,1,"13,43839326","52,4526924"