,id,city,district,year,month,hour,weekday,injury_level,collision,movement,light_conditions,bicycle,car,pedestrian,motorbike,truck,other_vehicle,road_conditions,longitude,latitude
23303,144040,Berlin,5,2020,10,2,7,2,1,1,2,0,1,0,1,0,0,1,"13,13698957","52,52854082"
23304,144041,Berlin,11,2020,10,15,7,2,5,3,0,0,1,0,0,0,0,0,"13,49656182","52,51578254"
23305,144042,Berlin,10,2020,10,14,3,3,5,3,0,0,1,0,0,0,0,0,"13,51949214","52,51943632"
23306,144043,Berlin,7,2020,10,14,6,3,5,3,0,0,1,0,1,0,0,0,"13,36243836","52,49403403"
23307,144044,Berlin,2,2020,10,7,6,3,6,2,2,0,1,1,0,0,0,1,"13,45869837","52,50658632"
23308,144045,Berlin,9,2020,10,9,3,3,6,3,0,0,1,1,0,0,0,0,"13,47901408","52,47128404"
23309,144046,Berlin,1,2020,10,15,6,3,5,2,0,0,1,0,0,0,0,1,"13,36784913","52,52610668"
23310,144047,Berlin,2,2020,10,10,5,3,2,6,0,0,1,0,1,0,0,1,"13,4586964","52,51367108"
23311,144048,Berlin,11,2020,10,10,1,3,5,3,0,0,1,0,1,0,0,0,"13,50587989","52,5726177"
23312,144049,Berlin,6,2020,10,17,1,3,2,6,0,0,1,0,1,0,0,0,"13,32231414","52,45844834"
23313,144050,Berlin,5,2020,10,14,4,2,2,7,0,0,1,0,0,0,1,1,"13,16908855","52,53345258"
23314,144051,Berlin,8,2020,10,6,6,3,5,2,1,1,1,0,0,0,0,1,"13,43462092","52,45091265"
23315,144052,Berlin,4,2020,10,9,6,3,0,1,0,1,0,0,0,0,0,0,"13,30832826","52,46770985"
23316,144053,Berlin,12,2020,10,15,4,3,2,6,0,0,1,0,0,0,0,1,"13,28511327","52,59550041"
23317,144054,Berlin,1,2020,10,5,6,2,5,2,2,1,1,0,0,0,0,1,"13,35946883","52,52329222"
23318,144055,Berlin,5,2020,10,12,7,3,8,1,0,0,1,0,0,0,0,0,"13,14335455","52,5396117"
23319,144056,Berlin,4,2020,10,18,6,3,5,7,1,0,1,0,0,0,0,1,"13,30004855","52,48059447"
23320,144057,Berlin,2,2020,10,13,3,3,2,6,0,0,1,0,0,0,0,0,"13,4292452","52,51054569"
23321,144058,Berlin,7,2020,10,5,6,3,5,2,2,0,1,0,0,0,0,1,"13,34625672","52,50103001"
23322,144059,Berlin,3,2020,10,19,6,2,5,3,1,0,1,0,0,0,1,1,"13,42247465","52,55980954"
23323,144060,Berlin,2,2020,10,23,2,2,5,3,2,0,1,0,1,0,0,0,"13,41405123","52,50040285"
23324,144061,Berlin,1,2020,10,15,6,3,5,2,0,1,0,0,0,0,1,0,"13,38628504","52,55861226"
23325,144062,Berlin,8,2020,10,5,5,3,9,1,2,0,1,0,0,0,0,1,"13,46138313","52,47131839"
23326,144063,Berlin,2,2020,10,14,1,3,2,2,0,0,1,0,1,0,0,1,"13,42688142","52,51173786"
23327,144064,Berlin,1,2020,10,20,1,3,0,5,2,1,1,0,0,0,0,0,"13,36939608","52,53515398"
23328,144065,Berlin,2,2020,10,17,4,3,0,1,1,0,0,0,1,0,0,1,"13,44083341","52,51775153"
23329,144066,Berlin,10,2020,10,14,5,3,6,7,0,0,1,1,0,0,0,0,"13,57545115","52,48714114"
23330,144067,Berlin,12,2020,10,13,6,3,6,4,0,0,1,1,0,0,0,1,"13,33412431","52,59559903"
23331,144068,Berlin,2,2020,10,15,6,3,5,3,0,1,1,0,0,0,0,0,"13,38959241","52,49606603"
23332,144069,Berlin,7,2020,10,19,3,3,5,2,2,1,1,0,0,0,0,0,"13,37378942","52,44506767"
23333,144070,Berlin,10,2020,10,17,5,3,6,4,1,0,0,1,0,0,1,1,"13,58294618","52,54921619"
23334,144071,Berlin,2,2020,10,14,5,3,5,2,0,1,1,0,0,0,0,1,"13,46609503","52,49999592"
23335,144072,Berlin,1,2020,10,12,2,3,1,5,0,1,1,0,0,0,0,1,"13,37720684","52,53884795"
23336,144073,Berlin,7,2020,10,13,2,2,5,2,0,0,1,0,1,0,0,0,"13,34621551","52,5010075"
23337,144074,Berlin,6,2020,10,17,3,3,2,6,0,0,1,0,0,0,0,0,"13,3431651","52,43978074"
23338,144075,Berlin,8,2020,10,18,5,3,2,6,2,0,1,0,0,0,0,1,"13,43008974","52,46961994"
23339,144076,Berlin,10,2020,10,19,5,3,5,2,2,0,1,0,0,0,1,1,"13,60044482","52,47638389"
23340,144077,Berlin,4,2020,10,15,2,3,5,2,0,0,1,0,1,0,0,0,"13,30429633","52,50360154"
23341,144078,Berlin,7,2020,10,13,7,3,6,4,0,0,1,1,0,0,0,0,"13,40235244","52,3866839"
23342,144079,Berlin,1,2020,10,16,7,3,5,7,0,1,1,0,0,0,0,0,"13,36814417","52,55004991"
23343,144080,Berlin,5,2020,10,18,4,2,5,2,1,0,1,0,1,0,0,1,"13,16988792","52,51857432"
23344,144081,Berlin,9,2020,10,9,5,3,5,2,0,1,1,0,0,0,0,0,"13,59306489","52,4516056"
23345,144082,Berlin,6,2020,10,10,6,3,2,6,0,1,0,0,0,0,0,0,"13,3253542","52,46161891"
23346,144083,Berlin,2,2020,10,15,6,3,5,2,0,1,1,0,0,0,0,0,"13,45203057","52,51068857"
23347,144084,Berlin,10,2020,10,15,3,3,5,2,0,1,1,0,0,0,0,0,"13,59254624","52,54743983"
23348,144085,Berlin,1,2020,10,17,6,3,5,2,0,1,1,0,0,0,0,0,"13,36539096","52,5571092"
23349,144086,Berlin,9,2020,10,12,5,2,5,3,0,0,1,0,0,0,1,0,"13,58241329","52,44245614"
23350,144087,Berlin,3,2020,10,17,2,3,5,3,0,1,1,0,0,0,0,0,"13,44227985","52,54662105"
23351,144088,Berlin,8,2020,10,12,2,3,1,5,0,1,1,0,0,0,0,0,"13,42722215","52,49143868"
23352,144089,Berlin,9,2020,10,17,6,2,5,2,0,1,0,0,0,1,0,0,"13,59217452","52,44718399"
23353,144090,Berlin,2,2020,10,1,5,3,1,5,2,0,1,0,0,0,1,1,"13,40661893","52,4889169"
23354,144091,Berlin,6,2020,10,9,4,3,3,6,0,0,1,0,0,1,0,1,"13,27065227","52,45103132"
23355,144092,Berlin,7,2020,10,16,7,3,0,3,0,0,1,0,1,0,0,0,"13,40218764","52,43970771"
23356,144093,Berlin,1,2020,10,17,7,3,2,6,0,1,1,0,0,0,0,0,"13,353778","52,54952227"
23357,144094,Berlin,4,2020,10,7,4,3,2,6,0,0,1,0,0,0,1,1,"13,27826253","52,54849817"
23358,144095,Berlin,3,2020,10,9,5,3,0,6,0,0,1,0,1,0,0,1,"13,41987703","52,53206175"
23359,144096,Berlin,7,2020,10,11,4,3,2,6,0,0,1,0,0,0,0,1,"13,42141399","52,46568815"
23360,144097,Berlin,3,2020,10,19,7,3,2,6,2,0,1,0,1,0,0,0,"13,43014111","52,54472496"
23361,144098,Berlin,1,2020,10,11,7,3,5,2,0,1,1,0,0,0,0,0,"13,3601775","52,53724979"
23362,144099,Berlin,1,2020,10,19,4,3,2,1,2,0,1,0,0,0,0,1,"13,36109979","52,55498783"
23363,144100,Berlin,4,2020,10,10,5,3,6,7,0,0,1,1,0,0,0,0,"13,29867698","52,49835099"
23364,144101,Berlin,11,2020,10,9,6,2,5,3,0,1,1,0,0,0,0,0,"13,47326009","52,5229915"
23365,144102,Berlin,8,2020,10,15,6,3,5,3,0,0,1,0,1,0,0,0,"13,45387335","52,48253385"
23366,144103,Berlin,1,2020,10,14,3,3,0,1,0,0,0,0,1,0,0,0,"13,36157474","52,54801355"
23367,144104,Berlin,11,2020,10,13,5,3,5,2,0,0,1,0,0,0,0,1,"13,51425932","52,53527169"
23368,144105,Berlin,8,2020,10,20,2,3,3,6,2,0,1,0,0,0,0,0,"13,47576507","52,43120072"
23369,144106,Berlin,9,2020,10,22,1,2,5,2,2,0,1,0,1,0,0,0,"13,47248002","52,45433657"
23370,144107,Berlin,2,2020,10,15,5,3,5,3,0,1,0,0,1,0,0,1,"13,47479488","52,49295506"
23371,144108,Berlin,8,2020,10,15,4,3,5,3,0,0,1,0,0,0,0,1,"13,46710904","52,46846858"
23372,144109,Berlin,9,2020,10,18,5,3,5,3,1,1,1,0,0,0,0,1,"13,55338731","52,42737969"
23373,144110,Berlin,8,2020,10,11,7,3,2,6,0,0,1,0,0,0,0,0,"13,43488074","52,46144298"
23374,144111,Berlin,7,2020,10,15,7,3,5,3,0,0,1,0,0,0,0,0,"13,39550765","52,41305364"
23375,144112,Berlin,11,2020,10,14,3,3,5,2,0,1,1,0,0,0,0,0,"13,48835014","52,5021333"
23376,144113,Berlin,5,2020,10,17,5,3,5,2,0,0,1,0,0,0,1,1,"13,20040641","52,53658391"
23377,144114,Berlin,2,2020,10,19,6,3,0,1,1,0,0,0,1,0,0,1,"13,46149091","52,52003941"
23378,144115,Berlin,9,2020,10,16,2,3,3,6,0,0,1,0,0,0,0,1,"13,57179692","52,45111292"
23379,144116,Berlin,4,2020,10,17,6,2,4,6,0,1,0,0,0,0,0,1,"13,26890284","52,49073396"
23380,144117,Berlin,11,2020,10,10,5,3,1,1,0,0,1,0,0,0,0,1,"13,50071134","52,50543739"
23381,144118,Berlin,12,2020,10,17,5,3,5,3,0,1,1,0,0,0,0,1,"13,28823681","52,58885954"
23382,144119,Berlin,1,2020,10,8,6,3,5,2,0,1,1,0,0,0,0,0,"13,36639155","52,5535063"
23383,144120,Berlin,3,2020,10,10,3,3,0,3,0,1,0,0,0,0,0,0,"13,44748823","52,59543694"
23384,144121,Berlin,4,2020,10,11,5,3,5,3,0,1,1,0,0,0,0,1,"13,2713887","52,50987558"
23385,144122,Berlin,5,2020,10,19,1,3,0,6,2,0,1,0,1,0,0,1,"13,19747099","52,53507494"
23386,144123,Berlin,12,2020,10,10,1,3,6,4,0,0,0,1,0,0,1,0,"13,32821086","52,56244482"
23387,144124,Berlin,4,2020,10,17,4,3,2,6,0,0,1,0,0,0,0,1,"13,28158892","52,51066898"
23388,144125,Berlin,2,2020,10,16,5,3,3,6,0,1,1,0,0,0,0,1,"13,45202201","52,52747675"
23389,144126,Berlin,2,2020,10,8,6,3,0,2,0,1,0,0,0,0,1,0,"13,41268606","52,4920943"
23390,144127,Berlin,1,2020,10,6,6,2,0,1,1,1,0,0,0,0,0,0,"13,3895871","52,53173501"
23391,144128,Berlin,10,2020,10,23,3,3,0,1,2,1,0,0,0,0,0,0,"13,59132471","52,53413749"
23392,144129,Berlin,6,2020,10,16,5,3,0,6,0,0,1,0,1,0,0,1,"13,31615022","52,44105477"
23393,144130,Berlin,3,2020,10,17,5,3,0,3,0,1,0,0,0,0,1,0,"13,46092078","52,61100993"
23394,144131,Berlin,1,2020,10,18,2,3,5,2,1,1,1,0,0,0,0,0,"13,34725417","52,55322716"
23395,144132,Berlin,6,2020,10,15,1,2,0,7,0,0,1,0,0,0,0,1,"13,24611362","52,43420256"
23396,144133,Berlin,6,2020,10,7,1,3,1,5,0,0,1,0,0,0,0,0,"13,32831398","52,44273864"
23397,144134,Berlin,4,2020,10,18,4,3,2,2,1,0,1,0,1,0,0,1,"13,30207215","52,50795087"
23398,144135,Berlin,10,2020,10,16,5,3,5,3,0,1,1,0,0,0,0,1,"13,5915188","52,54157642"
23399,144136,Berlin,8,2020,10,12,1,3,5,3,0,0,1,0,0,0,0,1,"13,43426669","52,44275948"
23400,144137,Berlin,1,2020,10,16,1,3,2,7,0,1,1,0,0,0,0,0,"13,33516011","52,52553974"
23401,144138,Berlin,5,2020,10,13,4,3,1,5,0,0,1,0,0,0,0,1,"13,24718854","52,54250641"
23402,144139,Berlin,9,2020,10,16,5,3,5,2,0,0,1,0,1,0,0,1,"13,48976792","52,46785729"
23403,144140,Berlin,8,2020,10,15,6,3,5,3,0,0,1,0,0,0,0,0,"13,48284458","52,41605675"
23404,144141,Berlin,2,2020,10,18,3,3,3,6,2,1,1,0,0,0,0,0,"13,45961644","52,51244881"
23405,144142,Berlin,1,2020,10,15,5,3,0,1,0,1,0,0,0,0,0,1,"13,38861543","52,51872561"
23406,144143,Berlin,1,2020,10,17,5,3,2,6,0,0,1,0,0,0,1,1,"13,36707768","52,55217556"
23407,144144,Berlin,4,2020,10,14,2,2,3,5,0,1,1,0,0,0,0,0,"13,27923884","52,53685657"
23408,144145,Berlin,1,2020,10,16,2,3,2,6,0,0,1,0,0,0,0,0,"13,38533954","52,55013047"
23409,144146,Berlin,1,2020,10,18,6,2,4,2,1,1,1,0,0,0,0,1,"13,40092411","52,52080938"
23410,144147,Berlin,1,2020,10,10,4,3,5,2,0,1,1,0,0,0,0,1,"13,37978058","52,52171434"
23411,144148,Berlin,2,2020,10,23,7,3,2,6,2,0,1,0,0,0,0,0,"13,39991495","52,49841649"
23412,144149,Berlin,3,2020,10,13,7,3,0,7,0,0,1,0,1,0,0,0,"13,45791772","52,5288192"
23413,144150,Berlin,10,2020,10,21,4,3,6,2,2,0,1,1,0,0,0,1,"13,55537245","52,54120233"
23414,144151,Berlin,12,2020,10,15,5,2,5,3,0,1,1,0,0,0,0,0,"13,33114948","52,5915297"
23415,144152,Berlin,12,2020,10,12,6,3,0,1,0,0,0,0,1,0,0,1,"13,33698568","52,60216139"
23416,144153,Berlin,5,2020,10,14,6,3,0,1,0,1,0,0,0,0,0,1,"13,18030761","52,49213389"
23417,144154,Berlin,12,2020,10,15,3,3,5,3,0,1,1,0,0,0,0,0,"13,34682498","52,59694738"
23418,144155,Berlin,12,2020,10,15,5,3,6,4,0,0,1,1,0,0,0,1,"13,31109265","52,56936584"
23419,144156,Berlin,1,2020,10,13,6,2,6,4,0,0,1,1,0,0,0,1,"13,4018415","52,52901616"
23420,144157,Berlin,5,2020,10,20,6,3,2,6,2,0,1,0,0,0,0,1,"13,19943684","52,53468484"
23421,144158,Berlin,3,2020,10,15,3,3,2,6,0,0,1,0,0,0,0,0,"13,4603999","52,52935689"
23422,144159,Berlin,2,2020,10,17,5,3,0,4,1,1,0,1,0,0,0,1,"13,40740414","52,50458218"
23423,144160,Berlin,9,2020,10,11,2,3,2,6,0,0,1,0,1,0,0,0,"13,50093191","52,43543757"
23424,144161,Berlin,8,2020,10,11,2,1,6,4,0,0,0,1,0,1,0,0,"13,47596757","52,44030408"
23425,144162,Berlin,2,2020,10,9,5,3,5,2,0,1,1,0,0,0,0,1,"13,44334883","52,51195875"
23426,144163,Berlin,5,2020,10,9,4,2,0,3,0,1,1,0,0,0,0,1,"13,24797879","52,53647777"
23427,144164,Berlin,1,2020,10,19,7,3,5,3,2,0,1,0,0,0,0,0,"13,3452726","52,55436409"
23428,144165,Berlin,8,2020,10,16,7,3,2,7,0,0,1,0,0,0,1,0,"13,42710516","52,48218122"
23429,144166,Berlin,9,2020,10,7,4,3,6,2,1,0,1,1,0,0,0,1,"13,57049781","52,40384149"
23430,144167,Berlin,9,2020,10,9,5,3,6,2,0,0,1,1,0,0,0,0,"13,5627198","52,4461229"
23431,144168,Berlin,12,2020,10,9,6,3,1,5,0,0,1,0,0,0,0,0,"13,35795884","52,59678164"
23432,144169,Berlin,4,2020,10,20,6,3,1,1,2,0,1,0,0,0,1,1,"13,30321401","52,49402797"
23433,144170,Berlin,4,2020,10,11,3,3,0,1,0,0,0,0,1,0,0,0,"13,31905676","52,4714121"
23434,144171,Berlin,9,2020,10,13,5,3,0,1,0,1,0,0,0,0,0,1,"13,57526357","52,45383791"
23435,144172,Berlin,7,2020,10,18,1,3,5,3,2,0,1,0,0,0,0,1,"13,36630802","52,4952786"
23436,144173,Berlin,4,2020,10,18,1,3,2,6,2,0,1,0,0,0,0,0,"13,24974349","52,52388896"
23437,144174,Berlin,1,2020,10,15,4,3,5,3,0,1,0,0,1,0,0,1,"13,39376598","52,52858474"
23438,144175,Berlin,1,2020,10,15,5,2,1,5,0,1,1,0,0,0,0,1,"13,40467885","52,52563322"
23439,144176,Berlin,4,2020,10,11,7,3,5,2,0,1,1,0,0,0,0,0,"13,28997236","52,4888691"
23440,144177,Berlin,11,2020,10,23,6,2,5,2,2,1,1,0,0,0,0,1,"13,485003","52,53345262"
23441,144178,Berlin,5,2020,10,17,2,3,6,4,1,0,1,1,0,0,0,0,"13,19659554","52,52361265"
23442,144179,Berlin,2,2020,10,5,2,3,2,6,2,0,1,0,0,0,0,0,"13,43866995","52,52382419"
23443,144180,Berlin,7,2020,10,14,5,3,5,2,0,1,1,0,0,0,0,0,"13,32858538","52,47333255"
23444,144181,Berlin,7,2020,10,16,4,3,2,6,0,0,1,0,0,0,0,0,"13,35357037","52,49927466"
23445,144182,Berlin,4,2020,10,8,4,3,8,1,0,0,1,0,0,0,0,1,"13,29627406","52,50891881"
23446,144183,Berlin,3,2020,10,9,5,3,5,2,0,1,1,0,0,0,0,0,"13,42884518","52,54773882"
23447,144184,Berlin,5,2020,10,23,7,3,6,4,2,0,1,1,0,0,0,0,"13,23150492","52,53902303"
23448,144185,Berlin,5,2020,10,16,7,3,6,7,0,0,0,1,0,0,1,0,"13,20850637","52,54637344"
23449,144186,Berlin,1,2020,10,14,3,3,4,6,0,1,0,0,0,0,0,0,"13,39437611","52,54725247"
23450,144187,Berlin,4,2020,10,11,5,3,2,6,0,0,1,0,0,0,0,0,"13,28081181","52,51851844"
23451,144188,Berlin,10,2020,10,8,6,2,5,2,0,1,0,0,0,1,0,0,"13,59173658","52,54497941"
23452,144189,Berlin,6,2020,10,8,3,3,1,5,0,0,1,0,0,0,0,0,"13,18516147","52,42448312"
23453,144190,Berlin,5,2020,10,10,5,3,6,7,0,0,1,1,0,0,0,1,"13,18302593","52,5456132"
23454,144191,Berlin,3,2020,10,0,1,3,9,7,2,0,0,0,0,0,1,0,"13,46299179","52,58406349"
23455,144192,Berlin,1,2020,10,8,1,3,1,5,0,1,1,0,0,0,0,0,"13,40336456","52,50838498"
23456,144193,Berlin,5,2020,10,14,4,3,2,6,1,0,1,0,0,0,0,1,"13,25384149","52,53776169"
23457,144194,Berlin,6,2020,10,11,5,3,2,6,0,0,1,0,0,0,0,0,"13,27887518","52,43084959"
23458,144195,Berlin,5,2020,10,17,6,2,8,1,0,0,1,0,0,0,0,1,"13,1488027","52,55428045"
23459,144196,Berlin,11,2020,10,20,3,3,5,3,2,1,1,0,0,0,0,0,"13,47522408","52,50147627"
23460,144197,Berlin,9,2020,10,10,5,3,5,3,0,1,1,0,0,0,0,0,"13,50834462","52,47232735"
23461,144198,Berlin,9,2020,10,7,5,3,2,6,0,0,1,0,0,0,0,0,"13,53907614","52,43682512"
23462,144199,Berlin,10,2020,10,13,3,3,6,4,0,0,1,1,0,0,0,0,"13,6011351","52,48108465"
23463,144200,Berlin,4,2020,10,10,5,3,5,3,0,0,1,0,0,0,0,0,"13,28015995","52,51848041"
23464,144201,Berlin,1,2020,10,3,6,2,8,1,2,0,1,0,1,0,0,1,"13,38054989","52,54628705"
23465,144202,Berlin,4,2020,10,0,2,3,9,1,2,0,1,0,0,0,0,1,"13,31300631","52,50010187"
23466,144203,Berlin,12,2020,10,8,5,3,5,2,0,1,0,0,0,0,1,1,"13,32682533","52,56319773"
23467,144204,Berlin,2,2020,10,14,1,3,5,3,0,0,1,0,0,0,0,1,"13,39461164","52,50455959"
23468,144205,Berlin,4,2020,10,0,1,2,5,3,2,0,1,0,0,0,1,0,"13,28047681","52,50649362"
23469,144206,Berlin,10,2020,10,17,4,3,2,6,2,0,1,0,0,0,0,1,"13,5721071","52,54636568"
23470,144207,Berlin,8,2020,10,10,5,3,5,7,0,1,1,0,0,0,0,0,"13,43432861","52,42467679"
23471,144208,Berlin,1,2020,10,14,6,3,5,5,0,0,1,0,1,0,0,0,"13,32982291","52,52421177"
23472,144209,Berlin,3,2020,10,19,3,3,6,2,2,0,1,1,0,0,0,0,"13,41214729","52,53121113"
23473,144210,Berlin,1,2020,10,9,5,3,5,2,0,1,1,0,0,0,0,0,"13,33925811","52,52584978"
23474,144211,Berlin,1,2020,10,15,5,3,5,2,0,1,0,0,0,0,1,1,"13,40013476","52,50953347"
23475,144212,Berlin,8,2020,10,14,2,3,3,6,0,0,1,0,0,0,1,0,"13,44465562","52,4261965"
23476,144213,Berlin,1,2020,10,15,2,3,5,2,0,1,0,0,0,0,1,0,"13,35637976","52,55248114"
23477,144214,Berlin,3,2020,10,11,4,3,6,4,0,0,1,1,0,0,0,1,"13,4526762","52,53402296"
23478,144215,Berlin,9,2020,10,19,7,3,2,6,2,0,1,0,1,0,0,0,"13,47541673","52,47584498"
23479,144216,Berlin,2,2020,10,12,7,3,2,6,0,0,1,0,1,0,0,0,"13,39732773","52,49553511"
23480,144217,Berlin,6,2020,10,16,2,3,1,5,0,1,1,0,0,0,0,0,"13,30216678","52,42678808"
23481,144218,Berlin,8,2020,10,13,7,3,5,3,0,0,1,0,0,0,0,0,"13,43445515","52,46598829"
23482,144219,Berlin,5,2020,10,16,7,3,0,1,0,0,0,0,0,0,1,0,"13,17645218","52,54369705"
23483,144220,Berlin,1,2020,10,18,4,3,2,6,1,0,1,0,0,0,0,1,"13,37900339","52,55067269"
23484,144221,Berlin,9,2020,10,9,5,3,5,2,0,1,1,0,0,0,0,0,"13,57425148","52,41394451"
23485,144222,Berlin,2,2020,10,11,6,3,3,6,0,0,1,0,1,0,0,0,"13,40916467","52,50177553"
23486,144223,Berlin,7,2020,10,23,6,3,1,5,2,1,1,0,0,0,0,1,"13,37777404","52,45262032"
23487,144224,Berlin,11,2020,10,15,3,3,5,2,0,1,1,0,0,0,0,0,"13,47354771","52,53619837"
23488,144225,Berlin,2,2020,10,18,6,3,5,3,1,1,1,0,0,0,0,1,"13,39499278","52,50314614"
23489,144226,Berlin,8,2020,10,23,5,3,2,6,2,0,1,0,0,0,0,1,"13,42768956","52,47424785"
23490,144227,Berlin,11,2020,10,17,2,3,2,6,0,0,1,0,0,0,0,0,"13,52049506","52,56910243"
23491,144228,Berlin,7,2020,10,8,2,3,6,4,0,0,1,1,0,0,0,0,"13,3731075","52,42486651"
23492,144229,Berlin,4,2020,10,18,6,3,5,3,1,1,1,0,0,0,0,1,"13,28668958","52,5186929"
23493,144230,Berlin,11,2020,10,6,5,3,5,3,2,1,1,0,0,0,0,1,"13,49865407","52,53836762"
23494,144231,Berlin,3,2020,10,9,4,3,0,2,0,1,0,0,1,0,0,1,"13,40767702","52,53933303"
23495,144232,Berlin,9,2020,10,18,7,3,2,6,1,0,0,0,1,0,1,0,"13,48889837","52,46708692"
23496,144233,Berlin,1,2020,10,17,7,3,3,6,0,0,1,0,1,0,0,0,"13,38204887","52,51403701"
23497,144234,Berlin,1,2020,10,7,4,2,6,4,0,1,0,1,0,0,0,0,"13,39233224","52,52822964"
23498,144235,Berlin,1,2020,10,9,5,3,5,3,0,1,0,0,0,0,1,0,"13,41697147","52,51632963"
23499,144236,Berlin,1,2020,10,8,6,3,5,2,0,1,1,0,0,0,0,0,"13,3423188","52,52417882"
23500,144237,Berlin,7,2020,10,11,3,3,3,6,0,0,1,0,0,0,0,0,"13,37573135","52,46772434"
23501,144238,Berlin,9,2020,10,8,2,3,5,2,0,1,1,0,0,0,0,1,"13,55074807","52,42893291"
23502,144239,Berlin,8,2020,10,10,4,3,0,5,0,1,1,0,0,0,0,1,"13,45781757","52,4303615"
23503,144240,Berlin,3,2020,10,7,4,3,5,2,0,1,1,0,0,0,0,0,"13,43248579","52,55752963"
23504,144241,Berlin,6,2020,10,17,2,3,6,2,2,0,1,1,0,0,0,0,"13,3620104","52,43455208"
23505,144242,Berlin,6,2020,10,17,6,3,6,4,2,0,1,1,0,0,0,1,"13,25180199","52,42817361"
23506,144243,Berlin,11,2020,10,8,2,3,5,3,0,0,1,0,1,0,0,1,"13,46678638","52,52850735"
23507,144244,Berlin,1,2020,10,14,5,3,3,6,0,1,1,0,0,0,0,1,"13,37994129","52,53307144"
23508,144245,Berlin,1,2020,10,17,2,3,5,2,1,1,1,0,0,0,0,1,"13,41636009","52,51103021"
23509,144246,Berlin,2,2020,10,10,4,3,2,6,0,1,1,0,0,0,0,1,"13,42645218","52,5239544"
23510,144247,Berlin,4,2020,10,17,2,3,2,6,1,0,1,0,0,0,0,0,"13,30094607","52,50683753"
23511,144248,Berlin,1,2020,10,9,4,3,0,5,0,0,1,0,1,0,0,1,"13,40348816","52,52536427"
23512,144249,Berlin,6,2020,10,19,4,3,1,5,2,1,1,0,0,0,0,1,"13,25484319","52,44230868"
23513,144250,Berlin,1,2020,10,17,2,3,2,6,1,0,1,0,1,0,0,1,"13,34892417","52,51510861"
23514,144251,Berlin,2,2020,10,17,2,3,6,2,1,0,1,1,0,0,0,1,"13,4638393","52,50053633"
23515,144252,Berlin,4,2020,10,7,4,3,5,7,0,0,1,0,0,0,1,1,"13,28088725","52,47824658"
23516,144253,Berlin,1,2020,10,12,3,3,6,4,0,0,1,1,0,0,0,0,"13,38560186","52,55765037"
23517,144254,Berlin,7,2020,10,20,6,3,0,3,2,0,1,0,1,0,0,1,"13,37292601","52,43689414"
23518,144255,Berlin,1,2020,10,17,2,3,5,2,1,1,1,0,0,0,0,1,"13,34511974","52,55444923"
23519,144256,Berlin,8,2020,10,13,5,3,6,4,0,1,0,1,0,0,0,1,"13,42694502","52,47574775"
23520,144257,Berlin,4,2020,10,15,5,3,5,2,0,0,1,0,0,0,0,0,"13,31279132","52,48041446"
23521,144258,Berlin,5,2020,10,17,2,3,5,2,1,0,1,0,0,0,0,1,"13,1653982","52,5511996"
23522,144259,Berlin,9,2020,10,13,5,3,0,1,0,0,0,0,1,0,0,0,"13,46378579","52,45401612"
23523,144260,Berlin,8,2020,10,14,2,3,5,2,0,0,1,0,0,0,0,0,"13,43663723","52,42364286"
23524,144261,Berlin,10,2020,10,14,2,2,6,4,0,0,1,1,0,0,0,0,"13,60475594","52,53654216"
23525,144262,Berlin,4,2020,10,7,4,3,6,2,0,0,1,1,0,0,0,1,"13,31413295","52,49057469"
23526,144263,Berlin,2,2020,10,12,4,3,1,5,0,1,1,0,0,0,0,0,"13,38812247","52,49966703"
23527,144264,Berlin,6,2020,10,14,2,3,5,2,0,0,1,0,0,0,1,0,"13,34492163","52,43729064"
23528,144265,Berlin,9,2020,10,14,2,3,5,2,0,1,1,0,0,0,0,0,"13,58339009","52,45170276"
23529,144266,Berlin,1,2020,10,7,4,3,2,6,1,0,1,0,0,0,0,1,"13,37890084","52,55614918"
23530,144267,Berlin,1,2020,10,17,3,3,6,2,2,0,1,1,0,0,0,0,"13,37686514","52,51776025"
23531,144268,Berlin,2,2020,10,6,6,3,6,2,1,0,0,1,0,0,1,1,"13,44667034","52,50257798"
23532,144269,Berlin,3,2020,10,13,2,3,3,6,0,0,1,0,0,0,1,0,"13,43494226","52,5535445"
23533,144270,Berlin,1,2020,10,10,5,3,1,5,0,1,1,0,0,0,0,1,"13,3866746","52,52482848"
23534,144271,Berlin,1,2020,10,8,5,3,5,2,0,1,1,0,0,0,0,1,"13,36687218","52,50281807"
23535,144272,Berlin,2,2020,10,15,2,3,5,7,0,0,1,0,0,0,0,0,"13,40571738","52,49723694"
23536,144273,Berlin,4,2020,10,12,2,3,2,6,0,0,0,0,1,0,1,1,"13,32468736","52,4787394"