,id,city,district,year,month,hour,weekday,injury_level,collision,movement,light_conditions,bicycle,car,pedestrian,motorbike,truck,other_vehicle,road_conditions,longitude,latitude
23537,144274,Berlin,8,2020,10,6,4,3,9,1,2,0,1,0,0,0,0,1,"13,4601084","52,4717813"
23538,144275,Berlin,8,2020,10,14,4,3,5,3,0,1,1,0,0,0,0,0,"13,4202516","52,47675805"
23539,144276,Berlin,11,2020,10,13,2,2,6,4,0,0,1,1,0,0,0,0,"13,50771969","52,56559419"
23540,144277,Berlin,5,2020,10,5,6,3,0,1,2,0,0,0,1,0,0,1,"13,18361397","52,51393945"
23541,144278,Berlin,5,2020,10,11,2,3,3,2,0,0,1,0,1,0,0,0,"13,20255705","52,54018439"
23542,144279,Berlin,8,2020,10,22,3,3,0,3,2,1,1,0,0,0,0,1,"13,43816037","52,46705463"
23543,144280,Berlin,1,2020,10,20,3,3,2,2,2,0,1,0,0,0,0,0,"13,34521214","52,55435174"
23544,144281,Berlin,3,2020,10,7,2,3,5,3,0,1,1,0,0,0,0,0,"13,38976868","52,57429345"
23545,144282,Berlin,12,2020,10,8,3,3,6,4,0,0,1,1,0,0,0,0,"13,32822179","52,60911655"
23546,144283,Berlin,9,2020,10,8,4,3,2,6,0,1,1,0,0,0,0,1,"13,50638307","52,45379697"
23547,144284,Berlin,3,2020,10,7,2,3,5,3,0,1,1,0,0,0,0,1,"13,42737449","52,5524928"
23548,144285,Berlin,1,2020,10,20,3,3,6,4,2,1,0,1,0,0,0,1,"13,35520249","52,51869858"
23549,144286,Berlin,11,2020,10,16,3,3,5,2,1,1,1,0,0,0,0,0,"13,4734357","52,53599984"
23550,144287,Berlin,4,2020,10,13,6,3,5,3,0,0,1,0,0,0,1,1,"13,27390367","52,50968098"
23551,144288,Berlin,6,2020,10,13,1,3,1,5,0,1,1,0,0,0,0,1,"13,30270125","52,45050514"
23552,144289,Berlin,3,2020,10,15,5,3,6,4,0,0,1,1,0,0,0,1,"13,42634949","52,5759733"
23553,144290,Berlin,1,2020,10,17,1,3,6,7,1,1,0,1,0,0,0,0,"13,34744323","52,50781264"
23554,144291,Berlin,4,2020,10,7,5,3,5,2,0,0,1,0,0,0,0,1,"13,28683145","52,49583239"
23555,144292,Berlin,4,2020,10,14,1,3,1,5,0,1,1,0,0,0,0,0,"13,26751131","52,48186979"
23556,144293,Berlin,2,2020,10,18,1,3,5,2,2,1,1,0,0,0,0,0,"13,38939175","52,49596094"
23557,144294,Berlin,1,2020,10,19,3,3,2,2,2,1,1,0,0,0,0,0,"13,37710865","52,55659893"
23558,144295,Berlin,4,2020,10,18,4,3,6,4,1,0,1,1,0,0,0,0,"13,30108725","52,52270997"
23559,144296,Berlin,3,2020,10,12,2,3,5,3,0,0,1,0,0,0,0,1,"13,47100866","52,61363441"
23560,144297,Berlin,4,2020,10,17,6,3,5,2,1,0,1,0,0,0,0,1,"13,28667247","52,51880675"
23561,144298,Berlin,11,2020,10,15,1,2,5,3,0,0,1,0,0,0,0,0,"13,52824048","52,55697255"
23562,144299,Berlin,4,2020,10,15,5,3,0,2,1,1,1,0,0,0,0,1,"13,29277237","52,50672267"
23563,144300,Berlin,6,2020,10,16,1,3,5,2,0,1,0,0,0,0,1,0,"13,35477363","52,42907445"
23564,144301,Berlin,2,2020,10,19,3,3,2,2,2,1,0,0,0,0,0,1,"13,38348822","52,50349002"
23565,144302,Berlin,5,2020,10,15,1,3,1,5,0,0,1,0,0,0,0,0,"13,15734129","52,53453434"
23566,144303,Berlin,12,2020,10,15,1,3,5,2,0,0,1,0,1,0,0,0,"13,36052375","52,59686569"
23567,144304,Berlin,2,2020,10,16,6,3,0,1,1,0,0,0,1,0,0,1,"13,4372406","52,50024892"
23568,144305,Berlin,8,2020,10,14,1,3,5,2,0,1,1,0,0,0,0,0,"13,43159348","52,48570404"
23569,144306,Berlin,7,2020,10,12,1,3,3,6,0,1,1,0,0,0,0,0,"13,38903103","52,41204638"
23570,144307,Berlin,4,2020,10,10,1,3,0,1,0,0,0,0,1,0,0,0,"13,32697367","52,54007669"
23571,144308,Berlin,9,2020,10,17,4,3,5,2,1,1,1,0,0,0,0,0,"13,50883245","52,45254316"
23572,144309,Berlin,5,2020,10,10,1,3,5,2,0,0,1,0,1,0,0,0,"13,22579595","52,55444005"
23573,144310,Berlin,2,2020,10,9,1,3,5,3,0,0,1,0,0,0,0,0,"13,39944571","52,49828824"
23574,144311,Berlin,7,2020,10,19,3,3,2,6,2,0,1,0,0,0,0,1,"13,33902865","52,49953366"
23575,144312,Berlin,2,2020,10,6,4,3,0,1,1,0,0,0,1,0,0,1,"13,44410335","52,50079442"
23576,144313,Berlin,10,2020,10,9,2,3,5,3,0,0,1,0,0,0,1,1,"13,57589062","52,49119382"
23577,144314,Berlin,3,2020,10,10,6,3,0,1,0,1,0,0,0,0,0,1,"13,4192967","52,54750154"
23578,144315,Berlin,5,2020,10,9,1,3,5,2,0,1,1,0,0,0,0,0,"13,15808647","52,53304672"
23579,144316,Berlin,6,2020,10,14,5,3,5,3,0,1,1,0,0,0,0,0,"13,30280854","52,42677008"
23580,144317,Berlin,7,2020,10,11,7,3,0,3,0,0,0,0,1,0,1,1,"13,34013253","52,50169327"
23581,144318,Berlin,1,2020,10,19,3,3,6,2,2,0,1,1,0,0,0,1,"13,36168927","52,50385562"
23582,144319,Berlin,10,2020,10,13,7,2,0,3,0,1,1,0,0,0,0,1,"13,56090134","52,53412425"
23583,144320,Berlin,7,2020,10,19,3,3,0,1,2,1,0,0,0,0,0,1,"13,36140694","52,4815435"
23584,144321,Berlin,12,2020,10,10,4,3,5,3,0,0,1,0,0,0,0,0,"13,33180374","52,59507436"
23585,144322,Berlin,1,2020,10,0,7,3,2,2,2,0,1,0,0,0,0,1,"13,35821795","52,50111798"
23586,144323,Berlin,7,2020,10,23,7,3,1,5,2,0,1,0,0,0,0,0,"13,38296302","52,45583861"
23587,144324,Berlin,7,2020,10,18,3,3,5,2,2,0,1,0,0,0,1,0,"13,35379641","52,49922402"
23588,144325,Berlin,11,2020,10,19,3,3,0,6,2,1,0,0,0,0,0,0,"13,46972228","52,54179721"
23589,144326,Berlin,4,2020,10,11,3,3,1,5,0,1,1,0,0,0,0,0,"13,29362672","52,50136898"
23590,144327,Berlin,8,2020,10,11,4,3,6,2,0,0,1,1,0,0,0,1,"13,43753231","52,48121673"
23591,144328,Berlin,4,2020,10,23,7,3,8,1,2,0,0,0,1,0,0,0,"13,30946973","52,50832202"
23592,144329,Berlin,11,2020,10,14,7,3,2,6,0,0,1,0,0,0,0,0,"13,47373619","52,5359904"
23593,144330,Berlin,1,2020,10,18,3,3,2,6,2,0,1,0,0,0,0,0,"13,34902078","52,51474176"
23594,144331,Berlin,4,2020,10,13,3,3,3,6,0,1,0,0,0,0,1,0,"13,31875414","52,47124609"
23595,144332,Berlin,10,2020,10,19,6,3,0,1,2,0,0,0,1,0,0,1,"13,61455227","52,50224383"
23596,144333,Berlin,1,2020,10,13,7,3,2,7,0,0,1,0,0,0,0,0,"13,38487802","52,50870039"
23597,144334,Berlin,8,2020,10,23,5,3,0,7,2,1,0,0,0,0,0,0,"13,43675182","52,48864006"
23598,144335,Berlin,10,2020,10,10,7,3,3,2,0,0,1,0,0,0,1,0,"13,56285591","52,51426406"
23599,144336,Berlin,2,2020,10,6,7,3,5,3,2,0,1,0,0,0,0,1,"13,3987486","52,49635958"
23600,144337,Berlin,10,2020,10,10,3,3,0,2,0,0,0,0,0,0,1,0,"13,56180327","52,50528402"
23601,144338,Berlin,1,2020,10,13,4,3,5,2,0,1,1,0,0,0,0,0,"13,37727273","52,54375123"
23602,144339,Berlin,1,2020,10,1,7,3,0,1,2,0,0,0,1,0,0,1,"13,35893206","52,55426405"
23603,144340,Berlin,12,2020,10,8,3,3,5,2,0,1,1,0,0,0,0,0,"13,28159701","52,59222946"
23604,144341,Berlin,4,2020,10,10,3,2,5,2,0,0,1,0,1,0,0,0,"13,33942365","52,50312807"
23605,144342,Berlin,11,2020,10,10,6,3,6,2,0,0,1,1,0,0,0,1,"13,50849064","52,56462912"
23606,144343,Berlin,1,2020,10,21,7,3,3,6,2,0,1,0,0,0,0,0,"13,39420577","52,54046295"
23607,144344,Berlin,3,2020,10,10,5,3,0,2,0,1,1,0,0,0,0,1,"13,42882957","52,54774411"
23608,144345,Berlin,1,2020,10,8,5,3,0,2,0,1,1,0,0,0,0,1,"13,40963773","52,52400522"
23609,144346,Berlin,6,2020,10,9,6,3,5,2,0,1,0,0,0,1,0,1,"13,31774269","52,45797182"
23610,144347,Berlin,4,2020,10,19,7,2,1,5,2,0,1,0,0,0,0,0,"13,31673961","52,5166489"
23611,144348,Berlin,5,2020,10,12,5,3,1,5,0,1,1,0,0,0,0,1,"13,20154903","52,53828736"
23612,144349,Berlin,5,2020,10,14,5,3,5,2,0,1,1,0,0,0,0,1,"13,24783357","52,53826629"
23613,144350,Berlin,4,2020,10,18,7,3,5,3,1,0,1,0,0,0,0,0,"13,31725622","52,5042735"
23614,144351,Berlin,1,2020,10,18,7,3,1,5,2,1,1,0,0,0,0,0,"13,4112094","52,52781479"
23615,144352,Berlin,11,2020,10,18,3,2,6,4,2,0,1,1,0,0,0,1,"13,45877709","52,52673553"
23616,144353,Berlin,4,2020,10,8,4,3,5,2,0,1,1,0,0,0,0,1,"13,32610463","52,53837732"
23617,144354,Berlin,11,2020,10,5,6,3,5,3,2,0,1,0,0,0,1,1,"13,52035952","52,57031632"
23618,144355,Berlin,1,2020,10,15,7,3,6,4,0,1,0,1,0,0,0,0,"13,38356889","52,55118925"
23619,144356,Berlin,1,2020,10,9,3,3,5,2,0,1,1,0,0,0,0,0,"13,40119045","52,51041719"
23620,144357,Berlin,7,2020,10,10,3,3,1,7,0,0,1,0,0,0,0,0,"13,3810841","52,46218124"
23621,144358,Berlin,9,2020,10,14,6,3,5,3,0,0,0,0,1,0,1,1,"13,54404024","52,42793299"
23622,144359,Berlin,3,2020,10,15,7,3,2,2,0,0,1,0,1,0,0,0,"13,38276743","52,62978123"
23623,144360,Berlin,4,2020,10,15,7,3,1,5,0,1,1,0,0,0,0,0,"13,30229604","52,51345194"
23624,144361,Berlin,9,2020,10,7,5,3,2,6,0,0,1,0,0,0,1,1,"13,55832","52,45554205"
23625,144362,Berlin,7,2020,10,15,7,3,3,3,0,1,1,0,0,0,0,0,"13,32875766","52,47621452"
23626,144363,Berlin,1,2020,10,16,7,3,6,4,0,0,1,1,0,0,0,0,"13,38695645","52,5273112"
23627,144364,Berlin,4,2020,10,18,3,3,2,6,2,0,1,0,0,0,0,0,"13,31402837","52,46914138"
23628,144365,Berlin,6,2020,10,7,4,3,2,6,0,0,1,0,1,0,0,1,"13,26511414","52,41839596"
23629,144366,Berlin,4,2020,10,11,2,3,0,1,0,0,0,0,1,0,0,1,"13,29666393","52,53953344"
23630,144367,Berlin,7,2020,10,17,6,3,5,7,1,0,1,0,0,0,0,1,"13,38416135","52,45818765"
23631,144368,Berlin,6,2020,10,17,7,2,0,6,1,1,1,0,0,0,0,0,"13,1968535","52,48333446"
23632,144369,Berlin,9,2020,10,16,7,2,6,4,0,0,1,1,0,0,0,0,"13,57904441","52,45822006"
23633,144370,Berlin,3,2020,10,8,3,3,5,3,0,0,1,0,0,0,0,0,"13,43681201","52,53658096"
23634,144371,Berlin,4,2020,10,16,4,2,5,3,0,0,1,0,1,0,0,0,"13,33522097","52,48580566"
23635,144372,Berlin,2,2020,10,11,2,3,2,6,0,0,1,0,0,0,0,1,"13,3839645","52,49375304"
23636,144373,Berlin,11,2020,10,16,6,3,5,2,1,1,1,0,0,0,0,1,"13,52778907","52,49038183"
23637,144374,Berlin,1,2020,10,15,7,2,0,1,0,0,0,0,1,0,0,0,"13,38902655","52,55012585"
23638,144375,Berlin,3,2020,10,14,3,3,6,7,0,0,1,1,0,0,0,0,"13,40278782","52,55428544"
23639,144376,Berlin,4,2020,10,8,5,3,0,3,1,1,1,0,0,0,0,1,"13,29009091","52,51890273"
23640,144377,Berlin,12,2020,10,14,7,3,5,5,0,0,1,0,0,0,0,0,"13,28038468","52,57845983"
23641,144378,Berlin,4,2020,10,9,3,3,0,7,0,1,1,0,0,0,0,1,"13,30903484","52,50207139"
23642,144379,Berlin,9,2020,10,18,7,1,3,6,2,0,1,0,1,0,0,0,"13,48382143","52,45203431"
23643,144380,Berlin,6,2020,10,9,6,3,5,2,0,1,1,0,0,0,0,0,"13,27933802","52,4145629"
23644,144381,Berlin,4,2020,10,8,4,3,5,2,0,1,1,0,0,0,0,1,"13,28667154","52,51874215"
23645,144382,Berlin,7,2020,10,18,6,2,6,4,2,0,1,1,0,0,0,1,"13,3709032","52,47044815"
23646,144383,Berlin,7,2020,10,16,6,3,2,6,0,0,1,0,0,0,0,1,"13,37008205","52,46445013"
23647,144384,Berlin,1,2020,10,8,3,2,5,3,0,1,1,0,0,0,0,0,"13,41967947","52,50608184"
23648,144385,Berlin,4,2020,10,12,3,2,6,2,0,0,0,1,0,0,1,0,"13,33181458","52,5052258"
23649,144386,Berlin,2,2020,10,11,2,3,2,7,0,0,0,0,1,0,1,1,"13,38350427","52,49360873"
23650,144387,Berlin,1,2020,10,6,6,3,5,2,1,1,1,0,0,0,0,1,"13,36935671","52,55283884"
23651,144388,Berlin,1,2020,10,23,6,3,0,1,2,0,0,0,1,0,0,1,"13,35320276","52,50226828"
23652,144389,Berlin,3,2020,10,22,3,3,5,2,2,0,1,0,0,0,0,0,"13,47254492","52,60269913"
23653,144390,Berlin,1,2020,10,13,5,3,0,3,0,1,0,0,1,0,0,1,"13,40191701","52,52892564"
23654,144391,Berlin,2,2020,10,22,6,3,2,5,2,0,1,0,1,0,0,1,"13,42285137","52,48885608"
23655,144392,Berlin,8,2020,10,22,6,3,0,3,2,0,1,0,1,0,0,1,"13,44753744","52,47605918"
23656,144393,Berlin,2,2020,10,6,3,2,4,6,2,1,1,0,0,0,0,1,"13,42880127","52,52147003"
23657,144394,Berlin,10,2020,10,15,5,2,3,6,0,1,0,0,0,0,0,0,"13,56206307","52,50034587"
23658,144395,Berlin,4,2020,10,21,6,3,2,6,2,0,1,0,0,0,0,1,"13,30822303","52,48835816"
23659,144396,Berlin,9,2020,10,7,3,3,1,5,0,1,0,0,0,0,1,0,"13,57147841","52,43524929"
23660,144397,Berlin,4,2020,10,20,6,3,9,1,2,0,1,1,0,0,0,1,"13,3253271","52,50305575"
23661,144398,Berlin,1,2020,10,20,6,3,0,1,2,1,0,0,0,0,0,1,"13,40172505","52,52915599"
23662,144399,Berlin,12,2020,10,17,3,3,5,3,0,0,1,0,0,0,1,0,"13,28435343","52,5944018"
23663,144400,Berlin,11,2020,10,21,4,3,5,3,2,0,1,0,0,0,0,0,"13,52811066","52,55690107"
23664,144401,Berlin,6,2020,10,19,6,3,6,2,2,0,1,1,0,0,0,1,"13,33583436","52,43322671"
23665,144402,Berlin,7,2020,10,19,6,3,6,2,2,0,1,1,0,0,0,1,"13,36037559","52,47971826"
23666,144403,Berlin,10,2020,10,17,3,3,0,2,0,0,1,0,0,0,1,0,"13,60425655","52,54030191"
23667,144404,Berlin,5,2020,10,13,3,3,0,4,0,0,0,1,0,0,1,0,"13,2091206","52,54672075"
23668,144405,Berlin,2,2020,10,9,6,3,5,7,0,0,1,0,1,0,0,1,"13,45633336","52,51794688"
23669,144406,Berlin,1,2020,10,19,6,3,5,3,2,1,1,0,0,0,0,1,"13,39076724","52,51573705"
23670,144407,Berlin,11,2020,10,19,3,3,5,2,2,1,0,0,1,0,0,0,"13,4969307","52,54641735"
23671,144408,Berlin,8,2020,10,19,5,3,5,3,2,1,1,0,0,0,0,0,"13,43422486","52,4422823"
23672,144409,Berlin,7,2020,10,15,5,3,1,5,0,1,1,0,0,0,0,0,"13,35563529","52,4901355"
23673,144410,Berlin,11,2020,10,14,6,3,6,2,0,0,1,1,0,0,0,1,"13,51945187","52,48073358"
23674,144411,Berlin,1,2020,10,14,6,3,2,6,0,0,1,0,0,0,0,1,"13,42175531","52,51422773"
23675,144412,Berlin,7,2020,10,16,3,3,1,5,0,1,1,0,0,0,0,0,"13,37742435","52,46456648"
23676,144413,Berlin,4,2020,10,14,4,3,0,1,0,0,0,0,1,0,0,1,"13,28572077","52,52208197"
23677,144414,Berlin,4,2020,10,13,6,3,4,6,0,0,1,0,0,0,0,0,"13,32254696","52,54350338"
23678,144415,Berlin,11,2020,10,16,3,3,3,6,0,0,1,0,0,1,0,0,"13,52701245","52,48661673"
23679,144416,Berlin,10,2020,10,11,4,3,0,7,0,1,0,0,0,0,0,1,"13,57863093","52,51325784"
23680,144417,Berlin,10,2020,10,11,6,3,0,6,0,0,1,0,0,0,1,0,"13,56408461","52,51915588"
23681,144418,Berlin,6,2020,10,10,6,3,3,6,0,1,1,0,0,0,0,0,"13,30277329","52,42677107"
23682,144419,Berlin,1,2020,10,16,3,3,5,3,0,0,1,0,0,0,0,0,"13,36991148","52,54287995"
23683,144420,Berlin,3,2020,10,18,3,3,5,3,2,0,1,0,1,0,0,0,"13,48855166","52,61889586"
23684,144421,Berlin,7,2020,10,7,6,3,5,7,0,0,1,0,0,0,1,1,"13,37811121","52,45623031"
23685,144422,Berlin,8,2020,10,9,6,3,0,6,0,0,1,0,0,0,0,1,"13,45082899","52,43685134"
23686,144423,Berlin,1,2020,10,7,3,3,5,3,0,1,1,0,0,0,0,0,"13,3800675","52,54053537"
23687,144424,Berlin,2,2020,10,10,5,3,0,2,0,1,1,0,0,0,0,1,"13,43544671","52,52173519"
23688,144425,Berlin,11,2020,10,9,5,2,5,3,0,0,1,0,0,0,0,1,"13,52811453","52,55690313"
23689,144426,Berlin,2,2020,10,9,6,3,2,7,0,1,1,0,0,1,0,1,"13,4667697","52,51085353"
23690,144427,Berlin,4,2020,10,9,6,3,1,5,0,1,1,0,0,0,0,0,"13,33188331","52,49943012"
23691,144428,Berlin,12,2020,10,16,3,3,0,1,0,1,0,0,0,0,0,0,"13,28940728","52,59027997"
23692,144429,Berlin,7,2020,10,7,4,3,1,5,0,1,0,0,0,1,0,0,"13,38474842","52,45593168"
23693,144430,Berlin,5,2020,10,10,2,3,5,2,0,0,1,0,0,0,0,0,"13,19838653","52,5428507"
23694,144431,Berlin,3,2020,10,19,6,3,5,2,2,0,1,0,0,0,0,1,"13,4295141","52,57187364"
23695,144432,Berlin,1,2020,10,7,6,2,0,7,0,1,0,0,0,0,0,1,"13,33624403","52,52467598"
23696,144433,Berlin,4,2020,10,15,3,3,2,6,0,0,1,0,0,0,0,0,"13,3180247","52,50612669"
23697,144434,Berlin,5,2020,10,15,3,2,4,6,0,0,1,0,0,0,0,0,"13,18326324","52,48489969"
23698,144435,Berlin,5,2020,10,14,6,3,2,6,0,0,1,0,0,0,0,1,"13,20211259","52,5408045"
23699,144436,Berlin,4,2020,10,7,6,3,0,2,1,1,0,0,0,0,1,1,"13,28405","52,5051778"
23700,144437,Berlin,2,2020,10,6,6,3,2,6,1,0,1,0,0,0,0,0,"13,41829666","52,49933459"
23701,144438,Berlin,8,2020,10,14,3,3,2,2,0,0,1,0,0,0,0,0,"13,46381612","52,46646492"
23702,144439,Berlin,9,2020,10,17,3,3,0,3,2,1,0,0,0,0,1,0,"13,50999795","52,45356884"
23703,144440,Berlin,5,2020,10,12,6,3,5,2,0,0,1,0,0,0,0,1,"13,2271767","52,54945001"
23704,144441,Berlin,6,2020,10,5,6,3,0,7,2,0,0,0,1,0,0,1,"13,33217732","52,45847149"
23705,144442,Berlin,8,2020,10,17,5,3,5,3,2,1,1,0,0,0,0,0,"13,43679975","52,45694928"
23706,144443,Berlin,3,2020,10,7,5,3,5,3,0,1,1,0,0,0,0,1,"13,38800344","52,58879083"
23707,144444,Berlin,7,2020,10,0,6,3,2,7,2,0,1,0,0,0,0,1,"13,40770591","52,45252442"
23708,144445,Berlin,3,2020,10,11,6,3,1,5,0,0,1,0,0,0,0,0,"13,43184831","52,55730379"
23709,144446,Berlin,7,2020,10,14,3,3,6,4,0,0,1,1,0,0,0,0,"13,34199702","52,47914503"
23710,144447,Berlin,1,2020,10,17,4,3,6,2,1,0,1,1,0,0,0,0,"13,3918939","52,52007124"
23711,144448,Berlin,12,2020,10,9,2,3,5,2,0,1,0,0,0,1,0,1,"13,36100257","52,57705549"
23712,144449,Berlin,2,2020,10,18,6,2,5,3,2,1,1,0,0,0,0,1,"13,42155071","52,50448023"
23713,144450,Berlin,10,2020,10,11,6,3,2,6,0,0,0,0,1,0,1,0,"13,58891877","52,5377114"
23714,144451,Berlin,2,2020,10,6,3,3,2,3,0,0,1,0,0,0,0,0,"13,4427349","52,52499017"
23715,144452,Berlin,1,2020,10,8,5,3,5,2,0,1,1,0,0,0,0,1,"13,41655691","52,51098106"
23716,144453,Berlin,3,2020,10,12,6,3,0,3,0,1,0,0,0,0,1,0,"13,45274314","52,54876561"
23717,144454,Berlin,12,2020,10,18,2,3,2,6,2,0,1,0,0,0,0,1,"13,29236339","52,59601021"
23718,144455,Berlin,1,2020,10,13,6,3,2,6,0,0,1,0,0,0,0,0,"13,35630657","52,52364203"
23719,144456,Berlin,12,2020,10,14,6,2,5,3,0,0,1,0,0,0,1,1,"13,34594565","52,59155982"
23720,144457,Berlin,12,2020,10,16,4,3,2,6,1,0,1,0,1,0,0,0,"13,31346145","52,57207086"
23721,144458,Berlin,1,2020,10,14,6,3,5,2,0,0,1,0,1,0,0,1,"13,3570628","52,52354933"
23722,144459,Berlin,8,2020,10,14,6,3,2,2,0,0,1,0,0,0,1,1,"13,43048533","52,42156154"
23723,144460,Berlin,5,2020,10,15,6,3,2,6,0,0,1,0,0,0,0,0,"13,20054437","52,53852184"
23724,144461,Berlin,2,2020,10,15,6,3,0,5,1,0,1,0,1,0,0,1,"13,4170996","52,50189264"
23725,144462,Berlin,12,2020,10,6,5,3,5,2,1,0,1,0,0,1,0,1,"13,32130665","52,59357001"
23726,144463,Berlin,5,2020,10,16,6,3,2,7,0,0,1,0,1,0,0,1,"13,27406389","52,53614627"
23727,144464,Berlin,8,2020,10,16,6,3,5,3,0,0,1,0,1,0,0,1,"13,44716737","52,46571089"
23728,144465,Berlin,5,2020,10,13,3,3,6,2,0,0,1,1,0,0,0,0,"13,23219549","52,54054458"
23729,144466,Berlin,9,2020,10,6,4,3,1,5,0,1,1,0,0,0,0,1,"13,53109817","52,46242416"
23730,144467,Berlin,2,2020,10,9,2,3,5,3,0,1,1,0,0,0,0,1,"13,46336477","52,50813015"
23731,144468,Berlin,2,2020,10,17,6,3,5,7,2,1,0,0,0,0,1,1,"13,44402412","52,5190853"
23732,144469,Berlin,4,2020,10,17,6,3,0,3,1,1,1,0,0,0,0,1,"13,29000374","52,47016063"
23733,144470,Berlin,10,2020,10,13,5,3,1,5,0,0,1,0,0,0,0,1,"13,58726265","52,51733046"
23734,144471,Berlin,3,2020,10,17,6,2,4,1,0,0,1,0,0,0,0,1,"13,44224808","52,5697865"
23735,144472,Berlin,2,2020,10,12,3,3,1,5,0,1,1,0,0,0,0,0,"13,39622831","52,50451372"
23736,144473,Berlin,1,2020,10,15,5,3,6,7,0,0,0,1,0,0,1,0,"13,40010162","52,53111285"
23737,144474,Berlin,8,2020,10,23,3,3,5,3,2,0,1,0,0,0,0,1,"13,43744474","52,46360009"
23738,144475,Berlin,1,2020,10,7,4,3,5,2,1,1,1,0,0,0,0,0,"13,41561431","52,52722939"
23739,144476,Berlin,7,2020,10,18,5,3,1,5,1,1,1,0,0,0,0,0,"13,34692658","52,41492025"
23740,144477,Berlin,4,2020,10,12,5,3,2,6,0,0,1,0,0,0,0,0,"13,30325134","52,50528864"
23741,144478,Berlin,9,2020,10,21,3,2,0,1,2,0,0,0,1,0,0,1,"13,62045522","52,45593392"
23742,144479,Berlin,4,2020,10,11,3,3,5,2,0,1,1,0,0,0,0,0,"13,31388612","52,49050436"
23743,144480,Berlin,2,2020,10,20,6,2,6,2,2,0,1,1,0,0,0,1,"13,39820954","52,50699055"
23744,144481,Berlin,1,2020,10,19,5,3,3,5,2,0,1,0,1,0,0,0,"13,39923487","52,54392162"
23745,144482,Berlin,6,2020,10,23,2,3,3,6,2,1,1,0,0,0,0,0,"13,33410385","52,44287798"
23746,144483,Berlin,9,2020,10,20,3,3,9,1,2,0,1,0,0,0,0,1,"13,55869744","52,44676653"
23747,144484,Berlin,3,2020,10,11,3,3,2,6,0,0,1,0,0,0,0,0,"13,43220407","52,55054993"
23748,144485,Berlin,7,2020,10,9,6,3,5,3,0,1,1,0,0,0,0,1,"13,34520476","52,48679087"
23749,144486,Berlin,3,2020,10,13,5,3,0,7,0,0,1,0,0,0,0,0,"13,40324514","52,55888449"
23750,144487,Berlin,3,2020,10,13,5,2,4,6,0,0,1,0,0,0,0,1,"13,38184868","52,5736662"
23751,144488,Berlin,7,2020,10,13,5,3,5,3,0,1,0,0,0,0,0,0,"13,3241537","52,47506681"
23752,144489,Berlin,4,2020,10,12,5,3,5,3,0,0,1,0,0,0,0,0,"13,32098126","52,51305028"
23753,144490,Berlin,11,2020,10,18,2,3,5,3,2,0,1,0,0,0,0,0,"13,51910845","52,51346681"
23754,144491,Berlin,1,2020,10,13,4,3,2,2,0,1,1,0,0,0,0,0,"13,37662758","52,50938487"
23755,144492,Berlin,9,2020,10,12,5,3,2,2,0,0,1,0,0,0,0,0,"13,51732803","52,45443271"
23756,144493,Berlin,10,2020,10,12,5,3,5,3,0,0,1,0,1,0,0,0,"13,53734421","52,54030871"
23757,144494,Berlin,12,2020,10,23,2,3,5,3,2,0,1,0,0,0,0,0,"13,31511319","52,57651539"
23758,144495,Berlin,4,2020,10,10,3,3,5,7,0,1,1,0,0,0,0,1,"13,31400579","52,50703626"
23759,144496,Berlin,7,2020,10,6,6,3,5,2,2,0,1,0,0,0,0,1,"13,38563207","52,47192676"
23760,144497,Berlin,1,2020,10,12,5,3,0,2,0,1,0,0,1,0,0,0,"13,35007608","52,51377419"
23761,144498,Berlin,5,2020,10,10,5,3,2,7,0,0,1,0,0,0,0,1,"13,23995132","52,52627102"
23762,144499,Berlin,1,2020,10,8,5,3,3,6,0,1,1,0,0,0,0,1,"13,38475888","52,52920178"
23763,144500,Berlin,11,2020,10,12,5,2,5,2,0,1,1,0,0,0,0,0,"13,47364932","52,53608975"
23764,144501,Berlin,2,2020,10,12,5,3,5,3,0,0,1,0,0,0,0,0,"13,3964304","52,49135032"
23765,144502,Berlin,8,2020,10,22,2,3,5,2,2,1,1,0,0,0,0,0,"13,43367078","52,48193336"
23766,144503,Berlin,3,2020,10,15,4,3,2,6,0,0,1,0,0,0,0,1,"13,44368088","52,53338895"
23767,144504,Berlin,9,2020,10,18,5,3,5,3,2,1,1,0,0,0,0,0,"13,54132534","52,43529547"
23768,144505,Berlin,8,2020,10,15,5,2,0,7,0,1,0,0,0,0,0,1,"13,44654425","52,47408182"
23769,144506,Berlin,7,2020,10,10,5,2,2,2,0,0,1,0,1,0,0,0,"13,37732961","52,41845741"