,id,city,district,year,month,hour,weekday,injury_level,collision,movement,light_conditions,bicycle,car,pedestrian,motorbike,truck,other_vehicle,road_conditions,longitude,latitude
23770,144507,Berlin,4,2020,10,10,5,3,5,7,0,1,1,0,0,0,0,0,"13,29623987","52,50885689"
23771,144508,Berlin,10,2020,10,17,2,3,5,3,1,1,1,0,0,0,0,0,"13,57596189","52,49113689"
23772,144509,Berlin,6,2020,10,14,4,3,5,2,0,0,1,0,1,0,0,0,"13,35520048","52,42765873"
23773,144510,Berlin,5,2020,10,15,6,3,2,6,0,0,1,0,0,0,0,1,"13,21025136","52,54912014"
23774,144511,Berlin,3,2020,10,10,5,3,1,5,0,1,1,0,0,0,0,0,"13,4102503","52,53638026"
23775,144512,Berlin,4,2020,10,8,2,3,6,7,0,1,0,1,0,0,0,1,"13,28973224","52,51662346"
23776,144513,Berlin,2,2020,10,21,3,3,5,3,2,1,1,0,0,0,0,0,"13,41404601","52,50039535"
23777,144514,Berlin,4,2020,10,14,6,3,2,6,0,0,1,0,0,0,0,1,"13,27487642","52,50093908"
23778,144515,Berlin,6,2020,10,9,5,3,1,6,0,0,1,0,0,0,0,0,"13,3380544","52,44945605"
23779,144516,Berlin,7,2020,10,18,2,3,5,2,1,0,1,0,0,0,0,1,"13,33753609","52,46715322"
23780,144517,Berlin,6,2020,10,15,5,2,0,7,0,1,1,0,0,0,0,1,"13,30066207","52,43998726"
23781,144518,Berlin,7,2020,10,8,5,3,1,5,0,1,1,0,0,0,0,0,"13,37665079","52,46043248"
23782,144519,Berlin,5,2020,10,7,5,3,5,2,0,1,1,0,0,0,0,1,"13,19251709","52,528621"
23783,144520,Berlin,8,2020,10,23,5,3,1,5,2,0,1,0,1,0,0,0,"13,44092714","52,4603745"
23784,144521,Berlin,1,2020,10,22,5,3,2,6,2,0,1,0,0,0,0,0,"13,38436288","52,55602381"
23785,144522,Berlin,2,2020,10,11,2,3,5,2,0,1,0,0,0,0,1,0,"13,39581881","52,49891565"
23786,144523,Berlin,3,2020,10,18,4,2,5,2,2,1,1,0,0,0,0,0,"13,42794121","52,54550727"
23787,144524,Berlin,1,2020,10,9,2,3,2,6,0,0,0,0,0,0,1,1,"13,39549859","52,5390414"
23788,144525,Berlin,1,2020,10,17,6,3,0,2,1,1,0,0,1,0,0,1,"13,3511246","52,50963207"
23789,144526,Berlin,8,2020,10,20,5,3,5,3,2,0,0,0,1,0,1,0,"13,43464976","52,46594424"
23790,144527,Berlin,6,2020,10,15,5,3,6,7,0,1,0,1,0,0,0,0,"13,24735567","52,4482626"
23791,144528,Berlin,2,2020,10,9,2,3,2,6,0,0,1,0,0,0,0,0,"13,46847179","52,50699962"
23792,144529,Berlin,5,2020,10,19,6,2,2,6,2,0,1,0,0,0,0,1,"13,18180909","52,48731859"
23793,144530,Berlin,1,2020,10,19,5,3,0,1,2,1,0,0,0,0,0,0,"13,40136536","52,53977079"
23794,144531,Berlin,4,2020,10,15,3,3,3,6,0,0,1,0,0,0,0,0,"13,32299774","52,51113713"
23795,144532,Berlin,3,2020,10,16,6,3,5,3,0,0,1,0,0,0,0,1,"13,47397452","52,60982511"
23796,144533,Berlin,9,2020,10,20,5,3,3,6,2,1,1,0,0,0,0,0,"13,48119598","52,44501754"
23797,144534,Berlin,6,2020,10,19,5,2,5,2,2,1,0,0,0,0,0,0,"13,25159635","52,42388892"
23798,144535,Berlin,2,2020,10,10,5,2,6,4,0,1,1,1,0,0,0,0,"13,3858689","52,48738458"
23799,144536,Berlin,1,2020,10,11,4,3,5,2,0,1,1,0,0,0,0,0,"13,39380154","52,52853222"
23800,144537,Berlin,11,2020,10,19,5,3,4,6,2,0,1,0,0,0,1,0,"13,47939107","52,50795763"
23801,144538,Berlin,2,2020,10,17,5,3,2,6,0,0,1,0,0,0,0,0,"13,43935855","52,50242042"
23802,144539,Berlin,4,2020,10,11,2,2,0,6,0,0,1,0,1,0,0,0,"13,2701103","52,49929684"
23803,144540,Berlin,9,2020,10,6,4,3,2,6,2,0,1,0,0,0,0,1,"13,55327095","52,46954159"
23804,144541,Berlin,1,2020,10,9,2,3,5,3,0,0,1,0,1,0,0,1,"13,31488818","52,52952449"
23805,144542,Berlin,12,2020,10,9,6,3,5,3,0,1,1,0,0,0,0,1,"13,37361261","52,57462325"
23806,144543,Berlin,3,2020,10,16,5,3,5,3,0,1,1,0,0,0,0,0,"13,44873459","52,55972662"
23807,144544,Berlin,4,2020,10,13,5,3,0,6,0,1,1,0,0,0,0,0,"13,30841111","52,51831747"
23808,144545,Berlin,11,2020,10,15,5,3,5,3,0,1,1,0,0,0,0,0,"13,53022489","52,48662803"
23809,144546,Berlin,9,2020,10,16,5,3,5,2,0,1,1,0,0,0,0,0,"13,48894252","52,46421978"
23810,144547,Berlin,12,2020,10,11,2,3,5,3,0,1,1,0,0,0,0,0,"13,36319717","52,59690724"
23811,144548,Berlin,2,2020,10,11,4,3,2,7,0,1,1,0,0,0,0,0,"13,4163087","52,49967069"
23812,144549,Berlin,7,2020,10,16,5,3,5,5,0,1,1,0,0,0,0,0,"13,34302798","52,48261598"
23813,144550,Berlin,4,2020,10,15,5,3,1,5,0,1,1,0,0,0,0,0,"13,3365405","52,47999561"
23814,144551,Berlin,7,2020,10,9,2,3,0,7,0,0,1,0,0,1,0,1,"13,3485612","52,46080205"
23815,144552,Berlin,11,2020,10,15,5,3,6,3,0,0,1,1,0,0,0,0,"13,51489821","52,50558066"
23816,144553,Berlin,10,2020,10,15,5,3,5,3,0,1,1,0,0,0,0,0,"13,56915459","52,57022599"
23817,144554,Berlin,1,2020,10,9,2,3,5,2,0,1,1,0,0,0,0,1,"13,38018045","52,53288195"
23818,144555,Berlin,6,2020,10,22,4,3,6,4,2,0,1,1,0,0,0,0,"13,31790427","52,45420959"
23819,144556,Berlin,1,2020,10,15,5,3,6,4,0,0,1,1,0,0,0,0,"13,35897149","52,56032889"
23820,144557,Berlin,3,2020,10,8,5,3,2,6,0,0,1,0,1,0,0,0,"13,4272836","52,54486636"
23821,144558,Berlin,12,2020,10,9,2,3,5,3,0,0,1,0,0,0,0,1,"13,24067438","52,60194672"
23822,144559,Berlin,4,2020,10,13,3,3,2,2,0,0,1,0,1,0,0,0,"13,27163631","52,51007911"
23823,144560,Berlin,5,2020,10,19,6,3,5,3,2,0,1,0,0,0,0,1,"13,19854196","52,53289702"
23824,144561,Berlin,7,2020,10,7,5,2,6,4,1,1,0,1,0,0,0,0,"13,38044173","52,44315216"
23825,144562,Berlin,6,2020,10,20,5,3,5,3,2,1,1,0,0,0,0,0,"13,27618428","52,43853763"
23826,144563,Berlin,6,2020,10,15,5,3,6,2,0,0,1,1,0,0,0,0,"13,32482954","52,46124981"
23827,144564,Berlin,6,2020,10,0,5,2,5,3,2,0,1,0,0,0,1,0,"13,31559681","52,44317623"
23828,144565,Berlin,10,2020,10,9,2,3,5,3,0,0,1,0,1,0,0,1,"13,5445744","52,5449284"
23829,144566,Berlin,2,2020,10,13,4,3,5,2,0,1,1,0,0,0,0,0,"13,43288256","52,51782483"
23830,144567,Berlin,3,2020,10,13,5,3,5,2,0,1,1,0,0,0,0,0,"13,42575826","52,55266805"
23831,144568,Berlin,1,2020,10,8,2,2,0,1,0,0,0,0,1,0,0,1,"13,3924674","52,53696179"
23832,144569,Berlin,4,2020,10,14,3,3,5,2,0,1,1,0,0,0,0,0,"13,29596889","52,48199094"
23833,144570,Berlin,2,2020,10,12,6,3,2,6,0,0,1,0,0,0,0,1,"13,38993054","52,49602416"
23834,144571,Berlin,3,2020,10,13,5,3,5,2,0,1,0,0,1,0,0,0,"13,45814609","52,52560274"
23835,144572,Berlin,8,2020,10,8,2,3,5,3,0,0,1,0,0,0,0,1,"13,43815534","52,41742231"
23836,144573,Berlin,12,2020,10,19,3,3,5,3,2,1,1,0,0,0,0,1,"13,31048084","52,56795493"
23837,144574,Berlin,10,2020,10,7,6,3,5,3,1,1,1,0,0,0,0,1,"13,55843257","52,49399034"
23838,144575,Berlin,8,2020,10,13,5,3,5,3,0,0,1,0,0,0,0,1,"13,46647893","52,46819407"
23839,144576,Berlin,4,2020,10,18,5,3,3,6,2,0,1,0,1,0,0,1,"13,29439278","52,47411891"
23840,144577,Berlin,1,2020,10,9,5,3,2,6,0,0,1,0,0,0,0,0,"13,37843886","52,54465276"
23841,144578,Berlin,12,2020,10,13,5,3,0,3,0,0,1,0,1,0,0,0,"13,30216201","52,64509936"
23842,144579,Berlin,12,2020,10,14,4,3,3,6,0,0,1,0,0,0,0,0,"13,35264775","52,56421921"
23843,144580,Berlin,3,2020,10,7,2,3,2,6,1,0,1,0,0,0,0,0,"13,48154659","52,60963822"
23844,144581,Berlin,1,2020,10,8,4,3,2,6,0,0,1,0,0,0,0,1,"13,37354018","52,55658105"
23845,144582,Berlin,4,2020,10,5,6,3,1,5,2,1,0,0,0,1,0,1,"13,33844707","52,50358618"
23846,144583,Berlin,5,2020,10,11,4,3,2,6,0,0,1,0,0,0,0,1,"13,22908528","52,53792313"
23847,144584,Berlin,1,2020,10,5,2,3,2,2,2,0,1,0,0,0,0,1,"13,33575823","52,54180816"
23848,144585,Berlin,12,2020,10,16,3,3,5,3,0,0,1,0,0,0,0,0,"13,28408254","52,57862805"
23849,144586,Berlin,1,2020,10,14,6,3,2,6,0,0,1,0,1,0,0,1,"13,33625737","52,52479313"
23850,144587,Berlin,10,2020,10,10,4,3,5,2,0,0,1,0,0,0,0,1,"13,51751155","52,53540723"
23851,144588,Berlin,1,2020,10,18,4,3,5,2,2,1,1,0,0,0,0,0,"13,38166344","52,55227145"
23852,144589,Berlin,1,2020,10,6,5,3,0,2,1,0,1,0,1,0,0,1,"13,35143799","52,52782963"
23853,144590,Berlin,2,2020,10,19,4,3,2,6,2,0,1,0,0,0,0,1,"13,47507095","52,51148138"
23854,144591,Berlin,11,2020,10,17,4,2,5,7,1,0,0,0,1,0,1,0,"13,48543454","52,52667746"
23855,144592,Berlin,4,2020,10,9,5,3,0,6,0,1,1,0,0,0,0,1,"13,31223633","52,49848842"
23856,144593,Berlin,12,2020,10,8,5,3,2,6,0,0,1,0,0,0,0,0,"13,32114552","52,5842675"
23857,144594,Berlin,8,2020,10,15,4,3,6,4,0,0,1,1,0,0,0,1,"13,43586269","52,48377773"
23858,144595,Berlin,2,2020,10,17,4,3,2,6,1,0,1,0,0,0,0,0,"13,3761534","52,48772415"
23859,144596,Berlin,9,2020,10,1,2,3,8,1,2,0,1,0,0,0,0,1,"13,50547681","52,47680079"
23860,144597,Berlin,12,2020,10,9,4,3,5,3,0,0,1,0,0,0,1,0,"13,28030439","52,63013571"
23861,144598,Berlin,1,2020,10,7,2,3,5,3,0,1,1,0,0,0,0,1,"13,3190759","52,53109205"
23862,144599,Berlin,6,2020,10,16,6,3,5,3,2,0,1,0,0,0,0,1,"13,31243276","52,43042679"
23863,144600,Berlin,1,2020,10,15,4,3,6,2,0,0,1,1,0,0,0,0,"13,39839794","52,52655368"
23864,144601,Berlin,8,2020,10,17,2,2,5,3,2,0,1,0,0,0,0,1,"13,41049786","52,41403571"
23865,144602,Berlin,8,2020,10,9,3,3,5,3,0,1,1,0,0,0,0,0,"13,42024805","52,47676938"
23866,144603,Berlin,6,2020,10,14,5,3,1,5,0,0,1,0,0,0,0,0,"13,26369607","52,43903551"
23867,144604,Berlin,10,2020,10,15,4,3,6,4,0,0,0,1,0,0,1,0,"13,5580272","52,52960515"
23868,144605,Berlin,10,2020,10,14,2,3,6,2,0,0,1,1,0,0,0,0,"13,5698893","52,54084148"
23869,144606,Berlin,1,2020,10,12,4,3,9,1,0,0,1,0,0,0,0,1,"13,37564172","52,55640962"
23870,144607,Berlin,12,2020,10,14,4,3,5,2,0,1,1,0,0,0,0,0,"13,36228983","52,56793218"
23871,144608,Berlin,1,2020,10,16,4,3,0,5,1,0,0,0,1,0,1,0,"13,33535654","52,52619928"
23872,144609,Berlin,11,2020,10,13,4,3,0,1,0,1,0,0,0,0,0,1,"13,47639637","52,53312093"
23873,144610,Berlin,3,2020,10,12,4,2,5,3,0,1,1,0,0,0,0,1,"13,42457504","52,58981512"
23874,144611,Berlin,4,2020,10,14,2,3,6,7,0,0,0,1,0,0,1,0,"13,30674156","52,50646276"
23875,144612,Berlin,2,2020,10,16,3,3,6,4,0,1,0,1,0,0,0,0,"13,42298674","52,50009771"
23876,144613,Berlin,7,2020,10,9,6,3,3,6,0,1,1,0,0,0,0,1,"13,41066787","52,40948054"
23877,144614,Berlin,1,2020,10,13,3,3,5,3,0,1,0,0,0,0,1,0,"13,33929438","52,53390668"
23878,144615,Berlin,4,2020,11,15,6,3,1,5,0,1,1,0,0,0,0,0,"13,32980814","52,50731827"
23879,144616,Berlin,4,2020,11,8,2,3,2,6,0,0,1,0,0,0,0,1,"13,33069024","52,498644"
23880,144617,Berlin,10,2020,11,6,3,3,0,3,2,1,1,0,0,0,0,1,"13,60858084","52,49187549"
23881,144618,Berlin,7,2020,11,19,2,3,5,3,2,0,1,0,0,0,0,0,"13,33272105","52,4689643"
23882,144619,Berlin,1,2020,11,2,7,3,0,1,2,0,0,0,1,0,0,1,"13,32968901","52,52281459"
23883,144620,Berlin,11,2020,11,10,5,3,5,3,0,1,1,0,0,0,0,0,"13,45892641","52,5259918"
23884,144621,Berlin,7,2020,11,13,2,3,5,3,0,1,1,0,0,0,0,0,"13,34691019","52,41204307"
23885,144622,Berlin,7,2020,11,14,6,3,5,2,0,1,1,0,0,0,0,0,"13,35924957","52,45680998"
23886,144623,Berlin,10,2020,11,16,3,3,0,2,1,1,1,0,0,0,0,0,"13,62110836","52,53685863"
23887,144624,Berlin,2,2020,11,22,1,3,2,7,2,1,0,0,0,0,1,0,"13,41687289","52,49895451"
23888,144625,Berlin,6,2020,11,11,7,2,5,3,0,1,1,0,0,0,0,0,"13,33135704","52,4421196"
23889,144626,Berlin,4,2020,11,14,1,2,5,3,0,0,1,0,1,0,0,0,"13,29696246","52,54801065"
23890,144627,Berlin,11,2020,11,12,4,3,6,4,0,0,1,1,0,0,0,0,"13,49007363","52,51442763"
23891,144628,Berlin,7,2020,11,7,2,3,5,2,0,0,1,0,0,0,1,1,"13,3844986","52,47157142"
23892,144629,Berlin,3,2020,11,6,6,3,2,2,1,0,1,0,0,0,0,0,"13,45761259","52,528753"
23893,144630,Berlin,8,2020,11,12,1,3,0,1,0,1,0,0,0,0,0,1,"13,4957606","52,43215128"
23894,144631,Berlin,7,2020,11,11,3,2,5,2,0,1,0,0,0,1,0,0,"13,38104532","52,48256708"
23895,144632,Berlin,12,2020,11,10,6,3,0,3,0,0,1,0,0,0,1,0,"13,30394113","52,58323904"
23896,144633,Berlin,4,2020,11,19,4,3,6,4,2,1,0,1,0,0,0,0,"13,29645285","52,50226337"
23897,144634,Berlin,4,2020,11,11,2,3,5,2,0,1,0,0,0,0,1,1,"13,32226307","52,4864286"
23898,144635,Berlin,1,2020,11,17,5,3,5,2,2,1,1,0,0,0,0,0,"13,3816479","52,55227777"
23899,144636,Berlin,9,2020,11,14,3,3,0,1,0,0,0,0,1,0,0,0,"13,53739184","52,40391658"
23900,144637,Berlin,3,2020,11,15,2,3,2,2,0,1,1,0,0,0,0,0,"13,45273509","52,54879478"
23901,144638,Berlin,1,2020,11,14,5,3,5,2,0,1,1,0,0,0,0,0,"13,37393985","52,55649968"
23902,144639,Berlin,2,2020,11,10,3,3,2,6,0,1,1,0,0,0,0,0,"13,41841315","52,50005969"
23903,144640,Berlin,5,2020,11,10,7,3,6,7,0,0,1,1,0,0,0,0,"13,21820746","52,55658942"
23904,144641,Berlin,6,2020,11,18,1,3,5,2,2,0,1,0,1,0,0,0,"13,31910613","52,45448144"
23905,144642,Berlin,3,2020,11,16,4,3,0,1,1,1,0,0,0,0,0,0,"13,41920187","52,53824027"
23906,144643,Berlin,8,2020,11,8,2,3,5,3,0,0,1,0,0,0,0,1,"13,48810093","52,43488973"
23907,144644,Berlin,2,2020,11,0,6,3,5,3,2,0,1,0,0,0,0,0,"13,41216808","52,49873686"
23908,144645,Berlin,10,2020,11,13,1,3,5,2,0,0,1,0,0,0,0,0,"13,5916184","52,54492803"
23909,144646,Berlin,8,2020,11,12,3,3,6,2,0,0,1,1,0,0,0,0,"13,42588615","52,47824825"
23910,144647,Berlin,3,2020,11,13,6,3,0,2,0,1,1,0,0,0,0,0,"13,41471565","52,55357069"
23911,144648,Berlin,8,2020,11,15,4,3,5,2,0,1,1,0,0,0,0,0,"13,43469529","52,44030302"
23912,144649,Berlin,4,2020,11,7,5,3,5,3,0,1,1,0,0,0,0,0,"13,28039594","52,51833219"
23913,144650,Berlin,9,2020,11,13,3,3,2,6,0,0,1,0,0,0,0,0,"13,5287576","52,42636971"
23914,144651,Berlin,1,2020,11,20,6,3,0,4,2,0,0,1,1,0,0,1,"13,39426155","52,56277848"
23915,144652,Berlin,9,2020,11,12,1,3,0,1,0,1,0,0,0,0,0,1,"13,58044236","52,41754736"
23916,144653,Berlin,4,2020,11,8,4,3,1,5,0,1,1,0,0,0,0,0,"13,31235581","52,46856278"
23917,144654,Berlin,2,2020,11,17,2,3,5,3,2,1,1,0,0,0,0,0,"13,45929779","52,51243591"
23918,144655,Berlin,6,2020,11,8,1,3,0,1,0,0,1,0,0,0,0,0,"13,26001095","52,43173892"
23919,144656,Berlin,10,2020,11,5,5,3,5,2,2,1,1,0,0,0,0,0,"13,51973228","52,52610791"
23920,144657,Berlin,1,2020,11,12,1,3,0,1,0,0,0,0,1,0,0,1,"13,33994461","52,53981853"
23921,144658,Berlin,1,2020,11,21,7,3,5,2,2,1,1,0,0,0,0,0,"13,37696448","52,54573835"
23922,144659,Berlin,12,2020,11,12,1,3,1,5,0,0,1,0,0,0,0,1,"13,34362432","52,56986176"
23923,144660,Berlin,2,2020,11,10,4,3,2,3,0,1,0,0,0,0,0,0,"13,40653143","52,48948079"
23924,144661,Berlin,10,2020,11,14,1,3,0,1,0,0,0,0,0,0,1,0,"13,58939471","52,52776462"
23925,144662,Berlin,8,2020,11,10,5,2,0,1,0,0,0,0,1,0,0,0,"13,49046719","52,41344979"
23926,144663,Berlin,6,2020,11,10,1,3,1,1,0,1,0,0,1,0,0,1,"13,31547547","52,44432029"
23927,144664,Berlin,12,2020,11,14,3,3,0,6,0,0,1,0,0,0,0,0,"13,35349672","52,56244007"
23928,144665,Berlin,6,2020,11,7,6,3,1,5,0,0,1,0,0,0,0,1,"13,30886098","52,45943966"
23929,144666,Berlin,2,2020,11,14,4,3,2,6,0,0,1,0,0,0,0,0,"13,41536104","52,4911657"
23930,144667,Berlin,4,2020,11,5,1,3,3,6,2,0,1,0,1,0,0,0,"13,3343555","52,50437694"
23931,144668,Berlin,10,2020,11,13,5,2,5,3,0,0,1,0,0,0,0,0,"13,59173088","52,5449802"
23932,144669,Berlin,1,2020,11,15,3,3,5,2,1,1,1,0,0,0,0,0,"13,36379355","52,50077593"
23933,144670,Berlin,6,2020,11,18,6,3,6,7,2,1,0,1,0,0,0,0,"13,31971971","52,45724467"
23934,144671,Berlin,1,2020,11,4,1,3,0,1,2,0,0,0,0,0,1,0,"13,35346958","52,50220342"
23935,144672,Berlin,12,2020,11,12,3,3,0,1,0,1,0,0,0,0,0,0,"13,28388089","52,57877317"
23936,144673,Berlin,10,2020,11,16,2,3,5,7,1,0,1,0,0,0,0,0,"13,57048142","52,54329319"
23937,144674,Berlin,7,2020,11,22,7,3,6,4,2,0,1,1,0,0,0,0,"13,3594495","52,4984865"
23938,144675,Berlin,3,2020,11,18,5,3,5,2,2,1,1,0,0,0,0,0,"13,42054115","52,54865808"
23939,144676,Berlin,6,2020,11,17,2,3,5,3,2,0,1,0,0,0,0,0,"13,22642075","52,43882016"
23940,144677,Berlin,3,2020,11,16,6,3,5,3,1,1,1,0,0,0,0,0,"13,44655213","52,54665819"
23941,144678,Berlin,10,2020,11,12,3,3,0,2,0,1,1,0,0,0,0,1,"13,56302918","52,51424485"
23942,144679,Berlin,4,2020,11,17,1,3,5,7,2,0,1,0,0,0,0,0,"13,31399377","52,50621709"
23943,144680,Berlin,11,2020,11,12,1,2,1,5,0,1,0,0,0,0,1,0,"13,4958984","52,54257633"
23944,144681,Berlin,9,2020,11,13,7,3,5,2,0,1,1,0,0,0,0,0,"13,59347856","52,45294522"
23945,144682,Berlin,10,2020,11,8,2,3,5,2,0,0,1,0,0,0,0,0,"13,60136181","52,53580599"
23946,144683,Berlin,7,2020,11,19,6,3,5,2,2,0,1,0,0,0,0,0,"13,37202369","52,46984379"
23947,144684,Berlin,12,2020,11,10,4,3,5,2,0,1,1,0,0,0,0,0,"13,28838301","52,58410802"
23948,144685,Berlin,12,2020,11,15,1,3,0,2,0,0,1,0,1,0,0,0,"13,32871414","52,56241515"
23949,144686,Berlin,6,2020,11,17,7,3,2,6,2,0,1,0,0,0,0,0,"13,32007137","52,4571125"
23950,144687,Berlin,3,2020,11,11,5,3,5,3,0,1,1,0,0,0,0,0,"13,41045246","52,5712941"
23951,144688,Berlin,5,2020,11,18,3,3,2,6,2,0,1,0,0,0,0,0,"13,23720598","52,52694888"
23952,144689,Berlin,1,2020,11,22,6,2,6,2,2,0,0,1,1,0,0,0,"13,38284242","52,53052241"
23953,144690,Berlin,12,2020,11,17,1,3,5,3,2,0,1,0,0,0,0,0,"13,31137099","52,5697886"
23954,144691,Berlin,12,2020,11,7,3,3,5,2,0,1,0,0,1,0,0,0,"13,25550266","52,60978187"
23955,144692,Berlin,8,2020,11,16,2,3,2,6,1,0,1,0,0,0,0,0,"13,46983099","52,43479975"
23956,144693,Berlin,10,2020,11,8,7,3,5,3,0,0,1,0,0,0,0,1,"13,53863194","52,52463574"
23957,144694,Berlin,9,2020,11,15,5,3,5,2,0,1,0,0,0,0,1,0,"13,52665017","52,42636803"
23958,144695,Berlin,1,2020,11,16,2,3,3,2,1,1,1,0,0,0,0,1,"13,37991795","52,5405295"
23959,144696,Berlin,10,2020,11,13,6,3,2,6,0,0,1,0,0,0,0,0,"13,56624861","52,53443014"
23960,144697,Berlin,11,2020,11,12,3,3,6,4,0,0,0,1,0,0,1,0,"13,50425431","52,56304833"
23961,144698,Berlin,6,2020,11,17,1,3,6,2,2,0,1,1,0,0,0,0,"13,32074649","52,45185652"
23962,144699,Berlin,5,2020,11,10,7,3,2,6,0,0,1,0,1,0,0,0,"13,20695937","52,55569708"
23963,144700,Berlin,11,2020,11,16,1,3,5,3,1,0,1,0,0,0,0,0,"13,52812648","52,55698414"
23964,144701,Berlin,1,2020,11,18,4,3,5,3,2,1,1,0,0,0,0,0,"13,34946194","52,53176394"
23965,144702,Berlin,11,2020,11,10,2,3,0,1,0,0,0,0,1,0,0,1,"13,47766568","52,5046934"
23966,144703,Berlin,8,2020,11,8,6,3,0,7,0,1,0,0,0,0,0,1,"13,46754471","52,46848961"
23967,144704,Berlin,4,2020,10,23,7,1,6,4,2,0,1,1,1,0,0,0,"13,27227181","52,5195821"
23968,144705,Berlin,7,2020,11,12,3,3,2,6,0,0,1,0,1,0,0,0,"13,36062131","52,41272289"
23969,144706,Berlin,12,2020,10,18,7,3,2,6,2,0,1,0,0,0,1,1,"13,3146422","52,57663473"
23970,144707,Berlin,3,2020,11,8,5,3,0,6,0,1,1,0,0,0,0,0,"13,41176795","52,54755662"
23971,144708,Berlin,4,2020,11,8,3,3,2,6,0,0,1,0,0,0,0,0,"13,30894247","52,50649903"
23972,144709,Berlin,2,2020,11,13,6,3,5,2,0,1,1,0,0,0,0,0,"13,38942513","52,49595538"
23973,144710,Berlin,12,2020,10,17,7,3,4,5,2,0,1,0,1,0,0,1,"13,3375582","52,57130198"
23974,144711,Berlin,2,2020,11,9,3,3,0,1,0,1,0,0,0,0,0,0,"13,45337084","52,5234166"
23975,144712,Berlin,2,2020,11,12,7,3,5,2,0,1,1,0,0,0,0,0,"13,46474518","52,49736628"
23976,144713,Berlin,2,2020,11,13,5,3,5,3,0,0,1,0,0,0,1,0,"13,43037543","52,51042906"
23977,144714,Berlin,8,2020,11,14,2,3,5,3,0,1,1,0,0,0,0,0,"13,44173493","52,47860885"
23978,144715,Berlin,2,2020,11,22,5,2,5,2,2,1,0,0,1,0,0,0,"13,39578101","52,49788188"
23979,144716,Berlin,12,2020,11,9,3,3,5,7,0,0,1,0,1,0,0,1,"13,34124117","52,58260961"
23980,144717,Berlin,1,2020,11,9,7,3,6,4,0,1,0,1,0,0,0,0,"13,34337108","52,53191041"
23981,144718,Berlin,8,2020,10,17,7,3,5,3,2,0,1,0,0,0,0,0,"13,43184809","52,46642006"
23982,144719,Berlin,8,2020,11,14,4,3,1,5,0,0,1,0,0,0,0,0,"13,42965759","52,47047684"
23983,144720,Berlin,10,2020,11,12,6,3,0,7,0,0,1,0,0,0,0,0,"13,60112807","52,53684324"
23984,144721,Berlin,12,2020,10,16,7,3,0,2,1,1,0,0,0,0,1,1,"13,32627901","52,56445527"
23985,144722,Berlin,5,2020,11,13,3,3,2,7,0,0,1,1,0,0,0,0,"13,17987169","52,52955611"
23986,144723,Berlin,1,2020,11,11,6,3,6,7,0,0,0,1,0,1,0,0,"13,40341036","52,52520156"
23987,144724,Berlin,1,2020,11,14,4,3,5,3,0,0,1,0,1,0,0,1,"13,39022546","52,53540593"
23988,144725,Berlin,2,2020,11,8,6,3,5,2,0,1,0,0,0,0,0,0,"13,40771813","52,48850583"
23989,144726,Berlin,7,2020,11,18,4,3,2,6,2,0,1,0,0,0,0,0,"13,35597556","52,45736126"
23990,144727,Berlin,3,2020,11,19,1,3,5,3,2,0,1,0,0,0,0,0,"13,42247807","52,55979951"
23991,144728,Berlin,1,2020,11,16,5,3,0,3,1,1,0,0,0,0,0,0,"13,39732857","52,52868406"
23992,144729,Berlin,9,2020,11,20,3,3,1,5,2,1,0,0,0,0,1,0,"13,55524767","52,43834758"
23993,144730,Berlin,7,2020,11,7,6,3,5,3,1,1,1,0,0,0,0,1,"13,38774522","52,46037131"
23994,144731,Berlin,10,2020,10,16,7,3,5,3,2,0,1,0,0,0,0,1,"13,61141659","52,4779122"
23995,144732,Berlin,9,2020,11,9,4,3,5,2,0,1,1,0,0,0,0,0,"13,62507109","52,45381648"
23996,144733,Berlin,1,2020,11,12,1,3,3,6,0,1,1,0,0,0,0,0,"13,38331246","52,53064927"
23997,144734,Berlin,4,2020,11,5,5,3,6,2,2,0,1,1,0,0,0,1,"13,30963423","52,47626805"
23998,144735,Berlin,11,2020,10,16,7,3,1,5,1,1,1,0,0,0,0,1,"13,4780516","52,54754161"
23999,144736,Berlin,1,2020,11,16,3,3,0,5,1,0,1,0,1,0,0,0,"13,38518797","52,52885446"
24000,144737,Berlin,9,2020,11,7,6,2,5,2,0,0,1,0,0,1,0,0,"13,53515491","52,4323095"
24001,144738,Berlin,9,2020,11,13,4,3,5,3,0,1,1,0,0,0,0,0,"13,70660912","52,43408339"
24002,144739,Berlin,2,2020,11,0,1,3,5,3,2,1,1,0,0,0,0,0,"13,39539702","52,49775686"