,id,city,district,year,month,hour,weekday,injury_level,collision,movement,light_conditions,bicycle,car,pedestrian,motorbike,truck,other_vehicle,road_conditions,longitude,latitude
24003,144740,Berlin,5,2020,11,13,5,3,6,4,0,0,0,1,0,0,1,0,"13,20048127","52,53868659"
24004,144741,Berlin,12,2020,11,15,3,3,5,7,0,0,1,0,0,0,1,0,"13,33270642","52,57760047"
24005,144742,Berlin,10,2020,11,16,6,3,5,3,1,0,1,0,0,0,0,0,"13,53075603","52,51969579"
24006,144743,Berlin,2,2020,10,16,7,3,0,2,1,1,0,0,0,0,1,1,"13,38609801","52,48736477"
24007,144744,Berlin,9,2020,11,10,3,3,0,3,0,1,1,0,0,0,0,1,"13,48894716","52,46436998"
24008,144745,Berlin,7,2020,11,15,2,3,5,7,0,0,1,0,1,0,0,0,"13,35754757","52,41311376"
24009,144746,Berlin,7,2020,11,16,5,3,5,3,2,1,1,0,0,0,0,0,"13,32448499","52,46586298"
24010,144747,Berlin,9,2020,11,13,3,3,4,7,0,0,1,0,1,0,0,0,"13,56019889","52,47034715"
24011,144748,Berlin,9,2020,11,19,6,3,0,3,2,0,1,0,1,0,0,0,"13,57288204","52,47039069"
24012,144749,Berlin,8,2020,10,14,7,3,1,5,0,1,1,0,0,0,0,1,"13,42648307","52,48100635"
24013,144750,Berlin,10,2020,11,7,4,3,5,3,0,0,1,0,0,0,0,0,"13,56182235","52,53044625"
24014,144751,Berlin,2,2020,11,15,2,3,3,6,0,1,1,0,0,0,0,0,"13,42973424","52,50975555"
24015,144752,Berlin,5,2020,11,13,7,3,0,7,0,0,1,0,0,0,0,0,"13,22553864","52,55455873"
24016,144753,Berlin,2,2020,11,20,5,3,6,7,2,1,0,1,0,0,0,0,"13,44158236","52,50058852"
24017,144754,Berlin,10,2020,11,9,2,3,0,1,0,0,0,0,1,0,0,1,"13,57502747","52,56019044"
24018,144755,Berlin,1,2020,11,18,6,3,5,3,2,1,1,0,0,0,0,0,"13,36298478","52,54880852"
24019,144756,Berlin,1,2020,11,6,4,3,2,6,2,0,1,0,0,0,0,0,"13,34755682","52,54350628"
24020,144757,Berlin,11,2020,11,21,2,2,5,5,2,0,1,0,1,0,0,1,"13,51908909","52,49456237"
24021,144758,Berlin,5,2020,11,13,1,3,5,2,0,0,1,0,0,0,0,0,"13,21920676","52,53716982"
24022,144759,Berlin,4,2020,11,13,7,3,6,7,0,0,1,1,0,0,0,0,"13,27003538","52,51092733"
24023,144760,Berlin,1,2020,11,10,5,3,0,5,0,1,1,0,0,0,0,1,"13,33332289","52,54652702"
24024,144761,Berlin,11,2020,11,16,3,3,3,5,1,0,1,0,0,0,0,0,"13,50753855","52,56575688"
24025,144762,Berlin,10,2020,11,15,6,3,5,3,0,0,1,0,0,0,0,0,"13,64454862","52,52624293"
24026,144763,Berlin,12,2020,10,15,7,3,0,2,0,1,1,0,0,0,0,1,"13,36098418","52,57041324"
24027,144764,Berlin,4,2020,11,8,3,2,5,2,0,1,1,0,0,0,0,0,"13,31326594","52,50218133"
24028,144765,Berlin,6,2020,11,15,2,3,0,6,0,1,0,0,0,1,0,0,"13,25185621","52,42099483"
24029,144766,Berlin,4,2020,11,11,7,3,0,2,0,0,1,0,1,0,0,1,"13,31995632","52,46705554"
24030,144767,Berlin,3,2020,11,14,5,2,6,6,0,0,1,1,0,0,0,0,"13,46131697","52,52955461"
24031,144768,Berlin,6,2020,11,18,2,3,2,6,2,0,1,0,0,0,0,0,"13,30683911","52,42892662"
24032,144769,Berlin,6,2020,11,15,2,3,5,3,0,0,1,0,0,0,0,0,"13,3465424","52,41828446"
24033,144770,Berlin,5,2020,11,13,6,3,0,6,0,0,1,0,0,0,1,0,"13,19595936","52,5272513"
24034,144771,Berlin,9,2020,11,10,3,3,5,3,0,1,1,0,0,0,0,0,"13,57525307","52,45384059"
24035,144772,Berlin,8,2020,11,0,7,3,0,7,2,0,0,0,0,0,1,0,"13,42415872","52,48647954"
24036,144773,Berlin,12,2020,11,16,5,3,5,2,1,0,1,0,1,0,0,0,"13,31542523","52,57784057"
24037,144774,Berlin,1,2020,11,14,2,3,6,7,0,1,0,1,0,0,0,0,"13,38977684","52,55528545"
24038,144775,Berlin,1,2020,11,17,2,3,5,3,2,1,1,0,0,0,0,0,"13,38383428","52,55501384"
24039,144776,Berlin,1,2020,11,15,6,3,2,6,0,0,1,0,0,0,0,0,"13,38865002","52,53259029"
24040,144777,Berlin,5,2020,11,10,3,3,2,2,0,0,1,0,0,0,0,0,"13,20836981","52,56163202"
24041,144778,Berlin,10,2020,10,15,7,3,9,6,0,0,1,0,0,0,0,1,"13,53596124","52,54360549"
24042,144779,Berlin,2,2020,11,9,1,3,5,3,0,1,1,0,0,0,0,0,"13,38642246","52,49007462"
24043,144780,Berlin,3,2020,11,12,7,2,5,3,0,1,1,0,0,0,0,0,"13,44115365","52,54945547"
24044,144781,Berlin,6,2020,10,15,7,2,9,1,0,0,1,0,0,0,0,1,"13,24203842","52,42508349"
24045,144782,Berlin,9,2020,11,22,4,3,5,2,2,1,0,0,0,0,0,0,"13,52155643","52,46380077"
24046,144783,Berlin,4,2020,11,9,3,3,0,1,0,1,0,0,0,0,0,1,"13,29038863","52,48207061"
24047,144784,Berlin,7,2020,11,12,6,3,5,3,0,0,1,0,0,1,0,0,"13,36676498","52,44970282"
24048,144785,Berlin,3,2020,10,15,7,3,5,3,0,0,1,0,0,0,1,1,"13,47025285","52,5536469"
24049,144786,Berlin,1,2020,11,18,3,3,2,2,2,1,1,0,0,0,0,0,"13,33631442","52,51474243"
24050,144787,Berlin,8,2020,11,7,6,3,5,3,0,1,1,0,0,0,0,0,"13,42510517","52,45799306"
24051,144788,Berlin,7,2020,11,18,4,3,5,2,1,1,1,0,0,0,0,0,"13,32845512","52,46481668"
24052,144789,Berlin,5,2020,11,14,2,3,1,5,0,1,1,0,0,0,0,0,"13,14251245","52,45305861"
24053,144790,Berlin,6,2020,11,12,2,3,6,4,0,1,0,1,0,0,0,0,"13,25831314","52,43558356"
24054,144791,Berlin,6,2020,11,18,5,3,2,6,2,0,1,0,0,0,0,0,"13,3393911","52,44847355"
24055,144792,Berlin,4,2020,11,14,3,3,5,3,0,0,1,0,0,0,0,0,"13,28133677","52,50819896"
24056,144793,Berlin,1,2020,11,0,7,3,5,2,2,1,1,0,0,0,0,0,"13,41168066","52,5239631"
24057,144794,Berlin,5,2020,10,13,7,3,4,2,0,0,1,0,0,0,0,1,"13,18861801","52,55641923"
24058,144795,Berlin,5,2020,11,12,4,2,6,7,0,0,0,1,0,0,1,0,"13,25914959","52,54342669"
24059,144796,Berlin,11,2020,11,10,7,3,6,4,0,0,1,1,0,0,0,0,"13,49193895","52,56517103"
24060,144797,Berlin,3,2020,10,20,7,3,2,6,2,0,1,0,0,0,0,1,"13,43492804","52,542812"
24061,144798,Berlin,3,2020,11,16,4,3,5,3,1,1,1,0,0,0,0,0,"13,43054909","52,55119956"
24062,144799,Berlin,7,2020,11,8,2,3,6,7,0,1,0,1,0,0,0,1,"13,41109209","52,45660188"
24063,144800,Berlin,3,2020,11,8,6,3,5,2,0,1,0,0,0,1,0,0,"13,42999734","52,55141849"
24064,144801,Berlin,2,2020,10,17,7,3,2,6,2,0,1,0,0,0,0,1,"13,4546199","52,51582806"
24065,144802,Berlin,7,2020,11,12,3,3,1,5,0,1,1,0,0,0,0,0,"13,35399334","52,48724423"
24066,144803,Berlin,8,2020,11,13,6,3,6,7,0,0,1,1,0,0,0,0,"13,47498052","52,4082551"
24067,144804,Berlin,1,2020,11,15,4,3,5,2,0,1,1,0,0,0,0,0,"13,35114189","52,50963442"
24068,144805,Berlin,6,2020,11,14,2,3,2,6,0,0,1,0,0,0,0,0,"13,29420108","52,44524751"
24069,144806,Berlin,12,2020,11,18,1,3,0,7,2,1,0,0,0,0,0,0,"13,31222979","52,6186573"
24070,144807,Berlin,7,2020,11,7,5,3,2,3,0,0,1,0,0,0,0,0,"13,40144883","52,41466887"
24071,144808,Berlin,1,2020,11,22,3,3,5,3,2,1,1,0,0,0,0,0,"13,34340976","52,52623033"
24072,144809,Berlin,6,2020,11,20,6,3,1,5,2,0,1,0,1,0,0,0,"13,32260473","52,46481829"
24073,144810,Berlin,8,2020,10,18,7,3,2,6,2,0,1,0,0,0,0,1,"13,45518408","52,43025686"
24074,144811,Berlin,4,2020,11,8,4,3,6,4,0,1,0,1,0,0,0,0,"13,31173693","52,48102142"
24075,144812,Berlin,11,2020,11,15,2,3,6,4,0,1,0,1,0,0,0,1,"13,47885173","52,52646761"
24076,144813,Berlin,6,2020,11,10,1,3,5,2,0,0,1,0,0,0,0,0,"13,28404743","52,44567215"
24077,144814,Berlin,8,2020,11,13,5,2,5,3,0,0,1,0,1,0,0,0,"13,45193906","52,43829759"
24078,144815,Berlin,11,2020,10,5,7,3,0,1,2,0,1,0,0,0,0,1,"13,51596959","52,55184394"
24079,144816,Berlin,2,2020,11,17,3,3,1,5,2,1,1,0,0,0,0,0,"13,46078548","52,50880053"
24080,144817,Berlin,2,2020,11,0,6,3,6,4,2,0,1,1,0,0,0,0,"13,41937831","52,49916065"
24081,144818,Berlin,4,2020,11,9,4,3,1,5,0,1,1,0,0,0,0,0,"13,3052467","52,50994385"
24082,144819,Berlin,6,2020,11,14,1,3,2,2,0,1,1,0,0,0,0,0,"13,33507067","52,4642815"
24083,144820,Berlin,3,2020,11,12,5,3,5,3,0,1,1,0,0,0,0,0,"13,47572763","52,55031908"
24084,144821,Berlin,11,2020,10,0,7,3,0,1,2,0,1,0,0,0,0,1,"13,52680037","52,56928866"
24085,144822,Berlin,3,2020,11,14,3,3,2,7,0,0,1,0,0,0,0,0,"13,40129371","52,54660112"
24086,144823,Berlin,5,2020,11,8,6,3,0,1,0,1,0,0,0,0,0,0,"13,17628342","52,53972294"
24087,144824,Berlin,2,2020,11,14,4,3,1,5,0,1,1,0,0,0,0,0,"13,38053804","52,48971016"
24088,144825,Berlin,7,2020,11,15,5,3,2,7,0,0,1,0,0,0,0,0,"13,37965651","52,48113136"
24089,144826,Berlin,9,2020,11,15,3,3,0,7,0,1,0,1,0,0,0,1,"13,59353063","52,44346378"
24090,144827,Berlin,6,2020,11,18,6,3,0,6,2,1,0,0,0,0,1,0,"13,21837905","52,44085434"
24091,144828,Berlin,4,2020,10,0,7,3,5,2,2,0,1,0,1,0,0,1,"13,29844533","52,53507869"
24092,144829,Berlin,8,2020,11,19,3,2,9,1,2,0,1,0,1,0,0,0,"13,42668544","52,4568005"
24093,144830,Berlin,2,2020,11,10,2,3,5,3,0,1,1,0,0,0,0,1,"13,42470077","52,49737502"
24094,144831,Berlin,2,2020,11,21,7,3,3,6,2,1,0,0,0,0,1,0,"13,43719876","52,50024285"
24095,144832,Berlin,2,2020,11,19,5,3,5,2,2,0,1,0,1,0,0,0,"13,38404221","52,48498897"
24096,144833,Berlin,5,2020,11,14,2,3,5,3,0,0,1,0,0,0,0,0,"13,16539236","52,55118842"
24097,144834,Berlin,11,2020,11,17,2,3,2,2,2,0,1,0,0,0,0,0,"13,48960553","52,5120984"
24098,144835,Berlin,3,2020,11,16,6,3,5,2,2,1,1,0,0,0,0,0,"13,39112449","52,58376213"
24099,144836,Berlin,6,2020,11,12,4,3,8,1,0,0,1,0,0,0,0,0,"13,22817523","52,43906894"
24100,144837,Berlin,9,2020,11,14,2,3,2,2,0,0,1,0,0,0,0,0,"13,58621862","52,4408712"
24101,144838,Berlin,8,2020,11,12,1,2,5,3,0,0,1,0,1,0,0,0,"13,4488269","52,48503376"
24102,144839,Berlin,10,2020,11,13,7,3,5,3,0,0,1,0,0,0,0,0,"13,61645582","52,51928469"
24103,144840,Berlin,3,2020,11,8,5,2,4,6,0,1,0,0,0,0,0,0,"13,4684348","52,55798637"
24104,144841,Berlin,1,2020,11,8,3,3,5,2,0,1,1,0,0,0,0,0,"13,38313275","52,53060205"
24105,144842,Berlin,10,2020,11,14,6,3,5,2,0,1,1,0,0,0,0,0,"13,54012811","52,52566462"
24106,144843,Berlin,5,2020,11,15,1,3,3,6,0,0,1,0,1,0,0,0,"13,20411742","52,54038291"
24107,144844,Berlin,10,2020,11,19,7,3,5,2,2,0,1,0,0,0,0,0,"13,58379681","52,52426662"
24108,144845,Berlin,8,2020,11,11,5,3,6,4,0,1,0,1,0,0,0,0,"13,42755384","52,48112023"
24109,144846,Berlin,12,2020,11,17,3,3,5,2,2,1,0,0,0,0,0,0,"13,29180512","52,58035598"
24110,144847,Berlin,10,2020,11,15,6,2,5,7,0,0,1,0,0,0,1,0,"13,55044785","52,53353438"
24111,144848,Berlin,7,2020,10,0,7,3,0,1,2,1,0,0,0,0,0,1,"13,34349983","52,47209299"
24112,144849,Berlin,9,2020,11,7,3,3,3,6,1,1,0,0,0,0,1,1,"13,54610511","52,43718597"
24113,144850,Berlin,8,2020,11,10,2,3,0,4,0,0,0,1,1,0,0,1,"13,43851465","52,45216398"
24114,144851,Berlin,5,2020,11,4,7,2,1,1,2,0,1,0,0,0,0,1,"13,15989854","52,53324071"
24115,144852,Berlin,7,2020,11,15,5,3,6,4,0,1,0,1,0,0,0,0,"13,33999318","52,48338592"
24116,144853,Berlin,10,2020,11,16,2,3,5,2,2,0,1,0,0,0,1,0,"13,60704748","52,49011029"
24117,144854,Berlin,9,2020,11,14,6,3,4,6,0,1,0,0,0,0,0,0,"13,57461452","52,45308663"
24118,144855,Berlin,11,2020,11,9,3,3,2,2,0,1,1,0,0,0,0,0,"13,51147792","52,50433678"
24119,144856,Berlin,9,2020,10,10,7,3,2,7,0,0,1,0,0,0,0,1,"13,62500967","52,45333069"
24120,144857,Berlin,4,2020,11,11,7,2,2,2,0,0,1,0,0,0,0,0,"13,28096969","52,47683055"
24121,144858,Berlin,5,2020,10,12,7,3,0,7,0,0,1,0,0,0,0,1,"13,1513855","52,5328077"
24122,144859,Berlin,1,2020,11,19,4,3,5,2,2,1,1,0,0,0,0,0,"13,32837189","52,53293613"
24123,144860,Berlin,11,2020,11,11,2,3,5,3,0,1,1,0,0,0,0,1,"13,50920747","52,49139041"
24124,144861,Berlin,4,2020,11,10,6,3,5,2,0,1,1,0,0,0,0,1,"13,31209148","52,51557918"
24125,144862,Berlin,5,2020,10,12,7,3,4,6,0,1,0,0,0,0,1,1,"13,19615554","52,53731223"
24126,144863,Berlin,8,2020,11,12,3,3,5,3,0,1,1,0,0,0,0,0,"13,48820269","52,41926367"
24127,144864,Berlin,10,2020,11,22,6,2,5,2,2,1,1,0,0,0,0,0,"13,60351929","52,54410964"
24128,144865,Berlin,11,2020,11,19,4,3,2,2,2,0,1,0,1,0,0,0,"13,49303585","52,50097775"
24129,144866,Berlin,10,2020,11,13,2,3,5,3,0,0,1,0,0,0,0,1,"13,55086305","52,52342067"
24130,144867,Berlin,4,2020,11,9,2,3,3,2,0,0,1,0,1,0,0,0,"13,27285124","52,50879842"
24131,144868,Berlin,4,2020,10,11,7,3,1,7,0,0,1,0,0,0,1,1,"13,28212643","52,47769621"
24132,144869,Berlin,12,2020,11,9,3,3,5,3,0,0,1,0,0,0,0,0,"13,36456043","52,5626953"
24133,144870,Berlin,7,2020,11,12,7,3,6,4,0,0,1,1,0,0,0,0,"13,34804171","52,50065851"
24134,144871,Berlin,12,2020,11,14,5,2,5,2,0,0,1,0,1,0,0,0,"13,33431041","52,58970383"
24135,144872,Berlin,4,2020,11,14,2,3,2,2,0,0,0,0,1,0,1,0,"13,28032503","52,51853525"
24136,144873,Berlin,9,2020,11,8,5,3,0,7,0,1,0,0,0,0,0,0,"13,57470992","52,39795843"
24137,144874,Berlin,5,2020,11,9,3,3,6,2,0,0,1,1,0,0,0,0,"13,15780235","52,53315654"
24138,144875,Berlin,1,2020,11,10,7,3,0,6,0,0,1,0,0,0,1,0,"13,36935397","52,52632246"
24139,144876,Berlin,4,2020,10,12,7,3,3,2,0,0,1,0,1,0,0,1,"13,27993657","52,50615941"
24140,144877,Berlin,7,2020,11,15,4,3,4,6,0,0,1,0,0,0,0,0,"13,35986667","52,45444868"
24141,144878,Berlin,9,2020,11,6,2,3,0,7,2,1,1,0,0,0,0,1,"13,56766528","52,44500779"
24142,144879,Berlin,12,2020,11,8,6,3,0,2,0,0,1,0,0,0,1,0,"13,33045435","52,56257311"
24143,144880,Berlin,3,2020,10,12,7,3,5,7,0,0,1,0,0,0,0,1,"13,41712155","52,5498638"
24144,144881,Berlin,5,2020,11,12,3,3,6,7,0,0,1,1,0,0,0,0,"13,19242873","52,5566832"
24145,144882,Berlin,9,2020,11,12,6,3,0,2,0,0,1,0,1,0,0,0,"13,58735465","52,43905266"
24146,144883,Berlin,2,2020,11,14,4,3,2,6,0,1,0,0,0,0,0,0,"13,44271166","52,52498324"
24147,144884,Berlin,7,2020,11,7,5,3,6,4,1,0,1,1,0,0,0,0,"13,40633967","52,4043977"
24148,144885,Berlin,1,2020,11,13,3,3,5,7,0,1,1,0,0,0,0,0,"13,35702034","52,51965127"
24149,144886,Berlin,3,2020,11,14,6,3,5,3,0,1,1,0,0,0,0,0,"13,47921409","52,61944576"
24150,144887,Berlin,2,2020,10,13,7,2,5,3,0,1,0,0,0,0,0,1,"13,43804294","52,52029657"
24151,144888,Berlin,2,2020,11,16,5,2,5,2,2,1,0,0,0,0,0,0,"13,4333158","52,52309726"
24152,144889,Berlin,9,2020,11,14,3,3,1,5,0,1,1,0,0,0,0,0,"13,70769752","52,43531774"
24153,144890,Berlin,6,2020,11,18,6,3,5,3,1,0,1,0,0,0,0,0,"13,32315542","52,46462111"
24154,144891,Berlin,1,2020,10,13,7,3,0,1,0,1,0,0,0,0,0,1,"13,39901035","52,53242608"
24155,144892,Berlin,1,2020,11,9,4,2,2,6,0,0,1,0,0,0,0,0,"13,3853997","52,53250779"
24156,144893,Berlin,5,2020,11,22,1,3,2,6,2,0,1,0,1,0,0,0,"13,18257105","52,51247505"
24157,144894,Berlin,7,2020,11,10,5,3,5,3,0,0,0,0,0,0,1,0,"13,40670039","52,45643507"
24158,144895,Berlin,12,2020,10,14,7,3,0,7,0,0,1,0,1,0,0,1,"13,30807265","52,57321517"
24159,144896,Berlin,11,2020,11,15,3,3,5,2,1,1,1,0,0,0,0,0,"13,52475974","52,49528656"
24160,144897,Berlin,5,2020,11,7,6,3,5,3,0,0,1,0,0,0,0,1,"13,16514518","52,53344254"
24161,144898,Berlin,5,2020,11,13,4,3,3,6,0,0,1,0,1,0,0,0,"13,24861807","52,53820364"
24162,144899,Berlin,7,2020,11,13,2,3,5,3,0,1,1,0,0,0,0,1,"13,37963974","52,45156808"
24163,144900,Berlin,8,2020,11,0,1,3,1,5,2,0,1,0,0,0,0,0,"13,42021562","52,41287025"
24164,144901,Berlin,1,2020,11,13,5,3,0,2,0,1,0,0,1,0,0,0,"13,34908855","52,52335233"
24165,144902,Berlin,3,2020,11,15,3,3,2,2,0,0,1,0,0,0,0,0,"13,46535514","52,56717002"
24166,144903,Berlin,9,2020,11,15,6,2,5,3,0,0,1,0,1,0,0,0,"13,57962028","52,41847077"
24167,144904,Berlin,6,2020,10,10,7,3,5,3,0,0,1,0,0,0,0,1,"13,33480735","52,42096254"
24168,144905,Berlin,12,2020,11,10,3,3,0,1,0,0,0,0,1,0,0,0,"13,30148264","52,5805209"
24169,144906,Berlin,3,2020,11,10,2,3,2,6,0,0,1,0,0,1,0,1,"13,4591077","52,59343271"
24170,144907,Berlin,4,2020,11,7,7,3,1,5,0,0,0,0,0,1,1,1,"13,29814719","52,53495259"
24171,144908,Berlin,1,2020,11,18,5,3,6,6,2,1,0,1,0,0,0,0,"13,38809192","52,52132283"
24172,144909,Berlin,6,2020,11,17,2,3,5,2,1,1,1,0,0,0,0,0,"13,22394966","52,42969706"
24173,144910,Berlin,3,2020,11,7,4,3,5,3,0,1,1,0,0,0,0,0,"13,41843783","52,55355051"
24174,144911,Berlin,2,2020,11,10,2,3,2,6,0,0,1,0,0,0,1,1,"13,37665965","52,48801242"
24175,144912,Berlin,1,2020,11,23,7,3,1,5,2,1,1,0,0,0,0,0,"13,36707768","52,55217556"
24176,144913,Berlin,4,2020,11,15,5,3,1,5,0,0,1,0,0,0,0,0,"13,28887543","52,49927916"
24177,144914,Berlin,11,2020,11,2,2,3,4,6,2,0,1,0,0,0,0,0,"13,52287549","52,47635881"
24178,144915,Berlin,1,2020,11,18,6,3,2,3,2,1,1,0,0,0,0,0,"13,40114142","52,51132644"
24179,144916,Berlin,10,2020,11,11,4,3,6,4,0,0,1,1,0,0,0,0,"13,581978","52,51422262"
24180,144917,Berlin,1,2020,11,14,1,3,5,2,0,1,1,0,0,0,0,0,"13,3842378","52,50991836"
24181,144918,Berlin,11,2020,11,15,7,3,5,3,0,0,1,0,0,0,0,1,"13,5302348","52,48663043"
24182,144919,Berlin,5,2020,11,15,5,2,0,7,1,1,0,0,0,0,0,1,"13,1671068","52,51915202"
24183,144920,Berlin,2,2020,11,16,3,3,5,2,2,1,0,0,0,0,1,0,"13,43206575","52,50571461"
24184,144921,Berlin,8,2020,11,8,6,3,6,4,0,1,0,1,0,0,0,0,"13,47080707","52,42293677"
24185,144922,Berlin,4,2020,10,10,7,3,5,3,0,0,1,0,0,0,0,1,"13,30930482","52,49197868"
24186,144923,Berlin,9,2020,11,8,3,3,5,3,0,1,1,0,0,0,0,1,"13,51198967","52,47070359"
24187,144924,Berlin,12,2020,11,4,2,3,5,3,2,0,1,0,0,0,0,1,"13,37786102","52,56361249"
24188,144925,Berlin,1,2020,11,11,7,3,5,3,0,1,1,0,0,0,0,1,"13,33918927","52,53275801"
24189,144926,Berlin,10,2020,11,14,5,3,5,2,0,0,1,0,1,0,0,0,"13,52868816","52,52373309"
24190,144927,Berlin,7,2020,11,15,2,3,6,4,1,1,0,1,0,0,0,0,"13,38787026","52,45906963"
24191,144928,Berlin,4,2020,11,0,6,2,0,1,2,1,0,0,0,0,0,1,"13,2231803","52,50052604"
24192,144929,Berlin,12,2020,11,11,3,3,5,3,0,0,1,0,0,0,0,0,"13,32765547","52,56407631"
24193,144930,Berlin,10,2020,11,10,7,3,5,2,0,0,1,0,0,0,1,0,"13,60979827","52,53299106"
24194,144931,Berlin,7,2020,10,10,7,2,6,2,0,0,1,1,0,0,0,1,"13,35944088","52,45671124"
24195,144932,Berlin,2,2020,11,16,4,3,8,1,1,0,1,0,0,0,0,0,"13,38367665","52,50333822"
24196,144933,Berlin,12,2020,11,9,2,3,5,2,0,1,1,0,0,0,0,1,"13,28303382","52,59421146"
24197,144934,Berlin,5,2020,11,15,6,3,0,1,0,0,0,0,0,0,1,0,"13,18217601","52,53409635"
24198,144935,Berlin,8,2020,11,8,3,3,2,6,0,1,1,0,0,0,0,0,"13,43274672","52,48529845"
24199,144936,Berlin,12,2020,10,10,7,3,5,2,0,1,1,0,0,0,0,1,"13,30411822","52,62213275"
24200,144937,Berlin,12,2020,11,12,1,3,5,3,0,0,1,0,0,0,0,0,"13,35508694","52,59663813"
24201,144938,Berlin,9,2020,11,13,7,2,6,4,0,1,0,1,0,0,0,0,"13,57957824","52,45904318"
24202,144939,Berlin,1,2020,10,9,7,3,6,4,0,0,1,1,0,0,0,1,"13,42564366","52,52345723"
24203,144940,Berlin,5,2020,11,12,5,3,5,3,0,0,1,0,0,0,0,0,"13,17886877","52,54094986"
24204,144941,Berlin,6,2020,11,7,3,3,2,7,0,1,1,0,0,0,0,0,"13,32084362","52,45714731"
24205,144942,Berlin,7,2020,11,13,6,3,6,4,0,1,0,1,0,0,0,0,"13,32863428","52,47661426"
24206,144943,Berlin,1,2020,10,11,7,3,0,1,0,0,0,0,1,0,0,1,"13,377395","52,51456955"
24207,144944,Berlin,2,2020,11,9,3,3,1,5,0,1,1,0,0,0,0,0,"13,41889996","52,48763926"
24208,144945,Berlin,2,2020,11,13,7,3,6,4,0,0,1,1,0,0,0,0,"13,44618997","52,52108536"
24209,144946,Berlin,2,2020,11,16,5,3,3,6,1,1,0,0,0,0,1,0,"13,41914199","52,50106723"
24210,144947,Berlin,1,2020,11,13,2,3,2,7,0,0,0,0,1,0,1,0,"13,38697464","52,53320468"
24211,144948,Berlin,4,2020,11,18,5,3,2,6,2,0,1,0,1,0,0,0,"13,29622389","52,49251143"
24212,144949,Berlin,2,2020,11,9,3,3,2,6,0,1,0,1,0,0,0,0,"13,43832428","52,50024911"
24213,144950,Berlin,12,2020,11,8,7,3,5,3,0,0,1,0,0,0,1,0,"13,37403549","52,56760865"
24214,144951,Berlin,2,2020,10,11,7,3,1,5,0,1,1,0,0,0,0,1,"13,45593899","52,50995815"
24215,144952,Berlin,5,2020,11,13,4,2,1,5,0,0,1,0,0,0,1,0,"13,17590908","52,54795463"
24216,144953,Berlin,1,2020,11,2,6,3,9,1,2,0,0,0,0,0,1,0,"13,39447012","52,52458597"
24217,144954,Berlin,7,2020,10,12,7,3,5,2,0,0,1,0,0,0,0,1,"13,37620095","52,40925635"
24218,144955,Berlin,5,2020,11,14,3,3,2,2,0,0,1,0,0,0,0,0,"13,21596851","52,52691474"
24219,144956,Berlin,1,2020,11,9,6,3,5,2,0,1,1,0,0,0,0,0,"13,36034106","52,53724347"
24220,144957,Berlin,11,2020,10,0,7,2,9,1,2,0,1,0,0,0,0,1,"13,54576535","52,56791513"
24221,144958,Berlin,12,2020,11,12,3,3,6,2,0,0,0,1,0,0,1,0,"13,28552397","52,58770262"
24222,144959,Berlin,10,2020,11,13,6,3,5,3,0,0,1,0,0,0,0,0,"13,61383201","52,51639699"
24223,144960,Berlin,6,2020,11,16,4,3,5,3,2,0,1,0,0,0,0,0,"13,33267059","52,44025765"
24224,144961,Berlin,3,2020,11,0,1,3,9,1,2,0,1,0,0,0,0,0,"13,46944007","52,55366685"
24225,144962,Berlin,7,2020,11,16,5,2,0,6,1,0,1,0,1,0,0,0,"13,35750746","52,47644782"
24226,144963,Berlin,5,2020,11,22,3,3,5,3,2,1,1,0,0,0,0,0,"13,18983449","52,53691651"
24227,144964,Berlin,2,2020,11,21,6,3,5,2,2,1,1,0,0,0,0,0,"13,39302919","52,4892165"
24228,144965,Berlin,7,2020,10,0,7,3,1,5,2,0,1,0,0,0,0,1,"13,35321537","52,41669955"
24229,144966,Berlin,1,2020,11,9,4,3,2,6,0,0,1,0,0,0,0,0,"13,387036","52,55964753"
24230,144967,Berlin,9,2020,11,11,1,3,2,2,0,1,1,0,0,0,0,0,"13,5627536","52,44618384"
24231,144968,Berlin,2,2020,11,14,5,3,5,2,0,1,1,0,0,0,0,0,"13,42277777","52,49905241"
24232,144969,Berlin,4,2020,10,14,6,3,5,3,0,1,1,0,0,0,0,1,"13,31503076","52,50089247"
24233,144970,Berlin,12,2020,11,15,3,3,5,3,0,0,1,0,0,0,0,0,"13,32376196","52,59849594"
24234,144971,Berlin,1,2020,11,7,6,3,5,2,1,1,1,0,0,0,0,1,"13,36899146","52,5296292"
24235,144972,Berlin,2,2020,11,7,4,3,5,3,0,1,1,0,0,0,0,0,"13,44946978","52,50781437"
24236,144973,Berlin,7,2020,11,19,7,3,0,2,0,1,1,0,0,0,0,0,"13,32824536","52,46612449"