,id,city,district,year,month,hour,weekday,injury_level,collision,movement,light_conditions,bicycle,car,pedestrian,motorbike,truck,other_vehicle,road_conditions,longitude,latitude
24237,144974,Berlin,4,2020,11,12,5,3,0,2,0,1,1,0,0,0,0,0,"13,28047694","52,47742959"
24238,144975,Berlin,10,2020,11,15,3,3,5,3,0,1,1,0,0,0,0,1,"13,57408698","52,53172171"
24239,144976,Berlin,5,2020,11,8,6,3,1,5,0,0,1,0,0,0,0,0,"13,17446529","52,52628758"
24240,144977,Berlin,9,2020,11,14,4,2,5,2,0,1,1,0,0,0,0,0,"13,55879631","52,44675266"
24241,144978,Berlin,3,2020,11,15,5,3,6,4,0,0,1,1,0,0,0,0,"13,42888337","52,58504086"
24242,144979,Berlin,7,2020,11,16,3,3,3,1,0,0,1,0,1,0,0,1,"13,38533866","52,48430213"
24243,144980,Berlin,12,2020,11,19,6,2,1,7,2,0,1,0,0,0,0,0,"13,35241814","52,58083105"
24244,144981,Berlin,2,2020,10,16,6,3,2,6,0,1,1,0,0,0,0,1,"13,45794925","52,52067832"
24245,144982,Berlin,9,2020,11,7,4,3,8,1,0,0,1,0,0,0,0,0,"13,50203902","52,44269276"
24246,144983,Berlin,6,2020,11,6,2,2,5,2,2,0,1,0,0,0,1,1,"13,31862628","52,45416933"
24247,144984,Berlin,12,2020,11,12,7,3,5,3,0,0,1,0,0,0,0,1,"13,31870693","52,57401427"
24248,144985,Berlin,1,2020,11,20,5,2,1,5,2,0,1,0,0,0,0,0,"13,39658186","52,5595569"
24249,144986,Berlin,3,2020,11,12,2,3,1,5,0,1,1,0,0,0,0,1,"13,42388845","52,53032201"
24250,144987,Berlin,2,2020,11,17,2,3,6,4,2,0,1,1,0,0,0,0,"13,40986628","52,50389827"
24251,144988,Berlin,6,2020,11,17,6,3,6,7,2,0,1,1,0,0,0,0,"13,32953827","52,46404599"
24252,144989,Berlin,1,2020,11,10,4,2,0,1,0,1,0,0,0,0,0,0,"13,38728024","52,52614246"
24253,144990,Berlin,2,2020,11,12,2,3,2,6,0,0,1,0,0,0,0,1,"13,42967373","52,51035816"
24254,144991,Berlin,8,2020,11,13,1,3,1,5,0,1,1,0,0,0,0,0,"13,4474425","52,47572113"
24255,144992,Berlin,11,2020,11,13,7,3,5,2,0,1,1,0,0,0,0,0,"13,54015559","52,56528373"
24256,144993,Berlin,7,2020,11,9,5,3,2,6,0,0,1,0,0,0,0,0,"13,34879598","52,47037347"
24257,144994,Berlin,7,2020,11,8,3,2,5,2,0,1,1,0,0,0,0,0,"13,3570515","52,49889272"
24258,144995,Berlin,12,2020,11,14,6,3,5,2,0,1,0,0,0,0,1,0,"13,30408018","52,62216582"
24259,144996,Berlin,9,2020,10,9,6,2,5,7,0,0,1,0,0,0,1,1,"13,6253828","52,45627599"
24260,144997,Berlin,4,2020,11,8,3,3,0,6,0,0,1,0,1,0,0,0,"13,32261889","52,48612339"
24261,144998,Berlin,9,2020,11,11,7,3,5,2,0,1,1,0,0,0,0,0,"13,57562295","52,42378513"
24262,144999,Berlin,4,2020,11,14,5,2,5,2,0,0,1,0,1,0,0,0,"13,31947042","52,49225348"
24263,145000,Berlin,2,2020,12,17,3,3,6,4,2,1,0,1,0,0,0,0,"13,43787521","52,49393264"
24264,145001,Berlin,9,2020,11,20,6,3,0,7,2,0,1,0,0,0,1,1,"13,52782753","52,41111525"
24265,145002,Berlin,1,2020,11,3,3,3,2,6,2,0,1,0,0,0,0,0,"13,41513615","52,52707102"
24266,145003,Berlin,1,2020,11,9,3,3,0,3,0,1,0,0,0,0,1,0,"13,40325311","52,51676615"
24267,145004,Berlin,2,2020,11,22,5,3,5,2,2,1,0,0,0,0,1,1,"13,43192824","52,49740061"
24268,145005,Berlin,7,2020,11,8,2,3,2,6,0,0,1,0,0,0,0,0,"13,39863898","52,44337744"
24269,145006,Berlin,11,2020,11,10,6,1,5,2,0,1,0,0,0,1,0,0,"13,4993166","52,51896737"
24270,145007,Berlin,10,2020,11,17,4,3,5,3,2,1,1,0,0,0,0,0,"13,57658588","52,49343992"
24271,145008,Berlin,7,2020,11,13,7,3,2,6,0,0,1,0,0,0,1,0,"13,36028279","52,45634673"
24272,145009,Berlin,11,2020,11,16,6,3,5,3,0,1,1,0,0,0,0,0,"13,52272767","52,56514751"
24273,145010,Berlin,2,2020,11,12,3,3,0,1,0,1,0,0,0,0,0,0,"13,3888401","52,49951416"
24274,145011,Berlin,6,2020,11,17,6,3,5,2,2,1,1,0,0,0,0,0,"13,35884638","52,43713804"
24275,145012,Berlin,3,2020,11,17,2,3,5,2,2,0,1,0,0,0,0,0,"13,4423773","52,63695807"
24276,145013,Berlin,2,2020,11,9,6,3,0,5,0,1,1,0,0,0,0,1,"13,44503076","52,52000286"
24277,145014,Berlin,4,2020,11,17,6,3,5,2,2,0,1,0,1,0,0,0,"13,28661937","52,53516673"
24278,145015,Berlin,8,2020,12,13,3,3,1,5,0,1,0,0,0,0,1,0,"13,43677515","52,46699934"
24279,145016,Berlin,11,2020,11,15,6,2,6,4,0,0,1,1,0,0,0,1,"13,49140957","52,54353819"
24280,145017,Berlin,11,2020,11,5,2,2,6,7,2,0,1,1,0,0,0,1,"13,50007114","52,56156667"
24281,145018,Berlin,10,2020,11,11,5,2,6,4,0,0,1,1,0,0,0,1,"13,55988799","52,53759746"
24282,145019,Berlin,4,2020,11,11,1,3,5,3,0,0,1,0,0,0,0,0,"13,31046955","52,51598391"
24283,145020,Berlin,2,2020,11,20,6,3,2,6,2,1,1,0,0,0,0,0,"13,44494483","52,49951028"
24284,145021,Berlin,3,2020,11,13,4,2,5,3,0,0,1,0,0,0,0,0,"13,40819844","52,56362563"
24285,145022,Berlin,2,2020,11,14,6,3,2,7,0,1,1,0,0,0,0,0,"13,39432157","52,48653226"
24286,145023,Berlin,1,2020,12,17,4,3,5,3,2,1,1,0,0,0,0,0,"13,41771556","52,51385144"
24287,145024,Berlin,4,2020,11,14,4,3,6,7,0,0,1,1,0,0,0,0,"13,29074403","52,47527709"
24288,145025,Berlin,11,2020,11,16,7,3,5,3,1,1,1,0,0,0,0,0,"13,49650607","52,5339782"
24289,145026,Berlin,4,2020,11,14,6,2,2,6,0,0,1,0,0,0,0,0,"13,30517643","52,49957444"
24290,145027,Berlin,5,2020,11,13,6,3,3,6,0,0,1,0,0,0,0,0,"13,17706555","52,52515295"
24291,145028,Berlin,2,2020,11,18,2,3,5,2,2,1,1,0,0,0,0,0,"13,40664405","52,49832726"
24292,145029,Berlin,12,2020,11,6,6,3,5,2,2,0,1,0,0,0,1,1,"13,35110198","52,56759431"
24293,145030,Berlin,6,2020,11,13,6,3,2,6,0,0,1,0,0,0,0,0,"13,28588347","52,45292822"
24294,145031,Berlin,1,2020,12,10,3,3,2,6,0,0,1,0,1,0,0,0,"13,38428072","52,55607043"
24295,145032,Berlin,4,2020,11,12,6,3,1,5,0,0,1,0,0,0,0,0,"13,26096769","52,50972877"
24296,145033,Berlin,1,2020,11,8,2,3,0,1,1,1,0,0,0,0,0,0,"13,35199455","52,50824647"
24297,145034,Berlin,3,2020,11,10,5,3,6,4,0,0,1,1,0,0,0,0,"13,43934277","52,55216604"
24298,145035,Berlin,4,2020,11,4,1,3,0,1,2,0,1,0,0,0,1,1,"13,26701582","52,51993334"
24299,145036,Berlin,5,2020,11,11,6,3,2,6,0,0,1,0,0,0,0,0,"13,23244089","52,53839413"
24300,145037,Berlin,2,2020,11,11,4,3,0,1,0,0,0,0,1,0,0,0,"13,45680608","52,50244509"
24301,145038,Berlin,2,2020,11,10,5,3,5,2,0,1,1,0,0,0,0,0,"13,43122552","52,49916773"
24302,145039,Berlin,3,2020,11,15,5,3,0,1,0,1,0,0,0,0,0,1,"13,42441075","52,55229626"
24303,145040,Berlin,1,2020,11,8,2,3,5,3,0,1,0,0,0,0,1,0,"13,37732588","52,5565841"
24304,145041,Berlin,7,2020,11,16,3,3,3,6,1,1,1,0,0,0,0,0,"13,3756184","52,45655292"
24305,145042,Berlin,5,2020,11,14,6,2,6,4,0,0,1,1,0,0,0,0,"13,13325015","52,46195893"
24306,145043,Berlin,11,2020,11,11,2,3,6,4,0,1,0,1,0,0,0,0,"13,48706792","52,50241939"
24307,145044,Berlin,7,2020,11,22,5,3,5,2,2,0,1,0,0,0,0,1,"13,36098307","52,49425769"
24308,145045,Berlin,2,2020,11,13,2,3,5,2,0,1,1,0,0,0,0,0,"13,37676766","52,48503307"
24309,145046,Berlin,1,2020,11,12,5,3,5,2,0,0,1,0,0,0,0,1,"13,41175633","52,52396553"
24310,145047,Berlin,5,2020,11,12,2,3,0,5,0,0,1,0,1,0,0,0,"13,2100435","52,54839218"
24311,145048,Berlin,2,2020,11,14,6,2,0,1,0,1,0,0,0,0,0,0,"13,44996641","52,50752281"
24312,145049,Berlin,1,2020,11,0,2,3,6,4,2,0,1,1,0,0,0,0,"13,36895585","52,5262009"
24313,145050,Berlin,2,2020,11,8,5,3,0,1,0,1,0,0,0,0,0,1,"13,39483706","52,49615426"
24314,145051,Berlin,3,2020,11,12,2,3,5,3,0,1,1,0,0,0,0,0,"13,44247042","52,55718276"
24315,145052,Berlin,11,2020,11,9,4,3,2,6,0,0,1,0,0,0,0,1,"13,51913763","52,51067561"
24316,145053,Berlin,7,2020,11,4,7,3,1,5,2,0,1,0,0,0,1,1,"13,3523011","52,41625923"
24317,145054,Berlin,3,2020,11,7,5,3,5,2,0,1,1,0,0,0,0,0,"13,43886336","52,555456"
24318,145055,Berlin,9,2020,11,16,5,3,2,6,1,0,1,0,0,0,1,0,"13,56967127","52,4444755"
24319,145056,Berlin,3,2020,11,18,5,3,6,7,2,1,0,1,0,0,0,1,"13,42750438","52,54587241"
24320,145057,Berlin,9,2020,11,21,5,3,5,3,2,0,1,0,1,0,0,0,"13,55821083","52,43483646"
24321,145058,Berlin,1,2020,11,10,2,3,1,5,0,0,1,0,1,0,0,1,"13,4048109","52,53550348"
24322,145059,Berlin,1,2020,11,9,3,3,5,3,0,1,1,0,0,0,0,0,"13,37773049","52,50783781"
24323,145060,Berlin,12,2020,11,16,6,3,6,4,0,1,0,1,0,0,0,0,"13,3227678","52,5653939"
24324,145061,Berlin,7,2020,11,14,2,2,6,4,0,0,1,1,0,0,0,0,"13,3765771","52,4534175"
24325,145062,Berlin,1,2020,11,21,5,3,6,2,2,0,0,1,0,0,1,1,"13,39117075","52,54472054"
24326,145063,Berlin,2,2020,11,20,4,3,5,3,2,0,1,0,0,0,0,0,"13,44333884","52,51196491"
24327,145064,Berlin,5,2020,11,11,7,2,5,3,0,0,1,0,0,0,0,0,"13,16114832","52,54846747"
24328,145065,Berlin,4,2020,11,20,5,3,5,2,2,0,1,0,0,0,0,1,"13,30058986","52,5171155"
24329,145066,Berlin,1,2020,11,11,2,3,5,2,0,0,1,0,0,0,0,0,"13,39137856","52,55518642"
24330,145067,Berlin,11,2020,11,18,5,2,4,7,2,0,1,0,0,0,0,0,"13,50378991","52,53445997"
24331,145068,Berlin,9,2020,11,18,5,3,2,6,2,0,1,0,0,0,0,1,"13,46399912","52,48192463"
24332,145069,Berlin,9,2020,11,8,4,3,2,6,0,0,1,0,0,0,0,1,"13,50870892","52,4521228"
24333,145070,Berlin,4,2020,11,21,7,3,2,6,2,0,1,0,0,0,0,0,"13,27356137","52,50885186"
24334,145071,Berlin,5,2020,11,17,5,3,3,6,2,0,1,0,0,0,0,1,"13,15958865","52,55233124"
24335,145072,Berlin,4,2020,11,8,5,3,2,6,0,1,1,0,0,0,0,0,"13,30127416","52,49899731"
24336,145073,Berlin,8,2020,11,17,5,3,3,6,2,1,0,0,0,1,0,1,"13,42872518","52,48656862"
24337,145074,Berlin,3,2020,11,8,5,3,0,1,0,1,0,0,0,0,0,0,"13,42716132","52,55216812"
24338,145075,Berlin,7,2020,12,16,3,3,1,5,2,1,1,0,0,0,0,0,"13,34100644","52,48543027"
24339,145076,Berlin,10,2020,11,17,5,3,5,3,2,0,1,0,0,0,0,1,"13,52189435","52,52594938"
24340,145077,Berlin,3,2020,11,19,2,3,5,2,2,1,1,0,0,0,0,0,"13,41315591","52,54768283"
24341,145078,Berlin,3,2020,11,9,3,3,9,1,0,0,1,0,0,0,0,0,"13,46846305","52,55387128"
24342,145079,Berlin,6,2020,11,18,5,3,5,3,2,0,0,0,0,0,1,1,"13,2630969","52,43916254"
24343,145080,Berlin,11,2020,11,7,2,2,2,7,0,0,1,0,0,1,0,0,"13,49221128","52,53407086"
24344,145081,Berlin,1,2020,11,7,5,3,5,3,0,0,1,0,0,0,0,0,"13,31927196","52,52840147"
24345,145082,Berlin,2,2020,11,15,4,3,2,6,0,0,1,0,0,0,0,0,"13,45246986","52,52759341"
24346,145083,Berlin,5,2020,11,12,7,2,5,2,0,0,1,0,0,0,0,0,"13,19686402","52,51309325"
24347,145084,Berlin,12,2020,11,6,5,3,2,2,2,0,1,0,1,0,0,0,"13,35269335","52,56437266"
24348,145085,Berlin,7,2020,11,17,2,3,5,3,2,0,1,0,0,0,0,0,"13,40314897","52,46342935"
24349,145086,Berlin,8,2020,11,0,5,2,9,1,2,0,1,0,0,0,0,0,"13,43514248","52,43693416"
24350,145087,Berlin,5,2020,11,16,2,3,2,2,1,0,1,0,0,0,0,0,"13,24757847","52,52452058"
24351,145088,Berlin,5,2020,11,15,6,3,1,5,0,0,1,0,0,0,0,1,"13,20177219","52,54114776"
24352,145089,Berlin,3,2020,11,17,5,3,6,4,1,0,1,1,0,0,0,1,"13,4229086","52,55850003"
24353,145090,Berlin,12,2020,12,19,3,3,1,5,2,0,1,0,0,0,0,0,"13,24509647","52,62140713"
24354,145091,Berlin,3,2020,11,16,5,3,3,6,2,1,0,0,0,1,0,1,"13,4365376","52,59265893"
24355,145092,Berlin,5,2020,11,16,2,3,5,2,0,1,1,0,0,0,0,0,"13,24785463","52,53826461"
24356,145093,Berlin,3,2020,11,7,5,2,1,1,0,0,1,0,0,0,0,1,"13,50481434","52,64354493"
24357,145094,Berlin,5,2020,11,10,2,3,5,3,0,1,1,0,0,0,0,0,"13,19830236","52,52104983"
24358,145095,Berlin,1,2020,11,9,6,3,6,7,0,0,1,1,0,0,0,0,"13,38355844","52,54146585"
24359,145096,Berlin,5,2020,11,16,5,3,0,2,2,0,1,1,0,0,0,1,"13,18449527","52,54763498"
24360,145097,Berlin,4,2020,12,14,3,3,1,5,0,1,1,0,0,0,0,0,"13,30721779","52,50101061"
24361,145098,Berlin,5,2020,11,16,5,3,0,1,2,1,0,0,0,0,0,1,"13,15346835","52,55343756"
24362,145099,Berlin,12,2020,11,9,2,3,2,6,0,0,1,0,0,0,0,1,"13,29442561","52,57614149"
24363,145100,Berlin,1,2020,11,15,5,3,6,4,1,1,0,1,0,0,0,1,"13,38439552","52,55087752"
24364,145101,Berlin,2,2020,11,19,2,3,4,7,2,1,1,0,0,0,0,0,"13,47253446","52,50850413"
24365,145102,Berlin,5,2020,11,15,5,3,5,3,1,0,1,0,1,0,0,0,"13,19842452","52,54281217"
24366,145103,Berlin,5,2020,11,15,4,3,3,6,0,0,1,0,0,0,0,0,"13,20110397","52,53917166"
24367,145104,Berlin,4,2020,11,14,7,3,0,1,0,1,0,0,0,0,0,0,"13,25442026","52,50662213"
24368,145105,Berlin,7,2020,11,14,5,3,5,2,0,0,1,0,0,0,0,0,"13,39537712","52,41315647"
24369,145106,Berlin,8,2020,12,13,4,3,5,3,0,0,1,0,0,0,0,0,"13,4594586","52,46720918"
24370,145107,Berlin,6,2020,11,14,5,3,3,6,0,0,1,0,0,0,0,1,"13,32467968","52,44880424"
24371,145108,Berlin,8,2020,11,9,2,3,5,3,0,0,1,0,0,0,0,0,"13,47948845","52,41038461"
24372,145109,Berlin,9,2020,11,7,6,2,6,4,1,0,1,1,0,0,0,1,"13,51941791","52,4541021"
24373,145110,Berlin,5,2020,12,8,3,3,6,4,0,0,1,1,0,0,0,0,"13,12956839","52,472529"
24374,145111,Berlin,1,2020,11,8,5,3,1,5,0,1,1,0,0,0,0,1,"13,4119576","52,51243572"
24375,145112,Berlin,2,2020,11,16,2,3,1,5,1,1,1,0,0,0,0,1,"13,40262876","52,49217912"
24376,145113,Berlin,8,2020,11,15,4,3,6,6,0,0,0,1,0,0,1,0,"13,47753853","52,43856322"
24377,145114,Berlin,1,2020,11,16,1,3,0,5,2,0,1,0,1,0,0,0,"13,38543447","52,55399096"
24378,145115,Berlin,1,2020,11,9,5,3,6,2,0,0,0,1,0,0,1,0,"13,39694473","52,51432844"
24379,145116,Berlin,3,2020,11,9,1,3,5,3,0,0,1,0,0,0,0,1,"13,40751425","52,55432351"
24380,145117,Berlin,8,2020,11,10,5,3,0,7,0,0,1,1,0,0,0,0,"13,43589097","52,46702433"
24381,145118,Berlin,5,2020,11,12,4,3,5,7,0,0,1,0,0,0,1,1,"13,26736081","52,53111545"
24382,145119,Berlin,1,2020,11,12,5,2,0,4,0,1,0,1,0,0,0,0,"13,4180596","52,52435455"
24383,145120,Berlin,8,2020,12,8,4,3,5,3,0,0,1,0,0,0,1,0,"13,47263471","52,46114172"
24384,145121,Berlin,1,2020,11,12,5,3,0,3,0,0,1,0,1,0,0,1,"13,34837392","52,54276495"
24385,145122,Berlin,6,2020,11,9,2,3,6,4,0,1,0,1,0,0,0,0,"13,29661529","52,44303612"
24386,145123,Berlin,10,2020,11,16,6,3,5,3,2,1,1,0,0,0,0,0,"13,59405298","52,54442535"
24387,145124,Berlin,5,2020,11,11,2,3,2,6,0,0,1,0,0,0,0,0,"13,12869256","52,52729429"
24388,145125,Berlin,1,2020,11,10,5,3,0,1,0,0,0,0,1,0,0,1,"13,39092079","52,53597751"
24389,145126,Berlin,2,2020,11,9,2,3,5,3,0,1,0,0,0,0,0,0,"13,43599387","52,49801696"
24390,145127,Berlin,1,2020,11,8,4,2,0,1,0,1,0,0,0,0,0,0,"13,40041434","52,53296388"
24391,145128,Berlin,8,2020,11,12,7,3,0,5,0,1,1,0,0,0,0,0,"13,4364924","52,48358895"
24392,145129,Berlin,1,2020,11,13,5,3,0,7,0,1,0,0,0,0,0,0,"13,34529288","52,50659698"
24393,145130,Berlin,4,2020,11,19,4,3,5,2,2,1,1,0,0,0,0,0,"13,30539684","52,49851497"
24394,145131,Berlin,1,2020,11,7,4,3,2,2,1,1,1,0,0,0,0,0,"13,35220221","52,5054565"
24395,145132,Berlin,2,2020,12,17,3,2,7,7,2,0,0,0,1,0,0,0,"13,43551709","52,49999901"
24396,145133,Berlin,3,2020,11,6,4,2,5,2,2,0,1,0,0,0,0,1,"13,39662895","52,59363245"
24397,145134,Berlin,10,2020,11,13,2,3,6,4,0,0,1,1,0,0,0,0,"13,59141535","52,53469184"
24398,145135,Berlin,4,2020,11,15,3,3,5,3,0,0,1,0,0,0,0,0,"13,2716436","52,51707791"
24399,145136,Berlin,6,2020,11,18,6,3,6,4,2,0,1,1,0,0,0,0,"13,32491419","52,46116532"
24400,145137,Berlin,9,2020,11,15,4,3,5,2,0,1,1,0,0,0,0,0,"13,59340602","52,45252451"
24401,145138,Berlin,1,2020,11,11,4,3,5,3,0,1,1,0,0,0,0,0,"13,42863371","52,50877489"
24402,145139,Berlin,3,2020,11,8,2,3,4,6,0,0,1,0,0,0,1,0,"13,40227884","52,56558992"
24403,145140,Berlin,3,2020,11,8,3,3,3,6,0,1,0,0,0,0,0,0,"13,41200108","52,53135216"
24404,145141,Berlin,2,2020,11,20,6,3,5,2,2,1,1,0,0,0,0,0,"13,38791666","52,49299591"
24405,145142,Berlin,4,2020,11,15,2,2,0,7,1,1,0,0,0,0,0,0,"13,27868796","52,47405006"
24406,145143,Berlin,1,2020,11,13,4,3,3,6,0,0,1,0,1,0,0,0,"13,35477796","52,51745526"
24407,145144,Berlin,4,2020,11,12,4,3,2,3,0,1,1,0,0,0,0,0,"13,30442399","52,51830221"
24408,145145,Berlin,1,2020,11,17,7,3,5,3,2,0,1,0,0,0,1,1,"13,39027034","52,50859219"
24409,145146,Berlin,8,2020,11,12,4,3,5,3,0,0,1,0,0,0,0,0,"13,48359867","52,4312228"
24410,145147,Berlin,1,2020,11,10,4,3,6,7,0,0,1,1,0,0,0,0,"13,35956258","52,54411417"
24411,145148,Berlin,3,2020,11,12,4,2,1,5,0,0,1,0,0,0,0,1,"13,47726385","52,56200477"
24412,145149,Berlin,5,2020,11,12,4,3,3,6,0,1,1,0,0,0,0,0,"13,20733902","52,53293557"
24413,145150,Berlin,4,2020,11,11,4,3,6,7,0,1,0,1,0,0,0,0,"13,2890556","52,51895075"
24414,145151,Berlin,9,2020,12,15,3,2,6,7,0,0,0,1,0,0,1,0,"13,52183632","52,40205488"
24415,145152,Berlin,12,2020,11,11,4,2,4,6,0,0,1,0,0,0,1,1,"13,32961206","52,56924249"
24416,145153,Berlin,11,2020,11,8,2,3,5,2,0,1,1,0,0,0,0,0,"13,47788274","52,51461365"
24417,145154,Berlin,4,2020,11,15,3,3,6,4,0,0,1,1,0,0,0,0,"13,33086438","52,48944185"
24418,145155,Berlin,8,2020,11,16,5,3,5,7,2,0,1,0,0,0,0,1,"13,45702627","52,45335791"
24419,145156,Berlin,11,2020,11,7,2,3,2,6,0,0,1,0,0,0,0,0,"13,525568","52,4941558"
24420,145157,Berlin,1,2020,11,10,4,3,6,4,0,0,1,1,0,0,0,0,"13,35284884","52,51621628"
24421,145158,Berlin,2,2020,11,10,4,3,5,3,0,1,1,0,0,0,0,0,"13,41247686","52,49195314"
24422,145159,Berlin,8,2020,11,14,4,3,5,2,0,1,1,0,0,0,0,0,"13,45582703","52,47380857"
24423,145160,Berlin,12,2020,11,17,7,3,6,2,2,0,1,1,0,0,0,0,"13,33431042","52,59897501"
24424,145161,Berlin,4,2020,11,19,4,3,5,2,2,0,1,0,1,1,0,0,"13,26289724","52,52108146"
24425,145162,Berlin,10,2020,11,6,2,3,2,2,2,0,0,0,1,1,0,0,"13,54165877","52,5257766"
24426,145163,Berlin,5,2020,11,21,4,3,2,6,2,0,1,0,0,0,1,0,"13,1989258","52,53286501"
24427,145164,Berlin,5,2020,11,14,3,3,5,2,0,0,1,0,0,0,1,0,"13,2042337","52,54064092"
24428,145165,Berlin,2,2020,11,17,4,3,5,2,2,1,1,0,0,0,0,1,"13,43029583","52,49929611"
24429,145166,Berlin,4,2020,11,14,7,3,5,2,0,1,1,0,0,0,0,0,"13,28828553","52,51306164"
24430,145167,Berlin,1,2020,11,22,4,3,5,2,2,1,1,0,0,0,0,0,"13,38090971","52,51636966"
24431,145168,Berlin,3,2020,11,6,2,3,5,2,1,1,1,0,0,0,0,1,"13,43376469","52,54957813"
24432,145169,Berlin,1,2020,11,9,4,3,6,4,0,0,0,1,0,0,1,0,"13,38880605","52,51716089"
24433,145170,Berlin,4,2020,11,18,4,3,0,1,2,1,0,0,0,0,0,0,"13,32048754","52,50585362"
24434,145171,Berlin,3,2020,11,7,2,3,5,3,0,0,1,0,0,0,0,0,"13,420279","52,56700443"
24435,145172,Berlin,12,2020,11,12,6,3,0,6,0,0,1,0,1,0,0,1,"13,31016707","52,61388174"
24436,145173,Berlin,9,2020,11,8,4,3,0,1,0,0,0,0,1,0,0,1,"13,54649015","52,41877632"
24437,145174,Berlin,12,2020,12,13,3,3,5,3,0,1,1,0,0,0,0,0,"13,29499959","52,63715157"
24438,145175,Berlin,3,2020,11,18,4,3,6,7,2,1,0,1,0,0,0,0,"13,44776919","52,53619844"
24439,145176,Berlin,11,2020,11,0,2,3,9,1,2,0,1,0,0,0,0,1,"13,51510789","52,53533161"
24440,145177,Berlin,5,2020,11,12,5,3,2,6,0,0,1,0,0,0,0,1,"13,22735682","52,53768271"
24441,145178,Berlin,1,2020,11,10,2,3,2,6,0,1,1,0,0,0,0,0,"13,37161761","52,53322385"
24442,145179,Berlin,12,2020,11,17,4,3,6,2,2,0,1,1,0,0,0,0,"13,33007542","52,56996322"
24443,145180,Berlin,4,2020,11,19,3,3,6,2,2,0,0,1,0,0,1,0,"13,30343465","52,47521583"
24444,145181,Berlin,12,2020,11,13,4,2,6,2,0,0,0,1,0,0,1,0,"13,28339738","52,58996132"
24445,145182,Berlin,7,2020,11,8,4,2,5,3,0,0,1,0,1,0,0,0,"13,34416677","52,46739933"
24446,145183,Berlin,5,2020,12,12,4,2,5,2,0,0,1,0,0,0,0,0,"13,22579595","52,55444005"
24447,145184,Berlin,5,2020,11,7,4,3,5,3,0,0,1,0,0,1,0,0,"13,12214668","52,45316126"
24448,145185,Berlin,8,2020,11,20,1,3,5,3,2,0,1,0,0,0,0,1,"13,44141142","52,48082448"
24449,145186,Berlin,3,2020,11,0,6,2,5,3,2,0,1,0,0,0,0,1,"13,44110381","52,54955279"
24450,145187,Berlin,3,2020,11,7,4,3,5,3,0,1,1,0,0,0,0,1,"13,39176374","52,56810915"
24451,145188,Berlin,8,2020,11,17,1,3,5,3,2,0,1,0,0,0,0,0,"13,49012574","52,41999011"
24452,145189,Berlin,3,2020,11,8,6,2,5,3,1,0,1,0,1,0,0,1,"13,43224372","52,5438666"
24453,145190,Berlin,6,2020,11,17,4,3,5,3,2,1,1,0,0,0,0,0,"13,27408207","52,43083213"
24454,145191,Berlin,5,2020,12,13,3,3,5,7,0,1,1,0,0,0,0,0,"13,26066871","52,54387824"
24455,145192,Berlin,3,2020,11,16,4,3,5,2,2,0,1,0,0,0,0,0,"13,46708936","52,55997854"
24456,145193,Berlin,8,2020,11,17,1,3,5,2,2,1,1,0,0,0,0,1,"13,42887105","52,48465072"
24457,145194,Berlin,12,2020,11,7,5,2,6,2,2,0,1,1,0,0,0,0,"13,34756711","52,5963494"
24458,145195,Berlin,4,2020,11,22,1,3,2,6,2,0,1,0,0,0,0,0,"13,32598838","52,50925916"
24459,145196,Berlin,11,2020,11,15,4,3,1,5,0,1,1,0,0,0,0,0,"13,49634669","52,54402569"
24460,145197,Berlin,9,2020,11,18,3,3,5,3,2,0,1,0,0,0,0,0,"13,52392584","52,42855345"
24461,145198,Berlin,1,2020,11,12,4,3,1,5,0,0,1,0,0,1,0,0,"13,40843064","52,52434883"
24462,145199,Berlin,4,2020,11,15,4,3,5,3,0,0,1,0,0,0,0,0,"13,31974414","52,50291451"
24463,145200,Berlin,8,2020,11,14,4,3,1,5,0,1,1,0,0,0,0,0,"13,45735827","52,46908554"
24464,145201,Berlin,7,2020,11,20,1,3,1,5,2,0,1,0,0,0,0,1,"13,34505491","52,49306998"
24465,145202,Berlin,12,2020,11,8,3,2,5,3,0,0,1,0,1,0,0,1,"13,29668518","52,6095876"
24466,145203,Berlin,12,2020,11,15,6,3,4,6,0,1,1,0,0,0,0,0,"13,36354623","52,56111502"
24467,145204,Berlin,8,2020,11,10,2,3,3,6,0,1,1,0,0,0,0,0,"13,4328379","52,46477784"
24468,145205,Berlin,4,2020,11,19,3,1,3,6,2,1,1,0,0,0,0,1,"13,30623586","52,52084908"
24469,145206,Berlin,1,2020,11,20,1,3,6,2,2,0,1,1,0,0,0,1,"13,36975967","52,55968982"