,id,city,district,year,month,hour,weekday,injury_level,collision,movement,light_conditions,bicycle,car,pedestrian,motorbike,truck,other_vehicle,road_conditions,longitude,latitude
24470,145207,Berlin,8,2020,11,8,4,3,2,6,0,0,1,0,0,0,0,1,"13,42428555","52,48643809"
24471,145208,Berlin,11,2020,11,17,7,3,2,6,2,0,1,0,0,0,0,0,"13,45883325","52,52594082"
24472,145209,Berlin,1,2020,11,17,3,3,4,6,2,1,0,0,0,0,0,1,"13,37349966","52,55706219"
24473,145210,Berlin,2,2020,11,18,2,3,1,5,2,1,1,0,0,0,0,1,"13,39508329","52,49970748"
24474,145211,Berlin,5,2020,11,13,3,3,6,7,0,0,0,1,0,0,1,0,"13,20832647","52,5485261"
24475,145212,Berlin,1,2020,11,15,1,3,3,6,0,0,1,0,0,0,0,0,"13,36819141","52,52568349"
24476,145213,Berlin,11,2020,11,10,4,3,2,6,0,0,1,0,0,0,0,0,"13,49987003","52,53437572"
24477,145214,Berlin,3,2020,11,14,1,3,5,2,0,1,1,0,0,0,0,0,"13,42995959","52,55143349"
24478,145215,Berlin,6,2020,11,17,3,3,2,2,2,0,1,0,0,0,1,1,"13,28700616","52,41785096"
24479,145216,Berlin,1,2020,11,23,3,3,1,1,2,0,1,0,0,0,0,1,"13,39961938","52,50914115"
24480,145217,Berlin,6,2020,11,19,3,3,5,2,2,1,1,0,0,0,0,1,"13,31774631","52,4611532"
24481,145218,Berlin,1,2020,11,17,1,3,5,2,2,1,1,0,0,0,0,1,"13,41821181","52,51741853"
24482,145219,Berlin,2,2020,11,14,3,3,0,6,0,0,1,0,0,0,1,0,"13,41822284","52,49035453"
24483,145220,Berlin,8,2020,11,20,6,3,0,3,2,0,0,0,0,0,1,0,"13,42893449","52,48645738"
24484,145221,Berlin,3,2020,11,14,2,3,5,3,0,0,1,0,1,0,0,0,"13,37720554","52,59910082"
24485,145222,Berlin,3,2020,11,18,3,3,1,5,2,0,1,0,1,0,0,1,"13,42439063","52,55509908"
24486,145223,Berlin,6,2020,11,17,3,3,2,6,2,0,1,0,0,0,0,0,"13,29265536","52,44656238"
24487,145224,Berlin,8,2020,11,22,4,2,8,1,2,0,1,0,0,0,0,0,"13,48281544","52,42556005"
24488,145225,Berlin,2,2020,11,2,7,2,1,5,2,1,1,0,0,0,0,0,"13,45339858","52,50812615"
24489,145226,Berlin,6,2020,11,18,3,3,2,6,2,0,1,0,0,0,0,1,"13,31566004","52,43067544"
24490,145227,Berlin,5,2020,11,14,3,3,9,1,0,0,1,0,0,0,0,0,"13,16321064","52,54187825"
24491,145228,Berlin,7,2020,11,18,3,3,0,1,2,0,0,0,1,0,0,1,"13,35255676","52,49956934"
24492,145229,Berlin,8,2020,11,16,3,3,0,2,2,0,1,0,1,0,0,1,"13,41517801","52,42111426"
24493,145230,Berlin,1,2020,11,16,3,3,6,2,2,0,1,1,0,0,0,1,"13,34256464","52,52541497"
24494,145231,Berlin,8,2020,12,14,3,2,5,3,0,0,1,0,0,0,0,0,"13,44009746","52,48957409"
24495,145232,Berlin,4,2020,11,16,3,3,6,2,2,0,1,1,0,0,0,1,"13,28091977","52,48212383"
24496,145233,Berlin,4,2020,11,16,3,3,5,3,2,0,1,0,0,0,0,1,"13,28491659","52,46962711"
24497,145234,Berlin,3,2020,11,16,3,3,5,2,0,1,1,0,0,0,0,1,"13,39792196","52,56740182"
24498,145235,Berlin,10,2020,11,15,3,3,0,6,0,0,1,0,1,0,0,1,"13,53858069","52,52462423"
24499,145236,Berlin,5,2020,12,16,3,3,5,3,2,0,1,0,0,0,0,0,"13,20135823","52,54769674"
24500,145237,Berlin,8,2020,11,14,3,3,5,3,0,0,1,0,0,0,1,1,"13,46594023","52,42893589"
24501,145238,Berlin,5,2020,11,16,1,2,5,3,2,0,1,0,0,0,0,1,"13,12998093","52,46432827"
24502,145239,Berlin,10,2020,11,7,3,3,5,2,0,1,1,0,0,0,0,0,"13,55042184","52,54292336"
24503,145240,Berlin,12,2020,11,21,5,3,0,5,2,1,1,0,0,0,0,0,"13,27796814","52,57446928"
24504,145241,Berlin,12,2020,11,7,2,2,5,3,0,1,0,0,1,0,0,0,"13,3154598","52,61415138"
24505,145242,Berlin,11,2020,11,13,3,3,0,1,0,0,0,0,1,0,0,1,"13,48457928","52,53995654"
24506,145243,Berlin,8,2020,11,17,4,3,6,2,2,0,1,1,0,0,0,0,"13,43469618","52,44029312"
24507,145244,Berlin,2,2020,11,0,7,3,0,7,2,0,0,0,0,0,1,0,"13,3951387","52,49693039"
24508,145245,Berlin,6,2020,11,13,3,3,0,7,0,0,0,0,1,0,0,1,"13,32141894","52,46515298"
24509,145246,Berlin,10,2020,11,15,1,3,6,7,1,0,1,1,0,0,0,0,"13,54154743","52,54458975"
24510,145247,Berlin,7,2020,11,8,3,3,2,6,0,0,1,0,0,0,1,0,"13,35556282","52,4734859"
24511,145248,Berlin,6,2020,11,15,1,3,5,3,0,1,1,0,0,0,0,0,"13,30332976","52,43136567"
24512,145249,Berlin,7,2020,11,16,6,3,5,2,2,0,1,0,0,0,0,0,"13,4095861","52,38735118"
24513,145250,Berlin,9,2020,11,12,3,3,5,3,0,1,1,0,0,0,0,1,"13,595672","52,45311934"
24514,145251,Berlin,10,2020,12,13,3,3,5,3,0,0,1,0,0,0,0,0,"13,57588623","52,54602795"
24515,145252,Berlin,2,2020,11,11,3,3,5,3,0,1,1,0,0,0,0,1,"13,40427673","52,49976179"
24516,145253,Berlin,3,2020,11,13,1,3,5,3,0,0,1,0,0,0,0,1,"13,42310224","52,55116075"
24517,145254,Berlin,2,2020,11,9,5,3,5,3,0,1,1,0,0,0,0,0,"13,39935689","52,48888202"
24518,145255,Berlin,6,2020,11,11,1,3,2,7,0,0,1,0,0,0,0,0,"13,32683867","52,46336661"
24519,145256,Berlin,10,2020,11,10,3,3,0,7,0,0,1,0,0,0,0,0,"13,59449216","52,48604846"
24520,145257,Berlin,10,2020,11,17,3,2,4,6,2,1,1,0,0,0,0,0,"13,54535943","52,52585645"
24521,145258,Berlin,6,2020,11,12,4,3,2,6,0,0,1,0,0,0,0,0,"13,26798774","52,44541994"
24522,145259,Berlin,7,2020,11,23,7,3,5,2,2,0,1,0,0,0,0,0,"13,38385963","52,4558087"
24523,145260,Berlin,6,2020,11,14,5,3,0,5,0,1,0,0,0,0,1,0,"13,33321126","52,42993152"
24524,145261,Berlin,3,2020,11,20,2,3,5,3,2,0,1,0,0,0,1,0,"13,4413191","52,56855816"
24525,145262,Berlin,8,2020,11,10,3,3,1,5,0,1,1,0,0,0,0,0,"13,44813379","52,47812292"
24526,145263,Berlin,4,2020,11,15,4,3,5,3,0,1,0,0,0,0,1,0,"13,28523788","52,51287298"
24527,145264,Berlin,1,2020,11,15,7,3,0,1,0,1,0,0,0,0,0,0,"13,38038663","52,51837901"
24528,145265,Berlin,1,2020,11,10,3,3,5,2,0,1,0,0,0,0,1,0,"13,34253244","52,52420128"
24529,145266,Berlin,5,2020,11,10,3,3,5,7,0,0,1,0,0,0,0,0,"13,23160781","52,545245"
24530,145267,Berlin,8,2020,11,20,7,2,0,1,2,0,1,0,1,0,0,0,"13,44982222","52,44573643"
24531,145268,Berlin,11,2020,11,8,6,3,5,2,0,1,1,0,0,0,0,0,"13,46900717","52,53129584"
24532,145269,Berlin,1,2020,11,8,3,3,5,2,0,1,1,0,0,0,0,0,"13,32749998","52,52444115"
24533,145270,Berlin,9,2020,12,16,3,3,2,6,2,0,1,0,0,0,0,0,"13,55293354","52,4684797"
24534,145271,Berlin,12,2020,11,8,3,3,5,3,0,1,1,0,0,0,0,0,"13,37740937","52,57132176"
24535,145272,Berlin,2,2020,11,20,7,3,0,6,2,0,1,0,1,0,0,0,"13,43186288","52,51491417"
24536,145273,Berlin,1,2020,11,8,4,3,7,7,0,1,0,0,0,0,0,0,"13,42300188","52,50927706"
24537,145274,Berlin,5,2020,11,18,1,2,5,2,2,0,1,0,1,0,0,0,"13,18095826","52,5277819"
24538,145275,Berlin,12,2020,11,7,3,3,5,2,0,0,1,0,0,0,0,0,"13,28078567","52,59379083"
24539,145276,Berlin,6,2020,11,16,3,3,5,2,1,1,1,0,0,0,0,1,"13,24439571","52,42583655"
24540,145277,Berlin,5,2020,11,7,3,3,5,3,0,0,1,0,1,0,0,1,"13,20408779","52,53224936"
24541,145278,Berlin,12,2020,11,16,7,3,5,2,1,1,1,0,0,0,0,0,"13,33971428","52,58810779"
24542,145279,Berlin,7,2020,11,6,3,3,5,3,1,0,0,0,0,1,1,1,"13,37222401","52,45567535"
24543,145280,Berlin,9,2020,12,11,4,3,0,3,0,0,1,0,0,0,1,0,"13,55324769","52,43399007"
24544,145281,Berlin,8,2020,11,18,2,3,1,5,2,1,1,0,0,0,0,0,"13,43927876","52,48147968"
24545,145282,Berlin,12,2020,11,14,7,3,1,5,0,1,1,0,0,0,0,0,"13,29130484","52,57827811"
24546,145283,Berlin,4,2020,11,17,6,3,2,6,2,0,1,0,1,0,0,0,"13,32424184","52,47871423"
24547,145284,Berlin,3,2020,11,11,2,2,5,2,0,1,1,0,0,0,0,0,"13,43049892","52,55177053"
24548,145285,Berlin,2,2020,11,13,2,3,5,3,0,1,1,0,0,0,0,0,"13,43042467","52,49919601"
24549,145286,Berlin,5,2020,11,13,7,3,0,3,0,0,1,0,0,0,1,0,"13,18866472","52,53719618"
24550,145287,Berlin,7,2020,11,9,4,3,2,6,0,0,1,0,0,0,0,0,"13,40249351","52,44730051"
24551,145288,Berlin,10,2020,11,12,7,3,5,3,0,0,1,0,0,0,0,0,"13,59664363","52,52129342"
24552,145289,Berlin,4,2020,11,10,2,3,1,5,0,1,1,0,0,0,0,1,"13,32390651","52,51049669"
24553,145290,Berlin,1,2020,11,12,3,3,2,2,0,0,1,0,0,0,0,0,"13,33323262","52,56092894"
24554,145291,Berlin,2,2020,11,14,2,3,1,5,0,1,0,0,0,0,1,0,"13,41240438","52,48848308"
24555,145292,Berlin,7,2020,11,18,2,3,5,3,2,1,0,0,0,0,1,1,"13,3699647","52,42601726"
24556,145293,Berlin,4,2020,11,16,2,3,0,1,2,0,0,0,1,0,0,1,"13,31332104","52,5025691"
24557,145294,Berlin,4,2020,11,11,7,3,6,4,0,0,1,1,0,0,0,0,"13,30092541","52,53565873"
24558,145295,Berlin,1,2020,11,13,3,3,5,2,0,1,1,0,0,0,0,0,"13,37683002","52,50941648"
24559,145296,Berlin,2,2020,11,18,6,3,0,3,2,0,1,0,1,0,0,0,"13,3872452","52,48996252"
24560,145297,Berlin,6,2020,11,14,2,3,5,3,0,1,1,0,0,0,0,0,"13,24422454","52,43635669"
24561,145298,Berlin,2,2020,11,16,2,3,4,2,1,1,1,0,0,0,0,0,"13,46245544","52,51315904"
24562,145299,Berlin,2,2020,11,17,4,3,5,2,2,1,1,0,0,0,0,0,"13,43049076","52,51102151"
24563,145300,Berlin,10,2020,11,7,3,2,5,3,2,1,1,0,0,0,0,0,"13,61973158","52,53343832"
24564,145301,Berlin,2,2020,11,12,6,3,2,6,0,1,1,0,0,0,1,0,"13,41997685","52,49860168"
24565,145302,Berlin,7,2020,11,15,2,3,2,6,1,1,1,0,0,0,0,0,"13,33964727","52,48164606"
24566,145303,Berlin,11,2020,11,15,2,3,5,2,0,1,0,0,0,0,1,0,"13,49790003","52,48608354"
24567,145304,Berlin,5,2020,11,8,4,3,5,3,0,1,1,0,0,0,0,0,"13,24599229","52,52471288"
24568,145305,Berlin,7,2020,11,21,7,3,0,3,2,0,1,0,0,0,0,0,"13,3452025","52,48591202"
24569,145306,Berlin,1,2020,11,23,2,2,0,1,2,1,0,0,0,0,0,1,"13,40273067","52,54015835"
24570,145307,Berlin,5,2020,11,15,2,3,2,6,0,0,1,0,0,0,0,0,"13,19762839","52,53314814"
24571,145308,Berlin,4,2020,11,14,2,3,5,2,0,0,1,0,0,0,1,0,"13,32625114","52,5380082"
24572,145309,Berlin,3,2020,11,14,2,3,5,3,0,1,1,0,0,0,0,0,"13,42456496","52,60723685"
24573,145310,Berlin,7,2020,12,16,3,2,1,5,2,1,1,0,0,0,0,0,"13,38014528","52,4751216"
24574,145311,Berlin,12,2020,11,12,2,3,5,7,0,0,1,0,0,0,0,1,"13,29260847","52,58948049"
24575,145312,Berlin,9,2020,11,11,7,3,6,2,0,0,1,1,0,0,0,0,"13,50036346","52,44123711"
24576,145313,Berlin,5,2020,11,6,3,3,6,2,2,0,1,1,0,0,0,0,"13,21734903","52,53786271"
24577,145314,Berlin,7,2020,11,17,5,3,5,3,2,0,1,0,0,0,0,1,"13,39014538","52,39869541"
24578,145315,Berlin,3,2020,11,7,2,3,5,3,0,1,0,0,0,0,1,0,"13,49900722","52,63345436"
24579,145316,Berlin,4,2020,11,12,2,3,2,6,0,0,1,0,0,0,0,0,"13,32033254","52,47224411"
24580,145317,Berlin,1,2020,11,15,4,3,5,2,0,0,1,0,1,0,0,0,"13,34592334","52,54483512"
24581,145318,Berlin,12,2020,11,12,7,3,2,7,0,0,1,0,0,0,0,0,"13,28298668","52,58363828"
24582,145319,Berlin,4,2020,11,12,2,3,5,2,0,1,1,0,0,0,0,0,"13,33950048","52,50320039"
24583,145320,Berlin,7,2020,11,12,2,3,4,2,0,0,1,0,0,0,1,0,"13,38373817","52,44661936"
24584,145321,Berlin,5,2020,11,17,6,1,6,4,2,0,1,1,0,0,0,0,"13,21325658","52,56183689"
24585,145322,Berlin,1,2020,11,13,6,3,5,3,0,0,1,0,0,0,0,0,"13,39020965","52,50854844"
24586,145323,Berlin,1,2020,11,11,2,3,0,2,0,1,1,0,0,0,0,1,"13,34944384","52,54232518"
24587,145324,Berlin,5,2020,11,10,7,2,4,6,0,0,1,0,0,0,0,0,"13,17943404","52,50751448"
24588,145325,Berlin,3,2020,11,11,2,3,2,6,0,0,1,0,0,0,0,0,"13,45784105","52,52866036"
24589,145326,Berlin,8,2020,11,17,6,3,5,3,2,1,1,0,0,0,0,0,"13,44237352","52,47626754"
24590,145327,Berlin,12,2020,11,7,2,3,0,2,0,1,1,0,0,0,0,1,"13,28088453","52,59391237"
24591,145328,Berlin,8,2020,11,7,2,3,6,2,1,0,0,1,0,0,1,1,"13,45227253","52,47097976"
24592,145329,Berlin,4,2020,11,18,6,3,2,3,2,0,1,0,0,0,0,0,"13,30661491","52,51003507"
24593,145330,Berlin,11,2020,11,12,6,3,5,3,0,0,1,0,0,0,0,0,"13,50032335","52,50496253"
24594,145331,Berlin,12,2020,11,7,2,3,2,2,1,0,1,0,0,0,0,1,"13,31987481","52,60688863"
24595,145332,Berlin,4,2020,12,14,3,3,5,2,0,0,1,0,1,0,0,0,"13,29775137","52,49166469"
24596,145333,Berlin,3,2020,11,7,2,2,0,3,2,0,1,0,1,0,0,1,"13,40283035","52,60054663"
24597,145334,Berlin,10,2020,11,9,6,2,5,2,0,1,1,0,0,0,0,0,"13,5749913","52,57357826"
24598,145335,Berlin,3,2020,11,14,5,3,0,3,0,1,1,0,0,0,0,1,"13,40556425","52,54083699"
24599,145336,Berlin,2,2020,11,18,2,3,5,3,1,1,1,0,0,0,0,0,"13,43220476","52,49927913"
24600,145337,Berlin,5,2020,11,6,2,3,5,3,2,0,1,0,1,0,1,1,"13,20271289","52,52374593"
24601,145338,Berlin,12,2020,11,13,4,2,6,4,0,0,0,1,0,1,0,0,"13,36216934","52,56789788"
24602,145339,Berlin,9,2020,11,9,2,3,4,7,0,1,0,0,0,0,0,1,"13,56993054","52,44162692"
24603,145340,Berlin,1,2020,12,17,4,3,6,7,2,0,1,1,0,0,0,0,"13,34822089","52,54134283"
24604,145341,Berlin,12,2020,11,9,2,3,5,3,0,0,1,0,0,0,0,0,"13,33898923","52,60116476"
24605,145342,Berlin,10,2020,11,11,6,2,6,2,0,0,1,1,0,0,0,0,"13,5914929","52,54501341"
24606,145343,Berlin,8,2020,11,7,6,3,6,2,2,0,1,1,0,0,0,1,"13,43676025","52,42355017"
24607,145344,Berlin,12,2020,11,6,2,3,0,6,2,1,1,0,0,0,0,1,"13,22965461","52,62517349"
24608,145345,Berlin,1,2020,11,9,2,3,0,1,0,0,0,0,1,0,0,1,"13,3491264","52,52459361"
24609,145346,Berlin,4,2020,11,7,6,3,5,7,1,1,1,0,0,0,0,0,"13,27426897","52,51041719"
24610,145347,Berlin,1,2020,11,8,4,3,5,3,0,0,1,0,0,0,0,0,"13,39211356","52,50874674"
24611,145348,Berlin,7,2020,12,19,3,2,1,5,2,0,1,0,0,0,0,0,"13,39759211","52,44262644"
24612,145349,Berlin,8,2020,11,9,2,3,2,6,0,0,1,0,1,0,0,1,"13,43563436","52,48401224"
24613,145350,Berlin,4,2020,11,9,6,3,5,3,0,1,1,0,0,0,0,1,"13,28529918","52,52349687"
24614,145351,Berlin,4,2020,11,7,5,3,5,3,2,1,1,0,0,0,0,0,"13,29738819","52,51059732"
24615,145352,Berlin,11,2020,11,1,1,3,6,4,2,0,1,1,0,0,0,1,"13,49770053","52,51222056"
24616,145353,Berlin,1,2020,11,8,2,3,1,5,0,1,1,0,0,0,0,1,"13,400133","52,50961134"
24617,145354,Berlin,9,2020,11,12,4,3,5,2,0,1,1,0,0,0,0,0,"13,56168212","52,44469236"
24618,145355,Berlin,3,2020,11,8,2,3,5,2,0,0,1,0,1,0,0,1,"13,3766493","52,59844802"
24619,145356,Berlin,5,2020,12,18,3,2,2,6,2,0,1,0,0,0,0,0,"13,12182072","52,52878022"
24620,145357,Berlin,6,2020,11,8,2,3,0,1,0,0,0,0,1,0,0,1,"13,32116625","52,45149635"
24621,145358,Berlin,3,2020,11,8,6,3,2,2,0,1,1,0,0,0,0,0,"13,41099415","52,55374308"
24622,145359,Berlin,1,2020,11,16,6,3,0,2,1,0,1,0,0,0,1,0,"13,37702632","52,55653512"
24623,145360,Berlin,12,2020,11,10,2,3,5,2,0,1,1,0,0,0,0,0,"13,36227785","52,56792854"
24624,145361,Berlin,1,2020,11,4,2,3,5,3,2,0,1,0,0,0,0,1,"13,38418884","52,55565153"
24625,145362,Berlin,12,2020,11,8,6,3,1,5,0,0,1,0,0,0,0,0,"13,37055815","52,56997936"
24626,145363,Berlin,1,2020,11,8,4,3,1,5,0,1,1,0,0,0,0,0,"13,37945265","52,52363663"
24627,145364,Berlin,5,2020,11,10,7,3,5,3,0,1,1,0,0,0,0,1,"13,17711761","52,58508443"
24628,145365,Berlin,1,2020,11,6,2,2,0,1,2,0,0,0,0,0,1,1,"13,41680998","52,52384645"
24629,145366,Berlin,2,2020,11,9,2,3,0,1,0,1,1,0,0,0,0,1,"13,45624684","52,51330199"
24630,145367,Berlin,10,2020,11,10,2,3,5,3,0,1,1,0,0,0,0,0,"13,60067471","52,47640667"
24631,145368,Berlin,3,2020,11,14,1,3,5,2,0,1,1,0,0,0,0,0,"13,41287864","52,54676224"
24632,145369,Berlin,1,2020,11,10,2,3,0,3,0,1,1,0,0,0,0,1,"13,40433472","52,5331626"
24633,145370,Berlin,4,2020,11,11,2,3,2,6,0,0,1,0,0,1,0,1,"13,32233499","52,51316519"
24634,145371,Berlin,6,2020,11,11,2,3,2,6,0,0,1,0,0,0,0,0,"13,33903489","52,45608906"
24635,145372,Berlin,4,2020,11,7,6,3,5,2,0,1,1,0,0,0,0,1,"13,31995496","52,50588393"
24636,145373,Berlin,3,2020,11,13,3,3,5,2,0,1,1,0,0,0,0,0,"13,39435825","52,56494563"
24637,145374,Berlin,5,2020,11,13,6,3,2,6,0,0,1,0,0,0,0,0,"13,20774089","52,5387073"
24638,145375,Berlin,5,2020,11,15,2,3,1,5,0,0,1,0,1,0,0,0,"13,1768337","52,53568142"
24639,145376,Berlin,4,2020,11,11,2,3,3,6,0,0,0,0,1,0,1,0,"13,31687493","52,51406499"
24640,145377,Berlin,1,2020,11,12,3,2,6,4,0,1,0,1,0,0,0,0,"13,37664674","52,51010423"
24641,145378,Berlin,4,2020,11,8,4,2,5,3,0,1,1,0,0,0,0,0,"13,32260252","52,48556035"
24642,145379,Berlin,9,2020,11,13,7,2,1,5,0,0,1,0,0,1,0,0,"13,52759533","52,41076602"
24643,145380,Berlin,1,2020,11,11,2,2,8,1,0,0,1,0,0,0,0,0,"13,3678628","52,55697777"
24644,145381,Berlin,4,2020,11,11,3,3,6,7,0,0,1,1,0,0,0,0,"13,30786323","52,51709972"
24645,145382,Berlin,7,2020,11,11,2,3,0,3,0,0,1,0,1,0,0,1,"13,34754117","52,4861438"
24646,145383,Berlin,2,2020,11,16,1,3,0,6,0,1,1,0,0,0,0,0,"13,45504568","52,51013797"
24647,145384,Berlin,11,2020,11,14,1,2,6,4,0,0,1,1,0,0,0,0,"13,4946437","52,50387395"
24648,145385,Berlin,9,2020,12,15,3,3,5,2,1,1,1,0,0,0,0,0,"13,48974422","52,46787019"
24649,145386,Berlin,2,2020,11,16,1,3,5,2,1,1,1,0,0,0,0,0,"13,45876698","52,50643194"
24650,145387,Berlin,11,2020,11,1,6,2,4,6,2,0,1,0,0,0,0,0,"13,49997001","52,52952029"
24651,145388,Berlin,2,2020,11,16,5,3,5,3,0,1,1,0,0,0,0,1,"13,42998554","52,50350255"
24652,145389,Berlin,5,2020,11,11,4,2,0,1,0,0,0,0,1,0,0,0,"13,18632293","52,51762044"
24653,145390,Berlin,11,2020,11,6,2,3,0,2,1,1,1,0,0,0,0,0,"13,47996028","52,52661402"
24654,145391,Berlin,3,2020,12,10,4,2,0,7,0,0,0,0,1,0,1,1,"13,41641462","52,57083894"
24655,145392,Berlin,11,2020,12,11,7,3,5,3,0,0,1,0,0,0,1,0,"13,47934745","52,52304909"
24656,145393,Berlin,1,2020,12,5,5,3,0,7,2,0,0,0,0,1,0,0,"13,39231266","52,55507632"
24657,145394,Berlin,1,2020,12,18,3,3,2,6,2,0,0,0,1,0,1,0,"13,32750222","52,53568204"
24658,145395,Berlin,9,2020,12,13,1,3,0,1,0,0,0,0,1,0,0,1,"13,44684007","52,49154477"
24659,145396,Berlin,5,2020,12,13,3,3,2,6,0,0,1,0,0,0,0,0,"13,20845483","52,56235469"
24660,145397,Berlin,4,2020,12,6,2,3,6,2,2,0,1,1,0,0,0,0,"13,31952157","52,49208671"
24661,145398,Berlin,6,2020,12,16,7,3,2,6,0,0,1,0,0,0,0,0,"13,24782176","52,46771526"
24662,145399,Berlin,3,2020,12,8,7,2,1,5,0,0,1,0,0,0,0,0,"13,41577374","52,55989848"
24663,145400,Berlin,9,2020,12,6,7,3,9,1,1,0,1,0,0,0,0,2,"13,47801038","52,46177603"
24664,145401,Berlin,7,2020,12,11,7,3,5,2,0,1,1,0,0,0,0,0,"13,33081515","52,46741772"
24665,145402,Berlin,11,2020,12,19,3,3,1,5,2,0,1,0,0,0,0,0,"13,51514795","52,55259735"
24666,145403,Berlin,1,2020,12,17,5,3,5,2,2,1,1,0,0,0,0,1,"13,37934109","52,5402552"
24667,145404,Berlin,9,2020,12,9,6,3,6,4,0,0,1,1,0,0,0,0,"13,69290189","52,43894641"
24668,145405,Berlin,3,2020,12,19,3,2,5,3,2,1,0,0,0,0,1,0,"13,44587662","52,54463715"
24669,145406,Berlin,1,2020,12,17,2,3,2,6,2,0,1,0,0,0,0,0,"13,34929776","52,50317135"
24670,145407,Berlin,2,2020,12,16,3,3,5,3,2,1,1,0,0,0,0,0,"13,39279696","52,4921276"
24671,145408,Berlin,6,2020,12,10,7,2,5,3,0,1,1,0,0,0,0,0,"13,31712508","52,41413311"
24672,145409,Berlin,10,2020,12,12,4,3,2,6,0,0,1,0,0,0,1,1,"13,51899285","52,51609312"
24673,145410,Berlin,1,2020,12,19,3,3,0,3,2,1,0,0,0,0,1,0,"13,37741485","52,52216959"
24674,145411,Berlin,4,2020,12,15,7,3,5,3,1,0,1,0,1,0,0,1,"13,29574186","52,4811967"
24675,145412,Berlin,8,2020,12,16,2,3,5,2,1,0,1,0,1,0,0,0,"13,46524207","52,4645615"
24676,145413,Berlin,3,2020,12,10,7,3,0,1,0,0,0,0,1,0,0,0,"13,45675899","52,56781362"
24677,145414,Berlin,2,2020,12,9,6,3,5,2,0,1,1,0,0,0,0,1,"13,39777283","52,49530497"
24678,145415,Berlin,4,2020,12,12,7,3,2,6,0,0,1,0,0,0,0,0,"13,26233285","52,48006201"
24679,145416,Berlin,2,2020,12,7,5,3,5,3,1,1,1,0,0,0,0,0,"13,42869","52,5189154"
24680,145417,Berlin,6,2020,12,9,6,3,5,2,0,1,1,0,0,0,0,1,"13,27680581","52,42630113"
24681,145418,Berlin,4,2020,12,16,7,3,2,6,1,0,1,0,0,0,1,0,"13,3286242","52,50802926"
24682,145419,Berlin,10,2020,12,10,7,2,3,6,0,0,1,0,0,0,0,1,"13,54082139","52,54024652"
24683,145420,Berlin,4,2020,12,14,5,3,6,2,0,0,0,1,0,0,1,0,"13,3150868","52,51455037"
24684,145421,Berlin,11,2020,12,19,5,3,3,6,2,1,0,0,0,0,1,0,"13,53518815","52,57062249"
24685,145422,Berlin,2,2020,12,20,3,3,5,2,2,1,0,0,0,0,1,0,"13,38611267","52,48486973"
24686,145423,Berlin,9,2020,12,6,2,3,5,2,1,1,1,0,0,0,0,1,"13,58655123","52,44096833"
24687,145424,Berlin,3,2020,12,15,3,3,5,3,0,1,1,0,0,0,0,0,"13,46095353","52,56390824"
24688,145425,Berlin,1,2020,12,14,7,3,5,3,0,0,1,0,0,0,0,0,"13,37842723","52,55042768"
24689,145426,Berlin,8,2020,12,10,4,3,6,4,0,0,1,1,0,0,0,1,"13,42605717","52,4809413"
24690,145427,Berlin,8,2020,12,21,3,3,5,3,2,0,1,0,0,0,1,0,"13,47206553","52,46162583"
24691,145428,Berlin,4,2020,12,9,7,3,0,1,0,1,0,0,0,0,0,1,"13,29974521","52,49508314"
24692,145429,Berlin,10,2020,12,11,2,3,6,4,0,1,0,1,0,0,0,1,"13,60957439","52,53332821"
24693,145430,Berlin,9,2020,12,13,7,3,5,3,0,1,0,0,0,0,0,0,"13,56958907","52,4444883"
24694,145431,Berlin,8,2020,12,19,6,3,5,2,2,1,1,0,0,0,0,0,"13,4496053","52,47907276"
24695,145432,Berlin,7,2020,12,9,7,3,0,1,0,0,0,0,1,0,0,2,"13,3291079","52,47144723"
24696,145433,Berlin,1,2020,12,8,4,3,0,1,1,1,0,0,0,0,0,1,"13,39855031","52,53255359"
24697,145434,Berlin,6,2020,12,11,5,2,5,2,0,1,0,0,0,1,0,0,"13,31483653","52,41751055"
24698,145435,Berlin,6,2020,12,7,2,2,0,5,2,1,1,0,0,0,0,0,"13,33401273","52,44990601"
24699,145436,Berlin,5,2020,12,11,2,3,2,6,0,0,1,0,0,0,0,0,"13,20436496","52,53027998"
24700,145437,Berlin,12,2020,12,12,3,2,6,2,0,0,1,1,0,0,0,0,"13,32653152","52,60465522"
24701,145438,Berlin,11,2020,12,6,3,3,0,3,2,0,0,0,1,0,1,1,"13,51336525","52,56800571"
24702,145439,Berlin,10,2020,12,12,7,3,0,1,0,1,0,0,0,0,0,2,"13,5870581","52,51171518"