,id,city,district,year,month,hour,weekday,injury_level,collision,movement,light_conditions,bicycle,car,pedestrian,motorbike,truck,other_vehicle,road_conditions,longitude,latitude
24703,145440,Berlin,12,2020,12,18,4,3,3,6,2,0,1,0,0,0,0,1,"13,28575263","52,59524869"
24704,145441,Berlin,10,2020,12,12,2,3,2,7,0,0,1,0,0,0,1,0,"13,51790729","52,53552598"
24705,145442,Berlin,5,2020,12,13,7,3,1,5,0,1,1,0,0,0,0,0,"13,18392417","52,54366957"
24706,145443,Berlin,8,2020,12,18,5,3,6,4,2,0,1,1,0,0,0,0,"13,42449743","52,48622622"
24707,145444,Berlin,11,2020,12,17,2,3,5,2,2,1,1,0,0,0,0,0,"13,48080827","52,49910081"
24708,145445,Berlin,10,2020,12,12,2,3,2,2,0,0,1,0,0,0,0,1,"13,53843175","52,52459493"
24709,145446,Berlin,10,2020,12,12,3,2,5,3,0,0,1,0,0,0,0,0,"13,57576589","52,49120313"
24710,145447,Berlin,4,2020,12,12,7,3,5,7,0,0,1,0,1,0,0,0,"13,31300447","52,52577219"
24711,145448,Berlin,10,2020,12,7,4,3,2,6,2,0,1,0,0,0,0,1,"13,53690057","52,54582088"
24712,145449,Berlin,1,2020,12,22,2,3,5,3,2,1,1,0,0,0,0,1,"13,4233168","52,52018631"
24713,145450,Berlin,3,2020,12,18,7,3,0,1,2,1,0,0,0,0,0,0,"13,43298616","52,59605327"
24714,145451,Berlin,4,2020,12,7,2,3,2,6,0,0,1,0,0,0,0,0,"13,28204272","52,53380779"
24715,145452,Berlin,4,2020,12,12,7,3,1,5,0,1,1,0,0,0,0,0,"13,32286996","52,50221198"
24716,145453,Berlin,6,2020,12,14,6,3,1,7,0,0,1,0,0,0,0,0,"13,26338306","52,4396661"
24717,145454,Berlin,2,2020,12,20,6,3,2,6,2,1,0,0,0,0,1,0,"13,43022042","52,51037883"
24718,145455,Berlin,3,2020,12,14,4,3,5,3,0,0,1,0,0,0,0,0,"13,42939465","52,57191114"
24719,145456,Berlin,11,2020,12,10,5,3,5,2,0,0,1,0,0,0,0,0,"13,470341","52,53998365"
24720,145457,Berlin,11,2020,12,15,2,3,2,6,1,0,1,0,0,0,0,1,"13,47567188","52,50140652"
24721,145458,Berlin,6,2020,12,10,2,3,5,3,0,1,1,0,0,0,0,1,"13,28607321","52,45300871"
24722,145459,Berlin,8,2020,12,12,3,3,5,2,0,1,1,0,0,0,0,0,"13,42550548","52,47978529"
24723,145460,Berlin,8,2020,12,18,2,3,0,1,2,1,0,0,0,0,0,1,"13,45975282","52,42441168"
24724,145461,Berlin,6,2020,12,15,6,3,5,3,0,0,1,0,0,0,0,0,"13,33210985","52,43683452"
24725,145462,Berlin,8,2020,12,10,7,3,0,1,0,1,0,0,0,0,0,2,"13,41178954","52,43847492"
24726,145463,Berlin,12,2020,12,16,1,3,2,6,1,0,1,0,0,0,0,0,"13,33994094","52,60068857"
24727,145464,Berlin,7,2020,12,5,6,3,6,2,1,0,1,1,0,0,0,0,"13,40208431","52,46334021"
24728,145465,Berlin,3,2020,12,14,2,3,5,3,0,1,1,0,0,0,0,1,"13,42334924","52,55617941"
24729,145466,Berlin,1,2020,12,18,5,3,4,2,2,1,1,0,0,0,0,1,"13,4087456","52,52297546"
24730,145467,Berlin,10,2020,12,12,1,3,5,3,0,0,1,0,0,0,0,1,"13,52191324","52,53572583"
24731,145468,Berlin,2,2020,12,22,6,3,6,4,2,0,0,1,0,0,1,0,"13,43411632","52,49963642"
24732,145469,Berlin,2,2020,12,10,5,3,1,5,0,1,1,0,0,0,0,0,"13,46523102","52,51736289"
24733,145470,Berlin,5,2020,12,5,6,2,6,2,2,0,1,1,0,0,0,0,"13,22585857","52,55448575"
24734,145471,Berlin,10,2020,12,12,4,3,2,6,0,0,1,0,0,0,1,0,"13,57039061","52,54302007"
24735,145472,Berlin,4,2020,12,9,4,3,0,3,0,0,1,0,1,0,0,0,"13,31976478","52,51716524"
24736,145473,Berlin,9,2020,12,22,6,3,5,3,2,1,1,0,0,0,0,0,"13,53092431","52,41563739"
24737,145474,Berlin,1,2020,12,1,5,3,5,3,2,0,1,0,0,0,0,1,"13,39210012","52,5095841"
24738,145475,Berlin,10,2020,12,14,2,3,9,1,0,0,1,0,0,0,0,1,"13,62215063","52,49090653"
24739,145476,Berlin,3,2020,12,23,1,3,0,1,2,0,0,0,1,0,0,1,"13,41738302","52,54680803"
24740,145477,Berlin,2,2020,12,11,3,3,5,2,0,1,1,0,0,0,0,0,"13,41933766","52,501339"
24741,145478,Berlin,4,2020,12,20,2,3,1,5,2,1,1,0,0,0,0,0,"13,29861415","52,50083388"
24742,145479,Berlin,3,2020,12,7,6,3,2,2,0,0,1,0,0,0,0,0,"13,4301095","52,58831954"
24743,145480,Berlin,7,2020,12,17,6,2,5,3,2,0,1,0,1,0,0,0,"13,33286245","52,46873468"
24744,145481,Berlin,2,2020,12,20,7,3,1,5,2,1,1,0,0,0,0,0,"13,41963697","52,49567188"
24745,145482,Berlin,1,2020,12,16,6,3,0,3,2,0,0,0,0,0,1,0,"13,37700194","52,55664241"
24746,145483,Berlin,12,2020,12,7,2,3,2,2,1,0,1,0,0,0,1,0,"13,28915878","52,5902545"
24747,145484,Berlin,10,2020,12,16,5,3,2,6,0,0,1,0,0,0,0,0,"13,6142689","52,53205725"
24748,145485,Berlin,1,2020,12,11,6,3,0,6,0,0,1,0,0,0,1,0,"13,38762065","52,56037659"
24749,145486,Berlin,3,2020,12,7,2,3,5,2,0,1,1,0,0,0,0,1,"13,43678548","52,52954731"
24750,145487,Berlin,12,2020,12,16,2,3,5,2,2,1,1,0,0,0,0,1,"13,33886672","52,58937333"
24751,145488,Berlin,9,2020,12,16,3,3,1,5,2,1,1,0,0,0,0,0,"13,54917088","52,43830719"
24752,145489,Berlin,12,2020,12,12,6,3,0,1,0,0,0,0,1,0,0,1,"13,33327792","52,57681399"
24753,145490,Berlin,1,2020,12,11,4,3,5,2,0,1,1,0,0,0,0,1,"13,36034106","52,53724347"
24754,145491,Berlin,9,2020,12,7,2,3,5,3,0,0,1,0,0,0,0,1,"13,53559245","52,43043349"
24755,145492,Berlin,9,2020,12,12,7,3,1,5,0,0,1,0,0,0,1,0,"13,57948926","52,45558452"
24756,145493,Berlin,3,2020,12,8,6,3,5,2,0,1,1,0,0,0,0,0,"13,41165455","52,55377155"
24757,145494,Berlin,6,2020,12,12,2,3,5,2,0,1,1,0,0,0,0,1,"13,3074533","52,43333931"
24758,145495,Berlin,7,2020,12,15,3,3,2,6,1,0,1,0,0,0,0,1,"13,38794325","52,4118858"
24759,145496,Berlin,3,2020,12,19,3,3,2,2,2,0,1,0,0,0,0,0,"13,49924755","52,6352753"
24760,145497,Berlin,4,2020,12,9,6,3,2,2,0,0,1,0,0,0,0,0,"13,33244718","52,50624138"
24761,145498,Berlin,4,2020,12,12,4,3,5,2,0,1,1,0,0,0,0,0,"13,32573939","52,48653938"
24762,145499,Berlin,12,2020,12,11,2,3,5,7,0,1,1,0,0,0,0,0,"13,33724197","52,59576593"
24763,145500,Berlin,1,2020,12,13,1,3,0,6,0,1,0,0,0,0,0,0,"13,41603267","52,51045006"
24764,145501,Berlin,3,2020,12,17,2,3,5,3,2,0,1,0,0,0,0,0,"13,44182651","52,55033888"
24765,145502,Berlin,7,2020,12,9,6,3,1,5,0,1,1,0,0,0,0,0,"13,36103602","52,49790041"
24766,145503,Berlin,3,2020,12,11,6,3,5,2,0,0,1,0,0,0,0,0,"13,45289593","52,53379937"
24767,145504,Berlin,1,2020,12,14,7,3,5,3,0,1,1,0,0,0,0,0,"13,38334566","52,5485822"
24768,145505,Berlin,9,2020,12,8,6,2,2,6,0,0,1,0,0,0,1,0,"13,56882966","52,45331555"
24769,145506,Berlin,4,2020,12,13,5,3,1,5,0,1,1,0,0,0,0,0,"13,29009861","52,47574968"
24770,145507,Berlin,2,2020,12,4,5,3,9,1,2,0,1,0,0,0,0,0,"13,40558973","52,48927226"
24771,145508,Berlin,3,2020,12,11,2,3,5,3,0,0,1,0,0,0,0,0,"13,46197636","52,55897673"
24772,145509,Berlin,7,2020,12,15,2,2,6,2,0,0,1,1,0,0,0,1,"13,34958094","52,48086066"
24773,145510,Berlin,4,2020,12,14,3,3,5,3,0,1,1,0,0,0,0,0,"13,31911473","52,49957391"
24774,145511,Berlin,1,2020,12,7,6,3,2,2,0,0,1,0,0,0,0,0,"13,32842574","52,53295879"
24775,145512,Berlin,9,2020,12,7,4,3,5,3,0,1,1,0,0,0,0,1,"13,53410962","52,40841793"
24776,145513,Berlin,5,2020,12,7,2,3,6,2,2,0,1,1,0,0,0,1,"13,22739874","52,52841328"
24777,145514,Berlin,8,2020,12,20,7,3,1,5,2,1,1,0,0,0,0,0,"13,43132628","52,48719706"
24778,145515,Berlin,11,2020,12,10,2,3,6,7,0,0,1,1,0,0,0,1,"13,49945427","52,56223243"
24779,145516,Berlin,6,2020,12,7,6,3,6,4,0,0,1,1,0,0,0,0,"13,31606936","52,44067187"
24780,145517,Berlin,7,2020,12,17,6,2,6,4,2,1,0,1,0,0,0,1,"13,34047213","52,49748284"
24781,145518,Berlin,3,2020,12,7,7,3,6,2,2,0,1,1,0,0,0,1,"13,40644535","52,56538152"
24782,145519,Berlin,7,2020,12,15,2,2,5,3,1,1,1,0,0,0,0,0,"13,37219363","52,45543957"
24783,145520,Berlin,12,2020,12,2,6,3,5,3,2,0,1,0,0,0,1,0,"13,31421336","52,57678088"
24784,145521,Berlin,8,2020,12,7,6,3,5,3,1,0,1,0,1,0,0,1,"13,43324137","52,42458242"
24785,145522,Berlin,1,2020,12,11,7,3,2,2,0,0,1,0,0,0,0,0,"13,33928524","52,52570997"
24786,145523,Berlin,8,2020,12,6,4,3,2,1,2,1,1,0,0,0,0,0,"13,43942343","52,48410803"
24787,145524,Berlin,12,2020,12,16,5,3,3,2,2,1,1,0,0,0,0,0,"13,32646749","52,60456917"
24788,145525,Berlin,8,2020,12,10,2,3,1,5,0,1,1,0,0,0,0,1,"13,44175767","52,47965889"
24789,145526,Berlin,9,2020,12,11,2,3,2,6,0,0,1,0,0,1,0,1,"13,52704437","52,42644635"
24790,145527,Berlin,1,2020,12,12,3,3,5,5,0,0,1,0,0,0,0,0,"13,34908634","52,52334685"
24791,145528,Berlin,1,2020,12,15,6,3,0,1,1,1,0,0,0,0,0,1,"13,39998087","52,53286323"
24792,145529,Berlin,2,2020,12,21,4,3,6,4,2,0,0,1,0,0,1,0,"13,41386069","52,50038258"
24793,145530,Berlin,11,2020,12,10,2,3,3,6,0,1,1,0,0,0,0,0,"13,4972562","52,539111"
24794,145531,Berlin,12,2020,12,15,7,2,5,3,0,0,1,0,0,0,0,1,"13,3461204","52,59157796"
24795,145532,Berlin,8,2020,12,22,1,2,0,1,2,1,0,0,0,0,0,1,"13,45552657","52,47956086"
24796,145533,Berlin,10,2020,12,15,6,3,6,7,0,0,1,1,0,0,0,0,"13,61507956","52,51068329"
24797,145534,Berlin,2,2020,12,16,5,3,6,2,2,0,1,1,0,0,0,0,"13,45115055","52,50853023"
24798,145535,Berlin,7,2020,12,15,6,2,5,2,1,0,1,0,0,0,0,0,"13,37163322","52,42359268"
24799,145536,Berlin,4,2020,12,13,4,3,2,7,0,1,1,0,0,0,0,1,"13,30038187","52,48054555"
24800,145537,Berlin,8,2020,12,14,6,3,5,2,0,1,1,0,0,0,0,0,"13,44204018","52,42500088"
24801,145538,Berlin,6,2020,12,7,5,2,2,6,1,0,1,0,1,0,0,1,"13,35683654","52,44872624"
24802,145539,Berlin,7,2020,12,10,2,2,5,3,0,0,1,0,0,1,0,1,"13,34745947","52,47053465"
24803,145540,Berlin,4,2020,12,19,1,3,5,3,2,1,1,0,0,0,0,1,"13,29702719","52,51180515"
24804,145541,Berlin,12,2020,12,10,3,3,2,6,0,0,1,0,0,0,0,0,"13,29663371","52,57719596"
24805,145542,Berlin,9,2020,12,21,4,2,8,1,2,0,1,0,0,0,0,1,"13,6533923","52,41687446"
24806,145543,Berlin,4,2020,12,8,5,3,5,3,0,1,1,0,0,0,0,0,"13,28362355","52,47830025"
24807,145544,Berlin,8,2020,12,9,2,3,2,7,0,0,1,0,1,0,0,0,"13,44172131","52,47882719"
24808,145545,Berlin,1,2020,12,19,2,3,5,3,2,1,1,0,0,0,0,0,"13,39195679","52,56392841"
24809,145546,Berlin,6,2020,12,15,3,3,5,3,1,1,0,0,0,0,0,0,"13,31069197","52,44177683"
24810,145547,Berlin,2,2020,12,1,3,2,0,1,2,0,0,0,0,0,1,1,"13,43413468","52,50059913"
24811,145548,Berlin,3,2020,12,14,6,3,5,2,0,1,1,0,0,0,0,0,"13,43449771","52,54961858"
24812,145549,Berlin,1,2020,12,17,4,3,6,4,1,1,0,1,0,0,0,1,"13,36375952","52,52472488"
24813,145550,Berlin,12,2020,12,12,7,2,1,1,0,0,0,0,1,0,1,0,"13,35160442","52,61686358"
24814,145551,Berlin,1,2020,12,19,1,3,2,6,2,0,1,0,0,0,1,0,"13,35626611","52,55247741"
24815,145552,Berlin,5,2020,12,12,6,3,5,2,0,0,1,0,0,0,0,0,"13,15774515","52,53354504"
24816,145553,Berlin,1,2020,12,9,5,3,5,2,0,1,1,0,0,0,0,0,"13,3451677","52,53912239"
24817,145554,Berlin,2,2020,12,15,4,3,2,7,0,1,1,0,0,0,1,1,"13,43723549","52,49328429"
24818,145555,Berlin,7,2020,12,14,6,3,6,4,0,0,0,1,0,0,1,0,"13,33122242","52,46976997"
24819,145556,Berlin,10,2020,12,17,3,2,5,3,2,0,1,0,1,0,0,1,"13,55268788","52,52318311"
24820,145557,Berlin,1,2020,12,12,6,3,2,6,0,0,1,0,0,0,0,0,"13,37741627","52,55626636"
24821,145558,Berlin,6,2020,12,15,5,3,0,1,1,1,0,0,0,0,0,0,"13,24798932","52,44861461"
24822,145559,Berlin,8,2020,12,9,2,3,6,7,0,0,0,1,0,0,1,0,"13,46930512","52,46318364"
24823,145560,Berlin,1,2020,12,17,1,3,6,2,2,0,1,1,0,0,0,0,"13,38642927","52,54938786"
24824,145561,Berlin,4,2020,12,6,3,3,2,6,2,0,1,0,0,0,0,1,"13,3172103","52,491482"
24825,145562,Berlin,4,2020,12,18,2,3,2,6,2,0,1,0,0,0,0,0,"13,30941615","52,49412046"
24826,145563,Berlin,6,2020,12,21,6,2,0,1,2,0,0,0,1,0,0,0,"13,31204275","52,430457"
24827,145564,Berlin,10,2020,12,16,6,3,5,3,2,0,1,0,0,0,0,0,"13,56936689","52,5689171"
24828,145565,Berlin,12,2020,12,14,4,3,6,2,0,0,1,1,0,0,0,1,"13,28484877","52,58856241"
24829,145566,Berlin,1,2020,12,16,7,3,1,6,2,0,1,0,0,0,0,0,"13,41323288","52,50848316"
24830,145567,Berlin,2,2020,12,20,6,3,6,2,2,0,1,1,0,0,0,0,"13,39821234","52,50699451"
24831,145568,Berlin,10,2020,12,10,2,3,2,6,0,0,1,0,0,0,0,1,"13,56974983","52,54571491"
24832,145569,Berlin,9,2020,12,19,6,3,5,2,2,0,1,0,0,0,0,0,"13,5266538","52,42644867"
24833,145570,Berlin,6,2020,12,8,7,3,5,2,0,1,1,0,0,0,0,2,"13,25992107","52,42925998"
24834,145571,Berlin,11,2020,12,14,4,3,1,7,0,0,1,1,0,0,0,1,"13,50045781","52,50924386"
24835,145572,Berlin,4,2020,12,13,7,3,5,3,0,0,1,0,0,0,0,0,"13,28684044","52,49583666"
24836,145573,Berlin,5,2020,12,19,6,3,2,6,2,0,1,0,0,0,0,0,"13,22908676","52,53807729"
24837,145574,Berlin,3,2020,12,8,2,3,3,6,1,1,1,0,0,0,0,1,"13,43631955","52,54825638"
24838,145575,Berlin,5,2020,12,17,5,3,2,6,2,0,1,0,1,0,0,1,"13,2086148","52,55296217"
24839,145576,Berlin,1,2020,12,9,6,3,0,1,0,1,0,0,0,0,0,0,"13,40824181","52,51183702"
24840,145577,Berlin,1,2020,12,8,2,3,5,3,0,1,1,0,0,0,0,1,"13,3627582","52,52275425"
24841,145578,Berlin,6,2020,12,17,2,3,2,2,2,0,1,0,0,0,0,1,"13,32757051","52,44017692"
24842,145579,Berlin,7,2020,12,17,3,2,5,2,2,1,0,0,0,1,0,0,"13,40975836","52,38723344"
24843,145580,Berlin,4,2020,12,19,6,3,6,2,2,0,1,1,0,0,0,0,"13,33501321","52,4980938"
24844,145581,Berlin,1,2020,12,14,4,3,4,6,0,0,1,0,1,0,0,1,"13,39757457","52,53249836"
24845,145582,Berlin,1,2020,12,19,2,3,5,7,2,0,1,0,0,0,1,0,"13,36284861","52,54656445"
24846,145583,Berlin,9,2020,12,15,7,3,5,3,0,0,1,0,0,0,0,0,"13,56007867","52,40508198"
24847,145584,Berlin,11,2020,12,13,2,2,1,1,0,0,1,1,0,0,1,0,"13,46583752","52,52631705"
24848,145585,Berlin,2,2020,12,19,6,3,1,5,2,1,1,0,0,0,0,0,"13,45528798","52,51363296"
24849,145586,Berlin,4,2020,12,10,6,3,0,3,0,0,1,0,0,0,1,1,"13,29920865","52,52386561"
24850,145587,Berlin,9,2020,12,7,4,3,6,4,2,0,1,1,0,0,0,1,"13,61839658","52,4554746"
24851,145588,Berlin,4,2020,12,13,7,3,6,4,0,0,1,1,0,0,0,0,"13,29627054","52,51936421"
24852,145589,Berlin,8,2020,12,13,5,3,5,2,0,1,1,0,0,0,0,0,"13,43664452","52,47989777"
24853,145590,Berlin,11,2020,12,21,5,2,5,3,2,0,1,0,0,0,0,0,"13,51420848","52,53529282"
24854,145591,Berlin,3,2020,12,18,2,3,2,6,2,0,1,0,0,0,0,0,"13,40771841","52,55426843"
24855,145592,Berlin,10,2020,12,13,2,3,2,6,0,0,1,0,0,0,1,0,"13,57128308","52,5461435"
24856,145593,Berlin,5,2020,12,13,3,3,1,5,0,1,0,0,0,0,1,0,"13,20353201","52,56338601"
24857,145594,Berlin,6,2020,12,14,5,3,5,2,0,0,1,0,0,0,0,0,"13,2507353","52,43505917"
24858,145595,Berlin,2,2020,12,12,6,3,5,7,0,0,1,0,0,0,0,0,"13,40484978","52,50304683"
24859,145596,Berlin,1,2020,12,17,2,3,3,6,2,0,1,0,0,0,0,1,"13,38326526","52,55611156"
24860,145597,Berlin,8,2020,12,16,2,3,5,3,2,0,1,0,0,0,0,1,"13,43246026","52,46578012"
24861,145598,Berlin,12,2020,12,15,3,2,6,7,1,0,1,1,0,0,0,0,"13,35588389","52,5985031"
24862,145599,Berlin,7,2020,12,18,6,3,2,6,2,0,1,0,0,0,0,0,"13,37357963","52,46895614"
24863,145600,Berlin,1,2020,12,11,4,3,2,6,0,0,1,0,0,0,0,1,"13,34982533","52,54236524"
24864,145601,Berlin,1,2020,12,17,2,3,0,2,2,0,0,1,0,0,1,0,"13,35906241","52,54655278"
24865,145602,Berlin,1,2020,12,11,7,3,2,6,0,0,1,0,0,0,0,1,"13,31717825","52,53086754"
24866,145603,Berlin,12,2020,12,11,2,3,5,2,0,1,1,0,0,0,0,0,"13,30298146","52,58068623"
24867,145604,Berlin,4,2020,12,9,5,3,9,7,0,0,1,0,0,0,0,0,"13,2827991","52,51864159"
24868,145605,Berlin,7,2020,12,21,6,3,2,2,2,0,1,0,0,0,0,0,"13,40670229","52,39851238"
24869,145606,Berlin,4,2020,12,18,3,2,6,4,2,0,0,1,0,0,1,0,"13,32025625","52,50164767"
24870,145607,Berlin,9,2020,12,10,7,3,5,2,0,1,1,0,0,0,0,1,"13,47378207","52,47494868"
24871,145608,Berlin,7,2020,12,8,4,3,5,3,0,0,1,0,0,0,0,0,"13,41080052","52,44471502"
24872,145609,Berlin,5,2020,12,14,5,3,5,3,0,1,1,0,0,0,0,1,"13,20768471","52,55576419"
24873,145610,Berlin,2,2020,12,17,2,3,0,3,2,1,0,0,0,0,0,1,"13,45712634","52,51299839"
24874,145611,Berlin,5,2020,12,11,2,3,5,3,0,1,1,0,0,0,0,1,"13,1221904","52,47318469"
24875,145612,Berlin,8,2020,12,16,3,3,3,6,1,1,1,0,0,0,0,0,"13,42866136","52,48673702"
24876,145613,Berlin,12,2020,12,7,3,3,5,2,0,0,1,0,0,1,0,0,"13,31541508","52,57792777"
24877,145614,Berlin,4,2020,12,18,5,3,0,7,2,0,0,0,1,0,1,0,"13,30706748","52,50007263"
24878,145615,Berlin,7,2020,12,19,4,3,5,3,2,0,1,0,0,0,0,1,"13,33902164","52,49222057"
24879,145616,Berlin,1,2020,12,14,2,3,5,2,0,0,1,0,0,0,0,1,"13,41554899","52,52707728"
24880,145617,Berlin,2,2020,12,13,7,2,6,2,0,0,1,1,0,0,0,0,"13,3963126","52,49134605"
24881,145618,Berlin,7,2020,12,13,1,3,6,7,0,0,1,1,0,0,0,1,"13,40187264","52,38668397"
24882,145619,Berlin,5,2020,12,16,5,3,2,6,2,0,1,0,0,0,0,0,"13,19055095","52,54637045"
24883,145620,Berlin,2,2020,12,17,5,3,1,5,2,1,1,0,0,0,0,1,"13,39061203","52,50617045"
24884,145621,Berlin,1,2020,12,10,5,3,6,7,0,1,0,0,0,0,1,0,"13,37597435","52,55638286"
24885,145622,Berlin,9,2020,12,7,4,3,6,2,2,0,0,1,0,0,1,1,"13,5384837","52,43455129"
24886,145623,Berlin,4,2020,12,22,1,3,2,6,2,0,1,0,1,0,0,1,"13,33780937","52,50380487"
24887,145624,Berlin,7,2020,12,18,7,3,1,1,2,0,1,0,0,0,1,1,"13,35521577","52,41527077"
24888,145625,Berlin,12,2020,12,14,2,3,0,6,0,0,1,0,0,0,1,0,"13,32595884","52,56172818"
24889,145626,Berlin,2,2020,12,22,5,2,0,7,2,1,0,0,0,0,0,0,"13,44657761","52,50272507"
24890,145627,Berlin,7,2020,12,14,6,3,3,7,0,0,1,0,0,0,1,1,"13,39838527","52,41953921"
24891,145628,Berlin,6,2020,12,11,6,3,2,6,0,0,1,0,0,1,0,0,"13,2819758","52,43261274"
24892,145629,Berlin,8,2020,12,18,4,3,1,5,2,1,1,0,0,0,0,0,"13,43957887","52,48188169"
24893,145630,Berlin,1,2020,12,19,5,3,0,3,2,0,1,0,1,0,0,0,"13,41558296","52,52670508"
24894,145631,Berlin,11,2020,12,21,1,3,5,3,2,0,1,0,0,0,0,1,"13,48134317","52,50664652"
24895,145632,Berlin,12,2020,12,10,2,3,1,5,0,1,1,0,0,0,0,1,"13,34806968","52,61539322"
24896,145633,Berlin,1,2020,12,6,3,3,5,3,2,1,1,0,0,0,0,1,"13,38789709","52,52340934"
24897,145634,Berlin,1,2020,12,13,2,3,5,3,0,1,0,0,0,0,1,0,"13,40084232","52,52686314"
24898,145635,Berlin,9,2020,12,22,5,3,0,1,2,0,0,0,1,0,0,0,"13,54295986","52,45757274"
24899,145636,Berlin,2,2020,12,12,7,3,2,6,0,0,1,0,0,0,0,0,"13,45888998","52,50129715"
24900,145637,Berlin,6,2020,12,18,3,3,2,6,2,0,1,0,0,0,0,0,"13,33129523","52,45336555"
24901,145638,Berlin,7,2020,12,15,1,3,5,2,1,0,1,0,0,0,0,0,"13,40400511","52,46346801"
24902,145639,Berlin,2,2020,12,21,5,3,5,3,2,0,1,0,0,0,0,0,"13,39941683","52,49828755"
24903,145640,Berlin,5,2020,12,18,5,3,6,4,2,0,0,1,0,0,1,1,"13,15467957","52,53190284"
24904,145641,Berlin,3,2020,12,15,3,3,5,3,0,0,1,0,1,0,0,0,"13,43157439","52,5507971"
24905,145642,Berlin,9,2020,12,12,6,3,5,3,0,0,1,0,0,0,1,0,"13,49786408","52,43371521"
24906,145643,Berlin,11,2020,12,21,3,3,1,7,2,0,1,0,0,0,0,1,"13,50363422","52,51207628"
24907,145644,Berlin,8,2020,12,19,5,2,5,2,2,0,1,0,1,0,0,0,"13,47072704","52,43546457"
24908,145645,Berlin,11,2020,12,15,6,3,5,7,2,1,1,0,0,0,0,0,"13,49775556","52,50917921"
24909,145646,Berlin,7,2020,12,10,4,3,0,1,0,1,0,0,0,0,0,1,"13,38930531","52,43928731"
24910,145647,Berlin,5,2020,12,13,4,3,5,3,0,1,1,0,0,0,0,0,"13,17794618","52,54874685"
24911,145648,Berlin,4,2020,12,9,5,3,0,1,0,0,1,0,1,0,0,0,"13,30213171","52,51695609"
24912,145649,Berlin,3,2020,12,5,5,2,5,2,2,0,1,0,1,0,0,0,"13,38018259","52,57495226"
24913,145650,Berlin,8,2020,12,14,1,3,5,3,0,0,1,0,0,0,0,0,"13,48134362","52,4256126"
24914,145651,Berlin,11,2020,12,4,1,3,1,5,2,0,1,0,0,0,1,1,"13,502973","52,50820275"
24915,145652,Berlin,9,2020,12,16,3,3,5,2,2,1,1,0,0,0,0,0,"13,49739394","52,45812546"
24916,145653,Berlin,3,2020,12,5,2,3,5,3,2,0,1,0,0,0,1,1,"13,44741181","52,54848154"
24917,145654,Berlin,8,2020,12,19,5,3,1,5,2,1,1,0,0,0,0,0,"13,44262172","52,47052404"
24918,145655,Berlin,8,2020,12,2,7,3,1,5,2,0,1,0,0,0,1,1,"13,44018578","52,46740271"
24919,145656,Berlin,1,2020,12,20,7,3,5,2,2,1,1,0,0,0,0,0,"13,35115678","52,51521269"
24920,145657,Berlin,4,2020,12,18,5,3,5,3,2,0,1,0,0,0,0,0,"13,31509784","52,50100805"
24921,145658,Berlin,12,2020,12,16,1,3,1,5,1,0,1,0,0,0,0,0,"13,28722279","52,62750611"
24922,145659,Berlin,1,2020,12,16,5,2,6,4,1,0,1,1,0,0,0,1,"13,3838591","52,529923"
24923,145660,Berlin,3,2020,12,10,6,3,6,2,0,0,1,1,0,0,0,0,"13,40396279","52,551311"
24924,145661,Berlin,7,2020,12,15,1,3,6,2,0,0,1,1,0,0,0,0,"13,37825344","52,46625506"
24925,145662,Berlin,1,2020,12,17,2,3,1,5,2,0,1,0,0,0,1,1,"13,39282781","52,55500132"
24926,145663,Berlin,12,2020,12,16,3,3,0,5,2,0,1,0,0,0,1,0,"13,31568149","52,62241098"
24927,145664,Berlin,6,2020,12,17,5,2,6,4,2,0,1,1,0,0,0,0,"13,34293842","52,44730787"
24928,145665,Berlin,11,2020,12,12,4,3,2,6,0,0,1,0,0,0,0,1,"13,47120303","52,50529304"
24929,145666,Berlin,4,2020,12,14,1,3,0,6,0,0,1,0,0,0,1,0,"13,33860586","52,50525572"
24930,145667,Berlin,10,2020,12,9,7,3,0,1,0,0,0,0,1,0,0,2,"13,55325851","52,56837163"
24931,145668,Berlin,7,2020,12,12,2,3,5,2,0,1,0,0,0,0,1,1,"13,34842997","52,45891993"
24932,145669,Berlin,5,2020,12,16,5,3,5,3,1,1,1,0,0,0,0,0,"13,21010244","52,56683483"
24933,145670,Berlin,11,2020,12,8,6,3,2,6,0,0,1,0,0,0,1,1,"13,51175671","52,53857469"
24934,145671,Berlin,7,2020,12,14,3,3,2,6,0,0,1,0,0,0,0,0,"13,34513577","52,48181232"
24935,145672,Berlin,10,2020,12,16,5,3,6,2,0,0,1,1,0,0,0,0,"13,58793734","52,52068391"