,id,city,district,year,month,hour,weekday,injury_level,collision,movement,light_conditions,bicycle,car,pedestrian,motorbike,truck,other_vehicle,road_conditions,longitude,latitude
25170,146005,Berlin,8,2020,12,18,3,3,6,2,2,0,1,1,0,0,0,1,"13,46436448","52,4702069"
25171,146008,Berlin,2,2020,12,10,3,3,5,3,0,0,1,0,1,0,0,1,"13,38240477","52,50452427"
25172,146009,Berlin,9,2020,12,17,2,3,0,7,2,0,1,0,0,0,0,1,"13,72950078","52,43029103"
25173,146011,Berlin,1,2020,12,16,4,3,5,3,2,1,1,0,0,0,0,1,"13,40440734","52,50790059"
25174,146013,Berlin,10,2020,12,13,2,3,0,1,0,1,0,0,0,0,0,0,"13,57562252","52,48995017"
25175,146015,Berlin,1,2020,12,11,4,2,5,3,0,1,1,0,0,0,0,1,"13,37932044","52,5405158"
25176,146020,Berlin,1,2020,12,9,3,3,2,6,0,0,1,0,0,0,0,1,"13,37676238","52,55403337"
25177,146021,Berlin,9,2020,12,1,2,3,9,1,2,0,1,0,0,0,0,1,"13,51348352","52,42764457"
25178,146023,Berlin,6,2020,12,17,4,3,5,2,2,1,0,0,0,0,1,0,"13,27241086","52,43727181"
25179,146027,Berlin,6,2020,12,8,3,2,6,2,2,0,1,1,0,0,0,1,"13,27049951","52,45102048"
25180,146029,Berlin,8,2020,12,2,3,3,0,1,2,0,0,0,1,0,0,1,"13,48311808","52,43091543"
25181,146031,Berlin,3,2020,12,19,3,3,6,4,2,0,1,1,0,0,0,1,"13,44431917","52,56523593"
25182,146032,Berlin,1,2020,12,22,5,3,1,5,2,1,0,0,0,0,1,1,"13,39038233","52,51815265"
25183,146033,Berlin,11,2020,12,19,3,2,2,6,2,0,1,0,0,0,0,1,"13,48464443","52,53347544"
25184,146035,Berlin,4,2020,12,11,3,3,2,6,0,1,1,0,0,0,0,1,"13,32200696","52,50208035"
25185,146038,Berlin,6,2020,12,17,3,3,0,6,2,0,1,0,1,0,0,0,"13,35893893","52,42033316"
25186,146040,Berlin,3,2020,12,9,5,3,5,2,0,1,1,0,0,0,0,1,"13,47906961","52,60763999"
25187,146041,Berlin,7,2020,12,17,3,3,5,3,2,0,1,0,0,0,0,1,"13,36634709","52,49526718"
25188,146044,Berlin,3,2020,12,13,5,3,5,3,0,1,1,0,0,0,0,0,"13,47862205","52,55595603"
25189,146045,Berlin,3,2020,12,17,3,3,6,2,2,0,1,1,0,0,0,1,"13,41980974","52,60621955"
25190,146049,Berlin,10,2020,12,16,3,2,0,7,2,0,1,0,0,0,0,1,"13,60310714","52,54572302"
25191,146051,Berlin,7,2020,12,11,4,3,5,2,0,0,1,0,0,0,1,1,"13,37827367","52,46700306"
25192,146052,Berlin,1,2020,12,16,3,3,2,6,2,0,1,0,0,0,0,1,"13,40983818","52,52898708"
25193,146058,Berlin,2,2020,12,16,3,3,6,4,2,0,1,1,0,0,0,1,"13,41779604","52,49904396"
25194,146059,Berlin,2,2020,12,3,1,3,5,2,2,0,1,0,0,0,0,0,"13,38226078","52,48499784"
25195,146061,Berlin,7,2020,12,7,4,3,6,2,1,0,1,1,0,0,0,1,"13,37794126","52,46644169"
25196,146062,Berlin,12,2020,12,17,3,3,5,3,2,0,1,0,0,0,0,1,"13,31091476","52,61301792"
25197,146065,Berlin,1,2020,12,14,3,3,5,3,0,0,1,0,0,0,1,0,"13,41964879","52,50609051"
25198,146068,Berlin,1,2020,12,16,3,3,6,2,2,0,1,1,0,0,0,1,"13,39181741","52,51057"
25199,146070,Berlin,1,2020,12,14,4,3,2,2,0,0,1,0,0,1,0,0,"13,38671399","52,5592837"
25200,219249,Berlin,3,2021,11,18,2,3,0,3,2,0,1,0,1,0,0,1,"13,42689483","52,53393955"
25201,219248,Berlin,7,2021,12,19,7,3,6,2,2,0,1,1,0,0,0,1,"13,39209027","52,43995086"
25202,219247,Berlin,4,2021,12,17,4,3,5,2,2,0,1,0,0,0,0,0,"13,32624193","52,53802784"
25203,219246,Berlin,4,2021,12,15,7,3,5,2,1,0,1,0,1,0,0,1,"13,31652064","52,49953417"
25204,219243,Berlin,11,2021,12,9,5,3,3,6,0,0,1,0,0,0,1,2,"13,52575163","52,49386714"
25205,219241,Berlin,1,2021,12,22,5,3,1,5,2,0,1,0,0,0,0,1,"13,37353829","52,53096213"
25206,219240,Berlin,10,2021,12,5,1,3,1,5,2,0,1,0,0,0,0,2,"13,60523023","52,53584537"
25207,219239,Berlin,7,2021,12,20,7,2,5,7,2,0,1,0,0,0,0,2,"13,34961395","52,48943851"
25208,219238,Berlin,1,2021,11,22,3,3,2,6,2,0,1,0,0,0,0,1,"13,38378941","52,55124558"
25209,219237,Berlin,2,2021,12,7,2,3,6,4,2,0,1,1,0,0,0,0,"13,38345801","52,49378526"
25210,219235,Berlin,11,2021,12,19,3,3,2,2,2,0,1,0,0,0,0,1,"13,51520192","52,56713943"
25211,219233,Berlin,7,2021,12,13,7,3,3,6,0,0,1,0,1,0,0,1,"13,36775616","52,49334102"
25212,219230,Berlin,7,2021,12,10,3,3,6,7,0,0,0,1,0,0,1,0,"13,34496711","52,49113688"
25213,219229,Berlin,7,2021,12,19,4,3,6,2,2,0,1,1,0,0,0,0,"13,34076867","52,49993372"
25214,219228,Berlin,1,2021,12,19,4,3,5,7,2,0,1,0,0,0,0,0,"13,37680527","52,50951959"
25215,219226,Berlin,7,2021,12,18,5,3,6,7,2,0,0,1,0,0,1,0,"13,3283651","52,46621546"
25216,219225,Berlin,6,2021,12,7,5,3,6,2,2,0,1,1,0,0,0,0,"13,26178321","52,4417447"
25217,219223,Berlin,6,2021,11,15,2,3,5,3,1,0,1,0,0,0,1,1,"13,24116591","52,43849547"
25218,219221,Berlin,4,2021,12,18,4,3,5,2,1,1,1,0,0,0,0,0,"13,30791309","52,48845278"
25219,219220,Berlin,9,2021,12,21,4,2,8,1,2,0,1,0,0,0,0,0,"13,4619448","52,454468"
25220,219219,Berlin,7,2021,12,17,2,3,5,2,2,0,1,0,1,0,0,1,"13,34366241","52,47121631"
25221,219217,Berlin,4,2021,12,17,7,3,6,4,2,0,0,1,0,0,1,0,"13,33266585","52,5063255"
25222,219216,Berlin,1,2021,11,18,3,3,0,6,2,0,1,0,1,0,0,1,"13,3492624","52,51506335"
25223,219215,Berlin,9,2021,12,11,2,2,6,2,0,0,1,1,0,0,0,0,"13,55057965","52,42904384"
25224,219214,Berlin,1,2021,12,9,2,3,0,5,0,1,1,0,0,0,0,1,"13,37669957","52,50827479"
25225,219213,Berlin,3,2021,12,18,2,3,6,4,2,0,1,1,0,0,0,1,"13,4384967","52,5524347"
25226,219211,Berlin,8,2021,12,19,4,3,2,6,2,0,1,0,0,0,0,0,"13,43148363","52,46721899"
25227,219209,Berlin,11,2021,12,13,5,3,5,3,0,0,1,0,0,0,0,1,"13,4971528","52,50790264"
25228,219207,Berlin,8,2021,12,18,5,3,5,2,2,0,1,0,0,0,1,1,"13,45578997","52,43034887"
25229,219206,Berlin,10,2021,12,16,2,2,6,4,2,0,1,1,0,0,0,1,"13,59823297","52,52839961"
25230,219205,Berlin,12,2021,12,15,2,3,0,7,1,0,1,0,0,0,1,0,"13,35829309","52,60526073"
25231,219204,Berlin,12,2021,12,14,5,3,5,3,0,0,1,0,0,0,0,0,"13,32196238","52,57588428"
25232,219203,Berlin,2,2021,12,13,3,3,3,6,0,0,1,0,0,0,1,0,"13,43092335","52,49777612"
25233,219201,Berlin,5,2021,12,10,5,3,0,3,0,0,1,0,1,0,0,0,"13,19477295","52,53430707"
25234,219200,Berlin,5,2021,12,11,6,3,5,2,0,0,1,0,0,0,0,0,"13,19451794","52,53370424"
25235,219198,Berlin,1,2021,12,8,6,3,2,6,0,0,1,0,0,0,0,2,"13,33042363","52,52385335"
25236,219195,Berlin,4,2021,12,17,2,3,6,4,2,0,1,1,0,0,0,0,"13,3333858","52,48598039"
25237,219194,Berlin,6,2021,12,9,3,2,1,5,0,0,1,0,0,0,0,0,"13,24111798","52,43200998"
25238,219193,Berlin,5,2021,12,18,4,3,5,2,2,1,1,0,0,0,0,0,"13,17922829","52,54864203"
25239,219192,Berlin,12,2021,12,21,2,3,5,3,2,0,1,0,0,0,0,1,"13,33996856","52,58816769"
25240,219190,Berlin,1,2021,12,12,6,3,1,5,0,1,1,0,0,0,0,0,"13,40872126","52,52639286"
25241,219189,Berlin,3,2021,12,17,5,2,5,3,2,1,1,0,0,0,0,0,"13,44403463","52,53383903"
25242,219188,Berlin,7,2021,12,18,3,3,5,2,2,1,1,0,0,0,0,0,"13,32854151","52,46490792"
25243,219186,Berlin,6,2021,12,7,4,3,2,6,2,0,1,0,0,0,0,1,"13,35169293","52,43355284"
25244,219185,Berlin,8,2021,12,18,6,3,5,2,2,0,1,0,1,0,0,0,"13,43664219","52,42367063"
25245,219183,Berlin,8,2021,12,17,7,3,2,1,2,0,1,0,0,0,0,2,"13,42571004","52,4787843"
25246,219180,Berlin,5,2021,12,16,3,3,0,1,2,1,0,0,0,0,0,0,"13,20053294","52,53665496"
25247,219179,Berlin,9,2021,12,8,4,3,1,1,1,0,1,0,0,0,0,1,"13,58889101","52,45551823"
25248,219178,Berlin,9,2021,12,17,3,3,6,4,2,0,1,1,0,0,0,0,"13,53851982","52,42013462"
25249,219177,Berlin,6,2021,12,14,6,3,2,6,0,0,1,0,0,0,0,0,"13,32225692","52,45655345"
25250,219175,Berlin,3,2021,12,14,5,2,6,4,0,1,0,1,0,0,0,0,"13,47948842","52,55588825"
25251,219174,Berlin,1,2021,12,16,1,3,2,6,2,0,1,0,0,0,0,1,"13,37813184","52,54178429"
25252,219172,Berlin,1,2021,11,20,3,2,6,2,2,0,0,1,0,0,1,1,"13,34525341","52,53918465"
25253,219170,Berlin,8,2021,12,11,3,3,6,2,0,0,1,1,0,0,0,2,"13,4416576","52,46964673"
25254,219169,Berlin,11,2021,12,16,2,3,5,3,1,1,1,0,0,0,0,1,"13,4865488","52,5520336"
25255,219168,Berlin,2,2021,12,11,1,3,2,6,0,0,1,0,0,0,0,0,"13,41780063","52,49885518"
25256,219167,Berlin,11,2021,12,12,5,3,1,5,0,1,1,0,0,0,0,0,"13,5301684","52,49432263"
25257,219166,Berlin,8,2021,12,0,3,3,3,6,2,0,1,0,0,1,0,1,"13,44815509","52,46472947"
25258,219164,Berlin,12,2021,12,13,7,3,0,7,0,0,1,0,0,0,1,1,"13,344169","52,6136691"
25259,219163,Berlin,6,2021,11,15,3,3,5,3,0,1,1,0,0,0,0,1,"13,33468927","52,41726546"
25260,219162,Berlin,10,2021,12,5,2,3,6,2,2,0,1,1,0,0,0,1,"13,5516257","52,5543062"
25261,219161,Berlin,2,2021,12,16,2,3,6,4,2,0,1,1,0,0,0,1,"13,42870657","52,49394608"
25262,219159,Berlin,1,2021,12,15,3,3,2,1,0,0,1,0,0,0,0,1,"13,34977341","52,50318662"
25263,219157,Berlin,6,2021,12,23,5,3,1,6,2,0,1,0,0,0,0,1,"13,26843715","52,43070585"
25264,219154,Berlin,6,2021,12,11,2,2,2,6,0,0,1,0,0,0,0,1,"13,2489789","52,41909731"
25265,219153,Berlin,1,2021,12,22,3,2,5,3,2,0,1,0,1,0,0,1,"13,39034694","52,50775837"
25266,219152,Berlin,8,2021,12,7,4,2,6,2,2,0,1,1,0,0,0,1,"13,44818781","52,47762415"
25267,219151,Berlin,9,2021,12,18,2,3,2,6,2,1,1,0,0,0,0,0,"13,54559048","52,43699986"
25268,219149,Berlin,9,2021,12,7,5,3,1,5,1,0,1,0,0,0,1,1,"13,48641003","52,45962671"
25269,219148,Berlin,1,2021,12,15,5,3,0,2,0,1,0,0,0,0,1,0,"13,3876178","52,53337631"
25270,219146,Berlin,10,2021,12,8,6,3,5,3,0,0,1,0,0,0,0,2,"13,56195362","52,56652227"
25271,219143,Berlin,1,2021,12,19,3,3,5,2,2,0,1,0,0,0,0,0,"13,41177151","52,52396602"
25272,219142,Berlin,11,2021,12,8,5,3,5,7,1,0,1,0,0,0,1,0,"13,47775586","52,53079698"
25273,219141,Berlin,8,2021,12,6,2,3,5,2,2,0,1,0,0,0,0,1,"13,47106376","52,46606634"
25274,219140,Berlin,2,2021,12,9,4,3,6,2,0,0,1,1,0,0,0,0,"13,38240017","52,5043678"
25275,219139,Berlin,9,2021,12,14,2,3,2,6,0,0,1,0,0,0,1,1,"13,47258349","52,45440678"
25276,219137,Berlin,6,2021,12,14,5,3,6,4,0,0,1,1,0,0,0,0,"13,26676539","52,41211822"
25277,219136,Berlin,12,2021,12,11,7,3,6,2,0,0,1,1,0,0,0,0,"13,29463366","52,57612526"
25278,219134,Berlin,1,2021,11,19,2,3,2,6,1,0,1,0,0,0,0,1,"13,39768443","52,51536861"
25279,219133,Berlin,11,2021,12,18,1,3,5,2,2,0,1,0,0,0,0,1,"13,51147743","52,50433651"
25280,219132,Berlin,8,2021,12,19,4,3,5,3,2,0,1,0,0,0,1,1,"13,48093551","52,43815343"
25281,219130,Berlin,11,2021,12,8,6,2,2,2,1,1,0,0,0,0,1,1,"13,4961473","52,50021673"
25282,219129,Berlin,11,2021,12,16,2,3,6,4,2,0,1,1,0,0,0,1,"13,48593464","52,5209323"
25283,219128,Berlin,1,2021,12,14,6,3,2,6,0,1,1,0,0,0,0,0,"13,38720431","52,52653176"
25284,219125,Berlin,11,2021,12,18,6,3,6,2,2,0,1,1,0,0,0,1,"13,47827589","52,53097938"
25285,219124,Berlin,2,2021,12,1,7,3,5,3,2,0,1,0,0,0,0,1,"13,40449375","52,49516294"
25286,219123,Berlin,1,2021,12,22,7,3,2,6,2,0,1,0,0,0,1,0,"13,38538757","52,55734983"
25287,219122,Berlin,11,2021,11,9,3,3,5,7,0,0,1,0,0,0,1,1,"13,47100199","52,52308982"
25288,219121,Berlin,11,2021,12,16,2,3,6,7,2,1,0,1,0,0,0,0,"13,48328963","52,50047683"
25289,219120,Berlin,1,2021,12,9,1,3,6,4,0,0,0,1,0,0,1,2,"13,35034674","52,53239077"
25290,219118,Berlin,11,2021,11,7,3,2,3,6,2,0,0,0,1,0,1,1,"13,50936762","52,53495511"
25291,219116,Berlin,10,2021,12,10,3,3,2,7,0,0,0,0,0,0,1,0,"13,54613779","52,50524328"
25292,219115,Berlin,3,2021,12,12,1,2,0,7,0,0,1,0,0,0,0,1,"13,41530801","52,60499612"
25293,219114,Berlin,1,2021,12,20,5,3,8,1,2,0,1,0,0,0,0,2,"13,33223014","52,54585781"
25294,219111,Berlin,12,2021,12,17,6,3,0,4,2,0,0,1,0,0,1,1,"13,35592679","52,59819378"
25295,219110,Berlin,3,2021,12,16,6,3,5,2,1,1,1,0,0,0,0,0,"13,43649048","52,54846501"
25296,219109,Berlin,9,2021,12,13,7,3,6,4,0,0,1,1,0,0,0,0,"13,57406078","52,45686124"
25297,219108,Berlin,4,2021,12,18,4,2,5,2,2,0,1,0,0,0,0,0,"13,29750767","52,53458142"
25298,219107,Berlin,4,2021,12,14,2,3,6,7,0,0,1,1,0,0,0,0,"13,27028079","52,51078164"
25299,219105,Berlin,1,2021,12,12,4,3,5,2,0,1,1,0,0,0,0,1,"13,3413303","52,50519316"
25300,219104,Berlin,5,2021,12,11,7,3,2,6,0,0,1,0,0,0,0,1,"13,19595622","52,53695567"
25301,219102,Berlin,1,2021,12,14,5,3,5,3,0,0,0,0,0,0,1,2,"13,33777783","52,525187"
25302,219099,Berlin,2,2021,12,5,2,2,6,4,2,0,1,1,0,0,0,1,"13,42221822","52,50048862"
25303,219098,Berlin,1,2021,12,16,3,3,2,6,1,0,1,0,0,0,1,1,"13,35074302","52,51166314"
25304,219097,Berlin,2,2021,12,19,4,3,5,3,2,1,1,0,0,0,0,1,"13,46440441","52,50991559"
25305,219096,Berlin,6,2021,12,16,2,3,2,6,1,0,1,0,0,0,0,1,"13,35498438","52,42852319"
25306,219094,Berlin,2,2021,12,14,5,3,1,5,0,1,1,0,0,0,0,0,"13,38428038","52,4958187"
25307,219093,Berlin,2,2021,12,7,5,3,5,2,1,1,1,0,0,0,0,1,"13,4077683","52,48889641"
25308,219091,Berlin,2,2021,12,22,7,3,2,2,2,0,1,0,0,0,0,1,"13,44065024","52,5171527"
25309,219088,Berlin,7,2021,12,13,3,3,2,6,0,1,1,0,0,0,0,2,"13,36349874","52,47828799"
25310,219087,Berlin,8,2021,12,17,4,3,5,3,1,0,1,0,0,0,1,1,"13,49036022","52,42794209"
25311,219086,Berlin,1,2021,12,14,7,3,2,6,0,1,1,0,0,0,0,1,"13,35770887","52,50115514"
25312,219085,Berlin,11,2021,12,19,6,3,0,1,2,0,0,0,1,0,0,1,"13,48373716","52,5661524"
25313,219084,Berlin,4,2021,12,15,7,3,5,2,1,0,1,0,0,0,0,1,"13,31276605","52,48045524"
25314,219082,Berlin,1,2021,12,16,6,2,6,4,1,0,1,1,0,0,0,0,"13,35607778","52,55532798"
25315,219080,Berlin,3,2021,11,17,2,2,2,1,1,0,1,0,0,0,0,1,"13,45574569","52,5308907"
25316,219079,Berlin,10,2021,12,11,2,3,2,6,0,0,1,0,0,0,1,0,"13,59763953","52,5025639"
25317,219078,Berlin,1,2021,12,17,3,3,1,5,2,1,1,0,0,0,0,0,"13,36139663","52,50012696"
25318,219077,Berlin,9,2021,12,23,1,3,1,5,2,0,1,0,0,0,0,1,"13,57494331","52,46690759"
25319,219075,Berlin,4,2021,12,16,7,3,5,2,1,0,1,0,0,0,0,0,"13,32021327","52,48366392"
25320,219074,Berlin,6,2021,12,18,3,3,5,2,2,0,1,0,0,0,1,1,"13,34230935","52,45052458"
25321,219072,Berlin,10,2021,12,9,5,2,4,1,0,0,1,0,0,1,0,2,"13,52685607","52,53216223"
25322,219070,Berlin,11,2021,12,14,5,3,5,3,0,0,1,0,0,0,0,1,"13,51592723","52,50570196"
25323,219069,Berlin,3,2021,12,8,2,3,6,2,0,0,1,1,0,0,0,0,"13,43401815","52,54983167"
25324,219068,Berlin,9,2021,12,21,1,3,5,2,2,1,1,0,0,0,0,0,"13,48138962","52,46080819"
25325,219067,Berlin,1,2021,11,7,3,3,6,2,0,0,1,1,0,0,0,1,"13,34486166","52,53913834"
25326,219066,Berlin,2,2021,12,17,2,3,0,2,2,1,0,0,0,0,1,0,"13,43294346","52,51806404"
25327,219064,Berlin,11,2021,12,16,5,3,5,3,1,1,1,0,0,0,0,0,"13,47440847","52,50448"
25328,219062,Berlin,1,2021,12,19,7,3,6,2,2,0,1,1,0,0,0,0,"13,386403","52,55864843"
25329,219059,Berlin,9,2021,12,18,3,3,2,6,2,0,1,0,0,0,0,1,"13,47566899","52,45637597"
25330,219058,Berlin,1,2021,12,23,4,2,3,6,2,0,1,0,0,0,0,1,"13,39623921","52,53795755"
25331,219057,Berlin,3,2021,12,18,4,3,5,2,2,0,1,0,0,0,0,0,"13,40210555","52,60285746"
25332,219055,Berlin,12,2021,12,21,5,3,6,2,2,0,1,1,0,0,0,0,"13,36053212","52,5968058"
25333,219054,Berlin,8,2021,12,10,6,3,6,4,0,0,1,1,0,0,0,0,"13,42115794","52,49554755"
25334,219052,Berlin,2,2021,12,13,5,3,5,3,0,1,1,0,0,0,0,0,"13,4587347","52,52048014"
25335,219050,Berlin,4,2021,12,16,5,3,6,4,2,0,1,1,0,0,0,2,"13,33427807","52,49859044"
25336,219047,Berlin,1,2021,12,14,1,3,2,7,0,1,1,0,0,0,0,0,"13,3935253","52,51233654"
25337,219046,Berlin,4,2021,12,20,4,2,6,2,2,0,1,1,0,0,0,1,"13,3308363","52,48601886"
25338,219045,Berlin,10,2021,12,15,5,3,6,4,0,0,1,1,0,0,0,0,"13,584013","52,52420984"
25339,219044,Berlin,8,2021,12,10,3,3,6,2,0,0,1,1,0,0,0,0,"13,48995252","52,42013961"
25340,219042,Berlin,1,2021,12,7,5,2,6,4,1,0,0,1,0,0,1,0,"13,33403436","52,52354894"
25341,219041,Berlin,3,2021,12,19,5,3,1,5,2,1,1,0,0,0,0,1,"13,42349506","52,54316133"
25342,219039,Berlin,1,2021,12,17,7,3,5,2,1,0,1,0,0,0,0,0,"13,37860392","52,5447804"
25343,219037,Berlin,2,2021,12,21,3,3,5,2,2,0,1,0,1,0,0,0,"13,46687475","52,52016894"
25344,219036,Berlin,6,2021,12,19,4,3,6,2,2,0,1,1,0,0,0,1,"13,27780476","52,43192471"
25345,219035,Berlin,4,2021,12,16,6,3,5,3,2,0,1,0,0,0,0,1,"13,30764028","52,46823373"
25346,219033,Berlin,10,2021,12,13,6,3,5,3,0,1,1,0,0,0,0,0,"13,55827873","52,55399136"
25347,219032,Berlin,2,2021,11,14,2,3,2,6,0,0,1,0,0,0,0,0,"13,43944436","52,50237489"
25348,219031,Berlin,9,2021,12,23,7,3,0,4,2,0,0,1,0,0,1,1,"13,54274072","52,42387048"
25349,219030,Berlin,6,2021,12,17,4,3,2,6,2,0,1,0,0,0,0,0,"13,35238934","52,44088187"
25350,219029,Berlin,4,2021,12,16,2,3,5,2,2,1,1,0,0,0,0,1,"13,32314189","52,49109312"
25351,219027,Berlin,4,2021,12,7,3,3,5,7,2,0,1,0,1,0,0,1,"13,29781005","52,49162104"
25352,219026,Berlin,2,2021,12,21,5,3,5,3,2,1,1,0,0,0,0,1,"13,42486148","52,50202525"
25353,219024,Berlin,3,2021,12,12,5,2,2,1,0,0,1,0,0,0,0,1,"13,4302741","52,58879105"
25354,219023,Berlin,4,2021,12,14,2,3,0,7,0,1,1,0,0,0,0,0,"13,3206747","52,5018733"
25355,219022,Berlin,5,2021,12,17,2,3,3,6,2,0,1,0,0,0,1,2,"13,21699489","52,52698787"
25356,219021,Berlin,7,2021,12,18,4,3,1,5,2,1,1,0,0,0,0,1,"13,37351766","52,45552642"
25357,219020,Berlin,3,2021,12,19,2,3,0,1,2,1,0,0,0,0,0,0,"13,42028321","52,54841869"
25358,219018,Berlin,8,2021,12,17,3,3,6,7,1,0,1,1,0,0,0,1,"13,44627095","52,47108579"
25359,219016,Berlin,6,2021,12,15,6,3,5,2,1,1,1,0,0,0,0,1,"13,25779733","52,43461527"
25360,219013,Berlin,1,2021,12,8,2,3,2,6,0,0,1,0,0,0,0,1,"13,36169483","52,52408755"
25361,219012,Berlin,5,2021,12,5,4,3,5,2,2,0,1,0,0,0,1,1,"13,24708127","52,54413835"
25362,219011,Berlin,1,2021,12,12,7,3,6,6,0,1,0,1,0,0,0,1,"13,35797064","52,51696876"
25363,219010,Berlin,12,2021,12,23,4,3,6,2,2,0,1,1,0,0,0,0,"13,29953349","52,57918639"
25364,219008,Berlin,11,2021,12,18,5,3,6,2,2,0,1,1,0,0,0,0,"13,47362914","52,53578324"
25365,219007,Berlin,4,2021,12,13,5,2,0,1,0,0,0,0,1,0,0,1,"13,32098283","52,51303103"
25366,219005,Berlin,4,2021,11,9,2,3,2,2,0,0,1,0,0,0,0,1,"13,30661969","52,51749233"
25367,219003,Berlin,4,2021,12,16,4,3,0,7,2,0,1,0,0,0,1,0,"13,28107408","52,48054789"
25368,219002,Berlin,1,2021,12,20,4,3,2,6,2,0,1,0,0,0,0,1,"13,38730539","52,53361407"
25369,219001,Berlin,6,2021,12,18,2,3,6,4,2,0,1,1,0,0,0,1,"13,33942537","52,46027704"
25370,218999,Berlin,4,2021,12,17,6,3,0,1,2,0,0,0,1,0,0,0,"13,27431025","52,50806916"
25371,218998,Berlin,8,2021,11,8,3,3,5,3,0,0,1,0,0,0,0,1,"13,43251731","52,46938213"
25372,218997,Berlin,9,2021,12,15,2,3,5,3,0,1,1,0,0,0,0,0,"13,6244641","52,45051063"
25373,218996,Berlin,11,2021,12,18,2,3,2,2,1,0,1,0,0,0,1,1,"13,47976164","52,52489422"
25374,218993,Berlin,7,2021,11,16,2,2,6,4,2,0,1,1,0,0,0,1,"13,34802773","52,41483607"
25375,218991,Berlin,4,2021,12,11,3,3,5,2,0,1,1,0,0,0,0,0,"13,32009451","52,47165101"
25376,218990,Berlin,4,2021,12,20,5,3,2,6,2,1,1,0,0,0,0,1,"13,33479288","52,49941212"
25377,218988,Berlin,10,2021,12,0,7,3,3,6,2,0,1,0,0,0,0,1,"13,60717712","52,49028905"
25378,218987,Berlin,8,2021,11,12,3,3,5,7,0,0,1,0,0,0,0,1,"13,4480023","52,47749893"
25379,218986,Berlin,2,2021,12,8,2,3,0,1,0,1,0,0,0,0,0,2,"13,44116839","52,51819032"
25380,218985,Berlin,2,2021,12,12,2,3,2,6,0,0,1,0,0,0,0,1,"13,38451516","52,49653589"
25381,218983,Berlin,1,2021,12,17,3,3,6,2,2,0,1,1,0,0,0,1,"13,36986399","52,55985498"
25382,218982,Berlin,6,2021,12,18,4,2,5,3,2,0,1,0,0,0,0,0,"13,31535703","52,4164792"
25383,218980,Berlin,2,2021,12,0,5,3,5,2,2,0,1,0,0,0,0,0,"13,4065982","52,49836166"
25384,218979,Berlin,8,2021,12,15,2,3,2,7,1,0,1,0,0,0,0,0,"13,44001154","52,44785426"
25385,218978,Berlin,7,2021,12,14,7,3,2,2,0,0,1,0,0,0,0,0,"13,39277389","52,44754823"
25386,218977,Berlin,11,2021,12,18,4,3,2,6,2,0,1,0,0,0,0,1,"13,5245864","52,47828593"
25387,218976,Berlin,1,2021,12,15,3,3,5,2,0,1,1,0,0,0,0,0,"13,40561863","52,51415956"
25388,218974,Berlin,11,2021,12,19,5,3,6,4,2,0,1,1,0,0,0,0,"13,50485518","52,56339623"
25389,218972,Berlin,4,2021,12,12,6,3,0,1,0,0,0,0,1,0,0,2,"13,31418103","52,50804329"
25390,218969,Berlin,6,2021,12,17,3,3,2,6,2,0,1,0,0,0,0,0,"13,34343517","52,42786182"
25391,218968,Berlin,4,2021,12,16,7,3,3,6,1,0,1,0,0,0,0,1,"13,3322354","52,50105575"
25392,218967,Berlin,11,2021,12,12,4,3,5,2,0,1,1,0,0,0,0,1,"13,50158734","52,54896429"
25393,218966,Berlin,7,2021,12,18,3,3,3,6,0,0,1,0,0,1,0,0,"13,38571653","52,44556296"
25394,218964,Berlin,3,2021,12,11,6,3,5,2,0,0,1,0,0,0,0,0,"13,43278839","52,59582126"
25395,218963,Berlin,7,2021,12,18,1,3,5,2,2,0,1,0,0,0,0,1,"13,40103031","52,41456157"
25396,218961,Berlin,7,2021,11,18,3,3,2,6,2,0,1,0,0,1,0,1,"13,38140471","52,41079047"
25397,218959,Berlin,2,2021,12,14,3,3,6,2,0,0,1,1,0,0,0,0,"13,38802391","52,4929762"
25398,218958,Berlin,9,2021,12,3,1,3,0,7,2,0,1,0,0,0,0,2,"13,53952056","52,44896273"
25399,218957,Berlin,11,2021,12,14,5,2,6,4,0,0,0,1,0,0,1,0,"13,50387385","52,56424175"
25400,218956,Berlin,7,2021,12,16,6,3,5,2,2,0,1,0,1,0,0,0,"13,37213552","52,46977923"
25401,218953,Berlin,4,2021,12,11,6,3,2,2,0,0,1,0,0,0,0,1,"13,30642029","52,47699618"
25402,218952,Berlin,9,2021,12,9,6,3,3,6,0,1,1,0,0,0,0,1,"13,59604549","52,44376719"