,id,city,district,year,month,hour,weekday,injury_level,collision,movement,light_conditions,bicycle,car,pedestrian,motorbike,truck,other_vehicle,road_conditions,longitude,latitude
25403,218951,Berlin,12,2021,12,10,4,3,5,2,0,0,1,0,0,0,0,1,"13,35183421","52,57375464"
25404,218950,Berlin,8,2021,12,17,7,3,6,4,1,1,0,1,0,0,0,1,"13,43791625","52,44837392"
25405,218948,Berlin,2,2021,12,23,3,3,5,3,2,0,1,0,0,0,0,1,"13,39550025","52,49900531"
25406,218946,Berlin,3,2021,12,12,5,3,3,6,0,1,0,0,0,0,0,1,"13,40665644","52,55406253"
25407,218943,Berlin,4,2021,12,15,2,3,5,2,2,0,1,0,0,0,0,0,"13,28005592","52,51831441"
25408,218942,Berlin,10,2021,12,0,3,3,5,2,2,0,1,0,0,0,0,0,"13,58910456","52,51754415"
25409,218941,Berlin,4,2021,12,16,4,3,5,3,1,0,1,0,0,0,0,1,"13,31690614","52,50129975"
25410,218940,Berlin,6,2021,12,14,2,3,5,3,0,1,1,0,0,0,0,0,"13,14369614","52,39756849"
25411,218938,Berlin,1,2021,12,19,4,3,5,7,2,1,1,0,0,0,0,1,"13,40314693","52,52899714"
25412,218937,Berlin,5,2021,12,7,5,3,5,2,2,0,1,0,0,0,0,1,"13,18243909","52,53842276"
25413,218935,Berlin,11,2021,12,12,6,3,5,7,0,0,1,0,0,0,0,1,"13,49471718","52,55965952"
25414,218932,Berlin,1,2021,12,14,3,3,5,3,0,0,1,0,0,0,0,0,"13,4037886","52,52603213"
25415,218931,Berlin,6,2021,12,12,5,3,5,3,0,0,1,0,0,0,0,1,"13,36683956","52,43494404"
25416,218930,Berlin,4,2021,12,14,4,3,1,5,0,1,1,0,0,0,0,0,"13,27624817","52,51461338"
25417,218929,Berlin,5,2021,12,7,7,2,1,1,1,0,1,0,0,0,0,1,"13,20953484","52,53854176"
25418,218927,Berlin,10,2021,12,7,4,3,5,7,0,1,0,0,0,0,1,0,"13,58568851","52,52912098"
25419,218925,Berlin,4,2021,12,21,5,3,2,6,2,0,1,0,0,0,0,1,"13,3370146","52,50392529"
25420,218924,Berlin,11,2021,12,17,2,3,2,6,2,0,1,0,0,0,0,1,"13,45841796","52,52758647"
25421,218923,Berlin,8,2021,12,0,7,3,5,3,2,0,1,0,0,0,0,2,"13,43312661","52,45243365"
25422,218922,Berlin,11,2021,12,6,4,2,6,4,2,0,1,1,0,0,0,1,"13,51053177","52,56908191"
25423,218921,Berlin,4,2021,12,9,3,3,1,5,0,1,1,0,0,0,0,0,"13,30832325","52,49636544"
25424,218920,Berlin,1,2021,12,13,2,3,5,3,0,1,0,0,0,0,1,1,"13,35664123","52,53566567"
25425,218918,Berlin,7,2021,12,17,5,3,2,6,2,0,1,0,0,0,0,0,"13,39155018","52,46571973"
25426,218916,Berlin,5,2021,12,22,6,3,5,3,2,1,1,0,0,0,0,1,"13,20544905","52,53950932"
25427,218913,Berlin,9,2021,12,20,2,3,0,1,2,1,0,0,0,0,0,1,"13,57170627","52,4378023"
25428,218912,Berlin,6,2021,12,17,7,3,2,6,1,0,1,0,0,0,0,1,"13,35277452","52,43334401"
25429,218911,Berlin,3,2021,12,10,3,3,5,3,0,0,1,0,0,0,0,0,"13,4642109","52,52355107"
25430,218910,Berlin,5,2021,12,8,4,2,5,2,0,0,1,0,0,0,0,0,"13,22580616","52,55513503"
25431,218909,Berlin,1,2021,12,16,7,3,6,2,1,0,1,1,0,0,0,1,"13,33321436","52,56091056"
25432,218907,Berlin,8,2021,12,14,5,3,5,3,0,1,1,0,0,0,0,0,"13,43115172","52,48460068"
25433,218905,Berlin,4,2021,11,14,2,3,1,5,0,1,1,0,0,0,0,1,"13,31783007","52,47389584"
25434,218903,Berlin,1,2021,12,6,3,3,5,3,2,0,1,0,0,0,1,1,"13,39196012","52,50964191"
25435,218902,Berlin,3,2021,12,15,1,3,1,5,1,1,1,0,0,0,0,0,"13,47604856","52,54911976"
25436,218900,Berlin,1,2021,12,17,6,3,5,3,2,0,1,0,0,0,0,1,"13,39143965","52,55031033"
25437,218899,Berlin,7,2021,12,13,3,3,5,2,0,1,0,0,0,0,1,1,"13,35763943","52,48668166"
25438,218896,Berlin,5,2021,12,18,6,3,6,4,2,0,1,1,0,0,0,1,"13,19819687","52,53303395"
25439,218895,Berlin,6,2021,12,19,1,3,1,5,2,0,1,0,0,0,0,1,"13,3024551","52,42512168"
25440,218894,Berlin,7,2021,12,19,1,3,6,2,2,0,1,1,0,0,0,0,"13,35030304","52,41440182"
25441,218893,Berlin,1,2021,11,22,3,3,6,4,2,0,0,1,0,0,1,1,"13,38417318","52,55479786"
25442,218892,Berlin,9,2021,12,10,2,3,5,2,0,1,1,0,0,0,0,0,"13,50270483","52,47009671"
25443,218890,Berlin,12,2021,12,8,5,3,6,2,0,0,0,1,0,0,1,1,"13,36053001","52,5968209"
25444,218888,Berlin,10,2021,12,5,5,3,3,6,2,0,1,0,0,0,1,0,"13,52998839","52,53803281"
25445,218885,Berlin,7,2021,12,16,1,3,6,2,2,0,1,1,0,0,0,1,"13,37259307","52,42180841"
25446,218884,Berlin,6,2021,12,20,3,3,1,7,2,0,1,0,0,0,0,1,"13,30226885","52,45721334"
25447,218883,Berlin,4,2021,12,13,7,3,5,2,0,0,1,0,0,0,0,1,"13,29671589","52,54806585"
25448,218882,Berlin,1,2021,12,8,5,3,1,5,0,1,1,0,0,0,0,0,"13,38066213","52,53249437"
25449,218881,Berlin,1,2021,12,6,4,3,5,3,2,1,0,0,0,0,1,2,"13,35158885","52,52702046"
25450,218879,Berlin,8,2021,12,17,5,3,2,2,2,0,1,0,0,0,1,0,"13,47264494","52,46115329"
25451,218878,Berlin,4,2021,12,9,5,3,2,2,0,0,1,0,0,0,0,1,"13,24680383","52,51381783"
25452,218876,Berlin,1,2021,12,16,6,3,6,2,1,0,1,1,0,0,0,1,"13,35069439","52,53240497"
25453,218873,Berlin,1,2021,12,11,2,3,5,2,0,1,1,0,0,0,0,0,"13,38149942","52,51509311"
25454,218872,Berlin,10,2021,12,16,4,3,6,4,1,0,1,1,0,0,0,1,"13,59296027","52,51841804"
25455,218871,Berlin,8,2021,12,16,2,3,3,6,1,0,1,0,0,1,0,1,"13,44063496","52,48152322"
25456,218870,Berlin,2,2021,12,23,4,2,1,5,2,0,1,0,0,0,1,0,"13,45625893","52,52098829"
25457,218868,Berlin,1,2021,12,17,6,2,5,5,2,0,1,0,0,0,0,0,"13,37698001","52,5573166"
25458,218866,Berlin,4,2021,11,10,2,3,5,2,0,0,1,0,0,0,0,0,"13,27817856","52,51849006"
25459,218865,Berlin,9,2021,12,23,1,3,5,3,2,0,1,0,0,0,1,1,"13,57666942","52,42225815"
25460,218864,Berlin,3,2021,12,8,4,3,0,5,0,1,1,0,0,0,0,0,"13,4186537","52,56880549"
25461,218863,Berlin,1,2021,12,20,7,3,6,4,2,0,0,1,0,0,1,1,"13,34082403","52,52630305"
25462,218861,Berlin,1,2021,12,15,2,3,5,3,0,1,1,0,0,0,0,1,"13,33412993","52,55724691"
25463,218860,Berlin,12,2021,12,12,4,3,1,5,0,0,1,0,0,0,1,0,"13,35080935","52,56843976"
25464,218859,Berlin,1,2021,12,15,7,3,0,1,1,1,0,0,0,0,0,1,"13,4019915","52,52364536"
25465,218857,Berlin,10,2021,12,12,5,3,5,2,0,0,1,0,0,0,0,0,"13,58328113","52,52373193"
25466,218855,Berlin,3,2021,11,9,2,3,5,3,0,0,1,0,0,0,1,1,"13,41842277","52,53665953"
25467,218854,Berlin,12,2021,12,19,1,3,6,4,2,0,1,1,0,0,0,1,"13,33627696","52,59554936"
25468,218853,Berlin,2,2021,12,16,4,3,5,2,2,1,1,0,0,0,0,0,"13,38408398","52,49521875"
25469,218851,Berlin,7,2021,12,16,6,3,6,2,2,0,1,1,0,0,0,1,"13,34570532","52,49424853"
25470,218850,Berlin,10,2021,12,18,3,2,6,2,2,0,1,1,0,0,0,1,"13,57459431","52,55529761"
25471,218847,Berlin,1,2021,12,22,6,2,0,1,2,0,1,0,0,1,0,1,"13,36387724","52,55681625"
25472,218846,Berlin,4,2021,12,9,6,3,5,2,0,0,1,0,0,0,0,0,"13,32623697","52,53803842"
25473,218845,Berlin,7,2021,12,13,2,3,6,7,0,0,0,1,0,0,1,1,"13,38059476","52,48341059"
25474,218844,Berlin,4,2021,11,11,3,3,5,3,0,0,1,0,0,0,1,1,"13,26175953","52,51050792"
25475,218843,Berlin,5,2021,12,13,2,3,6,7,0,0,1,1,0,0,0,0,"13,18291028","52,54793771"
25476,218841,Berlin,6,2021,12,13,4,3,5,7,0,1,0,0,0,0,1,0,"13,31558307","52,44330574"
25477,218839,Berlin,1,2021,12,12,4,3,5,3,0,1,1,0,0,0,0,0,"13,4037139","52,50823998"
25478,218836,Berlin,5,2021,12,8,2,3,2,6,0,0,1,0,1,0,0,0,"13,19429344","52,53569237"
25479,218835,Berlin,1,2021,12,23,4,3,1,5,2,1,1,0,0,0,0,1,"13,40061328","52,54107529"
25480,218834,Berlin,6,2021,12,15,7,3,6,7,0,0,1,1,0,0,0,1,"13,32430681","52,46179723"
25481,218833,Berlin,1,2021,12,12,4,3,2,6,0,0,1,0,0,0,0,0,"13,35159799","52,50521482"
25482,218831,Berlin,2,2021,12,14,5,3,3,6,0,1,1,0,0,0,0,1,"13,47224289","52,50826935"
25483,218830,Berlin,1,2021,12,6,6,3,2,2,2,0,1,0,0,0,0,0,"13,41646091","52,51098784"
25484,218828,Berlin,6,2021,11,12,2,3,1,1,0,0,1,0,0,0,1,1,"13,35533803","52,45233594"
25485,218826,Berlin,9,2021,12,13,3,2,6,7,0,1,0,1,0,0,0,0,"13,53464084","52,45243946"
25486,218825,Berlin,1,2021,12,15,5,3,6,2,2,0,1,1,0,0,0,1,"13,35894465","52,54634556"
25487,218824,Berlin,6,2021,12,16,6,3,6,7,2,0,1,1,0,0,0,1,"13,32237021","52,45625263"
25488,218822,Berlin,8,2021,12,16,6,3,0,2,2,0,1,0,0,0,1,0,"13,45349107","52,42942265"
25489,218821,Berlin,5,2021,12,18,4,3,5,2,2,0,1,0,0,0,1,1,"13,19454104","52,54569884"
25490,218820,Berlin,3,2021,12,15,1,3,2,6,1,0,1,0,0,0,0,1,"13,40667483","52,55433414"
25491,218819,Berlin,2,2021,12,18,2,3,0,6,2,0,1,0,1,0,0,1,"13,40830631","52,50433162"
25492,218817,Berlin,6,2021,12,16,3,3,1,5,1,1,1,0,0,0,0,1,"13,32177882","52,43347564"
25493,218815,Berlin,1,2021,12,21,5,3,0,7,2,0,0,0,0,0,1,0,"13,3535667","52,53675692"
25494,218813,Berlin,5,2021,12,10,5,3,5,3,0,1,1,0,0,0,0,1,"13,12546826","52,45361618"
25495,218812,Berlin,12,2021,12,10,2,3,5,3,0,0,1,0,0,0,0,1,"13,35399433","52,59234772"
25496,218811,Berlin,1,2021,12,7,2,3,6,2,1,0,1,1,0,0,0,1,"13,38168604","52,55235831"
25497,218810,Berlin,12,2021,12,17,5,3,5,2,2,0,1,0,0,0,0,0,"13,35108515","52,5674797"
25498,218809,Berlin,5,2021,12,18,3,3,2,6,2,0,1,0,0,0,0,0,"13,13734726","52,52545703"
25499,218807,Berlin,7,2021,12,14,4,3,2,2,0,0,1,0,0,0,0,0,"13,35580024","52,49692243"
25500,218805,Berlin,5,2021,12,17,7,3,2,6,1,0,1,0,0,0,0,0,"13,1572011","52,53313198"
25501,218802,Berlin,3,2021,12,10,3,1,3,6,0,1,0,0,0,1,0,1,"13,42507767","52,5281482"
25502,218801,Berlin,10,2021,12,13,4,2,6,4,0,0,1,1,0,0,0,1,"13,57964629","52,5673496"
25503,218799,Berlin,7,2021,12,19,4,3,5,3,2,0,1,0,0,0,0,0,"13,38215284","52,43602429"
25504,218797,Berlin,12,2021,12,11,6,3,5,2,0,0,1,0,0,0,0,0,"13,28250015","52,59088742"
25505,218796,Berlin,11,2021,12,23,1,2,8,1,2,0,1,0,0,0,0,1,"13,4861008","52,49664695"
25506,218795,Berlin,5,2021,12,22,6,2,6,4,2,0,1,1,0,0,0,1,"13,16248451","52,52189405"
25507,218794,Berlin,1,2021,12,7,4,3,6,4,1,0,1,1,0,0,0,1,"13,32825336","52,53292604"
25508,218793,Berlin,7,2021,12,15,3,2,0,6,0,0,1,0,0,0,1,0,"13,32978622","52,46636423"
25509,218791,Berlin,5,2021,12,12,3,3,6,4,0,0,1,1,0,0,0,0,"13,18784882","52,53430259"
25510,218789,Berlin,4,2021,12,23,7,3,5,2,2,0,1,0,0,0,0,0,"13,31683989","52,50128991"
25511,218786,Berlin,1,2021,12,6,3,3,2,2,2,0,1,0,0,0,0,0,"13,39598543","52,53826009"
25512,218785,Berlin,2,2021,12,23,3,3,0,1,2,0,0,0,1,0,0,2,"13,40559029","52,48554722"
25513,218784,Berlin,2,2021,12,20,3,3,4,6,2,1,1,0,0,0,0,0,"13,43259573","52,52381837"
25514,218783,Berlin,12,2021,12,14,2,3,2,6,0,0,1,0,0,1,0,1,"13,32816514","52,56456166"
25515,218782,Berlin,2,2021,12,13,6,2,0,1,0,1,1,0,0,0,0,0,"13,42127491","52,49308586"
25516,218780,Berlin,8,2021,12,21,5,3,3,6,2,1,0,0,0,0,1,0,"13,43637251","52,48345923"
25517,218779,Berlin,11,2021,12,18,5,3,3,6,2,0,1,0,0,0,1,0,"13,47670696","52,53315575"
25518,218777,Berlin,1,2021,11,17,2,3,1,5,2,0,1,0,0,0,0,1,"13,33677877","52,5554894"
25519,218775,Berlin,4,2021,12,7,4,3,2,6,0,0,1,0,0,0,0,0,"13,29410394","52,53420445"
25520,218774,Berlin,1,2021,12,8,5,3,6,2,0,0,1,1,0,0,0,1,"13,42122764","52,50986843"
25521,218772,Berlin,5,2021,12,2,7,3,5,2,2,0,1,0,0,0,0,1,"13,18476197","52,54751179"
25522,218771,Berlin,11,2021,11,5,3,3,6,2,2,0,1,1,0,0,0,1,"13,50342264","52,50971262"
25523,218770,Berlin,1,2021,12,18,7,2,2,1,2,0,1,0,0,0,1,1,"13,38265749","52,55615955"
25524,218769,Berlin,6,2021,12,14,2,3,5,3,0,0,1,0,0,0,0,0,"13,31491702","52,43048991"
25525,218767,Berlin,3,2021,12,17,4,2,5,2,2,0,1,0,0,0,0,0,"13,44954936","52,5371906"
25526,218765,Berlin,9,2021,12,9,4,3,3,6,0,0,1,0,0,0,1,0,"13,58170469","52,44103731"
25527,218763,Berlin,11,2021,12,17,5,3,5,2,2,0,1,0,1,0,0,1,"13,48734506","52,50136598"
25528,218762,Berlin,1,2021,12,7,2,3,2,6,1,0,1,0,0,0,0,1,"13,35870252","52,55373507"
25529,218761,Berlin,5,2021,12,3,7,2,5,7,2,0,1,0,0,0,1,2,"13,20648957","52,54328567"
25530,218760,Berlin,2,2021,12,20,4,3,5,7,2,1,1,0,0,0,0,1,"13,4603846","52,50889675"
25531,218759,Berlin,3,2021,12,5,3,3,5,2,1,0,1,0,0,0,1,0,"13,38023233","52,5749532"
25532,218757,Berlin,10,2021,12,17,5,2,9,1,2,0,0,0,1,0,0,1,"13,51918423","52,53157929"
25533,218755,Berlin,2,2021,12,14,6,3,5,3,0,0,1,0,0,0,0,1,"13,44044866","52,4966704"
25534,218752,Berlin,9,2021,12,17,2,3,1,5,2,1,1,0,0,0,0,0,"13,57783394","52,45680071"
25535,218751,Berlin,3,2021,12,17,3,3,5,3,2,1,1,0,0,0,0,1,"13,44225232","52,54679393"
25536,218750,Berlin,9,2021,12,16,4,3,2,2,2,0,1,0,0,0,0,0,"13,58226378","52,44255516"
25537,218748,Berlin,12,2021,12,16,5,3,2,2,2,0,1,0,0,0,0,0,"13,31231014","52,60453689"
25538,218747,Berlin,2,2021,12,5,1,3,5,3,2,0,1,0,0,0,0,1,"13,40197659","52,492472"
25539,218745,Berlin,9,2021,11,14,3,3,6,4,0,0,0,1,0,0,1,1,"13,53407828","52,43141756"
25540,218743,Berlin,12,2021,12,7,4,3,2,6,1,0,1,0,0,0,0,0,"13,3391524","52,59733433"
25541,218742,Berlin,11,2021,12,19,1,3,2,6,2,0,1,0,0,0,0,1,"13,51952676","52,50648211"
25542,218741,Berlin,1,2021,12,19,5,3,2,1,2,0,1,0,0,0,0,2,"13,33780641","52,55858678"
25543,218740,Berlin,7,2021,12,12,3,3,2,6,0,0,1,0,0,0,0,0,"13,34780692","52,4668176"
25544,218737,Berlin,3,2021,12,5,5,3,8,1,2,0,0,0,1,0,0,1,"13,46417028","52,56666028"
25545,218736,Berlin,4,2021,12,14,1,3,1,7,0,0,1,0,0,0,0,1,"13,30700856","52,52327792"
25546,218735,Berlin,10,2021,12,19,1,3,5,2,2,0,1,0,0,0,1,0,"13,58703309","52,54925586"
25547,218734,Berlin,7,2021,12,17,4,3,6,2,2,0,1,1,0,0,0,1,"13,40639647","52,39376273"
25548,218732,Berlin,1,2021,12,6,6,3,6,4,2,0,1,1,0,0,0,0,"13,37944605","52,55610619"
25549,218731,Berlin,1,2021,12,7,5,3,0,6,2,0,1,0,1,0,0,1,"13,41714373","52,52191317"
25550,218729,Berlin,4,2021,11,16,2,3,6,4,2,0,1,1,0,0,0,1,"13,3142922","52,50779892"
25551,218727,Berlin,1,2021,12,7,3,3,0,7,0,0,1,0,1,1,0,1,"13,34549035","52,52631312"
25552,218726,Berlin,2,2021,12,20,5,3,2,1,2,0,1,0,0,0,0,2,"13,42845664","52,51919899"
25553,218725,Berlin,6,2021,12,6,3,3,5,3,1,0,1,0,0,0,0,0,"13,30981664","52,43133264"
25554,218724,Berlin,5,2021,12,14,6,3,0,1,0,0,0,0,1,0,0,0,"13,26241737","52,54842579"
25555,218721,Berlin,3,2021,12,8,7,2,5,3,0,1,0,0,0,0,0,0,"13,3940032","52,59163818"
25556,218720,Berlin,11,2021,11,5,3,3,6,2,2,0,1,1,0,0,0,1,"13,52084779","52,56854309"
25557,218719,Berlin,1,2021,12,16,1,2,6,4,2,0,1,1,0,0,0,1,"13,38883497","52,55011119"
25558,218718,Berlin,10,2021,12,19,2,3,6,2,2,0,1,1,0,0,0,1,"13,58701779","52,52360471"
25559,218716,Berlin,6,2021,12,15,4,3,5,7,1,0,1,0,0,0,0,0,"13,27487853","52,46043587"
25560,218715,Berlin,8,2021,12,17,6,3,2,4,2,1,1,1,0,0,0,0,"13,42959607","52,48135183"
25561,218713,Berlin,3,2021,12,8,5,3,4,6,0,0,1,0,0,0,1,2,"13,41969604","52,59110471"
25562,218711,Berlin,5,2021,12,17,5,3,6,4,1,0,1,1,0,0,0,1,"13,19900173","52,53486787"
25563,218710,Berlin,7,2021,12,15,2,3,6,4,0,0,1,1,0,0,0,0,"13,4158648","52,45940996"
25564,218709,Berlin,11,2021,12,20,1,3,2,6,2,0,1,0,0,0,1,2,"13,4989711","52,56829016"
25565,218708,Berlin,1,2021,12,21,4,3,6,7,2,0,1,1,0,0,0,1,"13,38995614","52,55527181"
25566,218707,Berlin,10,2021,12,11,3,3,5,3,0,0,1,0,0,0,0,0,"13,62322031","52,53496789"
25567,218705,Berlin,4,2021,12,11,5,3,5,3,0,1,0,0,0,0,1,0,"13,30223816","52,54789185"
25568,218704,Berlin,1,2021,12,19,5,3,5,2,2,1,1,0,0,0,0,0,"13,39902001","52,53908174"
25569,218703,Berlin,4,2021,12,19,6,2,5,3,2,1,1,0,0,0,0,0,"13,30056107","52,50315602"
25570,218701,Berlin,9,2021,12,22,6,2,0,1,2,0,1,0,0,0,0,2,"13,64888233","52,40172462"
25571,218698,Berlin,9,2021,12,17,3,3,4,3,2,0,1,0,0,0,0,0,"13,53945031","52,40318809"
25572,218697,Berlin,1,2021,12,20,5,3,5,7,2,1,1,0,0,0,0,1,"13,39547438","52,52893898"
25573,218696,Berlin,4,2021,12,7,4,3,1,5,0,1,0,0,0,0,1,0,"13,31378039","52,47642556"
25574,218694,Berlin,1,2021,12,18,5,3,3,2,2,1,1,0,0,0,0,0,"13,37689139","52,51776014"
25575,218693,Berlin,5,2021,12,0,1,3,6,4,2,0,1,1,0,0,0,0,"13,19960463","52,53445739"
25576,218691,Berlin,7,2021,11,20,2,3,6,4,2,0,0,1,0,0,1,0,"13,38063723","52,48226185"
25577,218690,Berlin,5,2021,12,16,1,3,6,4,2,0,1,1,0,0,0,1,"13,20387243","52,54515399"
25578,218689,Berlin,10,2021,12,14,4,3,5,3,0,0,1,0,0,0,0,0,"13,5215949","52,52574526"
25579,218688,Berlin,1,2021,12,21,1,3,6,4,2,0,0,1,0,0,1,1,"13,38656389","52,52370593"
25580,218686,Berlin,5,2021,12,16,6,2,6,4,2,0,1,1,0,0,0,1,"13,18049088","52,55292715"
25581,218685,Berlin,4,2021,12,14,3,3,6,2,1,0,1,1,0,0,0,1,"13,28333287","52,51866735"
25582,218682,Berlin,3,2021,12,16,6,3,1,5,1,1,1,0,0,0,0,1,"13,40898608","52,53512985"
25583,218681,Berlin,7,2021,12,16,6,3,8,1,1,0,0,0,0,0,1,2,"13,35452865","52,49721121"
25584,218680,Berlin,4,2021,12,9,2,3,0,3,0,1,0,0,0,0,1,2,"13,29737556","52,51060047"
25585,218679,Berlin,12,2021,11,7,3,2,6,4,1,0,1,1,0,0,0,1,"13,32495477","52,5886721"
25586,218678,Berlin,6,2021,12,19,2,3,6,2,2,0,1,1,0,0,0,0,"13,26652813","52,43059086"
25587,218676,Berlin,1,2021,12,15,3,3,0,2,1,0,1,0,0,0,1,1,"13,4094782","52,52881493"
25588,218675,Berlin,8,2021,12,10,7,3,5,7,0,0,1,0,0,0,0,1,"13,43574555","52,45264855"
25589,218673,Berlin,5,2021,12,16,5,3,6,2,1,0,1,1,0,0,0,1,"13,19816983","52,53282077"
25590,218670,Berlin,8,2021,12,8,1,3,5,3,0,1,0,0,0,0,1,1,"13,44934237","52,47412765"
25591,218669,Berlin,10,2021,12,18,4,2,5,3,2,0,1,0,0,0,0,1,"13,64083154","52,52808698"
25592,218668,Berlin,8,2021,12,13,5,3,0,4,0,0,1,1,0,0,1,0,"13,42141541","52,48036449"
25593,218667,Berlin,1,2021,12,16,4,3,2,6,2,0,1,0,0,0,0,0,"13,40525831","52,51443639"
25594,218666,Berlin,6,2021,11,8,3,2,5,2,0,1,0,0,0,1,0,1,"13,29200511","52,45451395"
25595,218665,Berlin,1,2021,12,21,7,3,5,7,2,0,1,0,1,0,0,1,"13,38151893","52,55223968"
25596,218663,Berlin,1,2021,12,8,4,3,5,3,0,0,1,0,0,0,0,0,"13,34841483","52,54286198"
25597,218662,Berlin,5,2021,12,10,7,3,6,2,0,0,1,1,0,0,0,1,"13,18554196","52,55157"
25598,218660,Berlin,4,2021,12,9,5,3,2,6,0,0,1,0,0,0,0,2,"13,30255371","52,48846141"
25599,218657,Berlin,6,2021,12,15,2,3,5,3,1,0,1,0,0,0,1,1,"13,31910985","52,45450146"
25600,218656,Berlin,4,2021,12,2,3,3,0,6,2,0,1,0,0,0,1,2,"13,32988972","52,51032466"
25601,218655,Berlin,4,2021,12,20,4,3,6,2,2,0,1,1,0,0,0,1,"13,33024391","52,51324344"
25602,218654,Berlin,12,2021,12,12,2,3,0,1,0,0,1,0,1,0,0,1,"13,32740138","52,57565899"
25603,218652,Berlin,6,2021,12,12,5,2,5,2,0,1,1,0,0,0,0,0,"13,27854121","52,42994806"
25604,218651,Berlin,11,2021,12,7,5,3,5,3,0,1,1,0,0,0,0,0,"13,46779069","52,54633364"
25605,218649,Berlin,12,2021,12,13,6,3,6,2,0,0,1,1,0,0,0,1,"13,28506416","52,57573195"
25606,218646,Berlin,1,2021,12,13,3,3,1,5,0,0,1,0,0,0,1,0,"13,36155827","52,50008068"
25607,218645,Berlin,9,2021,12,12,5,3,6,4,0,0,1,1,0,0,0,1,"13,52447222","52,40603115"
25608,218644,Berlin,7,2021,12,7,3,3,1,5,1,1,1,0,0,0,0,1,"13,40085093","52,38690776"
25609,218643,Berlin,5,2021,12,12,6,3,2,6,0,0,1,0,0,0,0,0,"13,20162753","52,53445885"
25610,218641,Berlin,3,2021,12,14,5,3,2,6,0,0,1,0,0,0,0,0,"13,45095422","52,53819143"
25611,218639,Berlin,10,2021,11,15,2,3,5,3,0,1,1,0,0,0,0,1,"13,57440999","52,51311761"
25612,218638,Berlin,4,2021,12,9,2,3,6,2,0,0,1,1,0,0,0,0,"13,32034547","52,48638491"
25613,218637,Berlin,7,2021,12,16,4,3,2,6,1,0,1,0,0,0,0,0,"13,34394332","52,47112885"
25614,218636,Berlin,2,2021,12,16,7,3,6,2,0,0,1,1,0,0,0,0,"13,40910342","52,50179348"
25615,218634,Berlin,3,2021,12,14,1,3,2,6,0,0,1,0,0,0,0,0,"13,41506086","52,55383427"
25616,218633,Berlin,10,2021,12,9,3,3,5,3,0,0,1,0,0,0,1,0,"13,54141523","52,53458443"
25617,218631,Berlin,6,2021,12,7,5,2,5,3,0,1,1,0,0,0,0,2,"13,22909101","52,42586787"
25618,218629,Berlin,4,2021,12,18,5,3,6,2,2,0,1,1,0,0,0,1,"13,33171559","52,50547089"
25619,218628,Berlin,6,2021,12,14,1,2,5,2,0,1,1,0,0,0,0,1,"13,27776985","52,43191556"
25620,218627,Berlin,2,2021,12,16,1,3,9,1,2,0,1,0,0,0,0,1,"13,44055239","52,51683879"
25621,218626,Berlin,1,2021,12,15,4,3,0,5,1,0,1,0,1,0,0,1,"13,41968493","52,5185203"
25622,218625,Berlin,1,2021,12,18,2,2,1,5,2,0,1,0,0,0,0,0,"13,3769668","52,55772243"
25623,218623,Berlin,2,2021,12,15,3,3,5,3,0,1,1,0,0,0,0,1,"13,42295865","52,48684089"
25624,218621,Berlin,1,2021,12,17,7,2,5,2,1,0,1,0,0,0,0,2,"13,39603266","52,53824111"
25625,218618,Berlin,10,2021,12,12,3,3,5,2,0,1,1,0,0,0,0,1,"13,59176221","52,54497586"
25626,218617,Berlin,7,2021,12,11,3,3,5,7,0,0,1,0,0,0,0,0,"13,37836314","52,46618849"
25627,218616,Berlin,10,2021,12,18,4,3,5,3,2,0,1,0,0,0,0,0,"13,5486519","52,55794221"
25628,218614,Berlin,5,2021,12,4,6,2,5,2,2,1,1,0,0,0,0,0,"13,23259903","52,53942847"
25629,218613,Berlin,8,2021,12,10,6,3,1,5,0,1,1,0,0,0,0,0,"13,44756486","52,47793213"
25630,218611,Berlin,6,2021,11,18,2,3,3,6,2,0,1,0,1,0,0,1,"13,32596088","52,42793218"
25631,218609,Berlin,5,2021,12,11,4,3,5,3,0,0,1,0,0,0,0,0,"13,19900579","52,55345452"
25632,218608,Berlin,8,2021,12,18,6,3,2,6,2,0,1,0,0,0,0,1,"13,43372691","52,48205059"
25633,218606,Berlin,3,2021,12,6,6,3,0,1,1,0,0,0,1,0,0,2,"13,48548027","52,62136015"
25634,218604,Berlin,1,2021,12,9,5,3,5,3,0,1,0,0,0,0,1,0,"13,36967575","52,53491083"
25635,218603,Berlin,7,2021,12,17,5,3,4,6,1,0,1,0,0,0,1,0,"13,39170641","52,46571415"