,id,city,district,year,month,hour,weekday,injury_level,collision,movement,light_conditions,bicycle,car,pedestrian,motorbike,truck,other_vehicle,road_conditions,longitude,latitude
25636,218601,Berlin,1,2021,12,12,7,3,0,1,0,0,0,0,1,0,0,1,"13,38832085","52,51995172"
25637,218599,Berlin,6,2021,12,17,3,3,5,3,2,0,1,0,0,0,0,1,"13,31935109","52,4265516"
25638,218598,Berlin,6,2021,12,16,4,3,6,2,2,0,1,1,0,0,0,1,"13,36265897","52,43659251"
25639,218597,Berlin,8,2021,12,9,6,3,6,2,0,0,0,1,0,0,1,1,"13,49620299","52,4157517"
25640,218595,Berlin,1,2021,12,19,6,3,5,3,2,1,1,0,0,0,0,1,"13,39116386","52,55028939"
25641,218593,Berlin,1,2021,11,16,2,3,6,4,1,0,1,1,0,0,0,1,"13,42382724","52,51662243"
25642,218592,Berlin,4,2021,12,23,1,1,9,1,2,0,1,0,0,1,0,1,"13,30800605","52,48898078"
25643,218591,Berlin,10,2021,12,7,4,3,2,2,0,0,1,0,0,0,0,0,"13,51930631","52,52877791"
25644,218590,Berlin,11,2021,12,10,2,2,6,4,0,0,1,1,0,0,0,1,"13,46549424","52,53073876"
25645,218588,Berlin,4,2021,12,16,2,3,6,4,2,0,0,1,0,0,1,1,"13,32936923","52,50346903"
25646,218586,Berlin,6,2021,12,18,5,3,5,2,2,0,1,0,0,0,0,2,"13,32747132","52,4183584"
25647,218584,Berlin,9,2021,12,11,5,2,6,4,0,0,1,1,0,0,0,1,"13,58621993","52,42540688"
25648,218583,Berlin,8,2021,12,14,1,3,5,3,0,0,1,0,1,0,0,1,"13,50912465","52,40277595"
25649,218582,Berlin,12,2021,12,9,2,3,8,1,0,0,1,0,0,0,0,2,"13,326485","52,56205354"
25650,218581,Berlin,1,2021,11,14,3,3,3,6,1,0,1,0,0,0,1,1,"13,35085803","52,51123438"
25651,218580,Berlin,1,2021,12,12,2,2,6,2,0,0,1,1,0,0,0,0,"13,38070528","52,51662691"
25652,218578,Berlin,4,2021,12,16,3,2,6,4,1,0,1,1,0,0,0,1,"13,33092654","52,50106998"
25653,218576,Berlin,12,2021,12,13,7,3,5,3,0,0,1,0,0,0,0,1,"13,2952539","52,586953"
25654,218573,Berlin,2,2021,12,13,3,3,5,2,0,0,1,0,1,0,0,0,"13,46957162","52,52038926"
25655,218572,Berlin,6,2021,12,16,3,3,2,6,2,0,1,0,0,0,0,2,"13,29919075","52,41224032"
25656,218571,Berlin,2,2021,12,17,3,3,6,4,2,0,1,1,0,0,0,0,"13,45704827","52,51634359"
25657,218569,Berlin,9,2021,12,16,5,3,9,1,0,0,1,1,0,0,0,0,"13,57441949","52,44433931"
25658,218568,Berlin,9,2021,12,10,5,3,6,7,0,0,1,1,0,0,0,0,"13,58009862","52,41642267"
25659,218566,Berlin,8,2021,11,6,2,3,5,3,2,1,1,0,0,0,0,1,"13,42118011","52,4673739"
25660,218564,Berlin,12,2021,12,16,4,3,2,6,2,0,1,0,0,0,0,0,"13,29586315","52,59720324"
25661,218563,Berlin,7,2021,12,17,7,3,2,6,1,0,1,0,0,0,0,1,"13,39396975","52,48399318"
25662,218562,Berlin,5,2021,12,15,6,3,9,1,0,0,1,0,0,0,0,1,"13,20870562","52,53849861"
25663,218561,Berlin,7,2021,12,18,2,3,6,2,2,0,1,1,0,0,0,1,"13,36800821","52,45965892"
25664,218559,Berlin,10,2021,12,18,7,3,5,2,2,0,1,0,0,0,1,0,"13,56617361","52,5342278"
25665,218558,Berlin,5,2021,11,7,3,2,6,4,2,0,1,1,0,0,0,1,"13,1802995","52,49261987"
25666,218557,Berlin,4,2021,12,15,2,3,5,2,0,1,1,0,0,0,0,0,"13,32030756","52,4843298"
25667,218556,Berlin,3,2021,12,16,2,3,5,3,2,1,1,0,0,0,0,1,"13,39244","52,57252736"
25668,218554,Berlin,6,2021,12,9,4,3,8,1,0,0,0,0,1,0,0,1,"13,29994739","52,42118825"
25669,218552,Berlin,2,2021,12,20,4,3,5,3,2,1,1,0,0,0,0,1,"13,43005877","52,50347222"
25670,218550,Berlin,1,2021,12,19,5,3,5,2,2,0,1,0,0,0,0,1,"13,4097017","52,52260864"
25671,218549,Berlin,9,2021,12,14,2,3,2,6,0,0,1,0,0,0,0,1,"13,54089381","52,43560137"
25672,218548,Berlin,7,2021,12,18,2,3,2,6,2,0,1,0,0,0,0,0,"13,37661482","52,46028022"
25673,218547,Berlin,9,2021,12,17,5,2,5,3,2,1,0,0,0,0,1,0,"13,571845","52,43025279"
25674,218546,Berlin,3,2021,12,14,3,3,5,2,0,0,1,0,0,0,0,0,"13,42955282","52,57186148"
25675,218544,Berlin,9,2021,11,9,3,3,6,4,0,1,0,1,0,0,0,1,"13,52566811","52,45885405"
25676,218543,Berlin,5,2021,12,6,1,3,1,5,1,0,1,0,0,0,0,0,"13,19737422","52,51598153"
25677,218542,Berlin,1,2021,12,1,2,3,1,5,2,0,1,0,0,0,1,1,"13,36996568","52,53465876"
25678,218540,Berlin,9,2021,12,5,3,3,5,3,2,0,1,0,0,0,1,1,"13,51010202","52,45365481"
25679,218538,Berlin,1,2021,12,5,6,3,5,3,2,0,1,0,0,0,0,1,"13,34949466","52,54494706"
25680,218536,Berlin,2,2021,12,18,5,3,5,3,2,1,1,0,0,0,0,1,"13,44384546","52,50008567"
25681,218535,Berlin,4,2021,12,11,2,3,5,3,0,0,1,0,0,0,0,0,"13,32218932","52,51456905"
25682,218534,Berlin,1,2021,12,23,2,3,1,5,2,0,1,0,0,0,1,0,"13,40318955","52,52474836"
25683,218533,Berlin,1,2021,12,17,4,3,6,7,1,0,1,1,0,0,0,0,"13,37326068","52,50856863"
25684,218532,Berlin,1,2021,12,13,2,3,5,3,0,0,1,0,1,0,0,0,"13,34316556","52,5565338"
25685,218530,Berlin,1,2021,12,7,5,3,0,1,0,1,0,0,0,0,0,1,"13,37057085","52,54550672"
25686,218529,Berlin,10,2021,12,19,6,2,0,7,2,0,0,0,1,0,0,1,"13,57504806","52,56020675"
25687,218527,Berlin,12,2021,12,21,7,3,3,2,2,1,1,0,0,0,0,1,"13,30960036","52,58387487"
25688,218524,Berlin,2,2021,12,18,2,3,2,6,2,0,1,0,0,0,0,0,"13,42917116","52,52309156"
25689,218523,Berlin,9,2021,12,0,3,3,0,1,2,0,0,0,0,0,1,2,"13,45200695","52,48642973"
25690,218522,Berlin,10,2021,12,13,7,2,5,2,0,0,1,0,0,0,0,1,"13,59158109","52,54482503"
25691,218521,Berlin,1,2021,12,8,4,3,5,2,0,1,1,0,0,0,0,1,"13,35857368","52,55416487"
25692,218519,Berlin,2,2021,12,16,5,3,6,2,2,0,1,1,0,0,0,0,"13,43532705","52,51471203"
25693,218518,Berlin,1,2021,12,4,7,3,3,6,2,1,1,0,0,0,0,1,"13,39904874","52,53237996"
25694,218516,Berlin,5,2021,11,17,2,3,6,4,1,0,1,1,0,0,0,1,"13,20961566","52,55154162"
25695,218514,Berlin,2,2021,12,19,3,3,0,1,2,0,0,0,1,0,0,2,"13,42007376","52,49646117"
25696,218513,Berlin,11,2021,12,18,1,3,0,7,2,0,1,0,0,0,0,1,"13,48044224","52,50590173"
25697,218512,Berlin,9,2021,12,8,4,3,5,3,0,0,1,0,0,0,0,0,"13,54658961","52,41872177"
25698,218511,Berlin,3,2021,12,7,2,3,2,6,1,0,1,0,0,0,0,1,"13,48521553","52,64861734"
25699,218509,Berlin,12,2021,12,16,6,2,6,4,2,0,1,1,0,0,0,1,"13,32199917","52,56549173"
25700,218508,Berlin,1,2021,12,18,6,3,6,7,2,0,0,1,0,0,1,0,"13,39817002","52,52705235"
25701,218507,Berlin,2,2021,11,17,3,3,5,2,2,0,1,0,0,0,1,1,"13,39498797","52,49614997"
25702,218506,Berlin,1,2021,12,15,1,3,6,2,2,0,1,1,0,0,0,1,"13,3303259","52,52727814"
25703,218504,Berlin,1,2021,12,20,3,3,5,2,2,0,1,0,0,0,0,1,"13,37121575","52,51112858"
25704,218503,Berlin,6,2021,12,17,6,2,6,4,2,0,1,1,0,0,0,0,"13,30229768","52,45724106"
25705,218501,Berlin,7,2021,12,16,5,2,6,4,2,0,1,1,0,0,0,1,"13,3743894","52,42327908"
25706,218498,Berlin,1,2021,12,15,2,3,5,2,0,1,1,0,0,0,0,0,"13,3498684","52,53598641"
25707,218497,Berlin,3,2021,12,13,4,3,1,5,0,0,0,0,0,1,1,1,"13,41632159","52,53476816"
25708,218496,Berlin,5,2021,12,9,4,3,3,6,0,0,1,0,0,0,0,1,"13,22654265","52,53756992"
25709,218495,Berlin,6,2021,12,15,3,3,6,4,1,0,0,1,0,0,1,0,"13,32742995","52,42834256"
25710,218493,Berlin,4,2021,12,17,4,3,2,6,1,0,1,0,0,0,0,0,"13,30834532","52,48875141"
25711,218492,Berlin,11,2021,12,14,5,3,5,3,0,0,1,0,0,0,1,0,"13,47957946","52,52667724"
25712,218490,Berlin,6,2021,12,15,7,3,0,4,0,0,1,1,0,0,0,0,"13,29400801","52,44824917"
25713,218487,Berlin,6,2021,12,8,3,3,5,3,0,1,1,0,0,0,0,0,"13,31866902","52,45442049"
25714,218486,Berlin,9,2021,12,17,5,3,2,6,2,0,1,0,0,0,0,1,"13,55914642","52,44837426"
25715,218485,Berlin,9,2021,12,9,4,3,5,3,0,1,1,0,0,0,0,0,"13,5428179","52,43598944"
25716,218484,Berlin,10,2021,12,15,2,3,5,2,1,0,0,0,0,0,1,1,"13,60705006","52,49011384"
25717,218483,Berlin,6,2021,12,20,6,3,5,2,2,0,1,0,0,0,0,0,"13,31568466","52,41656171"
25718,218481,Berlin,2,2021,12,8,5,3,0,7,0,1,0,0,0,0,0,1,"13,41826684","52,49574194"
25719,218480,Berlin,1,2021,12,4,7,3,6,7,2,0,1,1,0,0,0,0,"13,39058686","52,51484718"
25720,218478,Berlin,12,2021,11,16,2,2,6,2,1,0,0,1,0,1,0,1,"13,35180821","52,57362826"
25721,218477,Berlin,6,2021,12,14,1,3,5,2,0,0,1,0,0,0,0,1,"13,22982575","52,43102984"
25722,218476,Berlin,7,2021,12,15,4,3,1,7,1,0,1,0,0,0,0,0,"13,38458439","52,47248736"
25723,218475,Berlin,1,2021,12,11,1,3,5,3,0,0,1,0,0,0,0,1,"13,42438646","52,51353179"
25724,218474,Berlin,2,2021,12,15,5,3,2,6,0,0,1,0,0,0,0,1,"13,39830882","52,49840118"
25725,218472,Berlin,8,2021,12,10,7,3,5,3,0,0,1,0,1,0,0,1,"13,43672645","52,45711647"
25726,218469,Berlin,5,2021,12,14,3,3,1,5,0,1,1,0,0,0,0,2,"13,17736162","52,54730308"
25727,218468,Berlin,12,2021,12,13,3,3,2,2,0,0,1,0,0,0,0,0,"13,31176939","52,558766"
25728,218467,Berlin,4,2021,12,8,4,2,1,5,0,0,1,0,0,0,0,0,"13,242435","52,51255151"
25729,218465,Berlin,8,2021,12,13,6,3,5,3,0,1,1,0,0,0,0,0,"13,43794513","52,48287124"
25730,218464,Berlin,1,2021,12,21,7,3,2,6,2,0,1,0,0,0,0,1,"13,38347617","52,55143275"
25731,218462,Berlin,6,2021,11,7,3,3,6,7,0,0,1,1,0,0,0,1,"13,35597741","52,44887108"
25732,218460,Berlin,12,2021,12,18,3,3,2,6,2,0,1,0,0,0,0,0,"13,30427867","52,60105559"
25733,218459,Berlin,11,2021,12,9,1,3,5,2,0,0,1,0,0,0,1,0,"13,51242569","52,55509281"
25734,218458,Berlin,2,2021,12,13,5,3,5,2,0,1,1,0,0,0,0,0,"13,38283137","52,50418125"
25735,218457,Berlin,8,2021,12,18,2,3,1,5,2,1,1,0,0,0,0,1,"13,43000879","52,4697683"
25736,218454,Berlin,7,2021,12,10,6,3,5,3,0,0,1,0,0,0,1,1,"13,39587788","52,3970078"
25737,218453,Berlin,5,2021,12,20,7,3,5,3,2,0,1,0,1,0,0,0,"13,2075691","52,53259532"
25738,218452,Berlin,9,2021,12,11,1,3,6,7,0,0,1,1,0,0,0,0,"13,47874948","52,45181122"
25739,218451,Berlin,12,2021,12,15,4,3,2,6,0,0,1,0,0,0,0,1,"13,30235065","52,61772651"
25740,218450,Berlin,4,2021,12,17,2,3,2,6,2,0,1,0,0,0,0,0,"13,31742125","52,50544537"
25741,218448,Berlin,4,2021,12,7,5,3,2,6,2,0,1,0,0,0,1,1,"13,29731627","52,54800264"
25742,218447,Berlin,10,2021,12,11,7,3,5,3,0,0,1,0,0,0,0,1,"13,61271831","52,51047907"
25743,218445,Berlin,1,2021,12,0,4,3,6,2,2,0,1,1,0,0,0,0,"13,37725714","52,55363858"
25744,218442,Berlin,6,2021,12,6,2,3,4,6,1,1,0,0,0,0,1,1,"13,33869228","52,46624791"
25745,218441,Berlin,6,2021,12,21,3,2,6,2,2,0,1,1,0,0,0,1,"13,32505788","52,42805957"
25746,218440,Berlin,5,2021,12,10,5,3,9,1,0,0,0,0,1,0,0,0,"13,20756891","52,55570389"
25747,218439,Berlin,7,2021,12,11,4,3,5,3,0,0,1,0,0,0,1,0,"13,3853906","52,46712283"
25748,218437,Berlin,12,2021,12,16,5,3,5,2,2,0,1,0,0,0,0,0,"13,29794475","52,57818881"
25749,218436,Berlin,3,2021,12,9,6,3,2,2,0,0,1,0,0,0,1,0,"13,41901192","52,53053264"
25750,218434,Berlin,7,2021,12,12,6,3,1,5,0,0,1,0,0,0,0,1,"13,39861994","52,46493662"
25751,218431,Berlin,4,2021,12,2,3,3,2,6,2,0,1,0,0,0,0,1,"13,33371932","52,50424352"
25752,218430,Berlin,4,2021,12,11,5,3,5,2,0,1,1,0,0,0,0,1,"13,27344992","52,49996881"
25753,218429,Berlin,11,2021,12,18,5,3,8,1,2,0,1,0,0,0,0,2,"13,51427163","52,535184"
25754,218427,Berlin,6,2021,12,9,6,3,6,7,0,0,1,1,0,0,0,0,"13,26481146","52,41926765"
25755,218425,Berlin,2,2021,11,15,2,2,0,1,0,0,0,0,1,0,0,1,"13,46373072","52,51068661"
25756,218424,Berlin,7,2021,12,18,7,3,6,2,2,0,1,1,0,0,0,1,"13,37060939","52,47042042"
25757,218423,Berlin,1,2021,12,10,3,3,5,3,0,0,1,0,0,0,0,0,"13,37723259","52,55118807"
25758,218422,Berlin,1,2021,12,14,1,3,0,1,0,1,0,0,0,0,0,0,"13,38358985","52,53013849"
25759,218420,Berlin,2,2021,12,16,7,2,5,2,1,1,1,0,0,0,0,1,"13,39642275","52,49132395"
25760,218419,Berlin,11,2021,12,16,6,2,5,3,2,0,1,0,1,0,0,0,"13,50570761","52,54644525"
25761,218417,Berlin,12,2021,12,10,5,3,5,3,0,0,1,0,0,0,0,2,"13,3180961","52,58936114"
25762,218415,Berlin,1,2021,12,19,5,3,2,6,2,0,1,0,0,0,0,1,"13,41474699","52,50764849"
25763,218414,Berlin,12,2021,12,9,2,3,0,1,0,0,0,0,0,0,1,0,"13,29400554","52,57600679"
25764,218413,Berlin,11,2021,12,10,7,3,5,2,0,0,1,0,0,0,1,0,"13,50564836","52,54878281"
25765,218412,Berlin,8,2021,11,16,3,3,2,7,2,1,1,0,0,0,0,1,"13,43998737","52,47769015"
25766,218411,Berlin,3,2021,12,11,3,3,0,2,0,1,0,0,1,0,0,0,"13,41711296","52,53287417"
25767,218409,Berlin,5,2021,12,17,3,3,2,6,1,0,1,0,0,0,0,0,"13,18082878","52,50998421"
25768,218407,Berlin,11,2021,12,1,6,3,9,1,2,0,1,0,0,0,0,1,"13,49334284","52,50159778"
25769,218406,Berlin,8,2021,12,18,2,3,6,2,2,0,0,1,0,0,1,1,"13,44800532","52,47788289"
25770,218405,Berlin,8,2021,12,15,6,3,0,6,1,0,1,0,0,0,1,0,"13,45585054","52,43037328"
25771,218402,Berlin,11,2021,12,14,5,3,5,2,0,0,1,0,0,0,0,1,"13,51914709","52,50973892"
25772,218401,Berlin,1,2021,12,7,6,3,0,7,0,1,0,0,0,0,0,2,"13,38528932","52,52014868"
25773,218400,Berlin,1,2021,12,20,2,2,6,2,2,0,1,1,0,0,0,1,"13,35906251","52,54655273"
25774,218399,Berlin,8,2021,12,10,4,3,5,2,0,1,1,0,0,0,0,1,"13,4324246","52,47014968"
25775,218398,Berlin,7,2021,12,16,2,2,5,3,1,1,1,0,0,0,0,1,"13,34628313","52,49607774"
25776,218396,Berlin,9,2021,12,15,5,3,2,6,1,0,1,0,0,0,1,1,"13,62597572","52,45916079"
25777,218395,Berlin,1,2021,12,17,6,3,5,2,2,1,1,0,0,0,0,0,"13,38745344","52,53350142"
25778,218393,Berlin,2,2021,12,18,4,3,5,2,2,1,1,0,0,0,0,0,"13,47259981","52,50866037"
25779,218390,Berlin,7,2021,12,19,1,3,6,2,2,0,1,1,0,0,0,1,"13,340801","52,49931519"
25780,218389,Berlin,1,2021,12,17,3,3,2,6,2,0,1,0,0,0,0,1,"13,34893186","52,51510609"
25781,218388,Berlin,12,2021,12,9,4,3,5,3,0,1,1,0,0,0,0,0,"13,28592983","52,59513228"
25782,218386,Berlin,9,2021,12,17,5,3,5,3,2,0,1,0,0,0,0,0,"13,53253629","52,42889421"
25783,218385,Berlin,1,2021,12,0,6,2,5,3,2,0,1,0,0,0,0,0,"13,31599219","52,52588453"
25784,218383,Berlin,1,2021,12,15,7,3,6,4,1,1,0,1,0,0,0,1,"13,41305236","52,50858393"
25785,218381,Berlin,4,2021,12,17,3,3,5,2,2,1,1,0,0,0,0,0,"13,30073375","52,50321002"
25786,218380,Berlin,9,2021,12,10,5,3,2,2,0,0,1,0,0,0,1,1,"13,51436245","52,46872474"
25787,218379,Berlin,2,2021,12,8,5,3,5,2,0,0,1,0,0,0,1,0,"13,45232676","52,51249379"
25788,218378,Berlin,6,2021,12,18,6,3,6,4,2,1,0,1,0,0,0,1,"13,26110303","52,43632537"
25789,218376,Berlin,4,2021,12,9,7,3,5,7,0,0,1,0,0,0,0,1,"13,31443214","52,47340507"
25790,218375,Berlin,4,2021,11,6,3,3,2,6,2,0,1,0,0,0,0,1,"13,2932244","52,53686995"
25791,218374,Berlin,1,2021,12,16,1,3,5,3,2,1,0,0,0,0,0,1,"13,34331093","52,52641805"
25792,218373,Berlin,12,2021,12,16,4,3,1,5,2,0,0,0,1,0,1,0,"13,3404565","52,56389391"
25793,218372,Berlin,2,2021,12,17,2,3,2,6,2,0,1,0,0,0,0,1,"13,45327344","52,51581084"
25794,218370,Berlin,4,2021,12,16,3,3,6,2,1,0,1,1,0,0,0,1,"13,32693229","52,49878934"
25795,218369,Berlin,9,2021,12,17,6,3,4,2,2,0,1,0,0,0,0,0,"13,55322526","52,46969115"
25796,218368,Berlin,10,2021,12,16,5,3,2,6,1,0,1,0,0,0,0,2,"13,60518377","52,53653211"
25797,218366,Berlin,12,2021,12,14,5,3,6,2,0,0,1,1,0,0,0,1,"13,34128582","52,60001443"
25798,218365,Berlin,2,2021,12,8,2,3,2,6,0,0,1,0,0,0,0,0,"13,42681458","52,49928979"
25799,218364,Berlin,10,2021,12,23,2,3,5,3,2,0,1,0,0,0,0,2,"13,5910495","52,51413653"
25800,218363,Berlin,6,2021,12,21,4,2,6,2,2,0,1,1,0,0,0,1,"13,30957101","52,43124315"
25801,218362,Berlin,6,2021,12,16,3,3,5,2,2,1,1,0,0,0,0,0,"13,32637385","52,42772768"
25802,218360,Berlin,4,2021,12,17,4,3,6,7,2,0,1,1,0,0,0,1,"13,29612754","52,50865342"
25803,218358,Berlin,11,2021,12,14,7,3,0,5,1,0,1,0,0,0,0,1,"13,49395047","52,51441121"
25804,218355,Berlin,4,2021,12,15,3,3,0,1,0,1,0,0,0,0,0,2,"13,33306479","52,49288181"
25805,218354,Berlin,7,2021,12,18,4,2,0,1,2,1,0,0,0,0,0,1,"13,39721504","52,48387914"
25806,218353,Berlin,4,2021,12,19,4,3,2,6,2,0,1,0,0,0,0,0,"13,33130044","52,49316082"
25807,218352,Berlin,7,2021,12,22,6,2,0,7,2,0,0,0,0,0,1,1,"13,35309714","52,48990757"
25808,218350,Berlin,2,2021,12,14,5,2,6,4,0,0,1,1,0,0,0,0,"13,40784989","52,50427249"
25809,218349,Berlin,12,2021,12,14,5,3,5,3,0,1,1,0,0,0,0,1,"13,33485298","52,58706692"
25810,218347,Berlin,4,2021,11,19,2,3,6,2,2,0,1,1,0,0,0,1,"13,28118044","52,4768698"
25811,218345,Berlin,8,2021,12,16,3,3,2,6,2,0,1,0,0,0,0,0,"13,47274032","52,46483316"
25812,218343,Berlin,7,2021,12,8,6,3,4,1,1,1,1,0,0,0,0,2,"13,35453629","52,49718296"
25813,218340,Berlin,4,2021,12,17,2,2,6,4,2,0,1,1,0,0,0,0,"13,28850749","52,51891763"
25814,218339,Berlin,9,2021,12,15,3,3,5,3,1,1,1,0,0,0,0,2,"13,57552638","52,44550501"
25815,218338,Berlin,4,2021,12,17,3,3,3,6,2,1,1,0,0,0,0,0,"13,31953099","52,49969897"
25816,218336,Berlin,1,2021,12,6,6,3,5,3,2,0,1,0,0,0,0,0,"13,39210135","52,50779465"
25817,218335,Berlin,8,2021,12,22,5,3,5,3,2,0,1,0,0,0,0,1,"13,44216991","52,45645139"
25818,218333,Berlin,6,2021,11,19,2,3,0,1,2,1,0,0,0,0,0,1,"13,28896465","52,44375054"
25819,218331,Berlin,8,2021,12,12,4,3,5,3,0,0,1,0,0,0,0,0,"13,45239681","52,47280317"
25820,218330,Berlin,12,2021,12,11,6,3,5,3,0,0,1,0,0,0,0,1,"13,29028564","52,65584592"
25821,218329,Berlin,5,2021,12,15,2,3,6,6,0,0,1,1,0,0,0,1,"13,1652329","52,52148094"
25822,218327,Berlin,8,2021,12,9,6,3,2,2,0,0,1,0,0,0,0,0,"13,47263898","52,46114939"
25823,218326,Berlin,1,2021,11,13,3,3,6,7,0,0,0,1,0,0,1,1,"13,35626805","52,54898951"
25824,218325,Berlin,11,2021,12,21,1,2,8,1,2,0,1,0,0,0,0,1,"13,51189127","52,5507771"
25825,218324,Berlin,2,2021,12,17,2,3,6,7,2,0,1,1,0,0,0,1,"13,42318123","52,48674198"
25826,218322,Berlin,9,2021,12,12,4,3,1,5,0,0,1,0,0,1,0,0,"13,55077033","52,45622631"
25827,218321,Berlin,2,2021,12,17,6,3,2,1,2,0,1,0,0,0,0,0,"13,45755197","52,50393875"
25828,218319,Berlin,7,2021,12,8,5,3,0,2,0,1,0,0,0,0,1,2,"13,41670876","52,45518697"
25829,218317,Berlin,3,2021,12,18,5,3,5,2,2,0,1,0,0,0,1,1,"13,43274978","52,59624131"
25830,218316,Berlin,8,2021,12,12,2,3,5,2,0,0,1,0,0,0,0,1,"13,41687705","52,41823199"
25831,218315,Berlin,4,2021,12,14,7,2,9,1,0,0,1,0,0,0,0,0,"13,29367435","52,53391344"
25832,218314,Berlin,9,2021,12,14,5,3,5,3,0,0,1,0,0,0,0,0,"13,48138146","52,46080962"
25833,218313,Berlin,7,2021,12,17,3,3,1,5,2,0,1,0,0,0,0,0,"13,34004641","52,46766249"
25834,218311,Berlin,12,2021,12,20,5,3,2,6,2,0,1,0,0,0,0,0,"13,32077477","52,56587168"
25835,218309,Berlin,1,2021,12,16,6,3,6,4,2,0,1,1,0,0,0,1,"13,39159082","52,55173775"
25836,218306,Berlin,3,2021,12,17,2,2,6,4,2,0,1,1,0,0,0,0,"13,437668","52,57087055"
25837,218305,Berlin,12,2021,12,18,3,3,5,3,2,0,1,0,0,0,0,2,"13,33519173","52,58164566"
25838,218304,Berlin,10,2021,12,16,3,3,6,4,1,0,1,1,0,0,0,0,"13,59272914","52,54844754"
25839,218302,Berlin,12,2021,12,13,5,3,3,6,0,0,1,0,0,0,1,0,"13,32457347","52,56097145"
25840,218301,Berlin,2,2021,12,1,1,2,5,2,2,0,1,0,0,0,0,1,"13,43549303","52,52177821"
25841,218299,Berlin,3,2021,11,17,3,2,5,3,1,1,1,0,0,0,0,1,"13,39022253","52,58517742"
25842,218297,Berlin,8,2021,12,21,3,3,1,5,2,1,1,0,0,0,0,0,"13,42970068","52,48636552"
25843,218296,Berlin,9,2021,12,15,1,3,0,7,1,0,1,0,0,0,0,1,"13,48188632","52,46665636"
25844,218295,Berlin,8,2021,12,19,5,2,8,1,2,0,1,0,0,0,0,2,"13,43518647","52,43606043"
25845,218294,Berlin,7,2021,12,12,3,3,0,3,0,0,1,0,1,0,0,1,"13,39801757","52,46515994"
25846,218291,Berlin,1,2021,12,18,6,3,2,6,2,0,1,0,0,0,0,1,"13,35482036","52,52742051"
25847,218290,Berlin,6,2021,12,1,1,3,8,1,2,0,1,0,0,0,0,2,"13,35273929","52,44112325"
25848,218289,Berlin,3,2021,12,10,4,2,0,7,0,1,0,0,0,0,0,1,"13,3972856","52,57972658"
25849,218288,Berlin,1,2021,12,14,1,2,5,3,0,0,1,0,1,0,0,1,"13,34534706","52,53002639"
25850,218286,Berlin,10,2021,12,9,4,3,5,2,0,1,1,0,0,0,0,1,"13,58740363","52,52262449"
25851,218285,Berlin,7,2021,12,9,7,3,1,3,0,0,1,0,0,0,0,1,"13,37006083","52,46533206"
25852,218283,Berlin,4,2021,12,8,5,3,2,6,0,0,1,0,0,0,0,2,"13,29618309","52,49249125"
25853,218280,Berlin,5,2021,12,17,2,3,3,6,2,0,1,0,0,0,1,0,"13,20979917","52,54793274"
25854,218279,Berlin,11,2021,12,14,3,3,5,2,0,0,1,0,0,0,0,1,"13,46787706","52,54647723"
25855,218278,Berlin,7,2021,12,15,5,3,5,7,1,0,1,0,0,0,1,0,"13,41346209","52,46442287"
25856,218277,Berlin,11,2021,12,6,3,3,5,3,2,1,1,0,0,0,0,1,"13,51317761","52,50524061"
25857,218274,Berlin,5,2021,12,14,7,3,5,2,0,0,1,0,0,0,0,1,"13,19849137","52,54285381"
25858,218273,Berlin,9,2021,11,15,3,3,2,6,0,0,1,0,0,0,0,1,"13,53746245","52,43521638"
25859,218272,Berlin,6,2021,12,17,2,2,6,4,2,0,1,1,0,0,0,0,"13,29929766","52,41236077"
25860,218271,Berlin,4,2021,12,15,2,3,6,2,1,0,1,1,0,0,0,1,"13,31428247","52,49033399"
25861,218269,Berlin,9,2021,12,15,4,3,6,4,1,0,1,1,0,0,0,1,"13,56770712","52,44061838"
25862,218267,Berlin,1,2021,12,13,4,3,1,5,0,1,1,0,0,0,0,1,"13,32989113","52,52453981"
25863,218265,Berlin,9,2021,12,16,5,3,2,2,1,0,1,0,0,0,0,1,"13,47880373","52,47762135"
25864,218264,Berlin,7,2021,12,12,2,3,0,2,0,0,1,0,0,0,1,0,"13,36091848","52,49443961"
25865,218263,Berlin,9,2021,12,15,7,3,2,1,0,0,1,0,0,0,0,0,"13,54672885","52,42647716"
25866,218262,Berlin,8,2021,12,7,4,3,6,2,1,0,1,1,0,0,0,1,"13,50180403","52,4180801"
25867,218261,Berlin,6,2021,12,11,3,3,6,4,0,0,1,1,0,0,0,0,"13,30302488","52,42725425"
25868,218259,Berlin,1,2021,12,17,4,3,5,7,1,1,1,0,0,0,0,1,"13,39114199","52,51454916"
25869,218258,Berlin,11,2021,12,17,5,3,6,2,2,0,1,1,0,0,0,0,"13,50862698","52,56476865"