,id,city,district,year,month,hour,weekday,injury_level,collision,movement,light_conditions,bicycle,car,pedestrian,motorbike,truck,other_vehicle,road_conditions,longitude,latitude
25870,218257,Berlin,6,2021,12,19,6,2,1,1,2,0,1,0,0,0,0,0,"13,33842816","52,45258487"
25871,218255,Berlin,1,2021,12,21,6,2,5,2,2,0,1,0,0,0,0,1,"13,40957161","52,52884681"
25872,218252,Berlin,6,2021,12,17,3,3,5,3,2,1,1,0,0,0,0,0,"13,29857707","52,45764913"
25873,218251,Berlin,4,2021,12,11,3,3,2,6,0,0,1,0,0,0,0,0,"13,28992792","52,4820586"
25874,218250,Berlin,11,2021,12,9,4,2,6,4,0,0,1,1,0,0,0,0,"13,51935885","52,47713538"
25875,218248,Berlin,4,2021,12,19,5,3,5,3,2,1,1,0,0,0,0,1,"13,31411359","52,4721202"
25876,218247,Berlin,7,2021,12,20,7,3,6,7,2,0,0,1,0,0,1,0,"13,35251798","52,49790241"
25877,218245,Berlin,8,2021,11,16,2,3,6,2,1,0,1,1,0,0,0,1,"13,47663288","52,46253889"
25878,218244,Berlin,4,2021,12,10,1,3,3,2,0,0,1,0,0,1,0,1,"13,33027211","52,51313237"
25879,218243,Berlin,6,2021,12,9,4,3,6,4,0,0,0,1,1,0,0,0,"13,29513047","52,44440102"
25880,218242,Berlin,7,2021,12,20,1,3,5,3,2,0,1,0,0,0,0,1,"13,34448689","52,46493122"
25881,218240,Berlin,9,2021,12,12,5,3,0,7,0,0,1,0,0,0,0,0,"13,59467099","52,42864275"
25882,218239,Berlin,2,2021,12,14,3,3,5,2,0,1,1,0,0,0,0,1,"13,38937697","52,49596341"
25883,218236,Berlin,1,2021,12,13,5,3,2,6,0,0,1,0,0,0,0,1,"13,41543359","52,50968728"
25884,218235,Berlin,3,2021,12,21,6,3,2,6,2,0,1,0,0,0,0,1,"13,44974324","52,53700167"
25885,218234,Berlin,12,2021,12,21,2,3,5,3,2,0,1,0,1,0,0,2,"13,30279717","52,5908717"
25886,218233,Berlin,11,2021,11,16,3,3,5,3,2,1,0,0,0,0,0,1,"13,47786412","52,51018936"
25887,218232,Berlin,7,2021,12,10,2,2,6,2,0,0,1,1,0,0,0,0,"13,4043081","52,403946"
25888,218230,Berlin,9,2021,12,14,4,3,6,4,0,0,1,1,0,0,0,0,"13,57985373","52,45924201"
25889,218228,Berlin,10,2021,12,10,5,3,2,1,0,0,1,0,0,0,0,2,"13,57590431","52,56088498"
25890,218225,Berlin,6,2021,12,14,2,3,0,7,0,0,0,0,1,0,0,1,"13,31548524","52,44589248"
25891,218224,Berlin,9,2021,12,18,4,3,6,4,2,0,0,1,0,0,1,0,"13,57985063","52,459236"
25892,218223,Berlin,12,2021,12,10,5,3,5,3,0,0,0,0,0,0,1,0,"13,30927614","52,57872739"
25893,218222,Berlin,3,2021,12,6,4,2,2,7,2,1,0,0,0,0,0,0,"13,39813671","52,56755109"
25894,218220,Berlin,10,2021,12,17,5,3,5,3,2,0,1,0,0,0,1,0,"13,60136279","52,48258001"
25895,218219,Berlin,11,2021,12,14,5,3,5,2,0,1,1,0,0,0,0,0,"13,51965164","52,5058593"
25896,218217,Berlin,6,2021,12,14,6,2,5,3,0,0,1,0,0,0,0,1,"13,29444007","52,42701371"
25897,218215,Berlin,8,2021,12,16,3,3,5,7,2,0,1,0,0,0,0,1,"13,43416736","52,4428048"
25898,218214,Berlin,12,2021,12,8,5,3,3,6,0,0,1,0,0,0,0,0,"13,33262676","52,57736993"
25899,218213,Berlin,7,2021,12,11,5,3,5,2,0,0,1,0,0,0,0,0,"13,39422345","52,42667041"
25900,218212,Berlin,5,2021,12,7,4,3,5,3,1,1,1,0,0,0,0,1,"13,1934463","52,54905891"
25901,218211,Berlin,1,2021,12,14,3,3,1,5,0,1,1,0,0,0,0,0,"13,40491439","52,53408772"
25902,218209,Berlin,1,2021,12,4,5,3,2,6,2,0,1,0,1,0,0,1,"13,39286081","52,54244071"
25903,218208,Berlin,6,2021,12,18,5,3,1,5,2,1,1,0,0,0,0,1,"13,32363504","52,46498199"
25904,218207,Berlin,4,2021,12,19,6,3,2,6,2,0,1,0,0,0,0,0,"13,33276338","52,50404303"
25905,218205,Berlin,2,2021,12,15,7,3,6,7,1,0,1,1,0,0,0,1,"13,39434303","52,49120677"
25906,218202,Berlin,1,2021,12,17,2,3,6,2,2,1,0,1,0,0,0,0,"13,37974976","52,52261416"
25907,218201,Berlin,6,2021,12,8,5,1,6,7,1,0,0,1,0,1,0,1,"13,27390024","52,43569101"
25908,218200,Berlin,1,2021,12,9,4,3,5,7,1,0,1,0,0,0,0,0,"13,3424787","52,54734416"
25909,218198,Berlin,4,2021,12,12,5,3,5,7,0,1,1,0,0,0,0,0,"13,31784132","52,48800935"
25910,218196,Berlin,11,2021,11,7,2,3,5,2,1,1,0,0,0,0,1,1,"13,47975866","52,51621366"
25911,218195,Berlin,4,2021,12,19,7,3,6,2,2,0,1,1,0,0,0,0,"13,32254572","52,48662087"
25912,218194,Berlin,3,2021,12,0,3,3,1,5,2,0,1,0,0,0,1,0,"13,48404804","52,61340642"
25913,218193,Berlin,7,2021,12,22,1,3,2,6,2,0,1,0,0,0,0,1,"13,34622937","52,49691264"
25914,218191,Berlin,2,2021,12,16,4,3,5,2,1,0,1,0,1,0,0,0,"13,37928278","52,48964423"
25915,218187,Berlin,2,2021,12,8,6,3,5,7,0,1,1,0,0,0,0,0,"13,38902943","52,48978784"
25916,218186,Berlin,2,2021,12,13,7,3,2,1,0,0,1,0,0,0,0,0,"13,44013503","52,51549145"
25917,218185,Berlin,10,2021,12,22,4,3,0,1,2,0,0,0,0,0,1,1,"13,55754883","52,52744117"
25918,218184,Berlin,1,2021,12,8,2,2,2,6,0,0,1,0,0,0,0,0,"13,3862103","52,55850703"
25919,218182,Berlin,6,2021,12,15,5,2,1,5,0,0,1,0,0,0,1,0,"13,34054375","52,43329309"
25920,218180,Berlin,1,2021,12,16,7,2,6,4,2,0,1,1,0,0,0,0,"13,35770343","52,52595087"
25921,218177,Berlin,1,2021,12,18,3,3,2,6,2,0,1,0,0,0,0,0,"13,3399292","52,51892671"
25922,218176,Berlin,4,2021,12,0,3,3,1,5,2,0,1,0,0,0,0,2,"13,33272375","52,49924601"
25923,218175,Berlin,1,2021,12,14,4,3,6,4,0,0,1,1,0,0,0,0,"13,35069274","52,55803189"
25924,218173,Berlin,7,2021,12,18,5,3,2,6,2,0,1,0,1,0,0,0,"13,33767273","52,4670776"
25925,218172,Berlin,10,2021,12,10,6,3,5,3,0,0,1,0,0,0,0,0,"13,6007886","52,53841232"
25926,218170,Berlin,11,2021,11,18,3,3,5,2,2,0,1,0,0,0,1,1,"13,49173592","52,53417948"
25927,218168,Berlin,10,2021,12,13,4,3,5,3,0,0,1,0,0,1,0,0,"13,6393231","52,52585541"
25928,218167,Berlin,3,2021,12,17,5,3,5,3,2,1,1,0,0,0,0,1,"13,43255313","52,55771837"
25929,218166,Berlin,7,2021,12,17,6,3,1,5,2,1,1,0,0,0,0,1,"13,37685555","52,4620702"
25930,218165,Berlin,10,2021,12,14,6,3,6,7,0,1,0,1,0,0,0,0,"13,60343529","52,54243405"
25931,218163,Berlin,10,2021,12,16,6,3,5,3,2,1,1,0,0,0,0,0,"13,59899829","52,52825262"
25932,218162,Berlin,11,2021,12,5,4,3,5,2,2,1,1,0,0,0,0,1,"13,52806849","52,55687855"
25933,218161,Berlin,4,2021,12,15,1,2,5,3,1,0,1,0,0,0,0,1,"13,28330744","52,5185124"
25934,218160,Berlin,5,2021,12,15,2,3,2,6,0,0,1,0,0,0,0,1,"13,19193419","52,54624533"
25935,218158,Berlin,1,2021,12,11,3,3,5,3,0,1,1,0,0,0,0,0,"13,39885781","52,54247391"
25936,218157,Berlin,1,2021,12,9,7,2,6,2,0,0,0,1,0,0,1,1,"13,3653438","52,55710505"
25937,218155,Berlin,12,2021,12,7,6,3,6,2,1,0,1,1,0,0,0,2,"13,36067023","52,59692238"
25938,218153,Berlin,9,2021,12,10,6,3,5,3,0,0,1,0,0,0,0,1,"13,62218267","52,44655803"
25939,218152,Berlin,1,2021,12,8,2,2,0,1,0,0,0,0,0,0,1,1,"13,41679552","52,52383491"
25940,218151,Berlin,6,2021,12,16,1,3,0,3,2,0,1,0,0,0,1,0,"13,34158073","52,44736527"
25941,218150,Berlin,12,2021,10,8,7,2,9,1,0,0,0,0,1,0,0,1,"13,22632176","52,58302376"
25942,218149,Berlin,8,2021,10,14,7,3,5,2,0,1,1,0,0,0,0,0,"13,45459483","52,47455955"
25943,218148,Berlin,8,2021,11,9,3,3,5,3,0,1,1,0,0,0,0,1,"13,44258075","52,48040159"
25944,218147,Berlin,3,2021,11,18,5,3,5,2,1,1,0,0,1,0,0,1,"13,41315591","52,54768283"
25945,218146,Berlin,11,2021,10,16,6,3,5,3,0,1,1,0,0,0,0,0,"13,55596081","52,57028005"
25946,218145,Berlin,4,2021,10,22,6,3,5,3,2,0,1,0,0,0,1,0,"13,29850485","52,53510386"
25947,218144,Berlin,2,2021,10,11,3,3,5,3,0,0,1,0,1,0,0,0,"13,4649341","52,50959497"
25948,218143,Berlin,8,2021,10,21,3,3,6,7,2,0,1,1,0,0,0,0,"13,42669492","52,48743613"
25949,218142,Berlin,6,2021,10,20,2,3,1,5,2,0,1,0,0,0,0,0,"13,31231889","52,41426285"
25950,218141,Berlin,11,2021,11,12,3,2,5,2,0,1,1,0,0,0,0,1,"13,52708647","52,49214567"
25951,218140,Berlin,4,2021,10,8,4,3,6,2,0,0,1,1,0,0,0,1,"13,31392035","52,46718252"
25952,218139,Berlin,3,2021,11,12,6,3,0,2,0,1,1,0,0,0,0,1,"13,45904596","52,52929441"
25953,218138,Berlin,9,2021,11,11,1,3,0,7,0,0,0,0,1,0,0,1,"13,57288133","52,42790855"
25954,218137,Berlin,9,2021,11,10,4,3,1,5,0,1,1,0,0,0,0,0,"13,59232889","52,46185771"
25955,218136,Berlin,1,2021,11,16,7,3,5,3,2,1,1,0,0,0,0,1,"13,38479407","52,55074534"
25956,218135,Berlin,5,2021,10,3,5,3,9,1,2,0,0,0,0,0,1,0,"13,1476825","52,53275557"
25957,218134,Berlin,2,2021,10,11,2,2,5,5,0,0,1,0,1,0,0,0,"13,38208041","52,48499872"
25958,218133,Berlin,1,2021,10,7,1,3,5,3,0,0,1,0,1,0,0,0,"13,41961536","52,50615338"
25959,218132,Berlin,10,2021,11,16,4,2,5,3,2,0,1,0,1,0,0,0,"13,59258545","52,54754977"
25960,218131,Berlin,7,2021,11,17,6,3,3,6,2,1,1,0,0,0,0,0,"13,33306642","52,46929333"
25961,218130,Berlin,7,2021,10,8,2,3,5,3,0,0,1,0,1,0,0,1,"13,37595863","52,45769177"
25962,218129,Berlin,12,2021,10,7,4,3,2,6,0,0,0,0,1,1,0,1,"13,3337088","52,59557157"
25963,218128,Berlin,6,2021,11,13,4,3,1,5,0,0,0,0,1,0,1,1,"13,31857699","52,46360396"
25964,218127,Berlin,1,2021,11,8,4,3,2,6,0,1,1,0,0,0,0,1,"13,38533092","52,55031593"
25965,218126,Berlin,4,2021,10,19,4,3,1,5,2,1,1,0,0,0,0,0,"13,31607743","52,50623803"
25966,218125,Berlin,5,2021,10,13,5,3,0,4,0,1,0,1,0,0,0,1,"13,16022606","52,54857861"
25967,218124,Berlin,4,2021,10,10,6,3,0,7,0,0,1,0,1,0,0,0,"13,27986912","52,52088162"
25968,218123,Berlin,11,2021,11,9,2,3,5,2,0,1,1,0,0,0,0,0,"13,52339093","52,50952456"
25969,218122,Berlin,5,2021,11,18,5,3,5,3,2,0,1,0,0,0,1,1,"13,19155902","52,5461404"
25970,218121,Berlin,3,2021,11,7,3,3,2,6,0,0,1,0,0,0,0,0,"13,41399953","52,55362816"
25971,218120,Berlin,11,2021,10,16,7,3,5,3,0,1,0,0,1,0,0,0,"13,50582435","52,54650541"
25972,218119,Berlin,2,2021,10,13,5,3,5,3,0,0,1,0,1,0,0,0,"13,4266977","52,5157232"
25973,218118,Berlin,6,2021,10,17,3,2,5,2,0,0,1,0,0,0,0,1,"13,34256796","52,43446929"
25974,218117,Berlin,10,2021,11,17,2,3,6,2,2,0,0,1,0,0,1,1,"13,59987684","52,47515514"
25975,218116,Berlin,1,2021,11,10,5,3,5,3,0,1,1,0,0,0,0,0,"13,37643947","52,51009263"
25976,218115,Berlin,3,2021,11,21,1,3,2,6,2,0,1,0,0,0,0,1,"13,45737199","52,5287008"
25977,218114,Berlin,1,2021,10,10,3,3,2,6,0,0,1,0,0,0,0,1,"13,38620355","52,54962354"
25978,218113,Berlin,3,2021,11,18,7,3,1,5,2,0,1,0,0,0,0,1,"13,49551879","52,64380711"
25979,218112,Berlin,10,2021,10,15,5,3,5,7,0,0,1,0,0,0,0,0,"13,55701205","52,53439955"
25980,218111,Berlin,11,2021,10,13,6,3,2,6,0,0,1,0,0,0,0,1,"13,47625163","52,53310086"
25981,218110,Berlin,1,2021,10,16,6,3,0,7,0,0,1,0,1,0,0,1,"13,39461445","52,54585171"
25982,218109,Berlin,1,2021,10,16,6,3,6,7,0,0,0,1,0,0,1,0,"13,39995388","52,52956532"
25983,218108,Berlin,1,2021,11,14,2,3,5,2,0,0,1,0,0,0,1,0,"13,36540567","52,55711049"
25984,218107,Berlin,9,2021,11,8,6,3,5,2,0,0,1,0,0,0,0,1,"13,48623552","52,47522627"
25985,218106,Berlin,3,2021,11,8,4,3,6,4,0,0,0,1,0,0,1,1,"13,41159065","52,58228444"
25986,218105,Berlin,5,2021,10,15,6,3,2,6,0,0,1,0,0,0,0,0,"13,12869533","52,52729371"
25987,218104,Berlin,7,2021,10,11,3,3,5,2,0,0,1,0,0,0,1,0,"13,37092637","52,4092807"
25988,218103,Berlin,5,2021,10,6,4,3,5,3,1,1,1,0,0,0,0,0,"13,2053531","52,54177811"
25989,218102,Berlin,12,2021,11,9,2,3,6,4,0,0,1,1,0,0,0,1,"13,32831681","52,56544439"
25990,218101,Berlin,4,2021,10,11,3,3,0,6,0,1,0,0,0,0,1,1,"13,30833082","52,50021352"
25991,218100,Berlin,3,2021,10,12,4,3,2,6,0,1,0,0,0,0,0,0,"13,44370802","52,53954104"
25992,218099,Berlin,8,2021,11,16,7,3,5,3,2,1,1,0,0,0,0,0,"13,43427703","52,46318898"
25993,218098,Berlin,8,2021,11,16,2,3,5,3,2,1,1,0,0,0,0,1,"13,43815504","52,46707035"
25994,218097,Berlin,8,2021,11,6,3,2,5,3,1,0,1,0,0,0,0,1,"13,45236899","52,48121275"
25995,218096,Berlin,11,2021,11,15,2,3,2,6,0,0,1,0,0,0,0,0,"13,47148395","52,53814206"
25996,218095,Berlin,10,2021,10,10,7,3,5,3,0,0,1,0,0,0,0,0,"13,53977651","52,53982701"
25997,218094,Berlin,9,2021,10,10,7,2,6,4,0,0,1,1,0,0,0,0,"13,56622931","52,44515095"
25998,218093,Berlin,4,2021,11,14,3,3,2,2,0,0,1,0,0,0,0,0,"13,3195374","52,47168472"
25999,218092,Berlin,12,2021,11,18,5,3,5,2,1,1,1,0,0,0,0,1,"13,3066448","52,55522514"
26000,218091,Berlin,8,2021,10,0,1,3,2,6,2,0,1,0,0,0,0,0,"13,45241784","52,47114171"
26001,218090,Berlin,7,2021,10,12,4,3,2,6,0,0,1,0,0,0,0,1,"13,3480451","52,4650319"
26002,218089,Berlin,4,2021,10,4,3,3,0,2,2,0,0,0,1,1,0,0,"13,30790372","52,48860706"
26003,218088,Berlin,7,2021,10,16,2,2,7,7,0,1,0,0,0,0,0,0,"13,35899668","52,49832157"
26004,218087,Berlin,12,2021,11,18,4,3,0,2,2,1,1,0,0,0,0,0,"13,28384485","52,58297666"
26005,218086,Berlin,4,2021,11,18,3,3,6,4,1,0,1,1,0,0,0,0,"13,30907791","52,51654154"
26006,218085,Berlin,3,2021,10,15,4,3,5,3,0,1,1,0,0,0,0,0,"13,47800545","52,55568763"
26007,218084,Berlin,8,2021,10,13,6,3,1,1,0,0,1,0,0,0,1,1,"13,46740459","52,43373719"
26008,218083,Berlin,12,2021,11,15,6,3,2,6,0,0,1,0,0,0,0,0,"13,32140327","52,56038815"
26009,218082,Berlin,2,2021,11,13,2,3,0,6,0,1,1,0,0,0,0,0,"13,46692237","52,52014127"
26010,218081,Berlin,2,2021,11,14,4,3,3,6,0,1,1,0,0,0,0,0,"13,37567937","52,48503702"
26011,218080,Berlin,4,2021,11,9,3,3,5,2,0,1,1,0,0,0,0,0,"13,32266058","52,48817396"
26012,218079,Berlin,6,2021,10,11,7,3,5,3,0,1,1,0,0,0,0,0,"13,25291639","52,42585741"
26013,218078,Berlin,11,2021,10,8,4,3,2,6,0,0,1,0,1,0,0,0,"13,47659825","52,53270194"
26014,218077,Berlin,3,2021,10,11,2,3,1,1,0,0,1,0,0,0,0,0,"13,45117267","52,53555284"
26015,218076,Berlin,12,2021,11,7,2,3,5,3,0,1,1,0,0,0,0,0,"13,35823008","52,56938718"
26016,218075,Berlin,7,2021,11,17,4,3,2,6,2,0,1,0,0,0,0,0,"13,34485788","52,48914047"
26017,218074,Berlin,8,2021,11,13,6,3,2,6,0,0,1,0,0,0,0,0,"13,46246208","52,46921973"
26018,218073,Berlin,4,2021,10,15,3,2,5,3,0,0,1,0,0,0,1,1,"13,29955554","52,51940771"
26019,218072,Berlin,2,2021,10,16,5,3,0,1,0,1,1,0,0,0,0,1,"13,46715949","52,5079638"
26020,218071,Berlin,5,2021,11,14,6,2,6,4,0,0,1,1,0,0,0,0,"13,27260029","52,53693046"
26021,218070,Berlin,10,2021,11,6,3,3,1,5,1,0,1,0,0,1,0,1,"13,58452532","52,51531071"
26022,218069,Berlin,1,2021,10,9,5,3,2,2,0,0,1,0,1,0,0,0,"13,40884968","52,52420214"
26023,218068,Berlin,1,2021,10,20,7,3,5,7,2,0,1,0,1,0,0,0,"13,37778564","52,5079322"
26024,218067,Berlin,5,2021,10,12,1,2,4,1,0,0,1,0,0,0,0,0,"13,20513542","52,55566875"
26025,218066,Berlin,5,2021,10,6,6,3,2,6,1,0,1,0,1,0,0,0,"13,22933917","52,52809962"
26026,218065,Berlin,4,2021,11,15,2,3,2,2,0,0,1,0,1,0,0,0,"13,32524138","52,50245154"
26027,218064,Berlin,3,2021,11,13,5,3,5,3,0,0,1,0,0,0,0,1,"13,41842557","52,55500541"
26028,218063,Berlin,8,2021,11,10,5,3,0,5,0,0,1,0,0,0,1,1,"13,4272378","52,47510983"
26029,218062,Berlin,1,2021,10,23,1,3,5,3,2,1,0,0,0,0,0,0,"13,40007279","52,52882024"
26030,218061,Berlin,4,2021,10,13,5,3,5,3,0,0,1,0,0,0,0,0,"13,2581635","52,52057784"
26031,218060,Berlin,8,2021,10,13,3,2,2,7,0,0,1,0,0,0,0,0,"13,45692195","52,45333793"
26032,218059,Berlin,4,2021,11,19,2,3,0,2,2,1,1,0,0,0,0,1,"13,30241225","52,50686257"
26033,218058,Berlin,3,2021,11,9,5,3,5,2,0,1,1,0,0,0,0,0,"13,36872494","52,58798055"
26034,218057,Berlin,3,2021,11,18,7,3,5,7,2,0,1,0,0,0,0,0,"13,43031023","52,52878907"
26035,218056,Berlin,8,2021,10,7,3,2,5,3,1,1,1,0,0,0,0,1,"13,48357462","52,43127338"
26036,218055,Berlin,3,2021,10,7,4,3,2,6,0,1,0,0,0,0,0,0,"13,4120663","52,53111379"
26037,218054,Berlin,5,2021,11,17,7,3,6,2,2,0,1,1,0,0,0,1,"13,20828984","52,56150633"
26038,218053,Berlin,2,2021,11,20,1,3,6,4,2,0,1,1,0,0,0,1,"13,38226704","52,48997906"
26039,218052,Berlin,4,2021,10,19,5,3,1,5,2,1,1,0,0,0,0,0,"13,30942772","52,51115016"
26040,218051,Berlin,1,2021,10,12,6,3,5,3,0,1,1,0,0,0,0,1,"13,39496255","52,52804734"
26041,218050,Berlin,8,2021,10,9,4,3,1,5,0,1,1,0,0,0,1,1,"13,4449174","52,45297464"
26042,218049,Berlin,1,2021,11,20,6,3,6,4,2,1,0,1,0,0,0,0,"13,35908649","52,53404817"
26043,218048,Berlin,7,2021,11,17,3,3,2,6,2,1,1,0,0,0,0,0,"13,35963683","52,41906254"
26044,218047,Berlin,11,2021,10,15,5,3,5,2,0,1,1,0,0,0,0,0,"13,52546916","52,48155078"
26045,218046,Berlin,2,2021,10,8,6,3,5,7,0,0,1,0,0,0,0,0,"13,44158966","52,51579785"
26046,218045,Berlin,11,2021,10,10,1,3,2,6,0,0,1,0,1,0,0,0,"13,48535039","52,53108746"
26047,218044,Berlin,3,2021,10,9,6,3,5,3,0,1,1,0,0,0,0,0,"13,43460346","52,54960693"
26048,218043,Berlin,1,2021,11,11,2,2,3,6,0,0,1,0,1,0,0,0,"13,3989748","52,53913891"
26049,218042,Berlin,11,2021,11,13,5,3,3,6,0,0,1,0,0,0,0,1,"13,49178089","52,4919501"
26050,218041,Berlin,3,2021,11,8,3,3,5,3,0,0,1,0,1,0,0,0,"13,40021258","52,58043003"
26051,218040,Berlin,5,2021,10,16,1,2,8,1,0,1,1,0,0,0,0,0,"13,18203255","52,4823519"
26052,218039,Berlin,1,2021,10,17,5,3,2,7,1,0,0,0,1,0,1,0,"13,33876917","52,54370908"
26053,218038,Berlin,10,2021,10,11,2,2,6,7,0,0,1,1,0,0,0,0,"13,59163099","52,50684848"
26054,218037,Berlin,9,2021,11,16,2,3,2,6,2,0,1,0,0,0,0,1,"13,4790129","52,45894416"
26055,218036,Berlin,4,2021,11,20,5,3,2,6,2,0,1,0,0,0,0,1,"13,27976179","52,51829372"
26056,218035,Berlin,1,2021,11,16,1,3,2,6,1,0,1,0,0,0,0,1,"13,39553789","52,55505696"
26057,218034,Berlin,1,2021,10,9,2,3,5,2,0,0,1,0,0,0,1,1,"13,34673971","52,5402642"
26058,218033,Berlin,6,2021,10,16,1,3,5,3,0,0,1,0,0,0,0,0,"13,29456643","52,42707201"
26059,218032,Berlin,9,2021,11,20,7,3,6,2,2,0,1,1,0,0,0,1,"13,478569","52,4774961"
26060,218031,Berlin,7,2021,11,19,1,2,5,3,2,0,1,0,0,0,0,1,"13,37090027","52,40917205"
26061,218030,Berlin,10,2021,10,7,5,3,5,3,0,0,1,0,0,0,1,0,"13,55612261","52,52007708"
26062,218029,Berlin,3,2021,10,12,6,3,6,4,0,0,1,1,0,0,0,0,"13,45637575","52,53024568"
26063,218028,Berlin,11,2021,10,7,2,3,5,3,0,0,0,0,0,1,1,0,"13,49965943","52,52444851"
26064,218027,Berlin,8,2021,10,18,6,3,2,7,1,0,1,0,0,0,1,0,"13,43815179","52,48257301"
26065,218026,Berlin,10,2021,11,9,3,3,2,7,0,0,1,0,0,0,0,1,"13,56191578","52,54975614"
26066,218025,Berlin,6,2021,11,8,4,3,0,7,0,1,0,0,0,0,0,1,"13,30852417","52,4441729"
26067,218024,Berlin,4,2021,10,12,6,3,2,7,0,0,1,0,1,0,0,0,"13,30764046","52,49998457"
26068,218023,Berlin,9,2021,10,14,3,3,5,3,0,0,1,0,0,0,0,0,"13,53311015","52,43376102"
26069,218022,Berlin,8,2021,10,6,4,3,5,7,1,0,1,1,0,0,0,0,"13,42117876","52,48020349"
26070,218021,Berlin,1,2021,10,10,3,2,5,2,0,1,0,0,0,1,0,1,"13,40946721","52,52886778"
26071,218020,Berlin,4,2021,10,9,2,3,5,3,0,1,1,0,0,0,0,0,"13,32552833","52,49806809"
26072,218019,Berlin,12,2021,11,16,2,3,5,2,1,1,1,0,0,0,0,0,"13,31395729","52,57673185"
26073,218018,Berlin,8,2021,10,20,3,3,2,6,2,1,1,0,0,0,0,0,"13,43846093","52,46720179"
26074,218017,Berlin,11,2021,10,16,4,3,2,2,0,0,0,0,1,0,1,0,"13,47370386","52,53602738"
26075,218016,Berlin,12,2021,11,14,1,3,3,6,0,0,1,0,0,0,0,0,"13,30691665","52,55495332"
26076,218015,Berlin,12,2021,11,7,3,3,5,3,0,0,1,0,0,0,0,1,"13,33948659","52,56398355"
26077,218014,Berlin,11,2021,11,16,7,2,0,1,2,0,0,0,1,0,0,1,"13,52708985","52,56932554"
26078,218013,Berlin,5,2021,10,22,7,3,5,2,2,0,1,0,0,0,0,0,"13,22724605","52,54947433"
26079,218012,Berlin,10,2021,10,15,7,2,5,2,0,0,1,0,0,0,0,0,"13,53714809","52,5344868"
26080,218011,Berlin,4,2021,11,17,4,3,6,2,2,0,1,1,0,0,0,0,"13,28930439","52,50650463"
26081,218010,Berlin,10,2021,11,8,7,3,0,1,0,0,0,0,1,0,0,1,"13,57238447","52,5053555"
26082,218009,Berlin,1,2021,10,22,1,3,6,4,2,0,1,1,0,0,0,1,"13,40362705","52,52565476"
26083,218008,Berlin,4,2021,10,14,4,3,3,6,0,0,1,0,0,0,1,0,"13,28103969","52,47696757"
26084,218007,Berlin,9,2021,10,8,3,3,0,1,0,0,1,0,1,0,0,1,"13,62499647","52,44682349"
26085,218006,Berlin,9,2021,11,19,4,2,5,3,0,1,0,0,1,0,0,1,"13,62705147","52,44674347"
26086,218005,Berlin,4,2021,11,19,3,3,6,2,2,0,1,1,0,0,0,1,"13,31302029","52,48027672"
26087,218004,Berlin,2,2021,10,16,5,3,5,3,0,1,1,0,0,0,0,0,"13,39505167","52,50306522"
26088,218003,Berlin,8,2021,10,12,5,3,5,3,0,0,1,0,1,0,0,1,"13,42456264","52,47583143"
26089,218002,Berlin,7,2021,11,17,6,3,2,6,1,0,1,0,0,0,0,1,"13,3685892","52,48435537"
26090,218001,Berlin,5,2021,11,12,2,3,2,2,0,0,1,0,0,0,0,1,"13,19836232","52,54286565"
26091,218000,Berlin,9,2021,11,18,4,3,0,1,2,1,0,0,0,0,0,0,"13,58803638","52,44543781"
26092,217999,Berlin,3,2021,11,18,2,3,5,2,2,1,1,0,0,0,0,0,"13,41355387","52,5476486"
26093,217998,Berlin,1,2021,10,9,7,3,0,1,0,0,0,0,1,0,0,0,"13,35711628","52,52458328"
26094,217997,Berlin,7,2021,10,14,4,3,2,6,0,0,1,0,0,0,1,0,"13,37679563","52,477039"
26095,217996,Berlin,4,2021,10,8,2,3,5,3,0,0,1,0,0,0,0,0,"13,26181026","52,51875196"
26096,217995,Berlin,1,2021,10,16,1,3,4,6,0,1,0,0,0,0,1,1,"13,41831032","52,51683091"
26097,217994,Berlin,1,2021,11,2,5,3,5,3,2,0,1,0,0,0,0,0,"13,39099207","52,51565129"
26098,217993,Berlin,11,2021,11,15,7,3,5,3,1,0,1,0,1,0,0,0,"13,47340154","52,52304327"
26099,217992,Berlin,7,2021,10,21,2,3,5,2,2,0,1,0,0,0,1,0,"13,38544545","52,46609599"
26100,217991,Berlin,5,2021,10,11,5,1,6,4,0,0,0,1,0,1,0,0,"13,26726524","52,53677704"
26101,217990,Berlin,5,2021,11,12,6,3,2,7,0,0,1,0,1,0,0,0,"13,183132","52,51831104"
26102,217989,Berlin,3,2021,11,15,4,3,5,2,0,0,1,0,0,0,0,1,"13,43019683","52,58857029"