,id,city,district,year,month,hour,weekday,injury_level,collision,movement,light_conditions,bicycle,car,pedestrian,motorbike,truck,other_vehicle,road_conditions,longitude,latitude
26103,217988,Berlin,3,2021,10,18,5,3,5,3,1,1,1,0,0,0,0,0,"13,46114425","52,52974526"
26104,217987,Berlin,1,2021,10,18,4,3,1,5,2,1,1,0,0,0,0,1,"13,40858975","52,52428863"
26105,217986,Berlin,8,2021,10,22,7,3,2,6,2,0,1,0,0,0,0,0,"13,44672174","52,42685806"
26106,217985,Berlin,3,2021,10,8,6,3,5,2,0,1,1,0,0,0,0,0,"13,45781029","52,52903901"
26107,217984,Berlin,1,2021,11,19,2,2,2,6,2,0,1,0,1,0,0,0,"13,38562127","52,55014295"
26108,217983,Berlin,6,2021,11,17,5,3,6,4,2,0,1,1,0,0,0,1,"13,34388691","52,43520243"
26109,217982,Berlin,2,2021,11,6,3,3,0,2,1,0,1,0,1,0,0,0,"13,45818524","52,49957546"
26110,217981,Berlin,11,2021,10,10,1,3,5,2,0,0,1,0,1,0,0,0,"13,52975006","52,56989719"
26111,217980,Berlin,8,2021,10,14,5,3,5,2,0,0,1,0,1,0,0,0,"13,49040982","52,42783928"
26112,217979,Berlin,12,2021,10,14,3,3,5,2,0,1,1,0,0,0,0,1,"13,31139652","52,59304624"
26113,217978,Berlin,3,2021,10,8,3,3,0,1,0,0,0,0,1,0,0,1,"13,40089973","52,5695053"
26114,217977,Berlin,5,2021,11,15,2,3,6,7,0,0,0,1,0,0,1,0,"13,1913532","52,53230585"
26115,217976,Berlin,3,2021,11,19,7,3,0,5,2,1,0,0,0,0,1,0,"13,44029522","52,55603207"
26116,217975,Berlin,4,2021,11,8,2,3,5,2,0,1,1,0,0,0,0,0,"13,33602753","52,51421852"
26117,217974,Berlin,3,2021,10,11,3,3,5,3,0,0,1,0,0,0,0,1,"13,46057699","52,59363209"
26118,217973,Berlin,6,2021,10,8,4,3,5,2,0,1,1,0,0,0,0,0,"13,33740531","52,46259332"
26119,217972,Berlin,6,2021,11,18,7,3,1,5,2,0,1,0,0,0,0,1,"13,34093095","52,43351378"
26120,217971,Berlin,3,2021,11,14,1,3,1,5,0,1,1,0,0,0,0,0,"13,43560483","52,54255903"
26121,217970,Berlin,8,2021,11,8,3,3,0,7,0,1,1,0,0,0,0,1,"13,44203254","52,47391151"
26122,217969,Berlin,12,2021,11,13,7,3,1,5,0,1,1,0,0,0,0,0,"13,36656166","52,56392208"
26123,217968,Berlin,11,2021,10,11,6,3,5,2,0,0,1,0,1,0,0,0,"13,50192926","52,55810131"
26124,217967,Berlin,2,2021,10,2,6,2,0,1,2,0,0,0,1,0,0,1,"13,39968482","52,49393012"
26125,217966,Berlin,3,2021,10,14,2,3,6,4,0,0,1,1,0,0,0,0,"13,44227365","52,59104849"
26126,217965,Berlin,3,2021,10,23,6,3,1,5,2,1,1,0,0,0,0,0,"13,4137951","52,5423837"
26127,217964,Berlin,11,2021,11,9,3,3,2,6,0,0,1,0,0,0,0,1,"13,51655786","52,55200968"
26128,217963,Berlin,10,2021,11,8,5,3,5,2,0,1,1,0,0,0,0,0,"13,57350027","52,54652869"
26129,217962,Berlin,9,2021,10,14,6,3,5,2,0,1,1,0,0,0,0,0,"13,48700389","52,46552381"
26130,217961,Berlin,4,2021,10,14,6,3,2,6,0,1,1,0,0,0,0,0,"13,31205674","52,50632134"
26131,217960,Berlin,5,2021,10,16,3,2,5,2,0,1,1,0,0,0,0,0,"13,19953227","52,53488008"
26132,217959,Berlin,11,2021,10,16,3,3,1,5,0,1,0,0,0,0,1,0,"13,493281","52,54485322"
26133,217958,Berlin,1,2021,11,8,3,3,0,3,0,1,0,0,1,0,0,1,"13,41574317","52,52669911"
26134,217957,Berlin,8,2021,10,21,4,3,6,4,2,0,1,1,0,0,0,0,"13,43049149","52,46432957"
26135,217956,Berlin,12,2021,10,8,4,3,2,6,0,0,1,0,0,0,0,0,"13,34784239","52,57849934"
26136,217955,Berlin,4,2021,10,20,1,3,5,2,2,0,1,0,0,0,0,1,"13,29312735","52,53453253"
26137,217954,Berlin,8,2021,11,14,6,3,6,4,0,0,1,1,0,0,0,0,"13,43922814","52,48037888"
26138,217953,Berlin,10,2021,11,21,7,3,6,4,2,0,1,1,0,0,0,0,"13,51693025","52,53570218"
26139,217952,Berlin,7,2021,11,9,4,3,1,5,0,1,1,0,0,0,0,0,"13,33873132","52,46743925"
26140,217951,Berlin,11,2021,11,14,7,3,2,6,0,0,1,0,0,0,0,0,"13,52158287","52,50152252"
26141,217950,Berlin,7,2021,10,16,1,3,2,1,0,0,1,0,0,0,0,0,"13,39687626","52,4416982"
26142,217949,Berlin,10,2021,10,4,1,3,9,1,2,0,1,0,0,0,0,0,"13,57832561","52,56624903"
26143,217948,Berlin,12,2021,11,7,5,3,6,4,0,0,1,1,0,0,0,1,"13,37816924","52,56520394"
26144,217947,Berlin,1,2021,11,14,6,3,0,6,0,1,0,0,0,0,1,1,"13,38493317","52,53230241"
26145,217946,Berlin,12,2021,10,19,1,3,5,2,2,0,1,0,0,0,0,0,"13,36457493","52,56269862"
26146,217945,Berlin,6,2021,10,13,4,3,0,3,0,0,1,0,1,0,0,1,"13,33934775","52,46152904"
26147,217944,Berlin,4,2021,11,21,5,3,5,2,2,0,1,0,1,0,0,0,"13,32268216","52,48835897"
26148,217943,Berlin,6,2021,10,12,2,3,5,2,0,1,1,0,0,0,0,0,"13,23240479","52,43764858"
26149,217942,Berlin,1,2021,10,14,6,3,2,2,0,0,1,0,0,0,0,0,"13,3570834","52,52354714"
26150,217941,Berlin,9,2021,11,7,4,3,5,3,0,0,1,0,0,0,0,1,"13,6044026","52,45243554"
26151,217940,Berlin,8,2021,11,14,5,3,6,7,0,0,0,1,0,0,1,0,"13,43015349","52,48142012"
26152,217939,Berlin,7,2021,10,7,7,3,0,7,1,0,1,0,0,0,1,0,"13,34799814","52,5022838"
26153,217938,Berlin,2,2021,10,18,3,3,6,7,0,1,0,1,0,0,0,0,"13,46997986","52,50634014"
26154,217937,Berlin,8,2021,10,15,4,3,4,6,0,0,1,0,0,0,0,0,"13,43122135","52,48456313"
26155,217936,Berlin,5,2021,10,18,2,3,2,6,1,0,1,0,0,0,0,0,"13,12193661","52,52875771"
26156,217935,Berlin,6,2021,11,14,2,3,1,5,0,0,1,0,1,0,0,0,"13,34361488","52,4588665"
26157,217934,Berlin,7,2021,10,13,4,2,6,4,0,1,0,1,0,0,0,0,"13,35972414","52,41890838"
26158,217933,Berlin,3,2021,11,17,1,3,2,6,1,0,1,0,0,0,0,1,"13,45746045","52,5612475"
26159,217932,Berlin,4,2021,11,15,4,3,5,2,0,1,1,0,0,0,0,0,"13,31881632","52,51920785"
26160,217931,Berlin,9,2021,11,13,7,3,2,6,0,1,1,0,0,0,0,0,"13,57123625","52,40151287"
26161,217930,Berlin,3,2021,10,11,7,2,1,5,0,1,1,0,0,0,0,0,"13,40232939","52,56672751"
26162,217929,Berlin,5,2021,10,14,7,3,4,6,0,1,0,0,0,0,0,0,"13,22798217","52,53792556"
26163,217928,Berlin,4,2021,11,19,5,3,1,5,2,1,1,0,0,0,0,1,"13,30505126","52,49581389"
26164,217927,Berlin,1,2021,11,6,6,3,0,7,1,0,1,0,0,0,1,1,"13,37053492","52,52677163"
26165,217926,Berlin,11,2021,10,13,1,3,1,5,0,1,1,0,0,0,0,0,"13,49093223","52,52655399"
26166,217925,Berlin,3,2021,10,16,4,3,5,3,0,1,1,0,0,0,0,1,"13,37867873","52,57492395"
26167,217924,Berlin,1,2021,11,11,5,3,2,2,0,0,0,0,1,1,0,0,"13,38978625","52,53175407"
26168,217923,Berlin,11,2021,11,23,3,3,1,5,2,0,1,0,0,0,0,1,"13,50565423","52,50901053"
26169,217922,Berlin,8,2021,10,14,5,3,5,3,0,1,1,0,0,0,0,0,"13,43554468","52,48069031"
26170,217921,Berlin,2,2021,10,9,5,3,0,1,0,0,0,0,1,0,0,1,"13,45238404","52,51248438"
26171,217920,Berlin,10,2021,10,4,2,3,5,3,2,0,1,0,0,0,0,1,"13,57278714","52,55018203"
26172,217919,Berlin,7,2021,11,10,6,3,6,4,0,0,0,1,0,0,1,0,"13,34473315","52,46265523"
26173,217918,Berlin,8,2021,11,17,1,3,2,6,2,0,1,0,0,0,0,1,"13,43275018","52,46494905"
26174,217917,Berlin,1,2021,11,13,5,3,2,6,0,0,0,0,0,0,1,1,"13,35675868","52,55313693"
26175,217916,Berlin,10,2021,11,15,2,3,5,3,0,0,1,0,0,0,1,0,"13,60145897","52,48186428"
26176,217915,Berlin,2,2021,10,15,7,3,5,3,0,0,1,0,0,0,1,0,"13,39941554","52,49828752"
26177,217914,Berlin,4,2021,10,12,5,3,5,2,0,1,1,0,0,0,0,0,"13,28013138","52,51976111"
26178,217913,Berlin,11,2021,10,6,2,3,5,3,2,1,1,0,0,0,0,2,"13,51173038","52,51314073"
26179,217912,Berlin,12,2021,11,6,2,3,5,2,0,1,1,0,0,0,0,0,"13,35875652","52,59682299"
26180,217911,Berlin,11,2021,11,11,5,2,5,3,0,0,1,0,0,0,1,0,"13,52811113","52,55699601"
26181,217910,Berlin,2,2021,11,11,7,2,5,2,0,1,1,0,0,0,0,0,"13,39440272","52,50691914"
26182,217909,Berlin,4,2021,10,19,3,3,1,1,2,0,1,0,0,0,0,0,"13,3167378","52,51428215"
26183,217908,Berlin,1,2021,10,1,5,3,1,5,2,1,1,0,0,0,0,0,"13,34866832","52,53498653"
26184,217907,Berlin,5,2021,11,17,6,2,5,3,1,0,1,0,1,0,1,0,"13,16796744","52,55075914"
26185,217906,Berlin,2,2021,10,20,5,3,5,3,2,1,1,0,0,0,0,0,"13,41029524","52,50378415"
26186,217905,Berlin,9,2021,10,15,4,3,2,6,0,0,1,0,0,0,0,1,"13,71941115","52,43137866"
26187,217904,Berlin,5,2021,10,10,7,3,2,6,0,0,1,0,0,0,0,1,"13,20873701","52,56536304"
26188,217903,Berlin,6,2021,10,8,5,3,5,3,0,0,1,0,0,0,0,0,"13,29455596","52,42693942"
26189,217902,Berlin,2,2021,11,13,2,2,5,3,0,1,1,0,0,0,0,0,"13,43752333","52,51105933"
26190,217901,Berlin,8,2021,11,16,5,3,2,6,2,0,1,0,0,0,0,1,"13,41035633","52,41677544"
26191,217900,Berlin,2,2021,11,22,4,3,1,5,2,1,1,0,0,0,0,1,"13,46122677","52,50869461"
26192,217899,Berlin,11,2021,10,13,7,2,3,6,0,0,1,0,1,0,0,0,"13,48603509","52,57728863"
26193,217898,Berlin,1,2021,10,8,5,3,2,6,0,0,1,0,0,0,0,0,"13,39292217","52,54236051"
26194,217897,Berlin,9,2021,10,14,3,2,5,3,0,0,1,0,1,0,0,0,"13,5269814","52,42457145"
26195,217896,Berlin,8,2021,11,15,3,3,5,7,0,0,1,0,0,0,1,0,"13,44806489","52,43696283"
26196,217895,Berlin,3,2021,11,10,6,3,0,7,0,1,0,0,0,0,0,1,"13,43434827","52,54970556"
26197,217894,Berlin,11,2021,11,14,2,3,6,4,0,0,0,1,0,0,1,0,"13,51325201","52,56644973"
26198,217893,Berlin,1,2021,10,9,2,3,0,1,0,1,0,0,0,0,0,0,"13,34240298","52,50589065"
26199,217892,Berlin,9,2021,10,7,4,3,8,1,0,0,1,0,0,0,0,1,"13,64790515","52,35265845"
26200,217891,Berlin,4,2021,10,18,2,3,0,1,1,0,0,0,0,0,1,0,"13,3310275","52,49490148"
26201,217890,Berlin,7,2021,11,14,7,3,6,4,0,0,1,1,0,0,0,1,"13,37570229","52,41489587"
26202,217889,Berlin,1,2021,11,18,2,3,2,2,2,0,1,0,1,0,0,1,"13,34154288","52,53225699"
26203,217888,Berlin,5,2021,11,21,3,3,8,7,2,0,1,0,0,0,0,0,"13,24777131","52,54726278"
26204,217887,Berlin,1,2021,11,9,6,3,2,6,0,0,1,0,0,0,1,1,"13,34926497","52,50317947"
26205,217886,Berlin,8,2021,10,18,6,2,5,2,1,0,1,0,1,0,0,0,"13,50345017","52,41162323"
26206,217885,Berlin,8,2021,10,12,1,3,5,5,0,0,1,0,1,0,0,0,"13,43693558","52,41741798"
26207,217884,Berlin,10,2021,10,12,7,3,0,7,0,0,1,0,0,0,0,0,"13,55866767","52,48130723"
26208,217883,Berlin,3,2021,11,9,3,3,4,6,0,1,1,0,0,0,0,1,"13,41884704","52,55115178"
26209,217882,Berlin,3,2021,11,12,5,3,5,3,0,1,1,0,0,0,0,0,"13,42671293","52,56502994"
26210,217881,Berlin,7,2021,10,9,7,3,5,3,0,0,1,0,0,0,1,0,"13,37221997","52,4697315"
26211,217880,Berlin,3,2021,10,22,6,3,6,4,2,0,0,1,0,0,1,0,"13,48687539","52,55646368"
26212,217879,Berlin,9,2021,10,12,3,3,0,2,0,0,1,0,1,0,0,0,"13,52641724","52,42460177"
26213,217878,Berlin,1,2021,10,8,4,3,5,2,0,1,1,0,0,0,0,0,"13,34492472","52,53907704"
26214,217877,Berlin,2,2021,10,19,2,3,1,5,1,1,1,0,0,0,0,1,"13,4523427","52,52491756"
26215,217876,Berlin,8,2021,11,10,3,3,5,3,0,0,1,0,1,0,0,1,"13,4791665","52,43675718"
26216,217875,Berlin,1,2021,10,6,4,3,6,4,1,0,0,1,1,0,0,1,"13,39356313","52,54128315"
26217,217874,Berlin,1,2021,10,9,4,3,6,7,0,0,0,1,0,0,1,0,"13,40959991","52,51952192"
26218,217873,Berlin,5,2021,11,17,6,2,6,4,1,0,1,1,0,0,0,0,"13,17500298","52,52393129"
26219,217872,Berlin,9,2021,11,10,1,2,5,2,0,0,1,0,0,0,1,1,"13,55438171","52,45569511"
26220,217871,Berlin,4,2021,11,14,4,3,5,3,0,1,1,0,0,0,0,0,"13,28503043","52,51872139"
26221,217870,Berlin,11,2021,11,1,1,3,0,1,2,1,0,0,0,0,0,0,"13,47552167","52,50262243"
26222,217869,Berlin,6,2021,10,15,4,2,6,4,0,0,1,1,0,0,0,0,"13,34346646","52,4349573"
26223,217868,Berlin,10,2021,10,16,2,3,5,2,0,1,1,0,0,0,0,0,"13,58687057","52,51231843"
26224,217867,Berlin,1,2021,10,19,1,3,5,3,2,0,1,0,0,0,0,0,"13,31440897","52,53025517"
26225,217866,Berlin,12,2021,11,7,4,3,1,5,0,0,1,0,0,0,1,0,"13,33009012","52,58689417"
26226,217865,Berlin,3,2021,11,9,6,3,6,4,0,0,1,1,0,0,0,1,"13,40951853","52,54735414"
26227,217864,Berlin,1,2021,10,9,2,3,5,2,0,0,1,0,0,0,0,1,"13,34970019","52,5030746"
26228,217863,Berlin,1,2021,10,12,4,3,5,3,0,1,0,0,0,0,1,1,"13,379491","52,52340233"
26229,217862,Berlin,4,2021,11,16,5,3,6,4,2,0,1,1,0,0,0,1,"13,28675244","52,53671815"
26230,217861,Berlin,2,2021,11,14,4,2,0,3,0,0,1,0,1,0,0,1,"13,41983134","52,49639067"
26231,217860,Berlin,8,2021,10,9,5,2,6,2,0,0,0,1,1,0,0,0,"13,43548543","52,48088961"
26232,217859,Berlin,9,2021,10,6,5,2,6,4,2,1,0,1,0,0,0,1,"13,44860032","52,48813053"
26233,217858,Berlin,1,2021,10,11,6,2,0,1,0,0,0,0,1,0,0,0,"13,3718762","52,50909365"
26234,217857,Berlin,1,2021,11,19,2,3,1,5,1,1,1,0,0,0,0,0,"13,37273847","52,53840513"
26235,217856,Berlin,4,2021,11,17,5,3,6,2,2,0,1,1,0,0,0,1,"13,3065373","52,52874877"
26236,217855,Berlin,1,2021,11,7,2,3,0,2,1,1,1,0,0,0,0,1,"13,37668647","52,50840008"
26237,217854,Berlin,11,2021,10,17,7,3,5,7,0,1,1,0,0,0,0,0,"13,5188032","52,50933317"
26238,217853,Berlin,7,2021,10,8,5,3,5,3,0,1,1,0,0,0,0,0,"13,36343586","52,47862837"
26239,217852,Berlin,2,2021,10,8,3,2,0,2,0,0,1,0,1,0,0,1,"13,44989447","52,51289388"
26240,217851,Berlin,4,2021,11,17,2,3,6,7,2,0,1,1,0,0,0,1,"13,3205333","52,4992207"
26241,217850,Berlin,2,2021,11,19,5,3,0,4,2,0,0,1,1,0,0,1,"13,40223951","52,50381189"
26242,217849,Berlin,12,2021,11,10,7,3,5,3,0,0,1,0,0,0,0,1,"13,22610274","52,587207"
26243,217848,Berlin,1,2021,10,10,3,3,6,4,0,0,1,1,0,0,0,1,"13,40060993","52,53049905"
26244,217847,Berlin,8,2021,11,13,5,3,5,3,0,1,1,0,0,0,0,0,"13,4368387","52,46516285"
26245,217846,Berlin,10,2021,10,19,5,2,6,4,2,0,0,1,0,0,1,0,"13,56803984","52,54527309"
26246,217845,Berlin,6,2021,10,18,6,3,6,2,1,0,1,1,0,0,0,1,"13,34560149","52,43618837"
26247,217844,Berlin,4,2021,10,16,6,3,2,6,0,0,1,0,0,0,0,1,"13,29538675","52,51931257"
26248,217843,Berlin,2,2021,10,20,6,3,5,2,2,1,1,0,0,0,0,0,"13,43768295","52,50034193"
26249,217842,Berlin,4,2021,11,16,3,3,0,1,0,0,0,0,1,0,0,0,"13,31240657","52,4915879"
26250,217841,Berlin,2,2021,11,18,5,3,8,1,2,0,1,0,0,0,0,1,"13,4315377","52,49685089"
26251,217840,Berlin,5,2021,11,17,4,3,5,3,2,0,1,0,1,0,0,0,"13,18477039","52,52697096"
26252,217839,Berlin,5,2021,10,18,1,3,2,7,0,1,0,0,1,0,0,0,"13,20795482","52,5576881"
26253,217838,Berlin,1,2021,11,8,4,3,5,2,0,1,1,0,0,0,0,1,"13,37375783","52,52418594"
26254,217837,Berlin,1,2021,10,16,5,3,3,6,0,0,1,0,0,0,1,0,"13,38799844","52,52187829"
26255,217836,Berlin,1,2021,10,14,5,3,2,6,0,0,1,0,0,0,0,1,"13,35122572","52,50466472"
26256,217835,Berlin,1,2021,10,12,6,3,2,6,0,1,0,0,0,0,0,0,"13,411013","52,52787424"
26257,217834,Berlin,11,2021,11,9,2,3,2,6,0,0,1,0,0,0,1,1,"13,51656345","52,55201126"
26258,217833,Berlin,5,2021,11,18,5,3,5,2,2,0,1,0,0,0,1,1,"13,19704577","52,53832298"
26259,217832,Berlin,4,2021,11,10,2,3,5,3,0,1,1,0,0,0,0,0,"13,30155862","52,49450269"
26260,217831,Berlin,9,2021,10,17,7,3,0,1,0,1,0,0,0,0,0,0,"13,5883239","52,41858218"
26261,217830,Berlin,1,2021,10,11,5,3,6,4,0,0,1,1,0,0,0,0,"13,34320618","52,53202683"
26262,217829,Berlin,5,2021,10,7,2,3,5,3,0,0,1,0,1,0,0,0,"13,26492522","52,53666072"
26263,217828,Berlin,9,2021,11,10,2,2,6,4,0,0,0,1,1,0,0,0,"13,4846966","52,46361854"
26264,217827,Berlin,11,2021,11,12,5,3,5,3,0,1,1,0,0,0,0,1,"13,47143742","52,53549986"
26265,217826,Berlin,9,2021,11,21,7,3,5,2,2,0,1,0,0,0,0,0,"13,58308838","52,45536006"
26266,217825,Berlin,10,2021,10,9,3,3,5,2,0,0,0,0,0,1,1,1,"13,5366765","52,5396342"
26267,217824,Berlin,4,2021,10,17,5,3,1,3,0,0,1,0,0,0,0,1,"13,32348504","52,51586753"
26268,217823,Berlin,6,2021,11,15,7,3,5,3,2,0,1,0,0,0,1,1,"13,32239085","52,45064055"
26269,217822,Berlin,1,2021,10,8,6,3,1,5,0,1,0,0,0,1,0,0,"13,33809646","52,51960817"
26270,217821,Berlin,2,2021,10,18,6,3,3,2,1,0,0,0,0,0,1,1,"13,39445719","52,50112152"
26271,217820,Berlin,10,2021,10,16,6,3,5,3,0,0,1,0,0,0,1,1,"13,61288436","52,50616805"
26272,217819,Berlin,4,2021,10,17,7,3,5,3,0,0,1,0,1,0,0,0,"13,31316453","52,50141493"
26273,217818,Berlin,2,2021,11,7,3,3,5,3,0,1,1,0,0,0,0,1,"13,44189408","52,50126515"
26274,217817,Berlin,11,2021,11,6,6,1,6,4,2,0,0,1,0,0,1,1,"13,48512573","52,5335046"
26275,217816,Berlin,5,2021,11,16,4,3,5,2,1,0,1,0,0,0,0,0,"13,17184121","52,54994827"
26276,217815,Berlin,3,2021,10,12,1,2,6,4,0,0,0,1,1,0,0,0,"13,44160629","52,53227121"
26277,217814,Berlin,3,2021,10,16,5,3,0,1,0,1,0,0,0,0,0,0,"13,41807035","52,54637038"
26278,217813,Berlin,9,2021,10,16,3,3,6,4,0,0,0,1,0,0,1,1,"13,50243452","52,44374089"
26279,217812,Berlin,8,2021,11,19,6,3,2,6,1,0,1,0,0,0,1,0,"13,43065027","52,46863511"
26280,217811,Berlin,3,2021,11,20,2,2,6,7,2,0,1,1,0,0,0,0,"13,46538812","52,55755225"
26281,217810,Berlin,2,2021,10,9,3,3,2,7,0,0,1,0,0,0,1,0,"13,43024187","52,52329511"
26282,217809,Berlin,2,2021,11,20,7,3,5,2,2,0,1,1,0,0,0,1,"13,42209391","52,49298978"
26283,217808,Berlin,12,2021,11,12,1,2,5,3,0,1,1,0,0,0,0,1,"13,33111867","52,59481643"
26284,217807,Berlin,1,2021,11,16,4,3,5,3,0,0,1,0,0,0,0,0,"13,36217995","52,55200887"
26285,217806,Berlin,6,2021,11,16,6,3,5,2,0,1,1,0,0,0,0,0,"13,22978282","52,43076047"
26286,217805,Berlin,8,2021,10,11,6,3,1,5,0,1,0,0,0,1,0,0,"13,43965167","52,48153529"
26287,217804,Berlin,3,2021,10,11,7,2,5,3,0,0,1,0,1,0,0,0,"13,47607997","52,60545825"
26288,217803,Berlin,4,2021,10,18,7,3,5,2,1,1,1,0,0,0,0,0,"13,29522835","52,5068658"
26289,217802,Berlin,4,2021,11,18,3,3,2,6,2,0,1,0,0,0,0,0,"13,33739043","52,50377876"
26290,217801,Berlin,10,2021,11,18,5,3,6,4,1,0,1,1,0,0,0,1,"13,52700336","52,51620061"
26291,217800,Berlin,3,2021,10,12,7,3,5,3,0,0,1,0,0,0,0,0,"13,41348286","52,54765484"
26292,217799,Berlin,7,2021,10,14,6,3,5,2,0,0,1,0,0,0,0,0,"13,3891474","52,39847583"
26293,217798,Berlin,11,2021,10,15,3,3,2,6,0,0,1,0,0,1,0,0,"13,51423234","52,53514613"
26294,217797,Berlin,11,2021,10,4,4,2,5,2,2,0,1,0,1,0,0,0,"13,50296938","52,55442785"
26295,217796,Berlin,1,2021,10,8,3,3,0,1,0,1,0,0,0,0,0,1,"13,38512094","52,53113123"
26296,217795,Berlin,2,2021,11,17,5,3,3,6,2,1,1,0,0,0,0,1,"13,40909382","52,50154896"
26297,217794,Berlin,8,2021,11,18,3,3,5,3,2,1,1,0,0,0,0,1,"13,43794409","52,48809399"
26298,217793,Berlin,5,2021,10,7,4,3,5,2,0,1,1,0,0,0,0,1,"13,17711955","52,52542344"
26299,217792,Berlin,2,2021,10,18,4,3,1,5,0,0,1,0,0,0,0,0,"13,46593307","52,50491261"
26300,217791,Berlin,8,2021,11,23,6,3,2,6,2,0,1,0,0,0,0,0,"13,47785428","52,4100837"
26301,217790,Berlin,9,2021,11,16,7,3,3,7,1,0,1,0,0,0,0,0,"13,55204881","52,43000047"
26302,217789,Berlin,7,2021,11,15,4,3,5,2,0,1,0,0,0,1,0,0,"13,3615403","52,41241146"
26303,217788,Berlin,12,2021,11,21,1,3,5,3,2,0,1,0,0,0,0,0,"13,36438302","52,56265206"
26304,217787,Berlin,8,2021,10,8,7,2,5,2,0,0,1,0,0,0,0,0,"13,49529859","52,43165729"
26305,217786,Berlin,2,2021,10,17,4,3,5,3,1,0,1,0,0,0,0,0,"13,46690205","52,52009893"
26306,217785,Berlin,4,2021,10,5,1,3,8,1,2,0,1,0,0,0,0,0,"13,3003909","52,5225986"
26307,217784,Berlin,5,2021,10,20,1,3,2,6,2,0,1,0,0,0,0,0,"13,14800759","52,53281781"
26308,217783,Berlin,5,2021,11,15,5,3,2,2,0,0,1,0,0,0,0,0,"13,15805007","52,53316738"
26309,217782,Berlin,10,2021,11,15,6,3,5,2,0,0,1,0,0,0,0,0,"13,5171384","52,53547129"
26310,217781,Berlin,2,2021,10,18,7,3,2,2,1,0,1,0,0,0,0,0,"13,40209357","52,4925227"
26311,217780,Berlin,3,2021,10,18,5,3,6,2,2,0,1,1,0,0,0,1,"13,40663536","52,56540543"
26312,217779,Berlin,3,2021,11,18,5,2,5,2,2,1,0,0,0,0,0,0,"13,42698872","52,56433822"
26313,217778,Berlin,1,2021,11,5,3,3,2,6,2,0,1,0,0,0,0,1,"13,38359147","52,55577974"
26314,217777,Berlin,4,2021,10,14,5,3,5,2,0,1,1,0,0,0,0,0,"13,31729591","52,51216606"
26315,217776,Berlin,10,2021,10,14,5,3,5,3,0,1,1,0,0,0,0,1,"13,60555366","52,48780172"
26316,217775,Berlin,3,2021,10,15,5,3,2,6,0,1,1,0,0,0,0,0,"13,45951335","52,64604121"
26317,217774,Berlin,1,2021,11,7,2,3,2,6,0,0,1,0,0,0,0,1,"13,36002814","52,5371801"
26318,217773,Berlin,7,2021,11,16,5,3,1,5,1,1,1,0,0,0,0,1,"13,33529722","52,4737629"
26319,217772,Berlin,7,2021,11,12,3,3,5,7,0,0,1,0,0,1,0,0,"13,36049041","52,41050147"
26320,217771,Berlin,11,2021,10,12,2,3,5,7,0,0,1,0,0,0,1,0,"13,47790292","52,51463855"
26321,217770,Berlin,12,2021,10,8,5,3,5,2,0,0,1,0,1,0,0,0,"13,34514037","52,58129556"
26322,217769,Berlin,11,2021,10,7,3,3,6,4,0,0,1,1,0,0,0,0,"13,47949415","52,52687124"
26323,217768,Berlin,4,2021,11,16,3,3,2,7,1,0,1,0,0,0,0,0,"13,22327074","52,51023274"
26324,217767,Berlin,10,2021,11,12,5,3,5,3,0,1,1,0,0,0,0,0,"13,61992887","52,53953529"
26325,217766,Berlin,3,2021,11,16,1,3,5,3,1,0,1,0,0,0,0,1,"13,36995187","52,58934391"
26326,217765,Berlin,1,2021,10,8,2,3,6,4,0,1,0,1,0,0,0,0,"13,34759624","52,50699081"
26327,217764,Berlin,2,2021,10,19,2,3,5,3,1,0,1,0,0,0,1,0,"13,44064035","52,51711811"
26328,217763,Berlin,1,2021,11,16,7,3,6,4,2,0,1,1,0,0,0,1,"13,37774713","52,50786628"
26329,217762,Berlin,6,2021,10,18,5,3,6,2,1,0,1,1,0,0,0,0,"13,29079102","52,44829785"
26330,217761,Berlin,4,2021,10,0,7,2,8,1,2,0,1,0,0,0,0,0,"13,31360417","52,51534384"
26331,217760,Berlin,12,2021,10,20,6,3,0,3,2,0,1,0,1,0,0,1,"13,32626982","52,60861904"
26332,217759,Berlin,1,2021,10,15,6,3,6,4,0,1,0,1,0,0,0,0,"13,34670603","52,51942919"
26333,217758,Berlin,5,2021,11,15,2,3,5,2,0,0,1,0,0,0,0,1,"13,19955568","52,53468017"
26334,217757,Berlin,4,2021,11,7,6,3,1,5,0,1,1,0,0,0,0,1,"13,30094947","52,50509562"
26335,217756,Berlin,9,2021,11,17,4,3,6,4,2,0,0,1,0,0,1,0,"13,51352629","52,46256485"