,id,city,district,year,month,hour,weekday,injury_level,collision,movement,light_conditions,bicycle,car,pedestrian,motorbike,truck,other_vehicle,road_conditions,longitude,latitude
26336,217755,Berlin,4,2021,10,0,6,3,0,1,2,1,0,0,0,0,0,0,"13,33886339","52,50268646"
26337,217754,Berlin,11,2021,10,10,3,3,5,3,0,0,1,0,0,0,0,0,"13,49982712","52,53437321"
26338,217753,Berlin,8,2021,10,19,3,3,1,5,2,1,1,0,0,0,0,1,"13,43834645","52,48267346"
26339,217752,Berlin,12,2021,11,12,3,3,5,3,0,0,1,0,1,0,0,1,"13,33774443","52,6114735"
26340,217751,Berlin,4,2021,10,7,3,3,1,5,1,1,1,0,0,0,0,1,"13,31852361","52,49192894"
26341,217750,Berlin,1,2021,10,13,4,3,4,1,0,0,1,0,1,0,0,0,"13,39172821","52,55563195"
26342,217749,Berlin,1,2021,11,12,1,3,5,3,0,0,1,0,0,0,0,1,"13,42199267","52,50510059"
26343,217748,Berlin,7,2021,11,6,2,2,5,5,2,0,1,0,1,0,0,1,"13,35118196","52,41548354"
26344,217747,Berlin,3,2021,11,14,4,3,8,1,0,0,1,0,0,0,0,0,"13,45218475","52,59976551"
26345,217746,Berlin,5,2021,11,15,7,3,6,4,0,0,1,1,0,0,0,0,"13,19545722","52,53338794"
26346,217745,Berlin,1,2021,10,9,7,3,5,3,0,1,1,0,0,0,0,0,"13,38827762","52,52027791"
26347,217744,Berlin,12,2021,10,10,7,2,5,2,0,0,1,0,0,0,0,0,"13,33294433","52,59544761"
26348,217743,Berlin,3,2021,11,15,3,3,0,6,0,1,0,0,0,0,1,0,"13,39940977","52,54643621"
26349,217742,Berlin,10,2021,11,13,5,3,5,3,0,0,1,0,0,0,0,0,"13,5687763","52,54461708"
26350,217741,Berlin,4,2021,10,20,7,3,0,7,2,1,0,0,0,0,0,0,"13,2735327","52,54174174"
26351,217740,Berlin,6,2021,10,9,4,3,1,5,0,0,1,0,0,0,0,0,"13,25438428","52,45085501"
26352,217739,Berlin,1,2021,10,8,3,2,5,3,0,0,1,0,0,0,1,1,"13,3989326","52,50822652"
26353,217738,Berlin,6,2021,11,16,4,3,5,2,2,1,1,0,0,0,0,1,"13,312288","52,43034985"
26354,217737,Berlin,4,2021,11,20,3,2,5,2,2,0,1,0,0,0,0,1,"13,32610691","52,53836698"
26355,217736,Berlin,4,2021,10,16,4,3,3,6,0,0,1,0,0,1,0,0,"13,27612951","52,50734265"
26356,217735,Berlin,7,2021,10,14,3,3,2,6,0,0,1,0,0,0,0,0,"13,36992491","52,46711642"
26357,217734,Berlin,2,2021,10,13,4,3,1,5,0,1,1,0,0,0,0,0,"13,41747697","52,49056775"
26358,217733,Berlin,7,2021,11,10,2,3,6,2,0,0,1,1,0,0,0,0,"13,38440213","52,48167226"
26359,217732,Berlin,6,2021,10,7,3,3,6,2,2,0,1,1,0,0,0,1,"13,36199819","52,43465051"
26360,217731,Berlin,12,2021,11,4,7,2,1,5,2,1,1,0,0,0,0,0,"13,25828718","52,56839333"
26361,217730,Berlin,4,2021,11,13,2,3,5,2,0,1,1,0,0,0,0,1,"13,31729575","52,51216626"
26362,217729,Berlin,8,2021,11,6,3,3,2,6,2,0,1,0,0,0,0,1,"13,43569401","52,42327547"
26363,217728,Berlin,8,2021,11,8,6,3,2,6,0,1,1,0,0,0,0,0,"13,49507671","52,42101"
26364,217727,Berlin,8,2021,10,2,7,3,0,1,2,0,0,0,0,0,1,0,"13,42077881","52,48028557"
26365,217726,Berlin,7,2021,10,11,7,3,5,3,0,0,1,0,0,0,1,0,"13,39646306","52,39698537"
26366,217725,Berlin,11,2021,11,10,3,3,0,2,0,1,1,0,0,0,0,1,"13,50536912","52,53455646"
26367,217724,Berlin,1,2021,11,18,5,3,5,7,2,0,1,0,0,0,1,1,"13,38793835","52,52218069"
26368,217723,Berlin,1,2021,10,14,7,2,6,7,0,0,0,1,0,0,1,0,"13,38203567","52,55292317"
26369,217722,Berlin,10,2021,10,15,6,3,6,2,0,0,1,1,0,0,0,0,"13,60465709","52,53215762"
26370,217721,Berlin,7,2021,10,21,3,3,0,7,2,1,0,0,0,0,0,1,"13,36149085","52,49780742"
26371,217720,Berlin,9,2021,10,6,3,2,6,4,2,0,1,1,0,0,0,1,"13,55961057","52,43550581"
26372,217719,Berlin,2,2021,11,19,4,3,0,6,2,0,1,0,1,0,0,1,"13,41761383","52,50174826"
26373,217718,Berlin,6,2021,11,20,3,3,0,7,2,0,0,0,0,0,1,1,"13,32260945","52,46374572"
26374,217717,Berlin,7,2021,10,11,4,2,5,2,0,0,1,0,1,0,0,0,"13,39155478","52,41942585"
26375,217716,Berlin,4,2021,10,9,6,3,2,6,0,0,1,0,0,0,1,1,"13,2833939","52,53381083"
26376,217715,Berlin,3,2021,11,21,6,2,2,6,2,0,1,0,0,0,0,0,"13,42419582","52,59403018"
26377,217714,Berlin,2,2021,11,10,7,3,5,2,0,0,1,0,0,0,0,0,"13,39438846","52,50111736"
26378,217713,Berlin,12,2021,11,18,4,3,0,7,1,0,1,0,0,0,1,0,"13,32243623","52,56538485"
26379,217712,Berlin,7,2021,11,16,2,3,6,2,0,0,1,1,0,0,0,0,"13,34519262","52,49037761"
26380,217711,Berlin,3,2021,10,10,7,3,0,2,0,1,1,0,0,0,0,0,"13,41092805","52,56117488"
26381,217710,Berlin,1,2021,10,17,4,2,6,4,0,0,0,1,0,0,1,0,"13,33412148","52,52438474"
26382,217709,Berlin,6,2021,10,17,2,3,0,1,1,1,0,0,0,0,0,0,"13,23224473","52,43752978"
26383,217708,Berlin,2,2021,11,9,2,3,5,2,0,0,1,0,0,0,1,0,"13,44902719","52,52432225"
26384,217707,Berlin,3,2021,11,8,4,3,5,2,0,1,0,0,0,0,1,0,"13,4598737","52,59353666"
26385,217706,Berlin,11,2021,11,10,6,3,5,3,0,0,1,0,0,0,0,1,"13,46687958","52,52840521"
26386,217705,Berlin,2,2021,10,13,1,3,5,3,0,0,1,0,1,0,0,0,"13,39957858","52,49387807"
26387,217704,Berlin,7,2021,10,23,4,3,0,1,2,0,0,0,0,0,1,0,"13,3496985","52,49561053"
26388,217703,Berlin,2,2021,11,14,6,3,0,7,0,0,0,0,1,0,0,0,"13,45094471","52,5269789"
26389,217702,Berlin,1,2021,11,9,4,3,5,2,0,1,1,0,0,0,0,1,"13,35467776","52,5170378"
26390,217701,Berlin,2,2021,10,18,4,3,6,4,2,0,1,1,0,0,0,0,"13,41534915","52,50313183"
26391,217700,Berlin,10,2021,10,8,7,3,5,3,0,0,1,0,0,0,0,1,"13,57871987","52,56610806"
26392,217699,Berlin,11,2021,10,14,6,3,5,2,0,0,0,0,0,0,1,0,"13,47343365","52,53600213"
26393,217698,Berlin,11,2021,11,6,3,3,5,3,1,0,1,0,1,0,0,1,"13,5055096","52,51138924"
26394,217697,Berlin,1,2021,11,19,5,2,6,2,1,0,1,1,0,0,0,1,"13,39103733","52,5445628"
26395,217696,Berlin,2,2021,11,9,4,3,5,2,0,1,1,0,0,0,0,1,"13,39438668","52,50701462"
26396,217695,Berlin,2,2021,10,5,7,2,1,5,2,1,1,0,0,0,0,0,"13,40243485","52,49230361"
26397,217694,Berlin,8,2021,10,16,5,3,6,7,0,0,1,1,0,0,0,0,"13,48868743","52,42672121"
26398,217693,Berlin,6,2021,10,9,3,3,0,2,0,1,1,0,0,0,0,1,"13,35020817","52,43420167"
26399,217692,Berlin,7,2021,10,22,2,3,5,7,2,0,0,0,1,0,1,0,"13,36931014","52,45095059"
26400,217691,Berlin,11,2021,11,16,2,3,3,6,1,1,0,0,0,0,0,1,"13,50525509","52,56303169"
26401,217690,Berlin,6,2021,11,15,6,3,9,1,0,0,1,0,0,0,0,1,"13,1907742","52,45431283"
26402,217689,Berlin,3,2021,11,5,7,3,0,6,2,0,1,0,0,0,0,0,"13,38770016","52,58953163"
26403,217688,Berlin,10,2021,10,13,3,3,1,5,0,0,1,0,0,0,0,1,"13,59457879","52,48233674"
26404,217687,Berlin,1,2021,11,16,7,3,3,6,2,0,1,0,1,0,0,1,"13,38761823","52,54878044"
26405,217686,Berlin,2,2021,11,17,2,3,6,2,2,0,1,1,0,0,0,1,"13,37665252","52,48781982"
26406,217685,Berlin,10,2021,10,6,5,3,5,2,0,0,1,0,0,0,0,0,"13,53262606","52,52177576"
26407,217684,Berlin,2,2021,10,7,6,3,1,5,2,1,1,0,0,0,0,0,"13,44701828","52,52077451"
26408,217683,Berlin,1,2021,10,16,2,3,6,4,0,1,0,1,0,0,0,0,"13,38320282","52,55423838"
26409,217682,Berlin,4,2021,10,14,6,3,1,5,0,0,1,0,1,0,0,0,"13,31416252","52,48122118"
26410,217681,Berlin,1,2021,11,9,4,3,3,6,0,0,0,0,1,0,1,0,"13,39376448","52,51072974"
26411,217680,Berlin,8,2021,11,17,5,3,1,5,2,0,1,0,0,0,0,1,"13,44683538","52,47410979"
26412,217679,Berlin,4,2021,10,14,6,3,2,6,0,0,1,0,0,0,0,0,"13,30221574","52,50685731"
26413,217678,Berlin,7,2021,10,8,3,2,5,2,0,1,1,0,0,0,0,0,"13,38541881","52,46712304"
26414,217677,Berlin,4,2021,10,23,3,3,2,6,2,0,1,0,0,0,0,0,"13,33534068","52,48806683"
26415,217676,Berlin,1,2021,10,10,2,3,1,5,0,1,0,0,0,0,1,1,"13,41364978","52,50737212"
26416,217675,Berlin,9,2021,11,16,2,2,5,3,1,0,1,0,1,0,0,0,"13,5727726","52,42779302"
26417,217674,Berlin,7,2021,10,18,4,2,0,7,1,0,1,0,0,0,0,0,"13,40352625","52,38668045"
26418,217673,Berlin,1,2021,10,2,1,3,0,1,2,1,0,0,0,0,0,0,"13,40445982","52,52332854"
26419,217672,Berlin,7,2021,11,18,7,3,2,6,2,0,1,0,1,0,0,0,"13,37168522","52,49250577"
26420,217671,Berlin,11,2021,11,11,3,3,5,3,0,0,1,0,0,0,0,1,"13,50787178","52,54445385"
26421,217670,Berlin,6,2021,11,21,2,3,5,7,2,0,1,0,1,0,0,0,"13,32391896","52,45611229"
26422,217669,Berlin,11,2021,10,0,1,1,5,2,2,0,1,0,0,0,1,0,"13,4996975","52,53449667"
26423,217668,Berlin,8,2021,10,20,7,3,2,6,2,0,1,0,0,0,0,0,"13,48325329","52,40610958"
26424,217667,Berlin,1,2021,11,11,4,3,5,2,0,0,1,0,0,1,0,0,"13,34500605","52,5391522"
26425,217666,Berlin,8,2021,11,12,7,3,2,6,0,0,1,0,1,0,0,0,"13,44241222","52,46979173"
26426,217665,Berlin,3,2021,10,4,2,3,0,1,2,0,0,0,1,0,0,1,"13,46300615","52,53234742"
26427,217664,Berlin,1,2021,10,10,4,3,1,7,0,0,1,0,1,0,0,0,"13,39009166","52,51303986"
26428,217663,Berlin,1,2021,11,8,4,3,5,2,0,1,1,0,0,0,0,1,"13,36683149","52,55720856"
26429,217662,Berlin,7,2021,11,16,3,3,5,3,2,1,1,0,0,0,0,1,"13,38271249","52,40435201"
26430,217661,Berlin,7,2021,10,10,5,3,2,7,0,0,0,0,1,0,1,0,"13,33974795","52,48820568"
26431,217660,Berlin,11,2021,10,15,5,3,2,6,1,0,1,0,1,0,0,1,"13,47654925","52,53277345"
26432,217659,Berlin,7,2021,11,14,6,3,5,3,0,0,1,0,0,0,1,0,"13,37788635","52,46585479"
26433,217658,Berlin,10,2021,11,7,2,3,5,3,0,1,1,0,0,0,0,1,"13,64688936","52,52148421"
26434,217657,Berlin,11,2021,11,8,4,3,6,4,0,1,0,1,0,0,0,0,"13,4930884","52,54441911"
26435,217656,Berlin,7,2021,11,13,2,3,5,3,0,0,1,0,0,0,1,0,"13,4013617","52,41464814"
26436,217655,Berlin,8,2021,10,10,7,3,2,6,0,0,1,0,0,0,0,0,"13,40599355","52,41561493"
26437,217654,Berlin,7,2021,10,9,4,3,5,3,0,0,0,0,0,0,1,0,"13,33258177","52,46905031"
26438,217653,Berlin,5,2021,10,3,1,2,8,1,2,0,1,0,0,0,0,0,"13,24772988","52,53847769"
26439,217652,Berlin,9,2021,11,7,2,2,6,4,0,0,0,1,0,0,1,0,"13,53641478","52,41243222"
26440,217651,Berlin,2,2021,11,14,5,3,3,6,0,0,1,0,1,0,0,0,"13,43172685","52,52332947"
26441,217650,Berlin,8,2021,11,16,7,3,5,2,2,1,1,0,0,0,0,0,"13,43985456","52,47939464"
26442,217649,Berlin,3,2021,10,11,2,3,2,2,0,1,1,0,0,0,0,1,"13,41431752","52,55389755"
26443,217648,Berlin,7,2021,10,15,5,3,1,5,0,1,1,0,0,0,0,0,"13,3450327","52,49577354"
26444,217647,Berlin,2,2021,11,17,6,3,6,7,1,1,0,1,0,0,0,0,"13,383425","52,49337219"
26445,217646,Berlin,4,2021,11,16,4,3,2,7,2,0,1,0,0,0,0,1,"13,30771035","52,48840553"
26446,217645,Berlin,4,2021,10,10,5,3,1,5,0,1,1,0,0,0,0,0,"13,2743807","52,51066249"
26447,217644,Berlin,1,2021,10,20,4,3,6,7,2,0,1,1,0,0,0,0,"13,39893891","52,53253371"
26448,217643,Berlin,1,2021,10,10,7,3,2,6,0,0,1,0,0,0,1,1,"13,34645787","52,54734719"
26449,217642,Berlin,11,2021,10,7,6,3,3,6,0,0,1,0,0,1,0,0,"13,48004208","52,51787728"
26450,217641,Berlin,7,2021,11,11,3,3,0,3,0,1,1,0,0,0,0,0,"13,35190339","52,49481148"
26451,217640,Berlin,12,2021,11,17,5,3,6,4,2,0,0,1,0,0,1,1,"13,37759089","52,56465779"
26452,217639,Berlin,9,2021,11,19,3,2,0,1,2,0,1,0,0,0,0,0,"13,48852332","52,45906091"
26453,217638,Berlin,12,2021,10,23,1,2,1,5,2,1,1,0,0,0,0,0,"13,37711955","52,57219016"
26454,217637,Berlin,7,2021,10,8,5,3,6,2,0,0,1,1,0,0,0,0,"13,35369669","52,49992095"
26455,217636,Berlin,1,2021,10,14,3,3,5,3,0,1,1,0,0,0,0,0,"13,39019445","52,50863689"
26456,217635,Berlin,2,2021,10,9,6,2,2,7,0,0,1,0,0,0,1,0,"13,43508703","52,5087295"
26457,217634,Berlin,2,2021,10,8,2,3,5,2,0,1,1,0,0,0,0,0,"13,39838032","52,50705543"
26458,217633,Berlin,8,2021,11,15,6,3,5,2,0,1,1,0,0,0,0,0,"13,42495357","52,48062893"
26459,217632,Berlin,5,2021,11,20,2,3,2,6,2,0,1,0,0,0,0,1,"13,23825089","52,54519236"
26460,217631,Berlin,1,2021,11,12,5,3,1,5,0,1,1,0,0,0,0,1,"13,38740747","52,52542008"
26461,217630,Berlin,1,2021,11,22,3,2,3,2,2,0,1,0,1,0,0,0,"13,34945463","52,51508855"
26462,217629,Berlin,7,2021,10,11,7,3,6,4,0,1,0,1,0,0,0,0,"13,37944503","52,40657925"
26463,217628,Berlin,7,2021,10,12,5,3,2,6,0,0,1,0,0,0,0,0,"13,40083522","52,44548868"
26464,217627,Berlin,11,2021,10,10,2,3,6,2,0,0,1,1,0,0,0,0,"13,48548825","52,52328251"
26465,217626,Berlin,8,2021,10,11,1,3,2,6,0,1,1,0,0,0,0,0,"13,42105586","52,46720957"
26466,217625,Berlin,1,2021,11,17,4,3,5,2,2,0,1,0,0,0,1,0,"13,38835101","52,52615028"
26467,217624,Berlin,7,2021,11,0,7,3,1,5,2,1,1,0,0,0,0,0,"13,34333848","52,47309715"
26468,217623,Berlin,1,2021,10,8,2,3,1,5,0,1,0,0,0,0,1,1,"13,37775623","52,50788184"
26469,217622,Berlin,3,2021,10,11,5,3,5,2,0,0,1,0,0,0,1,1,"13,46055332","52,52345542"
26470,217621,Berlin,3,2021,10,4,4,3,0,1,2,0,0,0,1,0,0,1,"13,49787248","52,62836044"
26471,217620,Berlin,2,2021,11,18,5,3,2,6,2,0,1,0,0,0,0,0,"13,41820738","52,49878642"
26472,217619,Berlin,10,2021,11,1,3,3,9,1,2,0,1,0,0,0,0,0,"13,56061271","52,48936094"
26473,217618,Berlin,10,2021,10,13,5,3,5,2,0,1,1,0,0,0,0,0,"13,52479973","52,53627875"
26474,217617,Berlin,3,2021,10,14,6,3,5,2,0,0,0,0,0,1,1,1,"13,4791978","52,55331308"
26475,217616,Berlin,12,2021,10,8,6,3,0,4,0,0,0,1,1,0,0,0,"13,335774","52,59568913"
26476,217615,Berlin,1,2021,11,6,3,3,2,6,1,0,1,0,0,0,0,0,"13,35111563","52,51516149"
26477,217614,Berlin,2,2021,11,18,5,3,1,5,2,1,1,0,0,0,0,1,"13,44567964","52,4991143"
26478,217613,Berlin,3,2021,11,18,3,3,2,6,2,0,1,0,0,0,0,0,"13,40826573","52,55396802"
26479,217612,Berlin,11,2021,10,17,1,2,5,2,0,1,0,0,1,0,0,0,"13,48820744","52,50216514"
26480,217611,Berlin,3,2021,10,8,5,3,5,3,0,1,1,0,0,0,0,0,"13,41326952","52,54870044"
26481,217610,Berlin,2,2021,10,18,2,3,1,5,2,1,1,0,0,0,0,0,"13,43832435","52,5187765"
26482,217609,Berlin,4,2021,10,19,2,3,5,2,1,0,1,0,1,0,0,0,"13,33158955","52,50527022"
26483,217608,Berlin,5,2021,11,18,2,3,5,2,2,1,1,0,0,0,0,1,"13,18496766","52,51553923"
26484,217607,Berlin,3,2021,11,9,5,3,6,2,0,0,1,1,0,0,0,0,"13,45589963","52,53073331"
26485,217606,Berlin,1,2021,11,21,1,2,0,1,2,1,0,0,0,0,0,1,"13,39869632","52,53257287"
26486,217605,Berlin,6,2021,10,19,3,3,0,7,2,0,1,0,1,0,0,1,"13,33365222","52,4653569"
26487,217604,Berlin,8,2021,10,18,2,3,6,2,2,0,1,1,0,0,0,0,"13,46458015","52,4703169"
26488,217603,Berlin,1,2021,11,18,7,3,6,4,2,0,0,1,1,0,0,1,"13,38345521","52,55491653"
26489,217602,Berlin,4,2021,11,14,2,3,6,7,0,0,1,1,0,0,0,0,"13,30652985","52,51666392"
26490,217601,Berlin,7,2021,11,15,2,3,0,1,1,1,0,0,0,0,0,1,"13,32840339","52,4775249"
26491,217600,Berlin,10,2021,10,7,6,3,5,2,0,1,1,0,0,0,0,0,"13,59322011","52,52179381"
26492,217599,Berlin,1,2021,10,12,6,3,5,3,0,0,1,0,1,0,0,0,"13,41710177","52,51244199"
26493,217598,Berlin,5,2021,10,23,6,2,0,6,2,0,1,0,0,0,0,0,"13,18007276","52,50493066"
26494,217597,Berlin,5,2021,11,7,4,2,5,2,0,0,1,0,1,0,0,0,"13,21758886","52,5604061"
26495,217596,Berlin,1,2021,11,8,5,3,2,6,0,1,1,0,0,0,0,0,"13,37968987","52,5296076"
26496,217595,Berlin,3,2021,10,1,7,2,0,1,2,0,0,0,0,0,1,0,"13,39601109","52,56596548"
26497,217594,Berlin,5,2021,10,1,2,2,1,7,2,0,1,0,0,0,1,1,"13,20779457","52,55375015"
26498,217593,Berlin,2,2021,10,18,3,3,0,1,2,0,0,0,1,0,0,1,"13,39221915","52,49797391"
26499,217592,Berlin,7,2021,10,14,2,3,2,6,0,0,0,0,1,0,1,0,"13,3761038","52,43726075"
26500,217591,Berlin,8,2021,11,20,3,2,5,3,2,0,1,0,0,0,0,1,"13,43314131","52,45243393"
26501,217590,Berlin,1,2021,10,21,4,3,5,3,2,0,1,0,0,0,1,0,"13,34112905","52,55688905"
26502,217589,Berlin,7,2021,10,18,4,3,2,6,2,0,1,0,0,0,0,0,"13,38395299","52,45014787"
26503,217588,Berlin,7,2021,11,16,1,3,2,2,2,0,1,0,0,0,0,1,"13,39124533","52,44666893"
26504,217587,Berlin,4,2021,11,16,4,3,5,2,1,1,1,0,0,0,0,0,"13,26618832","52,4827535"
26505,217586,Berlin,12,2021,11,16,7,3,5,2,2,0,1,0,0,0,0,0,"13,36051697","52,59691423"
26506,217585,Berlin,7,2021,10,13,1,3,5,3,0,0,1,0,1,0,0,0,"13,35955021","52,45474819"
26507,217584,Berlin,2,2021,10,20,7,3,5,3,2,0,1,0,0,0,0,0,"13,40384177","52,49529257"
26508,217583,Berlin,1,2021,11,18,5,3,4,6,1,1,0,0,0,0,1,1,"13,3573383","52,553032"
26509,217582,Berlin,7,2021,11,15,6,3,5,3,0,0,1,0,0,0,0,0,"13,34778921","52,46502436"
26510,217581,Berlin,11,2021,10,7,2,3,6,4,0,1,0,1,0,0,0,1,"13,49464139","52,50387002"
26511,217580,Berlin,6,2021,10,14,4,3,2,6,0,0,1,0,0,0,0,0,"13,26606639","52,41533645"
26512,217579,Berlin,7,2021,11,14,5,3,0,7,0,0,1,0,0,0,0,0,"13,33235862","52,46909488"
26513,217578,Berlin,4,2021,11,8,4,3,5,2,0,1,1,0,0,0,0,1,"13,3195814","52,49210723"
26514,217577,Berlin,6,2021,10,16,5,3,5,3,0,0,1,0,0,0,0,0,"13,26768412","52,40713221"
26515,217576,Berlin,2,2021,10,17,5,3,5,2,0,1,1,0,0,0,0,1,"13,44061142","52,51702327"
26516,217575,Berlin,2,2021,10,15,6,2,0,7,0,1,0,0,0,0,0,0,"13,46675101","52,49736666"
26517,217574,Berlin,10,2021,11,11,1,3,8,1,0,0,1,0,0,0,0,1,"13,60086681","52,52795746"
26518,217573,Berlin,1,2021,11,16,5,3,3,6,2,0,0,0,1,0,1,1,"13,41635424","52,5217107"
26519,217572,Berlin,12,2021,11,18,3,3,2,2,1,0,1,0,0,0,0,0,"13,36303273","52,59704798"
26520,217571,Berlin,5,2021,10,17,7,3,5,2,0,1,1,0,0,0,0,0,"13,24756105","52,52452466"
26521,217570,Berlin,2,2021,10,11,5,3,5,3,0,1,1,0,0,0,0,0,"13,42560919","52,5275187"
26522,217569,Berlin,2,2021,10,6,2,3,5,2,1,1,0,0,0,0,1,0,"13,38975201","52,49590982"
26523,217568,Berlin,7,2021,11,10,2,3,2,6,0,0,1,0,0,0,0,0,"13,45825024","52,45869581"
26524,217567,Berlin,9,2021,11,12,5,3,6,3,0,0,1,1,0,0,0,0,"13,50657515","52,44762434"
26525,217566,Berlin,1,2021,11,23,7,3,5,7,2,0,1,0,1,0,0,0,"13,36072569","52,50031905"
26526,217565,Berlin,6,2021,10,16,2,2,6,4,0,0,1,1,0,0,0,0,"13,29816673","52,44163155"
26527,217564,Berlin,11,2021,10,15,3,3,5,3,0,1,1,0,0,0,0,1,"13,50177149","52,49820518"
26528,217563,Berlin,1,2021,10,13,5,3,3,6,0,0,0,0,1,0,1,1,"13,41579419","52,52133172"
26529,217562,Berlin,8,2021,11,14,6,2,0,6,0,0,1,0,0,0,1,0,"13,42706299","52,487305"
26530,217561,Berlin,5,2021,10,19,5,2,0,3,0,0,1,0,1,0,0,0,"13,23203373","52,5392745"
26531,217560,Berlin,10,2021,10,15,6,3,5,3,0,1,1,0,0,0,0,1,"13,57656296","52,51314652"
26532,217559,Berlin,4,2021,10,17,7,3,5,2,0,0,1,0,0,0,0,0,"13,32610937","52,53835585"
26533,217558,Berlin,1,2021,10,14,6,3,5,3,0,1,1,0,0,0,0,0,"13,37394759","52,52092284"
26534,217557,Berlin,10,2021,11,14,3,3,0,7,0,0,0,0,1,1,0,1,"13,53747341","52,54032763"
26535,217556,Berlin,1,2021,11,7,6,3,2,6,0,0,1,0,0,0,1,1,"13,38228275","52,55588528"
26536,217555,Berlin,12,2021,11,7,5,3,6,4,0,0,1,1,0,0,0,1,"13,31367264","52,60816562"
26537,217554,Berlin,6,2021,10,10,1,3,5,3,0,1,1,0,0,0,0,0,"13,28926249","52,41863603"
26538,217553,Berlin,1,2021,10,10,5,3,2,6,0,0,1,0,1,0,0,0,"13,35109407","52,50416273"
26539,217552,Berlin,1,2021,10,0,2,3,5,3,2,0,1,0,0,0,1,0,"13,36616409","52,52452927"
26540,217551,Berlin,7,2021,10,9,3,3,1,5,0,0,1,0,0,0,1,1,"13,3581144","52,49039005"
26541,217550,Berlin,8,2021,11,17,2,3,5,2,2,0,1,0,0,0,0,1,"13,41683949","52,41829458"
26542,217549,Berlin,8,2021,11,12,7,3,3,6,0,0,1,0,1,0,0,0,"13,41891028","52,48003899"
26543,217548,Berlin,11,2021,11,21,2,3,1,5,2,0,1,0,0,0,1,0,"13,50762821","52,4983326"
26544,217547,Berlin,3,2021,10,14,3,3,5,3,0,0,1,0,0,0,0,1,"13,41856358","52,55124703"
26545,217546,Berlin,6,2021,11,16,7,3,5,3,2,0,1,0,0,0,0,1,"13,31868479","52,45445892"
26546,217545,Berlin,12,2021,11,0,2,3,3,6,2,0,1,0,0,0,1,1,"13,36462923","52,56271096"
26547,217544,Berlin,11,2021,11,7,3,2,6,4,0,0,1,1,0,0,0,1,"13,49688696","52,53412905"
26548,217543,Berlin,2,2021,11,2,7,3,5,3,2,0,1,0,1,0,0,0,"13,45882798","52,51149961"
26549,217542,Berlin,4,2021,10,16,6,3,3,6,0,1,1,0,0,0,1,0,"13,29145177","52,51149333"
26550,217541,Berlin,5,2021,10,15,1,2,0,7,0,1,0,0,0,0,0,0,"13,21428777","52,55885494"
26551,217540,Berlin,2,2021,10,2,1,3,0,1,2,0,0,0,0,0,1,0,"13,45446299","52,51024734"
26552,217539,Berlin,11,2021,11,17,3,3,5,3,2,1,1,0,0,0,0,0,"13,51305281","52,56798157"
26553,217538,Berlin,1,2021,11,16,5,3,2,4,2,0,1,1,1,0,0,1,"13,39341324","52,55664552"
26554,217537,Berlin,1,2021,10,12,7,3,0,7,0,0,0,0,1,0,0,0,"13,35688797","52,56032856"
26555,217536,Berlin,3,2021,10,11,6,3,2,6,0,1,1,0,0,0,0,0,"13,41381244","52,56669519"
26556,217535,Berlin,9,2021,10,6,3,2,6,2,2,0,1,1,0,0,0,0,"13,57820641","52,45712584"
26557,217534,Berlin,9,2021,10,11,4,2,5,3,0,0,1,0,0,0,0,0,"13,5036627","52,46074847"
26558,217533,Berlin,1,2021,10,16,2,3,5,2,0,1,0,0,0,0,1,0,"13,34334331","52,52718291"
26559,217532,Berlin,3,2021,11,12,3,3,5,3,0,0,1,0,0,0,0,1,"13,44128282","52,56855908"
26560,217531,Berlin,4,2021,10,8,4,3,1,5,0,1,1,0,0,0,0,1,"13,32571375","52,49809143"
26561,217530,Berlin,7,2021,10,9,4,2,5,3,0,1,1,0,0,0,0,0,"13,33272845","52,47533819"
26562,217529,Berlin,2,2021,11,17,6,3,0,6,1,1,1,0,0,0,0,0,"13,43441683","52,49633223"
26563,217528,Berlin,6,2021,11,10,1,2,0,3,0,1,1,0,0,0,0,1,"13,35385171","52,41985739"
26564,217527,Berlin,1,2021,11,8,4,3,2,2,0,1,1,0,0,0,0,0,"13,32748998","52,52441566"
26565,217526,Berlin,1,2021,11,17,7,2,6,4,1,0,1,1,0,0,0,0,"13,35510266","52,55917824"
26566,217525,Berlin,9,2021,11,15,3,3,3,6,0,1,1,0,0,0,0,0,"13,45369849","52,48874599"
26567,217524,Berlin,1,2021,11,3,7,3,2,6,2,0,1,0,0,0,0,0,"13,3762123","52,55474556"
26568,217523,Berlin,8,2021,11,20,1,2,5,3,2,0,1,0,1,0,0,1,"13,45217592","52,48131252"
26569,217522,Berlin,1,2021,10,15,3,3,5,2,0,1,1,0,0,0,0,0,"13,38760043","52,53338954"