,id,city,district,year,month,hour,weekday,injury_level,collision,movement,light_conditions,bicycle,car,pedestrian,motorbike,truck,other_vehicle,road_conditions,longitude,latitude
26570,217521,Berlin,1,2021,10,20,2,3,5,2,2,1,1,0,0,0,0,0,"13,42225691","52,50547597"
26571,217520,Berlin,7,2021,11,18,7,3,5,2,2,1,1,0,0,0,0,1,"13,36705253","52,49328964"
26572,217519,Berlin,4,2021,11,9,2,3,3,6,0,1,1,0,0,0,0,1,"13,32532538","52,50304506"
26573,217518,Berlin,7,2021,11,19,3,3,5,2,2,1,1,0,0,0,0,0,"13,37780061","52,46863264"
26574,217517,Berlin,12,2021,11,10,6,3,2,6,0,0,1,0,0,0,0,1,"13,33146636","52,58728918"
26575,217516,Berlin,4,2021,10,14,6,3,3,6,0,1,1,0,0,0,0,0,"13,31249857","52,49925468"
26576,217515,Berlin,11,2021,10,15,6,3,2,6,0,0,1,0,0,0,0,1,"13,49005777","52,533799"
26577,217514,Berlin,3,2021,10,19,6,3,2,7,2,0,1,0,0,0,0,0,"13,40902815","52,55419194"
26578,217513,Berlin,3,2021,11,15,4,3,6,4,0,0,1,1,0,0,0,0,"13,46567392","52,55208759"
26579,217512,Berlin,1,2021,11,11,5,3,2,6,0,0,1,0,0,0,0,0,"13,41231101","52,52435497"
26580,217511,Berlin,11,2021,10,16,6,3,5,3,0,1,1,0,0,0,0,0,"13,50386022","52,49791396"
26581,217510,Berlin,12,2021,10,16,6,3,5,3,0,1,1,0,0,0,0,0,"13,36248124","52,56886359"
26582,217509,Berlin,8,2021,10,19,3,3,2,2,2,0,1,0,0,0,0,0,"13,49527723","52,43157719"
26583,217508,Berlin,9,2021,10,18,3,3,2,6,2,0,1,0,1,0,0,1,"13,54297296","52,43419615"
26584,217507,Berlin,5,2021,11,7,3,3,6,4,0,0,1,1,0,0,0,1,"13,15930889","52,52965743"
26585,217506,Berlin,2,2021,10,22,4,3,2,6,2,1,1,0,0,0,0,0,"13,38353201","52,49368968"
26586,217505,Berlin,2,2021,10,23,4,3,5,3,2,0,1,0,0,0,1,0,"13,45161397","52,51076869"
26587,217504,Berlin,6,2021,11,11,7,3,6,4,0,0,1,1,0,0,0,0,"13,3416704","52,45060305"
26588,217503,Berlin,1,2021,11,9,1,3,0,6,0,0,1,0,1,0,0,1,"13,38686285","52,54939264"
26589,217502,Berlin,1,2021,11,7,4,3,5,7,0,0,1,0,1,0,0,0,"13,34517661","52,53912887"
26590,217501,Berlin,9,2021,11,23,7,3,9,1,2,0,1,0,0,0,0,0,"13,50997151","52,45355111"
26591,217500,Berlin,12,2021,10,18,7,3,1,5,2,0,1,0,0,0,1,0,"13,35183335","52,6169592"
26592,217499,Berlin,2,2021,10,0,7,3,2,6,2,0,1,0,0,0,0,0,"13,41000461","52,50386147"
26593,217498,Berlin,4,2021,11,18,5,3,3,6,1,0,0,0,1,0,1,0,"13,29695124","52,52939781"
26594,217497,Berlin,11,2021,11,20,5,2,2,6,2,0,1,0,1,0,1,1,"13,49125234","52,53387028"
26595,217496,Berlin,8,2021,10,18,7,3,0,3,1,0,0,0,1,0,1,0,"13,43093312","52,47813254"
26596,217495,Berlin,5,2021,10,13,4,3,0,6,0,0,0,0,0,0,1,0,"13,2001","52,53629177"
26597,217494,Berlin,1,2021,11,22,5,3,1,5,2,0,1,0,0,0,1,0,"13,40675415","52,5182206"
26598,217493,Berlin,10,2021,11,15,3,3,5,3,0,0,1,0,0,0,0,1,"13,59899769","52,52825085"
26599,217492,Berlin,6,2021,10,17,5,3,2,6,0,0,1,0,0,0,0,0,"13,31558935","52,43066859"
26600,217491,Berlin,5,2021,10,15,5,3,5,3,0,1,1,0,0,0,0,1,"13,19449165","52,53364893"
26601,217490,Berlin,11,2021,10,7,6,3,5,3,0,0,1,0,0,0,0,0,"13,51805179","52,5748835"
26602,217489,Berlin,7,2021,11,6,2,3,5,2,2,0,1,0,0,0,1,1,"13,38985787","52,4343256"
26603,217488,Berlin,12,2021,11,16,5,2,5,3,2,1,1,0,0,0,0,1,"13,28046123","52,63004866"
26604,217487,Berlin,7,2021,11,12,3,3,3,6,0,0,1,0,1,0,0,0,"13,39336576","52,48418075"
26605,217486,Berlin,9,2021,10,7,6,3,6,7,1,0,0,1,0,0,1,0,"13,47834448","52,44631203"
26606,217485,Berlin,10,2021,10,11,5,3,2,1,0,0,1,0,0,0,0,0,"13,51913411","52,52898123"
26607,217484,Berlin,8,2021,10,18,2,3,5,2,2,0,0,0,1,0,0,0,"13,42434531","52,48629139"
26608,217483,Berlin,5,2021,10,15,1,3,2,6,0,0,1,0,0,0,1,0,"13,19400969","52,54682145"
26609,217482,Berlin,1,2021,11,1,5,3,5,2,2,0,1,0,0,0,0,0,"13,38435404","52,55590292"
26610,217481,Berlin,1,2021,11,13,1,3,5,3,0,0,1,0,0,0,0,1,"13,40818547","52,53435278"
26611,217480,Berlin,4,2021,10,17,2,2,5,2,0,1,1,0,0,0,0,0,"13,33219632","52,50617777"
26612,217479,Berlin,6,2021,10,17,3,3,2,6,0,0,1,0,0,0,0,1,"13,36395349","52,43491792"
26613,217478,Berlin,1,2021,11,18,5,3,2,6,2,0,1,0,1,0,0,0,"13,35130351","52,51019733"
26614,217477,Berlin,4,2021,10,8,5,3,5,2,0,1,1,0,0,0,0,0,"13,32628004","52,5379432"
26615,217476,Berlin,10,2021,10,16,6,2,5,3,0,0,1,0,0,0,0,1,"13,53864424","52,5246385"
26616,217475,Berlin,1,2021,10,10,7,3,5,3,0,0,1,0,0,0,1,0,"13,35220021","52,50632342"
26617,217474,Berlin,1,2021,10,15,6,3,0,2,0,1,1,0,0,0,0,0,"13,37940488","52,52943118"
26618,217473,Berlin,6,2021,11,19,2,3,5,2,2,0,0,0,0,1,1,1,"13,18901364","52,41920553"
26619,217472,Berlin,10,2021,11,16,5,3,2,2,1,1,1,0,0,0,0,1,"13,57199561","52,49569537"
26620,217471,Berlin,9,2021,11,10,4,3,6,7,0,0,1,1,0,0,0,0,"13,57737269","52,40702284"
26621,217470,Berlin,4,2021,10,2,1,3,1,5,2,0,1,0,0,0,1,0,"13,30940404","52,49907915"
26622,217469,Berlin,1,2021,10,8,2,2,0,1,0,1,0,0,0,0,0,1,"13,34318804","52,53167245"
26623,217468,Berlin,7,2021,10,3,4,3,5,3,2,1,1,0,0,0,0,0,"13,39460309","52,46559125"
26624,217467,Berlin,10,2021,11,11,6,3,5,2,0,0,1,0,0,0,0,1,"13,60434311","52,53866616"
26625,217466,Berlin,5,2021,11,12,2,3,6,7,0,0,0,1,0,0,1,1,"13,21072273","52,56758388"
26626,217465,Berlin,11,2021,10,23,3,2,9,7,2,0,1,0,0,0,0,1,"13,54126303","52,56607121"
26627,217464,Berlin,4,2021,11,19,7,2,6,4,2,0,1,1,0,0,0,1,"13,2718238","52,49846156"
26628,217463,Berlin,1,2021,11,19,1,3,5,2,1,1,1,0,0,0,0,1,"13,38428419","52,55607501"
26629,217462,Berlin,11,2021,11,15,4,2,0,1,0,1,0,0,0,0,0,0,"13,51256724","52,48370645"
26630,217461,Berlin,7,2021,11,14,6,3,6,7,0,1,0,1,0,0,0,0,"13,35601886","52,49458443"
26631,217460,Berlin,8,2021,10,16,6,3,0,5,0,0,1,0,0,0,1,0,"13,46552583","52,42610478"
26632,217459,Berlin,4,2021,10,14,7,2,0,1,0,1,0,0,0,0,0,0,"13,31275145","52,50628417"
26633,217458,Berlin,9,2021,10,21,7,3,5,3,2,0,1,0,0,0,0,0,"13,53126996","52,40508178"
26634,217457,Berlin,2,2021,11,20,3,3,5,3,2,1,0,0,0,0,1,0,"13,3878123","52,49277285"
26635,217456,Berlin,9,2021,11,19,5,3,6,2,2,0,1,1,0,0,0,1,"13,51429061","52,46238818"
26636,217455,Berlin,8,2021,10,13,7,3,2,6,0,1,1,0,0,0,0,0,"13,42966273","52,47046646"
26637,217454,Berlin,4,2021,10,15,6,2,4,2,0,1,1,0,0,0,0,0,"13,28539912","52,50736909"
26638,217453,Berlin,6,2021,10,14,4,3,2,6,0,0,1,0,0,0,0,0,"13,34612564","52,43607237"
26639,217452,Berlin,9,2021,10,12,3,2,3,6,0,1,0,0,0,0,1,0,"13,61516734","52,42984967"
26640,217451,Berlin,5,2021,11,17,4,3,2,6,2,0,1,0,0,1,0,0,"13,20896272","52,5464457"
26641,217450,Berlin,5,2021,11,15,3,3,5,2,1,0,1,0,1,0,0,1,"13,20778607","52,55648614"
26642,217449,Berlin,10,2021,10,12,4,3,5,3,0,0,1,0,0,0,0,0,"13,60248054","52,51022899"
26643,217448,Berlin,9,2021,10,18,4,2,5,3,1,1,1,0,0,0,0,0,"13,5998891","52,45223713"
26644,217447,Berlin,8,2021,11,20,6,3,1,5,2,1,1,0,0,0,0,1,"13,42746001","52,48831908"
26645,217446,Berlin,1,2021,11,3,7,2,0,7,2,0,1,0,0,0,0,0,"13,38570865","52,51667112"
26646,217445,Berlin,3,2021,11,15,4,3,1,5,0,1,0,0,0,0,1,1,"13,4535673","52,59199158"
26647,217444,Berlin,12,2021,11,17,1,3,5,3,2,0,1,0,0,0,0,0,"13,31800399","52,57074527"
26648,217443,Berlin,9,2021,10,9,7,2,0,3,0,1,0,0,0,0,1,0,"13,51281196","52,44764903"
26649,217442,Berlin,8,2021,10,12,5,3,2,6,0,0,1,0,0,0,0,0,"13,47376289","52,43814827"
26650,217441,Berlin,5,2021,10,15,2,3,5,2,0,0,1,0,0,0,1,0,"13,19871059","52,5540503"
26651,217440,Berlin,4,2021,10,15,1,3,0,6,0,1,1,0,0,0,0,0,"13,21182052","52,50509928"
26652,217439,Berlin,10,2021,11,9,5,3,5,3,0,1,1,0,0,0,0,0,"13,57139954","52,54450181"
26653,217438,Berlin,2,2021,11,13,6,3,2,6,0,0,1,0,0,0,0,1,"13,40728956","52,50599152"
26654,217437,Berlin,7,2021,10,15,1,2,5,2,0,0,1,0,1,0,0,0,"13,37931331","52,4464997"
26655,217436,Berlin,8,2021,10,17,5,3,0,4,0,1,0,1,0,0,0,1,"13,42552566","52,4793492"
26656,217435,Berlin,4,2021,11,15,5,2,5,7,0,0,1,0,0,0,0,0,"13,27967749","52,52202464"
26657,217434,Berlin,6,2021,11,8,4,3,5,3,0,0,1,0,0,0,1,0,"13,2627194","52,45140179"
26658,217433,Berlin,11,2021,10,9,5,3,2,6,0,0,1,0,0,0,0,0,"13,48532184","52,53366415"
26659,217432,Berlin,12,2021,10,14,5,3,5,3,0,0,1,0,1,0,0,1,"13,33308317","52,59548061"
26660,217431,Berlin,1,2021,10,10,6,3,5,3,0,1,1,0,0,0,0,0,"13,32825216","52,53292594"
26661,217430,Berlin,11,2021,11,3,2,2,0,1,2,0,0,0,1,0,0,1,"13,52511307","52,48065852"
26662,217429,Berlin,6,2021,11,14,5,3,5,3,0,0,1,0,0,0,0,1,"13,22193481","52,43081364"
26663,217428,Berlin,1,2021,11,9,3,3,0,6,0,1,1,0,0,0,0,0,"13,40503839","52,50935039"
26664,217427,Berlin,10,2021,10,12,1,3,5,3,0,1,1,0,0,0,0,0,"13,57635319","52,49234074"
26665,217426,Berlin,9,2021,10,7,5,2,5,3,0,0,1,0,0,0,0,0,"13,46145778","52,45435959"
26666,217425,Berlin,4,2021,10,15,3,3,5,2,0,0,1,0,1,0,0,0,"13,25979222","52,51484808"
26667,217424,Berlin,8,2021,11,15,3,2,5,2,0,0,1,0,0,0,0,0,"13,41685143","52,41832111"
26668,217423,Berlin,5,2021,11,13,5,3,6,7,0,0,0,1,0,0,1,1,"13,20046364","52,52332331"
26669,217422,Berlin,1,2021,11,16,1,3,5,3,1,1,1,0,0,0,0,1,"13,41955557","52,50606651"
26670,217421,Berlin,1,2021,10,22,2,3,0,4,2,0,0,1,0,0,1,0,"13,38834675","52,51977285"
26671,217420,Berlin,7,2021,10,10,5,3,5,3,0,1,1,0,0,0,0,0,"13,3654905","52,49738973"
26672,217419,Berlin,10,2021,10,11,2,1,6,7,0,0,0,1,0,0,1,0,"13,6071628","52,53364474"
26673,217418,Berlin,4,2021,11,8,2,2,5,2,0,0,1,0,0,0,0,0,"13,2868209","52,49582737"
26674,217417,Berlin,1,2021,11,17,4,3,1,5,1,1,1,0,0,0,0,0,"13,37302284","52,53821953"
26675,217416,Berlin,12,2021,11,8,6,3,0,1,0,0,0,0,1,0,0,1,"13,26967846","52,57587984"
26676,217415,Berlin,12,2021,10,17,2,3,5,3,0,1,1,0,0,0,0,1,"13,30587649","52,62051649"
26677,217414,Berlin,11,2021,10,7,4,3,5,2,0,1,1,0,0,0,0,0,"13,52705605","52,48656998"
26678,217413,Berlin,12,2021,11,13,4,3,6,4,0,0,0,1,1,0,0,1,"13,30260012","52,5915956"
26679,217412,Berlin,1,2021,11,17,3,3,5,2,2,1,1,0,0,0,0,1,"13,40996824","52,51070032"
26680,217411,Berlin,1,2021,10,21,4,2,0,1,2,0,0,0,0,0,1,0,"13,35885116","52,52610694"
26681,217410,Berlin,5,2021,10,5,5,3,2,6,2,0,1,0,0,0,0,1,"13,14798209","52,55450941"
26682,217409,Berlin,1,2021,10,15,6,3,0,2,0,0,1,0,0,0,1,0,"13,36785047","52,52586337"
26683,217408,Berlin,4,2021,11,8,2,3,0,1,0,0,0,0,1,0,0,1,"13,27889808","52,52603842"
26684,217407,Berlin,12,2021,11,18,5,3,6,2,2,0,1,1,0,0,0,1,"13,34761279","52,59610669"
26685,217406,Berlin,11,2021,11,17,2,3,1,5,2,1,1,0,0,0,0,0,"13,48129786","52,52073347"
26686,217405,Berlin,10,2021,10,9,6,3,0,2,0,1,1,0,0,0,0,0,"13,53829067","52,55432327"
26687,217404,Berlin,9,2021,10,9,5,3,5,3,0,1,0,0,0,1,0,0,"13,5220062","52,40231126"
26688,217403,Berlin,3,2021,10,22,2,3,5,3,2,1,1,0,0,0,0,0,"13,41729228","52,60537847"
26689,217402,Berlin,5,2021,11,14,2,3,5,2,0,1,1,0,0,0,0,1,"13,21921239","52,53716831"
26690,217401,Berlin,2,2021,11,22,6,3,5,3,2,0,1,0,0,0,0,0,"13,46332154","52,50829662"
26691,217400,Berlin,4,2021,11,23,7,3,0,5,2,0,1,0,0,0,1,0,"13,31510593","52,50615248"
26692,217399,Berlin,7,2021,10,4,3,3,1,7,2,0,1,0,0,0,0,0,"13,36942653","52,48119524"
26693,217398,Berlin,10,2021,10,8,4,3,3,6,0,0,1,0,0,1,0,0,"13,60463427","52,53843646"
26694,217397,Berlin,11,2021,10,15,1,3,5,2,0,0,1,0,0,0,0,0,"13,48550249","52,52318653"
26695,217396,Berlin,7,2021,11,11,6,3,1,5,0,0,1,0,0,0,0,0,"13,34741156","52,4148362"
26696,217395,Berlin,5,2021,10,15,5,3,6,4,0,0,1,1,0,0,0,0,"13,20617561","52,54229641"
26697,217394,Berlin,8,2021,10,15,6,2,5,3,0,1,1,0,0,0,0,1,"13,44939541","52,41777603"
26698,217393,Berlin,8,2021,10,14,6,3,5,3,0,0,1,0,0,0,0,1,"13,43366003","52,44537687"
26699,217392,Berlin,9,2021,10,15,6,3,0,1,0,1,0,0,0,0,0,0,"13,50203374","52,48217748"
26700,217391,Berlin,4,2021,11,16,2,3,0,4,0,1,0,1,0,0,0,0,"13,29981862","52,4962007"
26701,217390,Berlin,9,2021,11,9,5,2,0,7,0,0,0,0,0,0,1,0,"13,50987393","52,45348566"
26702,217389,Berlin,2,2021,11,10,5,3,5,2,0,1,1,0,0,0,0,1,"13,41045956","52,50380558"
26703,217388,Berlin,12,2021,10,14,1,2,5,3,0,1,1,0,0,0,0,0,"13,32688346","52,56252305"
26704,217387,Berlin,9,2021,10,18,3,3,2,2,2,0,1,0,0,0,0,0,"13,48118834","52,44501071"
26705,217386,Berlin,1,2021,10,11,4,3,5,5,0,1,1,0,0,0,0,0,"13,36761603","52,51053921"
26706,217385,Berlin,7,2021,11,14,2,3,6,2,0,0,1,1,0,0,0,0,"13,37462248","52,42630215"
26707,217384,Berlin,5,2021,10,8,3,3,5,3,0,0,1,0,1,0,0,1,"13,2608883","52,53444377"
26708,217383,Berlin,6,2021,11,16,7,3,2,7,1,0,1,0,0,0,0,0,"13,31557716","52,43472875"
26709,217382,Berlin,8,2021,11,12,2,3,5,3,0,0,1,0,0,0,1,0,"13,42710095","52,47539904"
26710,217381,Berlin,2,2021,11,10,3,3,5,7,0,1,1,0,0,0,0,1,"13,41728287","52,49240112"
26711,217380,Berlin,7,2021,11,16,1,3,5,2,1,0,1,0,0,0,0,0,"13,35024548","52,41430368"
26712,217379,Berlin,7,2021,10,12,7,3,5,3,0,0,1,0,0,0,0,0,"13,41069939","52,41041683"
26713,217378,Berlin,3,2021,10,2,1,3,0,7,2,1,0,0,0,0,0,0,"13,41239279","52,53815466"
26714,217377,Berlin,8,2021,11,14,3,3,5,3,0,0,1,0,0,0,1,0,"13,4509748","52,47373815"
26715,217376,Berlin,5,2021,11,16,5,3,6,2,2,0,1,1,0,0,0,1,"13,1988329","52,55419733"
26716,217375,Berlin,12,2021,10,23,1,2,1,1,2,0,1,0,0,0,0,0,"13,31368593","52,62240885"
26717,217374,Berlin,2,2021,10,14,6,3,5,2,0,1,1,0,0,0,0,0,"13,43189047","52,50578948"
26718,217373,Berlin,8,2021,10,8,4,3,5,2,0,1,1,0,0,0,0,1,"13,43499839","52,43927952"
26719,217372,Berlin,3,2021,10,15,3,3,3,6,0,1,0,0,0,0,0,0,"13,44238496","52,53987036"
26720,217371,Berlin,4,2021,11,15,4,3,5,3,0,1,1,0,0,0,0,1,"13,33322134","52,48374419"
26721,217370,Berlin,1,2021,11,11,3,3,2,6,0,0,1,0,0,0,0,1,"13,34882019","52,55217783"
26722,217369,Berlin,6,2021,10,9,4,3,2,2,0,0,1,1,0,0,0,0,"13,29359348","52,44580593"
26723,217368,Berlin,2,2021,10,12,6,3,3,5,0,1,1,0,0,0,0,1,"13,42510363","52,49966973"
26724,217367,Berlin,1,2021,11,13,6,3,5,3,0,0,1,0,0,0,0,1,"13,38273144","52,54213611"
26725,217366,Berlin,8,2021,11,9,2,3,0,3,0,1,1,0,0,0,0,0,"13,44278161","52,46509517"
26726,217365,Berlin,4,2021,11,10,5,3,5,2,0,1,1,0,0,0,0,1,"13,31445041","52,49038611"
26727,217364,Berlin,1,2021,11,8,2,3,5,2,0,1,0,0,1,0,0,0,"13,40281311","52,52136298"
26728,217363,Berlin,6,2021,10,15,6,3,5,2,0,1,1,0,0,0,0,0,"13,28697622","52,41784302"
26729,217362,Berlin,3,2021,10,12,5,3,5,3,0,1,1,0,0,0,0,0,"13,42336766","52,56265021"
26730,217361,Berlin,9,2021,10,7,2,3,5,3,1,1,1,0,0,0,0,1,"13,5886446","52,46993315"
26731,217360,Berlin,6,2021,11,8,2,3,5,3,0,0,1,0,1,0,0,0,"13,34484162","52,46174437"
26732,217359,Berlin,7,2021,11,17,4,3,0,1,2,0,0,0,1,0,0,0,"13,38889937","52,39842508"
26733,217358,Berlin,1,2021,11,19,6,3,5,2,2,1,1,0,0,0,0,0,"13,34272054","52,52532858"
26734,217357,Berlin,1,2021,10,12,2,3,6,4,0,0,1,1,0,0,0,0,"13,3744148","52,52800122"
26735,217356,Berlin,2,2021,10,19,5,3,2,6,2,0,1,0,0,0,0,1,"13,39531085","52,49755986"
26736,217355,Berlin,10,2021,11,6,6,3,5,2,1,0,1,0,0,0,0,0,"13,53713536","52,5344873"
26737,217354,Berlin,5,2021,11,13,4,3,5,2,0,0,1,0,0,0,1,1,"13,19425757","52,54568344"
26738,217353,Berlin,3,2021,10,18,4,3,6,4,0,0,1,1,0,0,0,0,"13,41410405","52,53044426"
26739,217352,Berlin,5,2021,10,14,6,3,5,3,0,0,1,0,0,0,1,1,"13,1705073","52,53366029"
26740,217351,Berlin,8,2021,10,20,5,3,1,5,2,0,1,0,1,0,0,0,"13,43197551","52,48786616"
26741,217350,Berlin,6,2021,11,18,2,2,5,2,2,0,1,0,1,0,0,0,"13,34669615","52,45001478"
26742,217349,Berlin,1,2021,11,18,5,3,6,2,2,0,1,1,0,0,0,1,"13,36143774","52,54792692"
26743,217348,Berlin,1,2021,11,10,4,3,5,2,0,1,0,0,0,1,0,0,"13,35958335","52,55419174"
26744,217347,Berlin,2,2021,10,20,7,3,5,3,2,0,1,0,1,0,0,0,"13,46331332","52,50828445"
26745,217346,Berlin,7,2021,10,5,5,3,5,2,2,0,0,0,1,0,1,0,"13,37797642","52,47243769"
26746,217345,Berlin,1,2021,10,11,3,3,1,6,0,0,1,0,1,0,0,0,"13,34317201","52,53082965"
26747,217344,Berlin,4,2021,11,14,2,3,5,2,0,0,1,0,0,0,0,1,"13,32034406","52,47880304"
26748,217343,Berlin,9,2021,11,15,5,3,5,2,1,1,1,0,0,0,0,0,"13,58167423","52,4407839"
26749,217342,Berlin,10,2021,11,16,7,3,5,2,2,0,1,0,0,0,0,0,"13,58910456","52,51754415"
26750,217341,Berlin,5,2021,10,15,3,3,0,1,0,0,0,0,1,0,0,1,"13,2033895","52,53076658"
26751,217340,Berlin,8,2021,11,18,7,3,6,2,2,0,1,1,0,0,0,1,"13,4352669","52,49117337"
26752,217339,Berlin,1,2021,11,13,1,2,6,4,0,0,1,1,0,0,0,1,"13,35737127","52,50989007"
26753,217338,Berlin,2,2021,10,17,5,3,3,5,0,1,1,0,0,0,0,0,"13,41673538","52,50223606"
26754,217337,Berlin,8,2021,10,16,6,3,2,6,0,0,1,0,0,0,0,1,"13,43545733","52,49111191"
26755,217336,Berlin,10,2021,10,16,2,2,6,4,0,0,1,1,0,0,0,0,"13,56401832","52,55630527"
26756,217335,Berlin,9,2021,10,17,6,3,1,5,0,0,1,0,0,0,0,0,"13,55256345","52,45614923"
26757,217334,Berlin,8,2021,11,11,4,3,5,3,0,0,1,0,0,0,0,0,"13,48979277","52,42005651"
26758,217333,Berlin,7,2021,11,19,5,3,2,2,2,0,1,0,0,0,0,1,"13,37515294","52,43712696"
26759,217332,Berlin,2,2021,10,22,6,3,5,3,2,0,1,0,0,0,0,0,"13,41409943","52,49857675"
26760,217331,Berlin,7,2021,10,10,3,3,0,6,0,0,1,0,1,0,0,0,"13,40066943","52,46340294"
26761,217330,Berlin,7,2021,10,21,3,3,5,3,2,1,1,0,0,0,0,0,"13,33929188","52,46689659"
26762,217329,Berlin,10,2021,10,17,2,2,5,2,0,1,1,0,0,0,0,0,"13,51704782","52,53554578"
26763,217328,Berlin,1,2021,11,14,2,3,6,4,0,1,0,1,0,0,0,0,"13,41419034","52,50807516"
26764,217327,Berlin,2,2021,10,15,4,3,6,7,0,0,1,1,0,0,0,0,"13,40464476","52,50039706"
26765,217326,Berlin,2,2021,10,14,4,3,6,2,0,0,1,1,0,0,0,0,"13,39559396","52,49834675"
26766,217325,Berlin,5,2021,11,15,1,3,2,6,0,0,1,0,0,0,0,1,"13,200023","52,5360173"
26767,217324,Berlin,10,2021,11,22,3,3,5,3,2,0,1,0,0,0,1,0,"13,5591718","52,47385441"
26768,217323,Berlin,10,2021,11,9,2,3,5,2,0,0,1,0,0,0,1,0,"13,60143294","52,48256369"
26769,217322,Berlin,7,2021,10,11,7,3,5,3,0,0,1,0,0,0,1,0,"13,38544054","52,46573434"
26770,217321,Berlin,8,2021,11,17,7,2,5,2,2,0,1,0,0,0,1,1,"13,45501523","52,47648921"
26771,217320,Berlin,6,2021,10,17,5,3,1,5,0,0,1,0,0,0,1,0,"13,28712151","52,45946095"
26772,217319,Berlin,5,2021,10,1,7,3,0,1,2,0,0,0,0,0,1,1,"13,23767458","52,54599422"
26773,217318,Berlin,11,2021,10,18,6,3,0,7,1,0,1,0,1,0,0,1,"13,4739588","52,53623772"
26774,217317,Berlin,1,2021,10,19,6,3,6,7,2,0,0,1,0,0,1,0,"13,40612501","52,51910899"
26775,217316,Berlin,4,2021,11,21,2,3,3,6,2,0,1,0,1,0,0,1,"13,29423401","52,53430162"
26776,217315,Berlin,6,2021,11,14,3,3,0,7,0,0,1,0,0,0,0,0,"13,31388027","52,46435396"
26777,217314,Berlin,2,2021,10,4,7,3,0,1,2,0,0,0,0,0,1,0,"13,4132711","52,49181115"
26778,217313,Berlin,4,2021,10,14,3,2,2,6,0,0,1,0,1,0,0,0,"13,2805982","52,51850524"
26779,217312,Berlin,10,2021,10,13,3,3,3,6,0,1,1,0,0,0,0,0,"13,54899573","52,5342256"
26780,217311,Berlin,10,2021,11,15,2,3,2,2,0,0,1,0,0,0,0,0,"13,58362258","52,51499397"
26781,217310,Berlin,4,2021,10,5,3,3,2,6,2,0,1,0,0,0,0,1,"13,27533529","52,50099147"
26782,217309,Berlin,1,2021,10,8,5,3,2,6,0,0,1,0,0,0,0,1,"13,33309531","52,56108617"
26783,217308,Berlin,6,2021,10,18,1,3,2,6,1,0,1,0,0,0,0,0,"13,34131745","52,44251723"
26784,217307,Berlin,5,2021,11,16,7,3,6,4,2,0,1,1,0,0,0,0,"13,17972941","52,50307049"
26785,217306,Berlin,2,2021,11,21,3,3,5,3,2,1,1,0,0,0,0,0,"13,40403413","52,49129411"
26786,217305,Berlin,7,2021,11,11,7,3,0,3,0,0,1,0,1,0,0,0,"13,36946548","52,45652187"
26787,217304,Berlin,2,2021,10,12,7,3,2,2,0,1,1,0,0,0,0,0,"13,39449934","52,49175679"
26788,217303,Berlin,1,2021,10,14,7,3,5,2,0,1,1,0,0,0,0,0,"13,35489984","52,54397929"
26789,217302,Berlin,1,2021,11,23,4,3,8,1,2,0,0,0,0,0,1,0,"13,39529754","52,52041209"
26790,217301,Berlin,2,2021,11,13,5,3,1,5,0,1,1,0,0,0,0,0,"13,39439795","52,48611616"
26791,217300,Berlin,4,2021,10,16,1,3,2,2,0,0,1,0,0,0,0,0,"13,2799759","52,50605924"
26792,217299,Berlin,2,2021,10,7,4,3,0,3,1,0,1,0,1,0,0,1,"13,46546005","52,49875155"
26793,217298,Berlin,1,2021,10,11,3,3,0,1,0,0,0,0,1,0,0,1,"13,40022102","52,52258746"
26794,217297,Berlin,12,2021,11,17,4,3,2,6,2,0,1,0,0,0,0,1,"13,32833259","52,56394609"
26795,217296,Berlin,1,2021,11,15,3,3,6,7,0,1,0,1,0,0,0,1,"13,38359693","52,55480556"
26796,217295,Berlin,5,2021,10,14,4,3,0,1,0,0,0,0,0,0,1,0,"13,20959254","52,54756051"
26797,217294,Berlin,4,2021,10,15,5,3,5,2,0,1,1,0,0,0,0,1,"13,2948258","52,53963087"
26798,217293,Berlin,8,2021,10,14,2,3,0,1,0,0,0,0,1,0,0,0,"13,43227983","52,44369904"
26799,217292,Berlin,8,2021,11,1,7,2,5,2,2,0,1,0,0,0,0,0,"13,44690395","52,42698361"
26800,217291,Berlin,6,2021,11,13,2,3,5,3,0,0,1,0,0,0,0,0,"13,25114838","52,45010322"
26801,217290,Berlin,10,2021,11,13,4,3,0,4,0,0,0,1,0,0,1,0,"13,53349467","52,52571598"
26802,217289,Berlin,4,2021,11,10,3,3,6,7,0,0,1,1,0,0,0,0,"13,3090119","52,50012467"