,id,city,district,year,month,hour,weekday,injury_level,collision,movement,light_conditions,bicycle,car,pedestrian,motorbike,truck,other_vehicle,road_conditions,longitude,latitude
26803,217288,Berlin,9,2021,10,11,7,3,2,3,0,0,1,0,0,0,0,0,"13,58052509","52,44316703"
26804,217287,Berlin,12,2021,10,14,4,3,2,1,0,0,1,0,0,0,0,0,"13,23074777","52,62450344"
26805,217286,Berlin,4,2021,10,2,2,3,0,7,2,1,0,0,0,0,0,0,"13,28503731","52,52486412"
26806,217285,Berlin,2,2021,10,16,1,3,5,3,0,1,1,0,0,0,1,0,"13,44397632","52,50013256"
26807,217284,Berlin,1,2021,11,18,5,3,1,5,2,0,1,0,1,0,0,1,"13,39127238","52,50774454"
26808,217283,Berlin,7,2021,11,10,7,2,6,4,0,0,1,1,0,0,0,0,"13,36131747","52,41633683"
26809,217282,Berlin,6,2021,10,17,3,3,1,1,0,0,1,0,0,0,1,1,"13,34349088","52,43497154"
26810,217281,Berlin,2,2021,10,20,4,3,5,2,2,1,1,0,0,0,0,0,"13,43049074","52,51102145"
26811,217280,Berlin,2,2021,11,19,5,3,6,4,2,0,1,1,0,0,0,0,"13,43436274","52,52319722"
26812,217279,Berlin,12,2021,11,10,4,3,5,2,0,1,1,0,0,0,0,0,"13,24664808","52,61347232"
26813,217278,Berlin,5,2021,10,8,6,3,2,2,0,0,1,0,0,0,0,0,"13,24791985","52,53651317"
26814,217277,Berlin,2,2021,10,8,5,3,5,3,0,0,1,0,0,0,0,0,"13,46138709","52,50875283"
26815,217276,Berlin,11,2021,10,13,6,3,5,7,0,0,0,0,0,1,1,1,"13,49474233","52,55963684"
26816,217275,Berlin,1,2021,10,20,1,3,2,2,2,0,1,0,0,0,0,1,"13,34948677","52,54229314"
26817,217274,Berlin,7,2021,10,13,6,3,2,6,0,0,1,0,1,0,0,0,"13,35005473","52,41430548"
26818,217273,Berlin,8,2021,11,16,2,3,5,2,2,0,1,0,1,0,0,1,"13,42598355","52,47818115"
26819,217272,Berlin,11,2021,11,13,5,3,5,2,0,0,1,0,0,0,1,1,"13,52686776","52,49213228"
26820,217271,Berlin,7,2021,11,20,3,3,5,2,2,0,1,0,0,0,0,0,"13,40319114","52,46343"
26821,217270,Berlin,2,2021,10,11,1,3,2,6,0,1,0,0,0,0,0,0,"13,38886754","52,4991767"
26822,217269,Berlin,11,2021,10,18,5,2,5,7,2,0,1,0,0,0,1,0,"13,49441121","52,48943326"
26823,217268,Berlin,2,2021,10,9,3,3,5,3,0,0,1,0,0,0,0,0,"13,46650865","52,50126846"
26824,217267,Berlin,2,2021,11,11,2,3,0,1,0,0,0,0,1,0,0,1,"13,42695308","52,5118665"
26825,217266,Berlin,4,2021,11,11,7,3,0,2,0,1,1,0,0,0,0,1,"13,31933651","52,50150633"
26826,217265,Berlin,9,2021,11,8,2,3,6,4,0,0,1,1,0,0,0,0,"13,59127395","52,43762965"
26827,217264,Berlin,5,2021,10,21,3,3,5,2,2,0,1,0,0,0,0,0,"13,22723383","52,54947005"
26828,217263,Berlin,7,2021,11,17,7,3,6,4,2,0,1,1,0,0,0,1,"13,41266076","52,40264272"
26829,217262,Berlin,4,2021,11,2,1,3,1,5,2,0,1,0,0,0,1,1,"13,3314298","52,50435364"
26830,217261,Berlin,2,2021,11,7,3,3,5,7,0,0,1,0,1,0,0,0,"13,37840084","52,48501823"
26831,217260,Berlin,7,2021,10,13,6,3,5,5,0,0,0,0,1,0,1,0,"13,40292319","52,48334347"
26832,217259,Berlin,11,2021,10,18,6,3,6,3,1,0,1,1,0,0,0,1,"13,5188367","52,48701454"
26833,217258,Berlin,1,2021,10,15,2,3,2,2,0,0,1,0,1,0,0,0,"13,39711252","52,50810891"
26834,217257,Berlin,11,2021,10,12,6,3,0,3,0,0,1,0,0,0,1,0,"13,4774461","52,52655584"
26835,217256,Berlin,2,2021,11,19,3,3,5,3,2,1,0,0,1,0,0,0,"13,45648575","52,50752684"
26836,217255,Berlin,4,2021,11,8,5,3,5,2,0,1,1,0,0,0,0,1,"13,3138242","52,48680895"
26837,217254,Berlin,5,2021,10,11,7,2,6,2,0,0,1,1,0,0,0,0,"13,17120541","52,52015189"
26838,217253,Berlin,11,2021,10,11,3,3,9,1,0,0,1,0,0,0,0,0,"13,49956714","52,53435863"
26839,217252,Berlin,7,2021,10,19,3,3,5,7,2,0,1,0,0,0,0,1,"13,34973406","52,41256219"
26840,217251,Berlin,4,2021,10,9,2,3,1,5,0,0,1,0,1,0,0,0,"13,31312862","52,5011645"
26841,217250,Berlin,6,2021,11,18,3,3,5,3,0,0,1,0,0,0,0,1,"13,35212695","52,41854265"
26842,217249,Berlin,1,2021,10,12,4,3,0,1,0,1,0,0,0,0,0,0,"13,39847558","52,5325491"
26843,217248,Berlin,5,2021,10,13,4,3,2,6,0,0,1,0,1,0,0,0,"13,19110218","52,53640375"
26844,217247,Berlin,10,2021,11,15,6,3,5,2,0,0,1,0,0,0,1,0,"13,60475931","52,53653712"
26845,217246,Berlin,7,2021,11,16,7,3,3,6,0,0,1,0,1,0,0,0,"13,34169097","52,50205483"
26846,217245,Berlin,4,2021,11,13,5,2,5,3,0,0,1,0,0,1,0,1,"13,31100702","52,54760673"
26847,217244,Berlin,1,2021,11,17,7,3,5,3,0,0,1,0,1,0,0,0,"13,37844099","52,55050113"
26848,217243,Berlin,9,2021,10,16,1,3,5,7,0,1,1,0,0,0,0,0,"13,57804165","52,44730387"
26849,217242,Berlin,8,2021,10,20,7,3,6,2,2,0,1,1,0,0,0,0,"13,46082552","52,46816818"
26850,217241,Berlin,7,2021,11,15,4,3,5,3,1,0,1,0,0,0,0,0,"13,38808921","52,41200374"
26851,217240,Berlin,1,2021,11,16,6,3,2,6,2,0,1,0,0,0,0,0,"13,35549748","52,50711319"
26852,217239,Berlin,2,2021,10,3,1,2,5,3,2,1,0,0,0,0,1,0,"13,45613832","52,50979138"
26853,217238,Berlin,1,2021,10,9,4,3,0,7,0,1,0,0,0,0,0,0,"13,36078843","52,52690506"
26854,217237,Berlin,12,2021,11,18,4,3,1,5,2,0,1,0,0,0,1,1,"13,35595677","52,56212873"
26855,217236,Berlin,2,2021,11,8,3,3,0,1,0,1,0,0,0,0,0,1,"13,45959461","52,51245246"
26856,217235,Berlin,7,2021,10,16,5,3,6,2,0,0,1,1,0,0,0,0,"13,36124844","52,41260336"
26857,217234,Berlin,7,2021,10,17,5,3,5,5,1,0,1,0,0,0,0,1,"13,36811218","52,45576593"
26858,217233,Berlin,4,2021,10,11,2,3,5,2,0,0,1,0,1,0,0,0,"13,28701747","52,54015844"
26859,217232,Berlin,4,2021,10,13,6,3,2,6,0,0,1,0,1,0,0,0,"13,32233499","52,51316519"
26860,217231,Berlin,11,2021,11,9,2,3,2,6,0,0,1,0,0,0,1,1,"13,51182852","52,5506334"
26861,217230,Berlin,2,2021,11,18,5,3,5,2,2,1,0,0,0,1,0,1,"13,42683416","52,49912849"
26862,217229,Berlin,10,2021,11,10,3,3,5,2,0,0,1,0,0,1,0,0,"13,56640231","52,53428095"
26863,217228,Berlin,7,2021,10,1,7,3,8,7,2,0,1,0,0,0,0,0,"13,38105876","52,41068323"
26864,217227,Berlin,1,2021,10,2,5,3,0,7,2,1,0,0,0,0,0,0,"13,38646532","52,56740138"
26865,217226,Berlin,2,2021,10,3,1,3,0,1,2,0,0,0,0,0,1,1,"13,37678339","52,48942277"
26866,217225,Berlin,8,2021,11,10,2,3,5,3,0,0,1,0,0,0,0,0,"13,43070981","52,42428075"
26867,217224,Berlin,1,2021,11,5,5,3,6,2,2,0,1,1,0,0,0,1,"13,38059749","52,54350078"
26868,217223,Berlin,7,2021,11,0,1,3,5,3,2,0,1,0,0,0,0,0,"13,37892752","52,48062073"
26869,217222,Berlin,6,2021,10,8,2,3,0,7,0,1,0,0,0,0,0,0,"13,34265841","52,42581325"
26870,217221,Berlin,1,2021,10,1,6,3,5,3,2,1,1,0,0,0,0,1,"13,40429691","52,53312272"
26871,217220,Berlin,6,2021,11,7,6,3,3,6,1,1,1,0,0,0,0,0,"13,34184864","52,43488301"
26872,217219,Berlin,9,2021,10,17,7,3,6,4,0,0,0,1,1,0,0,0,"13,51475981","52,46227671"
26873,217218,Berlin,2,2021,11,19,4,2,6,4,2,0,1,1,0,0,0,0,"13,46730378","52,50270227"
26874,217217,Berlin,7,2021,11,19,6,3,5,2,2,1,1,0,0,0,0,1,"13,36314427","52,47610054"
26875,217216,Berlin,1,2021,10,15,7,2,6,7,0,0,0,1,0,0,1,0,"13,32863647","52,52883332"
26876,217215,Berlin,2,2021,10,19,4,3,5,3,2,1,1,0,0,0,0,1,"13,39967654","52,49841434"
26877,217214,Berlin,5,2021,11,18,4,3,5,2,2,1,1,0,0,0,0,1,"13,1300011","52,46430286"
26878,217213,Berlin,1,2021,11,18,3,3,5,3,2,1,1,0,0,0,0,1,"13,36394343","52,50618886"
26879,217212,Berlin,1,2021,10,14,5,3,3,6,0,1,1,0,0,0,0,0,"13,39629793","52,51739687"
26880,217211,Berlin,1,2021,10,14,5,3,5,2,0,1,1,0,0,0,0,1,"13,42122594","52,50986604"
26881,217210,Berlin,1,2021,10,14,2,3,5,7,0,0,1,0,1,0,0,0,"13,34102379","52,55160112"
26882,217209,Berlin,5,2021,11,11,7,3,2,7,0,1,0,0,0,0,1,0,"13,19695499","52,52830542"
26883,217208,Berlin,4,2021,11,10,2,3,2,6,0,0,1,0,0,0,0,1,"13,28098704","52,47931678"
26884,217207,Berlin,12,2021,11,11,5,3,5,3,0,0,1,0,0,0,0,1,"13,31812548","52,58934551"
26885,217206,Berlin,9,2021,11,18,3,3,5,2,1,1,0,0,0,0,1,0,"13,56205527","52,43676466"
26886,217205,Berlin,2,2021,10,12,7,2,5,3,0,0,1,0,1,0,0,0,"13,45001074","52,50751052"
26887,217204,Berlin,7,2021,10,18,4,3,5,2,1,1,1,0,0,0,0,0,"13,33808226","52,46683907"
26888,217203,Berlin,2,2021,10,8,2,3,5,3,0,0,1,0,0,0,0,0,"13,41677506","52,50431004"
26889,217202,Berlin,1,2021,10,16,1,2,0,1,1,1,0,0,0,0,0,0,"13,40335406","52,53215748"
26890,217201,Berlin,9,2021,11,13,5,3,2,6,0,0,1,0,0,0,0,0,"13,55861683","52,45142761"
26891,217200,Berlin,4,2021,11,18,7,3,1,5,2,0,1,0,0,0,0,1,"13,25564838","52,5225174"
26892,217199,Berlin,7,2021,10,18,3,3,5,2,2,0,1,0,0,0,1,1,"13,34964399","52,49462594"
26893,217198,Berlin,5,2021,10,20,4,3,2,6,2,0,1,0,0,0,0,1,"13,12894991","52,52876259"
26894,217197,Berlin,10,2021,11,16,7,3,6,4,2,0,1,1,0,0,0,1,"13,60054613","52,4768847"
26895,217196,Berlin,1,2021,10,18,5,3,0,1,0,0,0,0,1,0,0,0,"13,33576297","52,54180466"
26896,217195,Berlin,12,2021,10,12,4,2,2,6,0,0,1,0,0,0,0,0,"13,36536533","52,57661633"
26897,217194,Berlin,11,2021,10,12,7,3,5,2,0,1,1,0,0,0,0,0,"13,45907271","52,52605765"
26898,217193,Berlin,11,2021,10,12,6,3,5,2,0,0,1,0,0,0,1,0,"13,47775896","52,53079148"
26899,217192,Berlin,5,2021,11,18,2,2,0,1,2,1,0,0,0,0,0,0,"13,26309017","52,54029923"
26900,217191,Berlin,1,2021,11,18,5,3,6,2,2,0,0,1,0,0,1,1,"13,36172425","52,54793161"
26901,217190,Berlin,2,2021,11,19,4,3,5,2,1,1,1,0,0,0,0,0,"13,40028232","52,49026926"
26902,217189,Berlin,5,2021,10,16,1,3,6,4,0,0,0,1,1,0,0,0,"13,19880968","52,55534734"
26903,217188,Berlin,7,2021,10,15,5,3,5,7,0,0,1,0,1,0,0,0,"13,4023452","52,48343461"
26904,217187,Berlin,3,2021,10,15,3,3,5,3,0,0,1,0,1,0,0,0,"13,4293","52,58593037"
26905,217186,Berlin,9,2021,11,15,3,3,2,6,0,0,1,0,0,0,0,0,"13,55943641","52,45592631"
26906,217185,Berlin,2,2021,11,16,6,3,2,6,1,0,1,0,0,0,0,0,"13,37746601","52,48947678"
26907,217184,Berlin,3,2021,11,6,2,3,0,7,1,0,1,0,1,0,0,1,"13,44254641","52,57022964"
26908,217183,Berlin,4,2021,10,10,3,3,6,4,0,0,1,1,0,0,0,1,"13,29545527","52,4788972"
26909,217182,Berlin,1,2021,10,0,1,3,2,6,2,0,1,0,0,0,0,0,"13,38345525","52,55129994"
26910,217181,Berlin,12,2021,11,16,7,2,6,2,2,0,1,1,0,0,0,1,"13,35114157","52,56736638"
26911,217180,Berlin,1,2021,11,16,2,2,0,1,2,1,0,0,0,0,0,1,"13,38852716","52,52603913"
26912,217179,Berlin,3,2021,11,18,3,3,3,6,2,1,0,0,0,0,0,0,"13,42072255","52,53347934"
26913,217178,Berlin,3,2021,11,9,6,3,5,3,0,0,1,0,0,0,0,1,"13,45538052","52,55600179"
26914,217177,Berlin,5,2021,10,17,6,3,5,3,0,1,1,0,0,0,0,0,"13,14799212","52,53258105"
26915,217176,Berlin,4,2021,10,11,6,3,0,1,0,0,0,0,0,0,1,1,"13,31180487","52,46823969"
26916,217175,Berlin,9,2021,10,23,6,3,5,3,2,0,1,0,0,0,0,0,"13,53683149","52,41296244"
26917,217174,Berlin,10,2021,11,12,3,2,5,3,0,1,1,0,0,0,0,0,"13,60207584","52,47447473"
26918,217173,Berlin,12,2021,11,7,5,3,5,2,0,0,1,0,0,0,0,1,"13,32340559","52,59775576"
26919,217172,Berlin,9,2021,10,13,6,3,0,1,0,0,0,0,1,0,0,0,"13,51927997","52,4540241"
26920,217171,Berlin,2,2021,10,18,6,3,1,5,2,1,1,0,0,0,0,0,"13,43958283","52,4995511"
26921,217170,Berlin,10,2021,10,7,3,3,5,3,0,0,1,0,0,0,0,0,"13,53866315","52,52464275"
26922,217169,Berlin,4,2021,10,18,3,3,3,6,2,1,1,0,0,0,0,1,"13,32623648","52,49119157"
26923,217168,Berlin,5,2021,10,14,2,3,5,2,0,0,1,0,0,0,0,0,"13,15352222","52,55343124"
26924,217167,Berlin,8,2021,11,10,3,2,8,1,0,0,1,0,0,0,0,1,"13,44358056","52,46428013"
26925,217166,Berlin,1,2021,10,1,4,3,8,1,2,0,0,0,0,0,1,0,"13,40304663","52,52451683"
26926,217165,Berlin,7,2021,10,16,4,2,5,2,0,1,1,0,0,0,0,0,"13,35526872","52,41325916"
26927,217164,Berlin,7,2021,11,18,6,3,5,2,1,0,1,0,1,0,0,0,"13,36397938","52,44824127"
26928,217163,Berlin,4,2021,11,15,7,3,5,3,0,0,1,0,0,0,0,0,"13,2598643","52,51617776"
26929,217162,Berlin,1,2021,11,8,4,3,5,2,0,1,1,0,0,0,0,0,"13,39586876","52,53822634"
26930,217161,Berlin,1,2021,11,15,7,3,1,5,0,1,1,0,0,0,0,0,"13,38053237","52,52985879"
26931,217160,Berlin,8,2021,10,14,4,3,5,3,0,1,1,0,0,0,0,0,"13,44054116","52,47950414"
26932,217159,Berlin,6,2021,10,10,2,2,5,2,0,1,1,0,0,0,0,0,"13,24124407","52,44217291"
26933,217158,Berlin,11,2021,11,12,2,3,0,2,0,1,1,0,0,0,0,1,"13,48671735","52,52072618"
26934,217157,Berlin,1,2021,11,11,4,3,0,1,0,1,0,0,0,0,0,0,"13,40175543","52,52101142"
26935,217156,Berlin,6,2021,11,10,6,2,4,6,0,1,0,0,0,0,0,1,"13,35893197","52,4318274"
26936,217155,Berlin,8,2021,10,23,1,3,1,5,2,1,1,0,0,0,0,0,"13,4997981","52,40679479"
26937,217154,Berlin,3,2021,10,16,4,3,2,6,0,1,0,0,0,1,0,0,"13,43267077","52,59601194"
26938,217153,Berlin,5,2021,11,16,5,3,6,2,2,0,1,1,0,0,0,0,"13,20990788","52,54788194"
26939,217152,Berlin,4,2021,11,15,3,3,5,3,0,1,1,0,0,0,0,1,"13,2761239","52,51434363"
26940,217151,Berlin,2,2021,10,19,4,3,5,2,2,0,1,0,1,0,0,0,"13,44891149","52,52429251"
26941,217150,Berlin,7,2021,10,8,6,3,5,3,0,0,1,0,1,0,0,0,"13,39645656","52,44002923"
26942,217149,Berlin,4,2021,10,15,6,2,5,2,0,0,1,0,0,0,1,0,"13,28667395","52,51873557"
26943,217148,Berlin,2,2021,11,19,2,3,5,3,2,1,1,0,0,0,0,0,"13,39585879","52,49902832"
26944,217147,Berlin,7,2021,11,17,5,3,0,1,2,0,0,0,1,0,0,1,"13,39852033","52,3878718"
26945,217146,Berlin,10,2021,11,15,3,3,5,3,0,1,1,0,0,0,0,0,"13,60111714","52,47923918"
26946,217145,Berlin,5,2021,10,20,7,2,0,1,2,0,0,0,0,0,1,0,"13,2623557","52,54172582"
26947,217144,Berlin,6,2021,10,16,5,2,3,6,0,0,1,0,0,0,1,0,"13,30503302","52,41756799"
26948,217143,Berlin,8,2021,10,14,3,3,2,6,0,0,1,0,0,0,0,1,"13,42809041","52,42358404"
26949,217142,Berlin,10,2021,11,16,2,3,5,2,2,1,1,0,0,0,0,1,"13,60207818","52,48331294"
26950,217141,Berlin,11,2021,11,17,5,2,5,2,2,0,1,0,1,0,0,0,"13,47333406","52,52298975"
26951,217140,Berlin,4,2021,11,16,7,3,5,2,2,0,1,0,0,0,0,1,"13,32022715","52,47876309"
26952,217139,Berlin,9,2021,10,15,3,3,5,3,0,0,1,0,1,0,0,1,"13,70643064","52,43384325"
26953,217138,Berlin,1,2021,11,17,6,3,5,3,2,1,0,0,0,0,1,0,"13,33960672","52,52406361"
26954,217137,Berlin,2,2021,10,18,5,3,0,1,2,0,1,0,1,0,0,0,"13,46901793","52,49585818"
26955,217136,Berlin,7,2021,10,20,6,3,5,5,2,0,1,0,1,0,0,1,"13,34218877","52,46748831"
26956,217135,Berlin,4,2021,10,20,7,3,6,7,0,0,1,1,0,0,0,0,"13,29945567","52,50606963"
26957,217134,Berlin,8,2021,10,17,6,3,5,3,2,0,1,0,0,0,0,0,"13,44318847","52,48225085"
26958,217133,Berlin,4,2021,11,19,2,3,6,4,2,1,0,1,0,0,0,1,"13,3269857","52,49943968"
26959,217132,Berlin,3,2021,11,8,6,3,5,2,0,1,1,0,0,0,0,1,"13,41847201","52,55347237"
26960,217131,Berlin,3,2021,11,16,4,3,0,2,2,0,1,0,0,0,1,1,"13,45802349","52,52884213"
26961,217130,Berlin,11,2021,10,16,1,3,5,2,0,0,1,0,0,0,0,0,"13,47943545","52,51625698"
26962,217129,Berlin,2,2021,10,11,3,3,3,6,0,1,1,0,0,0,0,0,"13,43360957","52,52290318"
26963,217128,Berlin,12,2021,10,13,4,2,6,4,0,0,1,1,0,0,0,0,"13,29792022","52,59119417"
26964,217127,Berlin,3,2021,11,6,2,3,5,3,2,0,1,0,0,0,0,0,"13,40297487","52,5955747"
26965,217126,Berlin,5,2021,10,7,4,3,2,3,0,1,1,0,0,0,0,1,"13,19812472","52,55549708"
26966,217125,Berlin,10,2021,11,18,7,3,5,2,2,0,1,0,0,0,0,1,"13,56150217","52,50716052"
26967,217124,Berlin,7,2021,11,13,2,3,5,3,0,0,1,0,0,0,0,0,"13,36676155","52,47451894"
26968,217123,Berlin,9,2021,11,11,4,3,5,3,0,1,0,0,1,0,0,0,"13,45256449","52,48993715"
26969,217122,Berlin,5,2021,11,12,6,3,5,2,0,0,1,0,0,0,0,1,"13,19550394","52,53347744"
26970,217121,Berlin,12,2021,10,14,1,2,1,5,0,0,1,0,1,0,0,0,"13,26964588","52,57588016"
26971,217120,Berlin,7,2021,10,1,1,3,1,5,2,1,1,0,0,0,0,0,"13,3921113","52,42161887"
26972,217119,Berlin,3,2021,11,9,4,3,5,3,0,1,1,0,0,0,0,0,"13,43965445","52,54774954"
26973,217118,Berlin,5,2021,11,10,5,2,5,3,0,0,1,0,0,0,0,0,"13,14168924","52,53250614"
26974,217117,Berlin,12,2021,10,17,6,3,5,2,0,0,1,0,0,0,0,0,"13,29792098","52,57811959"
26975,217116,Berlin,9,2021,10,15,6,3,1,5,0,1,1,0,0,0,0,0,"13,64087694","52,38978173"
26976,217115,Berlin,1,2021,10,8,6,2,5,3,0,1,1,0,0,0,0,0,"13,33434381","52,54114469"
26977,217114,Berlin,1,2021,10,18,6,3,6,2,1,0,1,1,0,0,0,1,"13,38411262","52,55604464"
26978,217113,Berlin,2,2021,10,8,7,3,5,3,0,1,0,0,0,0,0,1,"13,38622122","52,49007634"
26979,217112,Berlin,3,2021,10,16,6,3,5,3,0,1,1,0,0,0,0,0,"13,36977934","52,58939386"
26980,217111,Berlin,3,2021,11,17,3,3,5,2,2,0,1,0,1,0,0,0,"13,42940192","52,58623194"
26981,217110,Berlin,4,2021,11,19,5,3,5,2,2,1,1,0,0,0,0,1,"13,31394509","52,49040801"
26982,217109,Berlin,1,2021,11,8,3,3,5,7,0,1,1,0,0,0,0,0,"13,40532113","52,53852233"
26983,217108,Berlin,4,2021,10,18,1,3,5,7,1,0,1,0,0,0,1,0,"13,30955031","52,5131648"
26984,217107,Berlin,1,2021,10,20,5,3,5,2,2,1,0,0,0,0,1,0,"13,39304236","52,56455017"
26985,217106,Berlin,2,2021,10,14,3,3,0,1,0,1,0,0,0,0,0,0,"13,45488828","52,51914635"
26986,217105,Berlin,4,2021,11,10,2,3,1,5,0,1,0,0,0,0,1,0,"13,30359868","52,51286188"
26987,217104,Berlin,4,2021,11,17,6,3,6,7,1,0,1,1,0,0,0,0,"13,31207075","52,46846437"
26988,217103,Berlin,12,2021,11,16,2,3,0,7,2,0,0,0,1,0,0,1,"13,32189195","52,62430329"
26989,217102,Berlin,5,2021,10,7,3,3,0,1,2,0,0,0,1,0,0,1,"13,24556487","52,52493887"
26990,217101,Berlin,6,2021,11,19,7,3,6,2,2,0,1,1,0,0,0,1,"13,24037191","52,44261149"
26991,217100,Berlin,10,2021,11,16,2,3,6,2,1,0,1,1,0,0,0,1,"13,55877115","52,53184197"
26992,217099,Berlin,6,2021,11,12,4,3,5,2,0,0,1,0,1,0,0,0,"13,31873355","52,45065631"
26993,217098,Berlin,7,2021,11,17,6,3,6,7,2,0,1,1,0,0,0,0,"13,36104079","52,49133012"
26994,217097,Berlin,8,2021,10,15,6,3,6,7,0,1,1,1,0,0,0,0,"13,43142333","52,49238639"
26995,217096,Berlin,4,2021,10,16,7,3,5,2,0,0,1,0,1,0,0,0,"13,26605805","52,51299404"
26996,217095,Berlin,4,2021,10,12,7,3,2,6,0,0,1,0,0,0,0,0,"13,29945023","52,51998987"
26997,217094,Berlin,2,2021,11,12,3,2,1,5,0,1,0,0,0,0,1,1,"13,38290715","52,4918075"
26998,217093,Berlin,1,2021,11,17,5,3,5,3,1,0,1,0,0,0,0,1,"13,41780394","52,50658889"
26999,217092,Berlin,4,2021,10,11,7,3,5,7,0,1,1,0,0,0,0,0,"13,30725375","52,50479605"
27000,217091,Berlin,10,2021,10,16,6,3,6,6,2,0,1,1,0,0,0,0,"13,5753562","52,53130774"
27001,217090,Berlin,10,2021,10,8,2,3,5,3,0,1,1,0,0,0,0,0,"13,62585628","52,52931276"
27002,217089,Berlin,4,2021,10,11,4,3,6,4,0,0,0,1,1,0,0,0,"13,32842778","52,5083921"
27003,217088,Berlin,4,2021,10,17,3,3,5,7,1,0,1,0,1,0,0,0,"13,322368","52,48558452"
27004,217087,Berlin,4,2021,11,10,3,3,2,6,0,0,1,0,1,0,0,1,"13,33340208","52,50417699"
27005,217086,Berlin,7,2021,10,11,4,2,6,2,0,0,0,1,0,1,0,0,"13,40087607","52,41452446"
27006,217085,Berlin,11,2021,10,13,4,3,3,6,0,0,1,0,0,1,0,0,"13,50560819","52,53464035"
27007,217084,Berlin,1,2021,11,15,6,2,5,3,0,0,1,0,0,0,0,0,"13,35390274","52,52389717"
27008,217083,Berlin,6,2021,11,2,7,3,6,4,2,0,0,1,0,0,1,0,"13,32861513","52,4563609"
27009,217082,Berlin,1,2021,11,14,4,3,5,3,0,0,1,0,1,0,0,0,"13,37066407","52,55870646"
27010,217081,Berlin,12,2021,11,23,2,3,5,3,2,1,1,0,0,0,0,0,"13,32686885","52,56252391"
27011,217080,Berlin,7,2021,10,14,4,3,5,3,0,1,1,0,0,0,0,0,"13,33518949","52,46927124"
27012,217079,Berlin,6,2021,10,11,2,3,5,3,0,0,1,0,1,0,0,0,"13,25023283","52,42129445"
27013,217078,Berlin,10,2021,10,14,1,3,5,2,0,0,1,0,0,0,0,0,"13,60132576","52,53578521"
27014,217077,Berlin,4,2021,11,13,4,3,5,2,0,0,1,0,0,0,0,0,"13,29753619","52,53460531"
27015,217076,Berlin,1,2021,11,21,6,3,6,2,2,0,1,1,0,0,0,0,"13,39098579","52,51487471"
27016,217075,Berlin,3,2021,10,15,1,3,5,7,0,1,0,0,0,0,0,0,"13,42347227","52,54311252"
27017,217074,Berlin,9,2021,10,18,4,3,5,3,2,1,1,0,0,0,0,1,"13,63147753","52,39484495"
27018,217073,Berlin,2,2021,11,12,6,3,5,3,0,0,1,0,0,0,0,0,"13,39461248","52,50455968"
27019,217072,Berlin,8,2021,11,15,3,3,6,2,0,0,1,1,0,0,0,0,"13,43532201","52,48607363"
27020,217071,Berlin,10,2021,10,12,5,3,5,3,0,1,1,0,0,0,0,0,"13,61183172","52,520973"
27021,217070,Berlin,11,2021,10,18,5,2,0,1,0,1,0,0,0,0,0,1,"13,49945868","52,52137667"
27022,217069,Berlin,5,2021,10,18,5,3,0,5,2,0,1,0,1,0,0,0,"13,20821813","52,54444036"
27023,217068,Berlin,6,2021,11,8,2,3,6,2,0,0,1,1,0,0,0,1,"13,31579097","52,44319527"
27024,217067,Berlin,5,2021,11,12,5,2,2,6,0,0,1,0,0,1,0,1,"13,16570464","52,55118898"
27025,217066,Berlin,9,2021,11,9,3,3,6,7,0,0,1,1,0,0,0,0,"13,5619573","52,3889378"
27026,217065,Berlin,3,2021,10,15,1,3,5,3,0,0,0,0,1,0,0,0,"13,44408832","52,55272702"
27027,217064,Berlin,3,2021,10,10,5,3,1,5,0,1,1,0,0,0,0,0,"13,42577367","52,56038635"
27028,217063,Berlin,7,2021,10,13,2,3,2,6,0,0,1,0,0,0,0,0,"13,39472856","52,483927"
27029,217062,Berlin,11,2021,11,8,2,3,2,6,0,1,0,0,0,0,0,0,"13,47584562","52,53680533"
27030,217061,Berlin,1,2021,11,9,5,3,2,6,0,0,1,0,0,0,0,0,"13,41911166","52,52568806"
27031,217060,Berlin,3,2021,11,0,1,3,0,1,2,0,0,0,0,0,1,0,"13,44474275","52,57985728"
27032,217059,Berlin,10,2021,10,12,2,3,9,1,0,0,1,0,0,0,0,0,"13,5689546","52,53250279"
27033,217058,Berlin,9,2021,11,17,7,3,5,3,2,1,1,0,0,0,0,1,"13,51201073","52,47070783"
27034,217057,Berlin,9,2021,10,19,5,3,1,5,2,1,1,0,0,0,0,0,"13,5736468","52,45418988"
27035,217056,Berlin,1,2021,10,18,6,3,6,2,2,0,1,1,0,0,0,1,"13,40171035","52,52962803"