,id,city,district,year,month,hour,weekday,injury_level,collision,movement,light_conditions,bicycle,car,pedestrian,motorbike,truck,other_vehicle,road_conditions,longitude,latitude
27036,217055,Berlin,12,2021,10,14,6,3,5,3,0,0,1,0,0,0,0,1,"13,35156167","52,57816165"
27037,217054,Berlin,10,2021,10,18,6,3,9,1,2,0,0,0,1,0,0,0,"13,60222168","52,5321607"
27038,217053,Berlin,4,2021,11,16,3,3,2,6,2,0,1,0,1,0,0,0,"13,31552583","52,51466238"
27039,217052,Berlin,1,2021,11,7,6,3,5,3,0,0,1,0,0,0,0,1,"13,33495002","52,56027363"
27040,217051,Berlin,7,2021,11,17,4,3,5,3,2,0,1,0,1,0,0,0,"13,34604083","52,49882784"
27041,217050,Berlin,5,2021,10,17,6,2,5,3,0,0,1,0,0,0,1,0,"13,194531","52,54571447"
27042,217049,Berlin,9,2021,10,15,3,2,5,2,0,0,1,0,0,0,1,0,"13,5266829","52,42879475"
27043,217048,Berlin,5,2021,10,23,3,2,5,3,2,0,1,0,0,0,0,0,"13,1880984","52,53250055"
27044,217047,Berlin,4,2021,10,16,2,3,5,2,0,1,1,0,0,0,0,0,"13,31525387","52,51457927"
27045,217046,Berlin,8,2021,11,0,3,2,9,1,2,0,1,0,0,0,0,0,"13,50575919","52,40952007"
27046,217045,Berlin,6,2021,10,12,3,3,5,2,0,0,1,0,0,0,0,1,"13,32224619","52,46252633"
27047,217044,Berlin,2,2021,10,17,4,3,2,6,0,0,1,0,0,0,0,0,"13,44658885","52,5027249"
27048,217043,Berlin,2,2021,11,10,1,3,0,1,0,1,0,0,0,0,0,1,"13,45673769","52,50977655"
27049,217042,Berlin,1,2021,11,10,2,3,5,3,0,1,1,0,0,0,0,1,"13,39750825","52,52873101"
27050,217041,Berlin,9,2021,11,20,3,3,9,1,2,0,0,0,0,0,1,0,"13,58054443","52,44315991"
27051,217040,Berlin,6,2021,11,9,2,3,2,6,0,0,1,0,0,0,0,0,"13,34733163","52,43545828"
27052,217039,Berlin,12,2021,10,14,7,2,0,7,0,0,0,0,1,0,0,1,"13,24349651","52,62480889"
27053,217038,Berlin,7,2021,10,0,7,2,2,1,2,0,1,0,0,0,0,0,"13,38585817","52,47819764"
27054,217037,Berlin,9,2021,11,17,3,3,5,2,1,1,1,0,0,0,0,0,"13,56946997","52,44450685"
27055,217036,Berlin,1,2021,11,8,5,3,2,6,0,1,1,0,0,0,0,1,"13,37752135","52,52223958"
27056,217035,Berlin,1,2021,10,19,7,3,1,5,2,1,1,0,0,0,0,0,"13,36825168","52,52352723"
27057,217034,Berlin,3,2021,10,7,4,3,0,2,0,1,1,0,0,0,0,1,"13,36110256","52,58969898"
27058,217033,Berlin,8,2021,10,14,3,3,0,5,0,0,1,0,0,0,0,0,"13,40862008","52,4265393"
27059,217032,Berlin,7,2021,11,14,5,3,5,7,0,0,1,0,0,0,0,1,"13,36122763","52,47941153"
27060,217031,Berlin,7,2021,11,8,3,3,0,2,0,1,1,0,0,0,0,1,"13,3831005","52,43403915"
27061,217030,Berlin,1,2021,10,15,4,3,5,7,0,0,1,0,1,0,0,0,"13,40929712","52,52353575"
27062,217029,Berlin,4,2021,10,6,6,2,4,6,2,0,1,0,0,1,0,0,"13,27174677","52,52838859"
27063,217028,Berlin,3,2021,11,18,6,3,1,5,1,1,1,0,0,0,0,0,"13,43338326","52,55302078"
27064,217027,Berlin,10,2021,11,12,2,2,5,3,0,1,1,0,0,0,0,1,"13,60356326","52,47893317"
27065,217026,Berlin,3,2021,11,6,5,3,5,3,2,1,1,0,0,0,0,0,"13,38976021","52,57429667"
27066,217025,Berlin,2,2021,11,10,3,2,0,1,0,0,0,0,1,0,0,0,"13,46665027","52,50244643"
27067,217024,Berlin,11,2021,10,11,7,3,5,2,0,0,1,0,1,0,0,0,"13,48059043","52,49907208"
27068,217023,Berlin,1,2021,10,15,4,3,0,2,0,1,1,0,0,0,0,0,"13,41576152","52,52727298"
27069,217022,Berlin,11,2021,10,14,2,3,5,2,0,1,1,0,0,0,0,0,"13,47795918","52,52300265"
27070,217021,Berlin,7,2021,10,12,1,3,0,2,0,0,1,0,1,0,0,0,"13,34398391","52,41180851"
27071,217020,Berlin,4,2021,11,15,4,3,0,2,0,0,1,0,0,0,1,0,"13,33260171","52,50616923"
27072,217019,Berlin,5,2021,11,14,6,2,6,4,0,0,1,1,0,0,0,1,"13,14571815","52,52398053"
27073,217018,Berlin,11,2021,10,17,2,3,5,2,0,1,1,0,0,0,0,0,"13,48125326","52,53869518"
27074,217017,Berlin,8,2021,10,13,5,2,5,3,0,1,1,0,0,0,0,1,"13,44810258","52,47054774"
27075,217016,Berlin,8,2021,11,14,6,3,6,4,0,0,1,1,0,0,0,0,"13,44883197","52,4786292"
27076,217015,Berlin,9,2021,11,7,4,3,1,5,0,1,1,0,0,0,0,1,"13,6371038","52,44860768"
27077,217014,Berlin,1,2021,10,9,5,3,0,2,0,1,1,0,0,0,0,0,"13,40014167","52,53942658"
27078,217013,Berlin,4,2021,10,13,4,3,0,7,0,1,0,0,0,1,0,1,"13,33101817","52,49473819"
27079,217012,Berlin,4,2021,10,6,3,2,2,7,2,0,1,0,1,0,0,1,"13,3145418","52,54750081"
27080,217011,Berlin,11,2021,11,18,4,3,5,2,2,0,1,0,0,0,0,0,"13,47888783","52,53329345"
27081,217010,Berlin,11,2021,11,18,3,3,0,7,2,0,1,0,0,0,0,1,"13,51392086","52,48326108"
27082,217009,Berlin,5,2021,10,2,4,2,0,7,2,0,0,0,0,0,1,1,"13,24752389","52,52470553"
27083,217008,Berlin,4,2021,10,17,4,3,0,1,0,1,0,0,0,0,0,0,"13,26135261","52,47914255"
27084,217007,Berlin,8,2021,11,10,6,2,6,4,0,0,1,1,0,0,0,1,"13,43536634","52,42313341"
27085,217006,Berlin,12,2021,11,15,7,3,5,2,0,1,1,0,0,0,0,1,"13,28539402","52,59482019"
27086,217005,Berlin,10,2021,11,19,4,3,2,7,2,1,1,0,0,0,0,1,"13,55959809","52,55239434"
27087,217004,Berlin,8,2021,11,21,7,3,5,3,2,0,1,0,0,0,0,0,"13,48299994","52,41608672"
27088,217003,Berlin,6,2021,10,10,7,2,5,3,0,0,1,0,0,0,0,0,"13,16156795","52,41989932"
27089,217002,Berlin,3,2021,10,20,4,3,5,7,2,1,1,0,0,0,0,0,"13,47024945","52,55363618"
27090,217001,Berlin,2,2021,10,17,1,3,5,2,0,1,1,0,0,0,0,0,"13,40666144","52,49844446"
27091,217000,Berlin,12,2021,11,12,2,2,5,3,0,0,1,0,1,0,0,1,"13,33169687","52,5620193"
27092,216999,Berlin,4,2021,11,10,4,3,1,5,0,1,1,0,0,0,0,0,"13,3050707","52,51255492"
27093,216998,Berlin,8,2021,11,13,7,3,3,6,0,0,1,0,0,0,0,0,"13,44510229","52,45232249"
27094,216997,Berlin,8,2021,10,23,7,3,6,7,2,0,1,1,0,0,0,0,"13,42421887","52,4773324"
27095,216996,Berlin,7,2021,10,22,4,3,0,1,2,0,0,0,0,0,1,0,"13,34056195","52,49118567"
27096,216995,Berlin,9,2021,11,10,6,2,0,7,0,1,0,0,0,0,0,0,"13,50257624","52,44719625"
27097,216994,Berlin,4,2021,11,16,3,3,6,4,2,0,1,1,0,0,0,1,"13,3252232","52,5023211"
27098,216993,Berlin,12,2021,10,22,4,3,5,3,2,0,1,0,0,0,1,0,"13,33424351","52,59894209"
27099,216992,Berlin,3,2021,10,16,6,3,5,3,0,0,1,0,0,0,0,1,"13,42769074","52,5530979"
27100,216991,Berlin,2,2021,10,22,1,2,6,2,2,0,1,1,0,0,0,0,"13,46546986","52,50776627"
27101,216990,Berlin,12,2021,10,8,6,3,2,6,0,0,1,0,0,0,0,0,"13,30930566","52,60347515"
27102,216989,Berlin,10,2021,11,18,2,3,5,2,1,0,1,0,0,0,1,1,"13,59168902","52,544986"
27103,216988,Berlin,4,2021,11,21,5,3,5,7,2,0,1,0,1,0,0,1,"13,29983085","52,50520442"
27104,216987,Berlin,7,2021,11,8,3,2,5,3,0,0,0,0,1,0,1,0,"13,37639803","52,46009845"
27105,216986,Berlin,9,2021,10,12,2,3,6,2,0,0,1,1,0,0,0,1,"13,53414227","52,43295769"
27106,216985,Berlin,4,2021,10,5,5,3,2,2,2,0,1,0,0,0,1,0,"13,29417528","52,53433944"
27107,216984,Berlin,5,2021,10,20,2,2,2,2,2,0,1,0,1,0,1,0,"13,15713954","52,53915916"
27108,216983,Berlin,3,2021,11,13,2,3,6,4,0,0,0,1,0,0,1,1,"13,42684901","52,57182246"
27109,216982,Berlin,8,2021,11,20,6,3,0,2,2,1,1,0,0,0,0,0,"13,46010575","52,43179426"
27110,216981,Berlin,1,2021,11,19,1,3,5,2,2,1,1,0,0,0,0,1,"13,37658503","52,51016658"
27111,216980,Berlin,1,2021,10,16,2,3,2,6,0,0,1,0,0,0,1,0,"13,39165935","52,55541594"
27112,216979,Berlin,10,2021,10,11,2,3,5,3,0,1,1,0,0,0,0,0,"13,58550709","52,50525497"
27113,216978,Berlin,12,2021,11,2,7,3,2,7,2,0,1,0,0,0,0,0,"13,34794001","52,59625044"
27114,216977,Berlin,1,2021,11,14,1,3,1,7,0,0,1,0,0,0,0,1,"13,42057406","52,51790827"
27115,216976,Berlin,11,2021,10,7,5,2,0,2,1,0,1,0,0,0,1,0,"13,48929353","52,54242473"
27116,216975,Berlin,12,2021,10,14,6,3,0,6,0,0,1,0,1,0,0,0,"13,33144393","52,56216499"
27117,216974,Berlin,9,2021,10,16,2,3,5,3,0,1,1,0,0,0,0,0,"13,6369516","52,45080528"
27118,216973,Berlin,9,2021,10,14,6,3,0,4,0,0,0,1,1,0,0,0,"13,48466697","52,46359376"
27119,216972,Berlin,1,2021,11,12,4,3,0,5,0,1,1,0,0,0,0,1,"13,33317954","52,53288097"
27120,216971,Berlin,10,2021,11,15,5,3,5,2,0,1,1,0,0,0,0,0,"13,60211684","52,536015"
27121,216970,Berlin,2,2021,10,12,6,3,5,2,0,1,1,0,0,0,0,0,"13,42722266","52,49914508"
27122,216969,Berlin,1,2021,10,7,3,3,5,3,0,1,1,0,0,0,0,0,"13,40309469","52,53371271"
27123,216968,Berlin,6,2021,10,13,4,3,2,3,0,0,1,0,1,0,0,0,"13,25807074","52,43513747"
27124,216967,Berlin,2,2021,10,12,2,2,5,3,0,0,1,0,1,0,0,0,"13,44067446","52,51723693"
27125,216966,Berlin,5,2021,11,9,1,3,5,3,0,0,1,0,0,0,0,1,"13,21643265","52,56056795"
27126,216965,Berlin,2,2021,10,17,4,3,5,3,0,1,0,0,0,0,1,0,"13,42961433","52,50301622"
27127,216964,Berlin,9,2021,10,15,4,3,1,5,0,1,1,0,0,0,0,0,"13,44415345","52,49059558"
27128,216963,Berlin,6,2021,11,13,7,3,0,7,0,0,0,0,1,0,0,1,"13,34064454","52,46467876"
27129,216962,Berlin,8,2021,11,19,3,3,2,6,2,0,1,0,0,0,0,0,"13,42422462","52,48669018"
27130,216961,Berlin,1,2021,11,12,7,3,2,2,0,0,1,0,1,0,0,0,"13,36161102","52,54803632"
27131,216960,Berlin,5,2021,10,12,1,3,2,6,0,0,1,0,1,0,0,0,"13,20272739","52,52364939"
27132,216959,Berlin,4,2021,10,13,7,3,5,7,0,0,1,0,0,0,0,0,"13,31952001","52,50153453"
27133,216958,Berlin,1,2021,11,18,4,3,5,2,2,1,1,0,0,0,0,0,"13,36034021","52,5372443"
27134,216957,Berlin,6,2021,11,6,5,3,6,4,2,0,0,1,0,0,1,0,"13,3277286","52,4640587"
27135,216956,Berlin,6,2021,10,18,7,3,2,6,0,0,1,0,0,0,0,0,"13,24698873","52,46759078"
27136,216955,Berlin,3,2021,10,10,4,3,5,5,0,0,1,0,0,0,1,0,"13,40869159","52,53758213"
27137,216954,Berlin,10,2021,11,17,4,2,2,7,2,0,1,0,0,0,0,0,"13,56866832","52,53790517"
27138,216953,Berlin,12,2021,11,16,3,3,1,5,1,0,1,0,0,1,1,1,"13,29986444","52,60193548"
27139,216952,Berlin,9,2021,10,10,5,3,2,6,0,0,1,0,0,0,0,0,"13,59671971","52,43695222"
27140,216951,Berlin,1,2021,10,3,5,3,9,1,2,0,0,0,1,0,0,0,"13,35023554","52,51364795"
27141,216950,Berlin,7,2021,10,15,2,3,5,3,0,0,1,0,1,0,0,0,"13,38564328","52,47156279"
27142,216949,Berlin,6,2021,11,11,6,2,0,1,0,0,0,0,1,0,0,1,"13,34504914","52,4468437"
27143,216948,Berlin,4,2021,11,18,1,2,5,2,2,0,1,0,0,0,0,1,"13,28032171","52,5063766"
27144,216947,Berlin,8,2021,11,12,5,3,2,6,0,0,1,0,0,0,0,1,"13,42800306","52,47366808"
27145,216946,Berlin,6,2021,11,16,2,3,1,5,1,1,1,0,0,0,0,0,"13,3164454","52,45666755"
27146,216945,Berlin,2,2021,10,19,7,3,5,2,2,1,1,0,0,0,0,0,"13,39936879","52,4982864"
27147,216944,Berlin,3,2021,10,16,4,3,2,6,1,0,1,0,0,0,0,0,"13,42878314","52,58152576"
27148,216943,Berlin,9,2021,10,9,2,3,5,2,0,1,0,0,0,0,1,0,"13,57714515","52,4558427"
27149,216942,Berlin,9,2021,11,9,2,3,5,3,0,0,1,0,0,0,0,0,"13,55330587","52,46962613"
27150,216941,Berlin,7,2021,11,13,5,3,5,2,0,1,0,0,0,0,1,0,"13,3819707","52,39771026"
27151,216940,Berlin,6,2021,11,11,7,2,6,4,0,0,1,1,0,0,0,0,"13,35751082","52,42302453"
27152,216939,Berlin,11,2021,10,17,3,3,5,2,0,1,1,0,0,0,0,0,"13,48463403","52,51397351"
27153,216938,Berlin,9,2021,10,21,5,3,5,2,2,1,0,0,0,0,1,1,"13,58054915","52,45549845"
27154,216937,Berlin,12,2021,11,7,6,3,1,5,0,0,1,0,0,0,1,0,"13,3354741","52,60841119"
27155,216936,Berlin,10,2021,11,15,4,3,6,2,1,0,1,1,0,0,0,1,"13,5852889","52,52127439"
27156,216935,Berlin,1,2021,10,22,5,3,3,6,2,0,1,0,0,0,0,0,"13,35679578","52,5250106"
27157,216934,Berlin,12,2021,10,0,5,3,5,7,2,0,1,0,0,0,1,0,"13,32884603","52,56594973"
27158,216933,Berlin,11,2021,10,8,7,3,5,3,0,0,1,0,0,0,0,1,"13,49096126","52,5419958"
27159,216932,Berlin,2,2021,10,3,6,2,0,1,2,0,0,0,0,0,1,0,"13,37997938","52,49243028"
27160,216931,Berlin,6,2021,11,15,2,3,5,2,0,1,0,0,0,1,0,1,"13,22982201","52,42773211"
27161,216930,Berlin,10,2021,11,16,5,2,6,4,2,0,1,1,0,0,0,1,"13,55613683","52,54825778"
27162,216929,Berlin,4,2021,11,12,3,3,2,6,0,0,1,0,0,0,0,0,"13,30194174","52,5188101"
27163,216928,Berlin,7,2021,10,3,1,3,5,3,2,1,1,0,0,0,0,0,"13,363324","52,45592642"
27164,216927,Berlin,1,2021,10,19,5,2,4,6,2,1,1,0,0,0,1,0,"13,41337354","52,50701314"
27165,216926,Berlin,2,2021,10,14,3,3,2,6,0,0,1,0,0,0,0,0,"13,41376861","52,48818286"
27166,216925,Berlin,4,2021,11,17,3,3,5,2,2,1,1,0,0,0,0,0,"13,32825099","52,47883054"
27167,216924,Berlin,4,2021,11,8,6,3,6,4,0,0,1,1,0,0,0,1,"13,31599379","52,50725282"
27168,216923,Berlin,2,2021,11,22,1,2,6,2,2,0,1,1,0,0,0,0,"13,4292642","52,5008749"
27169,216922,Berlin,3,2021,10,7,3,3,6,4,0,0,0,1,0,0,1,1,"13,43962792","52,55542172"
27170,216921,Berlin,1,2021,10,8,4,3,5,3,0,1,1,0,0,0,0,0,"13,39300642","52,5275198"
27171,216920,Berlin,1,2021,10,15,1,3,1,5,0,0,1,0,1,0,0,0,"13,42021809","52,51001968"
27172,216919,Berlin,7,2021,11,17,7,3,6,4,2,0,1,1,0,0,0,1,"13,35047739","52,41422371"
27173,216918,Berlin,1,2021,11,10,1,3,5,3,0,0,1,0,0,0,0,0,"13,39224245","52,50870809"
27174,216917,Berlin,9,2021,11,12,4,3,6,2,0,0,1,1,0,0,0,0,"13,58781749","52,42204947"
27175,216916,Berlin,10,2021,11,16,6,3,6,7,1,0,1,1,0,0,0,0,"13,62102702","52,52600686"
27176,216915,Berlin,3,2021,10,13,6,3,6,7,0,0,0,1,0,0,1,0,"13,48077134","52,55307551"
27177,216914,Berlin,1,2021,10,17,6,3,6,4,1,0,1,1,0,0,0,1,"13,37742967","52,50958069"
27178,216913,Berlin,3,2021,10,6,2,3,5,2,2,0,0,0,0,0,1,0,"13,45704236","52,56105761"
27179,216912,Berlin,5,2021,10,14,6,3,2,6,0,0,1,0,0,0,0,0,"13,23839928","52,54457651"
27180,216911,Berlin,6,2021,11,1,3,2,8,1,2,0,1,0,0,0,0,1,"13,32669191","52,42775726"
27181,216910,Berlin,6,2021,11,7,5,3,2,6,2,0,1,0,0,0,0,1,"13,33084643","52,44460291"
27182,216909,Berlin,1,2021,10,17,6,3,3,2,0,0,1,0,1,0,0,0,"13,35123727","52,50451731"
27183,216908,Berlin,1,2021,10,9,6,3,0,1,0,1,0,0,0,0,0,0,"13,384653","52,55600058"
27184,216907,Berlin,1,2021,10,14,3,3,5,3,0,0,1,0,0,0,1,0,"13,39285668","52,54258196"
27185,216906,Berlin,4,2021,10,17,3,3,1,5,0,1,1,0,0,0,0,0,"13,30279742","52,50984068"
27186,216905,Berlin,11,2021,10,19,2,3,6,4,1,1,0,1,0,0,0,1,"13,50515629","52,50916616"
27187,216904,Berlin,4,2021,10,17,7,2,5,3,1,1,1,0,0,0,0,0,"13,24178119","52,50645689"
27188,216903,Berlin,3,2021,10,13,6,3,2,6,0,0,1,0,0,0,1,0,"13,42896441","52,58493146"
27189,216902,Berlin,6,2021,11,19,2,3,2,2,2,0,1,0,0,0,0,0,"13,3311702","52,44402734"
27190,216901,Berlin,4,2021,11,17,5,3,1,5,2,0,1,0,0,0,0,1,"13,3251321","52,48647451"
27191,216900,Berlin,6,2021,11,17,3,3,1,5,2,0,1,0,0,0,0,0,"13,26750332","52,45108733"
27192,216899,Berlin,1,2021,10,23,7,3,5,3,2,1,1,0,0,0,0,0,"13,39148401","52,52208359"
27193,216898,Berlin,12,2021,10,14,5,3,2,2,0,0,1,0,0,1,0,0,"13,30407403","52,58131232"
27194,216897,Berlin,1,2021,10,14,3,3,6,7,0,0,1,1,0,0,0,0,"13,38373783","52,55127689"
27195,216896,Berlin,7,2021,11,13,2,3,5,3,0,0,1,0,0,0,0,1,"13,37905738","52,4481772"
27196,216895,Berlin,4,2021,11,9,5,3,5,7,0,1,0,0,0,0,1,0,"13,32333336","52,49216447"
27197,216894,Berlin,4,2021,11,14,7,3,0,5,0,1,0,0,0,0,1,1,"13,32588455","52,50001841"
27198,216893,Berlin,7,2021,10,8,3,2,5,7,0,0,1,0,0,0,0,1,"13,40024062","52,45999112"
27199,216892,Berlin,4,2021,11,17,7,2,6,2,2,0,1,1,0,0,0,1,"13,31390418","52,4903956"
27200,216891,Berlin,5,2021,11,18,2,2,1,1,1,0,1,0,0,1,0,1,"13,20576114","52,52497573"
27201,216890,Berlin,4,2021,10,14,5,3,5,2,0,1,1,0,0,0,0,0,"13,32505162","52,50255299"
27202,216889,Berlin,7,2021,10,11,6,3,0,2,0,0,1,0,0,1,1,1,"13,36077082","52,49131838"
27203,216888,Berlin,4,2021,10,19,2,3,5,3,1,1,1,0,0,0,0,1,"13,33575209","52,51348847"
27204,216887,Berlin,4,2021,10,20,6,3,5,7,2,0,1,0,0,0,0,0,"13,2639597","52,51429547"
27205,216886,Berlin,4,2021,11,19,3,3,2,6,2,0,1,0,0,0,0,0,"13,29463226","52,51926922"
27206,216885,Berlin,8,2021,11,19,5,3,5,2,2,1,1,0,0,0,0,1,"13,42872195","52,48671554"
27207,216884,Berlin,1,2021,10,18,6,3,1,5,1,1,0,0,0,0,1,0,"13,40822092","52,52725232"
27208,216883,Berlin,6,2021,10,14,3,3,3,2,0,0,1,0,1,0,0,0,"13,32651821","52,427782"
27209,216882,Berlin,6,2021,10,14,3,3,0,6,0,0,0,0,0,0,1,0,"13,26536484","52,44199511"
27210,216881,Berlin,2,2021,10,16,2,3,5,3,0,0,1,0,0,0,1,0,"13,4145051","52,50019274"
27211,216880,Berlin,1,2021,11,7,3,3,1,7,0,0,0,0,0,1,1,1,"13,38104575","52,54112687"
27212,216879,Berlin,11,2021,10,16,4,3,5,2,0,0,1,0,1,0,0,0,"13,46740009","52,53390261"
27213,216878,Berlin,1,2021,10,20,4,3,5,2,2,1,0,1,0,0,1,0,"13,39290603","52,52749272"
27214,216877,Berlin,7,2021,11,11,7,2,5,3,0,0,0,0,1,0,0,0,"13,40307084","52,44766074"
27215,216876,Berlin,7,2021,11,13,3,3,0,1,0,0,0,0,1,0,0,1,"13,38942163","52,45701138"
27216,216875,Berlin,2,2021,11,18,7,3,6,7,2,0,0,1,0,0,1,0,"13,43890897","52,49784636"
27217,216874,Berlin,3,2021,10,11,1,2,5,3,0,0,1,0,1,0,0,0,"13,4070968","52,58636762"
27218,216873,Berlin,5,2021,10,13,7,3,5,3,0,1,1,0,0,0,0,0,"13,19416659","52,52210589"
27219,216872,Berlin,5,2021,11,17,4,3,5,2,2,0,1,0,0,0,1,0,"13,15352222","52,55343124"
27220,216871,Berlin,11,2021,11,12,6,3,5,2,0,0,1,0,0,0,0,0,"13,5198106","52,50583195"
27221,216870,Berlin,5,2021,10,5,2,3,1,1,2,0,1,0,0,0,0,1,"13,20448715","52,56530885"
27222,216869,Berlin,5,2021,10,15,4,3,6,4,0,0,1,1,0,0,0,0,"13,20558023","52,5396425"
27223,216868,Berlin,1,2021,11,15,5,3,2,2,0,0,1,0,0,0,0,0,"13,41030796","52,52852694"
27224,216867,Berlin,8,2021,11,17,4,3,2,6,1,0,1,0,0,0,0,1,"13,43764042","52,45085167"
27225,216866,Berlin,1,2021,10,14,5,3,5,2,0,1,1,0,0,0,0,0,"13,35637821","52,55248195"
27226,216865,Berlin,3,2021,10,8,5,3,1,5,0,1,1,0,0,0,0,1,"13,41713075","52,54122768"
27227,216864,Berlin,2,2021,10,13,2,3,1,5,0,0,1,0,0,0,0,0,"13,4650109","52,50023037"
27228,216863,Berlin,3,2021,11,6,6,3,6,4,1,0,1,1,0,0,0,1,"13,43533014","52,59396949"
27229,216862,Berlin,1,2021,11,10,2,3,0,1,0,1,0,0,0,0,0,1,"13,37366753","52,55657113"
27230,216861,Berlin,7,2021,11,17,4,2,2,6,2,0,1,0,0,0,0,0,"13,37884917","52,44966061"
27231,216860,Berlin,8,2021,11,18,2,3,1,5,2,0,1,0,0,0,0,0,"13,48025704","52,42229363"
27232,216859,Berlin,3,2021,10,20,7,3,5,2,2,1,1,0,0,0,0,0,"13,42792824","52,54551304"
27233,216858,Berlin,7,2021,10,14,4,3,5,2,0,1,0,0,0,0,1,0,"13,36903454","52,49305197"
27234,216857,Berlin,1,2021,10,8,2,3,2,6,0,0,1,0,0,0,0,0,"13,37659398","52,50980472"
27235,216856,Berlin,10,2021,11,6,2,2,5,2,1,1,1,0,0,0,0,0,"13,55046922","52,54293752"
27236,216855,Berlin,11,2021,11,14,5,3,2,6,0,0,1,0,0,0,0,0,"13,54537854","52,56766392"
27237,216854,Berlin,9,2021,11,9,1,2,8,1,0,0,0,0,1,0,0,1,"13,64917469","52,44961383"
27238,216853,Berlin,5,2021,10,19,3,3,5,2,2,0,1,0,0,0,0,1,"13,22724823","52,5494751"
27239,216852,Berlin,3,2021,10,15,5,3,5,2,0,0,1,0,0,0,0,1,"13,4620424","52,55896854"
27240,216851,Berlin,1,2021,11,22,6,3,1,5,2,1,1,0,0,0,0,0,"13,40208927","52,52871956"
27241,216850,Berlin,8,2021,10,19,5,3,1,5,2,0,1,0,0,1,0,0,"13,43278194","52,48511634"
27242,216849,Berlin,3,2021,10,12,6,3,1,7,0,1,1,0,0,0,0,0,"13,4356788","52,53249035"
27243,216848,Berlin,5,2021,10,10,7,3,5,3,0,0,1,0,0,0,0,0,"13,16003096","52,52787096"
27244,216847,Berlin,5,2021,10,14,6,2,5,2,0,0,1,0,1,0,0,0,"13,14946353","52,45738337"
27245,216846,Berlin,5,2021,11,14,3,2,8,1,0,0,1,0,0,0,0,0,"13,20712514","52,58443029"
27246,216845,Berlin,7,2021,11,7,6,3,2,6,0,0,1,0,0,0,0,1,"13,3449496","52,48016716"
27247,216844,Berlin,1,2021,11,23,5,3,6,6,2,0,1,1,0,0,0,1,"13,40272894","52,5240381"
27248,216843,Berlin,4,2021,10,14,1,2,1,5,0,0,1,0,1,0,0,0,"13,33203601","52,48606158"
27249,216842,Berlin,3,2021,10,14,5,3,1,5,0,0,1,0,0,0,1,0,"13,47158879","52,55932351"
27250,216841,Berlin,4,2021,10,17,3,3,5,2,0,1,1,0,0,0,0,0,"13,31627577","52,49868503"
27251,216840,Berlin,8,2021,11,14,2,3,5,3,0,1,0,0,0,0,1,1,"13,42869573","52,47900869"
27252,216839,Berlin,5,2021,11,11,7,3,4,6,0,0,1,0,1,0,0,0,"13,22982801","52,5551521"
27253,216838,Berlin,2,2021,11,15,2,3,5,3,0,0,1,0,0,0,0,0,"13,43206196","52,49933615"
27254,216837,Berlin,11,2021,10,6,3,2,0,1,0,0,0,0,1,0,0,1,"13,50053136","52,56142836"
27255,216836,Berlin,4,2021,11,14,7,3,2,6,0,0,1,0,0,0,0,1,"13,27965194","52,51828599"
27256,216835,Berlin,3,2021,11,17,2,3,5,2,2,1,0,0,0,1,0,1,"13,42791883","52,54569971"
27257,216834,Berlin,1,2021,11,21,3,3,1,5,2,1,1,0,0,0,0,1,"13,38899162","52,56689922"
27258,216833,Berlin,4,2021,11,6,6,3,1,5,1,1,1,0,0,0,0,1,"13,29706399","52,53057703"
27259,216832,Berlin,9,2021,10,19,6,3,5,2,2,0,1,0,1,0,0,0,"13,63292072","52,45672363"
27260,216831,Berlin,7,2021,10,15,1,3,5,3,0,0,1,0,1,0,0,0,"13,37135413","52,47463792"
27261,216830,Berlin,7,2021,10,19,7,3,1,5,2,0,1,0,0,0,0,0,"13,38917499","52,4392649"
27262,216829,Berlin,3,2021,11,22,3,2,0,1,2,0,0,0,1,0,0,1,"13,49522878","52,63550934"
27263,216828,Berlin,2,2021,11,14,5,3,5,2,0,1,1,0,0,0,0,1,"13,38929028","52,4960476"
27264,216827,Berlin,1,2021,10,11,7,3,0,1,0,1,0,0,0,0,0,0,"13,40075759","52,52364119"
27265,216826,Berlin,2,2021,10,16,6,3,5,3,0,1,1,0,0,0,0,0,"13,43188928","52,50565695"
27266,216825,Berlin,2,2021,10,12,3,3,2,6,0,0,1,0,0,0,0,0,"13,39581175","52,50359743"
27267,216824,Berlin,8,2021,10,6,4,3,5,2,2,0,1,0,1,0,0,0,"13,42764463","52,42082909"
27268,216823,Berlin,10,2021,10,17,2,3,5,2,1,1,1,0,0,0,0,0,"13,55017018","52,49960842"
27269,216822,Berlin,8,2021,11,10,3,3,5,2,0,0,1,0,0,0,0,1,"13,44993079","52,44560238"