,id,city,district,year,month,hour,weekday,injury_level,collision,movement,light_conditions,bicycle,car,pedestrian,motorbike,truck,other_vehicle,road_conditions,longitude,latitude
27270,216821,Berlin,12,2021,10,13,4,3,2,6,0,0,1,0,1,0,0,0,"13,37943185","52,57069453"
27271,216820,Berlin,1,2021,10,19,1,3,8,1,2,0,1,0,0,0,0,1,"13,39303887","52,53732558"
27272,216819,Berlin,4,2021,11,16,6,3,2,6,1,0,1,0,0,0,0,1,"13,29486905","52,49768317"
27273,216818,Berlin,1,2021,11,6,7,3,1,7,2,0,1,0,0,0,0,0,"13,3753097","52,55379151"
27274,216817,Berlin,2,2021,11,12,4,3,5,2,0,1,0,0,1,0,0,0,"13,4089589","52,50414866"
27275,216816,Berlin,4,2021,11,7,1,3,1,5,0,0,1,0,0,0,1,0,"13,31775148","52,49460461"
27276,216815,Berlin,1,2021,10,13,5,3,1,5,0,0,1,0,0,1,0,0,"13,35663799","52,55307434"
27277,216814,Berlin,8,2021,10,15,2,3,3,6,0,0,1,0,0,0,0,0,"13,45393697","52,47494469"
27278,216813,Berlin,8,2021,11,8,2,3,3,6,0,1,1,0,0,0,0,0,"13,42620752","52,47741067"
27279,216812,Berlin,6,2021,11,12,4,3,5,3,0,1,0,0,1,0,0,0,"13,32046957","52,44805"
27280,216811,Berlin,9,2021,11,8,6,3,2,6,0,0,1,0,0,0,0,1,"13,54699172","52,43147373"
27281,216810,Berlin,7,2021,10,16,2,3,0,2,0,1,1,0,0,0,0,0,"13,37840534","52,43759604"
27282,216809,Berlin,2,2021,10,19,3,3,0,2,1,1,1,0,0,0,0,1,"13,45148034","52,52038771"
27283,216808,Berlin,4,2021,11,22,4,3,3,2,2,0,1,0,0,0,0,0,"13,31316064","52,50055965"
27284,216807,Berlin,7,2021,11,7,4,3,0,2,0,0,1,0,0,0,1,1,"13,39853058","52,41956871"
27285,216806,Berlin,9,2021,10,11,5,2,6,7,0,0,1,1,0,0,0,0,"13,47511683","52,47994351"
27286,216805,Berlin,12,2021,10,23,5,3,0,1,2,1,0,0,0,0,0,0,"13,30034921","52,59144918"
27287,216804,Berlin,8,2021,10,15,6,3,3,6,0,0,1,0,0,0,1,0,"13,45535646","52,47410447"
27288,216803,Berlin,8,2021,11,18,1,3,1,5,2,1,1,0,0,0,0,1,"13,42785691","52,4739352"
27289,216802,Berlin,1,2021,11,21,5,3,5,3,2,1,0,0,0,0,1,1,"13,35468102","52,55205942"
27290,216801,Berlin,8,2021,11,9,2,3,5,7,0,0,1,0,1,0,0,0,"13,43862541","52,48988017"
27291,216800,Berlin,10,2021,10,9,7,3,6,4,0,0,1,1,0,0,0,0,"13,5552844","52,56821043"
27292,216799,Berlin,3,2021,11,12,3,3,0,6,0,0,0,0,0,0,1,0,"13,43206493","52,60420109"
27293,216798,Berlin,9,2021,10,22,4,3,5,2,2,1,1,0,0,0,0,0,"13,55931983","52,44658336"
27294,216797,Berlin,1,2021,10,6,4,2,5,2,1,0,1,0,0,0,0,0,"13,40571738","52,51407912"
27295,216796,Berlin,6,2021,10,19,1,3,6,2,2,0,1,1,0,0,0,0,"13,34273187","52,4345337"
27296,216795,Berlin,7,2021,11,11,7,3,2,2,0,1,1,0,0,0,0,0,"13,34889069","52,45886847"
27297,216794,Berlin,8,2021,11,15,7,3,2,3,0,1,1,0,0,0,0,0,"13,44046812","52,46737088"
27298,216793,Berlin,7,2021,11,13,4,3,6,7,0,0,1,1,0,0,0,0,"13,3378787","52,48827708"
27299,216792,Berlin,4,2021,11,14,7,3,0,2,0,0,1,0,0,0,1,0,"13,33235686","52,50628423"
27300,216791,Berlin,12,2021,10,12,1,3,5,2,0,0,1,0,0,0,0,0,"13,31250857","52,56952518"
27301,216790,Berlin,8,2021,10,12,7,3,5,3,0,0,1,0,0,0,0,0,"13,4789406","52,41418399"
27302,216789,Berlin,10,2021,11,8,5,3,2,6,0,0,1,0,0,0,0,0,"13,57842036","52,51325509"
27303,216788,Berlin,2,2021,11,18,6,3,6,2,2,0,1,1,0,0,0,1,"13,41534903","52,50301969"
27304,216787,Berlin,4,2021,10,8,2,3,0,7,0,0,0,0,1,0,0,1,"13,30948581","52,4723224"
27305,216786,Berlin,9,2021,10,15,4,3,8,1,0,0,1,0,0,0,0,1,"13,68379492","52,37050652"
27306,216785,Berlin,2,2021,11,8,4,3,5,2,0,0,0,0,0,1,1,1,"13,37945357","52,49254185"
27307,216784,Berlin,10,2021,11,11,4,3,5,3,0,0,1,0,0,0,0,1,"13,61074617","52,52689593"
27308,216783,Berlin,3,2021,10,16,5,3,5,2,1,1,1,0,0,0,0,0,"13,44049365","52,54069706"
27309,216782,Berlin,10,2021,10,12,5,3,3,6,0,0,1,0,0,0,1,1,"13,55759995","52,50730171"
27310,216781,Berlin,7,2021,10,10,2,3,1,5,0,1,1,0,0,0,0,0,"13,38540244","52,46712292"
27311,216780,Berlin,10,2021,10,9,6,3,5,7,0,1,0,0,0,0,0,0,"13,56566499","52,52889357"
27312,216779,Berlin,8,2021,11,7,2,3,6,2,0,0,1,1,0,0,0,1,"13,44641562","52,48635823"
27313,216778,Berlin,1,2021,11,16,5,3,5,2,2,0,1,0,0,0,0,1,"13,37045251","52,54529961"
27314,216777,Berlin,1,2021,11,9,3,3,5,3,0,1,0,0,1,0,0,0,"13,40537584","52,50826494"
27315,216776,Berlin,11,2021,10,19,7,3,0,7,2,1,0,0,0,0,0,0,"13,47480431","52,50282232"
27316,216775,Berlin,2,2021,10,13,5,3,5,2,0,1,1,0,0,0,0,0,"13,44230446","52,5008819"
27317,216774,Berlin,4,2021,10,8,2,3,0,2,0,0,1,0,1,0,0,0,"13,30783413","52,4724882"
27318,216773,Berlin,4,2021,10,22,1,3,5,2,2,0,1,0,1,0,0,0,"13,32610463","52,53837732"
27319,216772,Berlin,2,2021,11,16,5,3,0,3,0,1,1,0,0,0,0,0,"13,41966232","52,48983879"
27320,216771,Berlin,9,2021,11,17,1,3,2,6,1,0,1,0,0,0,0,1,"13,52009845","52,4267839"
27321,216770,Berlin,9,2021,10,11,2,3,2,6,0,0,1,0,0,0,0,1,"13,53995833","52,45860996"
27322,216769,Berlin,8,2021,11,17,7,3,6,2,1,0,1,1,0,0,0,1,"13,47386282","52,42581847"
27323,216768,Berlin,6,2021,10,9,6,3,3,2,0,0,1,0,1,0,0,0,"13,33886718","52,46551071"
27324,216767,Berlin,4,2021,10,16,6,3,5,7,0,1,1,0,0,0,0,1,"13,31503289","52,50090722"
27325,216766,Berlin,10,2021,10,16,7,3,3,6,0,0,1,0,0,0,0,0,"13,60464893","52,5383624"
27326,216765,Berlin,1,2021,10,16,6,3,2,2,0,1,1,0,0,0,0,0,"13,38392496","52,51688557"
27327,216764,Berlin,10,2021,11,15,3,3,5,3,0,0,1,0,1,0,0,0,"13,61236695","52,51124058"
27328,216763,Berlin,5,2021,11,12,5,3,2,6,0,0,1,0,0,1,0,1,"13,16570317","52,55118926"
27329,216762,Berlin,11,2021,11,20,4,3,6,4,2,0,1,1,0,0,0,1,"13,49923775","52,51037168"
27330,216761,Berlin,7,2021,10,21,1,2,6,2,2,0,0,1,0,0,1,1,"13,40131325","52,41463747"
27331,216760,Berlin,2,2021,10,20,5,3,5,3,2,0,1,0,0,0,0,0,"13,39696249","52,50531291"
27332,216759,Berlin,2,2021,10,13,3,3,1,5,0,1,1,0,0,0,0,0,"13,44032249","52,50488452"
27333,216758,Berlin,1,2021,11,19,6,3,1,5,2,0,1,0,0,0,1,0,"13,34334765","52,52737023"
27334,216757,Berlin,3,2021,11,13,2,3,5,3,0,1,1,0,0,0,0,0,"13,47586414","52,55042898"
27335,216756,Berlin,10,2021,10,7,4,3,0,1,0,1,0,0,0,0,0,0,"13,55350079","52,50251989"
27336,216755,Berlin,11,2021,10,12,1,3,2,6,0,0,1,0,0,0,0,0,"13,53601411","52,47784738"
27337,216754,Berlin,7,2021,11,17,7,3,6,4,2,0,0,1,0,0,1,1,"13,38691116","52,48324688"
27338,216753,Berlin,12,2021,11,15,7,3,1,5,0,1,1,0,0,0,0,0,"13,37009652","52,56891547"
27339,216752,Berlin,6,2021,11,21,3,3,0,2,2,0,1,0,1,0,0,0,"13,24755555","52,42682355"
27340,216751,Berlin,3,2021,11,6,6,2,5,2,2,1,0,0,0,0,1,1,"13,36985077","52,58937295"
27341,216750,Berlin,5,2021,10,15,6,1,6,4,0,0,0,1,1,0,0,0,"13,1829182","52,54787408"
27342,216749,Berlin,10,2021,10,13,7,3,2,6,0,0,1,0,0,0,0,0,"13,56520116","52,54479108"
27343,216748,Berlin,12,2021,10,12,7,3,2,6,0,0,1,0,0,0,1,0,"13,28997981","52,57554501"
27344,216747,Berlin,7,2021,11,15,4,3,6,7,0,1,0,1,0,0,0,0,"13,32824523","52,46721977"
27345,216746,Berlin,1,2021,11,19,5,2,6,2,2,0,1,1,0,0,0,1,"13,38447685","52,55607608"
27346,216745,Berlin,10,2021,10,13,7,3,2,2,0,0,1,0,1,0,0,0,"13,56177053","52,49364367"
27347,216744,Berlin,3,2021,10,11,6,3,6,4,0,0,1,1,0,0,0,0,"13,49316029","52,63636739"
27348,216743,Berlin,2,2021,10,16,4,3,2,6,0,0,0,0,1,0,1,1,"13,46880546","52,50247095"
27349,216742,Berlin,1,2021,10,14,4,2,1,5,0,1,0,0,0,0,1,0,"13,40243074","52,53115218"
27350,216741,Berlin,4,2021,10,13,3,3,2,6,0,1,0,0,0,0,0,0,"13,29335649","52,49744872"
27351,216740,Berlin,4,2021,11,15,4,2,5,3,0,0,1,0,0,0,0,1,"13,29397589","52,53348357"
27352,216739,Berlin,11,2021,11,14,3,2,3,6,0,1,0,0,0,1,0,1,"13,52774151","52,489569"
27353,216738,Berlin,6,2021,10,10,4,2,5,2,0,1,1,0,0,0,0,0,"13,29228978","52,44141714"
27354,216737,Berlin,9,2021,10,17,4,3,5,2,1,1,0,0,0,0,1,0,"13,52947007","52,42960666"
27355,216736,Berlin,5,2021,10,8,2,3,1,5,0,0,0,0,0,0,1,0,"13,20514375","52,56087677"
27356,216735,Berlin,6,2021,11,23,6,2,0,1,2,0,0,0,0,0,1,1,"13,34123085","52,43368472"
27357,216734,Berlin,1,2021,11,13,7,3,2,2,0,0,1,0,0,0,0,0,"13,36803271","52,52591902"
27358,216733,Berlin,3,2021,11,7,4,3,1,5,0,1,1,0,0,0,0,0,"13,4372886","52,53626528"
27359,216732,Berlin,11,2021,11,10,1,2,0,6,0,0,1,0,0,0,1,0,"13,47582724","52,53324591"
27360,216731,Berlin,1,2021,10,14,7,3,0,6,0,0,1,0,0,0,1,0,"13,35224978","52,54299156"
27361,216730,Berlin,12,2021,10,13,5,3,0,6,0,1,1,0,0,0,0,0,"13,3322879","52,57636079"
27362,216729,Berlin,2,2021,10,9,2,3,8,1,0,0,1,0,0,0,0,1,"13,43782762","52,50614152"
27363,216728,Berlin,2,2021,11,13,2,3,0,1,0,1,0,0,1,0,0,1,"13,45828519","52,51268276"
27364,216727,Berlin,5,2021,11,13,5,3,5,3,0,0,1,0,0,0,0,0,"13,14169045","52,5325062"
27365,216726,Berlin,12,2021,11,14,6,3,5,2,0,1,1,0,0,0,0,0,"13,31513214","52,58637805"
27366,216725,Berlin,1,2021,10,17,7,3,5,2,0,1,1,0,0,0,0,0,"13,39209606","52,55404984"
27367,216724,Berlin,1,2021,10,9,5,3,0,7,0,1,0,0,0,0,0,0,"13,41742984","52,51297807"
27368,216723,Berlin,3,2021,11,15,6,3,2,6,0,0,1,0,0,0,0,0,"13,45611601","52,52842833"
27369,216722,Berlin,1,2021,11,16,4,3,2,6,2,0,1,0,0,0,0,1,"13,35613128","52,50980622"
27370,216721,Berlin,1,2021,10,16,4,3,0,1,0,1,1,0,0,0,0,0,"13,41051805","52,51245795"
27371,216720,Berlin,2,2021,10,8,5,3,0,7,0,0,0,0,1,0,1,1,"13,45557803","52,51808654"
27372,216719,Berlin,9,2021,10,12,6,3,5,2,0,1,1,0,0,0,0,0,"13,51404492","52,46234673"
27373,216718,Berlin,3,2021,11,7,2,3,5,2,0,1,1,0,0,0,0,1,"13,45942158","52,56281635"
27374,216717,Berlin,1,2021,11,16,5,3,5,2,1,1,0,0,0,0,1,1,"13,40977994","52,52401536"
27375,216716,Berlin,11,2021,11,7,3,3,5,3,0,1,1,0,0,0,0,0,"13,47433443","52,50463933"
27376,216715,Berlin,1,2021,10,22,7,3,2,6,2,0,1,0,0,0,0,0,"13,36874994","52,50890357"
27377,216714,Berlin,5,2021,10,14,5,3,4,6,0,1,0,0,0,0,1,0,"13,18365776","52,5476613"
27378,216713,Berlin,12,2021,10,15,2,3,3,6,0,0,0,0,1,0,1,0,"13,28911397","52,59579144"
27379,216712,Berlin,12,2021,11,12,2,3,0,7,0,0,0,1,0,0,1,0,"13,33426115","52,58237851"
27380,216711,Berlin,1,2021,11,17,5,3,5,3,2,0,0,0,0,0,1,1,"13,41067065","52,52797787"
27381,216710,Berlin,2,2021,11,15,1,3,6,4,0,0,1,1,0,0,0,1,"13,46757797","52,49585509"
27382,216709,Berlin,3,2021,10,15,2,3,4,6,0,1,0,0,0,0,0,0,"13,42756038","52,56794173"
27383,216708,Berlin,12,2021,10,17,1,3,2,6,0,0,1,0,0,0,0,0,"13,33083615","52,56235753"
27384,216707,Berlin,4,2021,11,21,7,3,1,5,2,0,1,0,0,0,1,1,"13,29711083","52,52845497"
27385,216706,Berlin,12,2021,10,7,6,3,2,6,0,0,1,0,0,0,0,0,"13,29225239","52,60778586"
27386,216705,Berlin,6,2021,10,14,7,3,5,2,0,0,1,0,0,0,1,0,"13,33935659","52,45864442"
27387,216704,Berlin,8,2021,10,21,6,3,3,6,2,1,1,0,0,0,0,1,"13,43062699","52,46867582"
27388,216703,Berlin,6,2021,10,18,6,3,1,5,2,0,1,0,0,0,0,0,"13,24136702","52,44382681"
27389,216702,Berlin,4,2021,11,11,3,3,2,6,0,1,1,0,0,0,0,0,"13,3176479","52,50140992"
27390,216701,Berlin,5,2021,11,18,5,3,5,7,1,1,1,0,0,0,0,1,"13,20846131","52,56161857"
27391,216700,Berlin,1,2021,10,9,7,3,1,6,0,1,1,0,0,0,1,0,"13,38187285","52,53820816"
27392,216699,Berlin,1,2021,10,5,3,3,6,2,2,0,0,1,0,0,1,0,"13,35754749","52,53590203"
27393,216698,Berlin,4,2021,10,1,4,3,0,1,2,0,0,0,0,0,1,0,"13,30514661","52,50255628"
27394,216697,Berlin,7,2021,11,16,1,3,0,6,2,1,0,0,0,0,0,1,"13,34526929","52,49199442"
27395,216696,Berlin,8,2021,10,8,3,3,0,7,0,0,0,0,0,0,1,0,"13,43981824","52,47590909"
27396,216695,Berlin,8,2021,10,13,5,3,6,4,0,0,1,1,0,0,0,0,"13,45469658","52,42346367"
27397,216694,Berlin,12,2021,10,11,3,3,6,4,0,0,1,1,0,0,0,0,"13,33510872","52,5956528"
27398,216693,Berlin,1,2021,11,18,2,3,5,2,2,1,1,0,0,0,0,1,"13,35153634","52,50951353"
27399,216692,Berlin,4,2021,11,14,5,3,2,6,0,1,1,0,0,0,0,0,"13,31746088","52,51196124"
27400,216691,Berlin,8,2021,11,13,7,3,5,3,0,0,1,0,0,0,0,0,"13,47239822","52,43680941"
27401,216690,Berlin,6,2021,10,18,3,3,2,6,1,0,1,0,0,0,0,0,"13,33333789","52,45833579"
27402,216689,Berlin,11,2021,11,7,6,3,5,3,1,1,1,0,0,0,0,0,"13,49483432","52,54543035"
27403,216688,Berlin,11,2021,10,17,5,2,5,3,0,1,1,0,0,0,0,0,"13,50830363","52,55007688"
27404,216687,Berlin,2,2021,10,20,6,3,4,6,2,0,1,0,0,0,0,1,"13,42113818","52,50390149"
27405,216686,Berlin,10,2021,10,15,6,2,0,3,0,0,1,0,1,0,0,1,"13,54318643","52,55362377"
27406,216685,Berlin,1,2021,10,23,6,2,5,3,2,0,1,0,0,0,0,0,"13,3936544","52,53218607"
27407,216684,Berlin,12,2021,11,5,3,3,5,2,2,1,1,0,0,0,0,1,"13,32380143","52,58738793"
27408,216683,Berlin,2,2021,11,8,6,3,0,1,0,0,0,0,1,0,0,1,"13,45358853","52,51412975"
27409,216682,Berlin,5,2021,11,6,4,3,2,6,1,0,1,0,0,0,0,1,"13,2291311","52,52827494"
27410,216681,Berlin,8,2021,10,22,1,3,6,7,2,0,1,1,0,0,0,0,"13,46702844","52,46864763"
27411,216680,Berlin,2,2021,10,14,2,2,5,3,0,0,1,0,1,0,0,0,"13,46751502","52,50961503"
27412,216679,Berlin,11,2021,10,5,3,3,5,3,2,1,1,0,0,0,0,0,"13,51182803","52,55065032"
27413,216678,Berlin,8,2021,11,16,2,3,6,2,0,1,0,1,0,1,0,0,"13,45582152","52,47380072"
27414,216677,Berlin,6,2021,10,12,3,3,2,6,0,0,1,0,0,0,0,1,"13,33908259","52,45656957"
27415,216676,Berlin,1,2021,10,9,4,3,5,3,0,1,1,0,0,0,0,0,"13,35411019","52,54168197"
27416,216675,Berlin,1,2021,11,18,7,3,6,2,2,0,1,1,0,0,0,1,"13,39601806","52,53837546"
27417,216674,Berlin,3,2021,11,18,2,3,0,3,2,0,1,0,1,0,0,1,"13,36842016","52,58969315"
27418,216673,Berlin,1,2021,11,11,3,3,2,3,0,1,1,0,0,0,0,1,"13,3385488","52,53026199"
27419,216672,Berlin,6,2021,11,14,6,3,6,4,0,1,0,1,0,0,0,0,"13,26633684","52,45199047"
27420,216671,Berlin,5,2021,10,13,7,3,6,7,0,0,1,1,0,0,0,0,"13,15574691","52,53307724"
27421,216670,Berlin,11,2021,10,11,7,3,6,4,0,0,0,1,0,0,1,0,"13,53277387","52,51278604"
27422,216669,Berlin,2,2021,11,17,3,3,5,2,2,0,1,0,0,0,1,0,"13,38871708","52,4993236"
27423,216668,Berlin,6,2021,11,13,5,3,6,4,0,0,0,1,0,0,1,0,"13,24032604","52,44278047"
27424,216667,Berlin,5,2021,10,15,6,3,2,6,0,0,1,0,0,0,0,0,"13,20100099","52,55542828"
27425,216666,Berlin,5,2021,10,11,6,2,2,4,0,0,1,1,0,0,0,0,"13,19876085","52,54281209"
27426,216665,Berlin,2,2021,10,21,3,3,5,2,2,0,1,0,0,0,1,1,"13,42993233","52,52317177"
27427,216664,Berlin,12,2021,10,18,3,3,0,3,2,0,1,0,1,0,0,0,"13,31229529","52,60454956"
27428,216663,Berlin,11,2021,11,9,4,3,5,3,0,1,1,0,0,0,0,0,"13,48509138","52,49596802"
27429,216662,Berlin,12,2021,11,18,3,3,2,2,1,0,1,0,1,0,0,1,"13,32604097","52,56460063"
27430,216661,Berlin,1,2021,10,13,4,3,2,2,0,0,1,0,1,0,0,0,"13,3893398","52,54700696"
27431,216660,Berlin,1,2021,10,9,6,3,0,7,0,0,1,0,1,0,0,0,"13,36499359","52,52600785"
27432,216659,Berlin,12,2021,10,0,2,3,1,1,2,0,1,0,0,0,0,1,"13,32877151","52,56625864"
27433,216658,Berlin,4,2021,11,13,6,3,3,6,0,0,1,0,0,0,0,1,"13,29726208","52,52696213"
27434,216657,Berlin,6,2021,11,18,1,3,6,2,2,0,1,1,0,0,0,1,"13,34586255","52,43621209"
27435,216656,Berlin,8,2021,11,17,4,2,0,4,2,1,0,1,0,0,0,0,"13,43466805","52,47260589"
27436,216655,Berlin,12,2021,11,13,3,2,6,4,0,0,1,1,0,0,0,0,"13,29163557","52,59514666"
27437,216654,Berlin,7,2021,10,12,6,3,5,2,0,1,1,0,0,0,0,0,"13,3501086","52,41429517"
27438,216653,Berlin,12,2021,10,13,5,3,5,7,0,0,1,0,1,0,0,0,"13,27821052","52,57572623"
27439,216652,Berlin,6,2021,10,15,1,3,5,7,0,1,1,0,0,0,0,0,"13,12479917","52,42825754"
27440,216651,Berlin,5,2021,10,6,1,3,2,6,0,0,1,0,0,0,0,0,"13,22789828","52,52833321"
27441,216650,Berlin,4,2021,11,10,4,3,2,6,0,0,1,0,0,0,0,0,"13,28148858","52,50130795"
27442,216649,Berlin,11,2021,11,10,6,3,5,2,0,0,1,0,0,0,1,0,"13,49999818","52,49895528"
27443,216648,Berlin,1,2021,10,16,3,3,6,4,0,1,0,1,0,0,0,1,"13,41016975","52,51754814"
27444,216647,Berlin,9,2021,10,9,5,3,5,3,0,1,0,0,0,0,0,0,"13,4403622","52,48990713"
27445,216646,Berlin,4,2021,11,9,6,3,5,7,0,0,1,0,1,0,0,0,"13,28089055","52,47828198"
27446,216645,Berlin,5,2021,11,20,4,3,2,6,2,0,1,0,0,0,0,0,"13,26650475","52,53355077"
27447,216644,Berlin,12,2021,10,18,4,2,0,1,0,0,0,0,1,0,0,0,"13,31150682","52,56791275"
27448,216643,Berlin,7,2021,10,5,7,3,9,1,2,0,0,0,1,0,0,1,"13,3774186","52,47936922"
27449,216642,Berlin,4,2021,10,12,6,3,1,5,0,1,1,0,0,0,0,0,"13,28624956","52,49772046"
27450,216641,Berlin,1,2021,11,9,3,2,5,3,0,1,0,0,0,0,1,1,"13,41197506","52,52817524"
27451,216640,Berlin,1,2021,11,17,5,3,6,4,1,0,1,1,0,0,0,1,"13,38301909","52,5420474"
27452,216639,Berlin,6,2021,11,13,3,3,3,6,0,0,1,0,0,0,1,0,"13,30956052","52,4671091"
27453,216638,Berlin,4,2021,10,21,7,3,0,3,0,0,1,0,0,0,1,0,"13,33122785","52,49541572"
27454,216637,Berlin,11,2021,10,14,5,3,5,3,0,0,1,0,1,0,0,0,"13,52357693","52,47882402"
27455,216636,Berlin,12,2021,10,7,3,3,5,2,2,1,1,0,0,0,0,0,"13,36053154","52,59680995"
27456,216635,Berlin,7,2021,11,16,2,3,2,6,1,0,1,0,0,0,0,1,"13,36600035","52,49548936"
27457,216634,Berlin,1,2021,11,8,5,3,0,2,0,1,1,0,0,0,0,0,"13,37065005","52,55906021"
27458,216633,Berlin,1,2021,11,19,1,3,5,2,2,1,1,0,0,0,0,1,"13,42104211","52,50980291"
27459,216632,Berlin,1,2021,10,6,3,3,5,3,0,0,1,0,0,0,1,1,"13,38340124","52,51153722"
27460,216631,Berlin,11,2021,11,17,7,3,5,2,2,0,1,0,1,0,0,1,"13,50035009","52,5106708"
27461,216630,Berlin,6,2021,11,9,2,3,5,3,0,0,1,0,0,0,0,1,"13,28597725","52,44960959"
27462,216629,Berlin,3,2021,10,8,5,3,1,5,0,0,1,0,0,1,0,0,"13,4972165","52,62857987"
27463,216628,Berlin,12,2021,10,17,6,3,5,2,1,0,1,0,0,0,0,1,"13,33067929","52,57109706"
27464,216627,Berlin,8,2021,10,15,2,3,5,2,0,1,1,0,0,0,0,0,"13,44238844","52,46576829"
27465,216626,Berlin,8,2021,10,13,6,3,4,6,0,1,0,0,0,0,1,0,"13,42069821","52,46888503"
27466,216625,Berlin,5,2021,11,8,4,3,5,3,0,1,1,0,0,0,0,0,"13,24163029","52,54337407"
27467,216624,Berlin,10,2021,11,9,5,3,5,3,0,1,0,0,0,0,1,0,"13,62374866","52,52190103"
27468,216623,Berlin,10,2021,10,17,6,3,2,6,0,0,1,0,0,0,0,0,"13,56156737","52,50715815"
27469,216622,Berlin,5,2021,10,15,3,3,4,6,0,0,1,0,0,0,1,0,"13,2639731","52,53847974"
27470,216621,Berlin,7,2021,10,18,3,3,5,3,2,0,1,0,0,0,0,1,"13,36014719","52,41791758"
27471,216620,Berlin,1,2021,10,8,2,3,5,2,0,1,1,0,0,0,0,0,"13,39130208","52,53621992"
27472,216619,Berlin,1,2021,11,8,2,3,5,2,0,1,1,0,0,0,0,0,"13,38677104","52,54345054"
27473,216618,Berlin,4,2021,10,15,4,3,5,3,0,1,1,0,0,0,0,0,"13,301066","52,52806897"
27474,216617,Berlin,1,2021,10,15,4,3,5,2,0,0,1,0,0,0,0,0,"13,34393914","52,54643041"
27475,216616,Berlin,1,2021,11,18,7,3,0,1,2,1,0,0,0,0,0,0,"13,36384461","52,54830015"
27476,216615,Berlin,1,2021,11,9,3,3,5,3,0,1,1,0,0,0,0,1,"13,35628351","52,54320751"
27477,216614,Berlin,3,2021,11,21,7,3,1,5,2,0,1,0,1,0,0,0,"13,40695911","52,59067393"
27478,216613,Berlin,9,2021,10,11,1,3,2,2,0,0,1,0,0,0,0,0,"13,52669539","52,42646196"
27479,216612,Berlin,8,2021,10,13,7,2,1,5,0,0,0,0,1,0,1,0,"13,43982525","52,43144879"
27480,216611,Berlin,8,2021,11,22,5,3,5,3,2,0,1,0,0,0,0,1,"13,43456352","52,482792"
27481,216610,Berlin,9,2021,11,19,5,3,2,6,2,0,1,0,0,0,0,0,"13,52877662","52,45226137"
27482,216609,Berlin,3,2021,10,9,2,3,6,7,0,0,1,1,0,0,0,0,"13,42443664","52,53293753"
27483,216608,Berlin,11,2021,10,7,4,3,5,2,0,1,1,0,0,0,0,0,"13,47945155","52,51619707"
27484,216607,Berlin,2,2021,11,11,5,3,5,2,0,1,1,0,0,0,0,0,"13,43734543","52,51081187"
27485,216606,Berlin,4,2021,11,11,3,3,5,2,0,0,1,0,1,0,0,1,"13,31484261","52,46942384"
27486,216605,Berlin,6,2021,10,13,5,3,5,3,0,0,1,0,0,0,1,0,"13,35192738","52,41857866"
27487,216604,Berlin,3,2021,10,15,5,3,1,5,0,1,1,0,0,0,0,1,"13,40172322","52,56868647"
27488,216603,Berlin,1,2021,10,15,2,3,1,5,0,1,1,0,0,0,0,0,"13,41760087","52,51334903"
27489,216602,Berlin,5,2021,11,14,6,3,5,3,0,0,1,0,1,0,0,1,"13,20266052","52,54984301"
27490,216601,Berlin,4,2021,11,7,2,3,1,5,0,0,1,0,1,0,0,1,"13,31107019","52,49583969"
27491,216600,Berlin,7,2021,11,13,5,2,6,4,0,0,1,1,0,0,0,1,"13,38220136","52,39938756"
27492,216599,Berlin,6,2021,11,8,2,3,5,3,0,0,1,0,0,0,0,1,"13,2476638","52,46747413"
27493,216598,Berlin,3,2021,10,12,7,3,2,6,0,1,1,0,0,0,0,0,"13,42876759","52,58174554"
27494,216597,Berlin,10,2021,10,12,5,3,5,2,0,0,1,0,0,0,0,0,"13,5603724","52,48660223"
27495,216596,Berlin,5,2021,10,10,2,3,2,6,0,0,1,0,0,0,0,0,"13,20557215","52,54182107"
27496,216595,Berlin,5,2021,10,21,4,3,5,2,2,0,1,0,0,0,0,0,"13,21737309","52,53780364"
27497,216594,Berlin,4,2021,11,13,7,3,5,2,0,1,1,0,0,0,0,0,"13,32306717","52,49067983"
27498,216593,Berlin,9,2021,11,9,2,3,5,3,0,1,1,0,0,0,0,1,"13,5504115","52,42915252"
27499,216592,Berlin,11,2021,11,19,3,3,5,2,2,0,1,0,0,0,0,0,"13,47627905","52,53310489"
27500,216591,Berlin,1,2021,11,16,2,3,5,3,0,0,1,0,0,0,0,0,"13,34169647","52,53483763"
27501,216590,Berlin,5,2021,10,8,7,3,7,7,0,1,0,0,0,0,0,0,"13,1436323","52,45535062"
27502,216589,Berlin,1,2021,10,11,7,2,5,2,0,0,1,0,1,0,0,0,"13,39182489","52,5105007"