,id,city,district,year,month,hour,weekday,injury_level,collision,movement,light_conditions,bicycle,car,pedestrian,motorbike,truck,other_vehicle,road_conditions,longitude,latitude
27503,216588,Berlin,5,2021,11,20,3,3,5,3,2,1,1,0,0,0,0,1,"13,17194199","52,55013197"
27504,216587,Berlin,8,2021,11,19,5,3,0,6,2,0,1,0,1,0,0,1,"13,42351026","52,48656279"
27505,216586,Berlin,2,2021,10,5,1,3,9,7,2,0,1,0,0,0,0,0,"13,38590851","52,48738095"
27506,216585,Berlin,4,2021,10,7,4,3,5,2,0,0,1,0,0,0,0,0,"13,28139989","52,51283641"
27507,216584,Berlin,4,2021,10,12,3,3,5,2,0,0,1,0,0,0,0,0,"13,32611175","52,53834505"
27508,216583,Berlin,3,2021,11,10,5,3,1,5,0,1,1,0,0,0,0,0,"13,47363336","52,60995417"
27509,216582,Berlin,6,2021,11,7,3,3,1,5,0,1,1,0,0,0,0,1,"13,30532563","52,46564862"
27510,216581,Berlin,6,2021,10,10,4,3,5,3,0,1,1,0,0,0,0,0,"13,25007242","52,42123494"
27511,216580,Berlin,4,2021,10,10,5,3,2,7,0,0,1,0,1,0,0,1,"13,26737724","52,51417224"
27512,216579,Berlin,1,2021,11,20,7,3,5,2,2,0,1,0,0,0,1,0,"13,34601696","52,50400401"
27513,216578,Berlin,10,2021,11,22,1,3,4,6,2,0,1,0,0,0,0,1,"13,56153478","52,50170333"
27514,216577,Berlin,2,2021,11,16,4,3,6,4,1,0,0,1,0,0,1,0,"13,39456068","52,48737405"
27515,216576,Berlin,8,2021,11,17,3,3,1,5,1,1,0,0,0,0,1,0,"13,45113562","52,47355068"
27516,216575,Berlin,1,2021,10,15,7,3,6,4,0,1,0,1,0,0,0,0,"13,39099336","52,5448523"
27517,216574,Berlin,9,2021,10,14,4,2,0,3,0,1,1,0,0,0,0,0,"13,54991445","52,43626561"
27518,216573,Berlin,5,2021,10,6,1,2,8,1,2,0,1,0,0,0,0,0,"13,14169943","52,45542553"
27519,216572,Berlin,3,2021,10,15,1,3,2,1,0,1,0,0,0,0,0,0,"13,46066018","52,5638208"
27520,216571,Berlin,12,2021,11,7,4,3,2,3,0,0,1,0,0,0,1,0,"13,36287528","52,56662396"
27521,216570,Berlin,3,2021,11,18,5,3,5,2,2,1,0,0,1,0,0,1,"13,4132368","52,54767621"
27522,216569,Berlin,5,2021,10,15,2,3,5,3,0,0,1,0,0,0,1,0,"13,22700943","52,54939337"
27523,216568,Berlin,2,2021,10,20,4,3,5,2,2,1,1,0,0,0,0,0,"13,45769721","52,51280133"
27524,216567,Berlin,6,2021,11,17,6,2,6,4,1,0,1,1,0,0,0,0,"13,34302581","52,43967448"
27525,216566,Berlin,1,2021,11,9,4,3,5,3,0,1,1,0,0,0,0,1,"13,36668252","52,55729216"
27526,216565,Berlin,5,2021,10,18,4,3,6,4,1,0,1,1,0,0,0,0,"13,19830424","52,54845094"
27527,216564,Berlin,1,2021,10,23,5,3,5,3,2,0,1,0,0,0,0,0,"13,41229322","52,51593556"
27528,216563,Berlin,8,2021,10,21,6,3,1,7,2,0,1,0,0,0,0,1,"13,43188888","52,4401726"
27529,216562,Berlin,9,2021,10,21,1,3,5,2,2,1,1,0,0,0,0,1,"13,55502377","52,43253311"
27530,216561,Berlin,7,2021,10,12,6,3,2,6,0,0,1,0,1,0,0,0,"13,38152777","52,41082862"
27531,216560,Berlin,4,2021,11,18,2,2,6,2,2,0,1,1,0,0,0,0,"13,29964078","52,47330867"
27532,216559,Berlin,11,2021,11,14,5,3,0,3,0,0,1,0,1,0,0,1,"13,51604804","52,50581277"
27533,216558,Berlin,3,2021,11,14,4,3,5,2,0,0,1,0,0,0,1,0,"13,47037116","52,5537187"
27534,216557,Berlin,3,2021,10,18,1,3,2,2,1,0,1,0,1,0,0,0,"13,40218218","52,60287061"
27535,216556,Berlin,9,2021,10,15,5,3,1,5,0,0,1,0,0,0,0,0,"13,62021678","52,44666884"
27536,216555,Berlin,1,2021,10,7,3,3,5,3,0,1,1,0,0,0,0,0,"13,41515451","52,52083594"
27537,216554,Berlin,8,2021,11,13,2,3,6,4,0,0,1,1,0,0,0,1,"13,45318897","52,48287403"
27538,216553,Berlin,6,2021,11,11,7,2,5,7,0,1,1,0,0,0,0,0,"13,33965441","52,44776802"
27539,216552,Berlin,6,2021,11,7,2,3,2,6,0,0,1,0,0,0,0,1,"13,35207282","52,43579196"
27540,216551,Berlin,9,2021,10,11,3,3,2,7,0,0,1,0,0,0,1,0,"13,56874123","52,40517883"
27541,216550,Berlin,2,2021,11,18,7,3,5,3,2,1,1,0,0,0,0,1,"13,43041849","52,4992144"
27542,216549,Berlin,11,2021,11,22,2,2,6,6,2,1,0,1,0,0,0,1,"13,50775348","52,54504034"
27543,216548,Berlin,4,2021,11,15,2,3,6,4,0,0,1,1,0,0,0,1,"13,31277395","52,48987297"
27544,216547,Berlin,1,2021,10,14,6,3,6,2,0,0,1,1,0,0,0,0,"13,38392061","52,51691312"
27545,216546,Berlin,2,2021,10,17,6,3,5,2,0,1,0,0,0,0,1,1,"13,38662062","52,505373"
27546,216545,Berlin,11,2021,10,12,2,3,5,2,0,0,1,0,0,0,0,0,"13,50115101","52,56070522"
27547,216544,Berlin,7,2021,10,16,6,3,5,2,0,0,1,0,1,0,0,0,"13,39341104","52,45796564"
27548,216543,Berlin,3,2021,11,17,3,2,6,7,2,0,1,1,0,0,0,0,"13,45167896","52,53503769"
27549,216542,Berlin,6,2021,11,16,5,2,5,3,1,1,1,0,0,0,0,1,"13,32874848","52,45417061"
27550,216541,Berlin,9,2021,10,9,7,2,6,4,0,0,1,1,0,0,0,0,"13,53676615","52,39787901"
27551,216540,Berlin,3,2021,10,15,3,2,2,6,0,0,1,0,0,0,1,0,"13,444312","52,5652369"
27552,216539,Berlin,12,2021,10,17,3,2,4,6,0,1,0,0,0,0,0,0,"13,27574038","52,59750842"
27553,216538,Berlin,7,2021,10,21,2,3,5,3,2,1,1,0,0,0,0,1,"13,33910891","52,49231657"
27554,216537,Berlin,11,2021,11,18,3,3,3,6,1,0,1,0,0,0,0,0,"13,52487018","52,49562162"
27555,216536,Berlin,5,2021,10,15,4,2,6,4,0,0,1,1,0,0,0,0,"13,19582126","52,52926985"
27556,216535,Berlin,4,2021,10,16,4,3,2,6,0,0,1,0,1,0,0,0,"13,25762459","52,51875672"
27557,216534,Berlin,6,2021,11,10,6,3,5,3,0,0,1,0,0,0,0,1,"13,32639121","52,44758348"
27558,216533,Berlin,3,2021,11,17,1,2,5,3,2,0,1,0,1,0,0,1,"13,43412702","52,54579714"
27559,216532,Berlin,1,2021,11,9,5,3,5,2,0,0,1,0,0,0,0,1,"13,35058208","52,53254301"
27560,216531,Berlin,1,2021,11,12,7,3,5,2,0,1,1,0,0,0,0,0,"13,34140687","52,52057782"
27561,216530,Berlin,1,2021,10,16,1,3,9,1,1,0,1,0,0,0,0,0,"13,37924659","52,52945577"
27562,216529,Berlin,9,2021,10,19,7,3,4,6,2,1,0,0,0,0,0,0,"13,59331104","52,4501155"
27563,216528,Berlin,5,2021,11,12,5,3,2,7,0,0,1,0,0,0,0,0,"13,13853782","52,45517324"
27564,216527,Berlin,4,2021,11,9,6,3,5,3,0,0,1,0,0,0,0,0,"13,28026355","52,51832536"
27565,216526,Berlin,6,2021,10,21,7,3,1,7,2,0,1,0,0,0,1,0,"13,33291839","52,43989851"
27566,216525,Berlin,9,2021,10,18,4,3,5,2,1,1,1,0,0,0,0,0,"13,53653258","52,45993509"
27567,216524,Berlin,12,2021,11,16,5,3,2,6,1,0,1,0,0,0,0,0,"13,32221517","52,58756612"
27568,216523,Berlin,3,2021,11,8,3,2,5,2,0,1,1,0,0,0,0,1,"13,42875718","52,57800946"
27569,216522,Berlin,8,2021,10,15,5,3,5,3,0,0,1,0,0,0,0,0,"13,49126271","52,42057431"
27570,216521,Berlin,3,2021,10,10,5,3,0,1,0,0,0,0,1,0,0,1,"13,4625667","52,53184005"
27571,216520,Berlin,4,2021,10,15,6,3,0,1,0,0,0,0,1,0,0,1,"13,28866158","52,47678293"
27572,216519,Berlin,9,2021,11,23,1,2,9,1,2,0,1,0,0,0,0,1,"13,59832073","52,45257485"
27573,216518,Berlin,7,2021,11,18,5,3,2,6,2,0,1,0,0,0,0,1,"13,3701369","52,46514225"
27574,216517,Berlin,1,2021,11,17,3,3,0,3,1,1,1,0,0,0,0,0,"13,39133514","52,56344871"
27575,216516,Berlin,8,2021,10,15,6,3,5,7,0,0,1,0,0,0,0,0,"13,42884159","52,47789178"
27576,216515,Berlin,4,2021,10,11,5,3,3,6,0,1,1,0,0,0,0,0,"13,32043979","52,48546949"
27577,216514,Berlin,11,2021,10,7,2,3,6,4,1,0,1,1,0,0,0,0,"13,51291092","52,56631824"
27578,216513,Berlin,10,2021,10,14,1,3,5,3,0,1,0,0,0,0,0,0,"13,6085282","52,54299402"
27579,216512,Berlin,7,2021,11,22,5,3,2,6,2,0,1,0,0,0,1,1,"13,37904434","52,4482701"
27580,216511,Berlin,5,2021,11,4,7,3,0,1,2,0,0,0,0,0,1,0,"13,23007456","52,54659029"
27581,216510,Berlin,6,2021,10,10,2,3,2,6,0,0,1,0,0,1,0,0,"13,32619854","52,42784988"
27582,216509,Berlin,7,2021,10,9,5,3,5,2,0,0,1,0,1,0,0,0,"13,37061442","52,47050228"
27583,216508,Berlin,1,2021,11,0,6,3,0,7,2,1,0,0,0,0,0,1,"13,33351806","52,52784405"
27584,216507,Berlin,1,2021,10,1,5,3,8,1,2,0,1,0,0,0,0,0,"13,37637012","52,55635102"
27585,216506,Berlin,6,2021,10,19,6,3,5,7,2,0,1,0,0,0,0,1,"13,22396448","52,42968047"
27586,216505,Berlin,3,2021,10,13,7,2,6,4,0,1,0,1,0,0,0,0,"13,40975334","52,53589281"
27587,216504,Berlin,8,2021,10,17,7,3,6,7,0,0,0,1,0,0,1,0,"13,43243473","52,48834206"
27588,216503,Berlin,3,2021,11,17,2,3,2,6,2,1,1,0,0,0,1,1,"13,41672193","52,54704581"
27589,216502,Berlin,4,2021,11,9,6,3,6,4,0,1,0,1,0,0,0,1,"13,32169626","52,48822353"
27590,216501,Berlin,4,2021,11,7,4,3,5,2,0,0,1,0,0,0,0,1,"13,2815406","52,51100987"
27591,216500,Berlin,4,2021,10,2,1,3,8,1,2,0,1,0,0,0,1,0,"13,30025875","52,52269479"
27592,216499,Berlin,8,2021,10,7,5,3,2,6,0,0,0,0,0,0,1,1,"13,4301212","52,46986215"
27593,216498,Berlin,3,2021,10,9,3,3,2,7,0,0,1,0,1,0,0,0,"13,45517822","52,55921784"
27594,216497,Berlin,7,2021,11,13,2,3,1,5,0,1,1,0,0,0,0,1,"13,37258938","52,48789897"
27595,216496,Berlin,1,2021,11,14,7,3,5,2,0,0,1,0,0,0,1,0,"13,35909173","52,54627471"
27596,216495,Berlin,12,2021,11,10,2,3,2,2,0,0,1,0,0,0,0,1,"13,36182016","52,60861667"
27597,216494,Berlin,12,2021,10,7,4,3,2,2,0,0,1,0,0,0,0,1,"13,32653152","52,60465522"
27598,216493,Berlin,5,2021,11,19,7,2,6,2,2,0,1,1,0,0,0,1,"13,16547","52,55108533"
27599,216492,Berlin,1,2021,11,20,1,3,5,2,2,0,1,0,0,0,0,1,"13,41182226","52,52396765"
27600,216491,Berlin,8,2021,11,16,4,3,5,2,0,1,1,0,0,0,0,0,"13,43624528","52,46745943"
27601,216490,Berlin,4,2021,11,4,6,3,8,1,2,0,1,0,0,0,0,1,"13,28969489","52,49496121"
27602,216489,Berlin,4,2021,11,7,2,3,5,2,1,0,0,0,1,0,1,0,"13,30151157","52,50979466"
27603,216488,Berlin,9,2021,11,10,5,3,2,7,0,0,1,0,0,0,0,2,"13,55313529","52,42734531"
27604,216487,Berlin,1,2021,11,22,7,3,6,2,2,0,1,1,0,0,0,0,"13,3494112","52,54234954"
27605,216486,Berlin,9,2021,10,18,2,3,0,7,0,0,0,0,0,0,1,0,"13,56010712","52,44640416"
27606,216485,Berlin,5,2021,10,12,5,3,6,4,0,0,1,1,0,0,0,1,"13,20559191","52,54183953"
27607,216484,Berlin,9,2021,11,10,7,3,5,3,0,1,1,0,0,0,0,0,"13,51346283","52,46459675"
27608,216483,Berlin,6,2021,10,14,5,3,0,7,0,0,0,0,0,1,1,0,"13,34665661","52,45903159"
27609,216482,Berlin,12,2021,10,7,5,3,5,3,0,1,0,0,0,0,1,1,"13,35163281","52,57806933"
27610,216481,Berlin,9,2021,10,14,7,2,4,1,0,0,1,0,0,0,0,0,"13,64330312","52,4790863"
27611,216480,Berlin,4,2021,10,5,1,2,5,3,2,1,1,0,0,0,0,0,"13,29949078","52,51975876"
27612,216479,Berlin,1,2021,10,11,6,3,2,6,0,0,1,0,1,0,0,0,"13,38397818","52,51841979"
27613,216478,Berlin,6,2021,11,14,2,2,6,4,0,0,0,1,0,1,0,0,"13,32030723","52,4570194"
27614,216477,Berlin,4,2021,11,17,5,3,6,4,2,0,1,1,0,0,0,1,"13,32743128","52,52202214"
27615,216476,Berlin,7,2021,11,15,4,3,1,4,0,0,1,1,0,0,0,0,"13,38670783","52,45057682"
27616,216475,Berlin,2,2021,10,16,1,3,3,6,0,0,1,0,1,0,0,0,"13,37263054","52,48504749"
27617,216474,Berlin,6,2021,10,19,5,3,5,3,2,0,1,0,0,0,0,0,"13,27028533","52,44235094"
27618,216473,Berlin,2,2021,10,14,3,3,6,4,0,0,1,1,0,0,0,0,"13,46572878","52,5014055"
27619,216472,Berlin,1,2021,11,16,3,3,2,6,1,0,1,0,0,0,0,0,"13,38417749","52,55593"
27620,216471,Berlin,11,2021,11,1,7,3,9,1,2,0,1,0,0,0,0,0,"13,46729585","52,52390809"
27621,216470,Berlin,1,2021,11,11,2,3,5,3,0,1,1,0,0,0,0,0,"13,38996617","52,50944457"
27622,216469,Berlin,5,2021,10,15,3,2,1,5,0,1,0,0,0,0,1,1,"13,19461744","52,53180133"
27623,216468,Berlin,11,2021,11,12,7,2,4,6,0,0,1,0,0,0,0,0,"13,48094609","52,52312542"
27624,216467,Berlin,3,2021,11,20,1,3,2,6,2,0,1,0,0,0,0,1,"13,45702623","52,56089858"
27625,216466,Berlin,9,2021,11,14,3,3,6,4,0,1,0,1,0,0,0,1,"13,57873063","52,45787365"
27626,216465,Berlin,1,2021,11,18,6,3,3,6,1,1,1,0,0,0,0,1,"13,35300578","52,55951608"
27627,216464,Berlin,10,2021,10,10,6,3,5,3,0,0,1,0,0,0,0,0,"13,5247895","52,53629682"
27628,216463,Berlin,5,2021,10,16,6,3,3,1,0,1,1,0,0,0,0,1,"13,15526165","52,5513612"
27629,216462,Berlin,6,2021,10,17,7,2,6,4,1,0,1,1,0,0,0,0,"13,28820751","52,46498329"
27630,216461,Berlin,9,2021,11,15,4,3,6,4,0,1,0,1,0,0,0,0,"13,51392078","52,46288498"
27631,216460,Berlin,11,2021,11,9,5,3,5,3,0,0,1,0,0,0,0,1,"13,47129075","52,50519489"
27632,216459,Berlin,3,2021,10,9,6,3,1,5,0,1,1,0,0,0,0,0,"13,43954933","52,53562014"
27633,216458,Berlin,3,2021,10,16,6,3,0,7,0,0,1,0,0,0,0,0,"13,44865484","52,54664832"
27634,216457,Berlin,4,2021,10,13,3,3,5,2,0,0,1,0,1,0,0,0,"13,30642972","52,51859316"
27635,216456,Berlin,8,2021,10,11,4,3,1,5,0,1,1,0,0,1,0,0,"13,4291599","52,47145189"
27636,216455,Berlin,12,2021,10,11,2,3,5,3,0,0,1,0,0,0,0,0,"13,36041672","52,59690903"
27637,216454,Berlin,6,2021,11,15,3,3,2,2,0,0,1,0,1,0,0,1,"13,3496484","52,44964678"
27638,216453,Berlin,12,2021,10,14,4,3,5,2,0,0,1,0,0,0,1,0,"13,31541487","52,57792765"
27639,216452,Berlin,8,2021,11,23,6,3,5,3,1,0,1,0,0,0,1,1,"13,44091446","52,46083413"
27640,216451,Berlin,4,2021,11,13,7,3,5,3,0,1,1,0,0,0,0,0,"13,2496798","52,51557566"
27641,216450,Berlin,5,2021,11,18,4,3,5,2,1,0,1,0,0,0,0,0,"13,22723383","52,54947005"
27642,216449,Berlin,3,2021,11,15,1,2,6,4,0,0,1,1,0,0,0,0,"13,42756324","52,57690838"
27643,216448,Berlin,5,2021,10,13,7,3,2,6,0,0,1,0,0,0,0,0,"13,174955","52,53383438"
27644,216447,Berlin,6,2021,10,15,7,3,1,1,0,1,1,0,0,0,0,1,"13,32506945","52,43697443"
27645,216446,Berlin,2,2021,11,19,4,3,5,3,2,0,1,0,0,0,0,0,"13,4044419","52,49520945"
27646,216445,Berlin,8,2021,11,14,6,3,5,3,0,1,1,0,0,0,0,0,"13,44751009","52,47260494"
27647,216444,Berlin,3,2021,10,18,7,3,5,2,1,1,1,0,0,0,0,0,"13,40251027","52,58559586"
27648,216443,Berlin,6,2021,10,22,3,3,6,4,2,0,1,1,0,0,0,1,"13,34591059","52,43644214"
27649,216442,Berlin,11,2021,11,13,5,3,5,3,0,1,1,0,0,0,0,0,"13,49650479","52,53398574"
27650,216441,Berlin,6,2021,11,2,4,3,8,1,2,0,1,0,0,0,0,1,"13,3248993","52,45824408"
27651,216440,Berlin,3,2021,10,10,5,3,5,3,0,1,1,0,0,0,0,0,"13,4653622","52,52343443"
27652,216439,Berlin,2,2021,10,19,5,3,5,3,1,1,1,0,0,0,0,1,"13,42764435","52,49619403"
27653,216438,Berlin,1,2021,10,21,6,3,9,1,2,0,0,0,1,0,0,0,"13,37331754","52,52766681"
27654,216437,Berlin,10,2021,11,6,2,3,6,2,1,0,1,1,0,0,0,1,"13,59951151","52,54390549"
27655,216436,Berlin,9,2021,11,16,5,3,5,3,1,1,1,0,0,0,0,1,"13,50240504","52,46123204"
27656,216435,Berlin,6,2021,11,16,2,3,2,6,2,0,1,0,0,0,0,0,"13,30770913","52,42965053"
27657,216434,Berlin,8,2021,10,15,7,3,6,4,0,0,1,1,0,0,0,0,"13,42361922","52,46544309"
27658,216433,Berlin,6,2021,10,18,5,2,5,3,2,1,1,0,0,0,0,0,"13,33017236","52,44529752"
27659,216432,Berlin,1,2021,10,15,3,3,5,7,0,1,1,0,0,0,0,0,"13,35144046","52,53945451"
27660,216431,Berlin,1,2021,11,15,2,3,1,5,0,1,1,0,0,0,0,1,"13,40897735","52,51039374"
27661,216430,Berlin,5,2021,11,9,5,3,5,3,0,0,1,0,0,0,1,0,"13,13323173","52,52632993"
27662,216429,Berlin,1,2021,11,1,1,3,5,3,2,0,1,0,0,0,0,0,"13,39078803","52,51573836"
27663,216428,Berlin,10,2021,10,10,3,3,2,6,0,0,1,0,0,0,0,1,"13,51746286","52,53535435"
27664,216427,Berlin,6,2021,11,11,5,3,2,2,0,0,1,0,0,0,0,0,"13,29312106","52,44665011"
27665,216426,Berlin,10,2021,10,14,5,3,5,2,0,1,1,0,0,0,0,0,"13,52934344","52,52561018"
27666,216425,Berlin,1,2021,10,9,6,3,5,3,0,1,1,0,0,0,0,0,"13,40561898","52,53453765"
27667,216424,Berlin,1,2021,10,23,7,3,5,2,2,0,1,0,0,0,0,0,"13,34949577","52,54226042"
27668,216423,Berlin,1,2021,10,16,6,2,6,7,0,1,0,1,0,0,0,0,"13,3860046","52,55588942"
27669,216422,Berlin,3,2021,11,10,3,3,5,3,0,1,1,0,0,0,0,0,"13,42699977","52,55221122"
27670,216421,Berlin,10,2021,11,7,6,2,6,7,0,0,1,1,0,0,0,1,"13,61985376","52,53926706"
27671,216420,Berlin,1,2021,11,13,4,3,5,2,0,1,1,0,0,0,0,0,"13,39302184","52,51500761"
27672,216419,Berlin,4,2021,10,22,1,3,6,4,2,0,1,1,0,0,0,0,"13,30852754","52,47932785"
27673,216418,Berlin,7,2021,10,17,3,3,5,5,0,0,0,0,1,0,1,0,"13,34290054","52,48409223"
27674,216417,Berlin,7,2021,10,12,4,3,6,7,0,0,0,1,0,0,1,0,"13,38440991","52,45697597"
27675,216416,Berlin,11,2021,11,15,2,3,2,6,0,0,1,0,0,0,0,0,"13,51255032","52,56592551"
27676,216415,Berlin,5,2021,10,7,3,3,0,7,1,0,1,0,0,0,0,1,"13,19768857","52,52301553"
27677,216414,Berlin,1,2021,10,17,1,3,5,2,0,1,1,0,0,0,0,0,"13,36425665","52,50996969"
27678,216413,Berlin,1,2021,11,9,7,3,5,3,0,0,1,0,0,1,0,0,"13,39296204","52,51500372"
27679,216412,Berlin,5,2021,11,9,2,3,5,3,0,0,1,0,1,0,0,1,"13,1942789","52,55555138"
27680,216411,Berlin,4,2021,11,9,3,3,0,7,0,1,0,0,0,0,0,0,"13,33619566","52,50527957"
27681,216410,Berlin,8,2021,11,16,6,3,6,7,2,0,0,1,0,0,1,1,"13,44935756","52,47501705"
27682,216409,Berlin,8,2021,10,22,7,3,5,3,2,0,1,0,0,0,0,1,"13,43454105","52,48292748"
27683,216408,Berlin,11,2021,10,9,1,3,5,2,0,1,1,0,0,0,0,0,"13,5069958","52,49685213"
27684,216407,Berlin,11,2021,11,12,4,3,6,4,0,0,0,1,0,0,1,0,"13,5200818","52,50529147"
27685,216406,Berlin,11,2021,11,18,5,3,6,4,2,0,1,1,0,0,0,1,"13,49451935","52,50383726"
27686,216405,Berlin,2,2021,10,18,7,3,0,3,0,0,1,0,1,0,0,0,"13,46649757","52,50996939"
27687,216404,Berlin,5,2021,10,15,6,3,6,7,0,0,0,1,0,0,1,0,"13,19780256","52,53311315"
27688,216403,Berlin,7,2021,10,11,4,3,5,2,0,1,1,0,0,0,0,0,"13,36093695","52,41700543"
27689,216402,Berlin,10,2021,10,16,3,3,5,7,0,0,1,0,0,0,0,0,"13,5506247","52,55998995"
27690,216401,Berlin,4,2021,11,17,5,3,1,5,2,1,1,0,0,0,0,1,"13,3264783","52,49091527"
27691,216400,Berlin,4,2021,11,7,3,3,0,2,2,0,1,0,1,0,0,1,"13,31267419","52,49925601"
27692,216399,Berlin,9,2021,10,7,4,3,2,2,1,0,1,0,0,0,0,0,"13,59316199","52,45167587"
27693,216398,Berlin,7,2021,10,10,4,3,5,2,0,1,1,0,0,0,0,0,"13,38286278","52,43825294"
27694,216397,Berlin,1,2021,10,8,2,3,0,6,0,0,1,0,1,0,0,0,"13,37474715","52,55679016"
27695,216396,Berlin,5,2021,11,17,6,3,2,6,1,0,1,0,1,0,0,1,"13,22691936","52,53777689"
27696,216395,Berlin,11,2021,11,9,7,3,0,1,0,1,0,0,0,0,0,1,"13,46990318","52,54130217"
27697,216394,Berlin,2,2021,11,14,4,3,4,6,0,1,0,0,0,0,0,0,"13,3870978","52,49315304"
27698,216393,Berlin,6,2021,11,20,2,2,0,1,2,0,0,0,1,0,0,0,"13,27796973","52,4655487"
27699,216392,Berlin,5,2021,10,16,7,3,2,6,0,0,1,0,1,0,0,0,"13,21693984","52,5377797"
27700,216391,Berlin,4,2021,10,12,5,3,2,6,0,0,1,0,0,0,0,0,"13,31907408","52,50162296"
27701,216390,Berlin,12,2021,10,11,2,3,5,2,0,1,1,0,0,0,0,0,"13,31524287","52,5779174"
27702,216389,Berlin,4,2021,10,20,1,3,1,5,2,0,1,0,0,0,0,0,"13,27710855","52,51868031"
27703,216388,Berlin,10,2021,11,13,4,3,2,6,0,1,1,0,0,0,0,0,"13,60150933","52,53328047"
27704,216387,Berlin,7,2021,11,15,6,3,0,1,0,0,0,0,1,0,0,1,"13,34020497","52,4755177"
27705,216386,Berlin,3,2021,10,16,2,2,5,7,0,1,1,0,0,0,0,0,"13,40804131","52,57289193"
27706,216385,Berlin,1,2021,9,7,4,3,3,6,0,1,1,0,0,0,0,0,"13,42816503","52,50723579"
27707,216384,Berlin,10,2021,9,16,2,3,6,4,0,0,1,1,0,0,0,0,"13,60237681","52,4790816"
27708,216383,Berlin,4,2021,9,7,3,3,5,2,0,1,0,0,0,0,1,0,"13,31438708","52,47278767"
27709,216382,Berlin,1,2021,9,20,2,3,1,5,1,1,1,0,0,0,0,0,"13,35878309","52,50086854"
27710,216381,Berlin,1,2021,9,12,6,3,6,7,0,1,0,1,0,0,0,0,"13,35491565","52,55000002"
27711,216380,Berlin,4,2021,9,16,4,3,0,1,0,1,0,0,0,0,0,0,"13,32801343","52,4797421"
27712,216379,Berlin,4,2021,8,20,2,3,0,3,2,0,1,0,1,0,0,1,"13,28821921","52,51369142"
27713,216378,Berlin,2,2021,8,14,6,3,5,2,0,1,1,0,0,0,0,0,"13,43203388","52,50572828"
27714,216377,Berlin,4,2021,9,15,2,3,1,5,0,1,1,0,0,0,0,0,"13,29035045","52,47396967"
27715,216376,Berlin,10,2021,9,12,7,3,5,3,0,0,1,0,0,1,0,0,"13,57069555","52,5320495"
27716,216375,Berlin,8,2021,9,16,7,3,3,6,0,1,0,0,0,0,1,0,"13,43587758","52,48378974"
27717,216374,Berlin,6,2021,10,14,6,3,5,2,0,1,1,0,0,0,0,0,"13,3146688","52,41735055"
27718,216373,Berlin,7,2021,9,19,3,3,6,4,2,0,0,1,0,0,1,0,"13,33526636","52,47240576"
27719,216372,Berlin,2,2021,9,14,3,2,5,3,0,1,0,0,0,0,1,0,"13,40467912","52,49088898"
27720,216371,Berlin,5,2021,8,12,5,3,2,2,0,0,1,0,1,0,0,1,"13,19954887","52,53491479"
27721,216370,Berlin,10,2021,8,13,3,3,5,2,0,1,1,0,0,0,0,0,"13,57353036","52,54653685"
27722,216369,Berlin,11,2021,9,20,6,3,0,7,2,0,0,0,0,0,1,0,"13,52119091","52,49986665"
27723,216368,Berlin,5,2021,9,8,5,3,6,4,0,1,0,1,0,0,0,0,"13,18787902","52,53932311"
27724,216367,Berlin,3,2021,9,17,3,3,5,2,0,1,1,0,0,0,0,0,"13,36741544","52,58627711"
27725,216366,Berlin,1,2021,9,17,7,3,5,7,0,1,1,0,0,0,0,0,"13,35390555","52,52852749"
27726,216365,Berlin,7,2021,9,1,4,2,5,3,2,0,1,0,0,0,0,0,"13,34090279","52,49979881"
27727,216364,Berlin,1,2021,9,19,7,3,3,7,1,1,0,0,0,0,0,0,"13,39097358","52,53995031"
27728,216363,Berlin,2,2021,8,23,7,3,5,3,2,0,1,0,0,0,0,0,"13,3964967","52,49130876"
27729,216362,Berlin,1,2021,9,9,5,2,3,5,0,1,0,0,1,0,0,0,"13,34770763","52,52477906"
27730,216361,Berlin,1,2021,9,16,5,3,6,7,0,0,1,1,0,0,0,0,"13,36806102","52,50253264"
27731,216360,Berlin,1,2021,9,12,4,3,5,3,0,0,1,0,0,0,0,0,"13,37894708","52,52639864"
27732,216359,Berlin,3,2021,9,12,4,3,4,6,0,1,0,0,0,0,0,0,"13,48791037","52,61841028"
27733,216358,Berlin,1,2021,8,9,6,3,0,1,0,0,0,0,1,0,0,1,"13,40359764","52,5169043"
27734,216357,Berlin,3,2021,8,17,4,2,5,2,0,0,1,0,1,0,0,0,"13,43280582","52,59581852"
27735,216356,Berlin,1,2021,9,17,7,3,0,1,0,0,0,0,0,0,1,0,"13,37189847","52,5486846"
27736,216355,Berlin,5,2021,9,8,6,3,2,1,0,0,1,0,0,0,0,0,"13,14586954","52,45539555"