,id,city,district,year,month,hour,weekday,injury_level,collision,movement,light_conditions,bicycle,car,pedestrian,motorbike,truck,other_vehicle,road_conditions,longitude,latitude
27737,216354,Berlin,2,2021,9,12,3,3,6,2,0,0,1,1,0,0,0,0,"13,41934314","52,50134672"
27738,216353,Berlin,6,2021,9,7,3,2,5,3,0,1,1,0,0,0,0,0,"13,21209329","52,43395276"
27739,216352,Berlin,4,2021,9,10,5,3,3,6,0,1,0,0,1,0,0,0,"13,28901639","52,51894838"
27740,216351,Berlin,8,2021,9,13,3,3,2,6,0,0,1,0,0,0,0,0,"13,42491964","52,48149456"
27741,216350,Berlin,4,2021,9,15,3,3,6,7,0,0,1,1,0,0,0,0,"13,32362878","52,48645686"
27742,216349,Berlin,3,2021,8,22,1,3,1,1,2,0,1,0,0,0,1,0,"13,45502391","52,53781345"
27743,216348,Berlin,2,2021,9,15,6,3,5,2,0,1,1,0,0,0,0,1,"13,39765976","52,49517007"
27744,216347,Berlin,9,2021,9,14,7,3,5,2,0,0,1,0,0,0,0,0,"13,49137268","52,46915405"
27745,216346,Berlin,2,2021,9,6,5,3,4,6,0,1,0,0,0,0,0,1,"13,40358771","52,49391415"
27746,216345,Berlin,6,2021,9,10,5,3,6,6,0,0,0,1,0,0,1,0,"13,31326995","52,41880059"
27747,216344,Berlin,10,2021,8,12,7,3,5,2,0,0,1,0,0,0,1,0,"13,58797926","52,52078431"
27748,216343,Berlin,10,2021,8,7,4,3,2,6,0,0,1,0,0,1,1,0,"13,56929065","52,56081939"
27749,216342,Berlin,6,2021,9,15,2,3,6,2,0,0,1,1,0,0,0,0,"13,31903747","52,4574999"
27750,216341,Berlin,2,2021,9,12,1,2,5,2,0,1,1,0,0,0,0,0,"13,45105177","52,50854809"
27751,216340,Berlin,6,2021,8,22,3,3,2,6,2,0,1,0,0,0,0,0,"13,33207851","52,45285006"
27752,216339,Berlin,4,2021,9,13,6,3,0,1,0,1,0,0,0,0,0,0,"13,29627901","52,48411178"
27753,216338,Berlin,10,2021,9,7,5,3,2,6,0,0,1,0,0,0,0,0,"13,59838703","52,53497629"
27754,216337,Berlin,9,2021,9,16,3,3,5,3,0,1,1,0,0,0,0,0,"13,58442868","52,46420055"
27755,216336,Berlin,2,2021,9,16,3,3,5,2,0,1,1,0,0,0,0,0,"13,44655082","52,50272547"
27756,216335,Berlin,2,2021,9,18,3,3,1,5,1,1,1,0,0,0,0,0,"13,45935746","52,50102276"
27757,216334,Berlin,2,2021,8,15,2,2,5,3,0,1,1,0,0,0,0,1,"13,42620357","52,5158061"
27758,216333,Berlin,1,2021,9,7,6,3,2,7,0,0,1,0,1,0,0,0,"13,34796822","52,54116157"
27759,216332,Berlin,8,2021,8,17,2,3,5,3,0,0,1,0,0,0,0,1,"13,43658934","52,47450059"
27760,216331,Berlin,2,2021,8,12,2,3,0,1,0,0,0,0,0,0,1,1,"13,40604884","52,49351976"
27761,216330,Berlin,1,2021,8,16,6,3,8,1,0,0,0,0,0,0,1,0,"13,34087066","52,52561108"
27762,216329,Berlin,9,2021,9,14,2,3,5,3,0,0,1,0,0,0,0,0,"13,53818579","52,42877371"
27763,216328,Berlin,12,2021,9,12,6,3,5,3,0,0,1,0,0,0,0,0,"13,29212847","52,59057094"
27764,216327,Berlin,3,2021,8,17,3,3,5,2,0,1,0,0,0,0,1,0,"13,41482442","52,55385933"
27765,216326,Berlin,3,2021,9,14,1,3,5,2,0,1,1,0,0,0,0,0,"13,37091649","52,59067948"
27766,216325,Berlin,1,2021,8,18,6,3,5,3,0,0,1,0,1,0,0,0,"13,3766254","52,50941404"
27767,216324,Berlin,8,2021,9,18,5,3,6,4,0,0,1,1,0,0,0,0,"13,43844094","52,41750692"
27768,216323,Berlin,3,2021,9,11,6,3,0,1,0,0,0,0,1,0,0,0,"13,42063405","52,54874285"
27769,216322,Berlin,9,2021,9,7,4,3,5,2,0,1,1,0,0,0,0,0,"13,52110381","52,44172019"
27770,216321,Berlin,9,2021,9,22,4,3,5,3,2,0,1,0,1,0,0,0,"13,45341163","52,4892459"
27771,216320,Berlin,4,2021,8,15,5,3,5,3,0,0,1,0,0,0,0,0,"13,31866415","52,54634687"
27772,216319,Berlin,9,2021,8,17,3,3,6,4,0,1,0,1,0,0,0,0,"13,57906133","52,45823902"
27773,216318,Berlin,1,2021,9,15,7,2,1,5,0,0,1,0,1,0,0,0,"13,40505892","52,51749477"
27774,216317,Berlin,5,2021,9,14,4,3,0,3,0,1,1,0,0,0,0,0,"13,23316704","52,53953665"
27775,216316,Berlin,7,2021,9,14,3,3,2,6,0,0,1,0,0,0,0,0,"13,38082728","52,40561504"
27776,216315,Berlin,1,2021,9,19,1,3,5,2,1,1,1,0,0,0,0,0,"13,38420252","52,55603754"
27777,216314,Berlin,11,2021,9,15,5,2,4,6,0,0,1,0,0,0,1,0,"13,52491448","52,55948108"
27778,216313,Berlin,11,2021,9,21,2,2,1,5,2,1,1,0,0,0,0,0,"13,53985684","52,49372715"
27779,216312,Berlin,1,2021,9,15,5,3,0,7,0,1,0,0,0,0,0,0,"13,41042522","52,51703583"
27780,216311,Berlin,4,2021,9,17,1,3,5,2,0,1,0,0,0,0,1,0,"13,33663144","52,50511614"
27781,216310,Berlin,2,2021,8,14,6,2,3,6,0,1,0,0,0,0,0,0,"13,44550817","52,50164496"
27782,216309,Berlin,3,2021,9,6,5,3,5,2,0,1,0,0,0,0,1,0,"13,42717465","52,54491337"
27783,216308,Berlin,4,2021,9,15,6,2,5,2,0,1,1,0,0,0,0,0,"13,30573041","52,47974851"
27784,216307,Berlin,6,2021,9,16,4,3,6,2,0,0,1,1,0,0,0,1,"13,34707507","52,44996379"
27785,216306,Berlin,12,2021,9,14,4,3,0,7,0,1,1,0,0,0,0,0,"13,22626806","52,61340966"
27786,216305,Berlin,2,2021,8,10,6,3,2,2,0,1,0,0,0,1,0,1,"13,39948752","52,49824791"
27787,216304,Berlin,7,2021,8,11,4,3,5,2,0,1,1,0,0,0,0,0,"13,34993167","52,47024444"
27788,216303,Berlin,6,2021,9,15,7,3,0,3,0,0,0,0,1,0,0,0,"13,18927386","52,43374993"
27789,216302,Berlin,7,2021,8,15,2,3,0,6,0,0,1,0,0,0,1,1,"13,38432464","52,45586058"
27790,216301,Berlin,1,2021,9,13,6,2,6,4,0,0,1,1,0,0,0,0,"13,36381666","52,543556"
27791,216300,Berlin,7,2021,9,10,4,3,5,3,0,0,1,0,1,0,0,0,"13,34747555","52,48699447"
27792,216299,Berlin,1,2021,9,8,2,3,1,5,0,0,1,0,0,0,0,0,"13,36083491","52,5453632"
27793,216298,Berlin,2,2021,9,13,5,3,3,6,0,0,1,0,1,0,0,0,"13,39422715","52,49756583"
27794,216297,Berlin,9,2021,9,8,3,3,5,2,0,1,1,0,0,0,0,0,"13,54110662","52,43011745"
27795,216296,Berlin,1,2021,9,16,7,3,1,5,0,0,0,0,0,0,1,1,"13,42061699","52,50582284"
27796,216295,Berlin,6,2021,8,19,3,3,3,6,2,1,1,0,0,0,0,0,"13,32659443","52,40631284"
27797,216294,Berlin,1,2021,9,10,2,3,6,7,0,1,0,1,0,0,0,0,"13,38778537","52,55544482"
27798,216293,Berlin,10,2021,9,15,5,3,3,6,0,1,1,0,0,0,0,0,"13,6339654","52,53860595"
27799,216292,Berlin,11,2021,9,18,1,3,5,2,1,0,1,0,0,0,1,0,"13,4947736","52,55949254"
27800,216291,Berlin,6,2021,8,14,7,2,5,3,0,1,0,0,0,0,0,0,"13,14778386","52,41828377"
27801,216290,Berlin,8,2021,9,9,6,3,5,3,0,0,1,0,1,0,0,0,"13,47650189","52,42556681"
27802,216289,Berlin,7,2021,9,4,7,3,5,3,2,0,1,0,0,0,0,0,"13,3928086","52,41254365"
27803,216288,Berlin,2,2021,9,18,4,3,0,1,0,0,1,0,1,0,0,1,"13,44576511","52,50184467"
27804,216287,Berlin,8,2021,9,21,4,3,5,2,2,1,1,0,0,0,0,1,"13,43223748","52,46454045"
27805,216286,Berlin,5,2021,8,9,6,3,3,6,0,0,1,0,1,0,0,1,"13,20342646","52,54080584"
27806,216285,Berlin,8,2021,8,22,4,3,6,2,2,0,1,1,0,0,0,1,"13,44180008","52,4697141"
27807,216284,Berlin,3,2021,9,2,7,2,5,3,2,1,1,0,0,0,0,0,"13,38976021","52,57429667"
27808,216283,Berlin,1,2021,9,16,5,3,5,2,0,1,1,0,0,0,0,0,"13,39603839","52,53834939"
27809,216282,Berlin,4,2021,9,12,6,3,3,6,0,0,1,0,0,0,0,0,"13,30797072","52,49669234"
27810,216281,Berlin,5,2021,9,12,4,3,2,6,0,0,1,0,1,0,0,0,"13,19933778","52,5344911"
27811,216280,Berlin,7,2021,9,11,2,3,0,6,0,0,1,0,0,0,1,0,"13,40068412","52,41436613"
27812,216279,Berlin,11,2021,8,17,1,3,2,6,1,0,1,0,1,0,0,1,"13,52475848","52,4952885"
27813,216278,Berlin,6,2021,9,18,3,3,5,3,1,1,1,0,0,0,0,0,"13,36466838","52,42705831"
27814,216277,Berlin,7,2021,9,10,3,3,4,1,0,0,1,0,0,0,0,1,"13,360383","52,4127683"
27815,216276,Berlin,12,2021,8,10,2,3,5,3,0,0,1,0,0,0,0,0,"13,37852452","52,5660264"
27816,216275,Berlin,5,2021,9,11,6,3,0,2,0,0,1,0,0,0,1,0,"13,20085133","52,53855584"
27817,216274,Berlin,4,2021,9,12,7,3,5,7,0,1,1,0,0,0,0,0,"13,32468763","52,49506812"
27818,216273,Berlin,2,2021,9,16,5,3,5,3,0,0,1,0,0,0,1,0,"13,39047629","52,49585353"
27819,216272,Berlin,4,2021,8,16,2,2,5,3,0,0,1,0,0,0,0,1,"13,31550591","52,48838517"
27820,216271,Berlin,8,2021,8,21,1,3,4,6,2,1,1,0,0,0,0,1,"13,44274735","52,4804082"
27821,216270,Berlin,2,2021,9,23,5,3,5,3,2,0,1,0,0,0,0,1,"13,46406346","52,51300708"
27822,216269,Berlin,8,2021,8,22,6,3,6,4,2,0,1,1,0,0,0,0,"13,42484757","52,4822447"
27823,216268,Berlin,2,2021,9,17,7,3,6,4,0,0,1,1,0,0,0,0,"13,4659353","52,50887254"
27824,216267,Berlin,9,2021,9,9,7,3,2,6,0,1,0,0,0,0,0,1,"13,57519493","52,42442854"
27825,216266,Berlin,1,2021,8,7,3,3,0,1,0,0,0,0,0,0,1,1,"13,40466762","52,53981223"
27826,216265,Berlin,4,2021,9,3,7,3,4,6,2,0,1,0,0,0,0,0,"13,27439096","52,500554"
27827,216264,Berlin,6,2021,10,6,6,3,3,6,2,1,1,0,0,0,0,0,"13,31232472","52,41971477"
27828,216263,Berlin,1,2021,9,16,3,3,6,7,0,0,0,1,0,0,1,0,"13,3816644","52,55630959"
27829,216262,Berlin,2,2021,9,17,3,3,5,3,0,1,0,0,0,0,0,0,"13,45752259","52,51286161"
27830,216261,Berlin,6,2021,9,7,3,3,5,3,0,1,1,0,0,0,0,0,"13,35320676","52,44930924"
27831,216260,Berlin,5,2021,8,23,2,2,2,6,2,0,1,0,0,0,0,0,"13,22743588","52,52855512"
27832,216259,Berlin,11,2021,9,10,6,3,1,5,0,1,1,0,0,0,0,0,"13,52260721","52,50683915"
27833,216258,Berlin,5,2021,8,16,2,3,5,3,0,0,1,0,0,0,1,1,"13,1429226","52,53962027"
27834,216257,Berlin,4,2021,9,7,3,3,2,6,0,0,1,0,0,0,0,0,"13,29438324","52,48448552"
27835,216256,Berlin,4,2021,9,9,7,3,0,6,0,1,0,0,0,0,1,1,"13,31564025","52,46974367"
27836,216255,Berlin,12,2021,9,14,4,3,5,3,0,1,1,0,0,0,0,0,"13,35448267","52,61807207"
27837,216254,Berlin,10,2021,9,12,7,3,2,6,0,0,1,0,0,0,0,0,"13,5723606","52,5489719"
27838,216253,Berlin,1,2021,8,15,1,2,9,1,0,0,0,0,1,0,0,1,"13,3413144","52,54505153"
27839,216252,Berlin,9,2021,9,15,4,3,3,6,0,1,0,0,1,0,0,0,"13,68575658","52,4429488"
27840,216251,Berlin,7,2021,9,16,5,3,5,7,0,1,1,0,0,0,0,0,"13,33273013","52,47547308"
27841,216250,Berlin,8,2021,9,15,4,3,5,3,0,1,1,0,0,0,0,1,"13,44476932","52,48509734"
27842,216249,Berlin,10,2021,9,11,4,3,5,3,0,0,1,0,0,0,0,0,"13,6121561","52,53897116"
27843,216248,Berlin,8,2021,8,17,5,3,0,7,0,0,0,0,1,0,0,1,"13,45416677","52,4796815"
27844,216247,Berlin,9,2021,8,15,3,3,1,7,0,0,1,0,0,0,0,0,"13,48000715","52,46471909"
27845,216246,Berlin,4,2021,9,17,6,3,5,2,1,1,1,0,0,0,0,0,"13,28683884","52,51297162"
27846,216245,Berlin,7,2021,9,15,4,3,6,4,0,0,1,1,0,0,0,0,"13,36666266","52,47473111"
27847,216244,Berlin,6,2021,9,20,3,3,0,3,1,1,0,0,0,0,0,0,"13,32652596","52,45971082"
27848,216243,Berlin,4,2021,9,9,1,3,5,2,0,0,1,0,0,0,0,0,"13,24950157","52,51567149"
27849,216242,Berlin,1,2021,9,14,5,2,5,2,0,1,1,0,0,0,0,0,"13,36105558","52,55536577"
27850,216241,Berlin,9,2021,9,10,2,3,5,2,0,0,1,0,0,0,1,0,"13,57533986","52,44748947"
27851,216240,Berlin,3,2021,9,15,1,3,6,4,0,0,1,1,0,0,0,0,"13,48331722","52,61188405"
27852,216239,Berlin,5,2021,8,4,1,3,0,1,2,0,0,0,0,0,1,0,"13,20230749","52,5465472"
27853,216238,Berlin,1,2021,9,7,6,3,5,7,0,1,0,0,0,0,1,0,"13,37318181","52,5470586"
27854,216237,Berlin,1,2021,9,19,6,3,3,6,2,0,0,0,1,0,1,0,"13,39971605","52,50907822"
27855,216236,Berlin,1,2021,9,17,4,3,5,3,1,0,1,0,0,0,0,1,"13,39805724","52,53488109"
27856,216235,Berlin,5,2021,8,15,2,2,0,6,0,0,1,0,1,0,0,1,"13,19433454","52,54564068"
27857,216234,Berlin,4,2021,9,22,5,3,0,5,2,0,1,0,1,0,0,1,"13,28638706","52,47862569"
27858,216233,Berlin,8,2021,8,20,6,3,5,2,1,0,1,0,0,0,0,0,"13,42110818","52,48025107"
27859,216232,Berlin,5,2021,8,13,4,3,4,5,0,0,1,0,0,0,1,0,"13,15893934","52,46285152"
27860,216231,Berlin,2,2021,9,12,1,3,2,6,0,0,1,0,0,0,0,0,"13,40710151","52,49847521"
27861,216230,Berlin,1,2021,8,8,2,3,2,6,0,1,0,0,0,0,1,0,"13,37379338","52,54744072"
27862,216229,Berlin,10,2021,9,13,6,2,5,2,0,1,1,0,0,0,0,0,"13,5616338","52,50105236"
27863,216228,Berlin,4,2021,9,17,4,3,0,6,0,1,0,0,0,0,1,0,"13,30958422","52,5065914"
27864,216227,Berlin,7,2021,9,20,2,2,5,2,2,0,1,0,0,0,0,0,"13,34744348","52,47059034"
27865,216226,Berlin,1,2021,8,6,2,3,1,5,1,0,1,0,1,0,1,1,"13,37944472","52,55943565"
27866,216225,Berlin,7,2021,9,14,3,2,5,2,0,0,1,0,1,0,0,0,"13,34494398","52,48003247"
27867,216224,Berlin,4,2021,9,13,3,3,2,6,0,0,1,0,0,1,0,1,"13,29017372","52,48237039"
27868,216223,Berlin,5,2021,8,8,3,3,0,1,0,0,1,0,1,0,0,0,"13,19950462","52,53429738"
27869,216222,Berlin,5,2021,9,20,6,3,1,5,1,1,1,0,0,0,0,0,"13,26384797","52,54074203"
27870,216221,Berlin,7,2021,9,18,4,3,3,6,0,1,1,0,0,0,0,0,"13,36026426","52,48200883"
27871,216220,Berlin,2,2021,8,23,6,3,2,6,2,0,1,0,1,0,0,0,"13,419533","52,49663592"
27872,216219,Berlin,3,2021,9,18,2,3,0,7,0,1,0,0,0,0,0,0,"13,4210161","52,56537076"
27873,216218,Berlin,4,2021,9,14,7,3,5,3,0,0,1,0,0,0,0,1,"13,2833216","52,51851328"
27874,216217,Berlin,3,2021,8,20,3,2,0,4,1,1,0,1,0,0,0,0,"13,43844237","52,56665132"
27875,216216,Berlin,4,2021,9,19,5,3,4,2,1,1,0,0,1,0,0,0,"13,33169048","52,50535259"
27876,216215,Berlin,12,2021,9,16,6,3,6,4,0,0,1,1,0,0,0,0,"13,3062012","52,62701259"
27877,216214,Berlin,2,2021,10,10,6,3,5,3,0,0,1,0,0,0,0,0,"13,39981658","52,49442618"
27878,216213,Berlin,11,2021,9,7,3,2,6,4,0,0,1,1,0,0,0,0,"13,49625698","52,52042048"
27879,216212,Berlin,2,2021,9,9,4,3,5,3,0,1,1,0,0,0,0,0,"13,43753732","52,50337759"
27880,216211,Berlin,6,2021,9,11,3,3,5,7,0,0,1,0,0,0,1,1,"13,27010004","52,44995715"
27881,216210,Berlin,3,2021,8,7,5,3,5,3,0,1,1,0,0,0,0,1,"13,42639461","52,60313147"
27882,216209,Berlin,10,2021,8,18,3,3,3,6,0,1,0,0,0,0,1,0,"13,57994549","52,52545017"
27883,216208,Berlin,9,2021,9,18,6,3,3,6,1,0,1,0,1,0,0,0,"13,49931284","52,45935293"
27884,216207,Berlin,9,2021,9,16,3,3,5,3,0,1,1,0,0,0,0,0,"13,61269165","52,45419925"
27885,216206,Berlin,12,2021,8,12,1,3,5,2,0,0,1,0,0,0,0,1,"13,29794167","52,57818701"
27886,216205,Berlin,7,2021,9,14,3,2,0,1,0,0,0,0,1,0,0,0,"13,39644331","52,44012172"
27887,216204,Berlin,6,2021,9,16,3,3,2,6,0,0,1,0,0,0,0,0,"13,30227478","52,43792503"
27888,216203,Berlin,3,2021,8,17,2,2,3,6,0,1,0,0,0,0,0,0,"13,40059764","52,55441591"
27889,216202,Berlin,6,2021,9,18,6,3,5,2,0,1,1,0,0,0,0,1,"13,33154029","52,46377512"
27890,216201,Berlin,2,2021,9,1,1,3,0,1,2,0,0,0,1,0,0,0,"13,39585539","52,49787268"
27891,216200,Berlin,3,2021,9,10,5,2,1,7,0,0,1,0,0,0,0,0,"13,49842224","52,63351069"
27892,216199,Berlin,5,2021,8,6,2,3,5,7,0,0,1,0,0,0,0,1,"13,2302149","52,52983449"
27893,216198,Berlin,8,2021,10,14,6,3,3,6,0,0,1,0,0,0,0,0,"13,43476278","52,48425523"
27894,216197,Berlin,6,2021,8,3,1,3,9,1,2,0,1,0,0,0,0,1,"13,3539934","52,44463494"
27895,216196,Berlin,9,2021,9,18,2,3,1,5,1,1,0,0,0,1,0,0,"13,53635466","52,4602152"
27896,216195,Berlin,11,2021,9,19,1,2,5,2,1,0,1,0,1,0,0,0,"13,52815829","52,55695955"
27897,216194,Berlin,5,2021,9,14,7,3,5,7,0,0,1,0,1,0,0,1,"13,16747672","52,55193173"
27898,216193,Berlin,4,2021,10,8,6,3,5,2,0,1,1,0,0,0,0,0,"13,3294503","52,48165438"
27899,216192,Berlin,7,2021,9,11,3,2,1,5,0,1,1,0,0,0,0,0,"13,38279195","52,47200761"
27900,216191,Berlin,2,2021,9,8,3,3,5,2,0,1,1,0,0,0,0,0,"13,38670722","52,49130415"
27901,216190,Berlin,1,2021,9,8,4,3,3,6,0,0,1,0,0,0,0,1,"13,33428121","52,54135465"
27902,216189,Berlin,4,2021,8,8,3,3,0,7,0,1,0,0,0,0,0,0,"13,30937738","52,5073258"
27903,216188,Berlin,1,2021,9,9,6,3,5,2,0,1,1,0,0,0,0,0,"13,41719446","52,51246753"
27904,216187,Berlin,2,2021,9,12,4,3,5,3,0,0,1,0,1,0,0,0,"13,39941396","52,49828748"
27905,216186,Berlin,2,2021,9,11,2,3,0,1,0,0,0,0,1,0,0,0,"13,46648161","52,5020593"
27906,216185,Berlin,8,2021,9,1,6,2,1,5,2,0,1,0,0,0,0,0,"13,43257518","52,48848763"
27907,216184,Berlin,7,2021,8,23,3,3,1,5,2,1,1,0,0,0,0,1,"13,34496739","52,48630538"
27908,216183,Berlin,9,2021,9,13,5,3,0,4,0,0,0,1,0,0,1,0,"13,59149646","52,42630345"
27909,216182,Berlin,4,2021,9,11,7,3,0,2,0,1,1,0,0,0,0,1,"13,33143775","52,50376622"
27910,216181,Berlin,1,2021,8,13,7,3,0,3,0,0,0,0,1,0,1,0,"13,39103386","52,51487803"
27911,216180,Berlin,2,2021,9,16,5,3,0,3,0,0,1,0,1,0,0,0,"13,46440138","52,50991088"
27912,216179,Berlin,1,2021,9,2,6,2,0,1,2,0,0,0,0,0,1,0,"13,39209248","52,5122509"
27913,216178,Berlin,11,2021,9,14,4,3,5,2,0,0,1,0,1,0,0,0,"13,52721831","52,55642803"
27914,216177,Berlin,9,2021,9,12,4,3,6,2,0,0,1,1,0,0,0,1,"13,56245014","52,45667508"
27915,216176,Berlin,3,2021,8,16,5,3,5,3,0,1,1,0,0,0,0,1,"13,43388545","52,61209951"
27916,216175,Berlin,8,2021,8,10,3,3,5,2,0,0,1,0,0,0,1,0,"13,43815023","52,48273225"
27917,216174,Berlin,1,2021,9,16,6,3,3,6,0,1,1,0,0,0,0,0,"13,32798729","52,53289094"
27918,216173,Berlin,2,2021,9,8,5,3,5,2,0,1,1,0,0,0,0,0,"13,38836492","52,50198352"
27919,216172,Berlin,3,2021,9,13,4,2,0,1,0,0,0,0,1,0,0,0,"13,44817086","52,5646972"
27920,216171,Berlin,1,2021,9,10,1,3,2,6,0,0,1,0,0,0,1,0,"13,38489915","52,55039381"
27921,216170,Berlin,4,2021,9,14,5,3,2,6,0,0,1,0,1,0,0,0,"13,32614956","52,50260947"
27922,216169,Berlin,6,2021,9,10,2,3,6,7,0,1,0,1,0,0,0,0,"13,26835665","52,44717044"
27923,216168,Berlin,4,2021,9,15,1,3,0,6,0,1,1,0,0,0,0,0,"13,25969859","52,51619169"
27924,216167,Berlin,7,2021,8,19,2,3,0,7,0,0,1,0,0,0,0,0,"13,33446214","52,47150104"
27925,216166,Berlin,5,2021,9,7,5,3,5,3,0,1,1,0,0,0,0,0,"13,14171765","52,54693211"
27926,216165,Berlin,6,2021,9,13,6,3,1,5,0,1,1,0,0,0,0,0,"13,27714495","52,43244635"
27927,216164,Berlin,8,2021,9,18,4,3,0,5,1,1,1,0,0,0,0,1,"13,42873874","52,49324927"
27928,216163,Berlin,6,2021,9,15,5,3,5,2,0,0,1,0,0,0,0,0,"13,26548172","52,44220311"
27929,216162,Berlin,12,2021,8,13,6,3,2,6,0,0,1,0,0,0,0,0,"13,32867221","52,56598564"
27930,216161,Berlin,6,2021,9,15,5,3,0,3,0,1,0,0,0,0,1,0,"13,28007774","52,45941357"
27931,216160,Berlin,9,2021,8,8,4,3,5,2,0,1,0,0,0,1,0,0,"13,55934701","52,42333599"
27932,216159,Berlin,1,2021,9,15,1,3,5,2,0,1,1,0,0,0,0,0,"13,34332475","52,52623249"
27933,216158,Berlin,5,2021,9,13,6,2,2,6,0,0,1,0,0,0,0,0,"13,19579145","52,53539"
27934,216157,Berlin,3,2021,9,9,6,3,2,6,0,0,1,0,0,1,0,0,"13,40843795","52,55422601"
27935,216156,Berlin,5,2021,9,7,4,3,5,2,0,1,1,0,0,0,0,0,"13,2673447","52,53115448"
27936,216155,Berlin,5,2021,9,22,2,2,0,7,2,0,1,0,0,0,0,0,"13,19605166","52,53027706"
27937,216154,Berlin,6,2021,9,16,3,3,2,6,0,0,1,0,0,0,0,0,"13,29903085","52,42223518"
27938,216153,Berlin,11,2021,9,14,2,3,0,6,0,1,1,0,0,0,0,0,"13,49221577","52,54395796"
27939,216152,Berlin,4,2021,8,14,3,2,3,6,0,1,1,0,0,0,0,0,"13,33057436","52,50357487"
27940,216151,Berlin,9,2021,9,15,6,3,6,4,0,1,0,1,0,0,0,1,"13,51898049","52,45413549"
27941,216150,Berlin,3,2021,9,16,4,3,6,3,0,1,0,1,0,0,0,0,"13,4411765","52,54346857"
27942,216149,Berlin,12,2021,8,21,1,3,1,1,2,0,1,0,0,0,0,1,"13,31228624","52,60455728"
27943,216148,Berlin,1,2021,8,16,6,3,0,1,0,0,1,0,1,0,0,0,"13,40335729","52,52740217"
27944,216147,Berlin,3,2021,9,7,2,3,6,4,0,1,0,1,0,0,0,0,"13,44164322","52,54327567"
27945,216146,Berlin,12,2021,9,8,7,3,0,1,0,0,0,0,1,0,0,1,"13,33093578","52,56274746"
27946,216145,Berlin,4,2021,8,9,3,3,5,2,0,1,1,0,0,0,0,0,"13,28061261","52,51684452"
27947,216144,Berlin,2,2021,9,13,7,3,2,6,0,0,1,0,0,0,0,0,"13,44389236","52,50004087"
27948,216143,Berlin,12,2021,10,12,6,3,5,3,0,0,1,0,0,0,0,0,"13,2943628","52,62950727"
27949,216142,Berlin,4,2021,9,17,3,3,5,2,0,1,0,0,1,0,0,0,"13,26456558","52,52077235"
27950,216141,Berlin,7,2021,9,15,4,3,5,2,0,1,1,0,0,0,0,0,"13,41615268","52,45957439"
27951,216140,Berlin,5,2021,9,11,3,3,0,2,0,0,1,0,0,0,1,1,"13,19633211","52,53040622"
27952,216139,Berlin,12,2021,8,15,5,2,8,1,0,1,0,0,0,0,0,1,"13,2254688","52,61351744"
27953,216138,Berlin,4,2021,8,19,3,3,5,2,1,1,1,0,0,0,0,0,"13,28170806","52,47647253"
27954,216137,Berlin,7,2021,9,10,6,3,2,6,0,0,0,0,0,0,1,0,"13,3625403","52,49759604"
27955,216136,Berlin,8,2021,9,21,5,3,5,3,2,0,1,0,0,0,1,1,"13,42456981","52,47583227"
27956,216135,Berlin,3,2021,9,15,3,3,2,3,0,0,1,0,1,0,0,0,"13,45258386","52,53916689"
27957,216134,Berlin,11,2021,9,2,1,2,0,1,2,0,0,0,0,0,1,0,"13,49355319","52,54465939"
27958,216133,Berlin,12,2021,9,16,4,2,5,2,0,0,1,0,1,0,0,0,"13,29339875","52,60863538"
27959,216132,Berlin,5,2021,9,12,1,3,2,6,0,0,1,0,0,0,0,0,"13,17705732","52,51706174"
27960,216131,Berlin,3,2021,8,19,7,3,2,2,0,0,1,0,0,0,0,0,"13,40216771","52,60286846"
27961,216130,Berlin,4,2021,9,12,5,3,5,3,0,0,1,0,0,0,0,0,"13,28301469","52,47516595"
27962,216129,Berlin,1,2021,9,18,5,3,2,6,0,1,0,0,0,0,0,0,"13,41587139","52,52155245"
27963,216128,Berlin,10,2021,9,7,4,3,5,3,0,0,1,0,0,0,0,0,"13,53966188","52,53980955"
27964,216127,Berlin,1,2021,9,19,4,3,1,5,1,1,1,0,0,0,0,1,"13,40078355","52,53028943"
27965,216126,Berlin,2,2021,8,6,6,3,5,2,0,1,1,0,0,0,0,1,"13,38805794","52,49296994"
27966,216125,Berlin,8,2021,8,21,4,2,6,4,2,0,1,1,0,0,0,1,"13,45580718","52,47398875"
27967,216124,Berlin,8,2021,9,15,7,3,6,4,0,0,1,1,0,0,0,0,"13,43368104","52,48495877"
27968,216123,Berlin,4,2021,9,16,5,3,5,3,0,0,1,0,0,0,0,0,"13,3376403","52,501554"
27969,216122,Berlin,6,2021,9,14,3,3,2,6,0,1,1,0,0,0,0,0,"13,262606","52,43927852"
27970,216121,Berlin,7,2021,9,14,2,3,3,5,0,1,1,0,0,0,0,0,"13,33393304","52,47150179"
27971,216120,Berlin,12,2021,9,8,4,2,6,4,0,0,1,1,0,0,0,0,"13,29015853","52,57554207"
27972,216119,Berlin,1,2021,9,18,2,2,5,3,0,1,0,0,0,0,1,0,"13,41712972","52,51610358"