,id,city,district,year,month,hour,weekday,injury_level,collision,movement,light_conditions,bicycle,car,pedestrian,motorbike,truck,other_vehicle,road_conditions,longitude,latitude
27973,216118,Berlin,3,2021,9,16,2,3,5,3,0,1,1,0,0,0,0,0,"13,44232016","52,54658939"
27974,216117,Berlin,9,2021,8,12,2,2,6,4,0,0,0,1,0,0,1,1,"13,58618551","52,42547788"
27975,216116,Berlin,10,2021,9,7,6,3,5,3,0,0,1,0,0,0,1,0,"13,62423572","52,5298147"
27976,216115,Berlin,4,2021,9,7,3,3,5,2,0,0,1,0,1,0,0,0,"13,32962445","52,50996618"
27977,216114,Berlin,3,2021,9,11,6,3,6,7,0,0,1,1,0,0,0,0,"13,42557659","52,60799596"
27978,216113,Berlin,1,2021,9,7,4,3,1,5,0,1,1,0,0,0,0,0,"13,39144575","52,52533976"
27979,216112,Berlin,1,2021,9,11,1,3,5,2,0,1,1,0,0,0,0,0,"13,4114556","52,52395585"
27980,216111,Berlin,3,2021,8,11,7,3,5,3,0,1,1,0,0,0,0,0,"13,44509383","52,58136901"
27981,216110,Berlin,2,2021,9,14,5,3,5,3,0,0,1,0,0,0,0,0,"13,40929366","52,50179845"
27982,216109,Berlin,10,2021,9,18,5,2,0,7,1,0,1,0,0,0,0,0,"13,56442126","52,51884748"
27983,216108,Berlin,1,2021,9,10,4,3,2,6,0,0,1,0,0,0,1,0,"13,40988895","52,51078587"
27984,216107,Berlin,7,2021,9,16,4,3,0,5,0,0,1,0,1,0,0,1,"13,346523","52,49724836"
27985,216106,Berlin,1,2021,8,6,6,2,0,1,0,0,1,0,1,0,0,1,"13,37469629","52,528089"
27986,216105,Berlin,11,2021,8,20,4,2,0,1,2,0,0,0,1,0,0,1,"13,50006729","52,53104848"
27987,216104,Berlin,8,2021,9,19,6,3,5,3,0,0,1,0,0,0,0,0,"13,44035801","52,46748473"
27988,216103,Berlin,6,2021,9,17,4,3,6,7,0,1,0,1,0,0,0,0,"13,25781178","52,43658795"
27989,216102,Berlin,1,2021,9,10,3,3,5,2,0,1,1,0,0,0,0,0,"13,34192413","52,53422712"
27990,216101,Berlin,4,2021,9,16,7,3,0,2,0,1,1,0,0,0,0,1,"13,3131523","52,49991813"
27991,216100,Berlin,2,2021,9,20,4,3,0,4,2,0,0,1,1,0,0,0,"13,40913927","52,50178298"
27992,216099,Berlin,11,2021,9,15,2,3,5,3,0,1,1,0,0,0,0,0,"13,48181985","52,52687663"
27993,216098,Berlin,6,2021,9,9,2,3,6,2,0,0,1,1,0,0,0,0,"13,32849267","52,46323124"
27994,216097,Berlin,3,2021,8,13,1,3,0,5,0,0,1,0,0,0,1,1,"13,48664964","52,55632919"
27995,216096,Berlin,1,2021,9,1,6,3,5,3,2,1,1,0,0,0,0,0,"13,39292362","52,52746306"
27996,216095,Berlin,11,2021,9,10,7,3,5,2,0,1,1,0,0,0,0,1,"13,5244972","52,47866138"
27997,216094,Berlin,9,2021,9,12,5,3,3,6,0,0,1,0,0,0,0,0,"13,5639591","52,44576242"
27998,216093,Berlin,6,2021,9,16,5,3,5,3,0,0,1,0,0,0,0,0,"13,31568335","52,4416611"
27999,216092,Berlin,11,2021,8,21,7,3,3,6,2,0,1,0,0,0,0,1,"13,52351807","52,47719245"
28000,216091,Berlin,1,2021,8,18,4,3,6,7,0,0,1,1,0,0,0,1,"13,33193665","52,52712793"
28001,216090,Berlin,4,2021,9,15,7,3,2,6,0,0,1,0,0,0,0,0,"13,29539094","52,51931281"
28002,216089,Berlin,10,2021,9,14,5,2,5,3,0,1,1,0,0,0,0,0,"13,52755094","52,53722791"
28003,216088,Berlin,2,2021,9,23,4,3,0,7,2,0,1,0,0,0,0,0,"13,40531391","52,49363699"
28004,216087,Berlin,2,2021,9,21,2,3,0,1,2,0,0,0,1,0,0,0,"13,44185519","52,50113275"
28005,216086,Berlin,5,2021,9,15,3,3,0,1,0,0,0,0,1,0,1,0,"13,19747531","52,53317888"
28006,216085,Berlin,11,2021,9,15,3,3,5,3,0,1,1,0,0,0,0,0,"13,5141606","52,5353581"
28007,216084,Berlin,7,2021,8,16,3,2,6,4,0,1,0,1,0,0,0,0,"13,36720057","52,49344213"
28008,216083,Berlin,2,2021,9,13,6,3,6,2,0,0,1,1,0,0,0,0,"13,43967823","52,52393359"
28009,216082,Berlin,9,2021,9,17,4,3,0,2,0,1,1,0,0,0,0,0,"13,51061844","52,44463503"
28010,216081,Berlin,1,2021,8,12,2,3,6,7,0,0,0,1,0,0,1,1,"13,38824978","52,52042096"
28011,216080,Berlin,10,2021,8,16,5,2,5,2,0,0,1,0,0,0,1,0,"13,6008965","52,47898666"
28012,216079,Berlin,5,2021,9,10,2,3,5,2,0,0,1,0,0,0,0,0,"13,22721011","52,54946172"
28013,216078,Berlin,7,2021,9,16,7,3,1,5,1,1,1,0,0,0,0,1,"13,36944526","52,48815722"
28014,216077,Berlin,9,2021,8,16,3,3,5,2,0,0,1,0,1,0,0,0,"13,52665801","52,42651568"
28015,216076,Berlin,8,2021,9,14,1,3,2,6,0,0,1,0,1,0,0,0,"13,43206868","52,48553692"
28016,216075,Berlin,7,2021,8,21,6,3,5,3,2,0,1,0,0,0,1,0,"13,34907646","52,47031836"
28017,216074,Berlin,2,2021,9,9,5,3,1,5,0,1,1,0,0,0,0,0,"13,39064133","52,50598564"
28018,216073,Berlin,4,2021,9,16,5,3,6,2,0,0,1,1,0,0,0,0,"13,3325213","52,50602716"
28019,216072,Berlin,3,2021,9,15,4,3,5,3,0,1,1,0,0,0,0,1,"13,42361052","52,55618163"
28020,216071,Berlin,1,2021,9,8,3,3,5,3,0,1,0,0,0,0,1,0,"13,33550727","52,53308969"
28021,216070,Berlin,9,2021,8,6,5,3,5,3,0,0,1,0,0,0,0,1,"13,53118753","52,41560628"
28022,216069,Berlin,9,2021,8,13,3,3,0,2,0,1,1,0,0,0,0,0,"13,51205052","52,47079927"
28023,216068,Berlin,4,2021,9,14,6,3,5,2,0,1,0,0,0,0,1,0,"13,28662581","52,51888103"
28024,216067,Berlin,6,2021,9,17,5,3,0,7,0,1,0,0,0,0,0,0,"13,34286986","52,4453811"
28025,216066,Berlin,3,2021,9,11,2,3,6,7,0,1,0,1,0,0,0,0,"13,42338726","52,53705367"
28026,216065,Berlin,1,2021,9,17,7,3,6,7,0,1,0,1,0,0,0,0,"13,34690033","52,5505392"
28027,216064,Berlin,8,2021,8,12,3,2,5,2,0,1,1,0,0,0,0,0,"13,43396607","52,48984627"
28028,216063,Berlin,10,2021,9,9,2,3,5,3,0,1,1,0,0,0,0,0,"13,61950597","52,53312524"
28029,216062,Berlin,8,2021,9,15,1,3,2,6,0,0,1,0,1,0,0,0,"13,43518216","52,44037825"
28030,216061,Berlin,9,2021,8,17,7,3,6,4,0,0,1,1,0,0,0,0,"13,5717053","52,45373363"
28031,216060,Berlin,5,2021,9,8,6,3,5,3,0,0,0,0,0,1,1,0,"13,20839861","52,56162779"
28032,216059,Berlin,8,2021,9,4,7,3,6,2,2,0,1,1,0,0,0,0,"13,4276462","52,48113005"
28033,216058,Berlin,5,2021,9,20,4,3,3,6,2,0,1,0,0,0,0,1,"13,20811286","52,54524015"
28034,216057,Berlin,5,2021,9,15,4,2,5,3,0,0,1,0,0,0,1,1,"13,18872015","52,54655543"
28035,216056,Berlin,3,2021,8,13,6,3,5,3,0,0,1,0,0,0,0,1,"13,4265308","52,55544427"
28036,216055,Berlin,1,2021,9,12,6,3,0,1,0,0,0,0,1,0,0,0,"13,34228857","52,5047794"
28037,216054,Berlin,1,2021,8,23,4,3,2,6,2,0,1,0,0,0,0,1,"13,34385076","52,54598281"
28038,216053,Berlin,1,2021,9,12,7,3,3,2,0,0,1,0,0,0,1,0,"13,35204316","52,5052474"
28039,216052,Berlin,12,2021,9,14,6,2,5,7,0,0,1,0,1,0,0,0,"13,29484377","52,5808348"
28040,216051,Berlin,6,2021,9,14,4,3,5,3,0,1,1,0,0,0,0,0,"13,36616408","52,43028573"
28041,216050,Berlin,4,2021,9,8,3,3,5,3,0,1,0,0,0,0,0,0,"13,33278185","52,47974237"
28042,216049,Berlin,7,2021,9,12,5,3,5,3,0,0,1,0,0,0,0,0,"13,37876951","52,43765123"
28043,216048,Berlin,4,2021,9,10,3,3,1,5,0,1,1,0,0,0,0,0,"13,3237807","52,49472324"
28044,216047,Berlin,2,2021,9,10,3,3,4,6,0,1,0,0,0,0,0,0,"13,43129909","52,50497957"
28045,216046,Berlin,5,2021,8,19,2,3,5,3,1,0,1,0,1,0,0,0,"13,1976591","52,52034865"
28046,216045,Berlin,5,2021,9,16,6,3,0,1,0,0,0,0,1,0,0,1,"13,23281516","52,55196598"
28047,216044,Berlin,9,2021,9,19,1,3,1,5,1,1,1,0,0,0,0,0,"13,51383083","52,46330606"
28048,216043,Berlin,7,2021,9,14,5,3,5,2,0,0,1,0,0,0,1,0,"13,39226688","52,41252529"
28049,216042,Berlin,9,2021,9,17,5,2,6,4,0,0,1,1,0,0,0,0,"13,58871168","52,45551391"
28050,216041,Berlin,12,2021,8,12,7,3,5,2,0,1,1,0,0,0,0,0,"13,36435733","52,562646"
28051,216040,Berlin,8,2021,9,5,1,3,1,5,1,0,1,0,0,0,0,0,"13,46780475","52,42759557"
28052,216039,Berlin,12,2021,9,15,1,3,5,3,0,1,1,0,0,0,0,0,"13,29095513","52,58100842"
28053,216038,Berlin,11,2021,8,6,3,3,6,7,0,0,1,1,0,0,0,1,"13,47375237","52,53617561"
28054,216037,Berlin,5,2021,9,9,7,2,0,1,0,0,0,0,1,0,0,1,"13,19701655","52,53146835"
28055,216036,Berlin,4,2021,9,15,3,3,0,1,0,0,1,0,1,0,0,0,"13,27701228","52,48450873"
28056,216035,Berlin,1,2021,9,7,4,3,6,2,1,0,1,1,0,0,0,1,"13,3801115","52,56030916"
28057,216034,Berlin,1,2021,9,8,4,3,3,6,0,0,1,0,1,0,0,0,"13,35127841","52,51027701"
28058,216033,Berlin,7,2021,8,15,2,3,5,2,0,0,1,0,1,0,0,0,"13,40400344","52,46346785"
28059,216032,Berlin,12,2021,9,18,6,3,5,3,0,0,1,0,0,0,0,0,"13,36779987","52,60273247"
28060,216031,Berlin,12,2021,8,14,2,3,2,6,0,0,1,0,0,0,0,1,"13,31926911","52,58762859"
28061,216030,Berlin,1,2021,8,3,6,2,0,1,2,1,0,0,0,0,0,1,"13,39668694","52,51114382"
28062,216029,Berlin,2,2021,9,19,2,3,0,1,0,1,0,0,0,0,0,0,"13,45667318","52,50979348"
28063,216028,Berlin,9,2021,9,8,7,2,5,3,0,1,1,0,0,0,0,1,"13,50191585","52,46079086"
28064,216027,Berlin,2,2021,9,16,6,3,5,3,0,1,0,0,1,0,0,0,"13,41769667","52,49926921"
28065,216026,Berlin,3,2021,9,21,4,3,2,6,2,0,1,0,0,0,0,1,"13,43143852","52,60211571"
28066,216025,Berlin,9,2021,9,11,5,3,4,7,0,0,0,0,0,1,1,0,"13,65683161","52,36947087"
28067,216024,Berlin,12,2021,8,11,7,3,5,3,0,0,1,0,0,0,0,0,"13,37902058","52,56838859"
28068,216023,Berlin,12,2021,8,10,4,3,0,3,0,0,1,0,1,0,0,0,"13,30815176","52,61225352"
28069,216022,Berlin,4,2021,9,8,2,3,5,2,0,0,1,0,0,0,0,0,"13,30228892","52,54789094"
28070,216021,Berlin,7,2021,9,15,7,3,0,1,0,0,0,0,1,0,0,0,"13,36082679","52,41257227"
28071,216020,Berlin,4,2021,9,16,3,2,6,7,0,0,1,1,0,0,0,0,"13,30805705","52,51703842"
28072,216019,Berlin,9,2021,9,6,3,3,5,3,1,0,1,0,0,0,0,0,"13,64354857","52,37816502"
28073,216018,Berlin,1,2021,9,10,3,3,1,5,1,0,1,0,1,0,0,1,"13,39114366","52,5554779"
28074,216017,Berlin,9,2021,8,6,2,3,2,6,1,1,1,0,0,0,0,1,"13,57249541","52,46123425"
28075,216016,Berlin,12,2021,9,9,6,3,6,4,0,0,1,1,0,0,0,0,"13,32673524","52,5632029"
28076,216015,Berlin,3,2021,9,9,4,3,1,7,0,0,1,0,0,0,0,0,"13,40960587","52,57487133"
28077,216014,Berlin,1,2021,8,8,2,3,0,6,0,0,1,0,1,0,0,1,"13,41708493","52,5219321"
28078,216013,Berlin,7,2021,8,16,6,3,5,3,0,0,1,0,0,0,0,0,"13,34114967","52,47619773"
28079,216012,Berlin,7,2021,9,18,2,3,2,6,0,1,1,0,0,0,0,0,"13,35952461","52,39905806"
28080,216011,Berlin,1,2021,9,16,7,3,2,6,0,0,1,0,0,0,0,1,"13,35081075","52,5094481"
28081,216010,Berlin,5,2021,9,12,4,3,3,6,0,0,1,0,0,0,0,0,"13,16221497","52,52249042"
28082,216009,Berlin,3,2021,9,21,7,3,0,4,1,0,0,1,0,0,1,0,"13,42532302","52,52818989"
28083,216008,Berlin,1,2021,8,8,6,3,0,1,0,0,0,0,1,0,0,1,"13,35141884","52,50453364"
28084,216007,Berlin,9,2021,9,17,5,3,2,6,0,0,1,0,0,0,0,0,"13,49780074","52,43342435"
28085,216006,Berlin,4,2021,9,11,6,3,1,5,0,1,1,0,0,0,1,0,"13,29713727","52,51226035"
28086,216005,Berlin,12,2021,9,15,4,3,2,1,0,0,1,0,1,0,0,1,"13,34313768","52,56334284"
28087,216004,Berlin,2,2021,9,21,3,3,0,1,2,0,0,0,1,0,0,0,"13,44902239","52,50417918"
28088,216003,Berlin,12,2021,8,13,5,3,2,6,0,0,0,0,0,0,1,1,"13,34156532","52,56366595"
28089,216002,Berlin,1,2021,8,9,3,3,2,6,0,1,1,0,0,0,0,0,"13,387547","52,52458342"
28090,216001,Berlin,5,2021,9,18,6,3,0,1,0,1,0,0,0,0,0,0,"13,25887139","52,54810598"
28091,216000,Berlin,10,2021,9,7,5,3,5,2,0,1,1,0,0,0,0,0,"13,56640471","52,53428807"
28092,215999,Berlin,3,2021,9,0,2,3,6,6,2,0,1,1,0,0,0,0,"13,42981578","52,613507"
28093,215998,Berlin,7,2021,9,17,2,2,5,3,0,1,1,0,0,0,0,0,"13,33264897","52,46911454"
28094,215997,Berlin,3,2021,9,15,5,3,5,7,0,0,1,0,1,0,0,0,"13,42885872","52,57205235"
28095,215996,Berlin,5,2021,9,20,2,3,6,2,2,0,1,1,0,0,0,0,"13,19706496","52,53834234"
28096,215995,Berlin,6,2021,9,14,1,3,3,6,0,1,1,0,0,0,0,0,"13,11041554","52,41889208"
28097,215994,Berlin,1,2021,8,15,7,3,2,6,0,0,1,0,1,0,0,0,"13,32921833","52,52389272"
28098,215993,Berlin,9,2021,9,7,6,3,5,3,0,1,0,0,0,0,0,0,"13,57679818","52,46401266"
28099,215992,Berlin,4,2021,9,12,7,3,5,3,0,0,1,0,0,0,0,0,"13,30376477","52,52558641"
28100,215991,Berlin,6,2021,9,21,4,3,0,1,2,0,1,0,0,0,0,1,"13,32479675","52,46134155"
28101,215990,Berlin,5,2021,9,14,6,2,5,3,0,1,1,0,0,0,0,0,"13,20277294","52,54087076"
28102,215989,Berlin,5,2021,9,15,5,3,5,2,0,1,1,0,0,0,0,0,"13,26504603","52,536658"
28103,215988,Berlin,6,2021,8,10,6,3,0,1,0,0,0,0,1,0,0,1,"13,2475794","52,46752265"
28104,215987,Berlin,10,2021,8,17,4,3,6,4,0,0,1,1,0,0,0,0,"13,56559785","52,50727322"
28105,215986,Berlin,1,2021,9,7,1,2,1,5,0,0,1,0,1,0,0,0,"13,40803593","52,5342006"
28106,215985,Berlin,5,2021,9,6,6,3,5,2,2,0,1,0,0,0,0,0,"13,20077136","52,53858498"
28107,215984,Berlin,11,2021,9,11,4,3,0,4,0,0,0,1,1,0,0,0,"13,49784129","52,54688623"
28108,215983,Berlin,1,2021,9,9,2,3,5,2,0,1,1,0,0,0,0,0,"13,37921118","52,50699452"
28109,215982,Berlin,11,2021,8,9,2,3,3,6,0,0,1,0,0,0,1,0,"13,51982635","52,50583871"
28110,215981,Berlin,12,2021,9,6,3,3,5,3,2,0,1,0,1,0,0,0,"13,2803155","52,63013606"
28111,215980,Berlin,1,2021,9,13,2,3,6,4,0,0,1,1,0,0,0,0,"13,38386746","52,51841273"
28112,215979,Berlin,7,2021,8,13,2,3,5,3,0,1,1,0,0,0,0,1,"13,37820812","52,46628256"
28113,215978,Berlin,3,2021,9,12,6,3,5,3,0,1,1,0,0,0,0,0,"13,43580274","52,55109566"
28114,215977,Berlin,4,2021,9,13,1,3,5,2,0,0,1,0,0,0,0,0,"13,32610463","52,53837732"
28115,215976,Berlin,1,2021,9,6,5,3,5,2,0,1,1,0,0,0,0,1,"13,38910896","52,53461128"
28116,215975,Berlin,9,2021,8,17,2,3,5,7,0,0,1,0,0,0,0,1,"13,60169609","52,43978311"
28117,215974,Berlin,1,2021,10,19,6,3,5,2,2,1,1,0,0,0,0,0,"13,37679083","52,50963555"
28118,215973,Berlin,4,2021,8,23,7,3,5,3,2,0,1,0,0,0,0,1,"13,32227031","52,52208595"
28119,215972,Berlin,4,2021,9,14,2,3,6,7,0,0,1,1,0,0,0,0,"13,29834268","52,51800182"
28120,215971,Berlin,11,2021,9,16,7,3,6,7,0,1,0,1,0,0,0,1,"13,47676097","52,500918"
28121,215970,Berlin,1,2021,9,17,5,3,0,1,0,1,0,0,0,0,0,0,"13,40614333","52,53509702"
28122,215969,Berlin,2,2021,9,16,6,3,5,3,0,1,0,0,0,0,1,0,"13,38516491","52,50219247"
28123,215968,Berlin,1,2021,10,11,6,3,0,2,0,0,1,0,1,0,0,0,"13,38061333","52,52841053"
28124,215967,Berlin,9,2021,9,15,3,3,5,3,0,0,1,0,0,0,0,0,"13,61871926","52,45548564"
28125,215966,Berlin,3,2021,9,12,3,2,6,4,0,0,1,1,0,0,0,0,"13,46565792","52,5521041"
28126,215965,Berlin,12,2021,9,10,4,2,5,3,0,1,1,0,0,0,0,1,"13,34764295","52,59483732"
28127,215964,Berlin,1,2021,8,7,3,3,0,5,0,1,0,0,0,0,0,0,"13,38418632","52,5100163"
28128,215963,Berlin,1,2021,9,14,6,3,0,1,0,1,0,0,0,0,0,0,"13,39290386","52,51918017"
28129,215962,Berlin,8,2021,9,18,3,3,5,3,0,1,1,0,0,0,0,0,"13,44009403","52,48957565"
28130,215961,Berlin,7,2021,9,20,6,3,2,6,2,0,1,0,1,0,0,1,"13,37228151","52,4531144"
28131,215960,Berlin,12,2021,9,14,4,3,6,4,0,0,1,1,0,0,0,0,"13,29684397","52,62157317"
28132,215959,Berlin,6,2021,9,21,7,3,5,3,2,1,1,0,0,0,0,0,"13,3354334","52,45151258"
28133,215958,Berlin,12,2021,8,13,1,3,1,5,0,0,1,0,0,0,0,0,"13,31026144","52,60379068"
28134,215957,Berlin,8,2021,9,15,5,3,5,3,0,0,1,0,0,0,0,0,"13,44983191","52,44555419"
28135,215956,Berlin,12,2021,9,14,6,3,2,3,0,0,1,0,0,0,0,0,"13,36048712","52,56190787"
28136,215955,Berlin,6,2021,9,15,4,3,5,3,0,1,1,0,0,0,0,1,"13,33872966","52,44439304"
28137,215954,Berlin,3,2021,9,7,4,3,5,3,0,1,1,0,0,0,0,1,"13,43393973","52,60849"
28138,215953,Berlin,1,2021,8,17,5,3,3,6,0,0,1,0,0,0,0,1,"13,38417269","52,51004034"
28139,215952,Berlin,1,2021,8,12,3,3,5,2,0,1,1,0,0,0,0,0,"13,35944965","52,52329469"
28140,215951,Berlin,4,2021,9,12,7,3,5,2,0,1,1,0,0,0,0,0,"13,30631479","52,51758748"
28141,215950,Berlin,11,2021,9,16,5,3,2,6,0,1,1,0,0,0,0,0,"13,49539643","52,54703556"
28142,215949,Berlin,10,2021,9,7,3,3,5,3,0,1,1,0,0,0,0,0,"13,5581152","52,52963589"
28143,215948,Berlin,1,2021,9,17,7,3,2,6,0,0,1,0,0,0,0,0,"13,3536745","52,50673097"
28144,215947,Berlin,5,2021,9,20,4,3,1,5,0,1,1,0,0,0,0,0,"13,21828964","52,55745686"
28145,215946,Berlin,2,2021,9,15,2,3,3,6,0,1,1,0,0,0,0,0,"13,39906486","52,50686936"
28146,215945,Berlin,1,2021,9,2,1,3,1,5,2,0,1,0,0,0,1,0,"13,38030964","52,52866704"
28147,215944,Berlin,5,2021,8,1,1,3,2,6,2,0,1,0,0,0,0,0,"13,19906895","52,53295253"
28148,215943,Berlin,1,2021,9,8,5,3,5,2,0,1,0,0,1,0,0,0,"13,34294142","52,52531604"
28149,215942,Berlin,8,2021,9,9,6,3,5,2,0,0,1,0,1,0,0,0,"13,44527408","52,41763189"
28150,215941,Berlin,7,2021,9,18,4,3,0,3,0,1,1,0,0,0,0,1,"13,38576518","52,46708637"
28151,215940,Berlin,5,2021,9,13,4,3,0,5,0,0,1,0,0,0,0,0,"13,19994462","52,54846485"
28152,215939,Berlin,1,2021,9,20,5,3,5,3,0,0,1,0,0,0,0,0,"13,39138954","52,55522394"
28153,215938,Berlin,3,2021,9,12,1,2,5,3,0,0,1,1,0,0,0,0,"13,48579202","52,61585559"
28154,215937,Berlin,3,2021,8,9,6,3,5,5,0,1,0,0,0,0,1,0,"13,40807343","52,54722273"
28155,215936,Berlin,3,2021,9,18,5,3,5,2,0,1,1,0,0,0,0,0,"13,45723475","52,56106718"
28156,215935,Berlin,12,2021,9,13,6,3,5,3,0,0,1,0,0,0,0,0,"13,29763579","52,58000393"
28157,215934,Berlin,1,2021,9,7,4,3,5,3,0,1,0,0,0,0,1,0,"13,37552111","52,54329931"
28158,215933,Berlin,1,2021,9,11,4,2,6,2,0,0,1,1,0,0,0,1,"13,37859524","52,55041809"
28159,215932,Berlin,7,2021,8,11,5,3,0,3,0,1,0,0,0,0,1,1,"13,37289381","52,43681343"
28160,215931,Berlin,6,2021,8,20,3,2,0,6,2,1,0,0,0,0,1,0,"13,25065735","52,43513265"
28161,215930,Berlin,10,2021,9,19,7,3,5,2,1,0,1,0,1,0,0,0,"13,56804329","52,57361401"
28162,215929,Berlin,12,2021,8,14,2,3,0,1,0,1,0,0,0,0,0,1,"13,30048053","52,57941944"
28163,215928,Berlin,1,2021,9,16,4,2,0,2,0,0,1,0,0,0,1,0,"13,38148316","52,55605575"
28164,215927,Berlin,6,2021,9,22,2,3,2,6,2,1,1,0,0,0,0,0,"13,34973093","52,45025014"
28165,215926,Berlin,1,2021,9,4,1,2,8,1,0,0,1,0,0,0,0,0,"13,36743135","52,52597143"
28166,215925,Berlin,8,2021,9,6,4,3,5,3,0,1,0,0,0,0,0,0,"13,4505741","52,48638491"
28167,215924,Berlin,5,2021,9,9,2,3,5,3,0,0,1,0,1,0,0,0,"13,19388958","52,54730639"
28168,215923,Berlin,1,2021,9,13,2,3,5,2,0,1,1,0,0,0,0,0,"13,37643168","52,54310099"
28169,215922,Berlin,2,2021,8,22,7,3,2,6,2,0,1,0,0,0,0,0,"13,41949383","52,49916142"
28170,215921,Berlin,5,2021,9,7,5,3,0,5,0,1,1,0,0,0,0,0,"13,23312243","52,52761887"
28171,215920,Berlin,2,2021,9,21,6,3,5,3,2,1,0,0,1,0,0,0,"13,43116763","52,49922531"
28172,215919,Berlin,12,2021,9,9,5,3,5,3,0,0,1,0,0,0,0,1,"13,29985743","52,59914015"
28173,215918,Berlin,1,2021,9,14,6,2,0,1,0,1,0,0,0,0,0,0,"13,34123075","52,50556204"
28174,215917,Berlin,8,2021,9,15,5,3,2,2,0,0,1,0,0,0,0,0,"13,50363009","52,41161417"
28175,215916,Berlin,1,2021,8,15,6,3,2,6,0,0,1,0,0,0,1,0,"13,37108721","52,51110906"
28176,215915,Berlin,4,2021,8,21,4,3,0,1,2,0,0,0,0,0,1,1,"13,30841436","52,49621231"
28177,215914,Berlin,3,2021,9,12,1,3,1,5,0,1,1,0,0,0,0,0,"13,43262618","52,60526102"
28178,215913,Berlin,4,2021,9,13,6,3,5,2,0,1,1,0,0,0,0,0,"13,30913761","52,50648547"
28179,215912,Berlin,3,2021,9,16,6,3,5,3,0,0,1,0,0,0,0,0,"13,39817548","52,5848927"
28180,215911,Berlin,7,2021,9,13,3,2,5,2,0,1,1,0,0,0,0,0,"13,35903066","52,49436577"
28181,215910,Berlin,6,2021,9,18,3,3,3,6,0,1,1,0,0,0,0,0,"13,32598949","52,45919166"
28182,215909,Berlin,12,2021,9,22,3,2,5,3,2,0,1,0,1,0,0,1,"13,30659843","52,57743808"
28183,215908,Berlin,2,2021,9,16,3,3,6,4,0,0,1,1,0,0,0,0,"13,46887821","52,50246017"
28184,215907,Berlin,10,2021,8,14,1,3,5,5,0,0,1,0,0,0,0,1,"13,5947984","52,51282113"
28185,215906,Berlin,6,2021,9,17,6,3,2,6,0,0,1,0,0,0,0,1,"13,34836773","52,42327291"
28186,215905,Berlin,1,2021,9,8,5,3,2,6,0,0,1,0,1,0,0,1,"13,34852759","52,51511264"
28187,215904,Berlin,3,2021,8,7,2,3,2,6,0,0,1,0,1,0,0,1,"13,41381244","52,56669519"
28188,215903,Berlin,6,2021,8,7,7,3,1,5,0,1,1,0,0,0,0,0,"13,2567178","52,42936486"
28189,215902,Berlin,5,2021,9,10,2,3,2,6,0,0,1,0,0,0,1,0,"13,20814308","52,56063074"
28190,215901,Berlin,2,2021,9,11,1,3,5,2,0,1,1,0,0,0,0,0,"13,39554999","52,49773659"
28191,215900,Berlin,7,2021,8,16,3,3,5,3,0,1,0,0,0,0,0,0,"13,34990143","52,50083891"
28192,215899,Berlin,12,2021,9,16,6,3,5,3,0,1,1,0,0,0,0,0,"13,28327425","52,58295157"
28193,215898,Berlin,4,2021,10,18,6,3,2,2,2,0,1,0,0,0,0,0,"13,28128053","52,51278502"
28194,215897,Berlin,3,2021,9,17,3,3,2,6,0,0,1,0,1,0,0,0,"13,45260668","52,53409371"
28195,215896,Berlin,2,2021,9,16,3,3,5,3,0,1,1,0,0,0,0,0,"13,44072113","52,52441433"
28196,215895,Berlin,4,2021,9,11,3,2,6,2,0,0,1,1,0,0,0,1,"13,32184967","52,50577673"
28197,215894,Berlin,4,2021,8,11,5,3,2,6,0,1,1,0,0,0,0,1,"13,32222467","52,506417"
28198,215893,Berlin,4,2021,8,11,3,3,5,3,0,1,0,0,0,0,0,0,"13,30309548","52,51353067"
28199,215892,Berlin,11,2021,9,7,6,3,6,4,0,0,0,1,1,0,0,0,"13,48971964","52,5205221"
28200,215891,Berlin,12,2021,9,13,4,3,2,2,0,0,1,0,0,0,1,0,"13,35106583","52,59641431"
28201,215890,Berlin,6,2021,9,16,2,3,1,5,0,1,1,0,0,0,0,0,"13,30457421","52,43696582"
28202,215889,Berlin,5,2021,9,16,6,3,2,6,0,0,1,0,1,0,0,1,"13,21555399","52,5268149"
28203,215888,Berlin,12,2021,8,17,3,2,2,6,1,0,1,0,0,0,0,0,"13,34108971","52,58832624"
28204,215887,Berlin,3,2021,9,10,1,3,2,6,0,0,1,0,0,0,0,0,"13,36983974","52,58933001"
28205,215886,Berlin,3,2021,8,22,7,3,5,2,2,1,1,0,0,0,0,0,"13,38379102","52,5727594"
28206,215885,Berlin,11,2021,9,16,5,3,2,6,0,1,1,0,0,0,0,0,"13,5009947","52,50915332"
28207,215884,Berlin,2,2021,9,13,6,3,5,2,0,1,1,0,0,0,0,0,"13,39276918","52,4920341"
28208,215883,Berlin,3,2021,9,12,4,2,0,1,0,0,0,0,1,0,0,0,"13,43112356","52,55569786"