,id,city,district,year,month,hour,weekday,injury_level,collision,movement,light_conditions,bicycle,car,pedestrian,motorbike,truck,other_vehicle,road_conditions,longitude,latitude
28445,215646,Berlin,7,2021,9,8,6,3,1,5,0,1,1,0,0,0,0,0,"13,34851902","52,49038439"
28446,215645,Berlin,3,2021,8,14,2,3,5,3,0,0,1,0,0,0,0,1,"13,49537236","52,63397895"
28447,215644,Berlin,10,2021,9,13,2,3,5,3,0,1,1,0,0,0,0,0,"13,61740103","52,48405837"
28448,215643,Berlin,1,2021,9,20,7,3,5,3,2,1,1,0,0,0,0,1,"13,33412504","52,52441884"
28449,215642,Berlin,8,2021,8,15,3,3,3,6,0,1,1,0,0,0,0,0,"13,42924969","52,49308369"
28450,215641,Berlin,2,2021,9,15,5,3,6,7,0,0,0,1,0,0,1,0,"13,4316608","52,49515206"
28451,215640,Berlin,4,2021,9,21,7,3,2,6,2,0,1,0,0,0,0,0,"13,28571595","52,49512754"
28452,215639,Berlin,8,2021,8,11,6,3,1,5,0,1,1,0,0,0,0,0,"13,44783091","52,48561819"
28453,215638,Berlin,1,2021,9,18,5,3,5,3,0,1,0,0,0,0,0,0,"13,36432302","52,54493977"
28454,215637,Berlin,9,2021,9,11,6,3,5,3,0,0,1,0,0,0,0,0,"13,54448962","52,41051724"
28455,215636,Berlin,7,2021,9,11,4,3,0,3,0,0,1,0,1,0,0,0,"13,35336428","52,50094149"
28456,215635,Berlin,5,2021,9,19,4,3,6,4,1,1,0,1,0,0,0,1,"13,1865599","52,55122332"
28457,215634,Berlin,4,2021,8,16,5,3,5,2,0,0,1,0,0,0,0,0,"13,32834343","52,47867252"
28458,215633,Berlin,1,2021,8,12,3,3,5,3,0,1,1,0,0,0,0,0,"13,34915977","52,52458911"
28459,215632,Berlin,5,2021,9,15,7,3,0,6,0,0,1,0,0,0,1,0,"13,24032258","52,54302933"
28460,215631,Berlin,1,2021,9,18,4,2,1,5,0,0,1,0,0,0,0,0,"13,34077699","52,548758"
28461,215630,Berlin,1,2021,9,11,3,3,0,1,0,0,0,0,0,0,1,0,"13,33045346","52,52681809"
28462,215629,Berlin,1,2021,9,9,7,3,1,5,0,1,1,0,0,0,0,1,"13,40746605","52,52388858"
28463,215628,Berlin,9,2021,9,20,4,2,4,6,2,0,1,0,0,0,0,0,"13,51469784","52,46876792"
28464,215627,Berlin,11,2021,9,13,2,3,2,2,0,1,1,0,0,0,0,0,"13,51968411","52,49394677"
28465,215626,Berlin,1,2021,9,9,5,3,5,2,0,1,1,0,0,0,0,0,"13,40711636","52,51310962"
28466,215625,Berlin,10,2021,9,10,2,3,9,1,0,0,1,0,0,0,0,0,"13,54675235","52,5340715"
28467,215624,Berlin,10,2021,8,19,2,2,5,2,0,0,1,0,0,0,0,0,"13,53854153","52,52461672"
28468,215623,Berlin,7,2021,9,7,5,3,1,5,0,1,1,0,0,0,0,0,"13,40001749","52,42336276"
28469,215622,Berlin,11,2021,9,18,6,3,1,5,1,0,1,0,0,0,1,0,"13,49432856","52,51315637"
28470,215621,Berlin,1,2021,9,13,5,2,1,5,0,1,1,0,0,0,0,0,"13,38288028","52,55158726"
28471,215620,Berlin,2,2021,9,18,5,2,5,3,0,0,0,0,1,0,0,0,"13,44330125","52,51198808"
28472,215619,Berlin,7,2021,8,18,6,3,2,6,1,0,1,0,0,0,0,1,"13,34209352","52,50221422"
28473,215618,Berlin,1,2021,8,13,4,3,5,3,0,0,0,0,0,0,1,0,"13,42121105","52,51869466"
28474,215617,Berlin,6,2021,9,4,1,3,0,7,2,0,1,0,0,0,0,0,"13,2764117","52,41271907"
28475,215616,Berlin,8,2021,9,16,5,3,5,2,0,0,1,0,1,0,0,0,"13,4427876","52,46508804"
28476,215615,Berlin,3,2021,9,9,4,3,0,7,0,1,0,0,0,0,0,0,"13,45906665","52,54895203"
28477,215614,Berlin,3,2021,9,18,2,2,5,3,0,0,1,0,0,0,0,0,"13,49590062","52,62603159"
28478,215613,Berlin,12,2021,8,7,1,3,5,3,0,0,1,0,0,0,1,1,"13,3259965","52,56461151"
28479,215612,Berlin,5,2021,9,13,3,3,2,6,0,0,1,0,0,0,0,0,"13,19968952","52,53520888"
28480,215611,Berlin,2,2021,9,18,3,3,0,1,0,0,0,0,1,0,0,0,"13,4482715","52,51128204"
28481,215610,Berlin,8,2021,8,16,3,3,2,3,0,1,1,0,0,0,0,0,"13,44035429","52,46748862"
28482,215609,Berlin,7,2021,9,14,6,2,0,1,0,0,1,0,0,0,0,0,"13,39181798","52,38425757"
28483,215608,Berlin,4,2021,9,8,5,3,5,2,0,1,1,0,0,0,0,0,"13,31862808","52,51384334"
28484,215607,Berlin,7,2021,8,7,2,3,5,3,0,0,1,0,0,0,0,1,"13,38060156","52,44282913"
28485,215606,Berlin,5,2021,8,16,1,3,6,4,0,0,0,1,0,0,1,1,"13,20382207","52,54127918"
28486,215605,Berlin,2,2021,9,14,2,2,1,5,0,1,0,0,0,0,1,0,"13,38835786","52,50658653"
28487,215604,Berlin,7,2021,9,12,1,3,1,5,0,1,1,0,0,0,0,0,"13,330171","52,4691696"
28488,215603,Berlin,3,2021,8,7,3,2,5,3,0,1,1,0,0,0,0,1,"13,49928577","52,63063692"
28489,215602,Berlin,4,2021,9,22,6,2,6,4,2,0,0,1,1,0,0,0,"13,32206042","52,52107243"
28490,215601,Berlin,11,2021,10,14,6,3,0,3,0,0,1,0,0,0,1,0,"13,49335336","52,51447305"
28491,215600,Berlin,1,2021,9,16,3,3,5,2,0,1,1,0,0,0,0,0,"13,38235968","52,53774433"
28492,215599,Berlin,1,2021,9,13,3,3,0,5,0,0,1,0,1,0,0,0,"13,40438621","52,53096955"
28493,215598,Berlin,4,2021,9,12,3,3,0,5,0,0,1,0,1,0,0,1,"13,34103987","52,504852"
28494,215597,Berlin,11,2021,8,16,5,3,5,3,0,1,1,0,0,0,0,0,"13,52117385","52,49986526"
28495,215596,Berlin,5,2021,8,17,3,3,1,5,0,1,1,0,0,0,0,0,"13,20860381","52,54749604"
28496,215595,Berlin,12,2021,9,17,6,3,2,6,0,0,1,0,1,0,0,0,"13,34418768","52,58907775"
28497,215594,Berlin,8,2021,9,15,4,3,2,6,0,0,1,0,0,0,0,0,"13,43527594","52,42585866"
28498,215593,Berlin,5,2021,9,5,3,3,5,3,1,1,1,0,0,0,0,0,"13,14941096","52,55424483"
28499,215592,Berlin,2,2021,9,21,6,3,2,6,2,0,1,0,0,0,0,0,"13,40927486","52,50406007"
28500,215591,Berlin,1,2021,9,14,4,3,5,2,0,0,1,0,1,0,0,0,"13,36162752","52,54790785"
28501,215590,Berlin,7,2021,9,16,5,2,2,6,0,0,1,0,1,0,0,0,"13,3706837","52,46880796"
28502,215589,Berlin,6,2021,9,11,7,3,5,7,0,0,1,0,1,0,0,0,"13,28906878","52,46902853"
28503,215588,Berlin,1,2021,8,21,7,3,5,2,2,1,1,0,0,0,0,0,"13,40447481","52,50786683"
28504,215587,Berlin,3,2021,9,15,5,3,2,6,0,0,1,0,0,0,0,0,"13,48132999","52,60942993"
28505,215586,Berlin,2,2021,9,17,5,3,4,6,0,1,0,0,0,0,0,0,"13,44435723","52,50055739"
28506,215585,Berlin,1,2021,9,8,4,3,3,2,0,1,1,0,0,0,0,1,"13,3785293","52,52915075"
28507,215584,Berlin,9,2021,9,12,4,3,5,3,0,1,1,0,0,0,0,1,"13,59272702","52,42889567"
28508,215583,Berlin,2,2021,8,6,6,2,0,1,0,1,0,0,0,0,0,1,"13,43380561","52,523318"
28509,215582,Berlin,2,2021,8,17,4,3,5,3,0,0,1,0,1,0,0,0,"13,41919083","52,50130544"
28510,215581,Berlin,1,2021,9,18,6,3,5,7,0,0,1,0,0,0,1,0,"13,4234562","52,52380741"
28511,215580,Berlin,3,2021,9,17,4,3,2,6,0,0,1,0,0,0,0,0,"13,46638399","52,55714102"
28512,215579,Berlin,7,2021,9,13,4,3,0,5,0,0,1,0,0,0,1,0,"13,37622565","52,45582105"
28513,215578,Berlin,3,2021,9,22,3,3,6,7,2,0,0,1,0,0,1,0,"13,43766227","52,55487852"
28514,215577,Berlin,1,2021,8,17,2,3,6,4,0,1,0,1,0,0,0,0,"13,39233519","52,52733878"
28515,215576,Berlin,11,2021,9,15,6,3,3,6,0,0,1,0,0,0,0,0,"13,47486733","52,53283303"
28516,215575,Berlin,1,2021,9,15,3,3,5,2,0,0,1,0,0,0,0,0,"13,33430463","52,55735641"
28517,215574,Berlin,10,2021,9,14,7,3,5,3,0,1,0,0,0,0,0,0,"13,55429308","52,53765597"
28518,215573,Berlin,9,2021,9,9,4,3,0,1,0,1,0,0,0,0,0,0,"13,45554943","52,48784757"
28519,215572,Berlin,2,2021,9,18,5,3,6,7,0,0,1,1,0,0,0,0,"13,41392991","52,50023166"
28520,215571,Berlin,9,2021,9,10,1,3,5,3,0,0,1,0,0,0,0,0,"13,51926099","52,46441128"
28521,215570,Berlin,6,2021,8,13,1,3,5,3,0,0,1,0,0,0,0,1,"13,3144758","52,41763987"
28522,215569,Berlin,4,2021,9,16,5,3,1,5,0,1,1,0,0,0,0,0,"13,30152016","52,5121146"
28523,215568,Berlin,1,2021,9,7,5,3,0,2,0,1,0,0,0,0,1,0,"13,39096588","52,56330085"
28524,215567,Berlin,6,2021,9,11,3,3,5,2,0,0,1,0,0,0,0,0,"13,28406282","52,4456699"
28525,215566,Berlin,5,2021,9,15,4,3,5,3,0,0,1,0,0,0,1,0,"13,19406184","52,52540467"
28526,215565,Berlin,12,2021,8,20,5,2,6,4,2,0,1,1,0,0,0,1,"13,33812251","52,61112441"
28527,215564,Berlin,4,2021,8,12,3,3,1,5,0,1,1,0,0,0,0,0,"13,26047195","52,4998569"
28528,215563,Berlin,1,2021,9,21,6,3,6,2,2,0,1,1,0,0,0,0,"13,37640017","52,52206172"
28529,215562,Berlin,2,2021,9,17,5,2,0,7,0,1,0,0,0,0,0,0,"13,44286379","52,50059291"
28530,215561,Berlin,3,2021,9,13,4,3,1,5,0,1,1,0,0,0,0,0,"13,46071324","52,545887"
28531,215560,Berlin,7,2021,9,12,1,3,2,2,0,0,1,0,0,0,0,0,"13,4064021","52,39376267"
28532,215559,Berlin,10,2021,9,17,4,3,5,3,0,1,1,0,0,0,0,0,"13,60842276","52,538973"
28533,215558,Berlin,6,2021,9,17,2,3,0,1,0,0,0,0,0,0,1,0,"13,32352198","52,4494112"
28534,215557,Berlin,2,2021,9,4,1,3,5,3,2,1,1,0,0,0,0,0,"13,39606925","52,49837954"
28535,215556,Berlin,10,2021,8,14,1,3,5,2,0,0,1,0,0,0,0,1,"13,59170942","52,54498317"
28536,215555,Berlin,8,2021,9,16,5,3,2,6,0,1,0,0,0,0,1,0,"13,42841742","52,4933534"
28537,215554,Berlin,3,2021,9,7,6,3,0,6,0,0,0,0,1,0,1,1,"13,44861362","52,56463001"
28538,215553,Berlin,9,2021,9,17,4,3,5,3,0,0,1,0,0,0,0,1,"13,53233084","52,46169783"
28539,215552,Berlin,9,2021,9,9,5,3,2,2,0,0,1,0,0,0,0,0,"13,48126938","52,46080681"
28540,215551,Berlin,3,2021,8,14,6,3,1,5,0,1,1,0,0,0,0,1,"13,45661575","52,5477002"
28541,215550,Berlin,3,2021,8,19,4,3,2,6,0,0,1,0,0,0,0,0,"13,41592992","52,59031066"
28542,215549,Berlin,1,2021,9,14,7,3,5,2,0,1,1,0,0,0,0,0,"13,39590535","52,53242141"
28543,215548,Berlin,4,2021,9,8,5,3,5,3,0,0,1,0,1,0,0,0,"13,30726132","52,46855072"
28544,215547,Berlin,8,2021,9,17,6,3,1,5,0,0,1,0,0,0,0,0,"13,44528279","52,47659861"
28545,215546,Berlin,2,2021,9,17,4,3,5,3,0,1,1,0,0,0,0,0,"13,42634795","52,49932326"
28546,215545,Berlin,1,2021,9,13,2,3,5,3,0,0,1,0,0,0,1,0,"13,35886492","52,54647872"
28547,215544,Berlin,11,2021,9,17,3,3,5,2,0,0,1,0,1,0,0,0,"13,51563751","52,55937279"
28548,215543,Berlin,1,2021,9,22,2,3,5,3,2,0,1,0,0,0,0,1,"13,35224065","52,50638001"
28549,215542,Berlin,1,2021,8,17,2,3,5,2,0,1,0,0,0,0,0,0,"13,40392366","52,51537291"
28550,215541,Berlin,7,2021,9,15,6,3,5,3,0,0,1,0,0,0,0,1,"13,39569747","52,45433482"
28551,215540,Berlin,1,2021,9,21,4,3,2,5,2,0,1,0,1,0,0,0,"13,40093513","52,53010649"
28552,215539,Berlin,2,2021,8,9,2,3,5,3,0,1,1,0,0,0,0,1,"13,46995871","52,51240868"
28553,215538,Berlin,8,2021,8,11,6,3,5,3,0,1,1,0,0,0,0,0,"13,42828464","52,49350553"
28554,215537,Berlin,4,2021,9,17,2,3,2,7,0,1,1,0,0,0,0,0,"13,30633268","52,51001309"
28555,215536,Berlin,4,2021,9,13,7,3,1,5,0,0,1,0,0,0,0,0,"13,28907513","52,49512458"
28556,215535,Berlin,12,2021,8,9,3,3,3,6,0,1,0,0,1,0,0,0,"13,28634046","52,59119807"
28557,215534,Berlin,8,2021,9,20,6,3,5,7,2,0,1,0,1,0,0,0,"13,41978237","52,48012694"
28558,215533,Berlin,9,2021,10,14,6,3,0,1,0,1,0,0,0,0,0,0,"13,57139456","52,432103"
28559,215532,Berlin,4,2021,9,18,3,3,5,2,0,1,1,0,0,0,0,0,"13,32236525","52,4865411"
28560,215531,Berlin,4,2021,9,22,4,3,5,3,2,0,1,0,1,0,0,0,"13,32026984","52,47682666"
28561,215530,Berlin,6,2021,9,15,3,3,6,4,0,0,1,1,0,0,0,0,"13,35466829","52,44862023"
28562,215529,Berlin,3,2021,8,7,5,3,6,4,0,0,1,1,0,0,0,0,"13,43754674","52,57279051"
28563,215528,Berlin,7,2021,8,15,3,3,2,6,0,0,0,0,1,0,1,0,"13,39145082","52,39874878"
28564,215527,Berlin,6,2021,9,19,6,3,1,1,1,1,1,0,0,0,0,0,"13,29520518","52,46560081"
28565,215526,Berlin,5,2021,9,15,4,3,6,4,0,0,1,1,0,0,0,0,"13,18277466","52,5417028"
28566,215525,Berlin,4,2021,9,16,3,3,0,1,0,1,0,0,0,0,0,0,"13,28169787","52,50942013"
28567,215524,Berlin,5,2021,9,17,2,3,5,7,0,0,1,0,0,0,1,0,"13,17054755","52,51917307"
28568,215523,Berlin,6,2021,9,11,4,3,5,3,0,0,1,0,0,0,0,0,"13,15641433","52,41930083"
28569,215522,Berlin,12,2021,9,12,7,3,2,2,0,0,1,0,0,0,0,1,"13,36450159","52,56268184"
28570,215521,Berlin,4,2021,8,20,7,2,6,7,0,0,0,1,0,0,1,0,"13,31362954","52,50637337"
28571,215520,Berlin,1,2021,9,12,5,2,5,7,0,0,1,0,1,0,0,0,"13,32868808","52,52754908"
28572,215519,Berlin,12,2021,9,13,6,3,6,4,0,0,1,1,0,0,0,0,"13,36594724","52,5725092"
28573,215518,Berlin,11,2021,9,16,4,2,2,6,0,0,1,0,0,0,0,1,"13,47661561","52,53705192"
28574,215517,Berlin,1,2021,9,15,4,3,2,6,0,0,1,0,0,0,1,1,"13,3362894","52,54200617"
28575,215516,Berlin,9,2021,8,5,6,3,2,6,2,0,1,0,0,0,0,1,"13,50089946","52,43541806"
28576,215515,Berlin,3,2021,8,14,4,3,5,3,0,1,0,0,1,0,0,0,"13,42817829","52,54001286"
28577,215514,Berlin,9,2021,9,7,6,3,5,2,0,1,1,0,0,0,0,0,"13,54656777","52,42637728"
28578,215513,Berlin,9,2021,9,8,5,3,2,6,0,0,1,0,0,0,0,0,"13,59609523","52,45307253"
28579,215512,Berlin,7,2021,9,21,3,2,3,6,2,0,1,0,1,0,0,0,"13,36879289","52,49310228"
28580,215511,Berlin,7,2021,9,12,2,3,6,7,0,0,0,1,0,0,1,0,"13,39547614","52,38649685"
28581,215510,Berlin,3,2021,9,18,5,2,6,4,0,0,1,1,0,0,0,0,"13,39834843","52,56186881"
28582,215509,Berlin,12,2021,9,15,2,3,0,4,0,0,0,1,1,0,0,0,"13,35248126","52,56436598"
28583,215508,Berlin,12,2021,9,15,1,3,3,2,0,0,1,0,1,0,0,0,"13,33222911","52,59934415"
28584,215507,Berlin,4,2021,8,10,2,3,3,6,0,0,1,0,0,0,0,1,"13,27487212","52,50093571"
28585,215506,Berlin,3,2021,9,7,5,3,6,2,0,0,0,1,0,0,1,0,"13,45804043","52,52884581"
28586,215505,Berlin,12,2021,9,18,6,3,5,2,0,0,1,0,1,0,0,0,"13,29792589","52,57817777"
28587,215504,Berlin,1,2021,9,19,4,3,0,1,2,0,0,0,1,0,0,1,"13,38042577","52,54338753"
28588,215503,Berlin,11,2021,9,10,5,3,0,5,0,0,0,0,0,0,1,0,"13,50182331","52,53956545"
28589,215502,Berlin,6,2021,8,13,7,2,2,7,0,1,1,0,0,0,0,0,"13,18920194","52,45568991"
28590,215501,Berlin,8,2021,8,16,4,3,5,2,0,1,1,0,0,0,0,0,"13,44279651","52,46507742"
28591,215500,Berlin,2,2021,9,1,7,2,5,2,2,1,1,0,0,0,0,0,"13,38582718","52,48503473"
28592,215499,Berlin,9,2021,9,11,7,3,5,2,0,0,1,0,1,0,0,1,"13,58032793","52,45551642"
28593,215498,Berlin,1,2021,9,13,3,3,5,3,0,0,1,0,0,0,0,0,"13,35225598","52,50638376"
28594,215497,Berlin,9,2021,9,19,2,3,6,7,1,0,1,1,0,0,0,0,"13,6249352","52,45506086"
28595,215496,Berlin,7,2021,9,9,3,3,1,5,0,1,1,0,0,0,0,0,"13,38247596","52,46710119"
28596,215495,Berlin,8,2021,8,13,2,3,1,5,0,1,1,0,0,0,0,1,"13,43979197","52,48705821"
28597,215494,Berlin,9,2021,9,18,6,3,2,6,0,0,1,0,0,0,0,1,"13,56010716","52,44217626"
28598,215493,Berlin,8,2021,9,8,4,3,2,6,0,0,1,0,0,0,0,0,"13,42704296","52,48731213"
28599,215492,Berlin,6,2021,9,7,3,3,1,5,0,1,1,0,0,0,0,0,"13,34861458","52,45380803"
28600,215491,Berlin,8,2021,9,2,2,3,0,7,2,0,1,0,0,0,0,0,"13,42954255","52,48833395"
28601,215490,Berlin,8,2021,9,20,4,3,5,3,2,0,1,0,1,0,0,0,"13,42521179","52,49436474"
28602,215489,Berlin,2,2021,9,23,2,3,1,1,2,0,1,0,0,0,0,0,"13,44936158","52,49695608"
28603,215488,Berlin,1,2021,9,13,2,3,5,2,0,1,1,0,0,0,0,0,"13,40114241","52,51132464"
28604,215487,Berlin,8,2021,8,19,1,3,5,3,0,0,1,0,1,0,0,1,"13,4431377","52,48237247"
28605,215486,Berlin,1,2021,9,15,5,3,6,7,0,1,0,1,0,0,0,0,"13,35863576","52,54006808"
28606,215485,Berlin,11,2021,9,0,7,2,8,1,2,0,0,0,1,0,0,0,"13,51435636","52,57534909"
28607,215484,Berlin,3,2021,9,12,5,3,5,3,0,1,1,0,0,0,0,0,"13,40742984","52,56319222"
28608,215483,Berlin,8,2021,9,21,5,3,5,2,2,0,1,0,0,0,0,0,"13,4469518","52,42694596"
28609,215482,Berlin,12,2021,8,16,7,3,5,2,0,0,1,0,0,0,0,0,"13,34024766","52,57234638"
28610,215481,Berlin,12,2021,8,16,4,3,1,5,0,1,1,0,0,0,0,0,"13,31669819","52,56541068"
28611,215480,Berlin,1,2021,9,14,7,3,5,3,0,1,1,0,0,0,0,0,"13,41743077","52,51075348"
28612,215479,Berlin,2,2021,9,18,6,3,0,6,1,1,1,0,0,0,0,0,"13,46222583","52,51182864"
28613,215478,Berlin,4,2021,9,7,4,3,5,3,0,0,1,0,1,0,0,0,"13,30367646","52,52560952"
28614,215477,Berlin,12,2021,9,16,2,3,5,2,0,0,1,0,0,0,1,0,"13,33979275","52,58801476"
28615,215476,Berlin,4,2021,9,9,3,3,5,2,0,0,1,0,0,0,1,0,"13,30654876","52,48839044"
28616,215475,Berlin,4,2021,9,9,2,3,5,2,0,1,1,0,0,0,0,0,"13,28851765","52,51307615"
28617,215474,Berlin,1,2021,8,14,2,3,5,3,0,1,1,0,0,0,0,0,"13,3927737","52,56410348"
28618,215473,Berlin,4,2021,9,19,6,3,2,6,1,0,1,0,0,0,1,1,"13,33179809","52,50636586"
28619,215472,Berlin,1,2021,9,20,4,3,1,5,2,0,1,0,1,0,0,0,"13,39759698","52,52932405"
28620,215471,Berlin,1,2021,8,12,2,3,5,2,0,1,0,0,0,1,0,1,"13,36020818","52,53726411"
28621,215470,Berlin,1,2021,8,15,5,2,5,3,0,1,1,0,0,0,0,0,"13,37350147","52,52066335"
28622,215469,Berlin,4,2021,9,16,2,3,6,4,0,1,0,1,0,0,0,0,"13,30690379","52,50664069"
28623,215468,Berlin,1,2021,9,19,6,3,5,3,0,0,1,0,0,0,0,0,"13,36076457","52,54211549"
28624,215467,Berlin,1,2021,8,19,3,3,1,5,1,1,1,0,0,0,0,0,"13,3865007","52,53299416"
28625,215466,Berlin,8,2021,9,14,7,2,1,5,0,1,1,0,0,0,0,0,"13,43646173","52,47283644"
28626,215465,Berlin,5,2021,9,6,5,2,1,5,0,0,1,0,1,0,0,0,"13,1952443","52,54499311"
28627,215464,Berlin,4,2021,8,12,5,3,1,5,0,1,1,0,0,0,0,0,"13,32726211","52,50168783"
28628,215463,Berlin,5,2021,9,20,3,2,3,6,2,0,1,0,1,0,0,0,"13,16536321","52,53345106"
28629,215462,Berlin,1,2021,9,12,3,3,2,6,0,0,1,0,1,0,0,1,"13,41533113","52,52073779"
28630,215461,Berlin,1,2021,8,5,5,3,2,2,1,1,1,0,0,0,0,1,"13,39587447","52,53822801"
28631,215460,Berlin,9,2021,8,17,3,3,5,3,0,1,1,0,0,0,0,0,"13,57359682","52,40797058"
28632,215459,Berlin,1,2021,9,15,6,3,6,4,0,1,0,1,0,0,0,0,"13,33009854","52,52566646"
28633,215458,Berlin,12,2021,9,9,5,2,5,2,0,0,0,0,0,0,1,0,"13,36106186","52,57699024"
28634,215457,Berlin,2,2021,9,16,3,3,5,2,0,0,1,0,1,0,0,0,"13,41895194","52,49891343"
28635,215456,Berlin,4,2021,9,19,1,3,0,6,2,0,1,0,0,0,1,0,"13,30998333","52,50022389"
28636,215455,Berlin,1,2021,9,18,4,3,2,2,0,1,1,0,0,0,0,0,"13,39872563","52,53257852"
28637,215454,Berlin,10,2021,9,16,2,3,5,3,0,0,1,0,0,0,0,0,"13,58715221","52,51230004"
28638,215453,Berlin,10,2021,9,17,1,3,5,5,0,1,1,0,0,0,0,0,"13,58928927","52,52938698"
28639,215452,Berlin,3,2021,8,18,7,3,9,1,0,0,1,0,0,0,0,0,"13,44189077","52,54634347"
28640,215451,Berlin,9,2021,9,6,6,3,3,2,1,0,1,0,1,0,0,0,"13,54710823","52,43754653"
28641,215450,Berlin,1,2021,9,6,6,3,0,1,1,0,0,0,1,0,0,1,"13,39781514","52,53250941"
28642,215449,Berlin,12,2021,9,18,4,3,5,3,0,0,1,0,0,0,0,1,"13,36780414","52,60273431"
28643,215448,Berlin,12,2021,9,21,4,3,0,7,2,0,0,0,1,0,0,0,"13,29296909","52,55410982"
28644,215447,Berlin,6,2021,8,7,6,3,2,6,0,0,1,0,0,0,0,1,"13,35500144","52,42847859"
28645,215446,Berlin,8,2021,8,14,4,3,5,3,0,1,1,0,0,0,0,0,"13,47814138","52,41776108"
28646,215445,Berlin,3,2021,9,16,6,3,2,1,0,0,1,0,0,0,0,0,"13,47959863","52,6437939"
28647,215444,Berlin,6,2021,9,12,6,3,6,4,0,1,0,1,0,0,0,0,"13,34938628","52,44760386"
28648,215443,Berlin,4,2021,9,12,3,3,5,3,0,1,1,0,0,0,0,0,"13,29205741","52,47912109"
28649,215442,Berlin,1,2021,9,14,2,3,0,7,0,0,0,0,1,0,0,0,"13,38659406","52,5494802"
28650,215441,Berlin,8,2021,9,11,5,3,5,7,0,0,1,0,1,0,0,0,"13,44019441","52,43836515"
28651,215440,Berlin,4,2021,9,15,3,3,5,3,0,0,1,0,0,0,0,0,"13,26091664","52,51632075"
28652,215439,Berlin,3,2021,9,10,3,3,1,5,0,1,1,0,0,0,0,1,"13,43222459","52,6045062"
28653,215438,Berlin,2,2021,8,12,1,3,3,6,0,1,0,0,0,0,0,0,"13,44546121","52,50160845"
28654,215437,Berlin,12,2021,9,17,6,3,2,6,0,0,1,0,0,0,0,1,"13,2853763","52,59511993"
28655,215436,Berlin,1,2021,9,5,1,2,5,3,2,0,1,0,0,0,0,0,"13,3452798","52,55439835"
28656,215435,Berlin,4,2021,9,13,5,3,5,2,0,0,0,0,0,0,1,0,"13,32269588","52,48847653"
28657,215434,Berlin,5,2021,9,15,5,2,5,5,0,0,1,0,1,0,0,0,"13,1793075","52,50157813"
28658,215433,Berlin,4,2021,9,14,6,2,5,2,0,1,0,0,0,0,1,0,"13,29624147","52,49789702"
28659,215432,Berlin,9,2021,8,15,7,3,1,5,0,1,1,0,0,0,0,0,"13,54668859","52,45727412"
28660,215431,Berlin,11,2021,8,7,4,2,0,1,0,1,0,0,0,0,0,0,"13,49995669","52,53275957"
28661,215430,Berlin,3,2021,9,15,1,3,2,6,0,0,1,0,1,0,0,0,"13,43128811","52,60248309"
28662,215429,Berlin,4,2021,9,21,7,3,0,6,2,0,1,0,0,0,1,0,"13,31974882","52,50156969"
28663,215428,Berlin,9,2021,8,5,3,3,5,2,1,1,0,0,0,0,1,1,"13,48838575","52,45135807"
28664,215427,Berlin,12,2021,9,23,6,3,5,3,2,0,1,0,0,0,1,0,"13,28585064","52,5949705"
28665,215426,Berlin,4,2021,10,8,6,3,2,6,0,0,1,0,1,0,0,0,"13,27567116","52,50750602"
28666,215425,Berlin,4,2021,9,14,3,3,5,2,0,1,1,0,0,0,0,0,"13,33109482","52,49316084"
28667,215424,Berlin,1,2021,9,8,4,3,5,3,0,1,1,0,0,0,0,0,"13,37863148","52,52755817"
28668,215423,Berlin,5,2021,9,20,3,3,6,2,2,0,1,1,0,0,0,0,"13,19814752","52,53279468"
28669,215422,Berlin,1,2021,8,14,2,3,0,1,0,0,0,0,1,0,0,0,"13,37117024","52,51112167"
28670,215421,Berlin,5,2021,9,7,6,3,5,2,0,1,1,0,0,0,0,0,"13,18873272","52,54661218"
28671,215420,Berlin,11,2021,8,13,2,3,5,3,0,0,1,0,0,0,0,1,"13,52072617","52,56875755"
28672,215419,Berlin,12,2021,8,7,6,3,5,3,0,1,1,0,0,0,0,1,"13,35423472","52,56506512"
28673,215418,Berlin,8,2021,9,19,2,3,2,6,0,0,1,0,0,0,1,0,"13,42806602","52,4929937"
28674,215417,Berlin,1,2021,9,3,7,3,5,3,2,0,1,0,0,0,1,0,"13,34534697","52,52999932"
28675,215416,Berlin,11,2021,9,10,4,3,1,5,0,1,1,0,0,0,0,0,"13,47700586","52,52027214"
28676,215415,Berlin,3,2021,9,13,1,3,0,7,0,0,0,0,1,0,0,1,"13,41905403","52,55507651"
28677,215414,Berlin,9,2021,8,11,6,3,2,6,0,0,1,0,0,0,1,0,"13,53757158","52,41869695"
28678,215413,Berlin,2,2021,9,15,4,3,5,3,0,1,1,0,0,0,0,0,"13,39720479","52,50023241"
28679,215412,Berlin,5,2021,9,12,6,3,8,1,0,0,0,0,0,0,1,0,"13,24882489","52,55123346"
28680,215411,Berlin,8,2021,9,15,4,3,5,3,0,1,1,0,0,0,0,1,"13,48229043","52,42484176"