,id,city,district,year,month,hour,weekday,injury_level,collision,movement,light_conditions,bicycle,car,pedestrian,motorbike,truck,other_vehicle,road_conditions,longitude,latitude
28681,215410,Berlin,3,2021,9,15,4,3,5,3,0,1,1,0,0,0,0,1,"13,44291606","52,57047005"
28682,215409,Berlin,10,2021,8,17,5,3,2,6,0,0,1,0,0,0,0,1,"13,6059846","52,5354009"
28683,215408,Berlin,4,2021,8,16,3,3,2,6,0,0,1,0,0,0,0,0,"13,32358881","52,52134677"
28684,215407,Berlin,1,2021,9,19,7,2,0,1,1,0,0,0,0,0,1,0,"13,33575943","52,54192392"
28685,215406,Berlin,12,2021,9,15,4,3,2,2,0,1,0,0,0,0,1,0,"13,30010109","52,58639318"
28686,215405,Berlin,6,2021,9,15,3,3,1,5,0,1,1,0,0,0,0,0,"13,34707658","52,43702357"
28687,215404,Berlin,7,2021,9,3,1,3,1,5,2,0,1,0,0,0,1,0,"13,34699421","52,4974021"
28688,215403,Berlin,8,2021,8,10,2,3,2,6,0,0,1,0,0,0,0,1,"13,43138258","52,46739282"
28689,215402,Berlin,9,2021,8,15,6,3,5,3,0,1,1,0,0,0,0,0,"13,57094157","52,38964869"
28690,215401,Berlin,12,2021,9,14,2,2,6,4,0,0,1,1,0,0,0,0,"13,31579726","52,57448769"
28691,215400,Berlin,1,2021,9,10,7,3,5,2,0,1,1,0,0,0,0,1,"13,34647932","52,53042807"
28692,215399,Berlin,1,2021,8,16,3,3,2,7,0,0,1,0,0,0,0,0,"13,35834648","52,54582129"
28693,215398,Berlin,12,2021,9,19,1,3,5,3,2,0,1,0,0,0,0,0,"13,28033163","52,63013657"
28694,215397,Berlin,12,2021,8,20,6,3,1,1,2,0,1,0,1,0,0,0,"13,37749566","52,57106694"
28695,215396,Berlin,1,2021,9,17,5,3,1,5,0,1,1,0,0,0,0,0,"13,3475077","52,55308501"
28696,215395,Berlin,2,2021,9,16,5,3,5,2,0,1,1,0,0,0,0,0,"13,44657492","52,50272511"
28697,215394,Berlin,4,2021,9,14,4,3,5,2,0,0,1,0,1,0,0,0,"13,31942963","52,50157071"
28698,215393,Berlin,8,2021,9,8,4,2,6,2,0,0,0,1,0,0,1,0,"13,43895061","52,48040291"
28699,215392,Berlin,7,2021,8,22,4,3,5,2,2,0,1,0,0,0,0,1,"13,38563342","52,46573207"
28700,215391,Berlin,3,2021,8,13,3,3,5,2,0,1,1,0,0,0,0,0,"13,41144072","52,58222236"
28701,215390,Berlin,1,2021,9,11,6,3,5,3,0,0,1,0,0,0,0,0,"13,39164762","52,52217558"
28702,215389,Berlin,8,2021,9,22,5,3,6,4,2,0,1,1,0,0,0,1,"13,45849573","52,47365066"
28703,215388,Berlin,11,2021,9,16,3,3,5,5,0,0,1,0,1,0,0,0,"13,49780202","52,50925243"
28704,215387,Berlin,3,2021,9,6,2,3,5,3,0,1,1,0,0,0,0,0,"13,42306486","52,55116982"
28705,215386,Berlin,9,2021,9,15,5,3,5,2,0,1,1,0,0,0,0,0,"13,50631064","52,43748328"
28706,215385,Berlin,2,2021,9,10,2,3,0,6,0,0,1,0,1,0,0,0,"13,3949388","52,50344884"
28707,215384,Berlin,4,2021,9,15,5,3,2,6,0,0,1,0,1,0,0,0,"13,28022834","52,51832366"
28708,215383,Berlin,8,2021,9,11,1,3,1,5,0,1,1,0,0,0,0,0,"13,43513356","52,4708303"
28709,215382,Berlin,2,2021,8,12,7,3,2,2,0,0,1,0,1,0,0,0,"13,37660622","52,48503447"
28710,215381,Berlin,2,2021,9,23,5,3,4,6,2,1,0,0,0,0,1,0,"13,37934287","52,49047739"
28711,215380,Berlin,5,2021,9,14,7,3,2,6,0,0,1,0,1,0,0,1,"13,20314919","52,52374205"
28712,215379,Berlin,1,2021,9,20,4,3,0,6,2,0,1,0,1,0,0,1,"13,34725266","52,55322801"
28713,215378,Berlin,5,2021,9,19,4,3,2,6,2,0,1,0,0,0,0,1,"13,15419043","52,52187116"
28714,215377,Berlin,1,2021,8,17,6,3,5,2,0,1,1,0,0,0,0,0,"13,38262574","52,5518769"
28715,215376,Berlin,10,2021,9,12,6,3,2,6,0,0,1,0,1,0,0,0,"13,57782421","52,54787248"
28716,215375,Berlin,3,2021,8,18,4,2,0,7,0,0,0,0,0,0,1,0,"13,40705002","52,54713042"
28717,215374,Berlin,5,2021,9,9,7,3,4,6,0,0,0,0,0,0,1,0,"13,20436871","52,54016712"
28718,215373,Berlin,3,2021,9,11,6,2,0,1,0,0,1,0,0,0,0,0,"13,44434085","52,55784122"
28719,215372,Berlin,3,2021,9,12,3,3,2,4,0,0,1,1,0,0,0,0,"13,40608869","52,55409562"
28720,215371,Berlin,2,2021,9,14,2,3,5,2,0,1,0,0,0,0,1,0,"13,43288609","52,51783677"
28721,215370,Berlin,3,2021,8,9,2,3,0,2,0,1,0,0,1,0,0,1,"13,39071347","52,58428849"
28722,215369,Berlin,10,2021,9,19,2,3,2,6,2,0,1,0,0,0,0,0,"13,55365858","52,54402666"
28723,215368,Berlin,7,2021,9,10,3,3,5,3,0,0,1,0,0,0,0,1,"13,39582767","52,45430844"
28724,215367,Berlin,2,2021,8,12,2,3,1,1,0,0,0,0,0,0,1,1,"13,45713406","52,51299573"
28725,215366,Berlin,8,2021,9,16,6,3,1,5,1,0,1,0,0,0,0,1,"13,47601176","52,42566052"
28726,215365,Berlin,10,2021,9,14,1,3,0,3,0,0,1,0,0,0,1,0,"13,53829843","52,55423176"
28727,215364,Berlin,4,2021,9,15,5,3,5,2,0,0,1,0,1,0,0,0,"13,33101032","52,49313699"
28728,215363,Berlin,11,2021,8,16,2,3,2,7,0,0,1,0,0,0,0,1,"13,51906518","52,5083538"
28729,215362,Berlin,1,2021,8,18,7,2,6,2,0,1,0,1,0,0,0,1,"13,40248388","52,52375068"
28730,215361,Berlin,3,2021,9,7,2,3,2,3,0,1,1,0,0,0,0,0,"13,41150058","52,58213996"
28731,215360,Berlin,9,2021,9,10,1,3,5,3,0,1,1,0,0,0,0,0,"13,65355155","52,41678492"
28732,215359,Berlin,8,2021,8,9,3,3,0,2,0,1,1,0,0,0,0,1,"13,40632409","52,4158214"
28733,215358,Berlin,7,2021,9,15,6,3,3,6,0,1,1,0,0,0,0,0,"13,35592602","52,45736953"
28734,215357,Berlin,11,2021,10,19,6,3,5,3,2,0,1,0,0,0,0,0,"13,4828423","52,52665003"
28735,215356,Berlin,6,2021,9,15,3,3,5,2,0,1,1,0,0,0,0,0,"13,2983725","52,42200711"
28736,215355,Berlin,11,2021,9,10,3,3,2,6,0,0,1,0,0,0,0,0,"13,53561726","52,57052708"
28737,215354,Berlin,1,2021,9,12,3,2,0,1,0,1,0,0,0,0,0,1,"13,40593384","52,53487344"
28738,215353,Berlin,6,2021,8,17,3,3,5,3,2,0,1,0,1,0,0,0,"13,26764951","52,40700853"
28739,215352,Berlin,8,2021,9,18,6,3,3,6,0,1,1,0,0,0,0,0,"13,46484097","52,43331181"
28740,215351,Berlin,6,2021,9,8,3,3,5,2,0,1,1,0,0,0,0,0,"13,31560634","52,443093"
28741,215350,Berlin,1,2021,9,22,6,3,5,3,2,0,1,0,0,0,0,1,"13,39034838","52,50775008"
28742,215349,Berlin,1,2021,9,9,4,3,5,2,0,1,1,0,0,0,0,0,"13,40431076","52,5331369"
28743,215348,Berlin,12,2021,9,15,5,3,6,7,0,0,0,1,0,0,1,0,"13,29693747","52,59016541"
28744,215347,Berlin,11,2021,9,12,7,3,1,5,0,1,1,0,0,0,0,0,"13,50956223","52,57334332"
28745,215346,Berlin,11,2021,8,17,7,3,5,2,0,0,1,0,1,0,0,0,"13,48548729","52,52324874"
28746,215345,Berlin,2,2021,9,17,5,3,5,2,0,0,1,0,1,0,0,0,"13,40927441","52,50177399"
28747,215344,Berlin,1,2021,9,7,5,3,5,3,0,1,1,0,0,0,0,0,"13,35848914","52,50165381"
28748,215343,Berlin,12,2021,9,14,3,3,5,3,0,1,1,0,0,0,0,0,"13,34660939","52,56858154"
28749,215342,Berlin,2,2021,9,12,4,2,5,3,0,0,1,0,1,0,0,1,"13,43213583","52,49931723"
28750,215341,Berlin,12,2021,8,14,5,3,6,4,0,0,1,1,0,0,0,1,"13,32520721","52,57378107"
28751,215340,Berlin,4,2021,8,12,3,3,5,3,0,0,1,0,1,0,0,0,"13,25439071","52,50679227"
28752,215339,Berlin,12,2021,9,20,7,3,2,6,2,1,1,0,0,0,0,0,"13,35141838","52,57168553"
28753,215338,Berlin,2,2021,9,16,5,3,6,7,0,0,0,1,0,0,1,0,"13,4683078","52,49947874"
28754,215337,Berlin,4,2021,9,11,3,3,0,4,0,0,0,1,0,0,1,0,"13,30941448","52,50016579"
28755,215336,Berlin,9,2021,9,18,7,3,5,2,0,1,1,0,0,0,0,1,"13,51403473","52,46231914"
28756,215335,Berlin,8,2021,9,23,4,3,1,5,2,1,1,0,0,0,0,0,"13,42669268","52,48102865"
28757,215334,Berlin,5,2021,9,19,2,3,5,2,1,0,1,0,0,0,0,0,"13,1996259","52,53462731"
28758,215333,Berlin,4,2021,9,8,1,2,5,3,0,1,1,0,0,0,0,0,"13,31502943","52,52456027"
28759,215332,Berlin,2,2021,8,10,1,3,5,3,0,0,1,0,0,0,1,0,"13,45786823","52,51285863"
28760,215331,Berlin,8,2021,9,16,5,3,0,7,0,0,1,0,1,0,0,1,"13,44162321","52,48103941"
28761,215330,Berlin,1,2021,9,19,6,3,3,6,2,0,1,0,1,0,0,0,"13,34245397","52,51784276"
28762,215329,Berlin,11,2021,9,18,4,2,0,1,0,0,0,0,1,0,0,1,"13,49945292","52,54773403"
28763,215328,Berlin,12,2021,9,10,5,3,2,6,0,0,1,0,0,1,0,1,"13,28704277","52,5755934"
28764,215327,Berlin,8,2021,8,8,6,3,3,6,0,0,1,0,0,1,0,1,"13,42831602","52,47309166"
28765,215326,Berlin,5,2021,8,14,4,2,5,3,0,0,0,0,0,1,1,0,"13,20990581","52,55072564"
28766,215325,Berlin,5,2021,9,7,2,3,5,2,0,1,1,0,0,0,0,0,"13,18027282","52,50918382"
28767,215324,Berlin,8,2021,8,18,2,3,6,4,1,0,1,1,0,0,0,0,"13,44297218","52,47128139"
28768,215323,Berlin,4,2021,9,2,5,2,0,1,2,0,0,0,0,0,1,0,"13,31246296","52,50332926"
28769,215322,Berlin,5,2021,9,15,5,3,2,6,0,0,0,0,1,1,0,0,"13,19964291","52,53511142"
28770,215321,Berlin,6,2021,9,9,4,3,0,1,0,0,0,0,1,0,0,0,"13,32067992","52,45676134"
28771,215320,Berlin,2,2021,9,16,2,3,0,2,0,1,1,0,0,0,0,0,"13,38582718","52,48503473"
28772,215319,Berlin,1,2021,8,16,1,3,3,6,0,0,1,0,0,0,0,1,"13,35105691","52,50411973"
28773,215318,Berlin,11,2021,9,22,3,2,8,1,2,0,1,0,0,0,0,1,"13,48264881","52,53919699"
28774,215317,Berlin,2,2021,9,9,2,3,5,3,0,1,0,0,0,0,1,0,"13,40526428","52,49052142"
28775,215316,Berlin,1,2021,8,8,3,3,5,2,0,1,1,0,0,0,0,0,"13,38904542","52,51567389"
28776,215315,Berlin,7,2021,9,17,6,3,5,3,1,0,1,0,0,0,0,1,"13,37220055","52,45549387"
28777,215314,Berlin,6,2021,9,20,4,2,5,2,1,1,0,0,1,0,0,0,"13,32385312","52,45609006"
28778,215313,Berlin,2,2021,8,13,1,2,3,6,0,0,1,0,0,0,0,1,"13,39358492","52,49811321"
28779,215312,Berlin,3,2021,9,9,4,3,0,2,0,1,1,0,0,0,0,0,"13,41209503","52,5431422"
28780,215311,Berlin,4,2021,9,12,2,3,5,7,0,0,1,0,0,0,0,0,"13,31076826","52,48915039"
28781,215310,Berlin,10,2021,9,15,1,3,2,6,0,0,1,0,0,0,0,0,"13,57925124","52,56355994"
28782,215309,Berlin,11,2021,8,10,7,2,5,3,0,0,1,0,0,0,0,0,"13,5197046","52,57860227"
28783,215308,Berlin,4,2021,9,9,6,3,5,3,0,1,1,0,0,0,0,0,"13,31162276","52,52331999"
28784,215307,Berlin,10,2021,9,17,6,3,2,6,0,0,1,0,0,0,0,0,"13,59635276","52,54783838"
28785,215306,Berlin,8,2021,9,20,4,3,1,5,2,1,1,0,0,0,0,1,"13,43931144","52,48218523"
28786,215305,Berlin,1,2021,9,14,5,3,5,2,0,1,1,0,0,0,0,0,"13,37042758","52,53425731"
28787,215304,Berlin,11,2021,8,17,5,3,0,1,0,1,0,0,0,0,0,1,"13,47936984","52,52040768"
28788,215303,Berlin,7,2021,8,11,3,2,0,1,0,0,0,0,0,0,1,1,"13,38177695","52,39694539"
28789,215302,Berlin,3,2021,9,3,1,3,0,1,2,0,0,0,0,0,1,0,"13,42021803","52,54207081"
28790,215301,Berlin,4,2021,9,15,5,3,1,5,0,0,1,0,0,0,1,0,"13,28824725","52,49574835"
28791,215300,Berlin,5,2021,9,16,3,3,2,6,0,0,1,0,1,0,0,0,"13,2470158","52,5438962"
28792,215299,Berlin,1,2021,9,11,2,3,0,7,0,0,1,0,1,0,0,0,"13,342421","52,50474767"
28793,215298,Berlin,10,2021,8,19,1,3,5,3,2,0,1,0,0,0,0,1,"13,59668647","52,52459333"
28794,215297,Berlin,8,2021,9,8,3,3,5,2,0,1,1,0,0,0,0,0,"13,45463718","52,47464192"
28795,215296,Berlin,3,2021,9,18,2,3,1,5,1,1,1,0,0,0,0,0,"13,39828275","52,56881866"
28796,215295,Berlin,11,2021,8,5,2,3,2,6,1,0,1,0,0,0,0,1,"13,48043609","52,49909733"
28797,215294,Berlin,1,2021,9,12,6,2,5,2,0,1,1,0,0,0,0,0,"13,35947746","52,5232911"
28798,215293,Berlin,5,2021,9,15,7,3,5,3,0,0,1,0,1,0,0,1,"13,20260442","52,52376352"
28799,215292,Berlin,2,2021,9,2,5,2,0,7,2,1,0,0,0,0,0,1,"13,39907638","52,49455826"
28800,215291,Berlin,4,2021,8,20,1,3,6,2,2,0,1,1,0,0,0,1,"13,33954912","52,50324634"
28801,215290,Berlin,9,2021,10,12,6,2,6,4,0,0,1,1,0,0,0,0,"13,49987743","52,44026528"
28802,215289,Berlin,1,2021,8,3,1,3,9,1,2,0,1,0,0,0,0,1,"13,37900911","52,55291936"
28803,215288,Berlin,9,2021,9,16,2,3,5,2,0,1,1,0,0,0,0,0,"13,52614594","52,42378425"
28804,215287,Berlin,7,2021,9,21,1,2,1,5,2,0,1,0,0,0,1,0,"13,3463179","52,40591057"
28805,215286,Berlin,5,2021,8,17,3,2,6,4,0,0,0,1,0,0,1,0,"13,19770746","52,53228023"
28806,215285,Berlin,4,2021,9,10,6,3,5,2,0,1,1,0,0,0,0,0,"13,32318568","52,48739394"
28807,215284,Berlin,3,2021,9,6,5,3,6,4,1,0,1,1,0,0,0,0,"13,43013981","52,60964338"
28808,215283,Berlin,5,2021,9,17,3,3,5,2,0,1,1,0,0,0,0,0,"13,15780108","52,5430001"
28809,215282,Berlin,8,2021,9,16,3,3,6,4,0,0,0,1,0,0,1,0,"13,43380891","52,48976879"
28810,215281,Berlin,9,2021,9,10,4,3,6,4,0,0,1,1,0,0,0,1,"13,45280329","52,48976783"
28811,215280,Berlin,8,2021,8,17,2,3,5,3,0,1,1,0,0,0,0,0,"13,46416645","52,47247479"
28812,215279,Berlin,7,2021,9,10,6,2,1,5,0,0,1,0,0,0,0,0,"13,37974882","52,44163853"
28813,215278,Berlin,2,2021,9,16,3,3,5,2,0,0,1,0,0,0,1,0,"13,41606073","52,49097185"
28814,215277,Berlin,1,2021,9,6,3,3,0,2,0,1,1,0,0,0,0,0,"13,3911517","52,53620723"
28815,215276,Berlin,6,2021,9,14,6,2,5,3,0,1,1,0,0,0,0,1,"13,34026451","52,43615629"
28816,215275,Berlin,3,2021,9,13,4,2,3,6,0,0,1,0,1,0,0,0,"13,42828173","52,54553956"
28817,215274,Berlin,4,2021,9,11,5,3,6,7,0,0,1,1,0,0,0,0,"13,33533009","52,50402833"
28818,215273,Berlin,8,2021,9,20,7,3,6,2,2,0,1,1,0,0,0,0,"13,46731262","52,46858704"
28819,215272,Berlin,9,2021,8,15,7,3,0,6,0,0,1,0,0,0,1,0,"13,57840514","52,45751601"
28820,215271,Berlin,4,2021,9,16,5,3,5,2,0,1,1,0,0,0,0,0,"13,31075136","52,49507015"
28821,215270,Berlin,7,2021,9,23,5,3,1,5,2,1,1,0,0,0,0,0,"13,35070236","52,49657876"
28822,215269,Berlin,8,2021,9,7,4,3,0,2,0,1,1,0,0,0,0,0,"13,44713225","52,42701187"
28823,215268,Berlin,6,2021,9,13,4,3,1,5,0,0,1,0,0,0,0,1,"13,30293005","52,41245306"
28824,215267,Berlin,5,2021,8,7,6,3,6,2,0,0,1,1,0,0,0,1,"13,14154062","52,53234699"
28825,215266,Berlin,1,2021,8,12,3,3,7,7,0,0,0,0,1,0,0,0,"13,377395","52,51456955"
28826,215265,Berlin,4,2021,9,21,6,2,4,6,2,1,0,0,0,0,1,0,"13,30958289","52,50659147"
28827,215264,Berlin,11,2021,9,19,4,3,6,4,2,0,1,1,0,0,0,0,"13,49129363","52,50260554"
28828,215263,Berlin,6,2021,9,21,3,3,5,2,2,0,1,0,1,0,0,0,"13,30966292","52,43132145"
28829,215262,Berlin,3,2021,9,17,7,3,0,5,0,0,0,1,0,0,1,1,"13,41646088","52,54728581"
28830,215261,Berlin,1,2021,9,13,5,3,6,7,0,1,0,1,0,0,0,0,"13,37976069","52,55292007"
28831,215260,Berlin,1,2021,9,17,2,3,2,6,0,0,1,0,0,0,0,0,"13,33809898","52,52645384"
28832,215259,Berlin,4,2021,9,3,1,3,0,1,2,0,0,0,0,0,1,0,"13,29430412","52,51421019"
28833,215258,Berlin,5,2021,8,7,2,3,0,1,0,0,0,0,1,0,0,1,"13,17797768","52,53928619"
28834,215257,Berlin,1,2021,9,9,5,3,2,6,0,0,1,0,0,0,1,0,"13,4169648","52,52615736"
28835,215256,Berlin,4,2021,9,9,6,3,6,4,0,1,0,1,0,0,0,0,"13,32550135","52,50936927"
28836,215255,Berlin,1,2021,9,17,4,3,2,7,0,0,0,0,0,0,1,1,"13,35348114","52,5022005"
28837,215254,Berlin,6,2021,9,12,5,2,6,7,0,1,1,1,0,0,0,0,"13,25766214","52,45134948"
28838,215253,Berlin,5,2021,8,19,6,3,5,2,0,0,1,0,0,0,0,0,"13,22723591","52,54947077"
28839,215252,Berlin,6,2021,8,16,4,2,4,6,0,1,0,0,0,0,1,0,"13,3453387","52,43665826"
28840,215251,Berlin,11,2021,9,15,1,3,3,6,0,0,1,0,0,0,1,0,"13,47098152","52,53180889"
28841,215250,Berlin,9,2021,9,14,5,3,5,3,0,1,1,0,0,0,0,0,"13,47720769","52,46222378"
28842,215249,Berlin,3,2021,9,10,4,3,2,6,0,0,1,0,0,0,0,0,"13,4480859","52,56470853"
28843,215248,Berlin,6,2021,9,20,2,3,5,2,1,1,0,0,0,0,1,0,"13,31684156","52,42580352"
28844,215247,Berlin,3,2021,9,14,3,3,2,2,0,0,1,0,0,0,0,0,"13,44266724","52,55105777"
28845,215246,Berlin,8,2021,9,14,3,3,5,3,0,0,1,0,1,0,0,1,"13,48694538","52,42282699"
28846,215245,Berlin,7,2021,8,8,3,3,2,6,0,0,1,0,0,0,0,0,"13,32855372","52,4743504"
28847,215244,Berlin,11,2021,9,15,6,2,5,2,0,1,0,0,0,1,0,1,"13,4757824","52,53302318"
28848,215243,Berlin,4,2021,9,0,4,3,1,7,2,0,1,0,0,0,0,0,"13,31430206","52,51504812"
28849,215242,Berlin,3,2021,8,19,2,2,8,1,2,0,1,0,0,0,0,1,"13,40371866","52,5514087"
28850,215241,Berlin,12,2021,8,11,6,3,5,3,0,1,0,0,0,0,1,1,"13,28805651","52,58888729"
28851,215240,Berlin,2,2021,9,13,2,3,5,2,0,1,1,0,0,0,0,0,"13,41104101","52,50349606"
28852,215239,Berlin,10,2021,9,13,7,3,2,6,0,0,1,0,0,0,0,0,"13,56192017","52,50996299"
28853,215238,Berlin,7,2021,9,16,5,3,5,3,0,0,1,0,0,0,0,0,"13,37209294","52,45560354"
28854,215237,Berlin,1,2021,9,20,6,3,5,2,2,1,1,0,0,0,0,0,"13,36033767","52,53724679"
28855,215236,Berlin,10,2021,9,18,3,2,5,2,0,0,1,0,1,0,0,0,"13,58886296","52,53933319"
28856,215235,Berlin,2,2021,9,12,4,3,1,5,0,1,1,0,0,0,0,0,"13,46084627","52,51224246"
28857,215234,Berlin,5,2021,9,19,3,3,0,1,1,1,0,0,0,0,0,0,"13,18290274","52,48569168"
28858,215233,Berlin,1,2021,8,12,5,2,5,3,0,0,1,0,1,0,0,0,"13,38744255","52,53341242"
28859,215232,Berlin,3,2021,8,14,3,3,3,6,0,0,1,0,0,1,0,0,"13,43035283","52,55127659"
28860,215231,Berlin,8,2021,9,18,6,3,5,3,0,1,1,0,0,0,0,0,"13,45910324","52,44043489"
28861,215230,Berlin,12,2021,9,19,4,3,5,2,2,0,1,0,0,0,0,0,"13,30699723","52,55507817"
28862,215229,Berlin,6,2021,9,7,3,3,1,5,0,1,1,0,0,0,0,0,"13,34861498","52,45381062"
28863,215228,Berlin,1,2021,9,0,1,3,2,6,2,1,1,0,0,0,0,1,"13,35843153","52,50096756"
28864,215227,Berlin,8,2021,9,16,4,3,2,2,0,0,1,0,1,0,0,0,"13,45422953","52,48248861"
28865,215226,Berlin,2,2021,9,13,1,3,5,2,0,1,1,0,0,0,0,0,"13,38970239","52,49591504"
28866,215225,Berlin,6,2021,8,11,7,3,5,3,0,1,1,0,0,0,0,0,"13,27987357","52,43966441"
28867,215224,Berlin,12,2021,9,13,5,3,2,6,0,0,1,0,0,0,0,0,"13,27886433","52,63001409"
28868,215223,Berlin,3,2021,8,13,6,3,5,2,0,1,1,0,0,0,0,0,"13,42743193","52,53617257"
28869,215222,Berlin,6,2021,9,11,2,2,5,2,0,1,1,0,0,0,0,0,"13,2958022","52,45102438"
28870,215221,Berlin,8,2021,9,21,1,3,5,3,2,0,1,0,0,0,0,0,"13,45234529","52,48129335"
28871,215220,Berlin,2,2021,8,18,3,3,3,6,0,0,1,0,1,0,0,0,"13,38427626","52,484988"
28872,215219,Berlin,10,2021,9,17,5,3,0,1,0,1,0,0,0,0,0,0,"13,54540069","52,52585725"
28873,215218,Berlin,7,2021,9,16,6,3,5,2,0,1,1,0,0,0,0,0,"13,36039807","52,49038472"
28874,215217,Berlin,6,2021,10,11,6,2,2,6,0,0,1,0,0,0,0,0,"13,30085769","52,42072182"
28875,215216,Berlin,1,2021,9,10,3,3,6,4,0,0,1,1,0,0,0,0,"13,37629621","52,53599467"
28876,215215,Berlin,1,2021,9,11,4,3,5,3,0,1,1,0,0,0,0,0,"13,39292146","52,5274667"
28877,215214,Berlin,11,2021,9,7,3,3,2,6,0,0,1,0,0,0,0,0,"13,48664247","52,50218244"
28878,215213,Berlin,8,2021,8,10,5,3,3,6,0,0,0,0,1,0,1,0,"13,44865011","52,45237514"
28879,215212,Berlin,1,2021,8,19,3,3,5,3,1,1,1,0,0,0,0,0,"13,39896173","52,5082284"
28880,215211,Berlin,10,2021,9,18,6,3,5,2,0,1,1,0,0,0,0,0,"13,52000596","52,52583451"
28881,215210,Berlin,8,2021,9,12,3,3,5,7,0,0,1,0,1,0,0,0,"13,45588592","52,47385267"
28882,215209,Berlin,11,2021,9,16,3,3,6,2,0,0,1,1,0,0,0,0,"13,45903231","52,526127"
28883,215208,Berlin,1,2021,9,21,7,3,6,7,2,0,1,1,0,0,0,0,"13,35801789","52,53533541"
28884,215207,Berlin,5,2021,9,14,4,3,5,2,0,0,1,0,0,0,0,0,"13,22886241","52,53791985"
28885,215206,Berlin,1,2021,9,23,5,2,5,3,2,1,1,0,0,0,0,0,"13,42615181","52,51590111"
28886,215205,Berlin,8,2021,9,11,1,3,3,6,0,0,1,0,1,0,0,0,"13,47280256","52,464791"
28887,215204,Berlin,10,2021,8,13,7,3,5,2,0,1,1,0,0,0,0,0,"13,58391293","52,52435901"
28888,215203,Berlin,3,2021,9,17,5,3,0,3,0,1,1,0,0,0,0,0,"13,40765788","52,57391013"
28889,215202,Berlin,3,2021,9,23,5,3,1,7,2,1,1,0,0,0,0,0,"13,41828686","52,54436777"
28890,215201,Berlin,9,2021,9,10,4,3,5,3,0,1,1,0,0,0,0,0,"13,48401852","52,46323846"
28891,215200,Berlin,1,2021,9,17,4,3,5,2,0,1,1,0,0,0,0,1,"13,39294318","52,52750274"
28892,215199,Berlin,2,2021,8,0,6,2,0,1,2,0,0,0,0,0,1,1,"13,42961039","52,51753496"
28893,215198,Berlin,2,2021,8,16,4,3,5,3,0,0,1,0,0,0,1,0,"13,4439633","52,50011805"
28894,215197,Berlin,2,2021,9,15,7,3,5,7,0,0,1,0,1,0,0,0,"13,45615431","52,50991382"
28895,215196,Berlin,6,2021,9,9,5,3,3,2,0,1,1,0,0,0,0,0,"13,33345463","52,42993908"
28896,215195,Berlin,6,2021,9,13,3,3,2,6,0,0,1,0,0,0,0,0,"13,32031703","52,4299479"
28897,215194,Berlin,9,2021,9,14,1,2,0,6,0,0,1,0,1,0,0,0,"13,55937293","52,44233774"
28898,215193,Berlin,11,2021,9,21,4,2,0,4,2,0,0,1,0,0,1,0,"13,52284599","52,56627042"
28899,215192,Berlin,9,2021,9,14,2,2,5,2,0,0,0,0,1,0,0,0,"13,46407995","52,48186802"
28900,215191,Berlin,1,2021,9,8,2,2,5,3,0,1,0,0,0,1,0,0,"13,34755446","52,51552395"
28901,215190,Berlin,3,2021,8,7,2,3,0,7,0,0,0,1,0,0,1,1,"13,41054166","52,55160944"
28902,215189,Berlin,12,2021,9,7,6,3,1,5,0,0,1,0,0,0,0,0,"13,29892784","52,59862609"
28903,215188,Berlin,1,2021,9,7,6,3,5,3,0,0,1,0,1,0,0,0,"13,42230685","52,50544939"
28904,215187,Berlin,4,2021,9,17,4,3,5,3,0,0,1,0,0,0,0,1,"13,24050922","52,51192355"
28905,215186,Berlin,8,2021,9,19,5,2,5,2,2,0,1,0,1,0,0,0,"13,45589792","52,47384675"
28906,215185,Berlin,5,2021,8,14,7,2,5,2,0,0,1,0,1,0,0,0,"13,17430652","52,56024172"
28907,215184,Berlin,4,2021,8,15,4,3,4,6,0,1,0,0,0,0,1,0,"13,27780769","52,50681307"
28908,215183,Berlin,4,2021,9,23,7,3,8,1,2,0,1,0,0,0,0,0,"13,28135219","52,48300007"
28909,215182,Berlin,2,2021,9,16,5,3,5,3,0,1,1,0,0,0,0,0,"13,43041803","52,51137076"
28910,215181,Berlin,6,2021,9,10,7,3,2,6,0,0,1,0,0,0,0,0,"13,36480683","52,42833401"
28911,215180,Berlin,7,2021,9,17,4,2,0,7,0,1,0,0,0,0,0,0,"13,34670263","52,50145008"
28912,215179,Berlin,9,2021,9,18,3,3,2,6,0,1,0,0,0,0,1,0,"13,5676082","52,44501868"
28913,215178,Berlin,11,2021,9,15,3,3,5,3,0,1,0,0,1,0,0,0,"13,47668915","52,50095021"
28914,215177,Berlin,2,2021,9,22,2,3,1,5,2,0,1,0,0,0,1,0,"13,38993278","52,50446812"
28915,215176,Berlin,11,2021,8,7,3,3,3,6,1,0,1,0,1,0,0,0,"13,47877345","52,53781664"
28916,215175,Berlin,1,2021,9,15,6,3,6,4,0,0,1,1,0,0,0,1,"13,34305652","52,50484167"