,id,city,district,year,month,hour,weekday,injury_level,collision,movement,light_conditions,bicycle,car,pedestrian,motorbike,truck,other_vehicle,road_conditions,longitude,latitude
28917,215174,Berlin,11,2021,9,16,4,3,4,6,0,1,0,0,0,0,0,0,"13,48960553","52,5120984"
28918,215173,Berlin,3,2021,8,14,2,3,2,6,0,0,1,0,0,0,0,1,"13,42040899","52,54210583"
28919,215172,Berlin,10,2021,8,11,6,3,5,2,0,1,1,0,0,0,0,0,"13,59189092","52,54566404"
28920,215171,Berlin,8,2021,9,12,2,3,1,5,0,1,1,0,0,0,0,0,"13,44485321","52,48714374"
28921,215170,Berlin,2,2021,9,21,7,3,0,3,2,1,1,0,0,0,0,0,"13,40489389","52,50473896"
28922,215169,Berlin,5,2021,8,7,3,3,6,7,0,0,0,1,0,0,1,0,"13,21854525","52,52523809"
28923,215168,Berlin,2,2021,9,16,5,2,5,2,0,1,0,0,0,0,0,0,"13,43567086","52,49167242"
28924,215167,Berlin,11,2021,9,14,1,3,1,5,0,1,0,0,0,0,1,0,"13,49026954","52,526567"
28925,215166,Berlin,5,2021,8,6,5,3,5,3,1,0,1,0,0,0,1,0,"13,18020203","52,53401772"
28926,215165,Berlin,6,2021,9,16,4,3,5,2,0,1,1,0,0,0,0,0,"13,33898646","52,46452439"
28927,215164,Berlin,10,2021,9,15,6,3,5,2,0,1,1,0,0,0,0,0,"13,59030417","52,52954725"
28928,215163,Berlin,10,2021,9,15,4,3,6,4,0,0,0,1,0,1,0,1,"13,59143332","52,53136047"
28929,215162,Berlin,3,2021,9,11,4,1,0,7,0,1,0,0,0,0,0,1,"13,50228673","52,63755925"
28930,215161,Berlin,7,2021,8,17,5,3,5,3,0,1,0,0,0,1,0,1,"13,37821452","52,45199142"
28931,215160,Berlin,3,2021,8,19,3,2,3,6,0,1,0,0,0,0,1,0,"13,42881873","52,57933285"
28932,215159,Berlin,1,2021,9,16,6,3,6,7,0,1,0,1,0,0,0,0,"13,36496074","52,49942478"
28933,215158,Berlin,8,2021,9,21,5,3,1,5,2,1,1,0,0,0,0,1,"13,44362836","52,46423119"
28934,215157,Berlin,4,2021,9,16,3,2,6,4,0,0,1,1,0,0,0,0,"13,31199389","52,5178085"
28935,215156,Berlin,2,2021,9,18,7,3,3,2,0,0,1,0,1,0,0,1,"13,43054008","52,49926228"
28936,215155,Berlin,12,2021,8,15,3,2,6,4,0,1,0,1,0,0,0,0,"13,3324225","52,57677846"
28937,215154,Berlin,8,2021,9,16,2,3,5,2,0,0,1,0,0,0,1,0,"13,43682438","52,46516139"
28938,215153,Berlin,8,2021,9,18,1,3,5,3,0,0,1,0,0,0,0,0,"13,49857952","52,41038462"
28939,215152,Berlin,1,2021,8,15,1,3,5,7,0,0,1,0,1,0,0,1,"13,35468241","52,51704365"
28940,215151,Berlin,10,2021,9,6,6,3,2,2,0,0,1,0,1,0,0,0,"13,58874428","52,53932441"
28941,215150,Berlin,5,2021,9,14,7,3,1,5,0,0,1,0,0,0,1,0,"13,20869608","52,56246649"
28942,215149,Berlin,12,2021,9,8,5,3,5,7,0,1,1,0,0,0,0,0,"13,31719052","52,56894477"
28943,215148,Berlin,4,2021,9,17,4,3,2,2,0,0,1,0,0,0,0,1,"13,27942445","52,53803964"
28944,215147,Berlin,11,2021,8,15,6,2,0,1,0,0,0,0,1,0,0,1,"13,500282","52,54816581"
28945,215146,Berlin,4,2021,8,17,4,3,1,5,0,0,1,0,0,0,1,0,"13,32487129","52,50252474"
28946,215145,Berlin,12,2021,9,12,6,3,2,6,0,0,1,0,0,0,0,0,"13,31225868","52,56791791"
28947,215144,Berlin,7,2021,9,8,5,3,0,1,0,0,0,0,0,0,1,0,"13,34345043","52,47115609"
28948,215143,Berlin,2,2021,9,15,6,3,5,2,0,1,1,0,0,0,0,0,"13,38408115","52,49521011"
28949,215142,Berlin,10,2021,9,13,4,3,6,4,0,0,1,1,0,0,0,0,"13,58692039","52,54897129"
28950,215141,Berlin,2,2021,9,8,2,2,2,6,0,0,1,0,0,1,0,0,"13,46655378","52,50109288"
28951,215140,Berlin,10,2021,9,12,5,3,5,2,0,1,1,0,0,0,0,0,"13,59195838","52,54584546"
28952,215139,Berlin,8,2021,9,8,3,3,5,3,0,1,1,0,0,0,0,0,"13,40715125","52,41575524"
28953,215138,Berlin,7,2021,9,17,3,3,6,4,0,0,1,1,0,0,0,0,"13,37155807","52,49253016"
28954,215137,Berlin,8,2021,8,19,2,3,5,2,0,0,1,0,0,0,0,0,"13,43852578","52,45259225"
28955,215136,Berlin,6,2021,9,17,6,3,5,2,0,1,1,0,0,0,0,1,"13,28987624","52,45806482"
28956,215135,Berlin,7,2021,9,11,1,3,1,2,0,0,1,0,0,0,1,0,"13,41993039","52,45988445"
28957,215134,Berlin,10,2021,9,14,5,3,5,2,0,1,1,0,0,0,0,0,"13,57724327","52,51315442"
28958,215133,Berlin,9,2021,9,7,5,3,5,2,1,1,1,0,0,0,0,0,"13,55167911","52,42852256"
28959,215132,Berlin,9,2021,8,11,7,3,6,4,0,0,1,1,0,0,0,0,"13,48959605","52,46767845"
28960,215131,Berlin,11,2021,9,15,1,3,6,4,0,0,1,1,0,0,0,0,"13,5178794","52,5716046"
28961,215130,Berlin,1,2021,9,17,1,3,2,6,0,1,1,0,0,0,0,0,"13,39555353","52,53873608"
28962,215129,Berlin,11,2021,9,12,5,3,2,2,0,0,1,0,1,0,0,0,"13,47108379","52,53907508"
28963,215128,Berlin,12,2021,9,8,4,3,5,3,0,0,1,0,0,0,0,0,"13,29160134","52,60607208"
28964,215127,Berlin,1,2021,9,18,4,2,5,3,0,1,1,0,0,0,0,0,"13,4162543","52,51105578"
28965,215126,Berlin,2,2021,8,9,6,3,5,3,0,1,1,0,0,0,0,1,"13,45800423","52,5094552"
28966,215125,Berlin,1,2021,8,22,4,2,6,4,2,0,1,1,0,0,0,1,"13,4122128","52,51583122"
28967,215124,Berlin,1,2021,9,17,7,3,5,2,0,1,1,0,0,0,0,0,"13,39182959","52,51043883"
28968,215123,Berlin,12,2021,9,21,5,3,6,2,2,0,1,1,0,0,0,1,"13,33398379","52,58972083"
28969,215122,Berlin,4,2021,9,7,3,3,5,2,0,1,1,0,0,0,0,0,"13,30997322","52,47893806"
28970,215121,Berlin,1,2021,9,9,2,3,2,6,0,0,1,0,0,0,0,0,"13,39103527","52,54479761"
28971,215120,Berlin,5,2021,9,18,4,3,5,2,0,1,1,0,0,0,0,0,"13,21744428","52,53777769"
28972,215119,Berlin,4,2021,9,11,2,3,5,2,0,1,1,0,0,0,1,0,"13,33246134","52,50605507"
28973,215118,Berlin,8,2021,9,17,2,3,2,6,0,0,1,0,1,0,0,0,"13,44667461","52,47837409"
28974,215117,Berlin,2,2021,8,9,1,3,5,3,0,0,1,0,0,0,0,0,"13,38531398","52,49886439"
28975,215116,Berlin,6,2021,9,8,6,3,5,2,0,1,1,0,0,0,0,0,"13,36327309","52,43478567"
28976,215115,Berlin,2,2021,9,12,7,3,1,5,0,1,1,0,0,0,0,1,"13,4543533","52,52196577"
28977,215114,Berlin,3,2021,9,21,4,3,5,2,2,0,1,0,0,0,0,1,"13,47980555","52,55328545"
28978,215113,Berlin,1,2021,9,18,5,3,5,2,0,1,1,0,0,0,0,0,"13,36595255","52,52517794"
28979,215112,Berlin,1,2021,8,17,7,3,6,4,0,0,1,1,0,0,0,0,"13,35487459","52,55180547"
28980,215111,Berlin,1,2021,8,7,4,3,5,2,0,1,1,0,0,0,0,0,"13,39031744","52,55554551"
28981,215110,Berlin,11,2021,9,15,2,3,2,6,0,1,0,0,0,1,0,0,"13,49667002","52,50731828"
28982,215109,Berlin,3,2021,8,9,3,3,1,5,0,1,0,0,0,0,1,1,"13,42477195","52,54366458"
28983,215108,Berlin,1,2021,9,13,7,3,5,2,0,0,1,0,0,1,0,0,"13,35704522","52,5235512"
28984,215107,Berlin,1,2021,9,12,3,3,6,7,0,0,0,0,0,0,1,0,"13,38042755","52,53268345"
28985,215106,Berlin,2,2021,9,7,3,3,5,2,0,0,1,0,0,0,0,0,"13,39213145","52,48674846"
28986,215105,Berlin,4,2021,9,13,2,3,0,7,0,0,1,0,0,0,0,0,"13,26712787","52,48376632"
28987,215104,Berlin,4,2021,8,8,2,3,0,6,0,0,1,0,0,0,0,1,"13,29422906","52,53307472"
28988,215103,Berlin,7,2021,9,15,6,3,5,2,0,0,1,0,0,0,0,1,"13,40012209","52,45913967"
28989,215102,Berlin,5,2021,9,15,4,3,3,6,0,0,0,0,0,0,1,0,"13,18548466","52,54731631"
28990,215101,Berlin,7,2021,8,11,2,3,5,3,0,0,1,0,0,0,0,1,"13,41080345","52,44473015"
28991,215100,Berlin,5,2021,8,6,6,3,5,3,1,0,1,0,0,0,0,1,"13,24320201","52,54379408"
28992,215099,Berlin,12,2021,9,13,2,2,0,1,0,0,0,0,1,0,0,0,"13,21762133","52,61130492"
28993,215098,Berlin,4,2021,9,13,6,3,2,7,0,0,1,0,1,0,0,0,"13,32642172","52,47872585"
28994,215097,Berlin,2,2021,8,13,3,3,5,3,0,0,1,0,0,0,1,0,"13,41029524","52,50378415"
28995,215096,Berlin,3,2021,9,15,5,3,5,2,0,0,1,0,1,0,0,0,"13,41712696","52,60548561"
28996,215095,Berlin,1,2021,9,9,1,3,5,2,0,1,1,0,0,0,0,0,"13,41820321","52,51540851"
28997,215094,Berlin,12,2021,8,7,6,3,3,6,1,0,1,0,0,1,0,1,"13,30041193","52,56992693"
28998,215093,Berlin,7,2021,9,15,5,3,5,2,0,0,1,0,0,0,0,0,"13,3774458","52,48210424"
28999,215092,Berlin,2,2021,9,23,5,2,5,2,2,1,1,0,0,0,0,0,"13,41044608","52,5037966"
29000,215091,Berlin,4,2021,9,10,4,3,3,6,0,0,1,0,0,0,1,0,"13,2482454","52,52419836"
29001,215090,Berlin,2,2021,9,9,4,3,3,6,0,0,1,0,1,0,0,0,"13,4455694","52,50169255"
29002,215089,Berlin,12,2021,8,9,5,3,0,1,0,1,1,0,0,0,0,0,"13,28782949","52,59011582"
29003,215088,Berlin,1,2021,8,14,3,3,6,4,0,0,0,1,0,0,1,0,"13,38260385","52,53045568"
29004,215087,Berlin,4,2021,9,17,6,3,0,2,0,1,1,0,0,0,0,0,"13,29128565","52,49712963"
29005,215086,Berlin,7,2021,9,23,5,2,6,2,2,0,1,1,0,0,0,1,"13,38577953","52,46572896"
29006,215085,Berlin,9,2021,9,7,3,3,2,2,0,1,1,0,0,0,0,0,"13,54102151","52,43551539"
29007,215084,Berlin,11,2021,9,22,7,3,0,1,2,0,0,0,1,0,0,1,"13,47551279","52,50266261"
29008,215083,Berlin,11,2021,9,12,5,3,5,2,0,0,1,0,0,0,0,0,"13,52695686","52,48658186"
29009,215082,Berlin,10,2021,9,20,1,3,5,2,2,0,1,0,0,0,0,0,"13,56563334","52,57043496"
29010,215081,Berlin,1,2021,9,14,2,3,0,1,0,0,0,0,1,0,0,0,"13,3512666","52,50956504"
29011,215080,Berlin,4,2021,8,14,7,3,1,5,0,1,1,0,0,0,0,0,"13,32254522","52,49987065"
29012,215079,Berlin,1,2021,9,20,5,3,6,4,2,1,0,1,0,0,0,0,"13,35107706","52,54978162"
29013,215078,Berlin,1,2021,9,21,6,3,5,7,2,0,1,0,0,0,0,0,"13,35922042","52,53680323"
29014,215077,Berlin,4,2021,9,0,4,3,5,2,2,0,1,0,0,0,1,0,"13,33219754","52,50603182"
29015,215076,Berlin,3,2021,9,18,5,3,5,2,0,1,1,0,0,0,0,0,"13,43378396","52,54957056"
29016,215075,Berlin,9,2021,8,17,6,2,0,1,0,1,0,0,0,0,0,1,"13,57538052","52,4474879"
29017,215074,Berlin,2,2021,8,21,4,3,5,3,2,1,1,0,0,0,0,1,"13,43042227","52,49920317"
29018,215073,Berlin,10,2021,9,15,1,3,5,2,0,1,1,0,0,0,0,0,"13,5575374","52,52739003"
29019,215072,Berlin,7,2021,9,9,6,2,6,2,0,0,1,1,0,0,0,0,"13,38450159","52,45933966"
29020,215071,Berlin,12,2021,9,11,4,2,5,3,0,0,1,0,1,0,0,0,"13,30120456","52,61650585"
29021,215070,Berlin,4,2021,9,12,2,3,5,3,0,0,1,0,1,0,0,0,"13,26117363","52,50808226"
29022,215069,Berlin,2,2021,8,4,1,2,0,1,2,1,0,0,0,0,0,1,"13,4601146","52,51236542"
29023,215068,Berlin,5,2021,9,17,3,2,0,1,1,0,0,0,0,0,1,1,"13,20175343","52,53455078"
29024,215067,Berlin,1,2021,9,6,3,3,4,6,2,1,0,0,0,0,0,0,"13,35858882","52,53650907"
29025,215066,Berlin,8,2021,8,13,2,3,5,2,0,0,1,0,1,0,0,0,"13,42618159","52,48097429"
29026,215065,Berlin,3,2021,9,9,6,3,5,2,0,1,1,0,0,0,0,0,"13,40428096","52,58148695"
29027,215064,Berlin,9,2021,9,15,7,3,3,6,0,0,1,0,1,0,0,0,"13,51059691","52,46411599"
29028,215063,Berlin,4,2021,9,11,5,3,5,3,0,1,1,0,0,0,0,0,"13,33108894","52,49515045"
29029,215062,Berlin,7,2021,8,6,2,2,5,3,0,0,1,0,0,0,0,1,"13,39752091","52,42384795"
29030,215061,Berlin,1,2021,10,10,6,3,5,3,0,1,0,0,0,1,0,0,"13,40431057","52,52176434"
29031,215060,Berlin,1,2021,8,10,7,3,6,2,0,0,1,1,0,0,0,0,"13,38945239","52,55531083"
29032,215059,Berlin,5,2021,9,16,2,3,5,3,0,1,0,0,1,0,0,0,"13,17255063","52,56067511"
29033,215058,Berlin,8,2021,9,15,7,3,1,5,0,0,1,0,0,0,0,0,"13,4278544","52,47393985"
29034,215057,Berlin,4,2021,8,13,3,3,2,6,0,0,1,0,1,0,0,1,"13,31980343","52,47168419"
29035,215056,Berlin,1,2021,9,10,6,3,5,2,0,1,0,0,0,0,1,0,"13,35115859","52,5096367"
29036,215055,Berlin,2,2021,10,8,6,3,5,3,0,0,1,0,1,0,0,0,"13,40637903","52,50259206"
29037,215054,Berlin,1,2021,9,19,3,3,0,6,2,0,1,0,1,0,0,0,"13,38255616","52,55586323"
29038,215053,Berlin,2,2021,9,7,3,3,5,2,0,1,1,0,0,0,0,0,"13,40588139","52,4895139"
29039,215052,Berlin,4,2021,9,10,4,3,6,2,0,0,0,1,0,0,1,1,"13,32221934","52,49553972"
29040,215051,Berlin,4,2021,8,14,3,3,5,7,0,1,1,0,0,0,0,0,"13,29569138","52,51948956"
29041,215050,Berlin,2,2021,9,15,6,3,5,7,0,1,1,0,0,0,0,0,"13,46590694","52,49695473"
29042,215049,Berlin,2,2021,9,19,3,3,2,7,2,0,1,0,1,0,0,0,"13,44201062","52,50125055"
29043,215048,Berlin,5,2021,9,10,7,3,2,2,0,0,1,0,0,0,0,1,"13,22180717","52,53691381"
29044,215047,Berlin,11,2021,9,15,4,2,6,2,0,0,0,1,0,0,1,0,"13,51920751","52,51360517"
29045,215046,Berlin,6,2021,9,19,5,3,0,6,0,0,1,0,0,0,1,0,"13,34528571","52,43673861"
29046,215045,Berlin,4,2021,9,10,7,3,1,7,0,0,1,0,0,0,0,0,"13,26655139","52,49771499"
29047,215044,Berlin,5,2021,8,12,7,3,0,7,0,0,0,0,1,0,0,1,"13,15787303","52,53303802"
29048,215043,Berlin,4,2021,9,18,5,3,5,2,0,1,1,0,0,0,0,0,"13,31257802","52,50643069"
29049,215042,Berlin,5,2021,9,13,6,3,5,3,0,0,1,0,0,0,0,0,"13,1768547","52,54894874"
29050,215041,Berlin,2,2021,9,15,4,3,5,3,0,1,1,0,0,0,0,1,"13,43910054","52,51241021"
29051,215040,Berlin,10,2021,8,9,3,3,5,2,0,0,1,0,0,0,1,0,"13,51719512","52,53547621"
29052,215039,Berlin,2,2021,9,23,6,2,2,6,2,0,1,0,0,0,0,0,"13,44192989","52,50427789"
29053,215038,Berlin,4,2021,10,0,6,3,5,2,2,0,1,0,0,1,0,0,"13,33943139","52,50313535"
29054,215037,Berlin,7,2021,9,18,3,3,6,7,0,0,0,1,1,0,0,0,"13,32871372","52,4652921"
29055,215036,Berlin,9,2021,9,9,4,3,5,3,0,1,1,0,0,0,0,0,"13,50710179","52,46324125"
29056,215035,Berlin,9,2021,9,10,4,3,2,6,0,0,1,0,0,0,0,0,"13,54674635","52,42648802"
29057,215034,Berlin,1,2021,8,15,2,3,6,2,0,0,1,1,0,0,0,0,"13,41164731","52,52396202"
29058,215033,Berlin,1,2021,9,8,6,3,5,3,0,0,1,0,0,0,0,0,"13,38609552","52,53881901"
29059,215032,Berlin,10,2021,8,11,2,3,5,3,0,0,1,0,0,0,0,1,"13,58961814","52,50918141"
29060,215031,Berlin,10,2021,8,16,5,3,5,2,0,1,1,0,0,0,0,0,"13,60369644","52,47893431"
29061,215030,Berlin,2,2021,9,20,2,3,0,3,2,1,0,0,1,0,0,0,"13,45907673","52,50119371"
29062,215029,Berlin,9,2021,9,17,6,3,5,3,0,0,1,0,0,0,0,1,"13,55307418","52,43401092"
29063,215028,Berlin,10,2021,8,14,3,3,2,7,0,1,1,0,0,0,0,0,"13,56421985","52,50368322"
29064,215027,Berlin,4,2021,9,18,7,2,5,2,0,0,1,0,1,0,0,0,"13,30790372","52,48860706"
29065,215026,Berlin,4,2021,8,8,6,3,5,2,0,0,1,0,0,0,0,1,"13,32625312","52,53800398"
29066,215025,Berlin,3,2021,9,17,5,3,2,6,0,0,1,0,0,0,0,0,"13,4547451","52,52812318"
29067,215024,Berlin,3,2021,9,11,6,3,5,2,0,1,0,0,0,0,1,0,"13,42384431","52,53831692"
29068,215023,Berlin,2,2021,9,19,3,1,5,3,1,0,0,1,0,0,1,0,"13,45234224","52,52756271"
29069,215022,Berlin,12,2021,9,10,4,3,5,7,0,1,1,0,0,0,0,1,"13,29669839","52,59466002"
29070,215021,Berlin,2,2021,8,12,5,2,6,7,0,0,1,1,0,0,0,0,"13,40933768","52,49960925"
29071,215020,Berlin,1,2021,8,19,3,3,2,2,0,0,1,0,1,0,0,0,"13,38881882","52,51708755"
29072,215019,Berlin,1,2021,9,14,7,2,0,1,0,1,0,0,0,0,0,0,"13,38718228","52,52664909"
29073,215018,Berlin,8,2021,9,4,5,3,2,2,2,0,1,1,0,0,0,0,"13,43194255","52,46643116"
29074,215017,Berlin,6,2021,9,16,3,2,5,2,0,1,1,0,0,0,0,0,"13,16714461","52,42054941"
29075,215016,Berlin,7,2021,9,19,7,3,5,2,1,1,1,0,0,0,0,0,"13,36219402","52,49793114"
29076,215015,Berlin,4,2021,9,13,5,3,5,3,0,0,0,0,1,0,1,0,"13,31367507","52,48418208"
29077,215014,Berlin,11,2021,9,2,1,2,0,1,2,0,0,0,0,0,1,0,"13,47871262","52,52910004"
29078,215013,Berlin,1,2021,9,9,5,2,5,3,0,0,1,0,0,0,0,0,"13,32972731","52,52373276"
29079,215012,Berlin,5,2021,9,11,2,2,2,6,0,0,1,0,0,0,0,0,"13,19895807","52,54269007"
29080,215011,Berlin,8,2021,8,18,7,3,5,3,0,1,0,0,1,0,0,0,"13,42530206","52,48082565"
29081,215010,Berlin,3,2021,9,13,5,3,2,6,0,0,1,0,0,0,0,0,"13,41450204","52,55280866"
29082,215009,Berlin,9,2021,9,17,6,3,6,7,1,0,1,1,0,0,0,0,"13,47246635","52,44949587"
29083,215008,Berlin,7,2021,9,11,5,2,5,3,0,0,1,0,1,0,0,0,"13,36795195","52,41896098"
29084,215007,Berlin,1,2021,9,15,5,2,5,3,0,0,1,0,0,0,1,0,"13,34969597","52,5421731"
29085,215006,Berlin,4,2021,8,8,6,3,2,6,0,0,1,0,0,0,0,1,"13,24679407","52,51378838"
29086,215005,Berlin,6,2021,8,22,4,3,6,4,2,0,0,1,1,0,0,1,"13,32061749","52,4566998"
29087,215004,Berlin,9,2021,9,14,1,3,2,6,0,0,1,0,0,0,0,0,"13,61835695","52,45546569"
29088,215003,Berlin,1,2021,9,9,6,3,5,3,0,1,0,0,0,0,1,0,"13,36588209","52,52532973"
29089,215002,Berlin,6,2021,9,16,4,3,8,1,0,0,1,0,0,0,0,0,"13,32963658","52,45124519"
29090,215001,Berlin,2,2021,9,9,3,2,5,3,0,0,0,0,0,0,1,0,"13,43007003","52,50354047"
29091,215000,Berlin,12,2021,8,20,1,3,2,6,2,0,1,0,0,0,0,1,"13,33970397","52,59584524"
29092,214999,Berlin,6,2021,9,0,3,2,0,1,2,1,0,0,0,0,0,0,"13,32499758","52,4612526"
29093,214998,Berlin,2,2021,9,16,3,3,6,2,0,0,1,1,0,0,0,0,"13,40912655","52,5017867"
29094,214997,Berlin,3,2021,8,15,2,3,5,2,0,1,1,0,0,0,0,0,"13,44138706","52,53193843"
29095,214996,Berlin,11,2021,9,14,6,3,2,2,0,0,1,0,1,0,0,0,"13,49333504","52,51447495"
29096,214995,Berlin,9,2021,9,11,5,3,5,2,0,1,1,0,0,0,0,0,"13,54638681","52,42642731"
29097,214994,Berlin,9,2021,8,7,2,3,5,3,0,1,1,0,0,0,0,1,"13,69943788","52,43592505"
29098,214993,Berlin,1,2021,8,22,1,3,5,2,2,0,1,0,0,0,1,1,"13,41624411","52,51105824"
29099,214992,Berlin,8,2021,9,12,2,3,5,2,0,1,1,0,0,0,0,0,"13,46435231","52,47020064"
29100,214991,Berlin,1,2021,9,13,1,3,8,1,0,0,1,0,0,0,0,0,"13,34160207","52,50585422"
29101,214990,Berlin,11,2021,8,20,3,3,5,3,2,0,1,0,0,0,0,0,"13,49215428","52,51632073"
29102,214989,Berlin,10,2021,9,11,6,3,6,7,0,0,0,1,0,0,1,0,"13,60338611","52,53043091"
29103,214988,Berlin,4,2021,10,18,6,3,2,5,2,0,1,0,1,0,0,0,"13,31195601","52,48963142"
29104,214987,Berlin,11,2021,9,12,3,3,5,3,0,0,1,0,0,0,0,0,"13,48856354","52,51838912"
29105,214986,Berlin,4,2021,9,6,3,2,3,6,1,1,0,0,0,0,1,0,"13,31751445","52,49140108"
29106,214985,Berlin,4,2021,9,7,3,3,5,2,0,1,1,0,0,0,0,0,"13,29384799","52,49752437"
29107,214984,Berlin,10,2021,8,9,5,3,5,3,0,0,1,0,0,0,0,0,"13,60227263","52,53605797"
29108,214983,Berlin,8,2021,8,10,3,3,5,2,0,1,1,0,0,0,0,0,"13,43869014","52,44811871"
29109,214982,Berlin,12,2021,9,17,6,3,1,5,0,0,1,0,0,0,0,0,"13,37119044","52,56962898"
29110,214981,Berlin,1,2021,9,14,4,3,1,5,0,0,1,0,0,0,1,0,"13,34615918","52,54495249"
29111,214980,Berlin,7,2021,9,22,2,3,5,3,2,1,0,0,0,0,1,0,"13,36717349","52,46715508"
29112,214979,Berlin,4,2021,9,14,6,3,5,2,0,1,1,0,0,0,0,0,"13,2185166","52,50886923"
29113,214978,Berlin,1,2021,9,13,4,3,2,6,0,0,1,0,0,0,0,0,"13,40101644","52,51832787"
29114,214977,Berlin,4,2021,9,15,7,3,3,6,0,1,0,0,0,0,1,0,"13,33372174","52,50875866"
29115,214976,Berlin,1,2021,8,21,7,2,5,3,2,1,1,0,0,0,0,0,"13,39520689","52,54612964"
29116,214975,Berlin,11,2021,9,12,5,3,5,2,0,0,1,0,0,1,0,0,"13,4609989","52,52971188"
29117,214974,Berlin,1,2021,9,10,6,3,6,7,0,0,1,1,0,0,0,0,"13,40069399","52,52960219"
29118,214973,Berlin,4,2021,9,15,4,3,0,1,0,0,0,0,1,0,0,1,"13,31398607","52,48113619"
29119,214972,Berlin,7,2021,9,17,4,3,5,2,0,1,0,0,0,0,1,1,"13,3708711","52,49266354"
29120,214971,Berlin,3,2021,8,7,5,3,0,3,0,0,1,0,1,0,0,1,"13,36475772","52,58511461"
29121,214970,Berlin,3,2021,8,16,4,2,5,2,0,1,1,0,0,0,0,0,"13,40460814","52,54059655"
29122,214969,Berlin,9,2021,9,15,7,3,0,1,0,0,0,0,1,0,0,0,"13,51005488","52,45361587"
29123,214968,Berlin,7,2021,9,20,5,3,5,2,2,0,1,0,0,0,0,1,"13,40677628","52,39376827"
29124,214967,Berlin,8,2021,9,9,3,3,1,5,0,0,1,0,0,0,0,0,"13,44606837","52,48442925"
29125,214966,Berlin,6,2021,9,9,7,2,2,6,0,0,1,0,0,0,0,1,"13,35438877","52,43007472"
29126,214965,Berlin,12,2021,9,17,4,3,5,2,0,1,1,0,0,0,0,0,"13,31198716","52,56808605"
29127,214964,Berlin,6,2021,9,16,1,3,5,2,0,1,1,0,0,0,0,0,"13,35156782","52,44017763"
29128,214963,Berlin,6,2021,9,18,1,3,1,5,1,0,1,0,1,0,0,1,"13,34203509","52,42919256"
29129,214962,Berlin,7,2021,8,14,1,3,1,5,0,1,1,0,0,0,0,1,"13,35747003","52,49961384"
29130,214961,Berlin,1,2021,9,8,5,3,5,7,0,1,1,0,0,0,0,0,"13,40592491","52,53110959"
29131,214960,Berlin,9,2021,9,9,7,3,5,3,0,0,1,0,1,0,0,1,"13,5231912","52,46071548"
29132,214959,Berlin,6,2021,9,12,5,3,3,6,0,1,1,0,0,0,0,0,"13,34222714","52,44116296"
29133,214958,Berlin,9,2021,9,20,5,3,5,2,2,0,0,0,0,1,1,0,"13,49127271","52,46907086"
29134,214957,Berlin,11,2021,8,18,7,3,5,3,0,0,1,0,0,0,0,0,"13,49656503","52,51579431"
29135,214956,Berlin,8,2021,8,16,4,3,5,3,0,1,1,0,0,0,0,0,"13,45378002","52,46524289"
29136,214955,Berlin,3,2021,9,8,2,3,5,3,0,0,1,0,0,0,1,0,"13,50689105","52,6283715"
29137,214954,Berlin,8,2021,9,18,6,3,5,2,0,1,1,0,0,0,0,0,"13,4263443","52,47754772"
29138,214953,Berlin,1,2021,9,12,4,3,5,7,0,0,1,0,0,0,0,1,"13,35808045","52,5565859"
29139,214952,Berlin,9,2021,8,17,5,3,0,4,0,0,0,1,0,0,1,0,"13,48729168","52,47571028"
29140,214951,Berlin,4,2021,8,12,3,3,0,4,0,0,0,1,0,0,1,0,"13,33263016","52,50630315"
29141,214950,Berlin,1,2021,9,23,6,3,0,1,2,1,0,0,0,0,0,0,"13,37358494","52,51140706"
29142,214949,Berlin,2,2021,9,16,5,3,5,2,0,1,1,0,0,0,0,0,"13,46952498","52,4945998"
29143,214948,Berlin,1,2021,9,14,3,3,5,3,0,1,1,0,0,0,0,0,"13,38063055","52,51820782"
29144,214947,Berlin,2,2021,9,2,1,3,1,5,2,0,1,0,0,0,1,0,"13,46225956","52,51088723"
29145,214946,Berlin,8,2021,9,15,5,3,5,3,0,1,1,0,0,0,0,0,"13,43584882","52,4821073"
29146,214945,Berlin,4,2021,9,15,2,3,2,2,0,1,1,0,0,0,0,0,"13,32384497","52,49509836"
29147,214944,Berlin,9,2021,9,15,5,3,5,2,0,0,1,0,0,0,0,0,"13,51759369","52,46744511"
29148,214943,Berlin,4,2021,9,19,1,2,1,5,2,0,1,0,0,0,1,0,"13,31320998","52,50173186"
29149,214942,Berlin,3,2021,8,12,2,3,0,5,0,1,1,0,0,0,0,1,"13,41102011","52,56717351"
29150,214941,Berlin,1,2021,9,5,5,3,5,3,1,1,1,0,0,0,0,0,"13,3989326","52,50822652"
29151,214940,Berlin,12,2021,9,9,6,3,6,4,0,0,1,1,0,0,0,0,"13,28729532","52,58883114"
29152,214939,Berlin,3,2021,9,18,4,3,5,3,1,0,1,0,0,0,1,1,"13,40840966","52,55246572"