,id,city,district,year,month,hour,weekday,injury_level,collision,movement,light_conditions,bicycle,car,pedestrian,motorbike,truck,other_vehicle,road_conditions,longitude,latitude
29153,214938,Berlin,8,2021,9,21,5,3,2,6,2,0,1,0,0,0,0,0,"13,44270986","52,4651807"
29154,214937,Berlin,5,2021,8,10,6,3,5,2,0,0,1,0,0,0,0,1,"13,15786029","52,54310055"
29155,214936,Berlin,4,2021,8,17,4,3,1,5,0,1,1,0,0,0,0,0,"13,3077473","52,50574591"
29156,214935,Berlin,12,2021,9,15,7,3,5,2,0,0,1,0,0,0,0,0,"13,28428136","52,59449584"
29157,214934,Berlin,1,2021,9,6,6,3,2,6,1,0,1,0,1,0,0,0,"13,37908207","52,51337821"
29158,214933,Berlin,10,2021,9,7,4,3,0,6,0,0,1,0,1,0,0,0,"13,55936694","52,54776631"
29159,214932,Berlin,11,2021,9,7,3,3,0,1,0,1,0,0,0,0,0,0,"13,49466901","52,54594785"
29160,214931,Berlin,5,2021,9,8,3,3,5,3,0,1,1,0,0,0,0,0,"13,13276653","52,54919668"
29161,214930,Berlin,11,2021,9,13,3,3,2,6,0,0,1,0,0,0,0,0,"13,47575852","52,53285635"
29162,214929,Berlin,9,2021,8,8,3,3,3,6,0,0,1,0,1,0,1,0,"13,48156869","52,46105369"
29163,214928,Berlin,9,2021,9,15,6,2,3,6,0,1,1,0,0,0,0,0,"13,59451605","52,42639855"
29164,214927,Berlin,8,2021,9,18,4,2,1,5,0,0,1,0,0,0,0,0,"13,43895476","52,48236569"
29165,214926,Berlin,2,2021,8,8,2,3,3,6,0,0,1,0,0,1,0,1,"13,45219849","52,52752489"
29166,214925,Berlin,4,2021,8,23,6,3,0,7,2,0,0,0,0,0,1,0,"13,3056291","52,49989017"
29167,214924,Berlin,12,2021,9,10,2,3,5,2,0,1,1,0,0,0,0,0,"13,30723299","52,62106473"
29168,214923,Berlin,1,2021,9,17,7,3,6,4,1,0,1,1,0,0,0,0,"13,34295629","52,52598225"
29169,214922,Berlin,2,2021,9,12,7,3,2,6,0,0,1,0,1,0,0,0,"13,44383031","52,52531782"
29170,214921,Berlin,10,2021,10,9,6,3,5,3,0,1,1,0,0,0,0,0,"13,56999431","52,48687866"
29171,214920,Berlin,3,2021,9,7,3,3,5,2,0,0,1,0,1,0,0,0,"13,41847467","52,55347207"
29172,214919,Berlin,5,2021,9,21,4,2,6,4,2,0,1,1,0,0,0,0,"13,19978588","52,53481867"
29173,214918,Berlin,3,2021,9,22,3,2,6,4,2,0,1,1,0,0,0,0,"13,4344894","52,55350733"
29174,214917,Berlin,7,2021,8,10,5,2,5,2,0,0,1,0,0,0,0,0,"13,39274485","52,41265223"
29175,214916,Berlin,11,2021,8,10,3,3,2,6,0,0,1,0,0,0,0,0,"13,49211062","52,534065"
29176,214915,Berlin,4,2021,9,9,6,3,0,2,0,0,1,0,1,0,0,0,"13,31742075","52,50544159"
29177,214914,Berlin,9,2021,9,13,5,3,2,6,0,0,1,0,0,1,0,0,"13,55401167","52,45595444"
29178,214913,Berlin,2,2021,9,12,2,3,6,7,0,0,0,1,1,0,0,0,"13,43797289","52,49329705"
29179,214912,Berlin,4,2021,9,16,2,3,5,2,0,0,1,0,0,0,1,0,"13,29489254","52,53962814"
29180,214911,Berlin,5,2021,9,16,4,3,5,3,0,0,1,0,1,0,0,0,"13,26596476","52,53485671"
29181,214910,Berlin,6,2021,9,21,7,3,2,6,2,0,1,0,0,0,0,0,"13,32243085","52,4623981"
29182,214909,Berlin,4,2021,8,14,7,3,2,6,0,0,1,0,0,0,0,0,"13,30783577","52,49740339"
29183,214908,Berlin,2,2021,9,19,5,3,6,4,1,0,1,1,0,0,0,0,"13,4659181","52,50888484"
29184,214907,Berlin,4,2021,9,22,5,3,1,5,2,0,1,0,0,0,1,0,"13,31363728","52,48363627"
29185,214906,Berlin,7,2021,9,8,4,3,7,7,0,1,0,0,0,0,0,0,"13,37610998","52,4557709"
29186,214905,Berlin,2,2021,9,19,4,3,2,7,1,1,1,0,0,0,0,1,"13,43873466","52,49508539"
29187,214904,Berlin,3,2021,8,8,6,3,6,2,0,0,1,1,0,0,0,1,"13,40295786","52,56274293"
29188,214903,Berlin,1,2021,8,14,4,3,0,2,0,1,1,0,0,0,0,0,"13,3379394","52,51381253"
29189,214902,Berlin,5,2021,9,13,7,3,2,6,0,0,1,0,0,0,0,0,"13,21419083","52,53851843"
29190,214901,Berlin,4,2021,9,14,5,2,6,3,0,1,0,1,0,0,0,0,"13,32011759","52,47508846"
29191,214900,Berlin,5,2021,9,16,3,2,1,5,0,0,1,0,0,0,0,0,"13,21181661","52,56503997"
29192,214899,Berlin,2,2021,9,11,2,3,5,3,0,0,1,0,0,0,0,0,"13,41454747","52,50015487"
29193,214898,Berlin,1,2021,9,21,4,3,0,7,2,1,0,0,0,0,0,0,"13,33841109","52,52180959"
29194,214897,Berlin,12,2021,9,8,2,2,6,4,0,1,0,1,0,0,0,0,"13,36468655","52,57193875"
29195,214896,Berlin,1,2021,9,15,2,2,5,2,0,1,1,0,0,0,0,0,"13,37188873","52,50905405"
29196,214895,Berlin,1,2021,8,18,2,3,1,5,0,0,1,0,0,0,1,0,"13,33334023","52,54653855"
29197,214894,Berlin,3,2021,9,23,5,3,0,1,2,1,0,0,0,0,0,0,"13,46619308","52,55047765"
29198,214893,Berlin,1,2021,9,22,6,3,5,3,2,0,1,0,0,0,0,0,"13,35216314","52,50551996"
29199,214892,Berlin,6,2021,9,12,5,3,1,5,0,0,1,0,0,0,0,1,"13,31989296","52,46044962"
29200,214891,Berlin,10,2021,9,19,5,3,5,3,2,0,1,0,0,0,0,0,"13,53848974","52,52472092"
29201,214890,Berlin,4,2021,8,22,6,3,5,3,2,0,1,0,0,0,0,0,"13,30574085","52,53404362"
29202,214889,Berlin,10,2021,8,9,4,3,3,6,0,1,0,0,0,0,0,0,"13,54609779","52,52607711"
29203,214888,Berlin,6,2021,9,12,1,3,5,3,0,0,1,0,0,0,0,0,"13,20515388","52,42445284"
29204,214887,Berlin,1,2021,9,18,5,3,2,6,0,0,1,0,0,0,0,0,"13,35121411","52,5105118"
29205,214886,Berlin,4,2021,9,17,6,3,2,6,0,0,1,0,0,0,0,1,"13,28076537","52,51835504"
29206,214885,Berlin,6,2021,9,17,3,3,2,6,0,0,1,0,1,0,0,0,"13,30624269","52,41934368"
29207,214884,Berlin,1,2021,9,10,3,3,3,6,0,1,1,0,0,0,0,0,"13,40185912","52,52963702"
29208,214883,Berlin,4,2021,9,16,2,3,3,6,0,0,1,0,1,0,0,0,"13,26657342","52,51296908"
29209,214882,Berlin,4,2021,8,14,3,3,0,3,0,0,0,0,0,0,1,0,"13,33267025","52,50613725"
29210,214881,Berlin,1,2021,9,17,6,3,1,5,0,0,1,0,1,0,0,1,"13,41482544","52,5076058"
29211,214880,Berlin,2,2021,9,7,4,3,3,6,0,1,0,0,1,0,0,0,"13,38143335","52,50058687"
29212,214879,Berlin,4,2021,8,12,2,3,5,2,0,1,0,0,0,0,1,1,"13,33217092","52,50618977"
29213,214878,Berlin,6,2021,8,16,6,3,4,6,0,0,1,0,0,0,0,0,"13,26247273","52,44186529"
29214,214877,Berlin,6,2021,9,11,2,3,0,7,0,0,0,0,1,0,0,0,"13,34867036","52,45805254"
29215,214876,Berlin,12,2021,9,20,6,2,6,4,2,0,1,1,0,0,0,1,"13,32764813","52,56398191"
29216,214875,Berlin,12,2021,8,15,3,3,2,6,0,1,0,0,0,0,0,0,"13,2299013","52,62502228"
29217,214874,Berlin,2,2021,9,22,5,3,5,7,2,1,1,0,0,0,0,0,"13,44479284","52,50109721"
29218,214873,Berlin,11,2021,9,12,7,2,6,4,0,0,1,1,0,0,0,1,"13,47949761","52,52686338"
29219,214872,Berlin,8,2021,8,7,6,3,2,2,0,0,1,0,1,0,0,1,"13,43585194","52,46861402"
29220,214871,Berlin,7,2021,9,12,4,3,5,3,0,1,1,0,0,0,0,0,"13,33860987","52,49381072"
29221,214870,Berlin,3,2021,9,11,6,3,2,6,0,0,1,0,1,0,0,0,"13,37759679","52,57490132"
29222,214869,Berlin,2,2021,9,12,4,3,3,6,0,0,1,0,1,0,0,0,"13,45249359","52,52778499"
29223,214868,Berlin,2,2021,9,7,4,3,5,3,0,1,1,0,0,0,0,0,"13,46618412","52,49690507"
29224,214867,Berlin,2,2021,8,12,5,3,5,3,0,1,1,0,0,0,0,0,"13,41267159","52,49207527"
29225,214866,Berlin,2,2021,8,15,3,3,2,2,0,1,1,0,0,0,0,0,"13,38660495","52,50105126"
29226,214865,Berlin,2,2021,9,15,6,3,6,4,0,1,0,1,0,0,0,0,"13,39112056","52,48949106"
29227,214864,Berlin,9,2021,8,10,6,3,1,5,0,1,1,0,0,0,0,0,"13,52231265","52,46188857"
29228,214863,Berlin,7,2021,8,6,2,2,5,2,0,1,1,0,0,0,0,0,"13,37107161","52,47036961"
29229,214862,Berlin,5,2021,8,8,5,2,5,2,0,1,1,0,0,0,0,0,"13,24778485","52,54721395"
29230,214861,Berlin,8,2021,7,15,2,3,1,1,0,0,1,0,0,0,0,0,"13,42411276","52,46550264"
29231,214860,Berlin,3,2021,8,14,4,3,2,6,0,0,1,0,0,0,0,0,"13,38797914","52,61800547"
29232,214859,Berlin,2,2021,7,22,4,3,5,3,2,1,1,0,0,0,0,0,"13,41030067","52,50378271"
29233,214858,Berlin,3,2021,7,23,5,3,1,5,2,1,1,0,0,0,0,0,"13,41853926","52,54680449"
29234,214857,Berlin,2,2021,8,15,4,3,5,3,0,1,1,0,0,0,0,0,"13,41029918","52,50378311"
29235,214856,Berlin,5,2021,8,19,3,2,1,5,1,0,1,0,0,0,1,0,"13,23520232","52,52713325"
29236,214855,Berlin,4,2021,7,10,2,3,2,2,0,0,1,0,0,0,0,0,"13,28770233","52,49616182"
29237,214854,Berlin,5,2021,8,10,2,3,0,5,0,1,1,0,0,0,0,0,"13,20223087","52,5380626"
29238,214853,Berlin,11,2021,8,18,7,3,3,6,0,1,0,0,0,0,0,0,"13,50008921","52,48401744"
29239,214852,Berlin,12,2021,7,11,2,3,5,2,0,1,1,0,0,0,0,0,"13,32759442","52,56409475"
29240,214851,Berlin,7,2021,8,6,2,3,5,3,0,1,1,0,0,0,0,0,"13,37349978","52,48292709"
29241,214850,Berlin,8,2021,8,7,6,3,6,7,0,1,0,1,0,0,0,0,"13,44178859","52,45766663"
29242,214849,Berlin,7,2021,7,15,6,2,5,3,0,1,1,0,0,0,0,0,"13,34392226","52,48571858"
29243,214848,Berlin,6,2021,7,18,6,3,5,2,0,0,1,0,0,0,0,0,"13,33878691","52,44438122"
29244,214847,Berlin,2,2021,8,13,4,3,4,6,0,1,0,0,0,0,0,0,"13,43563356","52,49614056"
29245,214846,Berlin,4,2021,7,15,4,3,5,2,0,0,1,0,0,1,0,0,"13,26027676","52,51651787"
29246,214845,Berlin,4,2021,8,19,5,3,0,7,1,0,1,0,0,0,0,0,"13,33583832","52,49492012"
29247,214844,Berlin,11,2021,8,13,5,3,5,2,0,1,1,0,0,0,0,0,"13,5074962","52,56424458"
29248,214843,Berlin,7,2021,8,15,3,3,2,5,0,0,1,0,1,0,0,0,"13,40103326","52,41506449"
29249,214842,Berlin,9,2021,8,10,1,3,2,6,0,0,1,0,0,0,1,0,"13,56500473","52,43879468"
29250,214841,Berlin,5,2021,7,15,3,3,2,6,0,0,1,0,0,0,0,0,"13,20998616","52,54999449"
29251,214840,Berlin,8,2021,8,17,3,3,4,6,0,0,1,0,0,0,0,0,"13,4274667","52,45910033"
29252,214839,Berlin,3,2021,8,8,7,3,0,7,0,0,1,0,0,0,0,0,"13,4074875","52,58181683"
29253,214838,Berlin,4,2021,7,18,6,3,0,5,0,0,0,0,1,0,0,0,"13,30824577","52,46905839"
29254,214837,Berlin,11,2021,7,15,5,3,4,6,0,0,1,0,0,0,1,0,"13,52114863","52,5062854"
29255,214836,Berlin,7,2021,8,11,6,3,5,2,0,0,1,0,0,1,0,0,"13,37212635","52,46978436"
29256,214835,Berlin,3,2021,8,12,2,3,0,7,0,0,1,0,0,0,1,0,"13,4655263","52,56243207"
29257,214834,Berlin,3,2021,8,20,6,2,9,1,1,0,1,1,0,0,0,1,"13,42408169","52,55282082"
29258,214833,Berlin,11,2021,8,11,3,2,6,7,0,1,0,1,0,0,0,0,"13,51920765","52,51361314"
29259,214832,Berlin,12,2021,8,9,2,2,2,6,0,0,1,0,1,0,0,0,"13,33037348","52,58742848"
29260,214831,Berlin,9,2021,7,8,5,3,5,2,0,0,0,0,1,0,1,0,"13,54432859","52,39936591"
29261,214830,Berlin,4,2021,7,22,5,3,5,2,2,0,1,0,0,0,0,0,"13,32610463","52,53837732"
29262,214829,Berlin,4,2021,8,11,3,3,1,5,0,1,1,0,0,0,0,0,"13,29050839","52,47445079"
29263,214828,Berlin,1,2021,7,14,3,3,5,2,0,1,1,0,0,0,0,0,"13,37572677","52,54864381"
29264,214827,Berlin,2,2021,7,12,7,3,2,6,0,0,1,0,0,0,0,0,"13,46423239","52,50043826"
29265,214826,Berlin,5,2021,8,14,6,3,2,6,0,0,1,0,0,0,0,0,"13,20835098","52,56040163"
29266,214825,Berlin,2,2021,8,15,2,3,1,5,0,1,1,0,0,0,0,0,"13,38500999","52,49797153"
29267,214824,Berlin,7,2021,7,8,3,3,5,3,0,0,1,0,0,0,0,0,"13,37480886","52,48121415"
29268,214823,Berlin,3,2021,8,10,6,3,5,3,0,0,1,0,1,0,0,0,"13,49385913","52,63597189"
29269,214822,Berlin,9,2021,7,18,3,3,5,2,0,1,1,0,0,0,0,0,"13,51926775","52,45407803"
29270,214821,Berlin,8,2021,8,16,4,2,2,2,0,1,1,0,0,0,0,0,"13,4167918","52,41836959"
29271,214820,Berlin,10,2021,7,22,5,3,5,3,2,1,1,0,0,0,0,0,"13,51947088","52,53535614"
29272,214819,Berlin,6,2021,7,19,6,3,2,7,0,0,1,0,1,0,0,0,"13,30339096","52,4244666"
29273,214818,Berlin,12,2021,8,11,4,3,5,3,0,0,1,0,0,0,0,0,"13,23782833","52,60119319"
29274,214817,Berlin,1,2021,8,9,4,3,5,3,0,1,1,0,0,0,0,0,"13,38031039","52,5188031"
29275,214816,Berlin,8,2021,7,15,4,3,5,2,0,1,1,0,0,0,0,0,"13,42556831","52,47921627"
29276,214815,Berlin,11,2021,8,14,4,2,5,3,0,0,1,0,1,0,0,0,"13,50177577","52,55813029"
29277,214814,Berlin,9,2021,8,13,4,3,2,3,0,1,1,0,0,0,0,0,"13,59329217","52,45290871"
29278,214813,Berlin,12,2021,8,13,2,3,6,2,0,0,0,1,0,0,1,0,"13,37351699","52,56420867"
29279,214812,Berlin,9,2021,8,13,7,3,2,6,0,0,1,0,1,0,1,0,"13,5531654","52,46820568"
29280,214811,Berlin,11,2021,7,17,3,3,5,3,0,1,1,0,0,0,0,0,"13,50713695","52,51525125"
29281,214810,Berlin,1,2021,8,8,3,3,2,6,0,0,1,0,0,0,0,0,"13,37449874","52,55680954"
29282,214809,Berlin,1,2021,8,22,1,3,6,2,2,0,1,1,0,0,0,1,"13,38126765","52,55243548"
29283,214808,Berlin,3,2021,7,17,7,3,5,3,0,0,1,0,1,0,0,0,"13,42726797","52,54971168"
29284,214807,Berlin,4,2021,7,20,7,2,3,6,0,0,1,0,1,0,0,0,"13,32097795","52,51309087"
29285,214806,Berlin,8,2021,8,13,5,3,2,6,0,0,1,0,1,0,0,0,"13,44584919","52,47895483"
29286,214805,Berlin,4,2021,7,14,6,3,5,2,0,1,1,0,0,0,0,0,"13,29431652","52,49776158"
29287,214804,Berlin,11,2021,7,5,6,3,5,3,0,1,1,0,0,0,0,0,"13,50213355","52,55735916"
29288,214803,Berlin,8,2021,8,18,5,3,6,7,0,0,0,1,0,0,1,0,"13,44559506","52,48583617"
29289,214802,Berlin,4,2021,8,18,4,2,5,7,0,0,1,0,1,0,0,0,"13,30631683","52,52983948"
29290,214801,Berlin,8,2021,8,12,3,3,5,2,0,1,0,0,0,0,1,0,"13,43395844","52,48984928"
29291,214800,Berlin,1,2021,8,14,1,3,0,1,0,0,0,0,1,0,0,0,"13,42109837","52,50968928"
29292,214799,Berlin,7,2021,7,14,4,2,0,2,0,0,1,0,0,0,1,0,"13,38172639","52,46103366"
29293,214798,Berlin,5,2021,8,18,1,2,5,3,0,0,1,0,0,0,0,0,"13,21714311","52,56046696"
29294,214797,Berlin,5,2021,7,9,3,2,2,6,0,0,1,0,0,0,1,0,"13,21763965","52,53770648"
29295,214796,Berlin,5,2021,7,13,1,3,2,5,0,0,1,0,0,0,0,0,"13,21488309","52,56470466"
29296,214795,Berlin,1,2021,8,21,3,2,5,3,1,1,1,0,0,0,0,0,"13,35303224","52,50229271"
29297,214794,Berlin,1,2021,8,22,7,3,5,2,2,1,1,0,0,0,0,1,"13,40303057","52,53366999"
29298,214793,Berlin,4,2021,7,21,5,3,7,7,1,0,0,0,1,0,0,0,"13,3296696","52,50546717"
29299,214792,Berlin,8,2021,7,21,6,3,5,2,2,1,1,0,0,0,0,0,"13,4239943","52,47727486"
29300,214791,Berlin,9,2021,8,13,4,3,0,2,0,1,1,0,0,0,0,0,"13,55083023","52,42907889"
29301,214790,Berlin,12,2021,7,5,4,3,5,3,1,1,1,0,0,0,0,0,"13,36206523","52,56870076"
29302,214789,Berlin,4,2021,7,18,6,3,5,3,0,1,1,0,0,0,0,0,"13,29122279","52,5065936"
29303,214788,Berlin,4,2021,8,18,5,3,5,2,0,0,1,0,0,0,1,0,"13,27564749","52,50154409"
29304,214787,Berlin,2,2021,8,15,5,3,5,2,0,0,1,0,0,0,1,0,"13,38243935","52,48511623"
29305,214786,Berlin,12,2021,8,9,3,3,2,6,0,0,1,0,0,0,0,0,"13,32800519","52,56431289"
29306,214785,Berlin,9,2021,8,12,1,2,3,6,0,1,1,0,0,0,0,0,"13,59258499","52,4546539"
29307,214784,Berlin,2,2021,7,10,4,3,5,3,0,1,0,0,1,0,0,0,"13,38153388","52,50057387"
29308,214783,Berlin,11,2021,8,15,2,2,5,2,0,1,1,0,0,0,0,0,"13,52403337","52,47743857"
29309,214782,Berlin,8,2021,7,0,6,2,1,6,2,1,1,1,0,0,0,0,"13,42446792","52,48467019"
29310,214781,Berlin,11,2021,7,17,6,3,0,2,0,1,1,0,0,0,0,0,"13,48650844","52,50238496"
29311,214780,Berlin,2,2021,7,19,2,3,1,5,0,1,1,0,0,0,0,0,"13,41960362","52,50119306"
29312,214779,Berlin,9,2021,8,6,6,3,5,2,1,1,1,0,0,0,0,0,"13,47377849","52,47499338"
29313,214778,Berlin,8,2021,8,11,2,3,5,3,0,0,1,0,0,0,0,0,"13,50350691","52,411567"
29314,214777,Berlin,4,2021,7,17,3,3,1,5,0,0,1,0,0,1,0,0,"13,30108519","52,54802485"
29315,214776,Berlin,1,2021,8,19,6,3,0,3,0,1,1,0,0,0,0,0,"13,40335907","52,5273833"
29316,214775,Berlin,4,2021,7,4,2,3,1,5,0,0,1,0,1,0,0,0,"13,32540383","52,51658322"
29317,214774,Berlin,4,2021,8,16,4,3,2,6,0,0,1,0,0,0,0,0,"13,33463508","52,49959369"
29318,214773,Berlin,3,2021,7,16,4,3,0,3,0,1,1,0,0,0,0,0,"13,47306435","52,61692268"
29319,214772,Berlin,1,2021,7,17,6,3,0,1,0,0,0,0,0,0,1,0,"13,37383156","52,51957514"
29320,214771,Berlin,3,2021,8,10,3,3,3,6,0,0,1,0,1,0,0,0,"13,44994087","52,53680261"
29321,214770,Berlin,1,2021,7,23,3,3,6,7,2,0,1,1,0,0,0,0,"13,3792875","52,55299519"
29322,214769,Berlin,4,2021,7,19,7,3,5,3,0,1,1,0,0,0,0,0,"13,30954019","52,5136503"
29323,214768,Berlin,1,2021,8,21,6,3,0,1,2,1,0,0,0,0,0,0,"13,41095719","52,52207601"
29324,214767,Berlin,5,2021,8,7,2,3,4,6,1,0,1,0,1,0,0,0,"13,21886565","52,52466143"
29325,214766,Berlin,4,2021,8,8,6,3,0,6,0,0,0,0,1,0,1,0,"13,3324492","52,50606072"
29326,214765,Berlin,1,2021,7,17,2,3,1,5,0,1,1,0,0,0,0,0,"13,38651523","52,52369796"
29327,214764,Berlin,11,2021,7,16,5,3,5,2,0,1,1,0,0,0,0,1,"13,47630075","52,53313042"
29328,214763,Berlin,11,2021,7,12,7,3,2,6,0,0,1,0,0,0,0,0,"13,47755539","52,51465929"
29329,214762,Berlin,1,2021,8,21,4,2,1,5,2,1,1,0,0,0,0,0,"13,346938","52,54727743"
29330,214761,Berlin,1,2021,8,17,3,3,6,4,0,0,0,1,0,0,1,0,"13,40356883","52,52310998"
29331,214760,Berlin,8,2021,7,20,4,3,1,5,0,1,1,0,0,0,0,0,"13,44615973","52,48627032"
29332,214759,Berlin,6,2021,8,16,5,3,0,1,0,0,1,0,1,0,0,0,"13,30693602","52,43570131"
29333,214758,Berlin,2,2021,8,12,4,3,3,6,0,1,0,0,0,0,0,0,"13,44423554","52,51157041"
29334,214757,Berlin,11,2021,8,7,2,3,3,6,0,1,1,0,0,0,0,0,"13,52783069","52,55675155"
29335,214756,Berlin,12,2021,8,10,7,3,2,7,0,0,1,0,1,0,0,0,"13,3756319","52,5687688"
29336,214755,Berlin,1,2021,7,13,3,2,5,3,0,0,1,0,1,0,0,0,"13,33994265","52,52808951"
29337,214754,Berlin,8,2021,8,8,3,3,1,5,0,0,1,0,0,0,0,0,"13,50807671","52,42613787"
29338,214753,Berlin,9,2021,8,20,1,3,5,3,0,0,1,0,0,0,0,0,"13,56613503","52,43945993"
29339,214752,Berlin,9,2021,7,10,6,3,5,3,0,0,1,0,0,0,1,0,"13,65379177","52,41685151"
29340,214751,Berlin,6,2021,7,20,7,3,1,5,0,0,1,0,1,0,0,0,"13,27956518","52,43618764"
29341,214750,Berlin,4,2021,8,13,5,3,5,3,0,0,1,0,0,0,0,0,"13,27176971","52,48188588"
29342,214749,Berlin,8,2021,7,17,5,3,5,7,0,0,1,0,1,0,0,0,"13,43541082","52,4599631"
29343,214748,Berlin,6,2021,8,11,6,3,2,2,0,0,1,0,0,0,0,0,"13,26689623","52,41221606"
29344,214747,Berlin,9,2021,7,15,3,3,5,2,0,1,1,0,0,0,0,0,"13,50861704","52,463702"
29345,214746,Berlin,5,2021,8,13,5,3,5,2,0,1,1,0,0,0,0,0,"13,17747471","52,52532918"
29346,214745,Berlin,6,2021,8,13,3,3,5,2,0,0,1,0,1,0,0,1,"13,34359737","52,43916158"
29347,214744,Berlin,2,2021,8,19,2,2,0,1,0,1,0,0,0,0,0,1,"13,4566541","52,50979849"
29348,214743,Berlin,7,2021,7,1,5,3,0,1,2,0,0,0,0,0,1,0,"13,36765233","52,48826801"
29349,214742,Berlin,12,2021,8,14,1,3,5,2,0,0,1,0,1,0,0,0,"13,20983219","52,60303556"
29350,214741,Berlin,3,2021,7,9,3,3,5,2,0,0,1,0,0,0,1,0,"13,46847816","52,56214228"
29351,214740,Berlin,1,2021,7,15,2,3,0,1,0,1,0,0,0,0,0,0,"13,368469","52,52203943"
29352,214739,Berlin,1,2021,7,11,2,3,2,6,0,1,1,0,0,0,0,0,"13,38732191","52,52591489"
29353,214738,Berlin,9,2021,8,17,6,3,7,7,0,1,0,0,0,0,0,0,"13,52437232","52,44965267"
29354,214737,Berlin,12,2021,8,17,1,2,0,7,0,1,0,0,0,0,0,1,"13,32393309","52,56072668"
29355,214736,Berlin,9,2021,8,15,5,3,5,2,0,0,1,0,0,0,0,0,"13,52589128","52,42301711"
29356,214735,Berlin,4,2021,8,14,3,3,3,6,0,0,1,0,0,0,0,0,"13,32327051","52,51094611"
29357,214734,Berlin,10,2021,7,12,4,2,8,1,0,0,1,0,0,0,1,0,"13,59242151","52,53703441"
29358,214733,Berlin,10,2021,7,11,5,2,5,3,0,0,1,0,1,0,0,0,"13,59760045","52,50235257"
29359,214732,Berlin,8,2021,8,23,3,3,5,3,2,0,1,0,0,0,0,0,"13,43471808","52,48284198"
29360,214731,Berlin,2,2021,8,16,2,3,0,1,0,0,0,0,1,0,0,0,"13,44052745","52,51349968"
29361,214730,Berlin,1,2021,7,22,4,2,5,2,2,1,1,0,0,0,0,0,"13,41937449","52,50580077"
29362,214729,Berlin,8,2021,7,12,6,1,5,2,0,0,0,0,1,0,1,0,"13,50346773","52,4116735"
29363,214728,Berlin,5,2021,7,16,2,3,2,6,0,0,1,0,1,0,0,0,"13,20791701","52,55906695"
29364,214727,Berlin,12,2021,8,23,2,3,1,1,2,0,1,0,0,0,0,0,"13,29620988","52,57426643"
29365,214726,Berlin,1,2021,8,18,7,3,5,3,0,0,1,0,0,0,0,0,"13,39284984","52,5425801"
29366,214725,Berlin,7,2021,8,15,3,2,6,4,0,0,1,1,0,0,0,0,"13,34770842","52,48530739"
29367,214724,Berlin,8,2021,8,22,6,2,5,3,2,1,0,0,0,0,1,1,"13,43604229","52,44899516"
29368,214723,Berlin,12,2021,7,11,2,2,2,6,0,0,1,0,1,0,0,0,"13,32767899","52,60894984"
29369,214722,Berlin,2,2021,8,9,6,3,5,3,0,1,1,0,0,0,0,0,"13,39858715","52,49640915"
29370,214721,Berlin,5,2021,8,7,2,3,2,6,0,0,1,0,0,0,0,0,"13,20979546","52,53851399"
29371,214720,Berlin,8,2021,8,9,6,3,5,3,0,0,1,0,1,0,0,0,"13,51973062","52,412525"
29372,214719,Berlin,4,2021,7,15,2,3,2,6,0,0,1,0,0,0,0,0,"13,33030499","52,50709083"
29373,214718,Berlin,3,2021,8,19,4,3,5,3,0,0,1,0,0,0,1,0,"13,40720773","52,53950835"
29374,214717,Berlin,8,2021,7,12,4,3,3,2,0,0,1,0,0,0,1,0,"13,49676248","52,41568142"
29375,214716,Berlin,8,2021,7,17,5,3,2,1,0,0,1,0,0,0,1,0,"13,41730546","52,4802773"
29376,214715,Berlin,9,2021,8,11,2,3,0,3,0,1,1,0,0,0,0,0,"13,59657295","52,44149595"
29377,214714,Berlin,9,2021,7,15,2,3,5,2,0,0,1,0,0,0,0,0,"13,54125369","52,43535147"
29378,214713,Berlin,1,2021,8,14,6,3,5,3,0,1,1,0,0,0,0,0,"13,39768158","52,52945209"
29379,214712,Berlin,12,2021,8,19,3,3,5,2,0,0,1,0,0,0,0,0,"13,29142034","52,62581181"
29380,214711,Berlin,1,2021,8,18,6,3,3,6,0,1,0,0,0,0,0,0,"13,30982716","52,55171485"
29381,214710,Berlin,6,2021,7,13,5,3,2,6,0,0,1,0,0,0,0,0,"13,30445258","52,46228612"
29382,214709,Berlin,12,2021,7,17,6,3,5,3,0,1,1,0,0,0,0,0,"13,37817668","52,56600369"
29383,214708,Berlin,2,2021,8,9,4,2,5,2,0,1,1,0,0,0,0,0,"13,45786422","52,50950102"
29384,214707,Berlin,2,2021,7,15,4,3,5,2,0,0,1,0,0,0,1,0,"13,39596643","52,49836844"
29385,214706,Berlin,3,2021,7,15,7,3,6,4,0,1,0,1,0,0,0,0,"13,43337752","52,55825595"
29386,214705,Berlin,7,2021,8,14,5,3,6,7,0,0,0,1,0,0,1,0,"13,32836504","52,46617066"
29387,214704,Berlin,12,2021,8,17,3,3,1,5,0,1,1,0,0,0,0,0,"13,27701929","52,58958538"
29388,214703,Berlin,6,2021,8,11,2,3,1,5,0,0,1,0,1,0,0,0,"13,33318607","52,45266889"