,id,city,district,year,month,hour,weekday,injury_level,collision,movement,light_conditions,bicycle,car,pedestrian,motorbike,truck,other_vehicle,road_conditions,longitude,latitude
29389,214702,Berlin,2,2021,8,16,7,3,5,2,0,1,1,0,0,0,0,0,"13,41253614","52,49189708"
29390,214701,Berlin,6,2021,7,19,3,2,0,1,0,1,0,0,0,0,0,0,"13,33920187","52,46267204"
29391,214700,Berlin,2,2021,8,16,3,3,0,1,0,0,0,0,0,0,1,0,"13,39172957","52,49196622"
29392,214699,Berlin,6,2021,8,21,7,3,5,2,2,1,1,0,0,0,0,1,"13,29028936","52,45805649"
29393,214698,Berlin,2,2021,7,15,7,3,5,2,0,1,1,0,0,0,0,0,"13,45356431","52,51413556"
29394,214697,Berlin,8,2021,7,19,7,2,2,4,1,0,1,1,0,0,0,0,"13,46995447","52,42663276"
29395,214696,Berlin,2,2021,8,9,5,3,5,2,0,1,1,0,0,0,0,0,"13,44634432","52,51763801"
29396,214695,Berlin,2,2021,7,15,5,3,0,7,0,1,0,0,0,0,0,0,"13,4044485","52,49831277"
29397,214694,Berlin,5,2021,8,12,6,3,5,3,0,1,1,0,0,0,0,0,"13,15882492","52,46259064"
29398,214693,Berlin,10,2021,8,18,4,3,3,6,0,1,0,0,1,0,0,0,"13,58200854","52,5207137"
29399,214692,Berlin,8,2021,8,18,4,3,5,2,0,1,1,0,0,0,0,0,"13,42498582","52,48063265"
29400,214691,Berlin,6,2021,7,17,7,3,5,2,0,1,0,0,0,0,1,0,"13,34397618","52,46205835"
29401,214690,Berlin,3,2021,8,16,2,3,2,1,0,1,1,0,0,0,0,0,"13,44971409","52,55266176"
29402,214689,Berlin,6,2021,7,18,5,2,3,6,0,1,0,0,0,0,0,0,"13,33226656","52,46384839"
29403,214688,Berlin,3,2021,8,0,1,3,8,1,2,0,1,0,0,0,0,0,"13,37598564","52,59720054"
29404,214687,Berlin,12,2021,7,13,7,3,5,2,0,0,1,0,1,0,0,0,"13,31463645","52,5752781"
29405,214686,Berlin,5,2021,7,12,1,3,5,3,0,1,1,0,0,0,0,0,"13,15977524","52,56447809"
29406,214685,Berlin,1,2021,8,20,6,3,6,4,1,0,0,1,0,0,1,0,"13,38413901","52,51009976"
29407,214684,Berlin,11,2021,8,16,2,3,6,4,0,1,0,1,0,0,0,0,"13,49676221","52,50747419"
29408,214683,Berlin,2,2021,8,14,6,3,5,2,0,1,1,0,0,0,0,0,"13,37503017","52,48503927"
29409,214682,Berlin,12,2021,7,12,2,2,5,3,0,1,1,0,0,0,0,0,"13,34403097","52,59604216"
29410,214681,Berlin,4,2021,8,8,5,3,5,3,0,0,1,0,0,0,0,0,"13,3037399","52,52552505"
29411,214680,Berlin,1,2021,7,11,4,3,5,2,0,1,1,0,0,0,0,0,"13,3766071","52,50963631"
29412,214679,Berlin,4,2021,7,15,5,3,1,5,0,1,1,0,0,0,0,0,"13,31703594","52,51788582"
29413,214678,Berlin,1,2021,8,13,4,3,3,6,0,1,1,0,0,0,0,0,"13,39063096","52,52439993"
29414,214677,Berlin,3,2021,8,23,2,2,5,2,2,0,1,0,1,0,0,0,"13,4995467","52,63114025"
29415,214676,Berlin,5,2021,7,14,3,3,3,6,0,0,1,0,0,0,0,0,"13,21397916","52,53839069"
29416,214675,Berlin,12,2021,7,9,3,3,0,2,0,0,0,0,0,0,1,0,"13,23461364","52,62195544"
29417,214674,Berlin,7,2021,8,6,2,3,5,2,0,0,1,0,1,0,0,0,"13,37718495","52,46863916"
29418,214673,Berlin,4,2021,8,14,7,3,5,2,0,0,1,0,1,0,0,0,"13,30755765","52,50362394"
29419,214672,Berlin,4,2021,7,18,2,2,5,3,0,0,1,0,0,0,0,0,"13,31048204","52,51609216"
29420,214671,Berlin,5,2021,8,13,2,2,5,3,0,0,1,0,0,0,1,0,"13,17194393","52,55013538"
29421,214670,Berlin,12,2021,8,10,7,3,2,6,0,0,1,0,0,0,0,0,"13,3137699","52,60517723"
29422,214669,Berlin,12,2021,7,11,5,3,0,2,0,1,1,0,0,0,0,0,"13,31206194","52,56795857"
29423,214668,Berlin,4,2021,7,13,6,2,2,6,0,1,1,0,0,0,0,0,"13,33455058","52,50327685"
29424,214667,Berlin,3,2021,8,7,4,3,1,5,0,1,1,0,0,0,0,0,"13,42043753","52,56663371"
29425,214666,Berlin,2,2021,7,12,4,3,5,3,0,1,0,0,0,0,0,0,"13,43420307","52,52332382"
29426,214665,Berlin,4,2021,8,11,5,3,2,6,0,0,1,0,0,0,0,0,"13,28517485","52,47944476"
29427,214664,Berlin,6,2021,8,12,4,3,5,3,0,1,1,0,0,0,0,0,"13,26794133","52,44545663"
29428,214663,Berlin,7,2021,8,8,3,2,0,7,0,0,0,0,1,0,0,1,"13,39422323","52,48395168"
29429,214662,Berlin,12,2021,8,19,1,2,1,6,1,0,1,0,0,0,0,0,"13,32202058","52,5949458"
29430,214661,Berlin,1,2021,7,14,3,3,5,3,0,0,1,0,0,0,0,0,"13,39966571","52,50914057"
29431,214660,Berlin,9,2021,8,8,3,3,2,2,0,0,1,0,0,0,0,0,"13,5931624","52,4516851"
29432,214659,Berlin,1,2021,8,16,1,3,5,3,0,1,0,0,0,0,1,0,"13,39125581","52,55371159"
29433,214658,Berlin,1,2021,7,21,6,3,3,6,2,0,0,0,1,0,1,1,"13,39814758","52,53886594"
29434,214657,Berlin,1,2021,7,14,5,2,6,4,0,0,1,1,0,1,0,0,"13,32835042","52,53429349"
29435,214656,Berlin,5,2021,8,18,6,2,2,6,0,0,1,0,0,0,0,0,"13,19198285","52,5462357"
29436,214655,Berlin,7,2021,7,14,6,3,5,3,0,0,1,0,0,0,0,0,"13,37844079","52,43760141"
29437,214654,Berlin,1,2021,7,19,6,2,5,3,0,0,1,0,0,0,0,0,"13,38997639","52,5094452"
29438,214653,Berlin,5,2021,8,8,5,3,1,7,0,0,1,0,0,0,0,0,"13,2356064","52,5388382"
29439,214652,Berlin,9,2021,7,14,5,3,5,2,0,1,1,0,0,0,0,0,"13,54526465","52,42571165"
29440,214651,Berlin,1,2021,8,13,5,3,5,3,0,1,1,0,0,0,0,0,"13,40567026","52,51411913"
29441,214650,Berlin,6,2021,8,18,3,3,2,6,0,0,1,0,0,0,0,0,"13,316669","52,42583941"
29442,214649,Berlin,7,2021,8,16,3,2,5,3,0,0,1,0,1,0,0,1,"13,36020494","52,49044846"
29443,214648,Berlin,8,2021,8,20,1,3,5,3,1,0,1,0,0,0,1,0,"13,43571769","52,4690285"
29444,214647,Berlin,4,2021,7,19,4,3,2,6,0,0,1,0,0,0,0,0,"13,28616651","52,4954544"
29445,214646,Berlin,5,2021,8,16,3,2,0,7,0,1,1,0,0,0,0,0,"13,157739","52,5428897"
29446,214645,Berlin,1,2021,8,18,7,3,1,5,0,0,1,0,1,0,0,0,"13,39130484","52,52208262"
29447,214644,Berlin,5,2021,7,12,6,3,5,7,0,0,1,0,0,0,0,0,"13,1557752","52,53295317"
29448,214643,Berlin,4,2021,8,9,5,3,5,7,0,1,1,0,0,0,0,0,"13,31457762","52,52161751"
29449,214642,Berlin,1,2021,7,10,6,3,5,2,0,0,1,0,0,0,0,0,"13,33739126","52,55864618"
29450,214641,Berlin,4,2021,8,15,5,3,5,2,0,0,1,0,0,0,0,0,"13,29734061","52,52651854"
29451,214640,Berlin,1,2021,8,17,4,3,5,2,0,1,1,0,0,0,0,0,"13,37781432","52,50797437"
29452,214639,Berlin,2,2021,8,18,3,3,5,7,0,1,0,0,0,0,1,0,"13,42376896","52,48850668"
29453,214638,Berlin,1,2021,8,20,2,3,2,6,2,0,1,0,0,1,0,1,"13,37747959","52,55629462"
29454,214637,Berlin,4,2021,7,10,4,2,5,2,0,0,1,0,1,0,0,0,"13,3131446","52,50071038"
29455,214636,Berlin,10,2021,8,12,1,3,0,6,0,0,1,0,1,0,0,0,"13,51757096","52,5348766"
29456,214635,Berlin,2,2021,7,20,7,3,5,2,0,1,1,0,0,0,0,0,"13,45730475","52,50341551"
29457,214634,Berlin,6,2021,8,16,6,3,2,6,0,0,1,0,0,0,0,0,"13,34874075","52,45647818"
29458,214633,Berlin,8,2021,8,9,2,3,1,5,0,1,1,0,0,0,0,0,"13,43686257","52,48006533"
29459,214632,Berlin,4,2021,8,16,6,3,5,3,0,0,1,0,0,0,0,0,"13,30710473","52,50566695"
29460,214631,Berlin,8,2021,7,18,3,3,1,5,0,0,0,0,0,1,1,0,"13,43829666","52,46718265"
29461,214630,Berlin,10,2021,8,18,5,3,2,2,0,0,1,0,1,0,0,0,"13,56984522","52,54070743"
29462,214629,Berlin,11,2021,7,10,4,3,5,2,0,1,0,0,0,1,0,0,"13,47822666","52,51503844"
29463,214628,Berlin,4,2021,7,13,5,3,1,5,0,0,1,0,0,0,0,0,"13,33679746","52,50278975"
29464,214627,Berlin,6,2021,8,19,4,3,8,1,1,0,1,0,0,0,0,0,"13,2722471","52,41295123"
29465,214626,Berlin,2,2021,8,8,3,3,2,6,0,0,1,0,0,0,0,0,"13,41008589","52,50150131"
29466,214625,Berlin,5,2021,7,11,4,3,5,2,0,0,1,0,0,0,0,0,"13,16540521","52,55121303"
29467,214624,Berlin,6,2021,8,7,4,3,5,3,0,1,0,0,0,0,0,0,"13,1805373","52,41939041"
29468,214623,Berlin,3,2021,7,8,2,3,5,2,0,1,1,0,0,0,0,0,"13,42244157","52,55992991"
29469,214622,Berlin,2,2021,8,21,2,3,5,3,2,0,1,0,0,0,0,1,"13,39957216","52,50458624"
29470,214621,Berlin,2,2021,8,2,7,3,0,1,2,0,0,0,1,0,0,0,"13,42006557","52,50222997"
29471,214620,Berlin,1,2021,7,21,3,3,0,2,2,1,1,0,0,0,0,0,"13,42820112","52,50728368"
29472,214619,Berlin,7,2021,8,16,3,3,6,4,0,0,1,1,0,0,0,0,"13,40743345","52,38667027"
29473,214618,Berlin,3,2021,8,14,7,3,0,7,0,0,1,0,0,0,0,0,"13,39424496","52,57247988"
29474,214617,Berlin,12,2021,7,18,5,3,1,5,0,0,1,0,1,0,0,1,"13,35131855","52,59642687"
29475,214616,Berlin,7,2021,7,15,6,3,1,7,0,0,1,0,0,0,0,0,"13,3927715","52,42130816"
29476,214615,Berlin,6,2021,8,8,4,2,5,2,0,1,1,0,0,0,0,0,"13,29665531","52,46439849"
29477,214614,Berlin,8,2021,7,20,5,2,5,7,0,0,1,0,1,0,0,0,"13,42792631","52,47380666"
29478,214613,Berlin,1,2021,8,11,5,3,1,6,0,1,1,0,0,0,0,0,"13,364088","52,50927865"
29479,214612,Berlin,1,2021,8,13,5,3,5,2,0,1,1,0,0,0,0,0,"13,40630682","52,5249491"
29480,214611,Berlin,1,2021,8,12,3,3,2,6,0,0,1,0,0,0,0,1,"13,32835155","52,53428031"
29481,214610,Berlin,1,2021,7,20,7,3,5,2,1,0,1,0,0,0,1,0,"13,4236882","52,5238857"
29482,214609,Berlin,9,2021,8,0,1,2,9,1,2,0,0,0,1,0,0,0,"13,56918142","52,44434839"
29483,214608,Berlin,3,2021,7,15,4,3,1,5,0,0,1,0,0,0,1,0,"13,43076259","52,56115686"
29484,214607,Berlin,10,2021,8,13,2,3,2,6,0,0,0,0,1,1,0,0,"13,51787367","52,53552371"
29485,214606,Berlin,11,2021,7,14,7,3,5,3,0,0,1,0,0,0,1,0,"13,5084213","52,54924006"
29486,214605,Berlin,1,2021,7,18,5,2,5,2,1,0,1,0,1,0,0,0,"13,38208869","52,51396047"
29487,214604,Berlin,12,2021,8,7,6,3,0,7,0,1,0,0,0,0,0,0,"13,29008853","52,58219982"
29488,214603,Berlin,1,2021,8,11,2,3,0,3,0,0,1,0,1,0,0,0,"13,39279598","52,54252543"
29489,214602,Berlin,1,2021,8,9,6,3,0,7,0,0,1,0,1,0,0,0,"13,42276904","52,5140191"
29490,214601,Berlin,7,2021,8,14,3,3,2,6,0,0,1,0,0,0,0,0,"13,38147647","52,44048259"
29491,214600,Berlin,9,2021,7,9,5,3,2,2,0,0,1,0,0,0,1,0,"13,57695684","52,44434854"
29492,214599,Berlin,3,2021,7,14,5,3,0,7,0,0,0,0,0,0,1,0,"13,43245139","52,55045212"
29493,214598,Berlin,4,2021,8,13,3,2,5,2,0,1,1,0,0,0,0,0,"13,28776378","52,48088897"
29494,214597,Berlin,12,2021,7,13,4,3,0,5,0,0,1,0,0,0,1,0,"13,37761279","52,57071989"
29495,214596,Berlin,2,2021,7,14,7,3,2,6,0,0,1,0,0,0,1,0,"13,39571283","52,49837509"
29496,214595,Berlin,8,2021,8,13,6,3,2,6,0,0,1,0,0,0,0,0,"13,42892209","52,48601778"
29497,214594,Berlin,3,2021,8,20,2,3,0,1,0,1,0,0,0,0,0,0,"13,42366483","52,55155803"
29498,214593,Berlin,10,2021,8,13,7,3,5,3,0,1,1,0,0,0,0,0,"13,56177434","52,54997292"
29499,214592,Berlin,4,2021,7,18,3,3,2,7,0,0,1,0,1,0,0,0,"13,28018836","52,5178986"
29500,214591,Berlin,4,2021,8,10,4,3,5,2,0,0,1,0,0,0,0,0,"13,32507392","52,51748954"
29501,214590,Berlin,12,2021,7,17,5,3,5,2,0,1,1,0,0,0,0,1,"13,3132612","52,58558172"
29502,214589,Berlin,4,2021,7,8,6,3,0,2,0,1,1,0,0,0,0,0,"13,32035088","52,48172332"
29503,214588,Berlin,9,2021,8,13,4,3,2,6,0,0,1,0,1,0,0,0,"13,47241922","52,45428505"
29504,214587,Berlin,9,2021,8,15,2,3,5,2,0,0,1,0,0,0,0,0,"13,53860396","52,43447265"
29505,214586,Berlin,10,2021,8,12,6,3,5,3,0,1,1,0,0,0,0,0,"13,56092024","52,49256921"
29506,214585,Berlin,5,2021,8,17,4,2,0,3,0,0,1,0,1,0,0,0,"13,22266572","52,53982491"
29507,214584,Berlin,5,2021,8,18,2,3,5,2,0,0,1,0,0,0,0,1,"13,18456466","52,51555093"
29508,214583,Berlin,7,2021,7,16,4,3,0,3,0,1,1,0,0,0,0,0,"13,35907057","52,48368633"
29509,214582,Berlin,4,2021,8,23,1,3,0,1,2,0,0,0,0,0,1,0,"13,31017433","52,51636883"
29510,214581,Berlin,4,2021,7,18,7,3,5,2,0,0,1,0,0,0,0,0,"13,302024","52,52583347"
29511,214580,Berlin,8,2021,8,15,6,3,5,2,0,1,1,0,0,0,0,0,"13,45706342","52,45336502"
29512,214579,Berlin,5,2021,8,16,3,2,6,4,0,0,1,1,0,0,0,0,"13,14961525","52,55411039"
29513,214578,Berlin,11,2021,8,6,7,3,5,2,0,0,1,0,0,0,0,0,"13,46770645","52,54651945"
29514,214577,Berlin,12,2021,7,12,2,3,5,3,0,1,0,0,0,0,0,0,"13,32326315","52,59746395"
29515,214576,Berlin,5,2021,8,13,4,3,5,2,0,0,1,0,1,0,0,0,"13,20074491","52,5385948"
29516,214575,Berlin,9,2021,7,5,4,3,0,6,0,0,1,0,0,0,1,1,"13,57867341","52,45781128"
29517,214574,Berlin,5,2021,7,14,5,2,2,2,0,0,1,0,1,0,0,0,"13,15552824","52,55299415"
29518,214573,Berlin,10,2021,8,17,4,3,5,3,0,0,1,0,0,0,1,0,"13,56745225","52,57332116"
29519,214572,Berlin,1,2021,8,16,2,3,5,2,0,1,0,0,0,0,1,0,"13,40365602","52,5260261"
29520,214571,Berlin,4,2021,7,20,5,3,1,5,0,1,1,0,0,0,0,0,"13,29892589","52,51968769"
29521,214570,Berlin,4,2021,8,16,4,2,5,3,0,1,1,0,0,0,0,0,"13,30420282","52,50371665"
29522,214569,Berlin,2,2021,8,21,3,3,5,3,2,1,1,0,0,0,0,0,"13,4103254","52,50377613"
29523,214568,Berlin,1,2021,8,14,2,3,5,3,0,1,1,0,0,0,0,0,"13,37370703","52,54223773"
29524,214567,Berlin,1,2021,8,9,7,3,5,3,0,1,1,0,0,0,0,0,"13,37089335","52,51107969"
29525,214566,Berlin,4,2021,7,14,3,3,2,6,0,0,1,0,1,0,0,0,"13,30034779","52,52227611"
29526,214565,Berlin,4,2021,8,10,3,3,5,2,0,1,1,0,0,0,0,0,"13,29954096","52,51947728"
29527,214564,Berlin,8,2021,8,12,1,3,1,5,0,1,1,0,0,0,0,0,"13,44117297","52,48249032"
29528,214563,Berlin,5,2021,7,12,5,3,5,2,0,1,1,0,0,0,0,0,"13,21506089","52,56076293"
29529,214562,Berlin,10,2021,7,20,6,3,2,2,1,0,1,0,0,0,0,0,"13,61767496","52,52048479"
29530,214561,Berlin,12,2021,8,8,5,2,5,3,0,0,1,0,1,0,0,0,"13,35194227","52,56597039"
29531,214560,Berlin,7,2021,7,15,5,3,0,2,0,0,1,0,0,0,1,0,"13,35595459","52,48609561"
29532,214559,Berlin,1,2021,8,17,5,3,1,5,0,1,1,0,0,0,0,0,"13,40692335","52,52562087"
29533,214558,Berlin,2,2021,7,22,7,2,1,5,2,1,1,0,0,0,0,0,"13,45115623","52,51085219"
29534,214557,Berlin,5,2021,8,9,5,3,1,5,0,0,1,0,0,0,1,0,"13,19121119","52,54936355"
29535,214556,Berlin,1,2021,8,10,3,3,5,3,0,1,1,0,0,0,0,0,"13,39864469","52,53256291"
29536,214555,Berlin,9,2021,8,12,1,3,2,6,0,1,1,0,0,0,0,0,"13,55262369","52,43068244"
29537,214554,Berlin,6,2021,7,19,4,3,1,5,0,1,1,0,0,0,0,0,"13,29657315","52,42629439"
29538,214553,Berlin,7,2021,8,22,1,3,0,1,2,0,1,0,0,0,0,1,"13,36792065","52,48510824"
29539,214552,Berlin,11,2021,7,0,1,3,6,4,2,0,0,1,0,0,1,0,"13,51254626","52,55519689"
29540,214551,Berlin,7,2021,8,13,5,3,1,7,0,0,1,0,0,0,1,0,"13,38883653","52,44784215"
29541,214550,Berlin,12,2021,7,8,2,3,2,6,0,0,1,0,0,0,0,1,"13,34372597","52,58908262"
29542,214549,Berlin,9,2021,8,10,6,3,5,2,0,1,0,0,0,1,0,0,"13,4547099","52,49419712"
29543,214548,Berlin,8,2021,8,11,2,3,5,2,0,0,1,0,0,0,1,0,"13,42699791","52,48732817"
29544,214547,Berlin,5,2021,8,13,6,3,2,6,0,0,1,0,0,0,0,0,"13,26738134","52,5310657"
29545,214546,Berlin,2,2021,7,8,2,2,5,2,0,1,0,0,0,0,1,0,"13,42999194","52,52328788"
29546,214545,Berlin,11,2021,8,16,4,3,2,6,0,0,1,0,1,0,0,0,"13,47686416","52,50072687"
29547,214544,Berlin,2,2021,7,10,4,3,3,6,0,1,0,0,0,0,0,0,"13,44625726","52,50222719"
29548,214543,Berlin,9,2021,7,15,6,3,0,7,0,0,1,0,0,0,0,0,"13,5834479","52,45905434"
29549,214542,Berlin,2,2021,8,23,3,3,6,2,2,0,1,1,0,0,0,0,"13,38615926","52,4850296"
29550,214541,Berlin,4,2021,7,22,6,3,5,2,2,0,1,0,0,0,0,0,"13,28009184","52,51835215"
29551,214540,Berlin,4,2021,7,0,2,2,0,1,2,0,0,0,0,0,1,0,"13,31269791","52,49429889"
29552,214539,Berlin,5,2021,8,16,6,2,5,2,0,1,1,0,0,0,0,0,"13,18501545","52,53799017"
29553,214538,Berlin,1,2021,8,7,2,3,1,7,0,1,1,0,0,0,0,0,"13,41019002","52,52755919"
29554,214537,Berlin,2,2021,8,23,6,3,5,7,2,0,1,0,0,0,0,1,"13,39952936","52,4983038"
29555,214536,Berlin,4,2021,7,22,5,2,5,2,2,0,1,0,0,0,0,0,"13,28032171","52,5063766"
29556,214535,Berlin,1,2021,7,11,6,3,5,3,0,1,1,0,0,0,0,0,"13,402661","52,53854694"
29557,214534,Berlin,1,2021,8,9,3,3,0,3,0,1,0,0,0,0,0,0,"13,4100217","52,528142"
29558,214533,Berlin,4,2021,8,16,3,3,5,3,0,0,1,0,0,0,0,0,"13,33126453","52,50690318"
29559,214532,Berlin,8,2021,7,13,5,2,5,3,0,1,1,0,0,0,0,0,"13,43408906","52,46313405"
29560,214531,Berlin,10,2021,8,15,5,3,5,3,0,1,1,0,0,0,0,0,"13,5902806","52,52950126"
29561,214530,Berlin,3,2021,8,11,4,2,5,2,0,0,1,0,0,0,0,0,"13,44721505","52,53058251"
29562,214529,Berlin,10,2021,8,13,2,3,6,4,0,0,1,1,0,0,0,0,"13,61318062","52,49910038"
29563,214528,Berlin,10,2021,8,11,7,3,5,2,0,1,1,0,0,0,0,0,"13,51777415","52,53537692"
29564,214527,Berlin,3,2021,7,18,4,3,5,2,0,1,1,0,0,0,0,0,"13,41272611","52,54440205"
29565,214526,Berlin,6,2021,8,11,3,3,3,6,0,1,1,0,0,0,0,0,"13,30946113","52,43114954"
29566,214525,Berlin,1,2021,8,14,7,3,5,2,0,0,1,0,0,0,0,0,"13,3452104","52,52620224"
29567,214524,Berlin,9,2021,7,11,6,3,5,2,0,0,1,0,1,0,0,0,"13,51444213","52,44651178"
29568,214523,Berlin,3,2021,7,5,7,3,0,1,1,0,1,0,0,0,0,0,"13,45865756","52,52921413"
29569,214522,Berlin,1,2021,8,8,4,3,1,5,0,1,1,0,0,0,0,0,"13,38712523","52,52695276"
29570,214521,Berlin,4,2021,7,15,5,3,3,6,0,0,1,0,0,0,0,0,"13,32441058","52,51014036"
29571,214520,Berlin,6,2021,8,11,5,3,2,6,0,0,1,0,1,0,0,0,"13,32484905","52,46109713"
29572,214519,Berlin,7,2021,8,12,5,3,5,2,0,0,1,0,0,0,0,0,"13,34493935","52,48914959"
29573,214518,Berlin,12,2021,8,11,4,3,1,5,0,1,1,0,0,0,0,0,"13,22394365","52,62181951"
29574,214517,Berlin,12,2021,7,18,4,3,0,6,0,0,1,0,0,0,1,0,"13,2985701","52,57854655"
29575,214516,Berlin,1,2021,7,18,7,3,4,6,0,1,0,0,0,0,1,0,"13,38502226","52,53110491"
29576,214515,Berlin,3,2021,8,15,4,3,5,3,0,1,1,0,0,0,0,0,"13,44428119","52,56524109"
29577,214514,Berlin,9,2021,8,8,4,2,6,4,0,0,1,1,0,0,0,0,"13,6249256","52,45692989"
29578,214513,Berlin,4,2021,8,13,2,3,1,5,0,0,1,0,0,0,1,0,"13,29974246","52,51865742"
29579,214512,Berlin,11,2021,8,16,7,3,2,6,0,0,1,0,1,0,0,0,"13,50834413","52,49371746"
29580,214511,Berlin,1,2021,7,15,3,3,2,6,0,1,1,0,0,0,0,0,"13,38709376","52,54981124"
29581,214510,Berlin,10,2021,8,11,3,2,0,7,0,0,1,0,0,0,0,0,"13,53731021","52,53448405"
29582,214509,Berlin,5,2021,7,8,3,3,0,7,0,0,1,0,0,0,1,0,"13,15294104","52,54952308"
29583,214508,Berlin,5,2021,8,14,1,3,6,7,0,1,0,1,0,0,0,0,"13,16627721","52,51809275"
29584,214507,Berlin,4,2021,7,15,7,3,5,2,0,0,1,0,1,0,0,0,"13,3087579","52,50025763"
29585,214506,Berlin,2,2021,7,18,7,3,5,2,0,1,1,0,0,0,0,0,"13,45928188","52,5125053"
29586,214505,Berlin,4,2021,8,17,5,3,5,2,0,1,1,0,0,0,0,0,"13,29562688","52,49346292"
29587,214504,Berlin,8,2021,7,11,6,3,5,3,0,0,1,0,0,0,0,0,"13,46173367","52,43080786"
29588,214503,Berlin,4,2021,8,16,5,2,2,7,0,1,1,0,0,0,0,0,"13,28658439","52,51901987"
29589,214502,Berlin,5,2021,7,13,7,2,2,2,0,0,1,0,0,0,0,0,"13,17813281","52,52537866"
29590,214501,Berlin,3,2021,8,8,5,3,5,2,0,1,1,0,0,0,0,0,"13,40868956","52,54727876"
29591,214500,Berlin,11,2021,8,14,3,3,5,2,0,1,1,0,0,0,0,0,"13,4846494","52,51394501"
29592,214499,Berlin,9,2021,8,19,1,3,0,1,0,0,0,0,1,0,0,0,"13,56926841","52,45314426"
29593,214498,Berlin,9,2021,7,11,4,2,5,2,0,0,1,0,1,0,0,0,"13,51431795","52,4464812"
29594,214497,Berlin,9,2021,8,22,1,2,5,3,2,0,1,0,0,0,0,1,"13,59272507","52,428903"
29595,214496,Berlin,10,2021,7,13,7,3,2,6,0,0,1,0,0,0,0,0,"13,56281981","52,49911133"
29596,214495,Berlin,7,2021,7,7,2,3,2,6,0,1,1,0,0,0,0,0,"13,36183777","52,44720568"
29597,214494,Berlin,8,2021,8,18,6,3,5,3,0,1,1,0,0,0,0,0,"13,46080555","52,46815734"
29598,214493,Berlin,12,2021,8,9,2,3,1,5,0,1,1,0,0,0,0,0,"13,30835459","52,58491395"
29599,214492,Berlin,7,2021,8,18,6,3,0,1,0,1,0,0,0,0,0,1,"13,38278229","52,403812"
29600,214491,Berlin,1,2021,7,16,2,3,5,3,0,1,0,0,0,0,0,0,"13,40261263","52,53137195"
29601,214490,Berlin,2,2021,8,16,4,3,3,6,0,1,0,0,1,0,0,0,"13,41018976","52,50293548"
29602,214489,Berlin,11,2021,7,11,5,2,5,7,0,0,1,0,0,0,1,0,"13,46944777","52,54254841"
29603,214488,Berlin,1,2021,7,8,5,3,5,2,0,1,1,0,0,0,0,0,"13,41420065","52,50808865"
29604,214487,Berlin,1,2021,8,17,4,3,6,7,0,1,0,1,0,0,0,0,"13,3889028","52,54757158"
29605,214486,Berlin,6,2021,8,19,3,3,5,3,0,1,1,0,0,0,0,0,"13,3403272","52,43625274"
29606,214485,Berlin,9,2021,7,14,3,3,5,3,0,0,1,0,0,0,1,0,"13,56929864","52,44265342"
29607,214484,Berlin,9,2021,7,8,2,3,5,2,0,1,0,0,0,0,1,0,"13,52729145","52,43195686"
29608,214483,Berlin,2,2021,8,7,2,3,5,2,0,1,1,0,0,0,0,0,"13,42800076","52,52658323"
29609,214482,Berlin,2,2021,8,14,7,3,5,2,0,1,1,0,0,0,0,0,"13,45885525","52,51142505"
29610,214481,Berlin,9,2021,8,6,3,3,6,4,0,0,0,1,1,0,0,0,"13,49037102","52,46748427"
29611,214480,Berlin,10,2021,8,14,7,3,2,6,0,0,1,0,0,0,0,0,"13,5733324","52,55172704"
29612,214479,Berlin,1,2021,7,16,5,3,5,3,0,1,1,0,0,0,0,1,"13,41163447","52,5047844"
29613,214478,Berlin,9,2021,7,8,6,3,6,2,0,0,1,1,0,0,0,0,"13,49136531","52,46914792"
29614,214477,Berlin,2,2021,8,5,5,3,5,3,0,1,1,0,0,0,0,0,"13,42756374","52,51777709"
29615,214476,Berlin,3,2021,7,13,5,3,5,3,0,0,1,0,0,0,0,0,"13,49641515","52,62884008"
29616,214475,Berlin,4,2021,8,13,5,3,0,7,0,0,0,0,1,0,1,1,"13,33088675","52,50082157"
29617,214474,Berlin,6,2021,8,17,4,2,5,2,0,1,1,0,0,0,0,0,"13,30427805","52,46011395"
29618,214473,Berlin,7,2021,8,7,3,3,5,2,0,1,1,0,0,0,0,1,"13,42047743","52,46173528"
29619,214472,Berlin,7,2021,7,11,7,3,2,2,0,0,1,0,0,0,0,0,"13,37164343","52,42358953"
29620,214471,Berlin,6,2021,8,12,1,3,5,3,0,0,1,0,0,0,0,0,"13,28593589","52,44972637"
29621,214470,Berlin,2,2021,7,12,4,3,5,3,0,0,1,0,0,0,1,0,"13,45197974","52,5036206"
29622,214469,Berlin,9,2021,8,7,3,3,5,3,0,1,1,0,0,0,0,0,"13,55505453","52,44051813"
29623,214468,Berlin,1,2021,8,20,7,2,1,7,1,0,1,0,0,0,0,1,"13,4024392","52,52830091"
29624,214467,Berlin,2,2021,7,13,7,3,3,6,0,1,0,0,0,0,1,0,"13,42097037","52,50366607"