,id,city,district,year,month,hour,weekday,injury_level,collision,movement,light_conditions,bicycle,car,pedestrian,motorbike,truck,other_vehicle,road_conditions,longitude,latitude
29625,214466,Berlin,1,2021,7,19,1,3,1,5,0,0,1,0,1,0,0,1,"13,39522825","52,56169089"
29626,214465,Berlin,1,2021,7,13,6,3,1,5,0,1,1,0,0,0,0,0,"13,40805932","52,52841236"
29627,214464,Berlin,4,2021,8,16,6,3,1,5,0,0,1,0,0,0,1,0,"13,29454642","52,50503526"
29628,214463,Berlin,2,2021,7,16,3,3,5,3,0,1,1,0,0,0,0,0,"13,42454737","52,49720355"
29629,214462,Berlin,9,2021,8,15,5,3,5,3,0,1,1,0,0,0,0,0,"13,50813187","52,45294093"
29630,214461,Berlin,1,2021,8,19,4,3,2,6,0,0,1,0,0,0,1,0,"13,34561015","52,50399987"
29631,214460,Berlin,2,2021,8,6,2,3,5,2,0,1,1,0,0,0,0,0,"13,39583774","52,49783785"
29632,214459,Berlin,1,2021,7,17,4,3,3,6,0,1,0,0,0,0,0,0,"13,34359534","52,53268995"
29633,214458,Berlin,2,2021,8,17,1,3,5,2,0,1,0,0,1,0,0,0,"13,38232934","52,48984746"
29634,214457,Berlin,12,2021,7,2,1,2,1,1,2,0,1,0,0,0,1,0,"13,30951071","52,60385905"
29635,214456,Berlin,9,2021,8,22,6,3,4,5,2,0,1,0,0,0,0,0,"13,61135494","52,44816094"
29636,214455,Berlin,2,2021,8,5,2,3,2,6,0,1,1,0,0,0,0,0,"13,42280368","52,49905285"
29637,214454,Berlin,1,2021,8,21,5,3,6,4,2,0,1,1,0,0,0,0,"13,37311502","52,55661415"
29638,214453,Berlin,6,2021,7,18,2,3,2,6,0,0,1,0,0,0,0,0,"13,34689564","52,45019566"
29639,214452,Berlin,5,2021,8,12,4,3,0,7,0,1,0,0,0,0,0,0,"13,21689012","52,5377942"
29640,214451,Berlin,2,2021,7,17,4,3,5,2,0,1,1,0,0,0,0,0,"13,37674034","52,49146784"
29641,214450,Berlin,8,2021,7,16,5,3,0,6,0,0,1,0,1,0,0,0,"13,4538349","52,4824307"
29642,214449,Berlin,3,2021,8,10,3,2,5,3,0,1,1,0,0,0,0,1,"13,38976687","52,57429414"
29643,214448,Berlin,7,2021,8,19,2,3,5,2,0,1,1,0,0,0,0,0,"13,37810039","52,46632094"
29644,214447,Berlin,6,2021,7,11,3,2,5,2,0,0,1,0,1,0,0,0,"13,33760952","52,45853574"
29645,214446,Berlin,8,2021,8,16,3,3,5,3,0,1,1,0,0,0,0,0,"13,47246945","52,4314325"
29646,214445,Berlin,4,2021,8,15,1,2,2,6,0,1,1,0,0,0,0,0,"13,28576766","52,49517539"
29647,214444,Berlin,1,2021,7,1,5,2,0,7,2,0,0,0,0,0,1,0,"13,37490107","52,52305646"
29648,214443,Berlin,7,2021,8,20,1,2,0,2,1,1,0,0,0,0,1,1,"13,3854192","52,46712304"
29649,214442,Berlin,2,2021,7,13,7,3,0,1,0,1,0,0,0,0,0,0,"13,46472593","52,51458278"
29650,214441,Berlin,3,2021,7,9,1,3,2,6,0,1,1,0,0,0,0,0,"13,43292781","52,59602231"
29651,214440,Berlin,4,2021,8,8,6,3,0,3,0,1,1,0,0,0,0,0,"13,29120086","52,5396698"
29652,214439,Berlin,5,2021,8,12,2,3,1,5,0,0,1,0,0,0,0,0,"13,1803112","52,49097486"
29653,214438,Berlin,5,2021,8,11,6,2,5,7,0,0,1,0,1,0,0,0,"13,19777233","52,51780388"
29654,214437,Berlin,1,2021,8,21,4,3,5,2,2,0,1,0,0,0,0,0,"13,36989499","52,55976787"
29655,214436,Berlin,12,2021,7,16,4,2,3,6,0,0,1,0,0,0,1,0,"13,25804003","52,56796766"
29656,214435,Berlin,4,2021,7,8,5,3,5,3,0,1,0,0,0,0,1,0,"13,33425693","52,50858676"
29657,214434,Berlin,4,2021,8,21,3,3,0,7,2,0,0,0,1,0,0,0,"13,28413936","52,48538837"
29658,214433,Berlin,9,2021,8,11,3,3,2,1,0,0,1,0,0,0,0,0,"13,53970339","52,45078295"
29659,214432,Berlin,4,2021,7,11,3,3,0,2,0,1,0,0,1,0,0,0,"13,29879016","52,49530367"
29660,214431,Berlin,5,2021,7,7,2,3,5,3,0,0,1,0,1,0,0,0,"13,20965838","52,55057614"
29661,214430,Berlin,8,2021,8,13,2,3,6,7,0,0,0,1,0,0,1,0,"13,43203207","52,48631001"
29662,214429,Berlin,7,2021,8,0,6,3,5,7,2,1,1,0,0,0,0,0,"13,32827774","52,46899098"
29663,214428,Berlin,1,2021,7,18,2,3,3,6,0,1,0,0,0,0,0,0,"13,39724217","52,53248382"
29664,214427,Berlin,9,2021,8,16,3,3,5,2,0,1,1,0,0,0,0,0,"13,5214103","52,46641281"
29665,214426,Berlin,3,2021,8,12,6,3,0,6,0,0,1,0,0,1,0,0,"13,41873668","52,56913886"
29666,214425,Berlin,1,2021,7,11,6,3,5,2,0,1,1,0,0,0,0,0,"13,34133656","52,53220016"
29667,214424,Berlin,4,2021,7,14,6,2,5,2,0,0,1,0,1,0,0,0,"13,32654352","52,49115653"
29668,214423,Berlin,7,2021,8,8,4,3,5,2,0,1,0,0,0,1,0,0,"13,39266186","52,41278668"
29669,214422,Berlin,10,2021,7,3,5,2,0,1,2,1,0,0,0,0,0,0,"13,58270096","52,51862051"
29670,214421,Berlin,4,2021,8,17,5,3,5,2,0,1,1,0,0,0,0,0,"13,33718413","52,49445467"
29671,214420,Berlin,11,2021,8,17,3,3,5,2,0,0,1,0,0,0,0,0,"13,51002855","52,55039125"
29672,214419,Berlin,10,2021,8,15,3,3,3,6,0,1,1,0,0,0,0,1,"13,56361415","52,49687036"
29673,214418,Berlin,1,2021,7,20,7,2,5,3,0,1,1,0,0,0,0,0,"13,34888003","52,51512306"
29674,214417,Berlin,6,2021,8,18,1,3,5,2,0,1,1,0,0,0,0,0,"13,33925251","52,45863881"
29675,214416,Berlin,7,2021,7,21,3,2,3,2,1,1,1,0,0,0,0,0,"13,36223596","52,4122575"
29676,214415,Berlin,8,2021,8,7,3,3,5,3,0,0,1,0,0,0,0,0,"13,48358908","52,43128531"
29677,214414,Berlin,8,2021,8,22,7,3,5,7,2,0,1,0,1,0,0,1,"13,43486521","52,48302077"
29678,214413,Berlin,4,2021,7,19,6,3,6,4,0,0,0,1,0,0,1,0,"13,33592086","52,5044393"
29679,214412,Berlin,11,2021,8,18,5,3,4,5,0,1,1,0,0,0,0,0,"13,49899096","52,51713964"
29680,214411,Berlin,3,2021,7,15,6,2,5,3,0,1,0,0,1,0,0,0,"13,46295402","52,53232396"
29681,214410,Berlin,2,2021,8,9,6,3,5,2,0,1,1,0,0,0,0,0,"13,46473165","52,49754867"
29682,214409,Berlin,6,2021,8,11,2,2,5,3,0,1,1,0,0,0,0,0,"13,28933031","52,4185369"
29683,214408,Berlin,5,2021,8,17,6,3,5,2,0,0,1,0,0,0,0,0,"13,22724823","52,5494751"
29684,214407,Berlin,2,2021,8,10,4,3,0,2,0,1,1,0,0,0,0,0,"13,43294756","52,5233412"
29685,214406,Berlin,3,2021,8,9,2,3,1,5,0,1,1,0,0,0,0,0,"13,39711436","52,56686466"
29686,214405,Berlin,1,2021,7,17,5,3,2,6,0,0,1,0,0,0,0,0,"13,37219505","52,53875982"
29687,214404,Berlin,11,2021,8,18,1,3,5,3,0,0,1,0,0,0,0,0,"13,50997829","52,5034927"
29688,214403,Berlin,7,2021,7,22,1,3,5,3,2,0,1,0,0,0,0,0,"13,37195366","52,46988473"
29689,214402,Berlin,3,2021,8,15,6,3,5,2,0,1,1,0,0,0,0,0,"13,47693962","52,56699383"
29690,214401,Berlin,9,2021,8,22,2,3,0,3,2,0,0,0,1,0,0,1,"13,56461433","52,43862734"
29691,214400,Berlin,4,2021,8,15,7,3,5,7,0,0,1,0,1,0,0,0,"13,30500241","52,50359363"
29692,214399,Berlin,2,2021,7,21,3,3,5,2,2,0,1,0,0,0,0,0,"13,38588286","52,48503318"
29693,214398,Berlin,9,2021,8,9,5,3,1,5,0,1,1,0,0,0,0,0,"13,50707213","52,44849713"
29694,214397,Berlin,9,2021,7,10,4,3,3,6,0,0,1,0,1,0,0,0,"13,62555253","52,45769556"
29695,214396,Berlin,9,2021,7,11,5,2,5,3,0,0,0,0,1,0,1,0,"13,48569295","52,46444809"
29696,214395,Berlin,8,2021,8,18,3,3,7,7,0,1,1,0,0,0,1,1,"13,43496188","52,4830941"
29697,214394,Berlin,2,2021,8,16,2,2,5,3,0,0,1,0,0,0,1,0,"13,43290616","52,51791254"
29698,214393,Berlin,4,2021,7,1,4,3,0,7,2,0,1,0,0,0,0,0,"13,24275868","52,50644817"
29699,214392,Berlin,9,2021,8,16,4,2,5,2,0,1,1,0,0,0,0,0,"13,54146912","52,43539811"
29700,214391,Berlin,7,2021,7,9,3,3,2,2,0,0,1,0,0,0,0,0,"13,38814566","52,48429007"
29701,214390,Berlin,2,2021,8,23,2,3,5,3,2,0,1,0,0,0,0,1,"13,41392484","52,50036359"
29702,214389,Berlin,11,2021,8,0,7,3,0,1,2,1,0,0,0,0,0,0,"13,47517101","52,50148917"
29703,214388,Berlin,5,2021,7,22,3,3,1,1,2,0,1,0,0,0,1,0,"13,16903034","52,53359605"
29704,214387,Berlin,2,2021,8,18,3,3,3,6,0,0,1,0,0,0,0,0,"13,4530997","52,51582666"
29705,214386,Berlin,1,2021,8,20,7,3,0,4,0,1,0,1,0,0,0,0,"13,40341742","52,53222234"
29706,214385,Berlin,1,2021,7,20,5,3,2,2,1,0,1,0,0,0,0,0,"13,35685422","52,53567669"
29707,214384,Berlin,2,2021,7,11,6,3,5,2,0,1,1,0,0,0,0,0,"13,41030438","52,50378172"
29708,214383,Berlin,1,2021,8,7,4,3,5,2,0,1,1,0,0,0,0,0,"13,39028849","52,55554788"
29709,214382,Berlin,5,2021,7,9,5,3,5,2,0,0,1,0,0,0,0,0,"13,15784898","52,54308527"
29710,214381,Berlin,5,2021,8,14,5,3,1,5,0,0,1,0,0,0,0,0,"13,1977747","52,52230911"
29711,214380,Berlin,9,2021,8,13,4,3,2,6,0,0,1,0,0,0,0,0,"13,58365509","52,46295791"
29712,214379,Berlin,5,2021,8,15,3,3,5,2,0,1,1,0,0,0,0,1,"13,15796142","52,54305989"
29713,214378,Berlin,1,2021,8,17,1,3,5,3,0,1,0,0,0,0,1,0,"13,34875936","52,5485604"
29714,214377,Berlin,1,2021,7,8,4,3,5,2,0,1,1,0,0,0,0,0,"13,37429227","52,54364632"
29715,214376,Berlin,1,2021,7,15,2,3,2,6,0,0,1,0,1,0,0,0,"13,3412584","52,50502715"
29716,214375,Berlin,7,2021,8,11,2,3,2,6,0,0,1,0,0,0,0,0,"13,35249909","52,49958794"
29717,214374,Berlin,2,2021,8,18,7,3,1,5,0,0,1,0,0,0,1,0,"13,43789046","52,5031969"
29718,214373,Berlin,4,2021,7,17,2,3,2,2,0,1,0,0,0,0,0,0,"13,33134375","52,50303438"
29719,214372,Berlin,4,2021,8,13,2,3,5,3,0,0,1,0,0,0,0,0,"13,33108173","52,49536305"
29720,214371,Berlin,7,2021,8,10,7,3,5,3,0,1,1,0,0,0,0,0,"13,36124669","52,49441903"
29721,214370,Berlin,1,2021,7,19,5,3,5,3,0,1,1,0,0,0,0,0,"13,37964849","52,55293788"
29722,214369,Berlin,12,2021,7,11,6,3,2,6,0,0,1,0,0,0,1,0,"13,31245668","52,58522893"
29723,214368,Berlin,3,2021,8,7,5,3,0,7,0,1,0,0,0,0,0,0,"13,42186159","52,57325634"
29724,214367,Berlin,3,2021,7,9,4,3,5,3,0,1,0,0,0,0,1,0,"13,47109026","52,61539997"
29725,214366,Berlin,4,2021,8,10,5,3,5,7,0,0,1,0,1,0,0,0,"13,30654659","52,51811838"
29726,214365,Berlin,11,2021,8,15,5,2,6,4,0,0,1,1,0,0,0,0,"13,52059151","52,56881806"
29727,214364,Berlin,1,2021,8,16,3,3,0,1,0,0,0,0,1,0,0,0,"13,39132369","52,55728837"
29728,214363,Berlin,12,2021,8,21,1,3,8,1,2,0,1,0,0,0,0,0,"13,26228189","52,59850441"
29729,214362,Berlin,2,2021,7,17,3,3,6,3,0,1,0,1,0,0,0,0,"13,41943269","52,49000867"
29730,214361,Berlin,5,2021,8,10,3,3,6,7,0,0,1,1,0,0,0,0,"13,2077798","52,52785511"
29731,214360,Berlin,4,2021,7,9,3,3,6,4,0,1,0,1,0,0,0,0,"13,32725901","52,52026673"
29732,214359,Berlin,1,2021,8,22,7,3,0,7,2,0,1,0,0,0,0,1,"13,36114961","52,54980677"
29733,214358,Berlin,3,2021,7,7,6,3,0,1,0,0,1,0,0,0,0,0,"13,4276468","52,58765598"
29734,214357,Berlin,1,2021,7,23,6,3,1,5,2,1,0,0,0,0,1,1,"13,3990157","52,53241965"
29735,214356,Berlin,8,2021,7,6,5,3,5,2,0,0,1,0,0,0,0,0,"13,46001373","52,43187468"
29736,214355,Berlin,11,2021,8,10,6,3,6,4,0,0,1,1,0,0,0,0,"13,49131516","52,54348903"
29737,214354,Berlin,8,2021,8,15,2,3,5,2,0,1,1,0,0,0,0,0,"13,44889544","52,48508469"
29738,214353,Berlin,9,2021,8,19,6,3,0,5,0,1,0,0,0,0,0,1,"13,56926647","52,44316915"
29739,214352,Berlin,8,2021,8,19,4,3,5,7,0,0,1,0,1,0,0,0,"13,42466577","52,48412249"
29740,214351,Berlin,2,2021,8,16,2,3,6,4,0,0,1,1,0,0,0,0,"13,46488166","52,51642377"
29741,214350,Berlin,6,2021,7,17,4,3,0,6,0,1,1,0,0,0,0,0,"13,2961792","52,44345165"
29742,214349,Berlin,2,2021,8,9,2,3,5,2,0,1,1,0,0,0,0,0,"13,41045283","52,50380109"
29743,214348,Berlin,6,2021,7,0,7,3,1,5,2,0,1,0,0,1,0,1,"13,22975418","52,42825727"
29744,214347,Berlin,10,2021,8,16,6,3,6,2,0,0,1,1,0,0,0,0,"13,61332431","52,50879441"
29745,214346,Berlin,4,2021,8,20,2,3,0,1,2,0,0,0,1,0,0,1,"13,31314236","52,48043802"
29746,214345,Berlin,2,2021,8,14,6,3,6,4,0,0,1,1,0,0,0,0,"13,382598","52,50457008"
29747,214344,Berlin,10,2021,7,17,2,2,5,3,0,0,1,0,0,0,1,0,"13,5401224","52,52578212"
29748,214343,Berlin,5,2021,8,12,4,2,4,6,0,0,0,0,1,0,1,0,"13,16518659","52,55079272"
29749,214342,Berlin,9,2021,7,20,5,2,5,2,0,1,1,0,0,0,0,0,"13,45355265","52,48923963"
29750,214341,Berlin,4,2021,7,16,7,3,5,2,0,0,1,0,0,0,0,0,"13,29741401","52,52648539"
29751,214340,Berlin,10,2021,8,13,4,2,2,2,0,0,1,0,1,0,0,0,"13,57141074","52,54611727"
29752,214339,Berlin,4,2021,8,2,4,3,8,1,2,0,1,0,0,0,1,0,"13,30323998","52,47525573"
29753,214338,Berlin,5,2021,7,18,4,2,2,7,0,0,1,0,1,0,0,0,"13,17574352","52,53386308"
29754,214337,Berlin,6,2021,8,15,4,3,5,3,0,0,1,0,0,0,0,0,"13,32059555","52,46444181"
29755,214336,Berlin,11,2021,8,17,3,2,5,3,1,1,1,0,0,0,0,0,"13,4992242","52,52034669"
29756,214335,Berlin,8,2021,8,12,2,3,0,7,0,1,0,0,0,0,0,0,"13,43575164","52,44937472"
29757,214334,Berlin,12,2021,8,18,7,3,5,2,0,1,1,0,0,0,0,0,"13,32165966","52,5656588"
29758,214333,Berlin,1,2021,7,14,3,3,2,6,0,0,1,0,0,0,1,0,"13,39962139","52,52369392"
29759,214332,Berlin,4,2021,8,11,3,3,1,5,0,1,1,0,0,0,0,0,"13,31918156","52,50163993"
29760,214331,Berlin,8,2021,8,22,1,3,4,6,2,1,1,0,0,0,0,1,"13,43626274","52,48016924"
29761,214330,Berlin,4,2021,7,13,7,3,6,7,0,0,1,1,0,0,0,0,"13,32147021","52,48641564"
29762,214329,Berlin,2,2021,7,20,7,3,5,2,0,1,1,0,0,0,0,0,"13,37675212","52,49143154"
29763,214328,Berlin,3,2021,8,1,5,3,2,7,2,1,0,0,0,0,1,0,"13,43173667","52,53226285"
29764,214327,Berlin,6,2021,7,18,5,3,1,5,0,0,1,0,0,0,0,0,"13,31425802","52,46473706"
29765,214326,Berlin,2,2021,8,17,5,2,5,2,0,1,1,0,0,0,0,0,"13,39833978","52,50706645"
29766,214325,Berlin,8,2021,8,10,5,2,5,3,0,0,0,0,1,1,0,0,"13,44360762","52,46425243"
29767,214324,Berlin,10,2021,8,15,3,3,5,3,0,0,1,0,0,0,1,0,"13,59892867","52,52833695"
29768,214323,Berlin,12,2021,8,11,1,2,0,1,0,0,0,0,1,0,0,0,"13,30801881","52,5566686"
29769,214322,Berlin,2,2021,7,7,4,3,5,3,0,1,1,0,0,0,0,0,"13,41117219","52,50350606"
29770,214321,Berlin,7,2021,8,9,2,3,0,6,0,0,1,0,1,0,0,0,"13,3740235","52,42429257"
29771,214320,Berlin,1,2021,7,19,2,3,0,6,0,1,0,0,0,0,0,0,"13,41811759","52,51687749"
29772,214319,Berlin,2,2021,8,22,5,3,5,3,2,1,1,0,0,0,0,0,"13,41223253","52,50307779"
29773,214318,Berlin,11,2021,7,11,1,2,6,4,0,0,1,1,0,0,0,0,"13,47941111","52,52329536"
29774,214317,Berlin,10,2021,8,19,5,3,5,3,0,0,1,0,0,0,0,0,"13,54885813","52,53400906"
29775,214316,Berlin,4,2021,8,17,2,3,5,7,0,0,1,0,1,0,0,0,"13,29546861","52,49794155"
29776,214315,Berlin,8,2021,8,19,6,3,0,2,0,1,1,0,0,0,0,1,"13,42675722","52,47617807"
29777,214314,Berlin,7,2021,7,14,2,3,0,5,0,0,0,0,1,0,1,1,"13,37303744","52,410904"
29778,214313,Berlin,1,2021,8,18,4,3,5,3,0,1,0,0,1,0,0,0,"13,40190352","52,52894178"
29779,214312,Berlin,11,2021,7,8,4,3,2,2,0,0,1,0,0,0,1,0,"13,51209249","52,53813846"
29780,214311,Berlin,2,2021,7,0,5,3,5,3,2,0,1,0,0,0,0,0,"13,38796125","52,49298772"
29781,214310,Berlin,1,2021,8,17,3,3,0,2,0,1,1,0,0,0,0,0,"13,36033922","52,53724527"
29782,214309,Berlin,8,2021,7,16,3,3,0,1,0,0,0,0,0,0,1,0,"13,44116395","52,42327198"
29783,214308,Berlin,7,2021,7,7,3,3,5,2,0,1,0,0,0,0,1,0,"13,37591765","52,44324539"
29784,214307,Berlin,9,2021,8,14,2,3,2,2,0,0,1,0,0,0,0,0,"13,52889945","52,42636337"
29785,214306,Berlin,7,2021,7,13,6,2,1,5,0,1,1,0,0,0,0,0,"13,388703","52,45313619"
29786,214305,Berlin,1,2021,7,15,5,3,0,1,0,0,0,0,0,0,1,0,"13,36164619","52,53099586"
29787,214304,Berlin,1,2021,8,8,5,3,5,3,0,1,1,0,0,0,0,0,"13,32953604","52,52381158"
29788,214303,Berlin,4,2021,8,9,2,3,5,3,0,0,1,0,0,0,1,0,"13,31511468","52,4908916"
29789,214302,Berlin,6,2021,8,4,5,2,1,5,2,0,1,0,0,0,0,0,"13,2784617","52,46761637"
29790,214301,Berlin,12,2021,8,13,3,3,5,2,0,1,1,0,0,0,0,0,"13,29231314","52,59059283"
29791,214300,Berlin,3,2021,7,16,5,3,0,5,0,1,1,0,0,0,0,1,"13,47094188","52,55521458"
29792,214299,Berlin,10,2021,7,9,5,3,2,2,0,0,1,0,1,0,0,0,"13,56421566","52,51974173"
29793,214298,Berlin,9,2021,8,20,2,3,5,2,1,1,1,0,0,0,0,0,"13,48697769","52,46565053"
29794,214297,Berlin,9,2021,7,15,4,3,0,6,0,1,0,0,0,0,0,0,"13,58148508","52,46050891"
29795,214296,Berlin,7,2021,7,14,6,3,0,6,0,0,1,0,1,0,0,0,"13,39411601","52,48396924"
29796,214295,Berlin,7,2021,7,15,1,3,3,6,0,1,1,0,0,0,0,0,"13,34498814","52,48454462"
29797,214294,Berlin,1,2021,8,14,6,3,2,6,0,0,1,0,0,0,0,0,"13,38551686","52,55020495"
29798,214293,Berlin,4,2021,8,20,2,3,5,2,2,0,1,0,1,0,0,1,"13,32034406","52,47882989"
29799,214292,Berlin,8,2021,8,8,6,3,5,3,0,1,1,0,0,0,0,0,"13,45398195","52,46920539"
29800,214291,Berlin,5,2021,7,15,3,3,5,3,0,1,1,0,0,0,0,0,"13,26044744","52,54521157"
29801,214290,Berlin,8,2021,7,12,5,3,5,3,0,1,1,0,0,0,0,0,"13,43009115","52,45592091"
29802,214289,Berlin,2,2021,7,15,6,3,5,3,0,1,1,0,0,0,0,0,"13,41118423","52,5035026"
29803,214288,Berlin,8,2021,8,11,4,3,2,6,0,1,1,0,0,0,0,0,"13,43849435","52,488503"
29804,214287,Berlin,1,2021,8,10,4,3,6,4,0,1,1,1,0,0,0,0,"13,41726292","52,5124356"
29805,214286,Berlin,4,2021,7,13,4,3,0,6,0,0,1,0,0,0,1,0,"13,33207221","52,50590333"
29806,214285,Berlin,8,2021,7,19,7,3,2,6,0,0,1,0,0,0,1,0,"13,43202853","52,48555103"
29807,214284,Berlin,6,2021,8,16,4,3,6,2,0,0,1,1,0,0,0,0,"13,33500928","52,42101556"
29808,214283,Berlin,9,2021,8,15,4,3,5,2,0,0,1,0,0,0,0,0,"13,53860644","52,43447103"
29809,214282,Berlin,8,2021,8,14,2,3,2,6,0,0,1,0,0,0,0,0,"13,43767732","52,47877226"
29810,214281,Berlin,12,2021,8,15,7,2,5,7,0,0,1,0,1,0,0,0,"13,32530909","52,56477957"
29811,214280,Berlin,4,2021,7,8,3,3,3,6,0,1,1,0,0,1,0,0,"13,30472372","52,47989693"
29812,214279,Berlin,12,2021,8,20,3,3,5,3,1,1,1,0,0,0,0,0,"13,28812605","52,58464795"
29813,214278,Berlin,2,2021,8,22,7,3,0,1,2,0,0,0,0,0,1,1,"13,39524679","52,49637097"
29814,214277,Berlin,7,2021,7,9,7,3,5,3,0,0,1,0,0,0,0,0,"13,41073543","52,3878944"
29815,214276,Berlin,10,2021,7,12,7,3,2,6,0,0,1,0,0,0,0,0,"13,62451808","52,52972144"
29816,214275,Berlin,1,2021,8,8,5,3,2,6,0,1,1,0,0,0,1,0,"13,40315029","52,52467874"
29817,214274,Berlin,12,2021,7,12,6,3,5,2,0,1,1,0,0,0,0,0,"13,32363154","52,58719058"
29818,214273,Berlin,11,2021,7,18,6,3,5,2,0,1,1,0,0,0,0,0,"13,50837931","52,57548121"
29819,214272,Berlin,12,2021,8,11,6,3,2,6,0,0,1,0,0,0,0,0,"13,25492712","52,56253986"
29820,214271,Berlin,1,2021,8,20,4,3,6,4,1,1,1,1,0,0,0,0,"13,38109619","52,53214455"
29821,214270,Berlin,6,2021,8,7,3,3,6,6,0,1,0,1,0,0,0,1,"13,31563025","52,44459088"
29822,214269,Berlin,9,2021,8,14,7,3,3,6,0,0,1,0,1,0,0,0,"13,59365119","52,44563951"
29823,214268,Berlin,9,2021,7,10,4,3,1,5,0,0,1,0,0,0,1,0,"13,531031","52,46226152"
29824,214267,Berlin,1,2021,8,22,1,3,5,3,2,0,1,0,0,0,0,0,"13,3478237","52,55100309"
29825,214266,Berlin,8,2021,7,5,2,2,5,2,0,0,1,0,1,0,0,0,"13,43568383","52,45258576"
29826,214265,Berlin,10,2021,7,13,2,3,5,3,0,1,1,0,0,0,0,0,"13,55726158","52,50715097"
29827,214264,Berlin,8,2021,8,7,6,3,5,3,0,1,1,0,0,0,0,0,"13,45560072","52,47950646"
29828,214263,Berlin,11,2021,8,8,2,3,5,3,0,1,1,0,0,0,0,0,"13,49037673","52,51517259"
29829,214262,Berlin,1,2021,8,19,6,3,6,4,0,1,0,1,0,0,0,1,"13,40034897","52,52365042"
29830,214261,Berlin,1,2021,7,8,2,2,3,6,0,0,0,0,1,0,1,1,"13,40241664","52,51189663"
29831,214260,Berlin,8,2021,8,20,4,3,5,3,1,1,1,0,0,0,0,0,"13,46434047","52,47328137"
29832,214259,Berlin,8,2021,7,15,4,3,1,5,0,0,1,0,0,0,0,0,"13,43572044","52,46429713"
29833,214258,Berlin,2,2021,7,6,5,3,3,6,0,0,1,0,1,0,0,0,"13,42866432","52,51885234"
29834,214257,Berlin,2,2021,8,17,4,3,5,3,0,1,1,0,0,0,0,0,"13,46316028","52,50823636"
29835,214256,Berlin,11,2021,8,7,3,3,5,3,0,1,1,0,0,0,0,0,"13,48662164","52,5025237"
29836,214255,Berlin,2,2021,7,13,3,3,5,3,0,1,1,0,0,0,0,0,"13,46314036","52,51146759"
29837,214254,Berlin,11,2021,7,15,2,3,5,2,0,1,1,0,0,0,0,0,"13,48578706","52,52163479"
29838,214253,Berlin,10,2021,8,14,2,3,5,2,0,1,1,0,0,0,0,0,"13,57112979","52,54588695"
29839,214252,Berlin,2,2021,8,12,7,3,0,1,0,1,0,0,0,0,0,0,"13,46816003","52,52027492"
29840,214251,Berlin,6,2021,8,19,3,3,0,1,1,1,0,0,0,0,0,0,"13,17963988","52,42193565"
29841,214250,Berlin,7,2021,8,20,7,3,6,7,1,0,0,1,0,0,1,0,"13,40747878","52,39212034"
29842,214249,Berlin,1,2021,7,14,5,3,0,1,0,1,0,0,0,0,0,0,"13,32761859","52,52430128"
29843,214248,Berlin,11,2021,7,17,6,3,6,4,0,1,0,1,0,0,0,0,"13,5294331","52,48809675"
29844,214247,Berlin,10,2021,8,7,5,3,6,4,0,0,1,1,0,0,0,0,"13,55970497","52,47952755"
29845,214246,Berlin,11,2021,7,14,5,3,2,6,0,0,1,0,0,0,0,0,"13,51110813","52,50413718"
29846,214245,Berlin,4,2021,7,17,6,3,5,7,0,0,1,0,1,0,0,0,"13,30476974","52,50563565"
29847,214244,Berlin,7,2021,8,19,5,3,1,5,0,0,1,0,1,0,0,0,"13,33765931","52,48825447"
29848,214243,Berlin,12,2021,8,12,4,3,0,1,0,0,0,0,1,0,0,0,"13,32949258","52,56329736"
29849,214242,Berlin,5,2021,8,17,3,3,5,3,0,0,1,0,0,0,1,0,"13,17926018","52,53386418"
29850,214241,Berlin,7,2021,8,16,1,3,5,2,0,1,1,0,0,0,0,0,"13,4068661","52,39377189"
29851,214240,Berlin,4,2021,7,15,3,3,1,5,0,1,1,0,0,0,0,0,"13,33258972","52,50519193"
29852,214239,Berlin,6,2021,8,17,3,3,3,6,0,1,0,0,0,0,0,0,"13,31954648","52,45331654"
29853,214238,Berlin,2,2021,8,2,7,3,5,3,1,0,1,0,0,0,0,0,"13,4455844","52,51271236"
29854,214237,Berlin,11,2021,8,14,6,3,5,2,0,1,1,0,0,0,0,0,"13,5563187","52,57040328"
29855,214236,Berlin,11,2021,8,14,2,3,5,3,0,1,1,0,0,0,0,0,"13,52253559","52,5085618"
29856,214235,Berlin,11,2021,8,21,6,3,0,1,2,0,0,0,0,0,1,1,"13,48536948","52,52318966"
29857,214234,Berlin,4,2021,7,18,5,3,3,6,0,1,1,0,0,0,0,0,"13,26069772","52,48960264"
29858,214233,Berlin,1,2021,7,17,6,2,0,2,0,0,1,0,0,0,1,0,"13,34998481","52,51380326"
29859,214232,Berlin,1,2021,8,9,3,3,0,2,0,0,1,0,1,0,0,1,"13,35541485","52,5196923"
29860,214231,Berlin,10,2021,8,5,3,3,5,3,0,1,1,0,0,0,0,0,"13,5194693","52,53536329"