,id,city,district,year,month,hour,weekday,injury_level,collision,movement,light_conditions,bicycle,car,pedestrian,motorbike,truck,other_vehicle,road_conditions,longitude,latitude
29861,214230,Berlin,1,2021,7,9,5,3,0,5,0,0,1,0,1,0,0,0,"13,37234533","52,5420971"
29862,214229,Berlin,7,2021,7,14,7,3,5,2,0,1,1,0,0,0,0,0,"13,36193331","52,49798242"
29863,214228,Berlin,5,2021,8,13,5,3,5,2,0,0,1,0,0,0,0,0,"13,22724673","52,54947457"
29864,214227,Berlin,1,2021,8,12,4,3,2,6,0,0,1,0,1,0,0,0,"13,3417882","52,5216791"
29865,214226,Berlin,5,2021,8,7,2,2,5,3,0,1,1,0,0,0,0,0,"13,17193779","52,55012454"
29866,214225,Berlin,1,2021,8,19,7,3,0,5,0,1,0,0,0,0,0,0,"13,39610058","52,52416705"
29867,214224,Berlin,2,2021,7,7,3,3,5,3,0,0,1,0,0,0,1,0,"13,39499028","52,49620075"
29868,214223,Berlin,5,2021,8,11,3,3,5,2,0,1,1,0,0,0,0,0,"13,20978027","52,54789762"
29869,214222,Berlin,12,2021,8,21,7,3,9,1,2,0,1,0,0,0,0,1,"13,24528393","52,61263707"
29870,214221,Berlin,5,2021,7,13,6,2,5,2,0,1,1,0,0,0,0,0,"13,26497126","52,53655571"
29871,214220,Berlin,2,2021,7,6,7,3,0,1,0,1,0,0,0,0,0,0,"13,42723119","52,49931088"
29872,214219,Berlin,8,2021,8,12,4,3,1,5,0,0,1,0,0,0,1,0,"13,43563803","52,48091397"
29873,214218,Berlin,2,2021,7,22,5,2,3,6,2,1,1,0,0,0,0,0,"13,44021269","52,49392567"
29874,214217,Berlin,7,2021,8,16,6,3,5,2,0,1,0,0,0,1,0,0,"13,40675867","52,39852304"
29875,214216,Berlin,4,2021,8,2,4,2,0,7,2,1,0,0,0,0,0,0,"13,31656766","52,51433553"
29876,214215,Berlin,1,2021,8,14,3,3,0,2,0,1,0,0,1,0,0,1,"13,41724039","52,50676396"
29877,214214,Berlin,7,2021,8,20,1,3,5,2,1,0,1,0,0,0,0,0,"13,40102484","52,41456007"
29878,214213,Berlin,7,2021,7,20,5,2,5,2,0,0,1,0,0,0,1,0,"13,3450708","52,4845908"
29879,214212,Berlin,6,2021,8,13,1,3,5,2,0,1,1,0,0,0,0,0,"13,33929526","52,45869916"
29880,214211,Berlin,1,2021,7,7,6,2,5,3,0,0,0,0,1,1,0,0,"13,4219598","52,50512249"
29881,214210,Berlin,5,2021,7,7,7,3,5,3,0,0,1,0,0,0,0,0,"13,15836418","52,53203765"
29882,214209,Berlin,6,2021,8,12,6,3,1,5,0,1,1,0,0,0,0,0,"13,35845972","52,43411954"
29883,214208,Berlin,6,2021,8,7,2,3,5,7,0,1,1,0,0,0,0,0,"13,27342284","52,4555881"
29884,214207,Berlin,1,2021,8,17,5,3,2,6,0,0,1,0,0,0,0,1,"13,35070881","52,51251401"
29885,214206,Berlin,1,2021,7,9,2,3,2,6,0,0,0,0,1,0,1,1,"13,40546166","52,50843115"
29886,214205,Berlin,12,2021,8,8,5,2,3,6,0,0,1,0,0,0,0,0,"13,32916833","52,56737406"
29887,214204,Berlin,1,2021,7,12,4,3,5,2,0,1,0,0,0,1,0,0,"13,40164761","52,52962423"
29888,214203,Berlin,1,2021,7,14,5,3,5,2,0,0,0,0,1,0,1,0,"13,40013045","52,50953503"
29889,214202,Berlin,1,2021,8,10,4,3,5,7,0,1,1,0,0,0,0,0,"13,38058225","52,52843678"
29890,214201,Berlin,2,2021,8,14,3,3,6,4,0,0,1,1,0,0,0,0,"13,45319516","52,52367499"
29891,214200,Berlin,8,2021,7,14,3,3,6,7,0,0,1,1,0,0,0,0,"13,4095735","52,41654601"
29892,214199,Berlin,1,2021,7,7,3,3,5,2,0,1,1,0,0,0,0,0,"13,37464919","52,53732314"
29893,214198,Berlin,2,2021,8,11,2,3,2,6,0,0,0,0,1,0,1,0,"13,38777323","52,50316004"
29894,214197,Berlin,1,2021,8,20,7,3,5,3,1,1,1,0,0,0,0,0,"13,31938985","52,52824248"
29895,214196,Berlin,4,2021,7,17,2,3,3,6,0,0,1,0,0,1,0,0,"13,27131075","52,50992788"
29896,214195,Berlin,3,2021,8,17,2,3,5,3,0,1,1,0,0,0,0,0,"13,487884","52,61837836"
29897,214194,Berlin,1,2021,8,4,7,2,8,1,2,0,0,0,1,0,0,1,"13,4020896","52,52364915"
29898,214193,Berlin,7,2021,7,14,6,3,2,6,0,0,1,0,1,0,0,0,"13,40618387","52,45090432"
29899,214192,Berlin,9,2021,7,12,6,2,4,6,0,0,1,0,0,0,0,0,"13,55808604","52,44147663"
29900,214191,Berlin,9,2021,8,13,5,3,1,5,0,1,1,0,0,0,0,0,"13,57542124","52,44723107"
29901,214190,Berlin,2,2021,7,7,5,3,0,2,0,1,0,0,0,0,0,0,"13,4079144","52,5043513"
29902,214189,Berlin,5,2021,8,15,5,3,3,6,0,0,1,0,0,1,0,0,"13,18162798","52,53626715"
29903,214188,Berlin,3,2021,8,14,5,3,2,6,0,0,1,0,0,1,0,0,"13,42829794","52,56957277"
29904,214187,Berlin,2,2021,8,15,3,3,0,3,0,1,0,0,0,0,0,1,"13,41234104","52,49212697"
29905,214186,Berlin,4,2021,8,16,1,3,2,6,0,0,1,0,1,0,0,0,"13,33102485","52,49064771"
29906,214185,Berlin,8,2021,7,12,3,3,5,2,0,1,1,0,0,0,0,0,"13,41217302","52,41720329"
29907,214184,Berlin,11,2021,8,11,3,3,5,3,0,0,1,0,0,0,0,0,"13,49142512","52,52654431"
29908,214183,Berlin,3,2021,8,13,7,3,0,3,0,0,1,0,1,0,0,0,"13,44129819","52,5686144"
29909,214182,Berlin,12,2021,7,11,6,2,6,4,0,0,1,1,0,0,0,0,"13,3538984","52,59656763"
29910,214181,Berlin,3,2021,8,9,5,3,6,7,0,1,0,1,0,0,0,0,"13,45477843","52,52813094"
29911,214180,Berlin,2,2021,7,19,6,3,2,6,0,0,1,0,0,0,0,0,"13,45827979","52,49974676"
29912,214179,Berlin,1,2021,8,19,6,3,1,5,0,0,1,0,0,0,1,0,"13,34729536","52,55079881"
29913,214178,Berlin,4,2021,8,8,2,3,6,4,0,0,1,1,0,0,0,0,"13,2938007","52,49125046"
29914,214177,Berlin,8,2021,8,4,5,3,5,3,1,0,1,0,0,0,0,0,"13,42886992","52,48462573"
29915,214176,Berlin,1,2021,8,14,3,3,5,3,0,1,1,0,0,0,0,0,"13,39891653","52,50822548"
29916,214175,Berlin,5,2021,8,9,2,2,3,6,0,0,1,0,0,1,0,0,"13,19927212","52,53391857"
29917,214174,Berlin,6,2021,7,20,4,2,5,2,0,1,1,0,0,0,0,0,"13,25017596","52,41857772"
29918,214173,Berlin,4,2021,8,22,1,3,1,5,2,0,1,0,0,0,0,1,"13,31445549","52,47024531"
29919,214172,Berlin,6,2021,7,18,2,2,9,1,0,0,1,0,0,0,0,0,"13,16165707","52,42034825"
29920,214171,Berlin,12,2021,8,15,6,3,5,3,0,1,0,0,1,0,0,0,"13,28963023","52,59030275"
29921,214170,Berlin,4,2021,7,14,6,3,6,4,0,0,0,1,1,0,0,0,"13,33876205","52,50259157"
29922,214169,Berlin,6,2021,7,13,6,3,5,3,0,0,1,0,0,0,0,0,"13,2925357","52,42945647"
29923,214168,Berlin,7,2021,8,18,5,3,5,2,0,1,1,0,0,0,0,0,"13,34631641","52,50032522"
29924,214167,Berlin,1,2021,8,17,4,3,5,3,0,0,1,0,0,0,0,0,"13,39157212","52,51132602"
29925,214166,Berlin,9,2021,8,18,4,2,5,2,0,1,1,0,0,0,0,0,"13,51703437","52,46176668"
29926,214165,Berlin,2,2021,8,8,2,3,5,2,0,1,0,0,0,0,0,0,"13,38231258","52,50443787"
29927,214164,Berlin,1,2021,7,2,5,3,1,1,2,0,1,0,0,0,1,0,"13,37215211","52,53239977"
29928,214163,Berlin,8,2021,8,12,2,3,2,6,0,0,1,0,0,0,0,0,"13,43514201","52,42681941"
29929,214162,Berlin,11,2021,7,16,1,2,1,5,0,0,1,0,0,0,1,0,"13,49975604","52,51442062"
29930,214161,Berlin,6,2021,8,12,6,3,2,6,0,0,1,0,0,0,0,0,"13,34544577","52,43609956"
29931,214160,Berlin,3,2021,8,13,2,3,5,7,0,0,1,0,1,0,0,0,"13,41084097","52,53964286"
29932,214159,Berlin,11,2021,8,8,5,3,5,3,0,1,0,0,0,0,0,0,"13,48220923","52,50640373"
29933,214158,Berlin,9,2021,7,15,3,3,5,2,0,1,1,0,0,0,0,0,"13,55800911","52,45571372"
29934,214157,Berlin,12,2021,8,10,5,3,5,2,0,1,1,0,0,0,0,0,"13,378999","52,56830719"
29935,214156,Berlin,9,2021,7,9,4,3,0,7,0,1,0,0,0,1,0,0,"13,53839345","52,43413555"
29936,214155,Berlin,1,2021,7,10,5,3,5,2,0,0,1,0,0,0,1,0,"13,38615316","52,5587216"
29937,214154,Berlin,1,2021,8,16,4,3,5,2,0,1,1,0,0,0,0,0,"13,37688341","52,51076861"
29938,214153,Berlin,6,2021,8,17,2,3,5,2,0,1,1,0,0,0,0,0,"13,2673509","52,40896629"
29939,214152,Berlin,1,2021,7,19,4,3,1,5,0,1,1,0,0,0,0,0,"13,39943152","52,53192"
29940,214151,Berlin,12,2021,8,11,4,3,5,2,0,1,1,0,0,0,0,0,"13,24307003","52,61588175"
29941,214150,Berlin,6,2021,7,15,2,3,2,2,0,0,1,0,0,0,0,0,"13,19111591","52,4347036"
29942,214149,Berlin,2,2021,8,19,2,3,0,2,0,1,0,0,0,0,1,0,"13,40542353","52,48917317"
29943,214148,Berlin,11,2021,8,10,7,2,5,2,0,1,1,0,0,0,0,0,"13,52709282","52,48656555"
29944,214147,Berlin,11,2021,7,17,2,3,5,3,0,1,1,0,0,0,0,0,"13,48412298","52,50856839"
29945,214146,Berlin,1,2021,8,18,2,3,1,5,0,1,1,0,0,0,0,0,"13,41043071","52,52505487"
29946,214145,Berlin,2,2021,8,10,7,3,3,6,0,1,1,0,0,0,0,0,"13,4200806","52,5023887"
29947,214144,Berlin,11,2021,7,17,5,3,0,7,0,1,1,0,0,0,0,1,"13,48806154","52,51840974"
29948,214143,Berlin,1,2021,7,14,6,3,5,2,0,1,1,0,0,0,0,0,"13,38312422","52,53059981"
29949,214142,Berlin,1,2021,8,12,4,3,0,2,0,1,1,0,0,0,0,0,"13,3573671","52,53593687"
29950,214141,Berlin,8,2021,7,14,4,3,2,6,0,0,1,0,0,0,0,0,"13,47554151","52,4313345"
29951,214140,Berlin,7,2021,8,22,5,3,5,3,2,1,1,0,0,0,0,0,"13,34575593","52,50006999"
29952,214139,Berlin,11,2021,8,19,5,2,6,4,0,0,1,1,0,0,0,0,"13,52528947","52,4806776"
29953,214138,Berlin,11,2021,8,15,3,3,1,5,0,0,1,0,0,0,0,0,"13,4827551","52,52532047"
29954,214137,Berlin,11,2021,8,18,1,3,1,5,0,1,1,0,0,0,0,0,"13,48266841","52,54670649"
29955,214136,Berlin,11,2021,7,17,4,3,5,3,0,1,1,0,0,0,0,0,"13,49360138","52,54476692"
29956,214135,Berlin,1,2021,8,4,2,3,8,1,1,0,1,0,0,0,0,0,"13,37374657","52,55399228"
29957,214134,Berlin,11,2021,8,17,1,2,6,4,0,0,1,1,0,0,0,0,"13,52179242","52,567094"
29958,214133,Berlin,3,2021,7,15,6,3,5,2,0,0,1,0,1,0,0,0,"13,4419497","52,63648871"
29959,214132,Berlin,2,2021,8,10,5,3,2,6,0,0,1,0,0,0,0,0,"13,4473785","52,49813769"
29960,214131,Berlin,2,2021,7,14,5,3,1,5,0,1,1,0,0,0,0,0,"13,38705224","52,50065934"
29961,214130,Berlin,6,2021,8,7,6,3,5,2,0,0,1,0,0,0,0,0,"13,33805815","52,45111607"
29962,214129,Berlin,9,2021,8,16,2,3,6,7,0,0,1,1,0,0,0,0,"13,50836761","52,43276093"
29963,214128,Berlin,1,2021,8,17,6,3,6,7,0,0,0,1,0,0,1,0,"13,41152815","52,52173202"
29964,214127,Berlin,7,2021,7,7,7,3,8,1,0,0,1,0,0,0,0,0,"13,36598569","52,49345941"
29965,214126,Berlin,1,2021,8,21,4,3,5,2,2,1,0,0,0,0,0,0,"13,39133638","52,55033697"
29966,214125,Berlin,9,2021,8,10,2,3,0,1,0,0,1,0,0,0,0,0,"13,53768007","52,40023729"
29967,214124,Berlin,8,2021,7,5,5,2,5,2,0,1,0,0,0,0,1,0,"13,47316327","52,4231223"
29968,214123,Berlin,1,2021,7,17,5,3,4,6,0,0,1,0,0,0,0,0,"13,33784538","52,52735856"
29969,214122,Berlin,8,2021,8,13,3,2,6,4,0,0,1,1,0,0,0,0,"13,45333334","52,47350574"
29970,214121,Berlin,8,2021,7,13,4,3,5,3,0,1,1,0,0,0,0,0,"13,45121277","52,47188999"
29971,214120,Berlin,2,2021,7,21,7,3,0,1,1,0,0,0,1,0,0,0,"13,44692547","52,50753929"
29972,214119,Berlin,1,2021,8,20,6,2,3,6,1,1,0,0,0,0,0,0,"13,41811702","52,51689576"
29973,214118,Berlin,1,2021,8,16,3,3,5,3,0,1,1,0,0,0,0,0,"13,41637378","52,5110269"
29974,214117,Berlin,12,2021,8,22,6,3,8,1,2,0,1,0,0,0,0,1,"13,32806177","52,56389818"
29975,214116,Berlin,7,2021,7,20,3,2,5,3,1,1,1,0,0,0,0,0,"13,38544836","52,46712326"
29976,214115,Berlin,7,2021,8,10,4,3,1,5,0,1,1,0,0,0,0,0,"13,35216341","52,48660772"
29977,214114,Berlin,5,2021,7,14,5,3,5,2,0,0,1,0,0,0,0,0,"13,18726507","52,53677225"
29978,214113,Berlin,5,2021,7,17,7,3,5,2,0,1,1,0,0,0,0,0,"13,21893788","52,53709477"
29979,214112,Berlin,4,2021,8,18,4,2,6,4,0,0,1,1,0,0,0,0,"13,29855281","52,537054"
29980,214111,Berlin,4,2021,8,11,4,3,5,7,0,0,1,0,0,0,0,0,"13,32765618","52,52076328"
29981,214110,Berlin,6,2021,7,20,4,3,1,5,1,0,1,0,0,0,1,0,"13,33253992","52,45611308"
29982,214109,Berlin,2,2021,8,9,4,3,5,3,0,1,1,0,0,0,0,0,"13,46028483","52,51594374"
29983,214108,Berlin,3,2021,8,16,3,3,5,7,0,1,1,0,0,0,0,0,"13,40026486","52,55876536"
29984,214107,Berlin,2,2021,8,21,2,3,6,2,2,0,0,1,0,0,1,1,"13,44663099","52,52131646"
29985,214106,Berlin,5,2021,8,20,7,3,0,1,1,0,0,0,1,0,0,0,"13,2687523","52,53706645"
29986,214105,Berlin,7,2021,7,11,4,3,5,2,0,1,1,0,0,0,0,0,"13,4012765","52,41462937"
29987,214104,Berlin,12,2021,8,22,3,3,5,2,1,0,1,0,0,0,0,1,"13,29793028","52,5781131"
29988,214103,Berlin,4,2021,8,9,7,2,5,2,0,1,1,0,0,0,0,0,"13,30298745","52,51865328"
29989,214102,Berlin,12,2021,7,14,7,3,5,3,0,1,1,0,0,0,0,0,"13,34368894","52,61345695"
29990,214101,Berlin,2,2021,7,10,7,3,1,5,0,1,1,0,0,0,0,0,"13,39059305","52,5062901"
29991,214100,Berlin,6,2021,8,13,5,3,6,4,0,0,0,1,0,0,1,0,"13,25886567","52,43188476"
29992,214099,Berlin,1,2021,8,15,3,3,0,1,0,0,0,0,1,0,0,0,"13,40519186","52,53408179"
29993,214098,Berlin,1,2021,8,15,7,3,0,2,0,1,1,0,0,0,0,0,"13,37181786","52,50927518"
29994,214097,Berlin,4,2021,7,19,3,2,0,1,0,0,0,0,0,0,1,0,"13,32926311","52,50324329"
29995,214096,Berlin,1,2021,8,7,4,3,5,2,0,1,0,0,0,0,0,0,"13,4058379","52,53063956"
29996,214095,Berlin,7,2021,7,18,4,3,5,3,0,1,1,0,0,0,0,0,"13,36696963","52,49330284"
29997,214094,Berlin,7,2021,7,11,5,3,5,7,0,0,1,0,0,0,1,0,"13,36850143","52,40984639"
29998,214093,Berlin,4,2021,8,19,3,3,1,5,0,1,1,0,0,0,0,0,"13,3108196","52,50138866"
29999,214092,Berlin,11,2021,8,17,2,2,6,4,0,0,1,1,0,0,0,0,"13,51237249","52,55504688"
30000,214091,Berlin,9,2021,7,8,4,2,5,2,0,0,1,0,1,0,0,0,"13,54654981","52,42636614"
30001,214090,Berlin,1,2021,8,10,4,3,5,3,0,0,1,0,1,0,0,0,"13,35520954","52,54627077"
30002,214089,Berlin,8,2021,7,12,3,3,6,2,0,0,1,1,0,0,0,0,"13,4387635","52,45260398"
30003,214088,Berlin,3,2021,8,13,2,3,1,5,0,1,1,0,0,0,0,0,"13,41734281","52,54682249"
30004,214087,Berlin,3,2021,8,17,7,2,5,7,0,1,1,0,0,0,0,0,"13,42020169","52,61098258"
30005,214086,Berlin,11,2021,7,13,3,3,5,2,0,1,1,0,0,0,0,0,"13,50560819","52,53464035"
30006,214085,Berlin,5,2021,8,16,3,2,5,2,0,0,1,0,1,0,0,0,"13,17816808","52,54884424"
30007,214084,Berlin,3,2021,8,17,1,3,6,4,0,0,1,1,0,0,0,0,"13,49041848","52,62127766"
30008,214083,Berlin,1,2021,7,19,5,3,0,2,0,1,1,0,0,0,0,1,"13,35667408","52,52515713"
30009,214082,Berlin,1,2021,7,1,6,2,0,1,2,1,0,0,0,0,0,0,"13,32979066","52,52405669"
30010,214081,Berlin,8,2021,8,9,4,3,2,6,0,0,1,0,0,0,0,0,"13,44749074","52,47589291"
30011,214080,Berlin,1,2021,7,17,6,2,0,1,0,1,0,0,0,0,0,0,"13,38020641","52,51930551"
30012,214079,Berlin,12,2021,7,13,6,3,5,3,0,1,0,0,1,0,0,0,"13,37804741","52,56891638"
30013,214078,Berlin,3,2021,8,15,5,3,2,6,0,1,1,0,0,0,0,0,"13,4443062","52,5528383"
30014,214077,Berlin,10,2021,8,9,5,3,2,3,0,1,1,0,0,0,0,0,"13,61668333","52,54086225"
30015,214076,Berlin,4,2021,8,13,3,3,5,3,0,0,1,0,1,0,0,1,"13,2899947","52,48902984"
30016,214075,Berlin,1,2021,7,16,7,3,3,6,0,0,1,0,0,0,0,0,"13,38250711","52,55586719"
30017,214074,Berlin,8,2021,8,12,1,3,5,3,0,0,1,0,0,0,0,0,"13,41052556","52,4140348"
30018,214073,Berlin,4,2021,7,22,4,3,5,2,2,0,1,0,0,0,0,0,"13,3394311","52,50313507"
30019,214072,Berlin,8,2021,8,15,1,3,2,6,0,0,1,0,1,0,0,0,"13,45406647","52,4349553"
30020,214071,Berlin,5,2021,7,15,6,3,5,3,0,0,1,0,0,0,0,0,"13,21798606","52,5384767"
30021,214070,Berlin,7,2021,8,12,5,3,6,4,0,1,0,1,0,0,0,0,"13,36334179","52,48764469"
30022,214069,Berlin,12,2021,7,18,1,3,6,7,0,0,1,1,0,0,0,1,"13,31196938","52,61510342"
30023,214068,Berlin,7,2021,8,7,6,3,2,2,0,1,1,0,0,0,0,0,"13,35233879","52,49483748"
30024,214067,Berlin,6,2021,8,21,1,3,5,3,2,1,1,0,0,0,0,1,"13,33907045","52,46453145"
30025,214066,Berlin,2,2021,8,16,6,3,8,1,0,0,0,0,0,0,1,0,"13,42920249","52,50914845"
30026,214065,Berlin,8,2021,7,7,2,3,6,4,0,0,1,1,0,0,0,1,"13,43470637","52,48120564"
30027,214064,Berlin,1,2021,8,7,4,3,0,7,0,1,1,0,0,0,0,0,"13,34260148","52,50593162"
30028,214063,Berlin,11,2021,7,10,5,3,5,3,0,1,1,0,0,0,0,0,"13,52415416","52,47782924"
30029,214062,Berlin,11,2021,7,15,5,3,6,4,0,0,0,1,0,0,1,0,"13,49922231","52,5180492"
30030,214061,Berlin,5,2021,8,11,3,3,2,6,0,0,1,0,0,0,0,0,"13,24419739","52,53851213"
30031,214060,Berlin,1,2021,7,7,4,3,5,2,0,1,1,0,0,0,0,0,"13,39031873","52,55554541"
30032,214059,Berlin,6,2021,7,9,2,3,2,7,0,1,1,0,0,0,0,0,"13,30337861","52,44111364"
30033,214058,Berlin,3,2021,8,22,6,3,6,4,2,0,1,1,0,0,0,0,"13,42351874","52,61165355"
30034,214057,Berlin,6,2021,8,10,2,3,5,2,0,1,1,0,0,0,0,0,"13,22935029","52,4264716"
30035,214056,Berlin,4,2021,8,10,6,3,2,6,0,0,1,0,0,0,0,0,"13,31639644","52,50105383"
30036,214055,Berlin,4,2021,7,17,5,3,5,7,0,0,1,0,1,0,0,0,"13,34041114","52,50406057"
30037,214054,Berlin,7,2021,7,16,6,3,1,5,0,1,1,0,0,0,0,0,"13,41013389","52,38761585"
30038,214053,Berlin,11,2021,8,11,4,3,1,5,0,1,1,0,0,0,0,0,"13,53951939","52,49129849"
30039,214052,Berlin,12,2021,8,11,3,3,2,6,0,0,1,0,0,0,1,0,"13,33850955","52,57165097"
30040,214051,Berlin,5,2021,7,19,5,2,5,3,0,1,1,0,0,0,0,0,"13,13030541","52,55068307"
30041,214050,Berlin,2,2021,7,10,7,3,5,3,0,1,0,0,0,0,1,0,"13,42970568","52,5210915"
30042,214049,Berlin,4,2021,8,11,5,3,5,3,0,0,1,0,0,0,0,0,"13,30443628","52,48845059"
30043,214048,Berlin,12,2021,8,16,4,3,6,2,0,0,1,1,0,0,0,0,"13,32912876","52,56725446"
30044,214047,Berlin,1,2021,8,13,2,3,4,5,0,1,0,0,0,0,1,0,"13,33903482","52,52385682"
30045,214046,Berlin,1,2021,8,6,7,3,0,1,0,1,0,0,0,0,0,0,"13,41788882","52,52577741"
30046,214045,Berlin,8,2021,7,17,4,3,1,5,0,1,1,0,0,0,0,0,"13,42532524","52,4799626"
30047,214044,Berlin,1,2021,8,8,3,3,5,3,0,1,0,0,0,0,1,0,"13,41963636","52,50618391"
30048,214043,Berlin,7,2021,8,0,1,2,0,3,2,1,0,0,1,0,0,1,"13,3638447","52,48513351"
30049,214042,Berlin,7,2021,7,16,6,3,5,3,0,1,1,0,0,0,0,0,"13,38181477","52,39695237"
30050,214041,Berlin,5,2021,7,17,7,3,0,5,0,0,1,0,0,0,0,0,"13,13958152","52,53988177"
30051,214040,Berlin,5,2021,8,7,4,3,0,1,0,0,1,0,1,0,0,0,"13,22532246","52,54882764"
30052,214039,Berlin,6,2021,7,17,5,3,1,1,0,0,1,0,1,0,0,1,"13,30861226","52,46340486"
30053,214038,Berlin,2,2021,8,12,6,3,5,7,0,0,1,0,0,0,1,0,"13,43642471","52,49246117"
30054,214037,Berlin,4,2021,8,17,5,3,0,6,0,0,1,0,1,0,0,1,"13,29711924","52,52669977"
30055,214036,Berlin,9,2021,8,15,3,3,0,1,0,0,0,0,1,0,0,0,"13,54721907","52,43521468"
30056,214035,Berlin,6,2021,8,16,1,3,6,7,0,1,0,1,0,0,0,0,"13,32525259","52,46017283"
30057,214034,Berlin,6,2021,7,10,4,2,1,7,0,0,1,0,0,0,0,0,"13,31741342","52,45809115"
30058,214033,Berlin,4,2021,8,16,1,2,8,1,0,1,0,0,0,0,0,1,"13,24936406","52,51598958"
30059,214032,Berlin,12,2021,7,11,3,3,5,2,0,0,1,0,0,0,1,0,"13,35389955","52,56208997"
30060,214031,Berlin,10,2021,7,6,6,3,8,1,0,0,0,0,1,0,0,0,"13,52352277","52,5360439"
30061,214030,Berlin,5,2021,7,5,2,2,5,2,0,0,1,0,1,0,0,0,"13,18534628","52,51531525"
30062,214029,Berlin,9,2021,7,11,1,3,5,2,0,0,1,0,0,0,0,0,"13,48116348","52,46079499"
30063,214028,Berlin,10,2021,8,22,6,2,5,7,2,1,0,0,0,0,1,0,"13,52438591","52,5364036"
30064,214027,Berlin,8,2021,8,10,2,3,8,1,0,0,0,0,1,0,0,0,"13,492348","52,42019456"
30065,214026,Berlin,1,2021,8,19,6,3,0,1,0,1,0,0,1,0,0,1,"13,40831039","52,52736399"
30066,214025,Berlin,1,2021,7,0,1,2,0,7,2,0,0,0,0,0,1,0,"13,33912923","52,53386987"
30067,214024,Berlin,7,2021,7,11,6,3,5,2,0,1,1,0,0,0,0,0,"13,35493031","52,41329371"
30068,214023,Berlin,2,2021,8,18,5,2,0,7,0,1,0,0,0,0,0,0,"13,45954917","52,51246007"
30069,214022,Berlin,3,2021,8,8,5,3,0,3,0,1,0,0,1,0,0,0,"13,49306702","52,62386284"
30070,214021,Berlin,1,2021,8,6,3,3,5,3,0,0,1,0,1,0,0,0,"13,4282097","52,50729506"
30071,214020,Berlin,10,2021,8,14,7,3,5,2,0,1,1,0,0,0,0,0,"13,53373699","52,52572434"
30072,214019,Berlin,11,2021,7,11,4,2,5,7,0,0,1,0,0,0,1,0,"13,52574689","52,482746"
30073,214018,Berlin,1,2021,8,4,1,3,1,5,2,0,1,0,0,0,1,0,"13,37965669","52,52921851"
30074,214017,Berlin,7,2021,7,8,1,3,5,2,0,1,1,0,0,0,0,0,"13,34746722","52,4705873"
30075,214016,Berlin,5,2021,7,11,2,3,2,6,0,0,1,0,0,0,0,0,"13,187375","52,52058086"
30076,214015,Berlin,12,2021,8,8,6,3,2,6,0,1,1,0,0,0,0,0,"13,27289891","52,63450958"
30077,214014,Berlin,9,2021,8,13,2,3,5,2,0,1,1,0,0,0,0,0,"13,61879482","52,45556393"
30078,214013,Berlin,1,2021,8,13,6,3,3,2,0,0,1,0,0,0,0,0,"13,37712543","52,51242367"
30079,214012,Berlin,7,2021,7,18,2,2,5,7,0,1,1,0,0,0,0,0,"13,35081627","52,49863793"
30080,214011,Berlin,5,2021,8,1,4,3,0,1,2,0,0,0,0,0,1,1,"13,23312914","52,54549352"
30081,214010,Berlin,3,2021,7,10,4,3,4,5,0,1,1,0,0,0,0,0,"13,43485678","52,54654797"
30082,214009,Berlin,7,2021,7,8,5,3,2,2,0,1,1,0,0,0,0,0,"13,34789196","52,47892633"
30083,214008,Berlin,11,2021,8,17,2,3,5,3,0,1,1,0,0,0,0,0,"13,49866266","52,53839081"
30084,214007,Berlin,4,2021,7,12,3,3,5,2,0,0,0,0,1,0,1,1,"13,30849322","52,52913208"
30085,214006,Berlin,11,2021,7,14,2,3,6,4,0,0,0,1,0,0,1,0,"13,51191451","52,55465149"
30086,214005,Berlin,3,2021,8,23,6,2,9,1,2,0,1,0,0,0,0,0,"13,42414844","52,57136468"
30087,214004,Berlin,2,2021,8,19,3,3,3,6,0,0,1,0,1,0,0,0,"13,44202871","52,50103848"
30088,214003,Berlin,1,2021,8,21,6,3,0,1,2,1,0,0,0,0,0,1,"13,40435891","52,53318855"
30089,214002,Berlin,5,2021,7,15,5,3,5,3,0,0,1,0,0,0,0,0,"13,2469791","52,54415822"
30090,214001,Berlin,2,2021,7,17,6,3,2,1,0,0,1,0,0,0,0,0,"13,4298046","52,51030089"
30091,214000,Berlin,2,2021,8,3,5,3,5,2,2,0,1,0,0,0,0,0,"13,39967723","52,49841434"
30092,213999,Berlin,11,2021,7,12,5,3,1,5,0,1,1,0,0,0,0,0,"13,47814638","52,51501299"
30093,213998,Berlin,4,2021,7,15,7,3,1,5,0,1,0,0,0,0,1,0,"13,27977502","52,54100149"
30094,213997,Berlin,1,2021,8,15,5,3,2,6,0,0,1,0,0,0,0,0,"13,37579245","52,52843079"
30095,213996,Berlin,6,2021,8,16,4,3,5,3,0,0,1,0,0,0,0,0,"13,25483337","52,41829494"
30096,213995,Berlin,1,2021,8,17,3,3,5,2,0,1,0,0,0,0,1,0,"13,37828902","52,52917249"
30097,213994,Berlin,3,2021,8,10,1,3,0,1,0,1,1,0,0,0,0,0,"13,37318555","52,59829241"