,id,city,district,year,month,hour,weekday,injury_level,collision,movement,light_conditions,bicycle,car,pedestrian,motorbike,truck,other_vehicle,road_conditions,longitude,latitude
31042,213049,Berlin,6,2021,6,12,6,3,1,5,0,0,1,0,0,0,1,0,"13,33012399","52,45530807"
31043,213048,Berlin,2,2021,6,15,6,3,2,6,0,0,1,0,0,0,0,0,"13,45329133","52,51580921"
31044,213047,Berlin,3,2021,7,19,6,3,5,3,0,1,1,0,0,0,0,0,"13,42755351","52,5530249"
31045,213046,Berlin,7,2021,6,8,4,3,5,2,0,0,1,0,0,0,0,0,"13,40678035","52,39376836"
31046,213045,Berlin,1,2021,6,14,6,3,5,3,0,0,1,0,1,0,0,0,"13,36310662","52,54873964"
31047,213044,Berlin,6,2021,5,14,1,2,5,3,0,1,1,0,0,0,0,0,"13,2938923","52,4455306"
31048,213043,Berlin,7,2021,6,8,6,3,6,4,0,0,1,1,0,0,0,0,"13,39170073","52,44551173"
31049,213042,Berlin,12,2021,6,18,5,3,6,4,0,0,1,1,0,0,0,1,"13,28104859","52,57568335"
31050,213041,Berlin,1,2021,6,9,3,3,5,2,0,0,1,0,0,0,0,0,"13,3771303","52,53880287"
31051,213040,Berlin,8,2021,6,17,2,3,0,1,0,1,0,0,0,0,0,0,"13,43489293","52,45060398"
31052,213039,Berlin,6,2021,6,19,2,3,1,5,0,1,1,0,0,0,0,0,"13,34458881","52,43272515"
31053,213038,Berlin,1,2021,5,18,5,3,0,1,0,0,0,0,1,0,0,1,"13,36384235","52,52475021"
31054,213037,Berlin,5,2021,6,15,4,3,5,2,0,1,1,0,0,0,0,0,"13,22002376","52,53702745"
31055,213036,Berlin,11,2021,5,18,1,2,2,6,0,0,1,1,1,0,0,1,"13,50387663","52,5741821"
31056,213035,Berlin,11,2021,6,16,2,3,2,6,0,0,1,0,0,0,1,0,"13,47476259","52,52297228"
31057,213034,Berlin,7,2021,7,11,2,2,5,3,0,0,1,0,0,0,0,1,"13,39002203","52,43434986"
31058,213033,Berlin,10,2021,7,8,6,3,5,3,0,0,1,0,0,0,0,0,"13,59624564","52,51925332"
31059,213032,Berlin,1,2021,7,8,6,3,5,2,0,1,1,0,0,0,0,1,"13,38720966","52,55986408"
31060,213031,Berlin,1,2021,6,18,5,3,0,1,0,1,0,0,0,0,0,0,"13,32652295","52,54221562"
31061,213030,Berlin,12,2021,6,10,2,3,2,6,0,0,1,0,0,0,0,0,"13,32961709","52,60198878"
31062,213029,Berlin,5,2021,5,14,2,3,5,3,0,1,0,0,1,0,0,0,"13,2016721","52,54851234"
31063,213028,Berlin,10,2021,6,19,6,3,0,1,0,0,0,0,0,0,1,0,"13,60665038","52,53448488"
31064,213027,Berlin,12,2021,6,13,6,3,5,7,0,0,1,0,1,0,0,0,"13,29153573","52,60717042"
31065,213026,Berlin,9,2021,7,19,6,3,2,7,0,0,1,0,0,0,0,0,"13,49378322","52,46086246"
31066,213025,Berlin,6,2021,6,18,3,3,1,6,0,1,1,0,0,0,1,0,"13,20883736","52,43581864"
31067,213024,Berlin,6,2021,6,7,6,3,2,6,0,0,1,0,0,0,0,1,"13,27324795","52,40977689"
31068,213023,Berlin,1,2021,5,13,6,3,0,5,0,1,1,0,0,0,0,0,"13,32744758","52,5275169"
31069,213022,Berlin,4,2021,6,12,4,3,2,6,0,0,1,0,0,0,0,0,"13,31364456","52,50472516"
31070,213021,Berlin,8,2021,7,10,1,3,0,1,0,0,0,0,1,0,0,0,"13,48312469","52,42566887"
31071,213020,Berlin,8,2021,5,6,3,3,5,3,0,0,1,0,0,0,1,1,"13,44041937","52,41760973"
31072,213019,Berlin,1,2021,6,13,3,3,5,3,0,0,1,0,0,0,1,0,"13,39516458","52,51724576"
31073,213018,Berlin,10,2021,7,16,2,3,6,4,0,0,1,1,0,0,0,0,"13,56344378","52,49807944"
31074,213017,Berlin,4,2021,7,15,3,3,5,2,0,1,1,0,0,0,0,0,"13,31503146","52,51464968"
31075,213016,Berlin,8,2021,5,11,6,3,1,5,0,0,1,0,0,0,0,0,"13,43693732","52,48169336"
31076,213015,Berlin,2,2021,6,8,5,3,6,7,0,0,0,1,0,0,1,0,"13,42387934","52,48831452"
31077,213014,Berlin,7,2021,7,19,7,3,5,2,0,0,1,0,1,0,0,0,"13,40678369","52,39376843"
31078,213013,Berlin,3,2021,6,15,2,3,2,2,0,0,0,0,1,0,0,0,"13,4161513","52,57230719"
31079,213012,Berlin,7,2021,6,16,6,2,5,2,0,1,1,0,0,0,0,0,"13,37532173","52,45551174"
31080,213011,Berlin,10,2021,6,11,3,2,5,3,0,1,1,0,0,0,0,0,"13,55953489","52,47776554"
31081,213010,Berlin,8,2021,6,14,3,3,6,4,0,0,0,1,1,0,0,0,"13,43492776","52,48121148"
31082,213009,Berlin,7,2021,6,16,2,3,5,2,0,1,1,0,0,0,0,0,"13,37498516","52,43710343"
31083,213008,Berlin,3,2021,6,9,6,3,5,3,0,0,1,0,1,0,0,0,"13,47472511","52,60433261"
31084,213007,Berlin,8,2021,7,6,7,3,4,6,0,0,1,0,0,0,0,0,"13,47033889","52,43514426"
31085,213006,Berlin,4,2021,6,17,7,3,1,5,0,1,1,0,0,0,0,0,"13,31842877","52,47172213"
31086,213005,Berlin,11,2021,5,8,3,3,9,1,0,0,0,0,1,0,0,0,"13,49095205","52,50138474"
31087,213004,Berlin,12,2021,6,13,4,3,2,6,0,0,1,0,0,0,0,1,"13,30428095","52,60105664"
31088,213003,Berlin,12,2021,7,8,3,3,2,6,0,1,1,0,0,0,0,0,"13,27442376","52,59881627"
31089,213002,Berlin,11,2021,7,4,4,3,5,3,1,0,1,0,1,0,0,1,"13,49774434","52,53602655"
31090,213001,Berlin,8,2021,6,23,4,3,1,5,2,1,1,0,0,0,0,0,"13,42809006","52,48117957"
31091,213000,Berlin,5,2021,6,17,2,3,5,3,0,0,1,0,1,0,0,0,"13,15043308","52,55395548"
31092,212999,Berlin,11,2021,5,17,6,3,5,3,0,0,1,0,0,0,0,0,"13,49174349","52,53410308"
31093,212998,Berlin,7,2021,6,13,5,3,2,6,0,1,1,0,0,0,0,0,"13,33735788","52,47338002"
31094,212997,Berlin,9,2021,6,17,5,3,5,3,0,1,1,0,0,0,0,0,"13,55146034","52,42866594"
31095,212996,Berlin,12,2021,6,8,3,3,0,2,0,1,1,0,0,0,0,0,"13,3778788","52,56405434"
31096,212995,Berlin,8,2021,6,14,1,3,5,2,0,1,1,0,0,0,0,0,"13,43559345","52,46686614"
31097,212994,Berlin,4,2021,6,18,3,3,5,2,0,1,1,0,0,0,0,0,"13,31651076","52,49946602"
31098,212993,Berlin,6,2021,6,15,4,3,2,6,0,0,1,0,0,0,0,0,"13,35947442","52,44776917"
31099,212992,Berlin,12,2021,6,9,2,3,5,3,0,0,1,0,0,0,0,0,"13,29020148","52,65583623"
31100,212991,Berlin,3,2021,7,1,1,3,5,2,2,0,1,0,1,0,0,0,"13,50623847","52,63756191"
31101,212990,Berlin,6,2021,6,10,1,3,5,2,0,0,0,0,1,0,0,0,"13,19095739","52,43357514"
31102,212989,Berlin,2,2021,7,19,5,2,3,6,1,1,0,0,0,0,0,1,"13,44580365","52,50187462"
31103,212988,Berlin,1,2021,7,13,5,3,5,2,0,1,1,0,0,0,0,0,"13,39114469","52,53621086"
31104,212987,Berlin,1,2021,6,7,5,3,2,6,0,0,1,0,1,0,0,0,"13,37680701","52,55363466"
31105,212986,Berlin,1,2021,5,6,2,3,1,5,0,0,0,0,0,1,1,0,"13,33545034","52,54794704"
31106,212985,Berlin,12,2021,6,20,5,3,0,7,0,0,1,0,0,0,0,0,"13,35205237","52,56763535"
31107,212984,Berlin,1,2021,6,18,6,3,3,6,0,1,1,0,1,0,0,0,"13,38116246","52,51106314"
31108,212983,Berlin,3,2021,6,11,2,3,0,3,0,0,1,0,0,0,0,0,"13,45767156","52,52890654"
31109,212982,Berlin,8,2021,6,8,2,3,5,3,0,1,0,0,0,0,0,0,"13,45847328","52,47267801"
31110,212981,Berlin,10,2021,5,14,5,3,5,2,0,0,1,0,0,0,0,1,"13,55271056","52,50746582"
31111,212980,Berlin,9,2021,6,17,4,3,5,2,0,0,1,0,0,0,0,0,"13,48114581","52,46080039"
31112,212979,Berlin,1,2021,5,18,2,3,1,5,0,0,0,0,1,0,1,0,"13,35081122","52,50440649"
31113,212978,Berlin,7,2021,6,7,2,3,5,2,0,0,1,0,0,0,0,0,"13,37810829","52,46635798"
31114,212977,Berlin,4,2021,7,11,2,3,9,1,0,0,0,0,0,0,1,1,"13,24460577","52,52414072"
31115,212976,Berlin,1,2021,7,21,5,3,2,6,1,0,1,0,0,0,0,0,"13,40580945","52,52953936"
31116,212975,Berlin,1,2021,6,9,6,3,5,3,0,0,1,0,0,0,0,0,"13,37744215","52,52215224"
31117,212974,Berlin,1,2021,6,15,5,3,5,2,0,0,1,0,0,0,0,0,"13,3498683","52,50303773"
31118,212973,Berlin,6,2021,6,17,2,2,5,3,0,0,1,0,0,0,1,0,"13,30316357","52,42912341"
31119,212972,Berlin,8,2021,5,9,2,3,2,6,0,1,1,0,0,0,0,0,"13,42541665","52,47968887"
31120,212971,Berlin,4,2021,6,13,6,3,5,2,0,0,1,0,0,0,0,0,"13,27982376","52,52115289"
31121,212970,Berlin,8,2021,6,15,7,3,6,4,0,0,1,1,0,0,0,0,"13,43346382","52,4822194"
31122,212969,Berlin,2,2021,7,15,6,3,2,6,0,0,1,0,0,0,1,0,"13,38786036","52,49991489"
31123,212968,Berlin,8,2021,6,14,3,3,5,3,0,1,1,0,0,0,0,0,"13,4540695","52,48249756"
31124,212967,Berlin,2,2021,6,19,6,3,1,5,0,1,1,0,0,0,0,0,"13,4371142","52,49316115"
31125,212966,Berlin,1,2021,5,8,6,3,5,3,0,1,1,0,0,0,0,0,"13,38895845","52,51562282"
31126,212965,Berlin,12,2021,6,16,4,3,5,3,0,0,1,0,0,0,0,0,"13,28390453","52,57871543"
31127,212964,Berlin,5,2021,7,20,7,3,2,6,0,0,1,0,0,0,1,0,"13,1620342","52,52021096"
31128,212963,Berlin,1,2021,5,17,3,3,2,6,0,0,1,0,0,0,0,1,"13,37795228","52,55653782"
31129,212962,Berlin,5,2021,6,14,3,3,2,6,0,0,1,0,0,0,0,0,"13,20271608","52,55545639"
31130,212961,Berlin,9,2021,7,8,2,3,0,1,0,1,0,0,0,0,0,1,"13,53937873","52,45085182"
31131,212960,Berlin,3,2021,7,12,3,3,0,6,0,1,0,0,0,0,1,0,"13,44053536","52,55376966"
31132,212959,Berlin,8,2021,5,10,7,3,6,7,0,0,0,1,0,0,1,0,"13,49441548","52,42116937"
31133,212958,Berlin,11,2021,6,9,5,2,5,2,0,0,1,0,0,0,1,0,"13,49629237","52,50016932"
31134,212957,Berlin,7,2021,6,14,4,3,5,2,0,0,1,0,1,0,0,1,"13,39290211","52,46686116"
31135,212956,Berlin,4,2021,7,9,7,3,0,3,0,0,1,0,1,0,0,1,"13,30205679","52,5077849"
31136,212955,Berlin,8,2021,6,16,2,3,5,3,0,0,1,0,1,0,0,0,"13,48351149","52,43122275"
31137,212954,Berlin,3,2021,6,14,6,3,5,2,0,1,1,0,0,0,0,0,"13,37092513","52,59069029"
31138,212953,Berlin,5,2021,6,19,3,3,2,6,0,0,1,0,0,0,0,0,"13,15132709","52,55378613"
31139,212952,Berlin,4,2021,6,18,3,3,5,3,0,1,1,0,0,0,0,0,"13,29751507","52,5394494"
31140,212951,Berlin,1,2021,6,17,7,3,0,7,0,1,0,0,0,0,0,0,"13,34668473","52,54022427"
31141,212950,Berlin,8,2021,6,17,2,3,2,6,0,0,1,0,0,0,0,0,"13,42422908","52,45235421"
31142,212949,Berlin,10,2021,7,12,7,2,5,7,0,0,1,0,1,0,0,0,"13,53810733","52,53448144"
31143,212948,Berlin,7,2021,6,14,7,3,3,6,0,0,1,0,1,0,0,0,"13,39157077","52,39870029"
31144,212947,Berlin,7,2021,5,19,4,2,0,6,0,0,1,0,1,0,0,0,"13,37778703","52,46544155"
31145,212946,Berlin,12,2021,6,17,4,3,1,5,1,0,1,1,0,0,1,1,"13,36373728","52,59707942"
31146,212945,Berlin,8,2021,7,22,3,3,2,7,2,0,1,0,1,0,0,0,"13,42416282","52,48574816"
31147,212944,Berlin,3,2021,7,20,4,3,7,7,0,0,0,0,1,0,0,0,"13,45462609","52,55056052"
31148,212943,Berlin,1,2021,6,12,5,3,2,2,0,0,1,0,0,1,0,0,"13,33219357","52,54029019"
31149,212942,Berlin,1,2021,5,12,1,3,0,1,0,1,0,0,0,0,0,0,"13,37937725","52,54020404"
31150,212941,Berlin,5,2021,6,17,5,3,3,6,0,0,1,0,0,0,1,0,"13,18356638","52,51387221"
31151,212940,Berlin,3,2021,6,17,5,3,3,6,0,0,1,0,0,0,1,0,"13,41381884","52,56669892"
31152,212939,Berlin,12,2021,5,18,6,3,5,3,0,0,1,0,0,0,1,1,"13,35224146","52,61712987"
31153,212938,Berlin,1,2021,6,13,5,2,0,3,0,0,1,0,1,0,0,0,"13,38764415","52,5604059"
31154,212937,Berlin,8,2021,7,15,2,3,3,6,0,0,0,0,0,1,1,0,"13,43502579","52,42725684"
31155,212936,Berlin,9,2021,5,8,3,3,5,2,0,0,1,0,0,0,1,0,"13,51425372","52,44646539"
31156,212935,Berlin,5,2021,6,16,3,3,6,4,0,0,1,1,0,0,0,0,"13,2561799","52,53756326"
31157,212934,Berlin,12,2021,7,12,2,3,1,5,0,1,1,0,0,0,0,0,"13,31474843","52,57462777"
31158,212933,Berlin,1,2021,7,18,3,2,0,7,0,1,0,0,0,0,0,0,"13,35141622","52,51539461"
31159,212932,Berlin,1,2021,5,12,6,3,5,2,0,0,1,0,0,0,0,0,"13,3936793","52,54113182"
31160,212931,Berlin,10,2021,6,12,5,3,0,6,0,0,1,0,0,0,1,0,"13,5696517","52,54079767"
31161,212930,Berlin,4,2021,7,21,7,2,5,2,2,0,1,1,0,0,0,0,"13,28110295","52,53526434"
31162,212929,Berlin,3,2021,6,10,2,2,1,5,0,1,1,0,0,0,0,0,"13,49369502","52,63273243"
31163,212928,Berlin,8,2021,6,11,6,3,5,2,0,1,1,0,0,0,0,0,"13,43338898","52,46404189"
31164,212927,Berlin,1,2021,6,15,2,3,5,3,0,1,1,0,0,0,0,0,"13,39107632","52,53624623"
31165,212926,Berlin,2,2021,6,12,3,2,0,7,0,1,0,0,0,0,0,0,"13,38642941","52,49302631"
31166,212925,Berlin,8,2021,6,10,7,3,0,6,0,0,1,0,0,0,1,0,"13,49657848","52,41575935"
31167,212924,Berlin,3,2021,6,5,7,2,5,3,0,0,1,0,0,0,0,0,"13,43043924","52,55124267"
31168,212923,Berlin,6,2021,7,14,6,2,5,3,0,1,0,0,0,0,1,0,"13,36060828","52,44669695"
31169,212922,Berlin,3,2021,6,17,7,3,2,6,0,0,1,0,0,0,0,0,"13,41489034","52,55355194"
31170,212921,Berlin,11,2021,5,20,4,3,0,1,0,0,0,0,0,0,1,0,"13,48240596","52,51895871"
31171,212920,Berlin,5,2021,6,15,4,3,2,6,0,0,1,0,0,0,0,1,"13,20923737","52,5521874"
31172,212919,Berlin,2,2021,7,23,3,3,0,1,2,1,0,0,0,0,0,0,"13,45829449","52,50938742"
31173,212918,Berlin,11,2021,7,13,4,3,0,1,0,0,0,0,1,0,0,1,"13,47682489","52,52298276"
31174,212917,Berlin,4,2021,6,11,4,3,2,7,0,1,0,0,0,0,1,0,"13,31393962","52,50083013"
31175,212916,Berlin,8,2021,5,11,6,3,1,5,0,1,1,0,0,0,0,0,"13,43697835","52,48531922"
31176,212915,Berlin,12,2021,6,16,5,3,2,6,0,0,1,0,0,0,0,0,"13,32490804","52,6022869"
31177,212914,Berlin,2,2021,6,10,5,3,0,2,0,1,0,0,0,1,0,1,"13,39608667","52,49837971"
31178,212913,Berlin,4,2021,6,19,3,3,5,3,0,0,0,0,1,0,1,0,"13,30086138","52,47389943"
31179,212912,Berlin,1,2021,6,11,6,3,6,2,0,0,0,1,0,0,1,0,"13,40044683","52,52215155"
31180,212911,Berlin,2,2021,6,18,7,2,8,1,0,0,1,0,0,0,0,0,"13,37673987","52,49146928"
31181,212910,Berlin,3,2021,6,13,1,3,5,3,0,0,1,0,0,0,1,0,"13,40964065","52,53359567"
31182,212909,Berlin,1,2021,6,3,4,3,3,5,2,0,1,0,0,0,1,0,"13,34087142","52,51980493"
31183,212908,Berlin,8,2021,6,17,4,2,5,5,0,0,0,0,1,0,1,0,"13,44810157","52,43696382"
31184,212907,Berlin,3,2021,6,20,2,3,0,1,0,1,0,0,0,0,0,0,"13,42093371","52,53340371"
31185,212906,Berlin,5,2021,7,12,7,3,2,6,0,0,1,0,0,0,0,0,"13,21763994","52,53770637"
31186,212905,Berlin,1,2021,6,7,7,3,5,3,0,0,1,0,0,0,0,0,"13,4159282","52,52704483"
31187,212904,Berlin,4,2021,7,10,5,3,5,3,0,0,1,0,0,0,0,1,"13,33108841","52,49539907"
31188,212903,Berlin,8,2021,7,14,5,3,2,6,0,0,1,0,1,0,0,0,"13,46661825","52,42688315"
31189,212902,Berlin,5,2021,6,18,5,2,2,6,0,1,1,0,0,0,0,0,"13,1835079","52,51198933"
31190,212901,Berlin,8,2021,5,19,2,3,0,7,0,0,1,0,1,0,0,0,"13,45016362","52,47673183"
31191,212900,Berlin,9,2021,6,18,5,3,4,6,0,0,1,0,0,0,1,0,"13,58627511","52,39393989"
31192,212899,Berlin,3,2021,6,15,6,3,5,3,0,1,1,0,0,0,0,0,"13,41381744","52,58293581"
31193,212898,Berlin,1,2021,6,10,3,3,5,3,0,0,1,0,0,0,0,0,"13,34899989","52,51476969"
31194,212897,Berlin,7,2021,6,18,2,3,5,2,0,1,1,0,0,0,0,0,"13,32395663","52,4715713"
31195,212896,Berlin,3,2021,5,10,5,3,5,3,0,1,1,0,0,0,0,0,"13,42887497","52,55140366"
31196,212895,Berlin,3,2021,6,9,4,3,2,6,0,0,1,0,1,0,0,0,"13,38102976","52,57430915"
31197,212894,Berlin,1,2021,7,19,7,3,5,2,0,0,1,0,1,0,0,0,"13,40963452","52,52400079"
31198,212893,Berlin,1,2021,5,18,1,3,6,4,0,0,1,1,0,0,0,0,"13,34543392","52,52990551"
31199,212892,Berlin,9,2021,6,14,3,3,5,3,0,0,1,0,0,0,0,0,"13,52974055","52,42249272"
31200,212891,Berlin,5,2021,7,7,3,3,3,6,0,1,1,0,0,0,0,0,"13,16288748","52,4652126"
31201,212890,Berlin,2,2021,7,15,5,3,5,7,0,1,0,0,0,0,1,1,"13,41026413","52,50302975"
31202,212889,Berlin,10,2021,6,14,2,3,5,2,0,1,0,0,0,1,0,0,"13,53285445","52,55555187"
31203,212888,Berlin,8,2021,6,7,6,3,6,4,0,0,1,1,0,0,0,0,"13,49624783","52,41561056"
31204,212887,Berlin,6,2021,6,21,5,2,0,6,2,0,0,0,0,0,1,0,"13,34553411","52,43644516"
31205,212886,Berlin,5,2021,6,17,2,3,6,7,0,0,0,1,0,0,1,0,"13,15996257","52,51604909"
31206,212885,Berlin,10,2021,6,18,3,2,1,5,0,0,1,0,0,0,0,0,"13,56368181","52,52925869"
31207,212884,Berlin,1,2021,6,13,6,3,1,5,0,1,1,0,0,0,0,0,"13,40710852","52,51146943"
31208,212883,Berlin,1,2021,6,22,7,3,2,6,2,0,0,0,0,0,1,0,"13,3563315","52,54481489"
31209,212882,Berlin,1,2021,7,22,6,3,5,7,2,1,1,0,0,0,0,0,"13,38833032","52,55007173"
31210,212881,Berlin,8,2021,6,9,4,3,5,3,0,1,1,0,0,0,0,0,"13,43797604","52,48799967"
31211,212880,Berlin,12,2021,6,14,6,2,3,7,0,1,0,0,0,0,0,0,"13,27212927","52,57671114"
31212,212879,Berlin,7,2021,6,12,4,2,5,2,0,0,1,0,0,0,0,0,"13,40120577","52,41460989"
31213,212878,Berlin,4,2021,5,23,3,3,5,3,2,0,1,0,0,0,0,0,"13,30660375","52,5181216"
31214,212877,Berlin,2,2021,6,14,4,3,6,7,0,0,0,1,0,0,1,1,"13,44038667","52,51632081"
31215,212876,Berlin,5,2021,7,14,2,3,5,7,0,0,1,0,0,0,0,0,"13,24637471","52,5374488"
31216,212875,Berlin,8,2021,7,10,4,3,2,6,0,0,1,0,0,0,0,1,"13,43316089","52,44402167"
31217,212874,Berlin,1,2021,6,18,4,3,1,5,0,1,1,0,0,0,0,0,"13,35620656","52,54203969"
31218,212873,Berlin,7,2021,5,17,7,3,5,3,0,0,1,0,0,0,0,0,"13,37307092","52,45209924"
31219,212872,Berlin,6,2021,6,15,5,3,0,6,0,0,0,0,0,0,1,0,"13,3453102","52,43670146"
31220,212871,Berlin,1,2021,6,21,4,3,5,3,0,1,1,0,0,0,0,0,"13,37931467","52,54053173"
31221,212870,Berlin,1,2021,7,10,7,3,1,5,0,1,1,0,0,0,0,1,"13,39953167","52,53179965"
31222,212869,Berlin,7,2021,6,0,4,3,6,4,2,0,0,1,1,0,0,0,"13,38451364","52,47157128"
31223,212868,Berlin,1,2021,6,23,7,3,5,2,2,1,1,0,0,0,0,0,"13,38043481","52,51810961"
31224,212867,Berlin,10,2021,6,8,4,3,5,2,0,0,1,0,0,0,0,0,"13,54505562","52,55353157"
31225,212866,Berlin,6,2021,6,7,4,3,5,3,0,1,0,0,1,0,0,0,"13,27405786","52,41856"
31226,212865,Berlin,10,2021,6,7,2,3,6,4,0,0,1,1,0,0,0,0,"13,58739331","52,53931007"
31227,212864,Berlin,3,2021,6,13,1,3,5,3,0,1,1,0,0,0,0,0,"13,45737761","52,55829199"
31228,212863,Berlin,3,2021,7,20,1,2,5,3,0,1,1,0,0,0,0,0,"13,43532693","52,56283432"
31229,212862,Berlin,1,2021,6,23,7,3,5,3,2,0,0,0,0,0,1,0,"13,4013665","52,52958651"
31230,212861,Berlin,2,2021,5,12,3,3,1,5,0,1,1,0,0,0,0,1,"13,41699242","52,50192274"
31231,212860,Berlin,8,2021,6,12,4,3,2,6,0,0,1,0,0,0,1,1,"13,50334271","52,41172678"
31232,212859,Berlin,1,2021,7,15,3,3,3,6,0,0,1,0,0,0,0,0,"13,38633731","52,54933885"
31233,212858,Berlin,2,2021,7,2,5,3,5,3,2,1,1,0,0,0,0,0,"13,4180237","52,49882261"
31234,212857,Berlin,9,2021,6,15,5,3,5,3,0,0,1,0,0,0,0,0,"13,58355941","52,45160411"
31235,212856,Berlin,3,2021,5,20,1,3,0,7,0,1,1,0,0,0,0,0,"13,40363906","52,55163362"
31236,212855,Berlin,4,2021,6,17,5,3,5,7,0,1,1,0,0,0,0,0,"13,30463482","52,51734632"
31237,212854,Berlin,5,2021,6,12,5,3,6,4,0,1,0,1,0,0,0,1,"13,15276265","52,54989718"
31238,212853,Berlin,3,2021,6,10,3,3,3,6,0,0,1,0,0,1,0,0,"13,4669836","52,54857705"
31239,212852,Berlin,1,2021,6,22,1,3,2,6,2,0,1,0,0,0,0,0,"13,42453739","52,51337327"
31240,212851,Berlin,12,2021,5,16,5,3,2,6,0,0,1,0,0,0,0,1,"13,33934311","52,60975221"
31241,212850,Berlin,4,2021,6,18,4,2,5,2,0,0,1,0,1,0,0,0,"13,27039022","52,54859976"
31242,212849,Berlin,5,2021,5,21,1,3,5,3,2,0,1,0,0,0,0,0,"13,22583903","52,5551293"
31243,212848,Berlin,8,2021,6,17,2,3,2,6,0,1,1,0,0,0,0,0,"13,43647707","52,49078281"
31244,212847,Berlin,1,2021,7,23,3,2,5,2,2,0,1,0,1,0,0,1,"13,38130594","52,55228697"
31245,212846,Berlin,1,2021,6,14,5,3,0,3,0,1,0,0,0,0,1,0,"13,37056108","52,49986925"
31246,212845,Berlin,1,2021,7,16,6,2,5,2,0,1,1,0,0,0,0,0,"13,39373257","52,52861105"
31247,212844,Berlin,2,2021,7,8,4,3,5,2,0,1,1,0,0,0,0,0,"13,42217462","52,49299491"
31248,212843,Berlin,1,2021,7,15,6,3,5,2,0,0,1,0,1,0,0,1,"13,33926308","52,52583583"
31249,212842,Berlin,12,2021,6,13,6,3,3,6,0,0,1,0,0,1,0,0,"13,33064852","52,56263304"
31250,212841,Berlin,5,2021,6,13,5,3,5,3,0,0,1,0,0,0,0,0,"13,21308097","52,53043255"
31251,212840,Berlin,4,2021,6,23,2,2,1,5,2,0,1,0,1,0,0,0,"13,29590491","52,49564708"
31252,212839,Berlin,7,2021,5,17,2,3,1,5,0,1,1,0,0,0,1,0,"13,36464534","52,44857237"
31253,212838,Berlin,2,2021,6,17,6,3,5,2,0,0,1,0,1,0,0,0,"13,38022501","52,498736"
31254,212837,Berlin,1,2021,6,18,5,3,1,5,0,1,1,0,0,0,0,0,"13,33700257","52,52845533"
31255,212836,Berlin,10,2021,6,22,3,3,0,6,2,1,0,0,0,0,1,0,"13,59115105","52,48977995"
31256,212835,Berlin,7,2021,6,7,6,3,0,3,0,0,0,0,1,0,1,1,"13,3925983","52,39685351"
31257,212834,Berlin,5,2021,5,15,6,3,6,7,0,1,0,1,0,0,0,0,"13,20127985","52,51216331"
31258,212833,Berlin,1,2021,6,11,4,3,1,5,0,1,1,0,0,0,0,0,"13,40867279","52,52425976"
31259,212832,Berlin,7,2021,7,19,1,2,5,3,0,0,1,0,0,0,0,0,"13,37827167","52,46701617"
31260,212831,Berlin,7,2021,5,14,3,3,5,7,0,0,1,0,1,0,0,0,"13,40303183","52,48332436"
31261,212830,Berlin,4,2021,6,9,3,3,6,7,0,1,0,1,0,0,0,0,"13,2950803","52,53962096"
31262,212829,Berlin,8,2021,7,15,3,3,0,7,0,0,0,0,0,0,1,0,"13,43558193","52,48090502"
31263,212828,Berlin,3,2021,6,23,3,3,2,6,2,0,1,0,0,0,0,0,"13,46227853","52,55885087"
31264,212827,Berlin,6,2021,6,9,7,3,1,5,0,0,1,0,1,0,0,0,"13,21581136","52,43767418"
31265,212826,Berlin,2,2021,6,0,3,3,5,3,2,0,1,0,0,0,0,0,"13,40363212","52,50329016"
31266,212825,Berlin,6,2021,6,21,4,3,1,5,1,0,1,0,0,0,0,0,"13,32087744","52,41739636"
31267,212824,Berlin,1,2021,6,14,2,3,6,2,0,0,1,1,0,0,0,0,"13,34337575","52,53193911"
31268,212823,Berlin,4,2021,7,19,2,3,0,2,0,1,1,0,0,0,0,0,"13,33613723","52,49146592"
31269,212822,Berlin,1,2021,6,10,7,3,0,1,0,1,0,0,0,0,0,0,"13,39855136","52,53255365"
31270,212821,Berlin,4,2021,6,18,4,3,3,6,0,0,1,0,0,0,0,1,"13,28506918","52,51286235"
31271,212820,Berlin,6,2021,7,16,5,3,0,1,0,0,0,0,1,0,0,1,"13,27345688","52,40984642"
31272,212819,Berlin,10,2021,6,15,6,2,6,4,0,0,1,1,0,0,0,0,"13,60900337","52,5007862"
31273,212818,Berlin,12,2021,6,17,2,3,0,1,0,0,0,0,1,0,0,0,"13,34027487","52,58813056"
31274,212817,Berlin,2,2021,5,11,2,3,6,2,0,0,1,1,0,0,0,0,"13,46366014","52,51076192"
31275,212816,Berlin,3,2021,6,15,6,2,1,5,0,1,1,0,0,0,0,0,"13,40789042","52,5731905"
31276,212815,Berlin,9,2021,6,19,6,3,5,2,1,0,1,0,0,0,0,0,"13,54654618","52,42636389"
31277,212814,Berlin,9,2021,6,9,3,3,1,5,0,0,1,0,1,0,0,0,"13,54152525","52,43724121"