,id,city,district,year,month,hour,weekday,injury_level,collision,movement,light_conditions,bicycle,car,pedestrian,motorbike,truck,other_vehicle,road_conditions,longitude,latitude
31278,212813,Berlin,8,2021,6,20,6,3,6,4,0,0,1,1,0,0,0,0,"13,43618874","52,46221252"
31279,212812,Berlin,1,2021,6,23,1,2,0,7,2,0,0,0,0,0,1,0,"13,37918939","52,55301076"
31280,212811,Berlin,4,2021,6,9,2,3,5,2,0,1,1,0,0,0,0,0,"13,30172981","52,50973842"
31281,212810,Berlin,1,2021,5,14,5,3,0,2,0,1,1,0,0,0,0,0,"13,33908457","52,55392855"
31282,212809,Berlin,5,2021,6,15,4,3,5,2,0,1,1,0,0,0,0,0,"13,19572262","52,52958254"
31283,212808,Berlin,5,2021,7,11,1,3,0,1,0,0,0,0,1,0,0,0,"13,16996177","52,51855871"
31284,212807,Berlin,3,2021,5,12,2,3,5,3,0,1,1,0,0,0,0,0,"13,4226102","52,54458336"
31285,212806,Berlin,9,2021,6,15,3,3,5,2,0,1,1,0,0,0,0,0,"13,58463426","52,46624037"
31286,212805,Berlin,1,2021,7,8,3,3,0,7,0,0,1,0,0,0,1,0,"13,35245771","52,53345249"
31287,212804,Berlin,9,2021,7,15,6,3,5,3,0,1,1,0,0,0,0,0,"13,51168132","52,44535002"
31288,212803,Berlin,12,2021,6,11,2,3,0,7,0,1,0,0,0,0,0,0,"13,31369125","52,58577029"
31289,212802,Berlin,1,2021,6,18,6,3,0,4,0,0,1,1,0,0,0,0,"13,41817253","52,51237556"
31290,212801,Berlin,7,2021,6,19,5,2,1,5,1,1,1,0,0,0,0,0,"13,34966485","52,49042914"
31291,212800,Berlin,2,2021,6,19,3,3,3,6,0,0,1,0,1,0,0,0,"13,40287352","52,49397791"
31292,212799,Berlin,1,2021,6,6,3,3,0,5,0,0,1,0,0,0,1,0,"13,38643133","52,55892201"
31293,212798,Berlin,12,2021,6,17,1,2,5,3,0,0,1,0,0,0,0,0,"13,22924629","52,57327696"
31294,212797,Berlin,4,2021,6,17,7,3,2,6,0,0,1,0,0,0,1,0,"13,32632986","52,50264807"
31295,212796,Berlin,3,2021,7,10,6,3,5,3,0,1,1,0,0,0,0,0,"13,40055034","52,58041342"
31296,212795,Berlin,9,2021,6,16,4,3,0,1,0,1,0,0,0,0,1,0,"13,56769076","52,44485628"
31297,212794,Berlin,10,2021,6,14,6,3,5,2,0,0,1,0,0,0,0,0,"13,53967248","52,53981117"
31298,212793,Berlin,9,2021,6,10,2,3,6,7,0,0,1,1,0,0,0,0,"13,48881132","52,46413198"
31299,212792,Berlin,9,2021,5,7,4,2,0,1,0,1,0,0,0,0,0,0,"13,56889955","52,39823869"
31300,212791,Berlin,3,2021,6,10,4,3,6,3,0,0,1,1,0,0,0,1,"13,43059025","52,61053879"
31301,212790,Berlin,7,2021,7,18,2,3,5,2,0,0,1,0,1,0,0,0,"13,40106155","52,41457017"
31302,212789,Berlin,4,2021,7,14,4,2,5,3,0,1,1,0,0,0,0,0,"13,27239675","52,51867731"
31303,212788,Berlin,2,2021,6,13,4,3,5,3,0,0,1,0,0,0,0,0,"13,39942972","52,49828786"
31304,212787,Berlin,6,2021,5,15,7,3,5,2,0,1,0,0,0,0,0,0,"13,26354984","52,41659856"
31305,212786,Berlin,6,2021,6,13,5,3,5,3,0,1,1,0,0,0,0,0,"13,17595798","52,41956308"
31306,212785,Berlin,5,2021,6,15,4,3,5,3,0,1,0,0,0,0,0,0,"13,20576871","52,54172416"
31307,212784,Berlin,9,2021,6,6,4,3,1,5,0,0,1,0,1,0,0,0,"13,58998416","52,40876616"
31308,212783,Berlin,3,2021,6,11,7,3,0,3,0,0,1,0,0,0,1,0,"13,42145687","52,57541653"
31309,212782,Berlin,11,2021,6,5,4,2,5,3,0,0,1,0,1,0,0,0,"13,51348098","52,5511464"
31310,212781,Berlin,9,2021,6,11,4,3,5,2,0,1,1,0,0,0,0,0,"13,6248062","52,45161939"
31311,212780,Berlin,6,2021,6,8,2,3,1,5,0,0,1,0,0,0,1,0,"13,31077355","52,43260032"
31312,212779,Berlin,7,2021,6,21,7,3,1,7,2,1,0,0,0,0,1,0,"13,4086649","52,40491024"
31313,212778,Berlin,9,2021,7,14,1,3,2,6,0,0,1,0,0,0,0,0,"13,56240815","52,45679101"
31314,212777,Berlin,1,2021,6,22,7,3,1,5,2,0,1,0,0,0,0,0,"13,36286251","52,55006428"
31315,212776,Berlin,5,2021,6,12,1,3,0,1,0,1,0,0,0,0,0,0,"13,21101712","52,52759063"
31316,212775,Berlin,5,2021,7,18,5,3,1,5,0,1,1,0,0,0,0,0,"13,2024357","52,53799797"
31317,212774,Berlin,12,2021,7,13,3,3,2,6,0,0,1,0,0,0,0,0,"13,23620787","52,62093842"
31318,212773,Berlin,7,2021,7,15,5,2,5,3,0,1,1,0,0,0,0,1,"13,33115222","52,46955985"
31319,212772,Berlin,10,2021,6,13,5,3,5,2,0,1,1,0,0,0,0,0,"13,59255422","52,54746268"
31320,212771,Berlin,8,2021,5,16,2,3,5,2,0,1,1,0,0,0,0,0,"13,4869648","52,42289153"
31321,212770,Berlin,1,2021,6,8,6,2,0,1,0,1,0,0,0,0,0,0,"13,37107304","52,54574732"
31322,212769,Berlin,3,2021,6,15,5,3,2,6,0,1,1,0,0,0,0,1,"13,44892552","52,5290177"
31323,212768,Berlin,4,2021,6,13,2,3,5,3,0,1,1,0,0,0,0,0,"13,29120399","52,53969728"
31324,212767,Berlin,7,2021,6,16,2,3,0,7,0,1,0,0,0,0,0,0,"13,33734708","52,47026606"
31325,212766,Berlin,1,2021,5,13,5,3,5,2,0,0,1,0,0,0,1,0,"13,35646907","52,52556871"
31326,212765,Berlin,2,2021,6,9,4,3,3,6,0,1,0,0,0,1,0,0,"13,39425364","52,49090563"
31327,212764,Berlin,9,2021,5,17,1,2,4,6,0,0,1,0,0,0,0,0,"13,55405782","52,46720538"
31328,212763,Berlin,8,2021,6,17,3,3,5,3,0,1,0,0,0,0,1,0,"13,43893109","52,48750092"
31329,212762,Berlin,2,2021,7,11,2,2,5,2,0,1,0,0,0,0,1,1,"13,42210007","52,49904121"
31330,212761,Berlin,8,2021,6,0,4,3,5,3,2,0,1,0,0,0,0,0,"13,43600825","52,46855093"
31331,212760,Berlin,5,2021,7,9,6,3,1,7,0,0,1,0,0,0,0,0,"13,27147779","52,53492309"
31332,212759,Berlin,10,2021,7,15,6,3,5,3,0,1,1,0,0,0,0,0,"13,52914869","52,52623874"
31333,212758,Berlin,2,2021,6,18,5,3,5,3,0,1,1,0,0,0,0,0,"13,42631268","52,51592904"
31334,212757,Berlin,3,2021,6,11,5,2,0,1,0,1,0,0,0,0,0,0,"13,43193271","52,60394839"
31335,212756,Berlin,11,2021,6,20,2,3,5,3,0,0,1,0,0,0,0,0,"13,51894684","52,55382008"
31336,212755,Berlin,3,2021,5,9,2,3,0,1,0,1,0,0,0,0,0,0,"13,40050491","52,54855535"
31337,212754,Berlin,7,2021,6,18,6,3,5,2,0,0,1,0,0,0,0,0,"13,40660348","52,39376468"
31338,212753,Berlin,9,2021,6,13,6,3,0,1,0,1,0,0,0,0,0,0,"13,54245987","52,43586366"
31339,212752,Berlin,2,2021,7,16,6,3,5,2,0,1,1,0,0,0,0,0,"13,38635744","52,4900768"
31340,212751,Berlin,3,2021,6,7,4,3,5,3,0,1,1,0,0,0,0,0,"13,4405205","52,56106016"
31341,212750,Berlin,4,2021,6,18,6,3,5,2,0,1,1,0,0,0,0,0,"13,32623028","52,53805455"
31342,212749,Berlin,7,2021,5,16,6,2,0,3,0,1,0,0,1,0,0,1,"13,39164313","52,45754437"
31343,212748,Berlin,5,2021,6,14,4,3,2,2,0,0,1,0,1,0,0,0,"13,18239612","52,53845167"
31344,212747,Berlin,7,2021,7,15,1,3,5,3,0,1,1,0,0,0,0,0,"13,38921707","52,46573503"
31345,212746,Berlin,7,2021,5,12,3,3,5,3,0,1,1,0,0,0,0,0,"13,37788452","52,4658472"
31346,212745,Berlin,4,2021,6,20,3,3,5,2,1,1,1,0,0,0,0,1,"13,33577723","52,51369279"
31347,212744,Berlin,6,2021,7,12,2,2,5,7,0,0,1,0,0,0,0,0,"13,31197985","52,4200512"
31348,212743,Berlin,1,2021,7,19,3,3,1,5,0,0,1,0,1,0,0,0,"13,38280491","52,51132495"
31349,212742,Berlin,9,2021,7,20,7,3,1,5,1,1,1,0,0,0,0,0,"13,45965454","52,49436212"
31350,212741,Berlin,5,2021,6,15,3,3,2,6,0,1,1,0,0,0,0,0,"13,20319537","52,51970055"
31351,212740,Berlin,4,2021,6,13,7,3,2,6,0,0,1,0,0,0,0,0,"13,28104776","52,50209446"
31352,212739,Berlin,9,2021,6,7,2,3,5,3,0,1,1,0,0,0,0,0,"13,57641159","52,45454109"
31353,212738,Berlin,1,2021,6,9,3,3,5,2,0,0,0,0,1,0,1,0,"13,34472455","52,50648286"
31354,212737,Berlin,6,2021,6,13,7,3,6,7,0,0,1,1,0,0,0,0,"13,31017413","52,46704286"
31355,212736,Berlin,3,2021,6,16,7,3,5,3,0,1,0,0,0,0,0,0,"13,47704372","52,56688942"
31356,212735,Berlin,2,2021,7,15,7,3,0,1,0,0,0,0,0,0,1,0,"13,43804739","52,50036661"
31357,212734,Berlin,9,2021,6,6,6,3,5,2,0,0,1,0,0,0,0,0,"13,52234756","52,42842864"
31358,212733,Berlin,11,2021,6,10,2,2,2,5,0,0,1,0,1,0,0,0,"13,48492903","52,53349278"
31359,212732,Berlin,7,2021,5,6,4,3,0,3,0,1,1,0,0,0,0,0,"13,4065672","52,45573062"
31360,212731,Berlin,9,2021,6,14,4,3,5,2,0,1,1,0,0,0,0,1,"13,51429606","52,44636486"
31361,212730,Berlin,1,2021,7,18,3,3,5,2,0,1,1,0,0,0,0,0,"13,35102391","52,52438981"
31362,212729,Berlin,9,2021,7,16,3,3,5,2,0,0,1,0,0,0,0,0,"13,59241614","52,43855095"
31363,212728,Berlin,2,2021,6,15,4,3,2,3,0,1,1,0,0,0,0,0,"13,38940297","52,48973614"
31364,212727,Berlin,3,2021,5,18,7,3,5,2,0,1,1,0,0,0,0,0,"13,41320634","52,5476787"
31365,212726,Berlin,10,2021,6,16,5,2,5,3,0,1,0,0,0,0,1,0,"13,57177298","52,48272487"
31366,212725,Berlin,1,2021,6,9,4,3,4,5,0,1,0,0,0,0,0,0,"13,39647221","52,52845391"
31367,212724,Berlin,12,2021,6,12,3,3,3,3,0,0,1,0,1,0,0,1,"13,36270858","52,57112211"
31368,212723,Berlin,4,2021,6,13,7,3,2,6,0,0,1,0,0,0,1,0,"13,30186244","52,48831209"
31369,212722,Berlin,3,2021,7,7,6,3,5,3,0,0,1,0,0,0,1,1,"13,49579987","52,62604747"
31370,212721,Berlin,5,2021,6,14,2,2,5,2,0,1,1,0,0,0,0,0,"13,2722185","52,53830015"
31371,212720,Berlin,8,2021,6,5,6,3,5,3,0,0,1,0,1,0,0,0,"13,42902948","52,47190409"
31372,212719,Berlin,4,2021,6,14,2,2,0,7,0,0,0,0,0,0,1,0,"13,32242527","52,4847612"
31373,212718,Berlin,6,2021,6,13,3,3,5,2,0,0,1,0,0,0,0,0,"13,31556562","52,45875155"
31374,212717,Berlin,2,2021,6,14,7,3,5,2,0,1,1,0,0,0,0,1,"13,4109603","52,50383454"
31375,212716,Berlin,2,2021,6,18,7,2,1,5,0,1,1,0,0,0,0,0,"13,4563896","52,50986159"
31376,212715,Berlin,1,2021,7,19,7,3,0,1,0,1,0,0,0,0,0,0,"13,40495247","52,53382524"
31377,212714,Berlin,1,2021,6,9,4,3,0,1,0,1,0,0,0,0,0,0,"13,39854998","52,53255357"
31378,212713,Berlin,5,2021,6,17,7,3,6,4,0,0,1,1,0,0,0,0,"13,21185186","52,55383154"
31379,212712,Berlin,10,2021,6,10,2,3,5,2,0,0,1,0,0,0,0,0,"13,57186861","52,56833416"
31380,212711,Berlin,4,2021,5,8,3,3,5,2,0,0,0,0,1,1,0,0,"13,26631433","52,51306814"
31381,212710,Berlin,9,2021,6,9,4,2,7,7,0,1,0,0,0,0,0,1,"13,53888189","52,45921049"
31382,212709,Berlin,4,2021,7,15,2,3,2,6,0,0,1,0,0,0,1,0,"13,26589279","52,48320769"
31383,212708,Berlin,4,2021,7,18,3,3,6,7,0,0,0,1,0,0,1,0,"13,33052698","52,5126245"
31384,212707,Berlin,12,2021,6,20,4,3,3,6,1,0,1,0,1,0,0,0,"13,31182347","52,57129142"
31385,212706,Berlin,11,2021,5,15,7,3,5,2,0,0,1,0,0,0,0,0,"13,52466324","52,56484722"
31386,212705,Berlin,4,2021,6,16,5,3,2,6,0,1,1,0,0,0,0,0,"13,29582741","52,49783254"
31387,212704,Berlin,1,2021,6,16,4,2,5,3,0,1,0,0,0,0,1,0,"13,36132834","52,55510781"
31388,212703,Berlin,8,2021,6,20,3,2,5,3,0,1,1,0,0,0,0,0,"13,47807555","52,44213958"
31389,212702,Berlin,8,2021,6,0,7,3,0,5,2,1,1,0,0,0,0,0,"13,43322568","52,4849568"
31390,212701,Berlin,4,2021,6,16,3,3,2,7,0,1,1,0,0,0,0,0,"13,31806907","52,51835518"
31391,212700,Berlin,8,2021,6,13,4,3,3,6,0,1,1,0,0,0,0,0,"13,42617519","52,47752582"
31392,212699,Berlin,7,2021,6,9,2,3,2,6,0,0,1,0,0,0,0,0,"13,39744604","52,44224101"
31393,212698,Berlin,8,2021,6,15,1,3,8,1,0,0,1,0,0,0,0,0,"13,43639631","52,44883776"
31394,212697,Berlin,1,2021,7,18,1,2,0,1,0,1,0,0,0,0,0,0,"13,40268637","52,5165389"
31395,212696,Berlin,12,2021,6,1,1,2,1,1,2,0,1,0,0,0,0,0,"13,30743989","52,6189227"
31396,212695,Berlin,11,2021,7,15,5,2,5,2,0,0,1,0,1,0,0,1,"13,50311322","52,55405342"
31397,212694,Berlin,7,2021,7,19,3,3,5,3,0,1,0,0,0,0,0,0,"13,32945362","52,47157707"
31398,212693,Berlin,11,2021,7,17,5,3,2,6,0,0,1,0,0,0,0,1,"13,47266918","52,50506265"
31399,212692,Berlin,6,2021,6,17,5,3,5,3,0,0,1,0,0,0,0,0,"13,2337655","52,44744355"
31400,212691,Berlin,4,2021,5,10,2,3,6,6,0,0,1,1,0,0,0,0,"13,3111582","52,53945287"
31401,212690,Berlin,4,2021,6,12,6,3,0,7,0,0,0,0,1,0,0,1,"13,33115759","52,49626748"
31402,212689,Berlin,4,2021,6,7,5,3,2,6,0,0,1,0,0,0,0,1,"13,31205704","52,48006827"
31403,212688,Berlin,4,2021,6,16,3,3,2,6,0,0,1,0,0,1,0,0,"13,32608369","52,53853846"
31404,212687,Berlin,8,2021,6,23,1,3,1,5,2,1,1,0,0,0,0,0,"13,42411529","52,48610997"
31405,212686,Berlin,9,2021,6,13,1,3,1,5,0,1,1,0,0,0,0,0,"13,57471463","52,44596208"
31406,212685,Berlin,4,2021,5,11,5,3,8,1,0,0,1,0,0,0,0,1,"13,24777253","52,51885898"
31407,212684,Berlin,4,2021,6,18,4,3,5,2,0,1,1,0,0,0,0,0,"13,32717869","52,49499759"
31408,212683,Berlin,6,2021,5,13,2,2,0,1,0,1,0,0,0,0,0,0,"13,13257757","52,42564535"
31409,212682,Berlin,7,2021,6,11,2,3,5,2,0,0,1,0,0,0,0,0,"13,38587191","52,44557276"
31410,212681,Berlin,2,2021,7,18,2,3,5,2,0,1,1,0,0,0,0,0,"13,38663723","52,50102562"
31411,212680,Berlin,1,2021,7,8,5,3,5,3,0,1,1,0,0,0,0,1,"13,38875826","52,56692446"
31412,212679,Berlin,5,2021,7,9,6,2,9,1,0,0,1,0,0,1,0,1,"13,14150231","52,5324905"
31413,212678,Berlin,7,2021,6,13,6,3,5,2,0,1,1,0,0,0,0,0,"13,36426009","52,4939368"
31414,212677,Berlin,2,2021,6,15,5,3,2,6,0,1,1,0,0,0,0,0,"13,41042528","52,50378274"
31415,212676,Berlin,1,2021,6,6,2,2,5,2,0,0,1,0,1,0,0,0,"13,42198457","52,51092951"
31416,212675,Berlin,8,2021,5,16,2,3,5,3,0,1,1,0,0,0,0,0,"13,43763267","52,47883503"
31417,212674,Berlin,9,2021,6,18,6,3,0,6,0,1,0,0,1,0,0,0,"13,52774377","52,42441791"
31418,212673,Berlin,4,2021,6,16,6,3,2,6,0,1,1,0,0,0,0,0,"13,33311627","52,48713837"
31419,212672,Berlin,1,2021,7,16,6,3,5,3,0,1,1,0,0,0,0,0,"13,40308771","52,53370581"
31420,212671,Berlin,3,2021,6,7,4,2,5,3,0,1,1,0,0,0,0,0,"13,4526956","52,53912368"
31421,212670,Berlin,3,2021,6,12,6,3,5,3,0,0,1,0,1,0,0,1,"13,39095269","52,58387114"
31422,212669,Berlin,2,2021,5,7,6,3,5,3,0,1,1,0,0,0,0,1,"13,42381112","52,50120648"
31423,212668,Berlin,2,2021,6,16,5,3,5,3,0,1,0,0,0,0,1,0,"13,39967778","52,4982898"
31424,212667,Berlin,1,2021,7,18,7,3,0,5,0,1,1,0,0,0,0,0,"13,41822379","52,51737235"
31425,212666,Berlin,8,2021,5,20,3,3,6,7,1,0,1,1,0,0,0,1,"13,43347718","52,48221106"
31426,212665,Berlin,4,2021,6,15,3,3,2,6,0,0,1,0,0,0,0,0,"13,28017895","52,51832127"
31427,212664,Berlin,5,2021,7,12,2,3,5,3,0,0,1,0,0,0,1,0,"13,1982327","52,55693389"
31428,212663,Berlin,1,2021,7,12,3,3,5,3,0,0,1,0,0,0,0,0,"13,33942085","52,55402543"
31429,212662,Berlin,4,2021,5,17,6,3,2,6,0,0,1,0,0,0,0,1,"13,32098555","52,51299761"
31430,212661,Berlin,6,2021,6,8,4,3,5,2,0,1,1,0,0,0,0,0,"13,31541379","52,44796567"
31431,212660,Berlin,4,2021,7,11,7,2,1,7,0,0,1,0,1,0,0,1,"13,32229428","52,49307321"
31432,212659,Berlin,8,2021,6,13,2,3,3,6,0,1,1,0,0,0,0,0,"13,49576017","52,43215095"
31433,212658,Berlin,2,2021,6,18,6,3,5,3,0,1,1,0,0,0,0,0,"13,43189253","52,50566069"
31434,212657,Berlin,4,2021,6,13,3,3,3,5,0,0,1,0,0,0,1,0,"13,33321087","52,5065644"
31435,212656,Berlin,4,2021,6,17,3,3,2,6,0,1,1,0,0,0,0,0,"13,3211445","52,48851979"
31436,212655,Berlin,7,2021,6,11,7,3,6,7,0,1,0,1,0,0,0,0,"13,38745584","52,46466743"
31437,212654,Berlin,12,2021,6,10,6,2,5,3,0,0,1,0,0,0,0,0,"13,35130468","52,56744388"
31438,212653,Berlin,12,2021,7,17,7,3,5,2,0,1,1,0,0,0,0,0,"13,28949387","52,58261381"
31439,212652,Berlin,8,2021,6,15,6,3,5,3,0,1,1,0,0,0,0,0,"13,47387026","52,43809655"
31440,212651,Berlin,11,2021,5,18,3,3,2,6,0,0,1,0,0,1,0,0,"13,50510644","52,53454041"
31441,212650,Berlin,3,2021,6,14,4,3,6,4,0,0,0,1,0,0,1,1,"13,38822148","52,5887129"
31442,212649,Berlin,9,2021,7,14,3,3,5,7,0,1,0,0,0,0,0,0,"13,57533232","52,44749739"
31443,212648,Berlin,3,2021,7,19,4,3,1,5,0,1,1,0,0,0,0,0,"13,47144577","52,61019992"
31444,212647,Berlin,10,2021,6,0,5,2,6,4,2,0,0,1,0,0,1,0,"13,57212477","52,56473255"
31445,212646,Berlin,1,2021,5,22,7,3,5,3,2,0,1,0,0,0,0,0,"13,37112706","52,55869642"
31446,212645,Berlin,4,2021,6,16,5,3,2,6,0,1,1,0,0,0,0,0,"13,29909366","52,50797638"
31447,212644,Berlin,5,2021,6,15,4,3,6,7,0,0,1,1,0,0,0,0,"13,22572783","52,55585709"
31448,212643,Berlin,3,2021,6,17,3,3,5,3,0,1,1,0,0,0,0,0,"13,42215708","52,55275764"
31449,212642,Berlin,7,2021,6,18,1,3,1,5,0,1,1,0,0,0,0,0,"13,35322959","52,48094862"
31450,212641,Berlin,3,2021,6,15,3,3,5,3,0,1,1,0,0,0,0,0,"13,4565997","52,53492002"
31451,212640,Berlin,1,2021,6,14,4,3,5,3,0,1,1,0,0,0,0,0,"13,36041464","52,50560089"
31452,212639,Berlin,2,2021,6,9,1,3,1,5,0,1,1,0,0,0,0,0,"13,42007677","52,50238314"
31453,212638,Berlin,9,2021,7,22,1,3,6,7,2,1,0,1,0,0,0,0,"13,44572258","52,49392276"
31454,212637,Berlin,2,2021,6,2,7,3,5,3,2,0,1,0,0,0,0,0,"13,4454241","52,5127416"
31455,212636,Berlin,3,2021,7,8,5,3,2,6,0,0,1,0,0,0,0,1,"13,41432153","52,55389733"
31456,212635,Berlin,11,2021,7,15,5,3,5,2,0,1,1,0,0,0,0,0,"13,54008318","52,56528271"
31457,212634,Berlin,10,2021,6,8,5,3,5,3,0,1,1,0,0,0,0,0,"13,55372209","52,51925778"
31458,212633,Berlin,1,2021,5,10,2,3,5,3,0,1,1,0,0,0,0,0,"13,36421026","52,52791622"
31459,212632,Berlin,5,2021,6,17,5,2,1,5,0,1,1,0,0,0,0,0,"13,1958252","52,521022"
31460,212631,Berlin,8,2021,6,9,5,3,5,3,0,0,1,0,0,0,0,1,"13,4452295","52,47917593"
31461,212630,Berlin,11,2021,6,8,3,3,5,2,0,1,1,0,0,0,0,0,"13,48542773","52,52318829"
31462,212629,Berlin,8,2021,6,17,2,3,5,2,0,0,1,0,0,0,0,0,"13,44993045","52,44559952"
31463,212628,Berlin,7,2021,5,8,4,3,5,3,0,0,1,0,0,0,0,0,"13,32180647","52,47353944"
31464,212627,Berlin,1,2021,6,7,4,3,1,5,0,0,1,1,0,1,0,0,"13,41631487","52,51705227"
31465,212626,Berlin,4,2021,5,16,2,3,5,2,0,1,1,0,0,0,0,0,"13,30064658","52,51731417"
31466,212625,Berlin,4,2021,6,15,2,3,1,5,0,0,1,0,0,0,0,0,"13,31503357","52,49394151"
31467,212624,Berlin,10,2021,7,12,2,3,5,3,0,1,1,0,0,0,0,1,"13,61424107","52,53025771"
31468,212623,Berlin,7,2021,6,14,3,3,5,3,0,1,1,0,0,0,0,0,"13,3459796","52,4972628"
31469,212622,Berlin,1,2021,6,3,4,3,9,1,2,0,1,0,0,0,0,0,"13,34939531","52,50856752"
31470,212621,Berlin,8,2021,6,16,1,3,5,3,0,0,1,0,0,0,0,0,"13,4986301","52,41047113"
31471,212620,Berlin,2,2021,7,13,7,3,0,7,0,1,0,0,0,0,0,0,"13,42253229","52,48897758"
31472,212619,Berlin,1,2021,6,16,1,3,0,1,0,0,0,0,1,0,0,0,"13,34568327","52,54487701"
31473,212618,Berlin,2,2021,7,10,5,3,2,6,0,0,1,0,0,0,0,1,"13,37665627","52,48792127"
31474,212617,Berlin,4,2021,7,6,5,3,5,3,0,0,1,0,1,0,0,0,"13,31962677","52,50284358"
31475,212616,Berlin,3,2021,6,3,5,3,3,6,2,0,1,0,0,1,0,0,"13,41617742","52,55341381"
31476,212615,Berlin,9,2021,5,18,1,3,0,7,0,1,0,0,0,0,0,0,"13,52635573","52,43742657"
31477,212614,Berlin,2,2021,6,14,6,3,0,7,0,1,1,0,0,0,0,0,"13,45696738","52,51305327"
31478,212613,Berlin,4,2021,6,18,4,3,1,5,0,1,1,0,0,0,0,0,"13,30312196","52,50682512"
31479,212612,Berlin,2,2021,6,18,3,3,5,2,0,1,1,0,0,0,0,0,"13,38629605","52,49007698"
31480,212611,Berlin,9,2021,6,19,1,3,3,6,0,1,1,0,0,0,0,0,"13,62718897","52,44662272"
31481,212610,Berlin,1,2021,5,16,4,3,2,6,0,0,1,0,0,0,0,0,"13,41474344","52,5157677"
31482,212609,Berlin,2,2021,6,18,4,3,5,2,0,1,1,0,0,0,0,0,"13,40522036","52,50518513"
31483,212608,Berlin,5,2021,5,0,2,2,0,1,2,0,0,0,0,0,1,0,"13,17798138","52,55088222"
31484,212607,Berlin,2,2021,6,21,2,3,0,3,1,1,0,0,0,0,0,0,"13,4662828","52,49698542"
31485,212606,Berlin,4,2021,7,18,2,3,5,2,0,1,1,0,0,0,0,0,"13,3158436","52,48183187"
31486,212605,Berlin,1,2021,7,18,6,3,5,2,0,1,1,0,0,0,0,0,"13,34320004","52,53191841"
31487,212604,Berlin,2,2021,7,16,6,3,0,6,2,0,1,0,0,0,0,1,"13,41836284","52,49878718"
31488,212603,Berlin,4,2021,6,15,6,3,5,2,0,1,1,0,0,0,0,0,"13,21849928","52,50887259"
31489,212602,Berlin,2,2021,6,7,5,3,5,2,0,1,0,0,0,0,1,0,"13,47036326","52,50626213"
31490,212601,Berlin,3,2021,6,11,2,3,0,1,0,1,0,0,0,0,0,0,"13,42771664","52,6268388"
31491,212600,Berlin,8,2021,5,18,2,3,6,4,0,1,0,1,0,0,0,0,"13,4668563","52,46832325"
31492,212599,Berlin,2,2021,6,18,6,3,2,6,0,1,1,0,0,0,0,0,"13,41878619","52,50141907"
31493,212598,Berlin,1,2021,6,7,6,3,5,2,0,1,0,0,0,0,1,0,"13,3658146","52,50306466"
31494,212597,Berlin,12,2021,7,20,6,3,5,3,0,0,1,0,0,0,0,0,"13,28432686","52,59446091"
31495,212596,Berlin,5,2021,6,8,4,2,5,3,0,1,1,0,0,0,0,0,"13,19428118","52,54585118"
31496,212595,Berlin,4,2021,6,18,6,3,2,2,0,0,1,0,0,0,0,0,"13,28155017","52,51277769"
31497,212594,Berlin,7,2021,5,9,6,3,5,3,0,1,1,0,0,0,0,1,"13,32799166","52,47335713"
31498,212593,Berlin,10,2021,6,13,5,3,0,1,0,0,0,0,1,0,0,1,"13,52436729","52,53627511"
31499,212592,Berlin,7,2021,7,1,1,3,0,1,2,0,0,0,0,0,1,0,"13,40692121","52,39377725"
31500,212591,Berlin,1,2021,5,18,3,3,2,6,0,0,1,0,1,0,0,1,"13,34333894","52,5285205"
31501,212590,Berlin,3,2021,6,15,3,3,0,1,0,0,0,0,1,0,0,1,"13,40665066","52,57562125"
31502,212589,Berlin,6,2021,7,19,2,3,5,3,0,1,1,0,0,0,0,0,"13,30981921","52,466588"
31503,212588,Berlin,11,2021,7,19,3,3,1,5,0,1,1,0,0,0,0,0,"13,49723942","52,50480241"
31504,212587,Berlin,6,2021,5,15,1,3,1,5,0,1,1,0,0,0,0,0,"13,35497134","52,42800112"
31505,212586,Berlin,7,2021,6,12,4,3,6,4,0,1,0,1,0,0,0,0,"13,35008828","52,47946045"
31506,212585,Berlin,7,2021,6,12,4,3,5,3,0,0,1,0,0,0,0,1,"13,34294603","52,47592877"
31507,212584,Berlin,6,2021,7,18,7,3,5,3,0,0,1,0,0,0,0,0,"13,24264632","52,43373526"
31508,212583,Berlin,9,2021,6,14,3,3,5,3,0,1,1,0,0,0,0,0,"13,52666156","52,42458864"
31509,212582,Berlin,5,2021,6,21,6,2,5,2,1,0,1,0,0,0,1,0,"13,20942699","52,56533682"
31510,212581,Berlin,4,2021,6,18,3,3,0,1,0,1,0,0,0,0,0,0,"13,33590669","52,5139283"
31511,212580,Berlin,10,2021,6,17,3,3,5,3,0,1,1,0,0,0,0,0,"13,60403835","52,5396418"
31512,212579,Berlin,9,2021,6,16,7,3,0,7,0,0,1,0,0,0,1,0,"13,55666098","52,46426141"
31513,212578,Berlin,9,2021,6,14,2,3,5,3,0,1,1,0,0,0,0,0,"13,59028505","52,43513675"