,id,city,district,year,month,hour,weekday,injury_level,collision,movement,light_conditions,bicycle,car,pedestrian,motorbike,truck,other_vehicle,road_conditions,longitude,latitude
31514,212577,Berlin,3,2021,7,1,1,3,0,1,2,1,0,0,0,0,0,0,"13,40118022","52,54683655"
31515,212576,Berlin,1,2021,6,12,7,3,5,3,0,1,1,0,0,0,0,0,"13,39030315","52,50859412"
31516,212575,Berlin,6,2021,5,12,4,3,2,6,0,0,1,0,1,0,0,0,"13,30937932","52,46743268"
31517,212574,Berlin,12,2021,6,16,4,3,8,1,0,0,1,0,0,0,0,1,"13,35926528","52,57439132"
31518,212573,Berlin,6,2021,7,13,3,3,6,4,0,0,1,1,0,0,0,0,"13,28230488","52,42118484"
31519,212572,Berlin,1,2021,7,0,4,3,5,2,2,1,0,0,0,0,1,1,"13,37181786","52,50927518"
31520,212571,Berlin,2,2021,6,1,5,3,0,1,2,1,0,0,0,0,0,0,"13,39712369","52,50530785"
31521,212570,Berlin,9,2021,5,20,2,3,5,3,0,1,1,0,0,0,0,0,"13,55328499","52,46957556"
31522,212569,Berlin,2,2021,6,19,5,3,1,5,0,1,1,0,0,0,0,0,"13,42893076","52,49417473"
31523,212568,Berlin,8,2021,6,14,4,3,6,7,0,0,1,1,0,0,0,0,"13,44619961","52,42839268"
31524,212567,Berlin,1,2021,6,17,3,3,9,1,0,0,0,0,0,0,1,0,"13,34918081","52,55203426"
31525,212566,Berlin,7,2021,6,19,1,3,5,3,0,1,1,0,0,0,0,0,"13,37088768","52,40909509"
31526,212565,Berlin,10,2021,6,14,3,3,5,3,0,0,1,0,1,0,0,0,"13,53737366","52,54031682"
31527,212564,Berlin,6,2021,6,17,4,3,5,3,0,1,1,0,0,0,0,0,"13,1890328","52,4190992"
31528,212563,Berlin,11,2021,6,13,2,3,0,1,0,0,0,0,1,0,0,0,"13,48011585","52,51904606"
31529,212562,Berlin,10,2021,7,16,2,3,5,3,0,1,1,0,0,0,0,0,"13,60215536","52,5360893"
31530,212561,Berlin,6,2021,6,12,7,3,2,6,0,0,1,0,0,0,0,0,"13,34890585","52,456137"
31531,212560,Berlin,6,2021,7,14,5,2,0,3,0,1,0,0,1,0,0,1,"13,29637139","52,44339469"
31532,212559,Berlin,6,2021,7,11,5,3,0,4,0,0,0,1,1,0,0,0,"13,33673202","52,46576026"
31533,212558,Berlin,3,2021,6,15,6,3,5,2,0,1,0,0,0,0,1,0,"13,40892954","52,57107826"
31534,212557,Berlin,3,2021,6,15,2,2,2,6,0,0,1,0,0,0,0,0,"13,47501029","52,54974153"
31535,212556,Berlin,10,2021,6,12,2,2,2,6,0,0,1,0,0,0,1,0,"13,56124564","52,49291911"
31536,212555,Berlin,7,2021,5,18,2,3,2,7,0,0,1,0,0,0,0,0,"13,35663779","52,49390643"
31537,212554,Berlin,4,2021,6,11,6,3,6,2,0,0,1,1,0,0,0,0,"13,30048862","52,51704237"
31538,212553,Berlin,9,2021,6,17,6,3,5,2,0,0,1,0,1,0,0,0,"13,52243167","52,42838462"
31539,212552,Berlin,4,2021,6,4,3,3,0,1,1,0,1,0,1,0,0,0,"13,31859316","52,51756786"
31540,212551,Berlin,2,2021,6,7,6,3,5,3,0,1,1,0,0,0,0,1,"13,43103101","52,50466895"
31541,212550,Berlin,4,2021,6,16,2,3,5,3,0,0,1,0,1,0,0,0,"13,3055033","52,49963581"
31542,212549,Berlin,4,2021,5,18,5,3,3,2,0,1,1,0,0,0,0,1,"13,32585791","52,50569231"
31543,212548,Berlin,4,2021,6,17,4,2,5,2,0,1,1,0,0,0,0,0,"13,31242959","52,49925077"
31544,212547,Berlin,3,2021,7,13,1,3,5,2,0,0,1,0,1,0,0,0,"13,45756428","52,55419429"
31545,212546,Berlin,7,2021,5,20,2,3,2,6,0,1,1,0,0,0,0,0,"13,34600962","52,47080913"
31546,212545,Berlin,1,2021,6,21,3,3,5,2,1,1,1,0,0,0,0,1,"13,37710419","52,55622746"
31547,212544,Berlin,7,2021,7,20,3,3,1,5,0,1,1,0,0,0,0,0,"13,35358319","52,48990201"
31548,212543,Berlin,6,2021,7,20,5,2,6,4,0,0,1,1,0,0,0,0,"13,31728914","52,44320394"
31549,212542,Berlin,7,2021,6,14,2,3,1,5,0,1,1,0,0,0,0,0,"13,39064449","52,40606842"
31550,212541,Berlin,2,2021,6,19,6,3,5,3,0,0,1,0,0,0,0,0,"13,43006976","52,50354016"
31551,212540,Berlin,8,2021,6,17,5,3,1,5,0,1,1,0,0,0,0,0,"13,44596138","52,45674716"
31552,212539,Berlin,12,2021,6,11,3,3,1,5,0,1,1,0,0,0,0,0,"13,32920512","52,59102287"
31553,212538,Berlin,4,2021,6,15,3,2,5,2,0,1,0,0,0,1,0,0,"13,3236426","52,49359709"
31554,212537,Berlin,8,2021,6,20,6,3,2,6,0,1,1,0,0,0,0,0,"13,42686455","52,47593208"
31555,212536,Berlin,4,2021,6,14,7,2,5,3,0,1,1,0,0,0,0,0,"13,2233455","52,51008395"
31556,212535,Berlin,2,2021,7,17,7,2,6,4,0,0,1,1,0,0,0,0,"13,42715247","52,51154187"
31557,212534,Berlin,2,2021,6,7,4,3,3,6,0,0,1,0,1,0,0,0,"13,40710849","52,49335469"
31558,212533,Berlin,5,2021,6,16,6,3,2,2,0,0,1,0,0,0,1,0,"13,208776","52,51068602"
31559,212532,Berlin,11,2021,6,8,4,2,6,4,0,0,0,1,0,0,1,0,"13,51191654","52,55465325"
31560,212531,Berlin,5,2021,5,17,3,3,2,6,0,0,1,0,0,1,0,1,"13,17851647","52,51676566"
31561,212530,Berlin,1,2021,6,8,4,3,2,2,0,1,1,0,0,0,0,1,"13,38746347","52,55270534"
31562,212529,Berlin,6,2021,7,8,2,3,0,1,0,0,0,0,1,0,0,1,"13,31543025","52,44844252"
31563,212528,Berlin,1,2021,7,13,4,3,0,6,0,0,1,0,1,0,0,1,"13,41712346","52,51924295"
31564,212527,Berlin,11,2021,6,13,4,2,5,3,0,0,1,0,0,0,1,0,"13,5140004","52,53960222"
31565,212526,Berlin,2,2021,5,14,7,3,0,5,0,0,1,0,1,0,0,0,"13,42783261","52,49879182"
31566,212525,Berlin,9,2021,6,5,5,3,5,2,0,1,1,0,0,0,0,0,"13,51627971","52,45581727"
31567,212524,Berlin,9,2021,6,14,4,3,4,7,0,0,1,1,0,0,0,1,"13,55237643","52,41456936"
31568,212523,Berlin,1,2021,7,1,7,3,1,5,2,1,1,0,0,0,0,1,"13,34071167","52,52643285"
31569,212522,Berlin,1,2021,6,23,3,2,0,1,2,0,0,0,1,0,0,0,"13,33002574","52,52269005"
31570,212521,Berlin,8,2021,6,20,7,3,1,5,1,1,1,0,0,0,0,0,"13,43074996","52,48661132"
31571,212520,Berlin,12,2021,6,13,3,2,0,6,0,0,1,0,0,0,1,0,"13,30807388","52,57322851"
31572,212519,Berlin,4,2021,6,12,4,2,1,5,0,1,1,0,0,0,0,0,"13,30340474","52,5037189"
31573,212518,Berlin,6,2021,6,16,2,3,5,2,0,1,1,0,0,0,0,0,"13,25603205","52,43582659"
31574,212517,Berlin,6,2021,6,11,1,3,5,3,0,1,0,0,0,0,1,0,"13,35017534","52,43421626"
31575,212516,Berlin,9,2021,7,19,7,3,5,2,0,1,1,0,0,0,0,0,"13,5563454","52,43376196"
31576,212515,Berlin,4,2021,7,10,6,3,0,5,0,1,1,0,0,0,0,1,"13,29428158","52,49150722"
31577,212514,Berlin,12,2021,6,15,6,3,5,3,0,0,0,0,0,0,1,0,"13,31672303","52,58686592"
31578,212513,Berlin,8,2021,6,19,5,3,5,3,0,1,0,0,0,0,0,0,"13,447819","52,48290255"
31579,212512,Berlin,9,2021,6,16,2,3,0,2,0,1,1,0,0,0,0,0,"13,58250689","52,4426533"
31580,212511,Berlin,1,2021,5,11,2,3,5,3,0,0,1,0,0,0,0,0,"13,35214098","52,50553314"
31581,212510,Berlin,2,2021,6,23,6,3,1,5,2,1,1,0,0,0,0,0,"13,39080166","52,50497834"
31582,212509,Berlin,1,2021,6,20,7,3,0,1,0,1,0,0,0,0,0,0,"13,40243676","52,53115924"
31583,212508,Berlin,2,2021,7,6,7,3,6,7,0,0,0,1,0,0,1,0,"13,41844256","52,50010034"
31584,212507,Berlin,5,2021,6,17,4,2,6,2,0,0,1,1,0,0,0,0,"13,19817164","52,53282288"
31585,212506,Berlin,6,2021,6,17,6,3,5,2,0,1,1,0,0,0,0,0,"13,30092853","52,44820855"
31586,212505,Berlin,11,2021,5,10,6,3,6,3,0,0,1,1,0,0,0,1,"13,49067751","52,52655899"
31587,212504,Berlin,4,2021,6,9,5,3,2,6,0,1,0,0,0,0,1,0,"13,31949738","52,48703714"
31588,212503,Berlin,7,2021,7,15,1,3,5,2,0,1,1,0,0,0,0,0,"13,36682061","52,44967029"
31589,212502,Berlin,2,2021,5,13,2,3,5,3,0,0,1,0,0,0,1,0,"13,40513027","52,5049852"
31590,212501,Berlin,2,2021,6,18,3,3,0,7,0,1,0,0,0,0,0,0,"13,40529469","52,49364008"
31591,212500,Berlin,2,2021,7,9,3,2,5,2,0,0,1,0,0,0,0,0,"13,43968236","52,51387417"
31592,212499,Berlin,3,2021,7,20,3,2,5,3,0,1,1,0,0,0,0,0,"13,43677955","52,54873181"
31593,212498,Berlin,1,2021,5,8,7,2,0,5,0,0,0,0,1,0,1,0,"13,36024296","52,54716307"
31594,212497,Berlin,4,2021,6,15,5,3,1,5,0,1,1,0,0,0,0,0,"13,3058953","52,50160772"
31595,212496,Berlin,9,2021,6,13,4,3,5,2,0,1,1,0,0,0,0,0,"13,53457089","52,43268303"
31596,212495,Berlin,3,2021,7,1,7,3,6,2,2,0,1,1,0,0,0,1,"13,39582427","52,56595381"
31597,212494,Berlin,4,2021,6,9,2,3,5,7,0,1,1,0,0,0,0,0,"13,3169623","52,50307346"
31598,212493,Berlin,4,2021,6,18,6,2,5,2,0,0,1,0,1,0,0,0,"13,30445901","52,50361671"
31599,212492,Berlin,4,2021,6,8,3,3,5,3,0,0,1,0,0,0,0,0,"13,2725432","52,51933578"
31600,212491,Berlin,1,2021,6,7,3,2,5,3,0,1,1,0,0,0,0,0,"13,3800668","52,54053495"
31601,212490,Berlin,2,2021,6,21,1,3,1,5,1,1,1,0,0,0,0,0,"13,42427597","52,49990015"
31602,212489,Berlin,6,2021,6,17,1,3,6,2,0,0,1,1,0,0,0,0,"13,33229063","52,42525997"
31603,212488,Berlin,3,2021,7,16,1,2,5,2,0,0,1,0,1,0,0,0,"13,4325621","52,55757856"
31604,212487,Berlin,8,2021,6,14,1,3,2,6,0,0,1,0,0,0,0,0,"13,47414359","52,42570564"
31605,212486,Berlin,9,2021,6,12,1,3,5,3,0,0,1,0,0,0,0,0,"13,53137363","52,4050958"
31606,212485,Berlin,3,2021,5,15,3,3,5,3,0,1,1,0,0,0,0,1,"13,39741614","52,57124434"
31607,212484,Berlin,8,2021,6,11,4,3,2,6,0,0,1,0,0,0,0,1,"13,4562225","52,47378015"
31608,212483,Berlin,2,2021,7,17,3,3,5,2,0,0,1,0,0,0,1,0,"13,40204907","52,49256801"
31609,212482,Berlin,3,2021,7,10,4,3,2,6,0,0,1,0,0,1,0,1,"13,44304779","52,61461622"
31610,212481,Berlin,10,2021,6,6,5,3,2,6,0,1,0,0,0,0,1,0,"13,56157812","52,50235788"
31611,212480,Berlin,5,2021,6,16,2,3,1,5,0,0,1,0,0,0,0,0,"13,18971754","52,52812349"
31612,212479,Berlin,8,2021,5,23,1,2,5,3,2,0,1,0,1,0,0,0,"13,43367912","52,48192761"
31613,212478,Berlin,8,2021,6,17,5,3,6,7,0,0,0,1,1,0,0,0,"13,4371279","52,45015274"
31614,212477,Berlin,11,2021,6,16,4,3,5,3,0,1,1,0,0,0,0,0,"13,49784767","52,53627388"
31615,212476,Berlin,5,2021,6,17,3,3,5,2,0,1,1,0,0,0,0,0,"13,20710563","52,55407969"
31616,212475,Berlin,9,2021,6,20,7,2,0,1,0,0,0,0,1,0,0,1,"13,62478533","52,45145096"
31617,212474,Berlin,7,2021,5,18,5,2,0,2,0,0,1,0,0,0,1,1,"13,3854601","52,46712334"
31618,212473,Berlin,1,2021,6,8,4,3,5,2,0,0,1,0,1,0,0,0,"13,37851691","52,5447131"
31619,212472,Berlin,5,2021,5,16,1,3,5,2,0,0,1,0,0,0,0,0,"13,19154325","52,5462662"
31620,212471,Berlin,1,2021,6,15,2,3,5,2,0,0,1,0,0,0,0,0,"13,37026938","52,54467769"
31621,212470,Berlin,9,2021,7,19,2,3,5,3,0,1,1,0,0,0,0,0,"13,52687827","52,40143353"
31622,212469,Berlin,1,2021,6,20,4,2,5,3,1,0,1,0,1,0,0,0,"13,36829015","52,55009462"
31623,212468,Berlin,5,2021,7,7,6,3,6,4,0,1,0,1,0,0,0,0,"13,21250181","52,57342333"
31624,212467,Berlin,4,2021,7,13,5,3,6,2,0,0,1,1,0,0,0,0,"13,31692127","52,5011354"
31625,212466,Berlin,2,2021,6,11,6,3,5,2,0,1,1,0,0,0,0,0,"13,37675212","52,49143154"
31626,212465,Berlin,2,2021,6,8,5,2,2,6,0,0,1,0,0,0,0,0,"13,44689358","52,52625591"
31627,212464,Berlin,9,2021,6,16,2,3,2,2,0,0,1,0,1,0,0,0,"13,54698437","52,43147823"
31628,212463,Berlin,4,2021,6,9,3,3,5,3,0,1,1,0,0,0,0,0,"13,28807092","52,48816485"
31629,212462,Berlin,12,2021,6,19,6,3,5,3,0,1,1,0,0,0,0,0,"13,29173543","52,59604427"
31630,212461,Berlin,1,2021,6,16,6,3,4,6,0,1,1,0,0,0,0,0,"13,37886934","52,52681419"
31631,212460,Berlin,11,2021,6,16,4,3,0,6,0,1,1,0,0,0,0,0,"13,53656968","52,58673509"
31632,212459,Berlin,4,2021,6,12,6,3,5,3,0,0,1,0,0,0,0,0,"13,26116302","52,51791757"
31633,212458,Berlin,4,2021,6,15,2,3,0,6,0,0,1,0,1,0,0,0,"13,30035752","52,52230096"
31634,212457,Berlin,4,2021,5,4,6,2,8,7,1,0,1,0,0,0,0,0,"13,32685708","52,51976573"
31635,212456,Berlin,4,2021,6,12,4,3,2,6,0,0,0,0,1,0,0,0,"13,24487984","52,51327828"
31636,212455,Berlin,8,2021,7,14,1,3,0,3,0,0,1,0,1,0,0,0,"13,41328059","52,4393654"
31637,212454,Berlin,1,2021,5,15,3,3,5,3,0,0,1,0,0,0,0,1,"13,35126509","52,52971526"
31638,212453,Berlin,3,2021,6,11,3,3,3,6,0,1,1,0,0,0,0,0,"13,42481285","52,55277135"
31639,212452,Berlin,3,2021,7,19,3,3,0,1,0,1,0,0,0,0,0,0,"13,41372312","52,54231707"
31640,212451,Berlin,9,2021,7,15,6,3,6,4,0,0,0,1,1,0,0,0,"13,55185895","52,43929052"
31641,212450,Berlin,1,2021,6,14,2,3,1,5,0,1,1,0,0,0,1,0,"13,38270688","52,53148547"
31642,212449,Berlin,8,2021,6,18,6,3,5,2,0,1,1,0,0,0,0,0,"13,45583748","52,47382348"
31643,212448,Berlin,12,2021,6,20,3,3,3,6,0,0,1,0,0,0,0,0,"13,32226245","52,6088355"
31644,212447,Berlin,12,2021,6,11,3,3,5,3,0,1,1,0,0,0,0,0,"13,3019116","52,63560047"
31645,212446,Berlin,4,2021,6,15,1,3,3,6,0,0,1,0,1,0,0,0,"13,30900382","52,49098734"
31646,212445,Berlin,1,2021,6,14,7,3,6,4,0,0,1,1,0,0,0,0,"13,3451102","52,5390663"
31647,212444,Berlin,6,2021,7,19,7,2,2,2,0,1,1,0,0,0,0,0,"13,22707605","52,42411737"
31648,212443,Berlin,1,2021,6,12,4,3,0,1,0,1,0,0,0,0,0,0,"13,39872314","52,53257804"
31649,212442,Berlin,1,2021,6,2,6,3,9,1,2,0,0,0,1,0,0,0,"13,41557535","52,52709936"
31650,212441,Berlin,1,2021,6,6,2,3,6,2,0,0,1,1,0,0,0,0,"13,3961544","52,53830822"
31651,212440,Berlin,4,2021,5,16,4,3,2,6,0,0,1,0,0,0,1,0,"13,26740725","52,52045072"
31652,212439,Berlin,2,2021,6,8,4,3,0,2,0,1,1,0,0,0,0,1,"13,39780494","52,49528904"
31653,212438,Berlin,8,2021,7,11,2,3,2,6,0,0,1,0,0,0,0,0,"13,4695131","52,42860031"
31654,212437,Berlin,10,2021,7,13,4,3,5,3,0,1,1,0,0,0,0,0,"13,61390469","52,51647112"
31655,212436,Berlin,4,2021,6,8,4,3,6,4,0,0,1,1,0,0,0,0,"13,31761878","52,47392725"
31656,212435,Berlin,7,2021,5,11,7,3,2,6,0,0,1,0,1,0,0,0,"13,40422316","52,42739882"
31657,212434,Berlin,7,2021,6,14,5,3,6,4,0,0,0,1,1,0,0,0,"13,35260341","52,48973214"
31658,212433,Berlin,3,2021,6,15,4,3,5,2,0,0,1,0,0,0,1,0,"13,47946982","52,64368285"
31659,212432,Berlin,9,2021,6,18,3,3,0,1,0,1,0,0,0,0,0,0,"13,51754941","52,44438367"
31660,212431,Berlin,2,2021,6,3,7,3,0,1,1,0,0,0,1,0,0,0,"13,40110898","52,49313366"
31661,212430,Berlin,1,2021,6,16,3,3,5,2,0,1,1,0,0,0,0,0,"13,36421254","52,55794966"
31662,212429,Berlin,7,2021,6,22,4,3,5,2,2,1,1,0,0,0,0,0,"13,38968589","52,43935986"
31663,212428,Berlin,4,2021,6,8,2,3,2,6,0,0,1,0,0,0,0,0,"13,2925879","52,53426405"
31664,212427,Berlin,4,2021,6,23,1,3,3,6,2,1,1,0,0,0,0,0,"13,31540348","52,5010576"
31665,212426,Berlin,3,2021,7,0,1,3,1,5,2,0,0,0,1,0,1,0,"13,42973002","52,57180584"
31666,212425,Berlin,4,2021,6,22,1,3,3,6,2,0,1,0,0,0,1,0,"13,3075621","52,50013413"
31667,212424,Berlin,1,2021,6,20,4,3,0,2,1,1,0,0,1,0,0,1,"13,41775184","52,50660508"
31668,212423,Berlin,9,2021,7,21,4,2,0,1,1,1,0,0,0,0,0,0,"13,68233949","52,37063366"
31669,212422,Berlin,1,2021,7,8,5,3,5,3,0,1,1,0,0,0,0,0,"13,34169931","52,53484119"
31670,212421,Berlin,2,2021,6,7,5,3,5,2,0,1,0,0,0,0,1,0,"13,37675774","52,49141423"
31671,212420,Berlin,8,2021,5,11,1,3,6,7,0,0,1,1,0,0,0,0,"13,43672539","52,4571189"
31672,212419,Berlin,3,2021,6,6,6,3,5,3,0,0,1,0,1,0,0,0,"13,41471371","52,55386983"
31673,212418,Berlin,12,2021,6,6,4,3,3,6,0,0,1,0,1,0,0,0,"13,33202804","52,56183792"
31674,212417,Berlin,3,2021,6,15,3,3,5,3,0,1,0,0,0,0,0,0,"13,39821344","52,56455744"
31675,212416,Berlin,7,2021,6,10,6,3,5,2,0,1,1,0,0,0,0,0,"13,4016414","52,39449122"
31676,212415,Berlin,6,2021,6,15,2,3,2,6,0,0,1,0,0,0,0,0,"13,27711978","52,46432836"
31677,212414,Berlin,5,2021,6,18,1,3,6,4,0,0,1,1,0,0,0,0,"13,21079583","52,56746187"
31678,212413,Berlin,5,2021,5,14,5,3,5,3,0,0,1,0,0,0,1,0,"13,19840733","52,54283785"
31679,212412,Berlin,1,2021,6,17,4,3,6,4,0,0,1,1,0,0,0,0,"13,39255561","52,56409392"
31680,212411,Berlin,1,2021,5,20,1,3,5,3,2,1,1,0,0,0,0,0,"13,40022311","52,53944963"
31681,212410,Berlin,7,2021,6,7,3,3,5,5,0,0,1,0,1,0,0,0,"13,35336721","52,48987586"
31682,212409,Berlin,3,2021,7,11,2,3,0,3,0,0,1,0,0,0,1,1,"13,42860072","52,58159293"
31683,212408,Berlin,3,2021,6,13,5,3,2,7,0,1,0,0,0,0,1,0,"13,4078588","52,53679155"
31684,212407,Berlin,8,2021,7,18,6,3,1,5,0,1,1,0,0,0,0,0,"13,44425897","52,47850446"
31685,212406,Berlin,6,2021,7,15,6,3,5,7,0,0,1,0,0,0,0,1,"13,25099221","52,45004581"
31686,212405,Berlin,5,2021,6,13,6,3,0,1,0,0,0,0,1,0,0,0,"13,20263193","52,54046233"
31687,212404,Berlin,1,2021,6,22,5,3,5,2,2,1,0,0,1,0,0,0,"13,33321436","52,56091056"
31688,212403,Berlin,2,2021,6,22,1,3,6,4,2,0,0,1,1,0,0,0,"13,43964399","52,52382523"
31689,212402,Berlin,4,2021,5,11,4,3,5,3,0,0,1,0,0,0,0,0,"13,27390367","52,50968098"
31690,212401,Berlin,1,2021,7,14,5,3,3,6,0,0,1,0,1,0,0,1,"13,35179809","52,50561475"
31691,212400,Berlin,4,2021,7,16,3,3,5,3,0,1,1,0,0,0,0,0,"13,25794438","52,51818638"
31692,212399,Berlin,1,2021,7,11,5,3,0,7,0,1,0,0,0,0,0,0,"13,39225893","52,53682907"
31693,212398,Berlin,11,2021,6,11,5,3,5,2,0,0,1,0,0,0,0,0,"13,48535792","52,52667922"
31694,212397,Berlin,7,2021,5,21,1,3,5,3,1,0,1,0,0,0,1,0,"13,34068785","52,49937678"
31695,212396,Berlin,3,2021,6,8,6,2,0,7,0,0,1,0,0,1,0,0,"13,44063203","52,55069104"
31696,212395,Berlin,3,2021,6,12,5,3,5,3,0,1,1,0,0,0,0,1,"13,43585459","52,55098665"
31697,212394,Berlin,1,2021,6,15,3,3,5,3,0,1,0,0,0,0,0,0,"13,40828354","52,52540599"
31698,212393,Berlin,4,2021,6,17,2,3,5,3,0,1,1,0,0,0,0,0,"13,31869955","52,49809894"
31699,212392,Berlin,5,2021,5,16,5,3,8,1,0,0,0,0,1,0,0,1,"13,26626049","52,53388831"
31700,212391,Berlin,7,2021,6,9,4,2,5,3,0,0,1,0,0,0,0,0,"13,40676053","52,39376795"
31701,212390,Berlin,4,2021,5,21,1,3,0,2,1,0,1,0,0,0,1,0,"13,31507179","52,51463695"
31702,212389,Berlin,8,2021,6,13,2,3,5,3,0,1,0,0,0,0,1,0,"13,45485983","52,4757569"
31703,212388,Berlin,4,2021,7,17,2,3,5,2,0,1,1,0,0,0,0,0,"13,32239296","52,48637455"
31704,212387,Berlin,2,2021,6,16,5,3,6,4,0,0,1,1,0,0,0,0,"13,43396909","52,50186615"
31705,212386,Berlin,2,2021,7,18,6,3,1,5,0,1,1,0,0,0,0,0,"13,41867295","52,50041824"
31706,212385,Berlin,11,2021,7,4,5,3,5,2,2,1,1,0,0,0,0,0,"13,48490503","52,53363832"
31707,212384,Berlin,3,2021,6,8,5,3,2,6,0,0,1,0,1,0,0,0,"13,39417371","52,56495715"
31708,212383,Berlin,5,2021,6,13,4,3,6,7,0,0,0,1,0,0,1,0,"13,26432747","52,53770938"
31709,212382,Berlin,4,2021,6,16,2,3,4,1,0,1,0,0,0,0,0,0,"13,32400556","52,53834004"
31710,212381,Berlin,6,2021,5,14,2,2,5,3,0,0,1,0,1,0,0,0,"13,35511447","52,42769578"
31711,212380,Berlin,2,2021,6,18,6,3,5,3,0,1,1,0,0,0,0,0,"13,41096869","52,50390498"
31712,212379,Berlin,9,2021,6,15,5,3,2,3,0,1,1,0,0,0,0,0,"13,55901301","52,4235606"
31713,212378,Berlin,8,2021,6,13,3,3,6,4,0,0,1,1,0,0,0,0,"13,43027993","52,46927137"
31714,212377,Berlin,3,2021,6,19,6,3,2,6,0,0,1,0,0,0,0,0,"13,43090195","52,55106105"
31715,212376,Berlin,3,2021,5,15,6,2,5,2,0,0,1,0,1,0,0,1,"13,45588316","52,53082561"
31716,212375,Berlin,4,2021,6,13,4,3,2,6,0,1,0,0,0,0,0,0,"13,31366332","52,5048464"
31717,212374,Berlin,6,2021,7,15,1,3,6,7,0,1,0,1,0,0,0,0,"13,34302627","52,45883156"
31718,212373,Berlin,7,2021,5,12,3,3,5,3,0,1,1,0,0,0,0,1,"13,34179871","52,49449483"
31719,212372,Berlin,5,2021,6,16,3,3,2,6,0,0,1,0,0,0,0,0,"13,17972448","52,50304865"
31720,212371,Berlin,1,2021,7,9,3,3,2,6,0,1,1,0,0,0,0,0,"13,39706805","52,51333938"
31721,212370,Berlin,9,2021,7,1,7,3,9,1,2,0,1,0,0,0,0,1,"13,52220791","52,46356352"
31722,212369,Berlin,7,2021,6,12,2,3,2,7,0,1,0,0,0,0,1,0,"13,32831462","52,46709044"
31723,212368,Berlin,4,2021,6,19,6,3,0,6,0,1,0,0,0,0,0,0,"13,31331464","52,50252407"
31724,212367,Berlin,3,2021,6,11,3,3,2,6,0,0,1,0,1,0,0,0,"13,40841052","52,60380811"
31725,212366,Berlin,5,2021,6,19,3,3,5,3,0,1,1,0,0,0,0,0,"13,1230692","52,4719467"
31726,212365,Berlin,5,2021,6,0,7,2,0,1,2,0,0,0,0,0,1,0,"13,17080238","52,53367348"
31727,212364,Berlin,8,2021,6,13,6,2,5,3,0,0,1,0,1,0,0,0,"13,42799659","52,47340569"
31728,212363,Berlin,1,2021,7,22,6,3,2,6,2,0,1,0,1,0,0,0,"13,40276829","52,52969199"
31729,212362,Berlin,7,2021,6,16,6,3,3,6,0,0,1,0,0,0,1,0,"13,35285481","52,48975693"
31730,212361,Berlin,9,2021,6,13,2,3,5,3,0,0,1,0,0,0,0,0,"13,51410882","52,44650191"
31731,212360,Berlin,6,2021,5,9,4,3,5,2,0,1,1,0,0,0,0,0,"13,25993034","52,42926107"
31732,212359,Berlin,5,2021,6,14,4,3,2,6,0,0,1,0,0,0,0,1,"13,18855351","52,55654181"
31733,212358,Berlin,6,2021,7,18,3,3,5,3,0,1,1,0,0,0,0,0,"13,25679687","52,42647616"
31734,212357,Berlin,1,2021,7,10,4,3,2,6,0,0,1,0,0,0,1,1,"13,38934626","52,53171246"
31735,212356,Berlin,4,2021,6,11,4,3,5,3,0,1,1,0,0,0,0,0,"13,3279276","52,50545454"
31736,212355,Berlin,3,2021,5,14,7,3,9,1,0,0,1,0,0,0,0,0,"13,48693177","52,65596567"
31737,212354,Berlin,8,2021,6,16,5,3,5,2,0,1,1,0,0,0,0,0,"13,44283824","52,4650306"
31738,212353,Berlin,11,2021,6,17,4,3,5,3,0,1,1,0,0,0,0,0,"13,48051288","52,49900866"
31739,212352,Berlin,4,2021,6,16,3,2,5,2,0,1,0,0,0,0,1,0,"13,31359565","52,5153336"
31740,212351,Berlin,8,2021,6,21,7,3,5,3,1,1,1,0,0,0,0,0,"13,44539081","52,47918271"
31741,212350,Berlin,4,2021,6,10,3,3,5,2,0,1,1,0,0,0,0,0,"13,28933521","52,47069661"
31742,212349,Berlin,12,2021,6,15,4,3,5,7,0,0,1,0,0,0,0,0,"13,31744224","52,56665834"
31743,212348,Berlin,4,2021,6,17,2,2,5,2,0,1,1,0,0,0,0,0,"13,33050527","52,49540102"
31744,212347,Berlin,5,2021,6,20,2,3,5,7,0,0,1,0,1,0,0,0,"13,2392779","52,54497654"
31745,212346,Berlin,8,2021,7,23,1,3,9,1,2,0,1,0,0,0,0,0,"13,4955435","52,43155043"
31746,212345,Berlin,1,2021,6,21,7,3,5,2,2,0,1,0,1,0,0,0,"13,34537593","52,52987652"
31747,212344,Berlin,6,2021,7,9,5,3,5,3,0,0,1,0,0,1,0,1,"13,25486388","52,42779722"
31748,212343,Berlin,3,2021,7,23,4,3,2,6,2,1,1,0,0,0,0,0,"13,42123187","52,55034615"
31749,212342,Berlin,5,2021,6,13,5,3,6,4,0,0,0,1,0,1,0,0,"13,15577132","52,52162918"