,id,city,district,year,month,hour,weekday,injury_level,collision,movement,light_conditions,bicycle,car,pedestrian,motorbike,truck,other_vehicle,road_conditions,longitude,latitude
31750,212341,Berlin,1,2021,5,14,1,3,6,7,0,0,0,1,0,0,1,0,"13,39546486","52,53908465"
31751,212340,Berlin,9,2021,6,10,6,3,1,5,0,1,1,0,0,0,0,0,"13,49033878","52,46829501"
31752,212339,Berlin,3,2021,6,14,4,3,0,1,0,1,0,0,0,0,0,0,"13,40727365","52,54622999"
31753,212338,Berlin,2,2021,6,10,3,3,5,3,0,1,1,0,0,0,0,0,"13,39965947","52,49847516"
31754,212337,Berlin,1,2021,6,7,2,3,5,2,0,1,1,0,0,0,0,0,"13,37691854","52,51181584"
31755,212336,Berlin,2,2021,5,13,5,3,3,6,0,1,1,0,0,0,0,1,"13,39361929","52,49751175"
31756,212335,Berlin,4,2021,6,18,4,3,5,2,0,1,0,0,0,0,1,0,"13,32433116","52,49791742"
31757,212334,Berlin,2,2021,5,12,2,3,1,5,0,1,1,0,0,0,0,0,"13,45549826","52,51356038"
31758,212333,Berlin,2,2021,6,21,2,3,5,3,1,1,1,0,0,0,0,0,"13,42493942","52,50206141"
31759,212332,Berlin,5,2021,7,12,2,3,5,3,0,0,1,0,0,0,0,1,"13,20250293","52,53863513"
31760,212331,Berlin,6,2021,7,8,6,3,2,6,0,0,1,0,0,0,0,0,"13,29891075","52,42216955"
31761,212330,Berlin,4,2021,7,11,6,3,3,6,0,0,1,0,0,0,1,1,"13,27438231","52,50803422"
31762,212329,Berlin,5,2021,6,12,6,3,2,6,0,0,1,0,0,0,0,0,"13,19780692","52,51936601"
31763,212328,Berlin,10,2021,6,6,5,3,3,2,0,0,1,0,0,0,0,0,"13,57145678","52,5459734"
31764,212327,Berlin,1,2021,6,14,2,3,5,3,0,1,1,0,0,0,0,0,"13,39707239","52,51438512"
31765,212326,Berlin,2,2021,5,18,2,3,0,7,0,1,0,0,0,0,0,0,"13,44978583","52,51024888"
31766,212325,Berlin,5,2021,6,12,6,3,0,2,0,0,1,0,0,0,1,0,"13,20078036","52,53848602"
31767,212324,Berlin,12,2021,6,9,5,3,5,3,0,0,1,0,0,0,0,1,"13,29445879","52,62953622"
31768,212323,Berlin,7,2021,7,8,6,2,5,2,0,1,0,0,0,0,1,1,"13,36298742","52,47603396"
31769,212322,Berlin,5,2021,6,9,4,2,6,4,0,0,1,1,0,0,1,0,"13,17997851","52,53882613"
31770,212321,Berlin,4,2021,6,2,1,2,0,1,2,0,1,0,0,0,0,0,"13,3370109","52,50392673"
31771,212320,Berlin,8,2021,5,7,6,3,0,1,0,0,0,0,1,0,0,1,"13,45152352","52,43660352"
31772,212319,Berlin,7,2021,6,7,5,3,2,2,0,0,1,0,0,0,1,0,"13,38404219","52,4570067"
31773,212318,Berlin,9,2021,7,15,2,3,0,1,0,1,0,0,0,0,0,0,"13,62497315","52,45304182"
31774,212317,Berlin,12,2021,5,22,2,2,0,7,2,0,0,0,0,0,1,0,"13,27543926","52,57848364"
31775,212316,Berlin,3,2021,6,8,3,3,1,5,0,1,0,0,0,1,0,0,"13,40283368","52,56284395"
31776,212315,Berlin,1,2021,7,13,2,3,5,2,0,1,1,0,0,0,0,0,"13,38014759","52,5328141"
31777,212314,Berlin,4,2021,7,16,3,2,0,4,0,0,0,1,1,0,0,0,"13,31433931","52,49022433"
31778,212313,Berlin,12,2021,5,18,6,3,3,2,0,1,1,0,0,0,0,0,"13,32628371","52,56172483"
31779,212312,Berlin,8,2021,6,15,4,3,2,6,0,0,1,0,1,0,0,0,"13,45775205","52,48538883"
31780,212311,Berlin,11,2021,7,22,7,3,2,3,2,0,1,0,0,0,0,1,"13,51876948","52,50969862"
31781,212310,Berlin,1,2021,6,21,2,3,0,4,1,0,0,1,1,0,0,0,"13,39010457","52,50916434"
31782,212309,Berlin,7,2021,6,7,6,3,5,3,0,1,1,0,0,0,0,0,"13,3662145","52,47172985"
31783,212308,Berlin,7,2021,6,15,3,3,3,5,0,1,1,0,0,0,0,0,"13,34620182","52,49742441"
31784,212307,Berlin,9,2021,6,16,3,3,2,6,0,0,1,0,0,0,0,0,"13,53794971","52,43489989"
31785,212306,Berlin,1,2021,6,16,2,2,2,6,0,0,1,0,0,0,0,0,"13,38875078","52,54752799"
31786,212305,Berlin,3,2021,6,11,7,2,5,3,0,1,1,0,0,0,0,0,"13,44191061","52,55026429"
31787,212304,Berlin,3,2021,7,12,6,3,5,3,0,0,1,0,0,0,0,0,"13,41227513","52,53115658"
31788,212303,Berlin,3,2021,6,16,7,3,5,3,0,1,1,0,0,0,0,0,"13,40836979","52,58442591"
31789,212302,Berlin,7,2021,6,11,2,3,2,6,0,1,1,0,0,0,0,0,"13,38094135","52,47472498"
31790,212301,Berlin,2,2021,5,18,2,3,5,3,0,1,1,0,0,0,0,0,"13,45867934","52,52054901"
31791,212300,Berlin,6,2021,6,19,6,3,0,7,0,1,0,0,0,0,0,0,"13,21469364","52,44015683"
31792,212299,Berlin,12,2021,6,7,6,2,5,3,0,0,0,0,1,0,1,0,"13,36165749","52,57805057"
31793,212298,Berlin,3,2021,7,16,6,3,5,2,0,1,1,0,0,0,0,0,"13,38271856","52,62973226"
31794,212297,Berlin,2,2021,6,6,4,3,5,5,0,1,1,0,0,0,0,0,"13,44036889","52,52296144"
31795,212296,Berlin,1,2021,6,1,6,3,2,6,2,0,1,0,0,0,0,0,"13,4162035","52,52694021"
31796,212295,Berlin,12,2021,6,12,2,3,5,2,0,0,1,0,0,0,0,0,"13,29793323","52,57818207"
31797,212294,Berlin,12,2021,5,13,6,3,0,2,0,0,1,0,1,0,0,1,"13,36173457","52,60472573"
31798,212293,Berlin,10,2021,6,15,4,3,5,3,0,0,1,0,0,0,0,0,"13,55671283","52,55713512"
31799,212292,Berlin,4,2021,7,22,1,3,6,7,0,0,0,1,0,0,1,0,"13,33850174","52,5033371"
31800,212291,Berlin,3,2021,5,17,3,3,2,6,0,0,1,0,0,0,1,1,"13,419515","52,55305555"
31801,212290,Berlin,9,2021,6,22,3,3,4,1,2,1,1,0,0,0,0,0,"13,4540461","52,49404849"
31802,212289,Berlin,11,2021,7,15,2,3,1,7,0,0,1,0,0,0,0,0,"13,4825701","52,51895588"
31803,212288,Berlin,8,2021,7,11,3,2,6,4,0,0,1,1,0,0,0,0,"13,43335311","52,46496628"
31804,212287,Berlin,4,2021,7,14,6,3,0,1,0,1,1,0,0,0,0,1,"13,3075271","52,50659738"
31805,212286,Berlin,9,2021,6,9,3,3,5,2,0,1,1,0,0,0,0,0,"13,4505648","52,48921815"
31806,212285,Berlin,11,2021,6,5,6,3,2,6,0,0,1,0,0,0,0,0,"13,52609513","52,48439908"
31807,212284,Berlin,2,2021,6,9,3,3,6,4,0,0,1,1,0,0,0,0,"13,44781213","52,51324957"
31808,212283,Berlin,6,2021,6,4,3,3,1,7,2,0,1,0,0,0,1,0,"13,27528799","52,46113381"
31809,212282,Berlin,3,2021,6,16,2,3,1,5,0,0,1,0,1,0,0,0,"13,39404707","52,61767968"
31810,212281,Berlin,12,2021,6,18,7,3,6,4,0,0,1,1,0,0,0,0,"13,36242995","52,56724339"
31811,212280,Berlin,4,2021,7,11,6,3,2,6,0,0,1,0,0,0,0,0,"13,27866264","52,47328404"
31812,212279,Berlin,4,2021,6,11,7,3,5,3,0,1,1,0,0,0,0,0,"13,2896297","52,48644387"
31813,212278,Berlin,4,2021,6,6,2,3,5,2,0,1,1,0,0,0,0,0,"13,28043299","52,51849503"
31814,212277,Berlin,4,2021,5,18,4,3,5,3,0,0,1,0,1,0,0,0,"13,26853018","52,51755211"
31815,212276,Berlin,1,2021,6,16,4,3,3,6,0,0,1,0,1,0,0,1,"13,37249599","52,5566663"
31816,212275,Berlin,11,2021,7,16,3,3,5,2,0,1,1,0,0,0,0,0,"13,50486522","52,5633875"
31817,212274,Berlin,12,2021,7,9,4,3,5,3,0,1,1,0,0,0,0,1,"13,27155508","52,57637954"
31818,212273,Berlin,8,2021,6,8,4,3,5,2,0,1,1,0,0,0,0,0,"13,42115526","52,48010084"
31819,212272,Berlin,7,2021,5,14,1,3,5,3,0,1,1,0,0,0,0,0,"13,35390045","52,49988143"
31820,212271,Berlin,1,2021,6,12,5,3,3,6,0,0,1,0,0,1,0,0,"13,37611219","52,55483146"
31821,212270,Berlin,3,2021,6,6,4,3,5,7,0,0,1,0,0,0,0,0,"13,42959067","52,54487853"
31822,212269,Berlin,1,2021,6,17,3,3,0,5,0,1,0,0,0,0,1,0,"13,36493994","52,52607303"
31823,212268,Berlin,9,2021,6,21,7,3,5,2,1,0,1,0,0,0,0,0,"13,55814914","52,4065912"
31824,212267,Berlin,8,2021,6,16,3,3,3,2,0,1,1,0,0,0,0,0,"13,42924872","52,48131058"
31825,212266,Berlin,9,2021,6,12,4,3,0,1,0,1,0,0,0,0,0,0,"13,68584698","52,43990873"
31826,212265,Berlin,12,2021,6,18,2,3,5,2,0,1,1,0,0,0,0,0,"13,23657117","52,62074922"
31827,212264,Berlin,6,2021,7,12,7,3,5,2,0,1,1,0,0,0,0,0,"13,26638292","52,45574423"
31828,212263,Berlin,4,2021,6,16,1,3,5,3,0,0,1,0,1,0,0,0,"13,29654382","52,52934842"
31829,212262,Berlin,3,2021,7,5,5,3,6,4,0,0,1,1,0,0,0,1,"13,41832518","52,61911485"
31830,212261,Berlin,4,2021,7,16,5,3,1,5,0,1,1,0,0,0,0,1,"13,32459202","52,49870439"
31831,212260,Berlin,6,2021,6,7,5,3,5,2,0,1,1,0,0,0,0,0,"13,29026798","52,45805691"
31832,212259,Berlin,6,2021,5,5,2,2,1,5,0,0,1,0,1,0,0,0,"13,32226993","52,45061434"
31833,212258,Berlin,11,2021,6,17,5,2,4,1,0,1,0,0,0,0,0,0,"13,51147634","52,4842575"
31834,212257,Berlin,8,2021,6,18,6,2,6,2,0,0,1,1,0,0,0,0,"13,43780462","52,42179396"
31835,212256,Berlin,9,2021,6,8,3,3,2,6,0,0,1,0,0,0,0,0,"13,534458","52,43192673"
31836,212255,Berlin,9,2021,6,8,2,2,4,6,0,0,1,0,0,0,0,0,"13,46080694","52,48415309"
31837,212254,Berlin,4,2021,6,13,1,3,1,5,0,1,1,0,0,0,0,0,"13,28696903","52,49749997"
31838,212253,Berlin,12,2021,5,13,5,2,0,1,0,0,0,0,1,0,0,0,"13,30356142","52,58106439"
31839,212252,Berlin,2,2021,6,16,4,3,5,2,0,0,1,0,1,0,0,0,"13,41627926","52,49101294"
31840,212251,Berlin,1,2021,5,1,2,3,5,2,2,0,1,0,0,0,0,0,"13,41554899","52,52707728"
31841,212250,Berlin,2,2021,6,11,2,3,0,2,0,1,0,0,0,0,1,0,"13,42212951","52,49904162"
31842,212249,Berlin,10,2021,7,15,2,3,0,4,0,0,0,1,0,0,1,0,"13,58903982","52,53752669"
31843,212248,Berlin,4,2021,7,10,6,3,2,2,0,0,1,0,0,0,0,0,"13,31099605","52,54755042"
31844,212247,Berlin,8,2021,7,21,6,3,5,3,2,0,1,0,0,0,0,1,"13,47781468","52,41778931"
31845,212246,Berlin,6,2021,6,13,5,2,1,5,0,1,0,0,0,1,0,0,"13,33471842","52,45070275"
31846,212245,Berlin,7,2021,6,12,5,3,1,5,0,0,1,0,1,0,0,0,"13,36017119","52,47796563"
31847,212244,Berlin,10,2021,6,12,2,3,5,7,0,0,1,0,0,0,1,0,"13,54419789","52,52583409"
31848,212243,Berlin,6,2021,5,17,2,3,6,4,0,1,0,1,0,0,0,0,"13,18673873","52,43218291"
31849,212242,Berlin,6,2021,6,21,6,3,5,7,0,0,1,0,0,0,0,0,"13,31452727","52,46506928"
31850,212241,Berlin,2,2021,6,19,7,3,5,2,0,1,1,0,0,0,0,0,"13,41646123","52,5020344"
31851,212240,Berlin,2,2021,7,16,6,2,6,4,0,1,0,1,0,0,0,0,"13,44202446","52,50092186"
31852,212239,Berlin,2,2021,6,0,4,2,1,5,2,1,1,0,0,0,0,0,"13,41213698","52,50323215"
31853,212238,Berlin,1,2021,6,7,6,3,2,6,0,0,0,0,1,1,0,1,"13,35969741","52,55466114"
31854,212237,Berlin,8,2021,6,8,2,2,2,6,0,0,1,0,0,0,0,0,"13,43500679","52,43917071"
31855,212236,Berlin,2,2021,5,13,5,3,5,3,0,1,1,0,0,0,0,0,"13,41030067","52,50378271"
31856,212235,Berlin,4,2021,6,13,5,3,1,5,0,1,1,0,0,0,0,0,"13,29561763","52,49335913"
31857,212234,Berlin,2,2021,7,1,2,3,5,2,2,1,1,0,0,0,0,1,"13,44672477","52,50262501"
31858,212233,Berlin,7,2021,5,15,3,3,5,3,0,0,1,0,0,0,1,0,"13,41446565","52,4566275"
31859,212232,Berlin,5,2021,6,18,3,3,2,6,0,0,1,0,0,0,1,0,"13,18000979","52,50435382"
31860,212231,Berlin,5,2021,7,13,2,2,5,7,0,0,0,1,1,0,0,0,"13,23109072","52,54150186"
31861,212230,Berlin,1,2021,7,11,3,3,2,6,0,1,0,0,0,0,1,0,"13,34172815","52,52640121"
31862,212229,Berlin,9,2021,5,6,6,3,2,7,0,0,1,0,0,0,1,1,"13,50984594","52,45346689"
31863,212228,Berlin,6,2021,6,9,5,3,0,1,0,0,1,0,0,0,0,0,"13,25611558","52,43256112"
31864,212227,Berlin,9,2021,6,7,4,3,2,6,0,0,1,0,0,0,0,0,"13,50733268","52,4480221"
31865,212226,Berlin,11,2021,7,6,7,2,5,3,0,0,1,0,0,0,0,1,"13,47942239","52,52041702"
31866,212225,Berlin,8,2021,6,10,3,3,5,3,0,1,0,0,0,0,1,1,"13,44018922","52,4815843"
31867,212224,Berlin,1,2021,6,6,6,3,0,1,0,0,0,0,0,0,1,0,"13,3898511","52,51211928"
31868,212223,Berlin,8,2021,6,12,3,3,2,2,0,0,1,0,0,0,0,0,"13,45585197","52,47384414"
31869,212222,Berlin,1,2021,6,9,3,3,3,6,0,0,1,0,0,0,0,0,"13,33008138","52,53322627"
31870,212221,Berlin,3,2021,6,13,1,2,5,3,0,1,1,1,0,0,0,0,"13,42784899","52,56792799"
31871,212220,Berlin,4,2021,6,17,1,3,6,7,0,0,0,1,0,0,1,0,"13,28676357","52,53637939"
31872,212219,Berlin,4,2021,7,12,7,3,0,2,0,0,1,0,1,0,0,0,"13,34072127","52,50452552"
31873,212218,Berlin,10,2021,6,13,7,3,2,6,0,0,1,0,0,0,1,0,"13,60359155","52,48535114"
31874,212217,Berlin,7,2021,5,13,4,3,0,6,0,1,1,0,0,0,0,0,"13,35371349","52,40202519"
31875,212216,Berlin,8,2021,6,0,4,3,1,1,2,0,1,0,0,1,0,0,"13,48573579","52,42250968"
31876,212215,Berlin,5,2021,7,13,3,3,3,6,0,0,1,0,0,0,1,0,"13,24732152","52,54191527"
31877,212214,Berlin,4,2021,7,19,4,3,5,7,0,0,1,0,1,0,0,0,"13,32509493","52,48279306"
31878,212213,Berlin,10,2021,6,17,5,3,5,2,0,0,1,0,0,0,1,0,"13,53836747","52,55430662"
31879,212212,Berlin,5,2021,5,19,1,2,5,3,1,0,0,0,0,0,1,0,"13,17923269","52,52485188"
31880,212211,Berlin,9,2021,6,18,5,3,0,7,0,1,0,0,0,0,0,0,"13,52924622","52,45988305"
31881,212210,Berlin,3,2021,6,8,4,3,5,2,0,1,1,0,0,0,0,0,"13,40175702","52,58733315"
31882,212209,Berlin,1,2021,6,0,3,2,0,1,2,1,0,0,0,0,0,0,"13,41682029","52,51091247"
31883,212208,Berlin,8,2021,6,13,1,3,5,2,0,1,0,0,0,0,0,0,"13,43608579","52,47879346"
31884,212207,Berlin,3,2021,6,20,1,2,5,2,0,1,1,0,0,0,0,0,"13,4302382","52,62089788"
31885,212206,Berlin,9,2021,6,8,4,3,5,3,0,1,1,0,0,0,0,0,"13,64202345","52,44779074"
31886,212205,Berlin,3,2021,6,16,4,3,0,1,0,1,0,0,0,0,0,0,"13,45974495","52,52921517"
31887,212204,Berlin,1,2021,6,14,2,3,1,5,0,0,1,0,0,0,0,0,"13,32233922","52,52565314"
31888,212203,Berlin,3,2021,7,10,2,2,0,3,0,0,1,0,0,0,1,1,"13,47305254","52,61692805"
31889,212202,Berlin,1,2021,6,5,7,3,5,2,0,1,1,0,0,0,0,0,"13,37940792","52,52942861"
31890,212201,Berlin,7,2021,7,8,5,3,1,5,0,0,1,0,0,0,1,1,"13,37728591","52,4760739"
31891,212200,Berlin,7,2021,7,19,5,2,6,4,0,0,1,1,0,0,0,0,"13,34311789","52,47881585"
31892,212199,Berlin,5,2021,6,14,6,3,1,5,0,0,1,0,0,0,1,0,"13,20600033","52,53568648"
31893,212198,Berlin,12,2021,6,10,2,3,5,3,0,1,1,0,0,0,0,0,"13,31791768","52,5708237"
31894,212197,Berlin,4,2021,6,10,3,3,5,2,0,1,1,0,0,0,0,0,"13,21845453","52,50888128"
31895,212196,Berlin,12,2021,6,15,6,3,5,3,0,1,1,0,0,0,0,0,"13,31675756","52,60611276"
31896,212195,Berlin,4,2021,6,15,6,3,5,7,0,0,1,0,1,0,0,0,"13,30244227","52,50673831"
31897,212194,Berlin,4,2021,5,8,4,3,5,7,0,1,1,0,0,0,0,0,"13,3319066","52,49076955"
31898,212193,Berlin,8,2021,6,9,4,3,5,3,0,0,1,0,0,0,0,1,"13,43458346","52,47250595"
31899,212192,Berlin,1,2021,7,14,3,3,5,3,0,1,1,0,0,0,0,0,"13,41509517","52,52668472"
31900,212191,Berlin,11,2021,7,8,4,3,5,7,0,0,1,0,1,0,0,1,"13,51131791","52,55065757"
31901,212190,Berlin,10,2021,6,17,4,3,5,2,0,0,1,0,1,0,0,0,"13,56037168","52,4865949"
31902,212189,Berlin,9,2021,5,22,7,3,1,5,2,1,1,0,0,0,0,0,"13,6122501","52,45449253"
31903,212188,Berlin,8,2021,6,17,5,3,5,2,0,0,1,0,0,0,0,0,"13,42893576","52,48652935"
31904,212187,Berlin,2,2021,6,9,5,3,0,7,0,0,1,0,0,0,0,1,"13,43952996","52,52396546"
31905,212186,Berlin,9,2021,6,17,3,3,2,6,0,0,1,0,0,0,0,0,"13,59341601","52,44957908"
31906,212185,Berlin,1,2021,6,21,7,2,5,3,2,1,1,0,0,0,0,0,"13,35094696","52,504367"
31907,212184,Berlin,12,2021,6,15,3,3,5,2,0,1,1,0,0,0,0,0,"13,32973922","52,56315611"
31908,212183,Berlin,2,2021,6,19,4,2,5,7,0,0,1,0,1,0,0,0,"13,45653339","52,51320307"
31909,212182,Berlin,5,2021,6,15,7,2,5,3,0,0,1,0,0,0,1,0,"13,19072951","52,53640721"
31910,212181,Berlin,10,2021,7,17,2,3,0,7,0,0,1,0,0,0,0,0,"13,59500689","52,48729763"
31911,212180,Berlin,7,2021,6,14,7,3,6,7,0,0,0,1,0,0,1,0,"13,34170319","52,5020498"
31912,212179,Berlin,3,2021,7,15,5,2,5,3,0,0,1,0,0,0,0,1,"13,35954412","52,58539276"
31913,212178,Berlin,9,2021,7,16,5,3,2,2,0,1,1,0,0,0,0,1,"13,56269523","52,45662801"
31914,212177,Berlin,1,2021,6,13,5,3,2,6,0,1,1,0,0,0,0,0,"13,38061663","52,53253105"
31915,212176,Berlin,3,2021,5,7,2,3,6,4,0,0,1,1,0,0,0,0,"13,49957068","52,63540916"
31916,212175,Berlin,4,2021,6,13,5,3,1,5,0,1,1,0,0,0,0,0,"13,32475235","52,5030417"
31917,212174,Berlin,3,2021,6,15,5,3,5,2,0,1,1,0,0,0,0,0,"13,43285988","52,55598564"
31918,212173,Berlin,11,2021,6,17,3,3,5,2,0,1,1,0,0,0,0,0,"13,48465588","52,51397133"
31919,212172,Berlin,2,2021,6,9,6,3,1,5,0,1,1,0,0,0,0,0,"13,38298264","52,49203562"
31920,212171,Berlin,2,2021,6,21,1,2,5,3,1,1,1,0,0,0,0,0,"13,43899753","52,4949957"
31921,212170,Berlin,8,2021,5,8,5,3,6,4,0,1,0,1,0,0,0,0,"13,43471661","52,44006491"
31922,212169,Berlin,5,2021,6,17,4,3,6,4,0,0,0,1,0,0,1,0,"13,18827307","52,52777798"
31923,212168,Berlin,1,2021,5,21,2,3,2,6,2,0,1,0,1,0,0,1,"13,3322618","52,52699296"
31924,212167,Berlin,2,2021,6,14,2,2,5,3,0,1,1,0,0,0,0,0,"13,458199","52,4996004"
31925,212166,Berlin,3,2021,7,15,2,3,4,6,0,1,0,0,0,0,0,0,"13,50510552","52,6368984"
31926,212165,Berlin,1,2021,7,22,6,3,2,6,2,0,1,0,0,0,0,1,"13,41008511","52,52874599"
31927,212164,Berlin,1,2021,6,8,6,3,5,2,0,1,1,0,0,0,0,0,"13,34369305","52,54630119"
31928,212163,Berlin,8,2021,6,16,5,2,5,2,0,0,1,0,0,0,0,0,"13,47396971","52,42575277"
31929,212162,Berlin,4,2021,6,11,2,3,2,6,0,0,1,0,0,0,1,0,"13,27029282","52,52846858"
31930,212161,Berlin,4,2021,6,11,3,2,5,3,0,1,1,0,0,0,0,0,"13,300193","52,48780835"
31931,212160,Berlin,3,2021,6,11,6,3,1,5,0,0,1,0,0,0,0,0,"13,44045819","52,55379189"
31932,212159,Berlin,4,2021,6,8,6,3,5,3,0,1,1,0,0,0,0,0,"13,3357596","52,51347297"
31933,212158,Berlin,6,2021,7,13,6,3,5,2,0,1,1,0,0,0,0,0,"13,18938656","52,43380555"
31934,212157,Berlin,3,2021,6,9,3,3,5,2,0,1,0,0,0,0,1,0,"13,4423801","52,5908927"
31935,212156,Berlin,4,2021,6,13,6,3,0,4,0,0,0,1,1,0,0,0,"13,28002575","52,52005051"
31936,212155,Berlin,1,2021,6,8,2,3,3,6,0,1,1,0,0,0,0,0,"13,40064432","52,52959972"
31937,212154,Berlin,7,2021,6,12,4,3,5,2,0,1,1,0,0,0,0,0,"13,40692283","52,3937774"
31938,212153,Berlin,2,2021,5,17,2,3,6,7,0,1,0,1,0,0,0,0,"13,4011958","52,49540992"
31939,212152,Berlin,1,2021,6,6,4,3,5,2,0,0,1,0,0,0,1,1,"13,4118064","52,52396714"
31940,212151,Berlin,12,2021,7,11,3,2,2,6,0,0,1,0,1,0,0,0,"13,30942434","52,55760687"
31941,212150,Berlin,9,2021,7,11,4,3,6,4,0,0,1,1,0,0,0,1,"13,57266373","52,47078455"
31942,212149,Berlin,3,2021,6,15,4,3,0,2,0,1,1,0,0,0,0,0,"13,4828742","52,6116236"
31943,212148,Berlin,8,2021,5,14,7,3,2,6,0,1,1,0,0,0,0,0,"13,43631809","52,48102256"
31944,212147,Berlin,12,2021,6,14,5,3,5,3,0,0,1,0,0,0,0,0,"13,35255022","52,56442404"
31945,212146,Berlin,12,2021,6,7,4,2,4,5,0,0,1,0,0,0,0,0,"13,27593598","52,58449295"
31946,212145,Berlin,7,2021,7,15,7,3,2,6,0,0,1,0,0,0,0,0,"13,3705046","52,46894782"
31947,212144,Berlin,2,2021,6,4,3,2,3,6,1,1,1,0,0,0,1,0,"13,43607204","52,49210312"
31948,212143,Berlin,4,2021,6,17,7,3,2,6,0,1,1,0,0,0,0,0,"13,30663747","52,49983956"
31949,212142,Berlin,7,2021,6,8,4,3,5,3,0,0,1,0,0,0,0,0,"13,38267712","52,46703131"
31950,212141,Berlin,9,2021,6,17,3,3,5,3,0,1,1,0,0,0,0,0,"13,58054814","52,44305998"
31951,212140,Berlin,7,2021,6,9,2,3,6,4,0,0,0,1,0,0,1,0,"13,3708286","52,49162796"
31952,212139,Berlin,2,2021,6,18,1,3,0,1,0,1,0,0,0,0,0,0,"13,46832998","52,50709513"
31953,212138,Berlin,6,2021,7,12,1,3,1,5,0,0,1,0,0,0,0,0,"13,29363256","52,41959494"
31954,212137,Berlin,12,2021,6,14,7,3,1,5,0,1,1,0,0,0,0,0,"13,27760909","52,57486228"
31955,212136,Berlin,1,2021,5,8,4,3,5,3,0,1,1,0,0,0,0,0,"13,37633301","52,51008642"
31956,212135,Berlin,11,2021,7,15,5,2,4,1,0,0,0,0,1,0,1,1,"13,49133714","52,52654604"
31957,212134,Berlin,4,2021,7,20,4,3,2,6,0,0,1,0,0,0,0,0,"13,32782557","52,50313341"
31958,212133,Berlin,10,2021,7,11,5,3,0,1,0,0,1,0,1,0,0,0,"13,56118109","52,50717214"
31959,212132,Berlin,2,2021,6,15,5,3,5,2,0,0,0,0,1,0,1,0,"13,44732285","52,5132606"
31960,212131,Berlin,12,2021,5,16,1,3,1,5,0,0,1,0,1,0,0,0,"13,36111598","52,57722781"
31961,212130,Berlin,3,2021,6,7,6,3,5,2,0,1,1,0,0,0,0,0,"13,42780342","52,56059195"
31962,212129,Berlin,12,2021,6,12,5,3,6,4,0,0,1,1,0,0,0,0,"13,28076178","52,58667728"
31963,212128,Berlin,9,2021,6,7,3,3,5,3,0,1,1,0,0,0,0,0,"13,54984713","52,43805834"
31964,212127,Berlin,3,2021,6,8,2,3,1,7,0,1,1,0,0,0,0,0,"13,42435721","52,55619247"
31965,212126,Berlin,1,2021,5,21,5,2,5,3,2,1,1,0,0,0,0,0,"13,3594003","52,52323673"
31966,212125,Berlin,5,2021,6,15,4,3,3,6,0,0,1,0,0,0,1,0,"13,23250705","52,5405082"
31967,212124,Berlin,2,2021,5,19,1,3,5,2,0,0,1,0,0,0,0,1,"13,45678844","52,50240798"
31968,212123,Berlin,4,2021,6,10,2,3,3,6,0,1,1,0,0,0,0,0,"13,33102734","52,49489867"
31969,212122,Berlin,3,2021,7,11,2,3,5,2,0,1,1,0,0,0,0,1,"13,45796726","52,52882994"
31970,212121,Berlin,2,2021,6,16,5,3,2,7,0,1,1,0,0,0,0,0,"13,38557027","52,4996569"
31971,212120,Berlin,2,2021,7,18,6,3,5,2,0,0,1,0,1,0,0,0,"13,39574524","52,49836387"
31972,212119,Berlin,2,2021,7,23,5,3,1,5,2,1,1,0,0,0,0,0,"13,42111762","52,49219208"
31973,212118,Berlin,3,2021,6,9,6,3,6,4,0,1,0,1,0,0,0,0,"13,45437822","52,54695329"
31974,212117,Berlin,5,2021,6,21,5,3,6,7,1,1,0,1,0,0,0,0,"13,18728441","52,53676919"
31975,212116,Berlin,9,2021,6,16,2,3,5,2,0,0,1,0,1,0,0,0,"13,53516474","52,43230337"
31976,212115,Berlin,11,2021,5,18,2,3,2,6,0,0,0,0,1,0,1,0,"13,51124971","52,50421365"
31977,212114,Berlin,4,2021,6,19,6,3,1,5,0,0,1,0,1,0,1,0,"13,29667845","52,51938855"
31978,212113,Berlin,2,2021,6,17,6,3,5,3,0,1,1,0,0,0,0,0,"13,39103059","52,50418892"
31979,212112,Berlin,6,2021,6,14,3,3,5,2,0,0,1,0,1,0,0,0,"13,26649622","52,43063763"
31980,212111,Berlin,4,2021,6,14,6,3,5,2,0,0,1,0,1,0,0,0,"13,27538901","52,51277967"
31981,212110,Berlin,1,2021,5,15,6,3,5,3,0,1,1,0,0,0,0,1,"13,37862737","52,52858078"
31982,212109,Berlin,2,2021,6,12,4,3,0,7,0,0,1,1,0,0,0,0,"13,39234283","52,48724131"
31983,212108,Berlin,7,2021,7,17,1,3,5,7,0,0,1,0,0,0,1,0,"13,36294315","52,49751598"
31984,212107,Berlin,12,2021,5,12,3,2,0,7,0,0,1,0,1,0,0,1,"13,25967202","52,57080281"
31985,212106,Berlin,1,2021,6,13,3,3,6,4,0,1,0,1,0,0,0,1,"13,41821345","52,51179823"
31986,212105,Berlin,3,2021,7,16,3,3,3,6,0,1,0,0,0,0,0,0,"13,41970842","52,53178584"