,id,city,district,year,month,hour,weekday,injury_level,collision,movement,light_conditions,bicycle,car,pedestrian,motorbike,truck,other_vehicle,road_conditions,longitude,latitude
31987,212104,Berlin,11,2021,7,13,7,3,5,3,0,1,1,0,0,0,0,0,"13,52177245","52,56710947"
31988,212103,Berlin,9,2021,6,16,2,3,5,2,0,1,1,0,0,0,0,0,"13,55093066","52,42901307"
31989,212102,Berlin,5,2021,6,7,6,3,6,4,0,0,0,1,0,0,1,0,"13,14613524","52,54571676"
31990,212101,Berlin,2,2021,6,21,3,3,0,2,1,1,1,0,0,0,0,0,"13,41325331","52,50293352"
31991,212100,Berlin,4,2021,6,8,3,2,0,1,0,1,0,0,0,0,0,0,"13,30383926","52,50198748"
31992,212099,Berlin,2,2021,6,0,7,3,4,6,2,0,1,0,0,0,0,0,"13,41787433","52,50167511"
31993,212098,Berlin,3,2021,6,15,7,3,5,3,0,1,1,0,0,0,0,0,"13,40811643","52,54150689"
31994,212097,Berlin,4,2021,7,16,6,3,5,2,0,0,1,0,0,0,1,0,"13,32610463","52,53837732"
31995,212096,Berlin,2,2021,6,15,4,2,5,2,0,0,1,0,1,0,0,0,"13,3969782","52,50532446"
31996,212095,Berlin,4,2021,6,13,6,3,5,7,0,0,0,0,1,0,1,0,"13,32034457","52,48142668"
31997,212094,Berlin,9,2021,6,8,2,3,5,3,0,0,1,0,0,0,0,0,"13,50086702","52,44577795"
31998,212093,Berlin,7,2021,5,16,4,3,0,6,0,0,1,0,0,0,1,0,"13,36062896","52,48637618"
31999,212092,Berlin,3,2021,6,9,4,3,5,2,0,1,0,0,0,0,1,1,"13,41764675","52,54597309"
32000,212091,Berlin,1,2021,7,15,2,2,5,3,0,0,1,0,0,0,1,0,"13,33564154","52,54200972"
32001,212090,Berlin,4,2021,7,20,4,3,2,2,0,0,1,0,1,0,0,0,"13,33575122","52,51364549"
32002,212089,Berlin,3,2021,6,14,4,3,4,6,0,1,0,0,1,0,0,0,"13,4179143","52,539697"
32003,212088,Berlin,2,2021,6,20,3,2,0,1,0,1,0,0,0,0,0,0,"13,46084285","52,50878676"
32004,212087,Berlin,12,2021,6,17,6,3,6,4,0,1,0,1,0,0,0,0,"13,32811893","52,56386986"
32005,212086,Berlin,2,2021,6,18,2,3,2,6,0,0,1,0,0,0,0,0,"13,44099977","52,52449361"
32006,212085,Berlin,12,2021,5,21,5,3,5,3,1,0,1,0,0,0,0,1,"13,31429197","52,57668461"
32007,212084,Berlin,12,2021,6,17,4,3,5,2,0,1,1,0,0,0,0,0,"13,31893916","52,5662353"
32008,212083,Berlin,7,2021,7,14,1,3,2,6,0,0,1,0,0,0,0,0,"13,34853564","52,45933604"
32009,212082,Berlin,11,2021,5,18,1,2,5,2,0,1,0,0,0,0,1,0,"13,5084928","52,5485351"
32010,212081,Berlin,6,2021,6,15,3,3,1,5,0,1,1,0,0,0,0,0,"13,28642325","52,44988329"
32011,212080,Berlin,7,2021,7,16,3,3,2,6,0,0,1,0,0,0,0,0,"13,4010027","52,41455397"
32012,212079,Berlin,10,2021,7,14,6,3,0,2,0,0,1,0,1,0,0,0,"13,60780704","52,49121622"
32013,212078,Berlin,5,2021,6,11,2,3,5,3,0,1,1,0,0,0,0,0,"13,17462455","52,51381813"
32014,212077,Berlin,2,2021,6,21,6,3,0,3,0,1,1,0,0,0,0,0,"13,40295958","52,49409301"
32015,212076,Berlin,3,2021,6,19,5,3,5,3,0,1,1,0,0,0,0,0,"13,45599432","52,54826466"
32016,212075,Berlin,1,2021,6,19,3,3,5,7,0,0,1,0,1,0,0,0,"13,37691163","52,56023787"
32017,212074,Berlin,1,2021,6,12,3,2,3,6,0,1,1,0,0,0,0,0,"13,38151752","52,53180496"
32018,212073,Berlin,11,2021,6,15,1,3,1,5,0,0,1,0,0,0,0,0,"13,51985589","52,49477064"
32019,212072,Berlin,1,2021,6,20,7,3,0,6,1,1,1,0,0,0,0,0,"13,39941972","52,52417164"
32020,212071,Berlin,1,2021,7,18,7,3,6,7,0,1,0,1,0,0,0,0,"13,35414543","52,55137551"
32021,212070,Berlin,7,2021,6,9,4,3,1,5,0,0,1,0,0,0,1,0,"13,3405734","52,49747138"
32022,212069,Berlin,11,2021,6,14,6,3,5,2,0,1,0,0,0,0,1,0,"13,46827447","52,54654499"
32023,212068,Berlin,2,2021,6,8,4,3,5,2,0,1,1,0,0,0,0,0,"13,39840237","52,50704944"
32024,212067,Berlin,4,2021,5,14,3,3,5,7,0,1,1,0,0,0,0,1,"13,33797774","52,50186595"
32025,212066,Berlin,10,2021,6,10,4,3,2,2,0,0,0,0,0,1,1,1,"13,61391376","52,51648078"
32026,212065,Berlin,10,2021,7,9,2,3,5,3,0,0,1,0,0,0,0,0,"13,55112999","52,51611937"
32027,212064,Berlin,6,2021,7,18,4,3,5,3,0,1,0,0,0,0,0,0,"13,22773311","52,42098404"
32028,212063,Berlin,1,2021,6,14,4,3,5,3,0,1,1,0,0,0,0,0,"13,35271235","52,51615818"
32029,212062,Berlin,3,2021,5,11,7,3,5,3,0,1,1,0,0,0,0,0,"13,49794192","52,62826241"
32030,212061,Berlin,4,2021,6,9,5,2,6,4,0,0,1,1,0,0,0,0,"13,32458289","52,4979491"
32031,212060,Berlin,12,2021,6,15,4,3,5,2,0,0,1,0,0,0,1,0,"13,30767134","52,57734081"
32032,212059,Berlin,2,2021,6,17,3,3,2,2,0,1,1,0,0,0,0,0,"13,45022115","52,52227319"
32033,212058,Berlin,11,2021,6,14,7,3,5,3,0,1,1,0,0,0,0,0,"13,53071946","52,51018237"
32034,212057,Berlin,4,2021,6,15,3,3,0,1,0,0,0,0,1,0,0,0,"13,27993636","52,50615989"
32035,212056,Berlin,10,2021,6,12,4,3,5,3,0,1,1,0,0,0,0,0,"13,59967207","52,54202217"
32036,212055,Berlin,11,2021,6,8,2,3,0,1,0,1,0,0,0,0,0,0,"13,47369305","52,53615777"
32037,212054,Berlin,4,2021,6,2,1,3,5,3,2,0,1,0,0,0,0,0,"13,30620338","52,52564671"
32038,212053,Berlin,10,2021,7,12,7,3,5,2,0,1,1,0,0,0,0,0,"13,56795885","52,57358294"
32039,212052,Berlin,3,2021,6,17,1,3,2,7,0,0,1,0,1,0,0,0,"13,46456872","52,5501295"
32040,212051,Berlin,8,2021,6,11,1,3,6,4,0,0,1,1,0,0,0,0,"13,43240743","52,48005422"
32041,212050,Berlin,8,2021,5,21,4,3,2,6,2,0,1,0,0,0,0,0,"13,42732827","52,47492261"
32042,212049,Berlin,4,2021,7,14,5,3,0,7,0,1,0,0,0,0,0,1,"13,33832531","52,49942101"
32043,212048,Berlin,9,2021,7,7,3,2,5,2,0,1,1,0,0,0,0,0,"13,57717329","52,45577167"
32044,212047,Berlin,10,2021,7,15,5,3,5,3,0,0,1,0,0,0,0,0,"13,61333074","52,50880293"
32045,212046,Berlin,1,2021,6,9,5,2,0,1,0,1,0,0,0,0,0,0,"13,34431562","52,53778054"
32046,212045,Berlin,8,2021,5,16,2,3,2,6,0,0,1,0,1,0,0,0,"13,43340135","52,47846248"
32047,212044,Berlin,12,2021,6,7,6,3,2,6,0,0,1,0,1,0,0,0,"13,32088756","52,60959733"
32048,212043,Berlin,8,2021,6,13,5,3,1,5,0,1,1,0,0,0,0,1,"13,42532231","52,47997122"
32049,212042,Berlin,12,2021,6,12,3,3,5,3,0,0,1,0,0,0,0,0,"13,28610906","52,59201023"
32050,212041,Berlin,1,2021,6,19,2,3,5,2,0,1,1,0,0,0,0,0,"13,35678584","52,52358055"
32051,212040,Berlin,10,2021,5,12,5,3,2,6,0,0,1,0,0,0,1,0,"13,5168766","52,53531531"
32052,212039,Berlin,9,2021,6,11,4,2,5,2,0,1,1,0,0,0,0,0,"13,53110319","52,41555878"
32053,212038,Berlin,4,2021,5,12,2,3,3,6,0,0,1,0,0,0,0,0,"13,27200772","52,51942799"
32054,212037,Berlin,3,2021,6,17,3,3,0,2,0,1,1,0,0,0,0,1,"13,41252836","52,54524873"
32055,212036,Berlin,4,2021,7,9,2,3,0,5,0,0,1,0,0,0,1,1,"13,32158739","52,50017843"
32056,212035,Berlin,8,2021,6,15,5,3,5,3,0,1,1,0,0,0,0,0,"13,46491255","52,47030999"
32057,212034,Berlin,6,2021,7,17,6,3,3,6,0,0,1,0,0,0,1,0,"13,32107499","52,42967844"
32058,212033,Berlin,1,2021,7,12,6,3,5,2,0,0,1,0,0,0,0,1,"13,37707053","52,55639513"
32059,212032,Berlin,3,2021,6,21,5,3,1,5,2,0,1,0,0,0,1,0,"13,44343748","52,53947759"
32060,212031,Berlin,3,2021,6,18,4,3,5,3,0,1,1,0,0,0,0,0,"13,42268721","52,54464137"
32061,212030,Berlin,12,2021,6,14,2,3,5,2,0,0,1,0,0,0,1,0,"13,30030986","52,56984214"
32062,212029,Berlin,1,2021,5,8,2,3,6,4,0,0,1,1,0,0,0,0,"13,3791459","52,52539451"
32063,212028,Berlin,7,2021,6,16,6,3,6,2,1,0,1,1,0,0,0,0,"13,34450763","52,46475238"
32064,212027,Berlin,6,2021,6,5,6,2,0,3,1,0,1,0,1,0,0,0,"13,33624372","52,43066382"
32065,212026,Berlin,10,2021,6,14,3,3,5,2,0,1,1,0,0,0,0,0,"13,59195107","52,5458258"
32066,212025,Berlin,11,2021,6,16,6,3,5,7,0,0,1,0,0,0,1,0,"13,49479795","52,55958043"
32067,212024,Berlin,1,2021,5,16,6,3,2,6,0,0,1,0,0,0,0,1,"13,38312283","52,55412326"
32068,212023,Berlin,9,2021,6,14,4,3,2,6,0,0,1,0,0,0,0,0,"13,56203095","52,43738377"
32069,212022,Berlin,2,2021,7,16,1,3,5,3,0,0,0,0,0,0,1,0,"13,39859325","52,49631172"
32070,212021,Berlin,9,2021,5,19,3,2,5,3,1,0,1,0,0,0,0,0,"13,55053309","52,42907393"
32071,212020,Berlin,2,2021,6,9,3,3,0,1,0,1,0,0,0,0,0,0,"13,45599307","52,51338958"
32072,212019,Berlin,1,2021,7,11,2,3,1,5,0,1,1,0,0,0,0,0,"13,38443759","52,55066982"
32073,212018,Berlin,8,2021,7,5,3,3,0,7,0,0,0,0,1,0,0,1,"13,45923491","52,47231971"
32074,212017,Berlin,2,2021,7,9,7,2,0,1,0,0,0,0,1,0,0,1,"13,42831257","52,518929"
32075,212016,Berlin,3,2021,6,15,3,3,0,2,0,1,1,0,0,0,0,0,"13,43939568","52,55541209"
32076,212015,Berlin,11,2021,6,10,7,3,2,6,0,0,1,0,0,0,1,0,"13,49227266","52,53407443"
32077,212014,Berlin,6,2021,6,15,2,3,2,6,0,0,1,0,0,0,0,0,"13,31459669","52,42414311"
32078,212013,Berlin,7,2021,6,14,3,3,6,4,0,0,1,1,0,0,0,0,"13,34602617","52,49603964"
32079,212012,Berlin,9,2021,6,18,1,3,5,2,0,1,1,0,0,0,0,0,"13,5139838","52,46258992"
32080,212011,Berlin,4,2021,6,10,6,3,6,4,0,0,1,1,0,0,0,0,"13,28012574","52,51977159"
32081,212010,Berlin,7,2021,7,18,7,3,0,6,0,1,0,0,0,0,1,0,"13,39892533","52,38233005"
32082,212009,Berlin,7,2021,6,16,6,3,2,6,0,0,1,0,1,0,0,0,"13,36612369","52,41074176"
32083,212008,Berlin,2,2021,5,13,4,3,1,5,0,1,1,0,0,0,0,0,"13,46395075","52,50804244"
32084,212007,Berlin,6,2021,6,16,4,3,2,6,0,0,1,0,0,0,0,1,"13,31625195","52,43073282"
32085,212006,Berlin,1,2021,7,6,3,3,2,2,0,0,1,0,0,0,1,0,"13,41588748","52,5270019"
32086,212005,Berlin,1,2021,7,18,4,3,2,7,0,0,1,0,1,0,0,0,"13,37365548","52,53779886"
32087,212004,Berlin,9,2021,6,9,4,3,0,3,0,1,0,0,0,1,0,0,"13,57515122","52,45269511"
32088,212003,Berlin,10,2021,5,6,6,3,5,2,0,1,0,0,0,1,0,0,"13,51940763","52,52582169"
32089,212002,Berlin,3,2021,6,15,5,3,1,5,0,0,1,0,1,0,0,0,"13,42936482","52,60041572"
32090,212001,Berlin,4,2021,6,12,4,3,6,4,0,0,1,1,0,0,0,0,"13,2635803","52,51484618"
32091,212000,Berlin,1,2021,6,19,4,3,2,6,0,0,1,0,0,0,0,0,"13,37158366","52,50477602"
32092,211999,Berlin,8,2021,6,20,1,3,4,6,1,1,0,0,0,0,1,0,"13,43419101","52,49151384"
32093,211998,Berlin,2,2021,6,13,3,3,6,7,0,0,1,1,0,0,0,0,"13,40616918","52,49781176"
32094,211997,Berlin,8,2021,6,12,3,3,0,1,0,1,0,0,0,0,0,0,"13,42621289","52,44472859"
32095,211996,Berlin,1,2021,6,19,2,3,6,7,0,0,0,1,0,0,1,0,"13,3949293","52,53658858"
32096,211995,Berlin,4,2021,7,20,1,2,0,7,0,1,0,0,0,0,0,0,"13,30623799","52,52081164"
32097,211994,Berlin,11,2021,6,19,7,3,2,6,0,0,1,0,0,0,0,0,"13,48227916","52,49841987"
32098,211993,Berlin,6,2021,7,9,5,3,5,3,0,1,1,0,0,0,0,1,"13,32693155","52,45797898"
32099,211992,Berlin,1,2021,7,18,5,3,1,5,0,1,1,0,0,0,0,1,"13,40303092","52,53182483"
32100,211991,Berlin,7,2021,6,1,5,3,1,3,2,1,1,0,0,0,0,0,"13,3632593","52,45593149"
32101,211990,Berlin,3,2021,5,16,1,2,5,3,0,1,1,0,0,0,0,0,"13,41834426","52,55970618"
32102,211989,Berlin,6,2021,6,10,6,3,5,2,0,1,1,0,0,0,0,0,"13,26215463","52,43955412"
32103,211988,Berlin,10,2021,6,5,4,3,8,1,0,0,1,0,0,0,0,0,"13,58946923","52,523204"
32104,211987,Berlin,11,2021,6,17,3,2,5,3,0,0,1,0,0,0,1,0,"13,49985391","52,49891216"
32105,211986,Berlin,2,2021,6,8,2,3,4,6,0,1,0,0,0,0,1,0,"13,38403993","52,4937383"
32106,211985,Berlin,11,2021,5,18,7,3,2,6,0,0,1,0,1,0,1,0,"13,52491572","52,49554963"
32107,211984,Berlin,4,2021,6,14,5,3,2,6,0,0,1,0,0,0,0,0,"13,33241271","52,47869349"
32108,211983,Berlin,11,2021,6,15,4,3,2,6,0,0,1,0,0,0,0,0,"13,52507035","52,49531113"
32109,211982,Berlin,1,2021,6,19,3,3,1,5,0,1,0,0,1,0,0,0,"13,42165832","52,50554007"
32110,211981,Berlin,3,2021,6,20,7,3,0,1,0,0,0,0,1,0,0,0,"13,42332108","52,63190684"
32111,211980,Berlin,4,2021,6,14,3,2,4,6,0,0,0,0,0,0,1,0,"13,31808571","52,50612334"
32112,211979,Berlin,4,2021,6,18,3,3,5,2,0,1,0,0,0,0,1,0,"13,33101344","52,49261578"
32113,211978,Berlin,1,2021,6,10,2,3,5,2,0,1,1,0,0,0,0,0,"13,3930542","52,51499578"
32114,211977,Berlin,9,2021,6,12,7,3,8,1,0,0,1,0,0,0,0,0,"13,62714696","52,46345001"
32115,211976,Berlin,8,2021,7,22,7,3,2,6,2,1,1,0,0,0,0,0,"13,42889504","52,48345796"
32116,211975,Berlin,4,2021,6,19,1,2,0,7,1,1,0,0,0,0,0,0,"13,29768897","52,52555668"
32117,211974,Berlin,6,2021,6,11,1,2,0,2,0,0,1,0,1,0,0,0,"13,17794245","52,42142728"
32118,211973,Berlin,6,2021,7,6,5,3,0,1,0,0,0,0,1,0,0,1,"13,3145129","52,46499554"
32119,211972,Berlin,2,2021,7,15,3,3,0,1,0,1,0,0,0,0,0,0,"13,45483556","52,51017762"
32120,211971,Berlin,9,2021,7,9,5,3,3,6,0,0,1,0,0,1,0,0,"13,48621874","52,4648815"
32121,211970,Berlin,2,2021,6,15,5,3,2,6,0,0,1,0,0,0,0,0,"13,38777323","52,50316004"
32122,211969,Berlin,4,2021,5,1,2,3,0,6,2,0,1,0,0,0,1,0,"13,33847492","52,50334783"
32123,211968,Berlin,7,2021,6,12,6,3,5,2,0,1,1,0,0,0,0,0,"13,34528795","52,48687322"
32124,211967,Berlin,2,2021,6,20,4,3,5,3,0,1,1,0,0,0,0,0,"13,41629921","52,50171649"
32125,211966,Berlin,2,2021,6,8,3,3,5,3,0,1,1,0,0,0,0,0,"13,41093929","52,49401121"
32126,211965,Berlin,2,2021,6,6,1,3,0,1,0,0,0,0,1,0,0,0,"13,37662455","52,49153971"
32127,211964,Berlin,8,2021,5,15,5,3,6,7,0,0,1,1,0,0,0,1,"13,44794738","52,47604107"
32128,211963,Berlin,7,2021,6,17,4,3,1,5,0,1,1,0,0,0,0,0,"13,34019676","52,46651578"
32129,211962,Berlin,6,2021,5,17,1,2,5,2,0,1,0,0,1,0,0,0,"13,34324972","52,43967011"
32130,211961,Berlin,2,2021,6,14,2,3,6,4,0,0,0,1,1,0,0,0,"13,40611596","52,49774404"
32131,211960,Berlin,4,2021,7,22,2,3,0,1,2,1,0,0,0,0,0,0,"13,30939189","52,49178798"
32132,211959,Berlin,1,2021,7,17,6,3,5,3,0,1,1,0,0,0,0,0,"13,37201996","52,51118601"
32133,211958,Berlin,1,2021,7,9,6,3,5,3,0,1,1,0,0,0,0,1,"13,39893117","52,50822643"
32134,211957,Berlin,3,2021,6,8,5,3,0,1,0,1,0,0,0,0,0,0,"13,45385247","52,53282339"
32135,211956,Berlin,1,2021,6,19,5,3,5,3,0,1,0,0,0,0,0,0,"13,41109861","52,52594022"
32136,211955,Berlin,9,2021,6,19,2,3,2,6,0,0,1,0,0,0,1,0,"13,62562083","52,45696119"
32137,211954,Berlin,7,2021,5,12,2,3,0,3,0,0,1,0,1,0,0,0,"13,34730017","52,4109961"
32138,211953,Berlin,2,2021,6,16,6,3,6,4,0,0,1,1,0,0,0,0,"13,42112407","52,49220164"
32139,211952,Berlin,1,2021,6,15,6,3,5,2,0,1,1,0,0,0,0,0,"13,35501474","52,54402758"
32140,211951,Berlin,8,2021,7,6,6,3,5,3,0,0,1,0,0,0,0,1,"13,42284084","52,47563448"
32141,211950,Berlin,6,2021,6,13,3,3,5,3,0,0,1,0,0,0,0,0,"13,29078576","52,44819412"
32142,211949,Berlin,8,2021,5,13,6,2,5,3,0,0,1,0,0,0,0,1,"13,47246344","52,46174716"
32143,211948,Berlin,6,2021,6,17,4,2,4,6,0,0,1,0,0,0,0,0,"13,31552423","52,46469375"
32144,211947,Berlin,5,2021,7,20,1,2,5,7,0,0,1,0,0,0,0,0,"13,17656202","52,54914673"
32145,211946,Berlin,7,2021,5,11,3,3,1,2,0,0,1,0,0,0,1,0,"13,37906392","52,44813057"
32146,211945,Berlin,12,2021,6,15,3,3,1,5,0,0,1,0,0,0,1,0,"13,32461479","52,60169544"
32147,211944,Berlin,4,2021,7,18,2,3,6,7,0,0,1,1,0,0,0,0,"13,29606071","52,49680094"
32148,211943,Berlin,3,2021,7,13,3,3,1,5,0,0,1,0,1,0,0,0,"13,36692305","52,5856597"
32149,211942,Berlin,1,2021,5,16,6,3,1,7,0,1,1,0,0,0,0,1,"13,37181325","52,54866766"
32150,211941,Berlin,12,2021,6,14,4,3,5,2,0,1,1,0,0,0,0,0,"13,2995532","52,57917524"
32151,211940,Berlin,3,2021,7,8,7,3,2,6,0,1,1,0,0,0,0,1,"13,43131537","52,55211899"
32152,211939,Berlin,1,2021,6,15,2,3,2,6,0,1,1,0,0,0,0,0,"13,39208781","52,53011752"
32153,211938,Berlin,4,2021,6,22,6,3,5,2,1,1,1,0,0,0,0,0,"13,3327161","52,47869341"
32154,211937,Berlin,5,2021,6,9,3,3,5,3,0,0,1,0,1,0,0,0,"13,2151508","52,56075015"
32155,211936,Berlin,4,2021,6,17,3,2,0,7,0,0,1,0,0,0,0,0,"13,27951799","52,53671944"
32156,211935,Berlin,4,2021,6,16,2,3,5,5,0,1,1,0,0,0,0,0,"13,33361769","52,50695564"
32157,211934,Berlin,3,2021,6,20,7,2,1,1,0,0,1,0,1,0,0,0,"13,3822839","52,57336552"
32158,211933,Berlin,2,2021,7,15,7,3,5,3,0,0,1,0,0,0,1,0,"13,40501228","52,50085064"
32159,211932,Berlin,2,2021,6,11,7,3,0,1,0,1,0,0,0,0,0,0,"13,43048188","52,51135833"
32160,211931,Berlin,3,2021,5,9,4,3,1,5,0,1,1,0,0,0,0,0,"13,43610328","52,53317449"
32161,211930,Berlin,1,2021,6,14,4,3,2,6,0,0,1,0,0,1,0,1,"13,39528143","52,55478149"
32162,211929,Berlin,1,2021,7,18,3,3,5,7,0,0,1,0,1,0,0,0,"13,38607499","52,55848879"
32163,211928,Berlin,1,2021,7,8,4,3,5,3,0,0,1,0,0,0,1,1,"13,41363238","52,51128743"
32164,211927,Berlin,8,2021,6,0,4,2,5,3,2,1,0,0,1,0,0,0,"13,44812997","52,47765295"
32165,211926,Berlin,3,2021,5,11,6,3,5,3,0,0,1,0,0,0,1,0,"13,46264526","52,56005567"
32166,211925,Berlin,7,2021,6,15,5,3,3,6,0,1,1,0,0,0,0,0,"13,34491869","52,489926"
32167,211924,Berlin,9,2021,6,7,5,3,5,3,0,0,1,0,0,0,0,1,"13,5532683","52,43399794"
32168,211923,Berlin,4,2021,6,12,3,3,5,3,0,0,1,0,0,0,0,0,"13,30221778","52,51865588"
32169,211922,Berlin,4,2021,6,20,1,3,1,5,0,1,1,0,0,0,0,0,"13,31168464","52,46720664"
32170,211921,Berlin,2,2021,6,13,3,3,0,5,0,0,1,0,0,0,1,0,"13,43061808","52,49590021"
32171,211920,Berlin,8,2021,6,9,4,3,6,4,0,1,0,1,0,0,0,0,"13,44063232","52,47950234"
32172,211919,Berlin,7,2021,6,10,2,3,6,4,0,0,1,1,0,0,0,0,"13,40103326","52,41506449"
32173,211918,Berlin,2,2021,7,10,1,3,6,7,0,0,1,1,0,0,0,0,"13,38088442","52,49435783"
32174,211917,Berlin,4,2021,6,10,1,3,5,2,0,1,1,0,0,0,0,0,"13,28259106","52,53388594"
32175,211916,Berlin,5,2021,7,12,5,3,0,3,0,0,1,0,1,0,0,1,"13,19339551","52,55567422"
32176,211915,Berlin,1,2021,7,10,5,3,1,5,0,1,0,0,0,1,0,0,"13,35319871","52,50814621"
32177,211914,Berlin,8,2021,6,16,5,3,5,3,0,0,1,0,0,0,0,0,"13,46059817","52,46218934"
32178,211913,Berlin,4,2021,5,6,2,3,0,1,0,0,0,0,1,0,0,0,"13,29729938","52,52651374"
32179,211912,Berlin,12,2021,6,14,6,2,5,3,0,0,1,0,0,0,1,0,"13,24027762","52,61862071"
32180,211911,Berlin,12,2021,6,16,5,3,3,6,0,0,1,0,0,0,1,0,"13,35543897","52,59665769"
32181,211910,Berlin,5,2021,6,8,3,3,2,2,0,1,1,0,0,0,0,0,"13,12043154","52,46639745"
32182,211909,Berlin,5,2021,6,18,2,3,2,6,0,0,1,0,1,0,0,0,"13,26704511","52,53678188"
32183,211908,Berlin,11,2021,6,12,2,3,4,5,0,1,1,0,0,0,0,0,"13,53985354","52,49370034"
32184,211907,Berlin,2,2021,5,14,5,3,2,6,0,0,1,0,0,0,0,1,"13,38423071","52,50307417"
32185,211906,Berlin,11,2021,6,9,4,3,5,3,0,1,1,0,0,0,0,0,"13,50200362","52,50701999"
32186,211905,Berlin,9,2021,5,19,1,3,5,2,0,1,1,0,0,0,0,0,"13,5173245","52,45446449"
32187,211904,Berlin,8,2021,6,14,2,3,3,2,0,1,0,0,0,0,1,0,"13,4480022","52,47771618"
32188,211903,Berlin,11,2021,7,19,2,2,6,2,0,0,1,1,0,0,0,0,"13,50697891","52,49685689"
32189,211902,Berlin,11,2021,7,6,6,2,5,3,0,1,1,0,0,0,0,1,"13,50949526","52,5465367"
32190,211901,Berlin,9,2021,6,11,6,3,0,7,0,1,0,0,0,0,0,0,"13,58499142","52,44169471"
32191,211900,Berlin,9,2021,6,12,5,3,0,2,0,1,1,0,0,0,0,0,"13,52608202","52,42359161"
32192,211899,Berlin,1,2021,6,23,2,3,2,6,2,1,1,0,0,0,0,0,"13,33068187","52,52835867"
32193,211898,Berlin,8,2021,5,17,2,3,5,7,0,0,1,0,0,0,0,0,"13,43667771","52,45341548"
32194,211897,Berlin,3,2021,6,21,6,3,2,6,1,1,1,0,0,0,0,0,"13,41528488","52,55029502"
32195,211896,Berlin,6,2021,6,13,7,2,2,6,0,1,0,0,0,0,0,0,"13,12960682","52,42668725"
32196,211895,Berlin,3,2021,7,0,7,2,3,6,2,1,1,0,0,0,0,0,"13,40810882","52,5370303"
32197,211894,Berlin,1,2021,6,16,4,3,5,2,0,0,1,0,1,0,0,0,"13,38147853","52,51513328"
32198,211893,Berlin,1,2021,6,19,6,2,3,6,0,1,1,0,0,0,0,0,"13,3517825","52,55870727"
32199,211892,Berlin,12,2021,6,7,2,3,5,3,0,0,1,0,0,0,0,0,"13,31057901","52,56799401"
32200,211891,Berlin,1,2021,5,7,6,2,5,2,0,1,1,0,0,0,0,1,"13,40955285","52,52890299"
32201,211890,Berlin,3,2021,6,11,4,3,6,2,0,0,0,1,1,0,0,0,"13,43033558","52,55128335"
32202,211889,Berlin,9,2021,7,10,1,3,5,3,0,0,1,0,0,0,0,0,"13,59156491","52,43228105"
32203,211888,Berlin,10,2021,5,6,3,3,0,3,0,0,0,0,1,0,1,1,"13,55057364","52,55993064"
32204,211887,Berlin,6,2021,6,18,3,3,5,3,0,1,1,0,0,0,0,0,"13,33504063","52,42102395"
32205,211886,Berlin,6,2021,7,9,3,3,5,3,0,1,1,0,0,0,0,0,"13,3279133","52,42419303"
32206,211885,Berlin,7,2021,7,14,3,3,0,4,0,1,0,1,0,0,0,0,"13,36061087","52,49445055"
32207,211884,Berlin,8,2021,5,11,7,3,4,6,0,1,0,0,0,0,1,0,"13,42120833","52,46658412"
32208,211883,Berlin,5,2021,6,13,5,3,0,6,0,0,1,0,0,0,1,0,"13,20021868","52,5359109"
32209,211882,Berlin,4,2021,6,19,4,3,6,4,0,1,0,1,0,0,0,0,"13,28346511","52,5063975"
32210,211881,Berlin,3,2021,4,18,3,3,5,3,0,0,1,0,0,0,0,0,"13,41365974","52,54763939"
32211,211880,Berlin,5,2021,3,17,2,2,5,3,0,1,1,0,0,0,0,0,"13,18478266","52,54760943"
32212,211879,Berlin,12,2021,4,16,5,3,0,7,0,0,0,0,0,0,1,0,"13,35679099","52,60518141"
32213,211878,Berlin,4,2021,5,14,3,3,1,5,0,0,1,0,0,0,0,0,"13,28944525","52,47623163"
32214,211877,Berlin,3,2021,5,19,3,3,1,5,0,1,1,0,0,0,0,0,"13,41622235","52,53659725"
32215,211876,Berlin,7,2021,4,11,5,2,6,4,0,0,1,1,0,0,0,0,"13,3775386","52,44261345"
32216,211875,Berlin,7,2021,5,10,7,3,3,6,0,0,1,0,1,0,0,0,"13,37611694","52,45875966"
32217,211874,Berlin,11,2021,4,21,1,3,2,6,2,0,1,0,0,0,0,0,"13,47566698","52,50140872"
32218,211873,Berlin,1,2021,5,6,5,3,0,6,0,0,1,0,1,0,0,1,"13,40229524","52,52983992"
32219,211872,Berlin,6,2021,4,11,3,3,6,7,0,1,0,1,0,0,0,0,"13,34114052","52,46410383"
32220,211871,Berlin,3,2021,3,4,3,3,2,6,2,0,1,0,0,0,0,1,"13,45735813","52,52869779"
32221,211870,Berlin,5,2021,5,17,6,2,5,2,0,0,1,0,0,0,0,0,"13,1663239","52,52395331"
32222,211869,Berlin,6,2021,4,9,4,3,1,5,0,0,1,0,0,0,1,0,"13,24032273","52,44304976"