,id,city,district,year,month,hour,weekday,injury_level,collision,movement,light_conditions,bicycle,car,pedestrian,motorbike,truck,other_vehicle,road_conditions,longitude,latitude
32223,211868,Berlin,8,2021,3,12,2,3,6,4,0,0,1,1,0,0,0,0,"13,4516555","52,48079011"
32224,211867,Berlin,3,2021,4,17,1,3,1,5,0,0,1,0,0,0,0,0,"13,41460354","52,56715641"
32225,211866,Berlin,8,2021,3,14,6,3,2,2,0,0,1,0,0,0,0,0,"13,4336371","52,44419849"
32226,211865,Berlin,5,2021,5,16,2,3,5,2,0,1,1,0,0,0,0,0,"13,20959597","52,54756669"
32227,211864,Berlin,9,2021,5,16,5,3,2,6,0,0,1,0,0,0,0,1,"13,61900818","52,45561147"
32228,211863,Berlin,12,2021,5,0,4,3,5,2,2,0,1,0,0,0,0,0,"13,32180944","52,56056233"
32229,211862,Berlin,2,2021,4,14,5,3,6,4,0,1,0,1,0,0,0,0,"13,47309576","52,51532116"
32230,211861,Berlin,8,2021,4,11,6,3,4,6,0,1,0,0,0,0,1,0,"13,42398555","52,48653384"
32231,211860,Berlin,2,2021,4,15,3,3,0,1,0,1,0,0,0,0,0,0,"13,42039386","52,48743985"
32232,211859,Berlin,7,2021,3,20,4,3,5,3,2,0,1,0,0,0,0,0,"13,37291906","52,43691348"
32233,211858,Berlin,1,2021,4,11,6,3,0,7,0,1,0,0,0,0,0,0,"13,37405547","52,55653653"
32234,211857,Berlin,6,2021,5,16,7,3,1,5,0,1,1,0,0,0,0,0,"13,35103584","52,44948809"
32235,211856,Berlin,3,2021,4,10,3,3,5,2,0,1,1,0,0,0,0,0,"13,48319433","52,55488658"
32236,211855,Berlin,7,2021,5,5,3,3,0,7,0,1,0,0,0,0,0,0,"13,40016206","52,48372758"
32237,211854,Berlin,2,2021,5,17,6,3,5,2,0,1,1,0,0,0,0,1,"13,37967633","52,49261261"
32238,211853,Berlin,5,2021,5,13,5,3,2,6,0,0,1,0,0,0,0,0,"13,18353517","52,54180671"
32239,211852,Berlin,8,2021,4,8,1,3,0,1,0,0,0,0,1,0,0,1,"13,43989743","52,48961461"
32240,211851,Berlin,7,2021,3,13,4,3,5,3,0,1,0,0,0,0,1,0,"13,34960482","52,48738581"
32241,211850,Berlin,10,2021,5,11,3,3,2,6,0,0,1,0,0,0,0,0,"13,59230256","52,54852159"
32242,211849,Berlin,4,2021,3,18,2,3,0,2,0,1,1,0,0,0,0,0,"13,33459134","52,49508103"
32243,211848,Berlin,4,2021,4,6,4,3,5,3,0,1,1,0,0,0,0,0,"13,31625689","52,46714062"
32244,211847,Berlin,1,2021,3,18,5,3,5,7,0,0,1,0,0,0,1,0,"13,42346314","52,52381741"
32245,211846,Berlin,1,2021,5,12,3,3,2,2,0,1,0,0,0,0,1,0,"13,32997448","52,52378397"
32246,211845,Berlin,9,2021,4,20,1,3,5,2,1,1,1,0,0,0,0,1,"13,49572252","52,4489696"
32247,211844,Berlin,6,2021,5,15,2,3,5,3,0,0,1,0,0,0,0,0,"13,25925313","52,43266235"
32248,211843,Berlin,3,2021,4,10,5,3,2,1,0,0,1,0,0,1,0,1,"13,42430674","52,5395947"
32249,211842,Berlin,5,2021,5,12,1,3,0,2,0,0,0,0,0,0,1,0,"13,20362505","52,53992137"
32250,211841,Berlin,5,2021,5,12,6,3,0,2,0,0,1,0,0,0,1,0,"13,20769844","52,55586198"
32251,211840,Berlin,10,2021,4,7,2,3,5,2,0,1,1,0,0,0,0,0,"13,56380196","52,51876312"
32252,211839,Berlin,12,2021,4,12,6,2,6,2,0,0,1,1,0,0,0,0,"13,32422691","52,56089852"
32253,211838,Berlin,12,2021,4,15,4,3,5,7,0,0,1,0,0,0,0,0,"13,32949581","52,56237079"
32254,211837,Berlin,6,2021,5,14,5,3,5,2,0,1,1,0,0,0,0,1,"13,30958178","52,43125232"
32255,211836,Berlin,1,2021,4,16,3,3,5,3,0,1,1,0,0,0,0,0,"13,39293291","52,51500182"
32256,211835,Berlin,6,2021,3,13,3,3,5,3,0,0,1,0,0,0,0,0,"13,23003217","52,43090694"
32257,211834,Berlin,6,2021,4,13,6,2,6,4,0,0,1,1,0,0,0,0,"13,32381265","52,41863358"
32258,211833,Berlin,2,2021,3,19,7,3,0,1,2,1,1,0,0,0,0,1,"13,45740002","52,51290392"
32259,211832,Berlin,12,2021,5,21,4,2,6,4,2,0,1,1,0,0,0,0,"13,34681446","52,56707186"
32260,211831,Berlin,6,2021,5,13,2,2,0,5,0,0,1,0,0,0,1,0,"13,31544691","52,44887384"
32261,211830,Berlin,10,2021,4,16,5,3,2,6,0,0,1,0,0,0,0,0,"13,52262913","52,52569401"
32262,211829,Berlin,6,2021,4,10,3,3,7,7,0,1,0,0,0,0,0,0,"13,33932193","52,45892118"
32263,211828,Berlin,4,2021,4,6,3,3,5,2,0,0,1,0,0,0,1,0,"13,31279641","52,48047329"
32264,211827,Berlin,2,2021,5,1,7,3,0,1,2,1,0,0,0,0,0,0,"13,45320272","52,51047603"
32265,211826,Berlin,2,2021,4,13,4,3,5,3,0,1,0,0,0,0,0,0,"13,39469678","52,49167019"
32266,211825,Berlin,6,2021,3,9,3,3,2,6,0,0,1,0,0,0,0,0,"13,31671167","52,42582092"
32267,211824,Berlin,6,2021,4,14,6,3,5,2,0,1,1,0,0,0,0,0,"13,32078468","52,45181449"
32268,211823,Berlin,8,2021,5,20,6,3,5,2,0,0,1,0,0,0,0,0,"13,48527368","52,43255181"
32269,211822,Berlin,1,2021,5,17,6,3,5,7,0,0,1,0,0,0,0,1,"13,40987822","52,52432426"
32270,211821,Berlin,6,2021,3,18,4,3,6,7,0,0,0,1,0,0,1,0,"13,31488632","52,43060043"
32271,211820,Berlin,2,2021,4,13,7,3,1,5,0,1,1,0,0,0,0,0,"13,45014143","52,50976768"
32272,211819,Berlin,2,2021,3,12,7,3,2,6,0,0,1,0,0,0,0,1,"13,44631984","52,50279215"
32273,211818,Berlin,9,2021,5,13,2,2,0,5,0,1,1,0,0,0,0,0,"13,68691518","52,44065785"
32274,211817,Berlin,3,2021,5,12,6,2,5,2,0,0,1,0,0,0,1,1,"13,44720746","52,58365524"
32275,211816,Berlin,2,2021,5,7,4,3,5,3,0,0,1,0,0,0,0,0,"13,39953762","52,49831463"
32276,211815,Berlin,7,2021,4,14,7,3,0,3,0,0,1,0,0,0,1,0,"13,3831879","52,46097647"
32277,211814,Berlin,7,2021,5,15,7,3,5,3,0,1,0,0,1,0,0,0,"13,37532173","52,45551174"
32278,211813,Berlin,12,2021,4,15,4,3,6,4,0,0,1,1,0,0,0,0,"13,35915941","52,57422963"
32279,211812,Berlin,5,2021,3,17,4,3,1,5,0,0,1,0,1,0,0,0,"13,18637223","52,53777194"
32280,211811,Berlin,2,2021,4,9,2,3,5,3,0,1,0,0,0,0,1,0,"13,39718447","52,50047781"
32281,211810,Berlin,7,2021,4,16,2,3,2,6,0,0,1,0,0,0,0,0,"13,38769533","52,44793379"
32282,211809,Berlin,11,2021,5,14,7,3,5,3,0,1,0,0,0,0,1,0,"13,52360189","52,56555825"
32283,211808,Berlin,8,2021,5,11,7,3,1,5,0,1,1,0,0,0,0,0,"13,42585885","52,47833133"
32284,211807,Berlin,9,2021,4,22,2,3,2,6,2,1,1,0,0,0,0,0,"13,51946903","52,45413109"
32285,211806,Berlin,10,2021,5,18,3,3,5,2,0,1,1,0,0,0,0,0,"13,5874744","52,52365691"
32286,211805,Berlin,4,2021,5,17,7,3,5,7,0,1,1,0,0,0,0,0,"13,29182238","52,50667743"
32287,211804,Berlin,11,2021,5,7,5,3,6,7,0,1,0,1,0,0,0,0,"13,49319036","52,56812495"
32288,211803,Berlin,6,2021,4,8,2,3,5,3,0,1,1,0,0,0,0,0,"13,34600163","52,43459557"
32289,211802,Berlin,8,2021,3,13,4,2,5,7,0,0,1,0,0,0,1,0,"13,47740048","52,42572095"
32290,211801,Berlin,1,2021,4,11,3,3,5,2,0,0,1,0,0,0,1,0,"13,38434961","52,55589665"
32291,211800,Berlin,2,2021,5,20,3,3,5,3,0,0,1,0,0,0,1,0,"13,40634959","52,50260082"
32292,211799,Berlin,7,2021,4,8,3,3,5,2,0,1,1,0,0,0,0,0,"13,37030412","52,46716542"
32293,211798,Berlin,2,2021,3,16,2,2,5,2,0,1,1,0,0,0,0,0,"13,43193747","52,51512276"
32294,211797,Berlin,2,2021,4,23,5,2,6,2,2,0,1,1,0,0,0,0,"13,3894543","52,49595052"
32295,211796,Berlin,12,2021,3,11,5,3,5,2,0,1,1,0,0,0,0,0,"13,33589601","52,56494231"
32296,211795,Berlin,1,2021,5,6,3,3,5,3,0,1,1,0,0,0,0,0,"13,36911004","52,54621369"
32297,211794,Berlin,7,2021,5,17,7,3,1,5,0,1,1,0,0,0,0,0,"13,3562091","52,4880637"
32298,211793,Berlin,9,2021,4,12,3,3,0,7,0,0,1,0,0,0,1,0,"13,59664841","52,44150051"
32299,211792,Berlin,11,2021,3,19,4,3,0,6,2,0,1,0,1,0,0,0,"13,52513325","52,49521499"
32300,211791,Berlin,2,2021,4,13,5,3,5,2,0,1,1,0,0,0,0,0,"13,39833301","52,50706829"
32301,211790,Berlin,3,2021,4,14,2,3,0,1,0,1,0,0,0,0,0,0,"13,42595531","52,5423736"
32302,211789,Berlin,3,2021,5,1,1,2,1,5,2,1,1,0,0,0,0,0,"13,42743127","52,56055503"
32303,211788,Berlin,9,2021,5,21,7,2,6,6,1,0,1,1,0,0,0,0,"13,49597168","52,43747817"
32304,211787,Berlin,4,2021,4,0,1,3,2,6,2,1,0,0,0,0,0,0,"13,31079301","52,5257543"
32305,211786,Berlin,1,2021,5,1,3,3,0,1,2,0,0,0,0,0,1,0,"13,35786397","52,54467741"
32306,211785,Berlin,3,2021,5,13,6,3,6,4,0,0,1,1,0,0,0,0,"13,46188983","52,60939496"
32307,211784,Berlin,3,2021,5,8,5,3,5,2,0,1,1,0,0,0,0,0,"13,39594445","52,56597877"
32308,211783,Berlin,1,2021,4,23,1,3,0,7,2,0,1,0,0,0,0,1,"13,35633724","52,55540244"
32309,211782,Berlin,8,2021,3,15,4,3,3,6,0,1,0,0,0,0,1,0,"13,43490879","52,42845958"
32310,211781,Berlin,4,2021,4,17,3,3,5,3,0,1,0,0,0,0,0,0,"13,32358636","52,49149495"
32311,211780,Berlin,9,2021,5,18,3,3,2,6,0,0,1,0,0,0,1,0,"13,73027787","52,43020555"
32312,211779,Berlin,6,2021,3,13,2,2,5,2,0,0,1,0,0,0,0,0,"13,34080368","52,44327937"
32313,211778,Berlin,1,2021,4,9,4,3,5,2,0,1,1,0,0,0,0,0,"13,37199963","52,53888736"
32314,211777,Berlin,3,2021,3,18,5,3,5,2,0,1,1,0,0,0,0,0,"13,40252594","52,55430063"
32315,211776,Berlin,12,2021,5,17,2,3,1,5,0,0,1,0,0,0,0,1,"13,36142135","52,56765041"
32316,211775,Berlin,4,2021,4,13,1,3,0,1,0,1,0,0,0,0,0,0,"13,28377263","52,49781642"
32317,211774,Berlin,10,2021,5,7,2,3,5,3,0,1,1,0,0,0,0,0,"13,5645969","52,54286913"
32318,211773,Berlin,9,2021,4,14,4,3,2,6,0,0,1,0,0,0,1,0,"13,50945919","52,47266448"
32319,211772,Berlin,5,2021,5,14,7,3,5,2,0,1,0,0,0,0,1,0,"13,19702836","52,53137584"
32320,211771,Berlin,3,2021,4,10,3,3,5,5,0,0,1,0,1,0,0,0,"13,41090633","52,53061994"
32321,211770,Berlin,1,2021,4,13,7,3,2,6,0,0,1,0,0,0,0,0,"13,38250349","52,55192975"
32322,211769,Berlin,5,2021,5,12,6,2,5,2,0,0,1,0,1,0,0,0,"13,15783984","52,54306902"
32323,211768,Berlin,11,2021,4,9,3,3,0,2,0,0,1,0,0,0,1,0,"13,49323226","52,51442259"
32324,211767,Berlin,5,2021,4,16,6,2,5,2,0,0,1,0,1,0,0,0,"13,14159926","52,53245201"
32325,211766,Berlin,1,2021,4,17,3,2,6,2,0,0,1,1,0,0,0,1,"13,39133729","52,55037614"
32326,211765,Berlin,11,2021,5,14,4,3,0,1,0,1,1,0,0,0,0,0,"13,52184891","52,50073658"
32327,211764,Berlin,5,2021,4,10,4,2,5,2,0,0,0,0,0,1,1,0,"13,19867703","52,53278942"
32328,211763,Berlin,1,2021,3,15,3,3,5,2,0,1,1,0,0,0,0,0,"13,36033767","52,53724679"
32329,211762,Berlin,7,2021,4,18,6,3,2,7,0,0,1,0,1,0,0,0,"13,35665098","52,49023829"
32330,211761,Berlin,3,2021,3,11,6,2,5,3,0,1,1,0,0,0,0,0,"13,48713242","52,61746729"
32331,211760,Berlin,1,2021,5,15,4,3,5,3,0,0,1,0,0,0,0,0,"13,34605931","52,54485383"
32332,211759,Berlin,4,2021,5,15,3,2,5,7,0,1,1,0,0,0,0,0,"13,32437488","52,48743695"
32333,211758,Berlin,5,2021,4,9,6,3,5,2,0,1,1,0,0,0,0,0,"13,17720198","52,54888451"
32334,211757,Berlin,11,2021,4,7,3,3,6,7,0,0,1,1,0,0,0,0,"13,47767801","52,53085994"
32335,211756,Berlin,4,2021,5,9,7,3,5,2,0,0,1,0,1,0,0,0,"13,30240199","52,50673864"
32336,211755,Berlin,8,2021,4,19,3,3,1,5,0,1,1,0,0,0,0,0,"13,4559771","52,48232386"
32337,211754,Berlin,1,2021,3,10,3,3,0,6,0,1,1,0,0,0,0,0,"13,33249864","52,54556742"
32338,211753,Berlin,7,2021,4,16,5,3,2,6,0,0,1,0,1,0,0,1,"13,37453042","52,46841153"
32339,211752,Berlin,2,2021,5,10,6,3,5,2,0,0,1,0,0,0,0,1,"13,46575137","52,49920772"
32340,211751,Berlin,9,2021,5,22,6,3,5,2,2,0,1,0,1,0,0,0,"13,50021136","52,45990054"
32341,211750,Berlin,10,2021,3,18,4,3,5,3,0,1,1,0,0,0,0,0,"13,56102023","52,54747538"
32342,211749,Berlin,8,2021,4,23,3,3,0,1,2,0,0,0,0,0,1,0,"13,45031667","52,4708423"
32343,211748,Berlin,12,2021,3,8,7,3,5,3,0,1,1,0,0,0,0,1,"13,30029808","52,57006258"
32344,211747,Berlin,9,2021,5,18,2,3,2,6,0,0,1,0,0,0,0,0,"13,56197181","52,45651395"
32345,211746,Berlin,12,2021,5,15,5,3,5,3,0,0,1,0,0,0,0,0,"13,29250506","52,58107554"
32346,211745,Berlin,5,2021,5,6,4,2,5,3,0,0,0,0,1,0,1,0,"13,23467464","52,52930477"
32347,211744,Berlin,8,2021,4,22,6,3,5,2,2,0,1,0,0,0,1,0,"13,44525039","52,47919061"
32348,211743,Berlin,9,2021,5,16,1,3,0,1,0,1,0,0,0,0,0,0,"13,51986159","52,46112067"
32349,211742,Berlin,8,2021,4,17,4,3,5,3,0,1,1,0,0,0,0,0,"13,43787194","52,47314376"
32350,211741,Berlin,6,2021,3,11,4,3,0,6,0,0,1,0,0,0,1,0,"13,34608176","52,43609567"
32351,211740,Berlin,3,2021,4,20,6,3,6,6,0,1,0,1,0,0,0,0,"13,39961849","52,56650508"
32352,211739,Berlin,5,2021,4,18,2,3,1,5,1,0,1,0,0,0,0,0,"13,15396135","52,46277947"
32353,211738,Berlin,10,2021,5,16,2,3,5,5,0,0,1,0,1,0,0,0,"13,53370741","52,55536837"
32354,211737,Berlin,5,2021,5,13,7,3,2,6,0,0,1,0,0,0,0,0,"13,19548353","52,52905121"
32355,211736,Berlin,4,2021,5,14,3,3,5,3,0,1,1,0,0,0,0,0,"13,29277039","52,50673296"
32356,211735,Berlin,11,2021,5,7,6,3,6,4,0,1,0,1,0,0,0,0,"13,51019905","52,49621196"
32357,211734,Berlin,1,2021,4,8,3,3,2,6,0,1,1,0,0,0,0,0,"13,38936883","52,51476313"
32358,211733,Berlin,9,2021,5,15,5,3,5,3,0,1,1,0,0,0,0,0,"13,50917052","52,47342773"
32359,211732,Berlin,3,2021,4,17,1,3,2,7,0,0,1,0,0,0,0,0,"13,45256693","52,55791037"
32360,211731,Berlin,5,2021,4,11,5,3,6,4,0,0,1,1,0,0,0,0,"13,18674135","52,5376919"
32361,211730,Berlin,1,2021,4,15,3,3,0,4,0,1,0,1,0,0,0,0,"13,33581696","52,5157258"
32362,211729,Berlin,6,2021,5,20,5,2,2,1,0,0,1,0,0,0,0,1,"13,33199518","52,44250956"
32363,211728,Berlin,7,2021,4,21,3,3,1,5,2,0,0,0,1,0,0,0,"13,36026748","52,48232325"
32364,211727,Berlin,12,2021,3,13,1,2,9,1,0,0,1,0,0,0,0,0,"13,36031944","52,561917"
32365,211726,Berlin,11,2021,4,13,6,3,2,6,0,0,1,0,0,0,0,0,"13,51608058","52,56577139"
32366,211725,Berlin,1,2021,3,15,5,3,1,5,0,1,1,0,0,0,0,0,"13,37580014","52,54261118"
32367,211724,Berlin,2,2021,5,12,2,3,5,2,0,1,0,0,0,0,1,0,"13,43204078","52,49933259"
32368,211723,Berlin,1,2021,4,20,2,3,2,7,2,0,1,0,0,0,0,0,"13,40562585","52,51122478"
32369,211722,Berlin,10,2021,5,18,2,3,5,3,0,0,1,0,0,0,1,0,"13,58900804","52,54127559"
32370,211721,Berlin,9,2021,4,17,4,3,2,6,0,0,1,0,0,0,0,0,"13,55603926","52,43356737"
32371,211720,Berlin,6,2021,5,15,1,3,5,3,0,0,1,0,1,0,0,0,"13,13898343","52,41720975"
32372,211719,Berlin,6,2021,5,18,5,3,0,1,0,1,0,0,0,0,0,0,"13,34300522","52,45044179"
32373,211718,Berlin,12,2021,4,8,3,3,6,7,0,0,1,1,0,0,0,0,"13,35227919","52,56930991"
32374,211717,Berlin,9,2021,4,17,5,2,9,1,0,0,0,0,1,0,0,0,"13,50931982","52,47272339"
32375,211716,Berlin,11,2021,4,15,3,3,5,3,0,0,1,0,1,0,0,0,"13,52180955","52,56708074"
32376,211715,Berlin,12,2021,4,17,3,2,5,3,0,1,0,0,1,0,0,0,"13,34772349","52,57583415"
32377,211714,Berlin,12,2021,5,14,6,3,5,3,0,1,1,0,0,0,0,1,"13,29260823","52,57869006"
32378,211713,Berlin,6,2021,4,0,5,2,1,7,2,0,1,0,0,0,1,0,"13,34645572","52,43124172"
32379,211712,Berlin,5,2021,3,13,2,2,5,2,0,0,0,0,0,0,1,0,"13,22597069","52,55504204"
32380,211711,Berlin,8,2021,4,19,7,3,0,7,0,0,1,0,0,0,0,0,"13,42635647","52,42428545"
32381,211710,Berlin,2,2021,3,8,6,3,5,7,0,0,1,0,1,0,0,1,"13,39607229","52,50706281"
32382,211709,Berlin,12,2021,5,22,3,3,5,2,2,0,1,0,1,0,0,1,"13,35137312","52,57809901"
32383,211708,Berlin,1,2021,5,14,3,3,6,4,0,0,1,1,0,0,0,0,"13,3479208","52,50350426"
32384,211707,Berlin,2,2021,4,18,5,3,5,2,0,1,1,0,0,0,0,0,"13,3950138","52,49762908"
32385,211706,Berlin,12,2021,4,17,2,3,5,3,0,0,1,0,1,0,0,0,"13,28125756","52,58541274"
32386,211705,Berlin,4,2021,5,13,2,3,5,3,0,1,0,0,0,0,0,0,"13,26716746","52,49642667"
32387,211704,Berlin,3,2021,4,8,4,2,5,2,0,1,1,0,0,0,0,0,"13,43804747","52,54619123"
32388,211703,Berlin,8,2021,5,12,7,2,6,4,0,1,0,1,0,0,0,0,"13,44874252","52,47321813"
32389,211702,Berlin,1,2021,4,16,1,3,0,7,0,0,0,0,1,0,0,0,"13,36729382","52,52403269"
32390,211701,Berlin,1,2021,5,13,6,3,5,2,0,1,1,0,0,0,0,0,"13,3905488","52,5630245"
32391,211700,Berlin,3,2021,4,12,2,3,5,3,0,1,0,0,0,0,1,0,"13,42022521","52,53814972"
32392,211699,Berlin,1,2021,4,9,7,3,5,3,0,1,1,0,0,0,0,0,"13,38010374","52,53279773"
32393,211698,Berlin,10,2021,5,15,5,3,9,1,0,0,1,0,0,0,0,1,"13,5724811","52,50550926"
32394,211697,Berlin,7,2021,4,10,4,3,5,7,0,0,1,0,0,0,0,0,"13,40196058","52,39047407"
32395,211696,Berlin,1,2021,3,16,3,3,5,2,0,0,1,0,1,0,0,0,"13,36781263","52,52609486"
32396,211695,Berlin,4,2021,4,10,1,3,5,3,0,0,1,0,0,0,0,0,"13,30934782","52,49207382"
32397,211694,Berlin,4,2021,3,10,6,3,5,2,0,1,1,0,0,0,0,0,"13,28082185","52,47696018"
32398,211693,Berlin,2,2021,5,16,4,3,5,3,0,1,1,0,0,0,0,0,"13,42196273","52,4930238"
32399,211692,Berlin,11,2021,5,15,3,3,6,4,0,1,1,1,0,0,0,0,"13,46949862","52,50236829"
32400,211691,Berlin,10,2021,4,18,6,3,5,2,0,0,1,0,0,0,0,0,"13,59294865","52,54840913"
32401,211690,Berlin,1,2021,5,15,6,3,5,3,0,1,0,0,1,0,0,0,"13,41343721","52,50672825"
32402,211689,Berlin,8,2021,4,12,4,3,4,5,0,1,1,0,0,0,0,0,"13,499183","52,40860486"
32403,211688,Berlin,9,2021,3,11,3,3,2,6,0,0,1,0,0,0,0,0,"13,55912695","52,44842248"
32404,211687,Berlin,5,2021,4,12,6,3,8,1,0,0,0,0,1,0,0,0,"13,20342776","52,55551779"
32405,211686,Berlin,1,2021,4,12,3,3,4,6,0,1,1,0,0,0,0,0,"13,4044399","52,52884895"
32406,211685,Berlin,2,2021,5,18,7,3,5,7,0,0,1,0,1,0,0,1,"13,39070837","52,50556348"
32407,211684,Berlin,1,2021,5,15,6,3,1,6,0,0,1,0,1,0,0,0,"13,38628925","52,54931323"
32408,211683,Berlin,10,2021,3,15,4,3,5,2,0,1,0,0,0,1,0,0,"13,51726149","52,53528918"
32409,211682,Berlin,9,2021,4,13,2,3,5,2,0,1,0,0,0,1,0,0,"13,45404352","52,48891343"
32410,211681,Berlin,4,2021,5,15,2,3,5,3,0,1,1,0,0,0,0,0,"13,26912732","52,48508185"
32411,211680,Berlin,7,2021,5,9,5,3,0,1,0,0,0,0,1,0,0,1,"13,37894017","52,44901224"
32412,211679,Berlin,6,2021,5,18,4,3,5,3,0,0,1,0,0,0,0,0,"13,34957527","52,44913401"
32413,211678,Berlin,4,2021,4,2,7,3,2,6,2,1,1,0,0,0,0,0,"13,30015538","52,50492285"
32414,211677,Berlin,2,2021,3,8,3,3,5,2,0,1,1,0,0,0,0,0,"13,42491378","52,50208727"
32415,211676,Berlin,5,2021,5,5,2,2,5,2,1,1,1,0,0,0,0,1,"13,27736274","52,5351849"
32416,211675,Berlin,4,2021,5,7,4,2,5,3,0,1,1,0,0,0,0,0,"13,30073648","52,50683807"
32417,211674,Berlin,8,2021,4,8,4,2,0,1,0,1,0,0,0,0,0,0,"13,47059148","52,43534392"
32418,211673,Berlin,7,2021,3,9,4,3,0,2,0,0,0,0,0,0,1,0,"13,36198534","52,49770631"
32419,211672,Berlin,11,2021,5,16,7,3,6,7,0,1,0,1,0,0,0,0,"13,51498728","52,5673143"
32420,211671,Berlin,6,2021,4,13,1,3,3,6,0,1,1,0,0,0,0,0,"13,31043464","52,42109875"
32421,211670,Berlin,3,2021,5,8,2,3,5,7,0,0,1,0,0,0,0,0,"13,36052676","52,58537385"
32422,211669,Berlin,3,2021,5,12,2,3,0,7,0,0,1,0,0,0,1,0,"13,41284621","52,54675716"
32423,211668,Berlin,1,2021,5,10,6,3,1,5,0,1,1,0,0,0,0,1,"13,42518009","52,51617866"
32424,211667,Berlin,7,2021,5,10,5,3,2,6,0,0,1,0,0,0,0,0,"13,34598257","52,4971813"
32425,211666,Berlin,3,2021,4,13,3,3,5,3,0,0,1,0,0,0,0,0,"13,50733601","52,63572805"
32426,211665,Berlin,8,2021,4,12,1,3,2,6,0,0,1,0,0,0,1,1,"13,44618562","52,46816492"
32427,211664,Berlin,3,2021,4,11,6,3,5,3,0,0,1,0,0,0,0,0,"13,46769477","52,55393326"
32428,211663,Berlin,6,2021,4,13,4,2,5,3,0,0,1,0,0,0,0,0,"13,2037921","52,42764706"
32429,211662,Berlin,2,2021,5,17,4,3,5,3,0,0,1,0,1,0,0,0,"13,42805701","52,50125419"
32430,211661,Berlin,1,2021,4,12,3,2,1,5,0,1,1,0,0,0,0,0,"13,40960769","52,52821006"
32431,211660,Berlin,7,2021,3,19,2,2,5,3,0,1,1,0,0,0,0,0,"13,37314729","52,48787424"
32432,211659,Berlin,9,2021,4,12,5,3,5,3,0,1,1,0,0,0,0,0,"13,5755225","52,44748242"
32433,211658,Berlin,6,2021,3,12,5,3,5,2,0,0,1,0,0,0,0,0,"13,29360595","52,44579397"
32434,211657,Berlin,1,2021,5,19,4,3,0,6,0,0,1,0,1,0,0,1,"13,35130439","52,52435548"
32435,211656,Berlin,3,2021,5,19,3,3,2,6,0,1,1,0,0,0,0,0,"13,41399048","52,55362871"
32436,211655,Berlin,4,2021,4,9,5,3,2,6,0,0,1,0,0,0,1,1,"13,27094141","52,51039534"
32437,211654,Berlin,12,2021,5,15,1,3,2,6,0,0,1,0,0,0,0,0,"13,25973317","52,57091047"
32438,211653,Berlin,8,2021,4,17,7,3,6,6,0,1,0,1,0,0,0,0,"13,43941182","52,45276072"
32439,211652,Berlin,10,2021,5,18,5,3,6,4,0,0,0,1,1,0,0,0,"13,62217121","52,53292906"
32440,211651,Berlin,7,2021,4,18,2,3,5,2,0,1,1,0,0,0,0,0,"13,38025093","52,48188827"
32441,211650,Berlin,8,2021,3,13,3,3,1,5,0,1,1,0,0,0,0,0,"13,43710469","52,47298514"
32442,211649,Berlin,1,2021,4,18,4,2,1,5,0,0,1,0,0,0,1,1,"13,36893601","52,55244926"
32443,211648,Berlin,7,2021,5,14,6,2,0,7,0,0,1,0,0,0,0,0,"13,41545502","52,45146109"
32444,211647,Berlin,12,2021,4,17,5,3,5,3,0,0,1,0,0,0,0,0,"13,36778735","52,60272708"
32445,211646,Berlin,8,2021,3,9,2,3,3,6,0,1,1,0,0,0,0,0,"13,42816257","52,49343641"
32446,211645,Berlin,4,2021,4,19,7,3,5,3,0,1,1,0,0,0,0,0,"13,32305618","52,50566947"
32447,211644,Berlin,9,2021,3,15,6,2,6,4,0,0,1,1,0,0,0,0,"13,54229453","52,39977463"
32448,211643,Berlin,9,2021,5,7,2,2,5,2,0,1,1,0,0,0,0,0,"13,53087359","52,415674"
32449,211642,Berlin,3,2021,5,12,5,3,5,7,0,0,1,0,0,0,0,0,"13,4526474","52,53920809"
32450,211641,Berlin,2,2021,5,17,4,2,5,3,0,0,1,0,0,0,0,0,"13,39946018","52,49828858"
32451,211640,Berlin,9,2021,4,14,5,2,6,4,0,0,0,1,1,0,0,0,"13,51130031","52,46423023"
32452,211639,Berlin,7,2021,4,11,6,3,5,3,0,1,1,0,0,0,0,0,"13,35221893","52,49670323"
32453,211638,Berlin,7,2021,4,19,3,3,1,5,0,0,1,0,0,0,0,0,"13,38400988","52,47157597"
32454,211637,Berlin,7,2021,3,9,4,3,2,6,0,1,1,0,0,0,0,0,"13,35411406","52,48816576"
32455,211636,Berlin,7,2021,4,21,6,2,5,2,2,1,0,0,1,0,0,0,"13,33779171","52,47372792"
32456,211635,Berlin,9,2021,5,17,1,3,1,5,0,0,1,0,0,0,0,0,"13,48962619","52,4732389"
32457,211634,Berlin,6,2021,3,17,4,3,1,5,0,1,1,0,0,0,0,0,"13,20511402","52,43406488"
32458,211633,Berlin,11,2021,4,10,2,3,1,7,0,0,1,0,0,1,0,0,"13,49204146","52,57228405"