,id,city,district,year,month,hour,weekday,injury_level,collision,movement,light_conditions,bicycle,car,pedestrian,motorbike,truck,other_vehicle,road_conditions,longitude,latitude
32459,211632,Berlin,3,2021,5,12,2,3,5,3,0,0,1,0,0,0,0,0,"13,43891222","52,56865355"
32460,211631,Berlin,1,2021,5,7,6,3,6,4,0,0,1,1,0,0,0,1,"13,33138964","52,53097769"
32461,211630,Berlin,9,2021,5,12,4,2,6,4,0,0,0,1,0,0,1,0,"13,58080779","52,46002567"
32462,211629,Berlin,1,2021,5,16,5,3,2,6,0,1,1,0,0,0,0,0,"13,34498673","52,5389204"
32463,211628,Berlin,7,2021,4,12,6,3,5,3,0,1,1,0,0,0,0,0,"13,36343594","52,47863736"
32464,211627,Berlin,1,2021,4,15,5,2,5,3,0,1,1,0,0,0,0,0,"13,35286552","52,50400097"
32465,211626,Berlin,10,2021,5,19,3,3,5,3,0,1,1,0,0,0,0,0,"13,56744779","52,57332232"
32466,211625,Berlin,3,2021,3,18,2,3,0,6,0,0,0,0,1,0,1,0,"13,46025249","52,52932499"
32467,211624,Berlin,7,2021,4,8,5,3,6,4,0,0,1,1,0,0,0,0,"13,36250968","52,49352374"
32468,211623,Berlin,12,2021,3,11,5,3,5,2,0,1,1,0,0,0,0,0,"13,35880919","52,59682572"
32469,211622,Berlin,7,2021,5,15,3,3,5,3,0,0,1,0,0,0,0,0,"13,38792759","52,42073805"
32470,211621,Berlin,5,2021,4,17,1,2,0,1,0,0,0,0,1,0,0,0,"13,22672296","52,55027372"
32471,211620,Berlin,4,2021,5,12,2,3,2,6,0,0,1,0,0,0,0,0,"13,27920821","52,50317221"
32472,211619,Berlin,4,2021,4,16,4,3,5,3,0,1,1,0,0,0,0,0,"13,29387069","52,4963628"
32473,211618,Berlin,9,2021,3,6,3,3,5,7,0,0,1,0,0,0,1,0,"13,57881812","52,41938226"
32474,211617,Berlin,3,2021,4,6,6,3,3,6,0,0,1,0,1,0,1,0,"13,45567002","52,62321573"
32475,211616,Berlin,8,2021,5,14,7,3,5,3,0,0,1,0,1,0,0,0,"13,429927","52,46992699"
32476,211615,Berlin,2,2021,5,14,7,3,5,2,0,1,1,0,0,0,0,0,"13,42249886","52,49918205"
32477,211614,Berlin,9,2021,3,18,3,3,2,6,0,0,1,0,0,0,0,0,"13,56222543","52,43710586"
32478,211613,Berlin,8,2021,4,20,2,3,0,1,2,1,0,0,0,0,0,0,"13,47316505","52,46454543"
32479,211612,Berlin,7,2021,5,20,2,2,5,2,2,1,0,0,0,0,0,0,"13,32208602","52,47348581"
32480,211611,Berlin,3,2021,5,6,5,3,5,3,0,0,1,0,0,0,0,0,"13,44477772","52,61533224"
32481,211610,Berlin,4,2021,5,8,4,3,1,5,0,1,0,0,0,1,0,0,"13,30380275","52,50317426"
32482,211609,Berlin,2,2021,4,14,6,3,5,3,0,1,1,0,0,0,0,0,"13,43065848","52,51109551"
32483,211608,Berlin,5,2021,4,13,5,3,5,2,0,1,1,0,0,0,0,1,"13,20068223","52,53872447"
32484,211607,Berlin,6,2021,4,9,6,3,6,2,0,0,1,1,0,0,0,0,"13,33264288","52,45590006"
32485,211606,Berlin,3,2021,5,20,3,2,2,6,0,0,0,0,1,0,0,0,"13,49142984","52,63759046"
32486,211605,Berlin,11,2021,4,16,4,3,5,3,0,1,1,0,0,0,0,0,"13,52455102","52,55968746"
32487,211604,Berlin,3,2021,3,7,4,3,0,3,0,1,0,0,0,0,0,0,"13,39083032","52,58377227"
32488,211603,Berlin,6,2021,5,11,3,3,5,3,0,0,1,0,0,0,0,0,"13,33131018","52,42004052"
32489,211602,Berlin,2,2021,4,19,2,3,5,3,0,1,1,0,0,0,0,0,"13,46342135","52,50817349"
32490,211601,Berlin,8,2021,5,16,2,3,0,1,0,0,0,0,1,0,0,0,"13,48985837","52,43147192"
32491,211600,Berlin,1,2021,5,23,2,3,1,5,2,0,1,0,0,0,0,0,"13,34203843","52,54502973"
32492,211599,Berlin,2,2021,5,20,6,3,2,6,0,1,1,0,0,0,0,1,"13,46024228","52,50893091"
32493,211598,Berlin,4,2021,5,16,5,3,5,2,0,1,1,0,0,0,0,0,"13,31579729","52,50611231"
32494,211597,Berlin,1,2021,4,8,2,3,0,6,0,1,1,0,0,0,0,1,"13,41753239","52,5132005"
32495,211596,Berlin,1,2021,4,17,5,3,5,2,0,0,1,0,0,0,0,0,"13,36572578","52,55683316"
32496,211595,Berlin,12,2021,5,14,4,3,3,6,0,0,1,0,1,0,0,0,"13,29704053","52,5774424"
32497,211594,Berlin,12,2021,4,13,3,3,5,2,0,0,1,0,1,0,0,0,"13,33605319","52,61847695"
32498,211593,Berlin,5,2021,3,15,1,3,5,2,0,0,1,0,0,0,0,0,"13,22720379","52,54945951"
32499,211592,Berlin,3,2021,4,7,5,2,6,4,1,0,1,1,0,0,0,0,"13,4144856","52,60891033"
32500,211591,Berlin,10,2021,3,11,5,3,2,6,0,0,1,0,0,0,0,0,"13,57285013","52,55036053"
32501,211590,Berlin,12,2021,5,9,4,3,5,3,0,0,1,0,0,0,0,0,"13,34591626","52,5743434"
32502,211589,Berlin,3,2021,5,11,3,3,0,6,0,1,1,0,0,0,0,1,"13,414899","52,53893181"
32503,211588,Berlin,5,2021,4,7,5,3,0,3,0,0,1,0,1,0,0,1,"13,13361158","52,46161224"
32504,211587,Berlin,8,2021,5,14,1,3,2,7,0,0,1,0,0,0,0,0,"13,45295499","52,44561625"
32505,211586,Berlin,2,2021,4,11,2,3,5,3,0,0,1,0,0,0,0,1,"13,39438557","52,50702055"
32506,211585,Berlin,10,2021,5,9,6,3,0,3,0,1,1,0,0,0,0,0,"13,56561682","52,52920528"
32507,211584,Berlin,8,2021,4,15,3,3,2,6,0,0,1,0,0,0,0,0,"13,46484703","52,42960278"
32508,211583,Berlin,9,2021,3,13,3,3,5,2,0,0,1,0,0,0,1,0,"13,48553559","52,46431819"
32509,211582,Berlin,5,2021,4,4,3,2,9,1,2,0,1,0,0,0,0,0,"13,21724059","52,53784931"
32510,211581,Berlin,2,2021,5,17,6,3,3,6,0,0,1,0,1,0,0,0,"13,40907684","52,48891801"
32511,211580,Berlin,11,2021,4,13,4,2,0,7,0,0,1,0,0,0,0,0,"13,52536383","52,48112819"
32512,211579,Berlin,2,2021,3,18,3,3,5,2,0,1,1,0,0,0,0,0,"13,37207762","52,48500996"
32513,211578,Berlin,6,2021,4,13,6,2,2,6,0,0,1,0,1,0,0,0,"13,29933565","52,44785187"
32514,211577,Berlin,1,2021,3,11,7,3,2,6,0,0,1,0,0,0,0,1,"13,38691049","52,55950415"
32515,211576,Berlin,1,2021,5,10,2,3,2,6,0,0,1,0,0,0,0,0,"13,40999887","52,51614799"
32516,211575,Berlin,2,2021,5,17,5,3,5,2,0,1,1,0,0,0,0,1,"13,39502834","52,4976281"
32517,211574,Berlin,12,2021,5,19,4,3,5,7,0,0,1,0,0,1,1,0,"13,29835361","52,57978996"
32518,211573,Berlin,1,2021,4,18,6,3,5,3,0,0,1,0,0,0,0,0,"13,39211035","52,50779519"
32519,211572,Berlin,6,2021,5,14,7,3,5,3,0,0,1,0,0,0,0,0,"13,28597377","52,45301643"
32520,211571,Berlin,4,2021,4,13,4,2,5,5,0,0,1,0,1,0,0,0,"13,31398584","52,50692885"
32521,211570,Berlin,7,2021,3,12,4,3,1,5,0,0,1,0,0,0,1,0,"13,40902018","52,38708693"
32522,211569,Berlin,2,2021,4,13,5,3,5,3,0,1,1,0,0,0,0,0,"13,44333771","52,51196561"
32523,211568,Berlin,3,2021,5,9,7,3,5,2,0,1,1,0,0,0,0,0,"13,41208744","52,54314154"
32524,211567,Berlin,11,2021,5,18,7,3,5,3,0,0,1,0,0,0,0,1,"13,4854491","52,52667713"
32525,211566,Berlin,4,2021,4,12,2,3,6,4,0,0,0,1,0,1,0,0,"13,26154339","52,51593923"
32526,211565,Berlin,5,2021,5,17,3,2,6,2,0,0,1,1,0,0,0,0,"13,19720578","52,52425006"
32527,211564,Berlin,1,2021,5,23,6,3,0,2,2,1,1,0,0,0,0,0,"13,3392563","52,52585483"
32528,211563,Berlin,11,2021,5,17,4,3,0,3,0,0,1,0,0,0,1,0,"13,53344612","52,49169072"
32529,211562,Berlin,1,2021,4,20,4,3,0,1,2,0,0,0,1,0,0,0,"13,38988524","52,53527464"
32530,211561,Berlin,12,2021,4,18,1,3,2,6,0,0,1,0,0,0,0,1,"13,32207709","52,5605982"
32531,211560,Berlin,1,2021,3,14,4,3,0,1,0,1,0,0,0,0,0,0,"13,39636016","52,51972246"
32532,211559,Berlin,2,2021,5,11,3,3,1,5,0,1,0,0,0,1,0,0,"13,44103945","52,49895701"
32533,211558,Berlin,5,2021,3,11,1,2,6,4,0,0,1,1,0,0,0,0,"13,15985439","52,52186019"
32534,211557,Berlin,8,2021,4,12,5,3,3,6,0,0,1,0,1,0,0,0,"13,44169584","52,46970088"
32535,211556,Berlin,3,2021,3,8,5,3,5,2,0,0,1,0,0,0,1,0,"13,47954076","52,64368729"
32536,211555,Berlin,4,2021,5,8,3,3,3,6,0,0,1,0,1,0,0,0,"13,31179254","52,49755715"
32537,211554,Berlin,12,2021,4,10,2,3,5,2,0,1,0,0,0,0,1,0,"13,29193313","52,59054982"
32538,211553,Berlin,1,2021,5,8,2,3,5,2,0,0,0,0,0,0,1,0,"13,34133073","52,50519585"
32539,211552,Berlin,4,2021,4,19,4,2,5,2,0,1,1,0,0,0,0,0,"13,2843511","52,48672128"
32540,211551,Berlin,3,2021,5,13,7,3,6,7,0,1,0,1,0,0,0,0,"13,39816443","52,56757065"
32541,211550,Berlin,3,2021,5,13,5,3,5,3,0,0,1,0,0,0,0,0,"13,41720305","52,54340241"
32542,211549,Berlin,12,2021,4,11,3,3,6,7,0,1,0,1,0,0,0,0,"13,30825408","52,61564096"
32543,211548,Berlin,4,2021,4,14,6,3,5,2,0,0,1,0,0,0,0,0,"13,27924671","52,5035184"
32544,211547,Berlin,6,2021,4,13,4,3,5,3,0,0,1,0,0,0,0,0,"13,25530839","52,44063175"
32545,211546,Berlin,4,2021,5,13,4,3,2,6,0,0,1,0,1,0,0,0,"13,28092725","52,51836505"
32546,211545,Berlin,2,2021,4,13,3,3,6,4,0,0,1,1,0,0,0,0,"13,46545637","52,51632005"
32547,211544,Berlin,1,2021,3,15,3,3,2,7,0,0,1,0,0,0,1,0,"13,35121537","52,52896551"
32548,211543,Berlin,2,2021,4,16,5,3,5,3,0,1,0,0,0,0,0,0,"13,39837056","52,48889072"
32549,211542,Berlin,12,2021,3,17,7,3,6,4,0,0,1,1,0,0,0,0,"13,35806053","52,59678691"
32550,211541,Berlin,11,2021,5,16,4,3,2,6,0,0,1,0,0,0,0,0,"13,50144479","52,48300665"
32551,211540,Berlin,3,2021,5,15,3,3,6,2,0,0,1,1,0,0,0,0,"13,44125684","52,54956383"
32552,211539,Berlin,2,2021,4,6,6,3,6,4,0,1,0,1,0,0,0,0,"13,40795446","52,48917882"
32553,211538,Berlin,6,2021,4,7,3,2,5,3,0,1,1,0,0,0,0,0,"13,28592537","52,4497301"
32554,211537,Berlin,8,2021,5,7,7,3,5,3,0,0,1,0,0,0,0,1,"13,4778069","52,41778287"
32555,211536,Berlin,1,2021,4,10,4,3,5,7,0,1,1,0,0,0,0,0,"13,34370646","52,54630824"
32556,211535,Berlin,1,2021,3,18,2,3,0,7,0,1,0,0,0,0,0,0,"13,40266161","52,52351492"
32557,211534,Berlin,12,2021,4,10,5,3,5,3,0,0,1,0,0,0,0,1,"13,34766538","52,58284782"
32558,211533,Berlin,9,2021,5,13,7,2,5,2,0,1,1,0,0,0,0,0,"13,5783087","52,45926031"
32559,211532,Berlin,7,2021,5,14,6,3,5,3,0,0,1,0,0,0,1,0,"13,38579489","52,39141872"
32560,211531,Berlin,4,2021,4,17,1,3,1,5,0,1,1,0,0,0,0,1,"13,28517291","52,48395424"
32561,211530,Berlin,1,2021,4,11,6,3,5,2,0,0,1,0,0,0,0,0,"13,35901932","52,54639136"
32562,211529,Berlin,7,2021,5,9,5,3,0,6,0,0,1,0,1,0,0,1,"13,38746426","52,48457575"
32563,211528,Berlin,11,2021,4,17,3,3,5,3,0,0,1,0,1,0,0,0,"13,50906725","52,54215922"
32564,211527,Berlin,3,2021,3,11,3,3,0,5,0,0,1,0,0,0,0,0,"13,4959227","52,64096485"
32565,211526,Berlin,7,2021,4,9,6,3,5,3,0,0,1,0,0,0,1,0,"13,37884093","52,43766205"
32566,211525,Berlin,5,2021,3,17,6,3,6,7,0,0,0,1,0,0,1,0,"13,13440275","52,55052948"
32567,211524,Berlin,1,2021,5,18,4,3,5,3,0,1,1,0,0,0,0,1,"13,41365536","52,51129546"
32568,211523,Berlin,9,2021,5,17,3,3,5,3,0,1,1,0,0,0,0,0,"13,58038795","52,41760805"
32569,211522,Berlin,4,2021,4,11,6,3,0,4,0,0,0,1,0,0,1,0,"13,29527357","52,49774661"
32570,211521,Berlin,10,2021,4,14,3,2,6,4,0,0,1,1,0,0,0,0,"13,57352891","52,55228384"
32571,211520,Berlin,12,2021,5,17,6,3,2,6,0,0,1,0,1,0,0,0,"13,28658075","52,57560101"
32572,211519,Berlin,6,2021,4,13,3,3,5,7,0,0,1,0,1,0,0,0,"13,3394278","52,46037484"
32573,211518,Berlin,5,2021,3,16,2,3,2,2,0,0,1,0,0,0,0,0,"13,18466963","52,51543212"
32574,211517,Berlin,7,2021,4,12,5,3,5,2,0,1,1,0,0,0,0,0,"13,3409307","52,49930274"
32575,211516,Berlin,11,2021,5,18,6,3,1,5,0,1,1,0,0,0,0,0,"13,50171561","52,50666748"
32576,211515,Berlin,4,2021,3,17,4,3,5,2,0,1,0,0,0,0,1,0,"13,28809637","52,50296879"
32577,211514,Berlin,1,2021,4,18,6,3,0,5,0,0,1,0,0,0,1,0,"13,37501802","52,54343172"
32578,211513,Berlin,2,2021,3,16,7,3,6,4,0,0,1,1,0,0,0,0,"13,46997306","52,51240728"
32579,211512,Berlin,7,2021,5,19,2,3,5,3,0,1,1,0,0,0,0,0,"13,37051781","52,46893873"
32580,211511,Berlin,1,2021,5,19,5,3,5,7,0,0,1,0,0,0,0,0,"13,38233268","52,52302296"
32581,211510,Berlin,7,2021,5,21,4,3,1,5,1,1,1,0,0,0,0,0,"13,40140321","52,38455211"
32582,211509,Berlin,5,2021,4,15,6,3,2,6,0,0,1,0,0,0,0,0,"13,18896737","52,52159615"
32583,211508,Berlin,11,2021,5,22,7,3,5,7,2,1,1,0,0,0,0,0,"13,49522531","52,50486612"
32584,211507,Berlin,11,2021,4,13,4,3,5,2,0,1,1,0,0,0,0,0,"13,52761195","52,49093233"
32585,211506,Berlin,3,2021,3,23,4,3,5,3,2,1,1,0,0,0,0,0,"13,41441569","52,55389239"
32586,211505,Berlin,6,2021,4,12,7,3,1,5,0,0,1,0,0,0,1,0,"13,35991552","52,4465178"
32587,211504,Berlin,7,2021,5,17,1,3,5,2,0,1,1,0,0,0,0,0,"13,37193623","52,46989494"
32588,211503,Berlin,3,2021,5,22,7,3,5,3,2,0,1,0,0,0,1,0,"13,42212774","52,53542746"
32589,211502,Berlin,8,2021,4,8,3,3,2,2,0,0,1,0,0,0,0,0,"13,50338843","52,41168321"
32590,211501,Berlin,9,2021,5,6,3,3,0,1,1,0,0,0,1,0,0,0,"13,51098923","52,47190108"
32591,211500,Berlin,1,2021,5,10,6,3,5,7,0,0,1,0,1,0,0,1,"13,3286483","52,52853893"
32592,211499,Berlin,1,2021,4,8,4,3,5,2,0,1,0,0,0,1,0,0,"13,4097959","52,52401449"
32593,211498,Berlin,5,2021,5,10,5,3,3,6,0,1,0,0,0,0,0,0,"13,12986717","52,45283908"
32594,211497,Berlin,6,2021,4,8,2,3,6,4,0,0,1,1,0,0,0,0,"13,31040751","52,43096323"
32595,211496,Berlin,2,2021,4,12,5,3,2,6,0,1,1,0,0,0,0,0,"13,4570388","52,5029349"
32596,211495,Berlin,8,2021,5,19,4,3,1,5,0,1,1,0,0,0,0,1,"13,42655463","52,47664266"
32597,211494,Berlin,1,2021,4,18,3,3,3,6,0,0,1,0,0,0,0,0,"13,41797529","52,51556726"
32598,211493,Berlin,2,2021,3,14,2,3,3,6,0,1,1,0,0,0,0,0,"13,39918668","52,50413846"
32599,211492,Berlin,8,2021,4,15,5,3,1,7,0,0,1,0,0,0,0,0,"13,44368207","52,4856523"
32600,211491,Berlin,5,2021,3,12,5,2,6,4,0,1,0,1,0,0,0,0,"13,19676825","52,53142126"
32601,211490,Berlin,1,2021,5,15,2,3,0,4,0,0,0,1,1,0,0,0,"13,37920353","52,5528853"
32602,211489,Berlin,8,2021,4,10,2,3,5,3,0,0,1,0,0,0,0,1,"13,4617461","52,43080325"
32603,211488,Berlin,7,2021,5,19,2,3,1,5,0,1,0,0,0,0,1,1,"13,36198201","52,48583918"
32604,211487,Berlin,1,2021,4,20,4,3,4,6,1,1,0,0,0,0,1,0,"13,40100053","52,53002757"
32605,211486,Berlin,2,2021,5,16,7,3,5,3,0,0,1,0,0,0,0,0,"13,43536287","52,5216576"
32606,211485,Berlin,4,2021,4,19,1,3,5,2,0,0,1,0,0,0,0,0,"13,28297035","52,51865001"
32607,211484,Berlin,4,2021,5,11,6,3,0,1,0,1,0,0,0,0,0,0,"13,28721486","52,49601456"
32608,211483,Berlin,7,2021,4,15,2,3,1,5,0,0,1,0,1,0,0,0,"13,35790024","52,49444643"
32609,211482,Berlin,6,2021,4,14,6,3,2,6,0,0,1,0,0,0,0,0,"13,27484591","52,46067377"
32610,211481,Berlin,1,2021,4,7,3,2,5,3,0,0,1,0,1,0,0,1,"13,32927356","52,53899663"
32611,211480,Berlin,7,2021,5,11,4,3,2,6,1,0,1,0,0,0,0,0,"13,35499443","52,41328717"
32612,211479,Berlin,6,2021,4,9,4,3,2,6,0,0,1,0,0,0,0,0,"13,34438887","52,43804696"
32613,211478,Berlin,10,2021,3,14,3,3,2,6,0,0,1,0,0,0,1,0,"13,5636707","52,51728837"
32614,211477,Berlin,1,2021,4,19,1,3,3,6,1,1,1,0,0,0,0,0,"13,34314045","52,52662925"
32615,211476,Berlin,9,2021,3,9,6,3,5,2,0,1,1,0,0,0,0,1,"13,50385174","52,46082287"
32616,211475,Berlin,10,2021,5,15,4,3,3,6,0,0,0,0,1,0,1,0,"13,58393548","52,51514124"
32617,211474,Berlin,4,2021,5,14,3,3,5,7,0,0,1,0,0,0,0,0,"13,27797911","52,50338944"
32618,211473,Berlin,11,2021,4,19,5,3,0,1,0,0,0,0,1,0,0,1,"13,49991838","52,53421862"
32619,211472,Berlin,12,2021,5,18,6,3,5,2,0,0,1,0,0,0,1,0,"13,33063875","52,56257787"
32620,211471,Berlin,1,2021,4,19,3,3,0,2,0,0,1,0,0,0,1,0,"13,37675775","52,50987801"
32621,211470,Berlin,6,2021,3,12,3,3,5,7,0,0,1,0,1,0,0,0,"13,32055697","52,4298626"
32622,211469,Berlin,9,2021,4,14,6,3,5,3,0,1,1,0,0,0,0,0,"13,56461894","52,4386241"
32623,211468,Berlin,1,2021,5,17,6,3,5,3,0,0,1,0,0,0,0,0,"13,38149975","52,552418"
32624,211467,Berlin,12,2021,5,7,6,2,5,3,0,1,1,0,0,0,0,0,"13,24003187","52,61875228"
32625,211466,Berlin,9,2021,3,8,4,3,1,5,0,1,1,0,0,0,0,0,"13,53011603","52,45693587"
32626,211465,Berlin,1,2021,4,16,2,3,0,7,0,1,0,0,0,0,0,0,"13,36850282","52,55234797"
32627,211464,Berlin,2,2021,5,15,2,3,1,5,0,1,1,0,0,0,0,0,"13,43976416","52,51922605"
32628,211463,Berlin,11,2021,5,14,5,3,5,3,0,1,0,0,0,0,1,0,"13,47782433","52,51017754"
32629,211462,Berlin,2,2021,5,8,4,3,2,6,0,1,1,0,0,0,0,0,"13,45489562","52,50785963"
32630,211461,Berlin,1,2021,4,8,6,3,0,7,0,0,1,0,0,0,0,0,"13,38529405","52,55033794"
32631,211460,Berlin,11,2021,4,5,6,3,6,7,2,0,1,1,0,0,0,0,"13,5016837","52,51300965"
32632,211459,Berlin,4,2021,4,8,4,3,2,7,0,0,1,0,1,0,0,0,"13,29515612","52,47565809"
32633,211458,Berlin,2,2021,3,17,4,3,5,2,0,1,1,0,0,0,0,0,"13,43209359","52,50941811"
32634,211457,Berlin,3,2021,5,14,7,2,5,3,0,1,0,0,0,0,0,0,"13,43787274","52,52988216"
32635,211456,Berlin,1,2021,4,5,1,2,6,2,2,0,0,1,0,0,1,1,"13,38473287","52,52922287"
32636,211455,Berlin,2,2021,5,6,1,3,9,1,0,0,1,0,0,0,0,0,"13,41861251","52,49922716"
32637,211454,Berlin,11,2021,5,18,7,2,6,4,0,0,1,1,0,0,0,1,"13,4971204","52,53919271"
32638,211453,Berlin,10,2021,5,7,3,2,2,6,0,0,1,0,0,0,0,0,"13,60969484","52,53276834"
32639,211452,Berlin,12,2021,5,15,7,3,0,7,0,1,0,1,0,0,0,0,"13,32596918","52,5874409"
32640,211451,Berlin,4,2021,4,18,6,2,3,2,0,1,0,0,0,0,0,0,"13,31888895","52,51925737"
32641,211450,Berlin,6,2021,4,7,3,3,5,3,0,1,1,0,0,0,0,0,"13,303497","52,43229965"
32642,211449,Berlin,8,2021,5,20,5,2,0,1,2,1,0,0,0,0,0,1,"13,49591083","52,43226405"
32643,211448,Berlin,7,2021,5,6,6,3,5,2,0,0,1,0,1,0,0,0,"13,37534039","52,45538398"
32644,211447,Berlin,9,2021,3,17,3,3,0,6,0,1,1,0,0,0,0,0,"13,45448623","52,49405501"
32645,211446,Berlin,8,2021,4,21,7,3,6,4,2,0,1,1,0,0,0,0,"13,4644828","52,4700889"
32646,211445,Berlin,1,2021,3,11,1,3,9,1,0,0,0,0,1,0,0,0,"13,34140261","52,50549498"
32647,211444,Berlin,2,2021,5,11,2,3,6,2,0,0,1,1,0,0,0,0,"13,45203319","52,52776273"
32648,211443,Berlin,3,2021,5,15,6,3,5,2,0,1,0,0,0,0,1,1,"13,44432109","52,57366447"
32649,211442,Berlin,1,2021,5,21,4,3,1,5,2,1,1,0,0,0,0,0,"13,4054194","52,53432479"
32650,211441,Berlin,12,2021,4,16,5,3,6,7,0,0,0,1,0,0,1,0,"13,3029514","52,64523651"
32651,211440,Berlin,6,2021,5,15,1,3,5,2,0,1,1,0,0,0,0,1,"13,30378325","52,45872763"
32652,211439,Berlin,8,2021,4,11,3,3,5,3,0,0,1,0,0,0,0,0,"13,43592505","52,4172202"
32653,211438,Berlin,4,2021,4,11,5,2,5,2,0,0,1,0,1,0,0,0,"13,31440019","52,50954706"
32654,211437,Berlin,8,2021,3,15,4,3,0,3,0,1,1,0,0,0,0,0,"13,44101657","52,47926868"
32655,211436,Berlin,1,2021,4,19,1,3,5,2,1,1,1,0,0,0,0,0,"13,38373363","52,55500228"
32656,211435,Berlin,10,2021,5,15,2,2,0,1,0,1,0,0,0,0,0,0,"13,59914122","52,52831314"
32657,211434,Berlin,12,2021,5,13,7,2,0,1,0,0,0,0,0,0,1,0,"13,33016413","52,56401803"
32658,211433,Berlin,5,2021,4,18,2,3,6,2,0,0,1,1,0,0,0,0,"13,16516935","52,53331486"
32659,211432,Berlin,12,2021,5,12,2,3,5,2,0,0,1,0,1,0,0,0,"13,31241468","52,57694811"
32660,211431,Berlin,2,2021,5,14,7,3,5,3,0,1,1,0,0,0,0,0,"13,41728093","52,49900702"
32661,211430,Berlin,2,2021,4,13,4,3,5,3,0,1,1,0,0,0,0,0,"13,40788524","52,50431568"
32662,211429,Berlin,3,2021,5,10,5,3,6,3,0,0,1,1,0,0,0,0,"13,42784899","52,56792799"
32663,211428,Berlin,2,2021,4,10,2,3,0,7,0,1,0,0,0,0,0,0,"13,43375869","52,49677259"
32664,211427,Berlin,9,2021,3,14,4,3,1,5,0,1,1,0,0,0,0,0,"13,66257957","52,41157561"
32665,211426,Berlin,7,2021,4,15,4,3,0,7,0,1,1,0,0,0,0,0,"13,39157424","52,45752799"
32666,211425,Berlin,7,2021,5,11,4,3,6,6,0,1,0,1,0,0,0,0,"13,39574086","52,38667295"
32667,211424,Berlin,8,2021,4,15,3,3,6,4,0,0,1,1,0,0,0,0,"13,46733525","52,42983128"
32668,211423,Berlin,5,2021,3,17,2,3,6,2,0,0,1,1,0,0,0,0,"13,19749065","52,5242933"
32669,211422,Berlin,5,2021,4,8,6,2,5,2,0,1,1,0,0,0,0,0,"13,19155943","52,54613821"
32670,211421,Berlin,2,2021,3,17,6,3,2,6,1,0,1,0,0,0,0,0,"13,43764162","52,50015016"
32671,211420,Berlin,12,2021,5,8,2,3,5,3,0,0,1,0,0,1,0,0,"13,32856608","52,56242388"
32672,211419,Berlin,5,2021,5,17,2,3,0,6,0,0,1,0,0,0,1,0,"13,1551364","52,53305464"
32673,211418,Berlin,2,2021,4,15,4,3,5,2,0,1,1,0,0,0,0,0,"13,40149779","52,50619698"
32674,211417,Berlin,4,2021,5,0,7,3,0,7,2,0,1,0,0,0,1,0,"13,32756937","52,50380491"
32675,211416,Berlin,11,2021,4,3,2,3,5,3,2,0,1,0,0,0,0,0,"13,49786613","52,4995672"
32676,211415,Berlin,9,2021,5,13,6,2,5,2,0,0,1,0,0,0,0,0,"13,51954899","52,42830437"
32677,211414,Berlin,5,2021,4,12,3,2,0,6,0,0,1,0,0,0,1,0,"13,19828072","52,53301711"
32678,211413,Berlin,1,2021,4,12,7,3,1,5,0,1,1,0,0,0,0,0,"13,37944051","52,55112444"
32679,211412,Berlin,1,2021,4,16,3,3,2,2,0,0,1,0,1,0,0,0,"13,41557938","52,52724447"
32680,211411,Berlin,8,2021,5,18,5,3,0,2,0,1,1,0,0,0,0,1,"13,4528546","52,47531226"
32681,211410,Berlin,12,2021,4,9,5,3,2,6,0,0,1,0,0,0,0,0,"13,32543546","52,58970283"
32682,211409,Berlin,11,2021,3,8,2,3,5,2,0,1,1,0,0,0,0,0,"13,47996186","52,52662642"
32683,211408,Berlin,5,2021,4,14,1,2,5,2,0,0,1,0,0,0,0,0,"13,19847814","52,54284567"
32684,211407,Berlin,9,2021,3,22,6,3,3,6,2,0,1,0,0,0,0,0,"13,48464785","52,44810111"
32685,211406,Berlin,8,2021,5,16,3,3,2,6,0,0,1,0,0,0,0,0,"13,43510855","52,42856708"
32686,211405,Berlin,3,2021,5,13,3,3,0,2,0,1,1,0,0,0,0,0,"13,36748421","52,58636334"
32687,211404,Berlin,7,2021,4,14,5,3,5,2,0,1,1,0,0,0,0,0,"13,4009311","52,41453729"
32688,211403,Berlin,9,2021,5,8,6,3,5,3,0,0,1,0,0,0,0,0,"13,58542532","52,42707376"
32689,211402,Berlin,1,2021,4,14,4,3,5,2,0,1,1,0,0,0,0,0,"13,37923161","52,52945131"
32690,211401,Berlin,1,2021,3,11,3,3,2,6,0,0,1,0,0,0,0,0,"13,39708151","52,53247678"
32691,211400,Berlin,2,2021,4,12,6,3,1,5,0,1,1,0,0,0,0,0,"13,42982139","52,50666909"
32692,211399,Berlin,4,2021,5,15,2,3,5,7,0,1,0,0,0,0,1,0,"13,29160128","52,50667107"
32693,211398,Berlin,2,2021,3,16,3,2,1,5,0,1,0,0,0,0,1,0,"13,40850181","52,50081295"
32694,211397,Berlin,2,2021,4,11,2,3,0,1,0,1,0,0,0,0,0,0,"13,45466192","52,51582398"