,id,city,district,year,month,hour,weekday,injury_level,collision,movement,light_conditions,bicycle,car,pedestrian,motorbike,truck,other_vehicle,road_conditions,longitude,latitude
32695,211396,Berlin,4,2021,5,8,2,2,1,7,0,0,1,0,0,0,0,0,"13,32860063","52,49521025"
32696,211395,Berlin,10,2021,5,6,5,2,5,2,0,1,1,0,0,0,0,0,"13,57359192","52,54655353"
32697,211394,Berlin,1,2021,5,21,4,3,5,3,2,0,1,0,0,0,1,0,"13,32445414","52,53221916"
32698,211393,Berlin,7,2021,4,18,4,3,1,5,0,1,1,0,0,0,0,0,"13,39321366","52,45996768"
32699,211392,Berlin,12,2021,4,17,6,3,3,6,0,0,1,0,1,0,0,0,"13,34703374","52,59142494"
32700,211391,Berlin,5,2021,4,15,5,3,1,7,0,1,1,0,0,0,0,0,"13,20780469","52,53995287"
32701,211390,Berlin,10,2021,5,14,2,3,5,3,0,1,1,0,0,0,0,0,"13,5720494","52,51328414"
32702,211389,Berlin,7,2021,5,19,4,3,0,7,0,0,0,0,1,0,0,1,"13,3814614","52,46139182"
32703,211388,Berlin,9,2021,4,6,4,2,6,4,0,0,0,1,0,0,1,0,"13,59398115","52,45318451"
32704,211387,Berlin,4,2021,3,1,4,2,6,4,2,0,0,1,0,0,1,0,"13,3281828","52,47894018"
32705,211386,Berlin,12,2021,5,11,2,3,2,6,0,0,1,0,0,0,0,0,"13,32957774","52,58731686"
32706,211385,Berlin,3,2021,4,19,2,3,5,2,0,0,1,0,0,0,0,0,"13,42764315","52,56794047"
32707,211384,Berlin,5,2021,5,9,2,3,5,2,0,0,1,0,0,0,1,0,"13,18347719","52,54152612"
32708,211383,Berlin,2,2021,5,19,2,3,2,6,0,0,1,0,0,0,0,0,"13,39490303","52,49762595"
32709,211382,Berlin,10,2021,5,11,6,3,2,1,0,0,1,0,0,0,0,1,"13,6005641","52,5355837"
32710,211381,Berlin,12,2021,4,9,3,3,2,7,0,0,1,0,0,0,0,0,"13,32378726","52,58737161"
32711,211380,Berlin,1,2021,5,14,5,3,1,5,0,1,1,0,0,0,0,0,"13,3565772","52,52277529"
32712,211379,Berlin,1,2021,4,7,2,3,3,6,0,1,0,0,0,0,1,0,"13,38537585","52,53119582"
32713,211378,Berlin,5,2021,4,13,6,2,5,2,0,1,1,0,0,0,0,0,"13,13324983","52,52632606"
32714,211377,Berlin,6,2021,5,20,5,3,2,2,0,0,1,0,0,0,0,1,"13,25628249","52,42886546"
32715,211376,Berlin,5,2021,4,12,4,3,1,5,0,1,1,0,0,0,0,0,"13,27187844","52,53710028"
32716,211375,Berlin,12,2021,3,15,2,3,2,2,0,0,1,0,1,0,0,0,"13,33060714","52,56255929"
32717,211374,Berlin,10,2021,4,17,5,3,5,2,0,0,1,0,0,0,0,0,"13,60958067","52,53303437"
32718,211373,Berlin,2,2021,3,9,5,3,5,2,0,1,1,0,0,0,0,0,"13,41334459","52,49191691"
32719,211372,Berlin,12,2021,5,13,4,3,6,4,0,0,1,1,0,0,0,0,"13,34756307","52,59636546"
32720,211371,Berlin,5,2021,5,14,2,3,5,2,0,0,1,0,0,0,1,0,"13,22331723","52,53727292"
32721,211370,Berlin,10,2021,4,16,4,3,2,6,0,0,1,0,0,0,0,0,"13,55050962","52,54309052"
32722,211369,Berlin,7,2021,5,10,7,3,1,5,0,1,1,0,0,0,0,0,"13,33039819","52,47428573"
32723,211368,Berlin,6,2021,4,19,1,3,2,6,1,1,0,0,1,0,0,0,"13,1647402","52,43212258"
32724,211367,Berlin,6,2021,5,19,5,3,1,5,0,0,1,0,0,0,0,0,"13,33932896","52,4509701"
32725,211366,Berlin,3,2021,4,12,2,3,2,7,0,0,1,0,0,0,0,0,"13,48358547","52,61891249"
32726,211365,Berlin,10,2021,3,22,3,2,3,7,2,0,1,0,0,0,1,0,"13,52684063","52,53701452"
32727,211364,Berlin,7,2021,4,15,4,3,5,2,0,1,1,0,0,0,0,0,"13,34574377","52,50069043"
32728,211363,Berlin,7,2021,5,12,6,3,5,3,0,1,1,0,0,0,0,1,"13,33618464","52,46743143"
32729,211362,Berlin,3,2021,5,13,5,3,0,5,0,0,1,0,1,0,0,0,"13,46158076","52,57016807"
32730,211361,Berlin,11,2021,4,1,1,3,3,6,2,1,1,0,0,0,0,1,"13,48246787","52,53349468"
32731,211360,Berlin,2,2021,3,14,4,3,5,3,0,0,0,0,1,0,1,0,"13,45272356","52,51242901"
32732,211359,Berlin,6,2021,4,15,4,3,5,3,0,0,1,0,1,0,0,0,"13,30740005","52,41985087"
32733,211358,Berlin,4,2021,5,17,4,3,0,1,0,0,0,0,1,0,0,0,"13,30281001","52,50595423"
32734,211357,Berlin,1,2021,4,19,3,3,1,5,0,0,1,0,0,0,0,0,"13,4004836","52,51883251"
32735,211356,Berlin,7,2021,3,17,1,3,5,3,0,0,1,0,0,0,0,0,"13,40787068","52,45245744"
32736,211355,Berlin,12,2021,4,22,5,3,1,5,2,0,1,0,0,1,0,0,"13,34680427","52,5932314"
32737,211354,Berlin,1,2021,3,16,5,3,2,6,0,0,1,0,0,0,0,0,"13,37601889","52,55468306"
32738,211353,Berlin,8,2021,5,18,2,3,6,4,0,0,1,1,0,0,0,1,"13,49736641","52,41619378"
32739,211352,Berlin,4,2021,5,11,2,3,3,6,0,0,1,0,1,0,0,0,"13,31024661","52,51634596"
32740,211351,Berlin,7,2021,4,17,4,3,5,3,0,1,0,0,0,0,0,0,"13,41622764","52,45941279"
32741,211350,Berlin,1,2021,5,20,1,3,5,2,0,1,1,0,0,0,0,0,"13,37632216","52,54301614"
32742,211349,Berlin,4,2021,5,11,5,3,3,2,0,0,1,0,0,0,0,0,"13,29327312","52,53415139"
32743,211348,Berlin,5,2021,4,11,3,3,2,6,0,0,1,0,0,0,0,0,"13,23981169","52,52629933"
32744,211347,Berlin,4,2021,4,7,5,3,5,2,0,1,1,0,0,0,0,0,"13,28719257","52,49583258"
32745,211346,Berlin,9,2021,4,16,4,3,5,7,0,1,1,0,0,0,0,0,"13,52386653","52,45963926"
32746,211345,Berlin,9,2021,5,13,6,2,1,5,0,1,1,0,0,0,0,0,"13,58992731","52,44622414"
32747,211344,Berlin,4,2021,4,12,5,3,5,3,0,1,1,0,0,0,0,0,"13,2842205","52,48529266"
32748,211343,Berlin,11,2021,3,12,3,3,0,7,0,0,1,0,0,0,0,0,"13,47758261","52,5199544"
32749,211342,Berlin,3,2021,4,15,6,3,5,2,0,1,1,0,0,0,0,0,"13,42698987","52,55221287"
32750,211341,Berlin,7,2021,3,13,6,3,1,5,0,1,0,0,0,0,1,0,"13,37078546","52,49101727"
32751,211340,Berlin,2,2021,5,19,3,3,5,2,0,0,1,0,0,0,0,1,"13,3946506","52,50526811"
32752,211339,Berlin,3,2021,5,7,3,3,2,7,0,1,1,0,0,0,0,1,"13,43467597","52,53185803"
32753,211338,Berlin,1,2021,4,8,5,3,3,6,0,0,1,0,0,0,0,0,"13,32836159","52,53413014"
32754,211337,Berlin,8,2021,4,20,6,3,0,6,1,0,1,0,0,0,1,0,"13,4556866","52,4739477"
32755,211336,Berlin,3,2021,4,16,3,3,2,6,0,0,1,0,0,0,0,0,"13,40858413","52,55340149"
32756,211335,Berlin,8,2021,3,14,3,3,1,5,0,1,1,0,0,0,0,0,"13,44706529","52,42825093"
32757,211334,Berlin,5,2021,4,12,6,3,0,2,0,0,1,0,0,0,1,0,"13,20078929","52,53850211"
32758,211333,Berlin,5,2021,5,21,7,3,5,2,1,1,1,0,0,0,0,0,"13,19555983","52,52922967"
32759,211332,Berlin,7,2021,3,18,3,2,5,3,0,1,0,0,1,0,0,0,"13,34613789","52,49886831"
32760,211331,Berlin,6,2021,4,15,2,3,2,6,0,0,1,0,0,0,0,0,"13,24192557","52,4418339"
32761,211330,Berlin,2,2021,5,23,1,3,1,5,2,1,1,0,0,0,0,0,"13,42954047","52,52190878"
32762,211329,Berlin,1,2021,5,10,5,3,5,2,0,1,1,0,0,0,0,0,"13,33707297","52,51991881"
32763,211328,Berlin,2,2021,5,19,4,2,6,4,0,0,1,1,0,0,0,1,"13,43486597","52,50836553"
32764,211327,Berlin,2,2021,5,14,5,3,5,2,0,1,1,0,0,0,0,0,"13,38377269","52,4943576"
32765,211326,Berlin,8,2021,4,18,4,3,5,2,0,1,1,0,0,0,0,0,"13,44005158","52,48959502"
32766,211325,Berlin,4,2021,4,11,6,3,1,5,0,1,0,0,0,0,1,0,"13,30297737","52,509848"
32767,211324,Berlin,11,2021,4,15,5,2,5,3,0,1,1,0,0,0,0,0,"13,4808901","52,51509726"
32768,211323,Berlin,8,2021,5,22,3,3,2,2,2,1,1,0,0,0,0,0,"13,45396713","52,47966519"
32769,211322,Berlin,11,2021,3,14,2,3,5,3,0,0,1,0,0,0,0,0,"13,49895172","52,5075401"
32770,211321,Berlin,1,2021,4,13,5,3,5,2,0,0,1,0,0,0,1,0,"13,35470698","52,55191692"
32771,211320,Berlin,12,2021,3,16,5,3,5,2,0,1,0,0,0,0,1,0,"13,36467355","52,5627209"
32772,211319,Berlin,4,2021,5,17,2,3,0,3,0,1,1,0,0,0,0,0,"13,32623315","52,48637939"
32773,211318,Berlin,1,2021,4,13,2,2,5,2,0,1,1,0,0,0,0,0,"13,38010142","52,53279687"
32774,211317,Berlin,1,2021,5,17,2,3,1,5,0,1,1,0,0,0,0,0,"13,36397147","52,54377688"
32775,211316,Berlin,2,2021,4,13,5,3,3,6,0,0,1,0,0,1,0,0,"13,43156458","52,52332734"
32776,211315,Berlin,11,2021,5,10,1,3,2,6,0,0,1,0,1,0,0,0,"13,51938762","52,50717607"
32777,211314,Berlin,9,2021,5,12,6,3,6,7,0,0,1,1,0,0,0,0,"13,57828493","52,4571112"
32778,211313,Berlin,3,2021,4,15,2,3,4,6,0,1,1,0,0,0,0,0,"13,4709214","52,57271916"
32779,211312,Berlin,2,2021,4,12,5,3,0,3,0,1,1,0,0,0,0,0,"13,38293378","52,49152841"
32780,211311,Berlin,2,2021,5,19,4,3,5,2,0,1,1,0,0,0,0,1,"13,46478187","52,49762176"
32781,211310,Berlin,4,2021,4,19,3,3,5,3,0,0,1,0,1,0,0,0,"13,21842747","52,50888653"
32782,211309,Berlin,4,2021,3,12,3,2,5,3,0,1,1,0,0,0,0,0,"13,2673214","52,52026401"
32783,211308,Berlin,2,2021,4,21,5,2,8,1,2,0,1,0,0,0,0,0,"13,37674148","52,49154739"
32784,211307,Berlin,3,2021,3,12,6,3,5,2,0,1,1,0,0,0,0,1,"13,44713941","52,56483885"
32785,211306,Berlin,1,2021,5,12,4,3,5,2,0,1,1,0,0,0,0,0,"13,35324426","52,54770064"
32786,211305,Berlin,4,2021,5,16,4,3,5,2,0,1,0,0,0,0,1,0,"13,28226619","52,5337734"
32787,211304,Berlin,2,2021,4,18,5,3,5,3,0,0,1,0,0,0,1,0,"13,39963952","52,49844923"
32788,211303,Berlin,1,2021,4,14,3,3,6,4,0,0,1,1,0,0,0,1,"13,3738368","52,54746785"
32789,211302,Berlin,1,2021,5,22,6,3,0,1,2,1,0,0,0,0,0,0,"13,38143003","52,51522658"
32790,211301,Berlin,9,2021,4,13,2,3,5,3,0,0,1,0,0,0,0,0,"13,53119254","52,405138"
32791,211300,Berlin,9,2021,3,9,3,3,2,6,0,0,1,0,0,0,0,0,"13,50857091","52,46372137"
32792,211299,Berlin,6,2021,4,12,3,3,5,3,0,0,1,0,0,0,0,0,"13,26531915","52,44194169"
32793,211298,Berlin,11,2021,5,18,6,2,6,4,0,0,0,1,0,0,1,0,"13,50536805","52,54880586"
32794,211297,Berlin,9,2021,4,9,4,2,0,7,0,1,0,0,0,0,0,0,"13,66646354","52,44859279"
32795,211296,Berlin,6,2021,3,5,4,2,0,7,2,1,0,0,0,0,0,0,"13,22965388","52,43249214"
32796,211295,Berlin,3,2021,4,17,6,3,5,3,0,0,1,0,0,0,1,0,"13,43248936","52,54825636"
32797,211294,Berlin,12,2021,3,14,7,3,6,4,0,0,1,1,0,0,0,1,"13,36026806","52,59868751"
32798,211293,Berlin,2,2021,5,14,2,2,3,6,0,0,1,0,1,0,0,0,"13,40904282","52,4928674"
32799,211292,Berlin,6,2021,5,18,5,3,5,3,0,1,0,0,0,0,0,0,"13,24243892","52,42336712"
32800,211291,Berlin,5,2021,5,11,4,3,5,3,0,1,0,0,0,0,1,0,"13,16530353","52,55101227"
32801,211290,Berlin,1,2021,4,11,7,3,3,6,0,0,1,0,1,0,0,0,"13,35771818","52,53610527"
32802,211289,Berlin,4,2021,5,15,1,3,5,3,0,1,1,0,0,0,0,1,"13,30727971","52,49901967"
32803,211288,Berlin,12,2021,4,6,3,3,5,7,0,1,1,0,0,0,0,0,"13,33314091","52,57891676"
32804,211287,Berlin,7,2021,3,13,4,3,6,4,0,0,1,1,0,0,0,0,"13,42062797","52,39319419"
32805,211286,Berlin,7,2021,4,18,7,3,5,3,0,0,1,0,0,0,1,0,"13,40220239","52,4397065"
32806,211285,Berlin,12,2021,5,17,7,2,1,5,0,0,1,0,0,0,0,1,"13,34288055","52,56658811"
32807,211284,Berlin,2,2021,5,23,7,3,1,5,2,1,1,0,0,0,0,0,"13,42592552","52,50357432"
32808,211283,Berlin,4,2021,4,17,2,3,5,3,0,1,1,0,0,0,0,0,"13,31108889","52,50658725"
32809,211282,Berlin,2,2021,5,15,3,3,2,6,0,0,1,0,1,0,0,0,"13,45482996","52,51565524"
32810,211281,Berlin,7,2021,5,15,7,2,1,5,0,1,1,0,0,0,0,0,"13,36068412","52,49598463"
32811,211280,Berlin,1,2021,5,8,5,3,1,5,0,1,1,0,0,0,0,1,"13,4061122","52,53177459"
32812,211279,Berlin,3,2021,4,7,2,3,6,4,0,0,1,1,0,0,0,1,"13,43276911","52,59629999"
32813,211278,Berlin,3,2021,3,14,4,2,0,1,0,1,0,0,0,0,0,0,"13,42518638","52,58074704"
32814,211277,Berlin,6,2021,4,13,4,3,2,6,0,0,1,0,0,0,1,0,"13,35828441","52,44577698"
32815,211276,Berlin,9,2021,3,10,2,3,0,3,0,1,1,0,0,0,0,0,"13,62630686","52,46037407"
32816,211275,Berlin,12,2021,4,15,7,3,1,7,0,0,1,0,1,0,0,0,"13,32008103","52,57269396"
32817,211274,Berlin,11,2021,3,14,6,3,0,4,0,1,0,1,0,0,0,0,"13,49204619","52,50318267"
32818,211273,Berlin,4,2021,5,9,2,2,5,2,0,0,1,0,1,0,0,0,"13,32034406","52,47879678"
32819,211272,Berlin,11,2021,5,15,5,2,6,4,0,0,1,1,1,0,0,0,"13,47152214","52,5355251"
32820,211271,Berlin,1,2021,5,9,4,3,5,2,0,1,1,0,0,0,0,0,"13,39883461","52,53259954"
32821,211270,Berlin,7,2021,4,9,5,2,5,3,0,1,1,0,0,0,0,0,"13,34066855","52,49933888"
32822,211269,Berlin,6,2021,4,17,5,3,5,7,0,0,1,0,0,0,0,0,"13,19145672","52,43374519"
32823,211268,Berlin,9,2021,4,0,3,3,3,6,2,0,1,0,0,1,0,0,"13,56231013","52,42132684"
32824,211267,Berlin,4,2021,3,15,4,2,0,3,0,0,1,0,1,0,0,0,"13,24966979","52,51557478"
32825,211266,Berlin,1,2021,4,19,6,3,1,5,0,1,1,0,0,0,0,0,"13,35752033","52,54531863"
32826,211265,Berlin,3,2021,5,15,7,3,2,6,0,1,1,0,0,0,0,0,"13,3995139","52,54644554"
32827,211264,Berlin,2,2021,3,17,3,3,3,6,0,0,0,0,0,0,1,0,"13,39373059","52,49812807"
32828,211263,Berlin,7,2021,4,13,2,3,1,5,0,1,0,0,0,0,1,0,"13,32627059","52,47739714"
32829,211262,Berlin,1,2021,5,6,3,3,1,5,0,0,1,0,1,0,0,0,"13,36101348","52,54457461"
32830,211261,Berlin,10,2021,5,19,6,3,5,3,0,0,1,0,0,0,0,1,"13,57401618","52,54408682"
32831,211260,Berlin,4,2021,5,19,4,3,8,1,0,0,1,0,0,0,0,1,"13,24574635","52,51556118"
32832,211259,Berlin,1,2021,5,12,5,3,5,7,0,1,1,0,0,0,0,0,"13,34919714","52,55204519"
32833,211258,Berlin,8,2021,4,21,6,3,3,6,2,0,1,0,0,0,0,0,"13,43363053","52,45210495"
32834,211257,Berlin,5,2021,3,10,4,3,5,3,0,0,1,0,0,0,0,0,"13,19671763","52,52735835"
32835,211256,Berlin,8,2021,4,21,3,3,2,6,2,0,1,0,0,0,0,0,"13,47252723","52,46517389"
32836,211255,Berlin,6,2021,4,15,3,3,2,6,0,1,1,0,0,0,0,0,"13,32762999","52,42265446"
32837,211254,Berlin,5,2021,5,9,3,3,6,7,0,1,0,1,0,0,0,0,"13,19339643","52,52397852"
32838,211253,Berlin,12,2021,3,18,2,3,3,6,0,1,0,0,0,0,0,0,"13,23904233","52,61945134"
32839,211252,Berlin,4,2021,4,17,4,2,5,2,0,0,1,0,0,0,0,0,"13,33771412","52,50516802"
32840,211251,Berlin,3,2021,3,17,5,3,5,3,0,0,1,0,0,0,0,0,"13,47014089","52,60809303"
32841,211250,Berlin,1,2021,5,8,3,3,5,3,0,1,1,0,0,0,0,0,"13,39417829","52,50881487"
32842,211249,Berlin,12,2021,4,16,7,3,2,2,0,0,1,0,0,0,0,0,"13,3174328","52,5799824"
32843,211248,Berlin,8,2021,5,16,2,3,5,3,0,0,1,0,0,0,0,0,"13,50804272","52,40372272"
32844,211247,Berlin,3,2021,4,10,4,3,5,3,0,0,1,0,0,0,0,0,"13,38950147","52,58610485"
32845,211246,Berlin,8,2021,5,9,7,3,2,6,0,0,1,0,0,0,1,0,"13,41133082","52,48156234"
32846,211245,Berlin,1,2021,5,18,6,3,5,2,0,1,0,0,0,0,0,1,"13,39759399","52,52875341"
32847,211244,Berlin,7,2021,4,15,3,3,3,6,0,0,1,0,0,0,0,0,"13,3705761","52,49272746"
32848,211243,Berlin,2,2021,4,12,6,2,5,2,0,1,0,0,0,0,1,0,"13,37674876","52,49144188"
32849,211242,Berlin,12,2021,5,15,4,3,5,3,0,0,1,0,0,0,0,0,"13,31642575","52,60601273"
32850,211241,Berlin,5,2021,4,11,3,3,2,6,0,0,1,0,0,0,0,0,"13,20275445","52,54009666"
32851,211240,Berlin,11,2021,3,13,3,3,5,3,0,1,1,0,0,0,0,0,"13,48960553","52,5120984"
32852,211239,Berlin,9,2021,4,12,6,3,1,5,0,1,1,0,0,0,0,0,"13,56923633","52,44334269"
32853,211238,Berlin,10,2021,3,14,6,3,5,3,0,0,1,0,0,0,0,0,"13,59186941","52,50739389"
32854,211237,Berlin,1,2021,5,7,3,3,0,2,0,1,1,0,0,0,0,0,"13,37705541","52,50859615"
32855,211236,Berlin,11,2021,5,15,3,3,6,2,0,0,1,1,0,0,0,0,"13,52808471","52,56776796"
32856,211235,Berlin,4,2021,4,15,6,3,0,2,0,1,0,0,0,0,1,0,"13,29722772","52,51172437"
32857,211234,Berlin,4,2021,4,14,3,3,2,6,0,0,1,0,0,0,0,0,"13,30580243","52,50678623"
32858,211233,Berlin,3,2021,5,10,6,2,6,2,0,0,1,1,0,0,0,0,"13,45275547","52,54857438"
32859,211232,Berlin,1,2021,4,8,3,3,5,3,0,1,0,0,0,0,1,0,"13,41733264","52,51243275"
32860,211231,Berlin,8,2021,3,9,3,3,5,2,0,0,1,0,0,0,0,0,"13,43473675","52,4620482"
32861,211230,Berlin,4,2021,4,16,4,3,3,6,0,0,1,0,0,0,0,1,"13,29314291","52,53454382"
32862,211229,Berlin,4,2021,5,22,6,3,2,2,2,0,1,0,0,0,0,0,"13,32193078","52,50206878"
32863,211228,Berlin,2,2021,3,18,4,3,5,2,0,1,1,0,0,0,0,0,"13,37928529","52,49220898"
32864,211227,Berlin,8,2021,4,18,7,3,5,2,0,1,1,0,0,0,0,0,"13,42453285","52,48646203"
32865,211226,Berlin,9,2021,3,11,7,2,5,3,0,1,0,0,0,0,1,0,"13,50435965","52,46869743"
32866,211225,Berlin,9,2021,5,16,2,3,5,7,0,0,1,0,0,0,0,0,"13,46610371","52,4804349"
32867,211224,Berlin,4,2021,5,15,6,3,2,6,0,0,1,0,0,0,0,1,"13,29710068","52,52675888"
32868,211223,Berlin,5,2021,5,14,4,3,5,2,0,0,1,0,1,0,0,0,"13,13018323","52,53622559"
32869,211222,Berlin,1,2021,4,12,6,3,5,7,0,0,1,0,0,0,0,0,"13,35669253","52,53563249"
32870,211221,Berlin,9,2021,5,9,1,3,0,7,0,0,1,0,0,0,0,1,"13,63653647","52,47512795"
32871,211220,Berlin,6,2021,4,19,4,2,0,1,1,0,0,0,1,0,0,0,"13,29849983","52,43246677"
32872,211219,Berlin,1,2021,3,16,4,2,5,3,0,1,1,0,0,0,0,0,"13,3500792","52,52092312"
32873,211218,Berlin,11,2021,4,5,2,3,5,3,2,1,0,0,0,0,1,1,"13,5402375","52,56525565"
32874,211217,Berlin,2,2021,5,13,1,3,5,2,0,1,1,0,0,0,0,1,"13,39702863","52,50533589"
32875,211216,Berlin,2,2021,5,10,7,3,0,3,0,1,0,0,1,0,0,0,"13,42155325","52,50448379"
32876,211215,Berlin,10,2021,4,6,2,3,5,3,0,0,1,0,0,0,0,0,"13,54876651","52,55784088"
32877,211214,Berlin,6,2021,5,9,3,3,2,7,0,0,1,0,0,0,0,0,"13,32388946","52,4454117"
32878,211213,Berlin,4,2021,5,17,7,3,5,2,0,1,1,0,0,0,0,0,"13,31118228","52,50650674"
32879,211212,Berlin,8,2021,5,17,5,3,6,4,0,0,1,1,0,0,0,0,"13,43317192","52,47703663"
32880,211211,Berlin,2,2021,4,16,1,3,6,4,0,0,0,1,0,0,1,1,"13,44880044","52,5242643"
32881,211210,Berlin,12,2021,4,13,5,3,2,2,0,0,1,0,0,0,0,0,"13,34843647","52,59627573"
32882,211209,Berlin,12,2021,5,22,4,3,0,1,2,0,0,0,1,0,0,1,"13,31656072","52,58696212"
32883,211208,Berlin,1,2021,4,16,3,2,3,6,0,1,0,0,0,0,0,0,"13,41814273","52,51768477"
32884,211207,Berlin,3,2021,3,15,2,3,2,6,0,1,1,0,0,0,0,0,"13,43208262","52,59393131"
32885,211206,Berlin,1,2021,4,16,5,2,5,3,0,1,1,0,0,0,0,0,"13,36300384","52,50978474"
32886,211205,Berlin,7,2021,3,5,5,2,5,2,1,0,1,0,1,0,0,0,"13,35024548","52,41430368"
32887,211204,Berlin,1,2021,5,8,2,3,1,5,0,1,1,0,0,0,0,0,"13,40159827","52,53323684"
32888,211203,Berlin,1,2021,4,15,1,3,5,3,0,0,1,0,0,0,1,0,"13,39212441","52,54652411"
32889,211202,Berlin,4,2021,5,10,2,3,5,2,0,0,1,0,0,1,0,0,"13,28115648","52,48210068"
32890,211201,Berlin,9,2021,4,11,4,3,5,2,0,1,1,0,0,0,0,0,"13,56935802","52,44470818"
32891,211200,Berlin,4,2021,5,15,1,3,1,5,0,0,1,0,0,0,1,0,"13,30329369","52,50793606"
32892,211199,Berlin,6,2021,4,18,7,3,5,3,0,0,1,0,0,0,0,0,"13,20889439","52,42705243"
32893,211198,Berlin,6,2021,5,12,6,3,2,2,0,0,1,0,0,0,0,0,"13,26495381","52,44172896"
32894,211197,Berlin,4,2021,4,11,2,3,5,2,0,1,1,0,0,0,0,0,"13,32034405","52,47888462"
32895,211196,Berlin,1,2021,4,9,7,3,2,6,0,0,1,0,0,0,0,0,"13,37668678","52,55409943"
32896,211195,Berlin,7,2021,4,16,4,3,0,6,0,0,0,0,1,0,0,1,"13,38125028","52,44109903"
32897,211194,Berlin,1,2021,5,15,4,2,2,6,0,0,0,0,1,0,1,0,"13,3840665","52,51022771"
32898,211193,Berlin,4,2021,4,12,4,2,0,5,0,1,1,0,0,0,0,0,"13,31773965","52,4945609"
32899,211192,Berlin,5,2021,3,14,3,3,5,3,0,1,1,0,0,0,0,0,"13,21357836","52,53858617"
32900,211191,Berlin,1,2021,4,15,6,3,2,6,0,0,1,0,1,0,0,0,"13,36619239","52,50582854"
32901,211190,Berlin,6,2021,3,10,6,3,5,3,0,0,1,0,0,0,0,0,"13,27344323","52,45604427"
32902,211189,Berlin,1,2021,5,0,3,3,5,3,2,1,1,0,0,0,0,1,"13,35611141","52,54325163"
32903,211188,Berlin,4,2021,5,19,3,3,2,6,1,1,1,0,0,0,0,0,"13,33525481","52,50439892"
32904,211187,Berlin,8,2021,3,20,2,3,5,2,2,0,1,0,0,0,0,0,"13,43848319","52,45259092"
32905,211186,Berlin,9,2021,4,11,5,3,5,2,0,1,1,0,0,0,0,0,"13,54129044","52,4353232"
32906,211185,Berlin,10,2021,3,15,5,3,5,3,0,0,1,0,0,0,1,0,"13,5989784","52,48184768"
32907,211184,Berlin,1,2021,5,12,2,3,5,2,0,0,1,0,0,0,0,0,"13,37116003","52,51112012"
32908,211183,Berlin,8,2021,4,14,7,2,6,4,0,0,1,1,0,0,0,0,"13,44381282","52,47978829"
32909,211182,Berlin,6,2021,5,12,2,3,2,6,0,0,1,0,0,0,0,0,"13,26790041","52,40900657"
32910,211181,Berlin,5,2021,4,13,5,2,6,4,0,0,0,1,0,0,1,0,"13,20400054","52,56863286"
32911,211180,Berlin,5,2021,5,13,1,3,2,6,0,1,1,0,0,0,0,0,"13,23141132","52,52775839"
32912,211179,Berlin,5,2021,5,23,5,3,1,7,2,0,1,0,0,0,0,0,"13,20729249","52,54777778"
32913,211178,Berlin,9,2021,4,14,3,3,5,2,0,0,1,0,0,0,0,0,"13,5935872","52,44443356"
32914,211177,Berlin,1,2021,4,15,6,3,0,1,0,1,0,0,0,0,0,0,"13,38986931","52,52572201"
32915,211176,Berlin,11,2021,4,16,4,3,6,4,0,0,1,1,0,0,0,0,"13,50151461","52,54917061"
32916,211175,Berlin,1,2021,4,7,3,3,0,7,0,0,1,0,0,0,0,0,"13,31516869","52,52579264"
32917,211174,Berlin,8,2021,5,13,4,3,6,7,0,1,0,1,0,0,0,0,"13,43003325","52,45462161"
32918,211173,Berlin,12,2021,4,13,3,3,1,5,0,1,1,0,0,0,0,0,"13,29743225","52,60477309"
32919,211172,Berlin,7,2021,3,11,2,2,5,2,0,0,1,0,0,0,0,0,"13,40684314","52,39376966"
32920,211171,Berlin,1,2021,4,0,6,3,8,1,2,0,1,0,0,0,0,0,"13,37539846","52,5207774"
32921,211170,Berlin,1,2021,3,18,6,2,3,6,0,0,1,0,1,0,0,0,"13,40154269","52,52937496"
32922,211169,Berlin,10,2021,5,15,4,3,6,2,0,0,1,1,0,0,0,0,"13,56312159","52,54146824"
32923,211168,Berlin,1,2021,5,14,3,3,5,2,0,0,1,0,0,1,0,0,"13,38134918","52,55213581"
32924,211167,Berlin,12,2021,4,22,5,3,4,6,2,0,1,0,0,0,0,1,"13,26671065","52,57590821"
32925,211166,Berlin,2,2021,4,19,2,3,5,7,0,0,1,0,1,0,0,0,"13,39569155","52,50703989"
32926,211165,Berlin,5,2021,5,10,6,3,2,7,0,0,1,0,1,0,0,0,"13,23651841","52,52706157"
32927,211164,Berlin,12,2021,4,12,4,3,5,2,0,0,1,0,0,0,1,0,"13,34799395","52,57848243"
32928,211163,Berlin,4,2021,3,17,2,3,5,2,0,0,1,0,0,0,1,0,"13,31582486","52,48185498"
32929,211162,Berlin,1,2021,4,20,5,3,3,6,2,0,1,0,0,0,0,0,"13,40482205","52,5135483"
32930,211161,Berlin,3,2021,4,21,3,3,0,3,2,1,1,0,0,0,0,1,"13,38976021","52,57429667"