,id,city,district,year,month,hour,weekday,injury_level,collision,movement,light_conditions,bicycle,car,pedestrian,motorbike,truck,other_vehicle,road_conditions,longitude,latitude
32931,211160,Berlin,8,2021,5,9,6,3,5,3,0,1,1,0,0,0,0,1,"13,42019168","52,47694953"
32932,211159,Berlin,4,2021,5,23,6,3,5,3,2,0,1,0,0,0,0,0,"13,31958897","52,47172045"
32933,211158,Berlin,2,2021,3,20,4,2,0,7,1,1,0,0,0,0,0,0,"13,38522478","52,49324994"
32934,211157,Berlin,9,2021,4,12,2,3,8,7,0,0,1,0,0,0,0,0,"13,48168716","52,44545233"
32935,211156,Berlin,1,2021,3,16,1,3,5,2,0,1,1,0,0,0,0,0,"13,3989814","52,53263117"
32936,211155,Berlin,2,2021,5,11,2,3,0,2,0,0,0,0,1,0,0,1,"13,46246345","52,51978876"
32937,211154,Berlin,7,2021,5,10,5,3,5,2,0,1,1,0,0,0,0,0,"13,33740119","52,47298989"
32938,211153,Berlin,10,2021,5,17,4,3,3,6,0,0,1,0,0,0,0,0,"13,58960584","52,52817908"
32939,211152,Berlin,7,2021,4,17,6,3,7,7,0,0,0,0,1,0,0,0,"13,41571689","52,45963385"
32940,211151,Berlin,8,2021,5,15,1,3,2,6,0,0,1,0,0,0,0,1,"13,42533928","52,47992125"
32941,211150,Berlin,8,2021,4,17,4,2,5,7,0,0,1,0,0,0,1,0,"13,48209319","52,43012255"
32942,211149,Berlin,11,2021,3,21,4,2,5,2,2,0,1,0,0,0,0,0,"13,50235503","52,48335526"
32943,211148,Berlin,12,2021,5,16,7,3,0,3,0,1,1,0,0,0,0,0,"13,29265541","52,57869035"
32944,211147,Berlin,6,2021,4,9,2,3,2,6,0,0,1,0,0,1,0,0,"13,25979446","52,42947056"
32945,211146,Berlin,9,2021,4,16,2,3,0,6,0,1,1,0,0,0,1,0,"13,45479374","52,48500478"
32946,211145,Berlin,1,2021,5,16,2,3,5,2,0,1,1,0,0,0,0,0,"13,38550009","52,50751727"
32947,211144,Berlin,1,2021,5,12,3,3,6,2,0,0,1,1,0,0,0,0,"13,34080363","52,55499505"
32948,211143,Berlin,1,2021,5,17,7,3,0,2,0,1,1,0,0,0,0,0,"13,37252234","52,52742445"
32949,211142,Berlin,3,2021,5,21,4,2,9,1,2,0,1,0,0,0,0,0,"13,44230473","52,59990845"
32950,211141,Berlin,4,2021,4,16,7,3,6,4,0,0,1,1,0,0,0,0,"13,28046696","52,51833658"
32951,211140,Berlin,1,2021,3,11,4,2,3,6,0,1,0,0,0,0,0,0,"13,38971285","52,53174677"
32952,211139,Berlin,12,2021,5,18,5,3,5,3,0,1,1,0,0,0,0,1,"13,28860731","52,63286256"
32953,211138,Berlin,4,2021,4,13,3,3,2,6,0,0,1,0,0,0,0,0,"13,3263735","52,53770499"
32954,211137,Berlin,11,2021,3,4,2,3,6,2,2,0,1,1,0,0,0,0,"13,5032088","52,57586768"
32955,211136,Berlin,5,2021,4,11,6,3,5,3,0,1,1,0,0,0,0,0,"13,12227188","52,45448311"
32956,211135,Berlin,12,2021,3,14,5,3,5,3,0,0,1,0,0,0,1,0,"13,28533058","52,58775895"
32957,211134,Berlin,3,2021,5,14,2,3,0,3,0,0,1,0,1,0,0,0,"13,36961227","52,59739566"
32958,211133,Berlin,8,2021,4,19,2,3,2,2,0,1,1,0,0,0,0,0,"13,44948913","52,4515702"
32959,211132,Berlin,9,2021,5,16,2,3,0,1,0,1,0,0,0,0,0,0,"13,57530656","52,44752442"
32960,211131,Berlin,7,2021,4,13,4,3,2,6,0,0,1,0,0,0,0,0,"13,34495989","52,48669197"
32961,211130,Berlin,4,2021,5,9,1,3,9,1,0,1,0,0,0,0,0,0,"13,26793966","52,48458716"
32962,211129,Berlin,7,2021,4,21,7,3,5,2,2,1,0,0,0,0,0,0,"13,32949651","52,4682754"
32963,211128,Berlin,1,2021,5,8,5,3,0,6,0,0,0,0,0,0,1,0,"13,39833382","52,51550303"
32964,211127,Berlin,9,2021,4,9,3,3,5,2,0,1,1,0,0,0,0,0,"13,57725445","52,45576544"
32965,211126,Berlin,11,2021,4,20,5,3,5,3,2,0,1,0,0,0,1,0,"13,47522876","52,50155608"
32966,211125,Berlin,2,2021,4,10,4,3,2,6,0,0,1,0,0,0,1,1,"13,37676682","52,49122037"
32967,211124,Berlin,2,2021,5,8,6,3,5,3,0,1,1,0,0,0,0,1,"13,43515871","52,50147943"
32968,211123,Berlin,10,2021,4,15,5,3,2,6,0,0,1,0,0,0,0,0,"13,52651867","52,52550613"
32969,211122,Berlin,9,2021,3,11,3,3,2,6,0,0,1,0,0,0,1,0,"13,56921324","52,44347567"
32970,211121,Berlin,2,2021,4,9,1,2,0,1,0,1,0,0,0,0,0,0,"13,42781969","52,5111937"
32971,211120,Berlin,1,2021,3,6,6,3,3,6,0,1,1,0,0,0,0,1,"13,4049614","52,51465048"
32972,211119,Berlin,4,2021,5,8,4,3,5,2,0,0,1,0,0,0,0,0,"13,3008635","52,47394458"
32973,211118,Berlin,10,2021,5,17,3,3,2,6,0,0,1,0,0,0,0,0,"13,55722552","52,53453774"
32974,211117,Berlin,1,2021,4,22,6,3,5,3,2,0,1,0,0,0,0,0,"13,38884588","52,5169338"
32975,211116,Berlin,4,2021,4,15,4,3,3,6,0,0,1,0,1,0,0,0,"13,2788569","52,50328403"
32976,211115,Berlin,7,2021,3,15,2,3,5,3,0,0,1,0,0,0,0,0,"13,41385271","52,39446503"
32977,211114,Berlin,12,2021,4,12,6,2,5,3,0,0,1,0,0,0,0,0,"13,36781106","52,60273729"
32978,211113,Berlin,1,2021,4,19,3,3,5,2,1,1,1,0,0,0,0,0,"13,40372787","52,52605861"
32979,211112,Berlin,4,2021,5,19,1,3,6,7,0,0,1,1,0,0,0,0,"13,3040029","52,49935409"
32980,211111,Berlin,3,2021,3,16,4,3,5,3,0,1,1,0,0,0,0,0,"13,42696857","52,55221644"
32981,211110,Berlin,8,2021,4,18,2,3,5,2,0,1,0,0,0,0,1,0,"13,42409798","52,48633376"
32982,211109,Berlin,3,2021,5,9,2,3,5,2,0,1,0,0,0,0,1,0,"13,42882467","52,57900075"
32983,211108,Berlin,1,2021,5,17,5,3,5,3,0,0,1,0,0,0,0,0,"13,37545595","52,54031802"
32984,211107,Berlin,5,2021,5,18,4,3,2,6,0,0,1,0,1,0,0,0,"13,20102675","52,51221251"
32985,211106,Berlin,8,2021,4,14,6,2,6,4,0,0,1,1,0,0,0,0,"13,45030701","52,4715412"
32986,211105,Berlin,1,2021,4,6,5,2,5,3,0,0,1,0,0,0,1,0,"13,35937674","52,52330327"
32987,211104,Berlin,8,2021,4,16,6,3,0,6,0,0,1,0,0,0,1,0,"13,43622167","52,4837227"
32988,211103,Berlin,1,2021,5,11,3,3,1,7,0,0,1,0,0,1,0,0,"13,3869452","52,51792887"
32989,211102,Berlin,8,2021,5,16,3,3,5,3,0,0,1,0,0,0,1,0,"13,45207679","52,45274085"
32990,211101,Berlin,7,2021,4,11,6,3,5,2,0,0,1,0,0,0,0,0,"13,34627229","52,50107391"
32991,211100,Berlin,8,2021,5,15,6,3,2,2,0,0,1,0,0,0,0,1,"13,46077072","52,46813843"
32992,211099,Berlin,4,2021,4,21,3,2,6,4,2,0,1,1,0,0,0,0,"13,28516977","52,49425207"
32993,211098,Berlin,6,2021,3,15,2,3,2,7,0,1,1,0,0,0,0,0,"13,25069417","52,42782055"
32994,211097,Berlin,4,2021,4,13,6,3,5,3,0,0,1,0,0,0,0,0,"13,26456938","52,51467465"
32995,211096,Berlin,7,2021,4,11,3,3,5,3,0,0,1,0,0,0,0,0,"13,37822343","52,47746084"
32996,211095,Berlin,7,2021,5,12,6,3,0,7,0,0,1,0,1,0,0,1,"13,40370059","52,44846914"
32997,211094,Berlin,7,2021,5,12,6,1,6,2,0,0,0,1,0,1,0,0,"13,38586758","52,46858605"
32998,211093,Berlin,7,2021,3,15,3,3,5,2,0,1,1,0,0,0,0,0,"13,37866592","52,45085784"
32999,211092,Berlin,4,2021,4,11,2,3,0,7,0,1,0,0,0,0,0,0,"13,29709299","52,5104021"
33000,211091,Berlin,2,2021,5,13,2,2,5,3,0,1,1,0,0,0,0,0,"13,45491168","52,51207401"
33001,211090,Berlin,12,2021,5,13,6,3,0,7,0,0,1,0,1,0,0,0,"13,34030419","52,6067202"
33002,211089,Berlin,6,2021,5,8,4,3,1,5,0,1,1,0,0,0,0,0,"13,24469281","52,42941474"
33003,211088,Berlin,1,2021,4,13,7,3,5,2,0,0,1,0,1,0,0,0,"13,34446214","52,53830732"
33004,211087,Berlin,11,2021,5,20,7,3,0,7,2,0,1,0,0,0,1,0,"13,53538221","52,56133631"
33005,211086,Berlin,8,2021,4,14,4,3,1,5,0,1,0,0,0,0,1,0,"13,43407678","52,49004862"
33006,211085,Berlin,2,2021,3,8,4,2,3,6,0,1,1,0,0,0,0,0,"13,39335006","52,49407926"
33007,211084,Berlin,2,2021,5,18,7,3,2,6,0,1,1,0,0,0,0,0,"13,4226748","52,49918409"
33008,211083,Berlin,10,2021,4,13,2,3,5,3,0,1,1,0,0,0,0,0,"13,58565555","52,52364433"
33009,211082,Berlin,4,2021,5,15,2,3,5,2,0,1,1,0,0,0,0,0,"13,28076089","52,47677782"
33010,211081,Berlin,3,2021,5,17,3,3,5,3,0,0,1,0,0,0,0,0,"13,50307709","52,63658051"
33011,211080,Berlin,1,2021,5,16,7,3,5,3,0,0,1,0,0,0,0,0,"13,37545722","52,54031809"
33012,211079,Berlin,5,2021,5,15,5,3,5,2,0,0,1,0,0,0,0,0,"13,15793352","52,53309108"
33013,211078,Berlin,5,2021,4,21,7,2,6,2,2,0,1,1,0,0,0,1,"13,1989183","52,55395218"
33014,211077,Berlin,1,2021,3,12,4,3,5,3,0,1,1,0,0,0,0,0,"13,37697388","52,51077478"
33015,211076,Berlin,8,2021,4,15,3,3,3,6,0,0,1,0,1,0,0,0,"13,43068458","52,46857511"
33016,211075,Berlin,2,2021,5,16,4,3,3,6,0,1,1,0,0,0,0,0,"13,39300728","52,4974573"
33017,211074,Berlin,10,2021,4,17,3,3,3,6,0,1,1,0,0,0,0,0,"13,59000788","52,52896688"
33018,211073,Berlin,8,2021,3,16,2,3,6,2,0,0,1,1,0,0,0,0,"13,46199208","52,42242699"
33019,211072,Berlin,7,2021,4,19,5,3,1,5,0,0,1,0,0,0,0,0,"13,36022057","52,41269952"
33020,211071,Berlin,12,2021,3,10,5,3,2,6,0,0,1,0,0,0,0,0,"13,31762056","52,58019994"
33021,211070,Berlin,5,2021,5,17,2,3,2,6,0,0,1,0,0,0,1,0,"13,24593451","52,52485893"
33022,211069,Berlin,4,2021,5,18,3,3,2,6,0,0,1,0,0,0,0,0,"13,26429549","52,50876358"
33023,211068,Berlin,4,2021,4,15,4,3,5,2,0,1,1,0,0,0,0,0,"13,28134779","52,50821492"
33024,211067,Berlin,1,2021,5,9,1,2,5,3,0,1,1,0,0,0,0,0,"13,40021762","52,50950347"
33025,211066,Berlin,9,2021,4,17,7,3,0,1,0,0,0,0,1,0,0,1,"13,57803977","52,44731565"
33026,211065,Berlin,1,2021,5,18,6,2,5,7,0,0,1,0,1,0,0,0,"13,36920456","52,55042333"
33027,211064,Berlin,11,2021,4,11,3,3,2,7,0,0,1,0,0,0,0,0,"13,50100969","52,54693907"
33028,211063,Berlin,12,2021,3,16,3,3,5,3,0,0,1,0,0,0,1,1,"13,31728116","52,58817316"
33029,211062,Berlin,10,2021,4,12,3,3,5,3,0,0,1,0,0,0,0,0,"13,5385137","52,55427592"
33030,211061,Berlin,12,2021,5,13,6,3,0,3,0,0,1,0,0,0,0,1,"13,30071551","52,57954905"
33031,211060,Berlin,8,2021,4,18,4,3,5,2,0,1,1,0,0,0,0,0,"13,43469305","52,44032814"
33032,211059,Berlin,1,2021,3,14,3,3,1,5,0,1,1,0,0,0,0,0,"13,37717137","52,5545669"
33033,211058,Berlin,4,2021,4,17,6,3,1,5,0,1,1,0,0,0,0,0,"13,30021719","52,49897398"
33034,211057,Berlin,1,2021,3,13,6,3,3,6,0,1,1,0,0,0,0,0,"13,396311","52,54613947"
33035,211056,Berlin,9,2021,5,18,2,3,1,5,0,1,1,0,0,0,0,0,"13,53588021","52,45258833"
33036,211055,Berlin,4,2021,5,16,5,3,5,2,0,1,1,0,0,0,0,0,"13,32942603","52,48173453"
33037,211054,Berlin,3,2021,5,19,4,3,2,6,0,1,1,0,0,0,0,0,"13,45430209","52,5514317"
33038,211053,Berlin,11,2021,4,14,5,3,2,6,0,0,1,0,0,0,0,0,"13,45863982","52,5270608"
33039,211052,Berlin,7,2021,4,15,6,3,0,4,0,0,0,1,0,0,1,0,"13,35060043","52,4077519"
33040,211051,Berlin,8,2021,4,18,3,3,6,4,0,0,1,1,0,0,0,0,"13,43242704","52,48541088"
33041,211050,Berlin,8,2021,3,9,4,3,3,6,0,1,1,0,0,0,0,0,"13,43393935","52,48174521"
33042,211049,Berlin,4,2021,4,20,6,3,5,2,2,0,1,0,0,0,0,0,"13,32365546","52,49378168"
33043,211048,Berlin,8,2021,5,10,7,3,2,6,0,0,1,0,0,0,0,0,"13,43305671","52,46474608"
33044,211047,Berlin,8,2021,3,17,3,3,0,1,0,1,0,0,0,0,0,0,"13,47349386","52,4324691"
33045,211046,Berlin,2,2021,4,7,2,3,1,6,0,1,1,0,0,0,0,0,"13,40468247","52,50449614"
33046,211045,Berlin,2,2021,5,13,2,3,5,2,0,0,1,0,1,0,0,0,"13,42677942","52,51173744"
33047,211044,Berlin,7,2021,5,19,7,3,5,3,0,0,1,0,0,0,0,0,"13,38435177","52,48159251"
33048,211043,Berlin,6,2021,5,12,3,3,5,2,0,1,1,0,0,0,0,0,"13,29860915","52,44122432"
33049,211042,Berlin,4,2021,5,17,5,3,5,2,0,1,0,0,0,0,1,0,"13,32599623","52,51866557"
33050,211041,Berlin,12,2021,4,7,6,3,1,7,0,0,1,0,0,1,0,0,"13,32491406","52,56276387"
33051,211040,Berlin,3,2021,4,14,5,3,5,3,0,1,1,0,0,0,0,0,"13,4787908","52,55571285"
33052,211039,Berlin,5,2021,5,10,3,2,9,7,0,0,0,0,0,0,1,0,"13,16195464","52,5231228"
33053,211038,Berlin,7,2021,3,18,2,3,1,5,0,1,1,0,0,0,0,0,"13,32914355","52,46551036"
33054,211037,Berlin,4,2021,4,8,5,3,0,5,0,0,1,0,1,0,0,0,"13,31424049","52,48125873"
33055,211036,Berlin,4,2021,3,11,4,3,0,7,0,1,0,0,0,0,0,1,"13,33666301","52,5006324"
33056,211035,Berlin,12,2021,5,16,3,3,2,6,0,0,1,0,1,0,0,0,"13,34802428","52,6077479"
33057,211034,Berlin,1,2021,4,12,2,3,1,5,0,1,1,0,0,0,0,0,"13,40079938","52,52893258"
33058,211033,Berlin,10,2021,5,10,2,3,0,7,0,0,0,0,1,0,1,0,"13,52905137","52,51793068"
33059,211032,Berlin,3,2021,4,14,4,3,5,3,0,0,1,0,1,0,0,0,"13,41773302","52,58410753"
33060,211031,Berlin,9,2021,5,14,1,3,0,7,0,1,0,0,0,0,0,0,"13,52038963","52,44245479"
33061,211030,Berlin,9,2021,5,13,6,3,6,2,0,0,1,1,0,0,0,0,"13,48139808","52,46091322"
33062,211029,Berlin,8,2021,4,18,7,3,6,4,0,0,1,1,0,0,0,0,"13,50344266","52,40087788"
33063,211028,Berlin,12,2021,4,22,5,3,8,1,2,0,0,0,1,0,0,0,"13,32546925","52,56975989"
33064,211027,Berlin,8,2021,5,19,4,3,2,6,0,1,1,0,0,0,0,1,"13,42653112","52,47669659"
33065,211026,Berlin,1,2021,4,17,3,3,5,3,0,0,1,0,0,0,0,0,"13,34340179","52,54939801"
33066,211025,Berlin,9,2021,3,5,3,2,5,3,2,1,1,0,0,0,0,0,"13,56227054","52,43734282"
33067,211024,Berlin,6,2021,4,8,6,3,5,3,0,0,1,0,0,0,0,0,"13,3377125","52,44375803"
33068,211023,Berlin,3,2021,3,17,6,3,5,2,0,0,1,0,1,0,0,0,"13,42875349","52,58824497"
33069,211022,Berlin,9,2021,5,19,3,3,9,1,0,0,1,0,0,0,0,1,"13,49227407","52,45803724"
33070,211021,Berlin,12,2021,5,8,3,3,5,2,0,0,1,0,0,1,0,1,"13,31331741","52,57538388"
33071,211020,Berlin,8,2021,4,14,4,3,0,4,0,1,0,1,0,0,0,0,"13,43828118","52,48467372"
33072,211019,Berlin,2,2021,3,18,4,2,5,3,0,1,1,0,0,0,0,0,"13,41212684","52,5031564"
33073,211018,Berlin,8,2021,5,6,3,3,5,2,0,0,1,0,0,0,1,0,"13,43588394","52,45885093"
33074,211017,Berlin,1,2021,4,5,2,3,2,6,0,0,1,0,0,0,1,1,"13,34626563","52,54765133"
33075,211016,Berlin,7,2021,5,16,2,3,2,2,0,0,1,0,1,0,0,0,"13,35988571","52,47538868"
33076,211015,Berlin,1,2021,5,20,2,3,5,3,0,1,1,0,0,0,0,0,"13,38328572","52,51141625"
33077,211014,Berlin,11,2021,5,14,6,3,0,6,0,0,1,0,1,0,0,0,"13,47971454","52,52353813"
33078,211013,Berlin,8,2021,5,18,4,3,5,3,0,1,1,0,0,0,0,0,"13,46081349","52,46816165"
33079,211012,Berlin,1,2021,4,12,1,3,2,6,0,0,1,0,0,0,0,1,"13,34575842","52,54507541"
33080,211011,Berlin,1,2021,4,21,6,3,1,5,2,1,1,0,0,0,0,0,"13,40807202","52,52492907"
33081,211010,Berlin,8,2021,5,11,4,3,6,4,0,1,0,1,0,0,0,0,"13,43521499","52,46047725"
33082,211009,Berlin,1,2021,4,19,3,3,1,5,1,0,1,0,0,0,0,0,"13,3761124","52,55368758"
33083,211008,Berlin,8,2021,3,18,1,3,6,6,0,1,0,1,0,0,0,0,"13,42945944","52,46613923"
33084,211007,Berlin,1,2021,4,8,5,3,5,3,0,1,1,0,0,0,0,0,"13,39028855","52,50859326"
33085,211006,Berlin,6,2021,3,15,5,3,2,6,0,0,1,0,1,0,0,0,"13,31466322","52,43650577"
33086,211005,Berlin,9,2021,5,6,4,3,5,2,0,0,1,0,0,0,0,0,"13,47375702","52,47498221"
33087,211004,Berlin,4,2021,5,17,3,3,2,2,0,0,1,0,0,0,0,0,"13,27342201","52,49998134"
33088,211003,Berlin,2,2021,4,8,5,3,1,5,0,1,1,0,0,0,0,1,"13,43690437","52,50365156"
33089,211002,Berlin,1,2021,5,12,7,3,5,3,0,0,1,0,0,0,0,0,"13,39077199","52,51573735"
33090,211001,Berlin,9,2021,4,7,3,3,0,1,0,1,0,0,0,0,0,0,"13,53481419","52,45182471"
33091,211000,Berlin,8,2021,5,15,6,3,0,1,0,0,0,0,0,0,1,0,"13,48165878","52,42550259"
33092,210999,Berlin,9,2021,4,10,2,3,5,3,0,1,0,0,0,0,1,0,"13,54918817","52,43012948"
33093,210998,Berlin,5,2021,3,14,2,3,5,3,0,0,1,0,0,1,0,0,"13,19947676","52,534764"
33094,210997,Berlin,8,2021,4,18,3,2,6,7,1,0,0,1,1,0,0,1,"13,50427437","52,41988762"
33095,210996,Berlin,1,2021,5,19,6,3,5,3,0,0,1,0,0,0,0,1,"13,35003324","52,54508244"
33096,210995,Berlin,5,2021,4,10,4,3,5,2,0,0,1,0,0,0,0,0,"13,16528697","52,55111946"
33097,210994,Berlin,9,2021,3,9,3,3,5,3,0,1,1,0,0,0,0,0,"13,57525949","52,45383895"
33098,210993,Berlin,3,2021,4,8,1,3,6,4,0,0,1,1,0,0,0,0,"13,41355728","52,54965005"
33099,210992,Berlin,1,2021,3,14,6,3,5,3,0,1,1,0,0,0,0,1,"13,37742846","52,52216094"
33100,210991,Berlin,12,2021,5,9,2,2,0,1,0,0,1,0,0,0,0,0,"13,33969543","52,58702805"
33101,210990,Berlin,12,2021,5,16,5,3,2,2,0,0,1,0,0,0,0,0,"13,34660027","52,56696805"
33102,210989,Berlin,1,2021,5,17,4,2,5,3,0,1,1,0,0,0,0,0,"13,41409431","52,51132261"
33103,210988,Berlin,5,2021,4,10,6,3,5,3,0,0,1,0,0,0,0,0,"13,21773358","52,56038647"
33104,210987,Berlin,3,2021,4,15,5,3,5,7,0,1,1,0,0,0,0,0,"13,42245485","52,5598747"
33105,210986,Berlin,8,2021,4,12,4,3,5,3,0,0,1,0,1,0,0,0,"13,44030083","52,41935731"
33106,210985,Berlin,11,2021,3,19,4,3,5,2,2,1,1,0,0,0,0,0,"13,46888746","52,53135042"
33107,210984,Berlin,9,2021,4,18,4,2,2,6,1,0,1,0,0,0,0,0,"13,54860383","52,42763976"
33108,210983,Berlin,5,2021,5,13,7,3,2,6,0,0,1,0,1,0,0,0,"13,1953416","52,53547317"
33109,210982,Berlin,4,2021,5,17,7,3,5,3,0,0,1,0,0,0,0,1,"13,27859684","52,47099654"
33110,210981,Berlin,8,2021,4,8,3,3,2,2,0,0,1,0,0,0,0,0,"13,42413712","52,44162131"
33111,210980,Berlin,12,2021,5,17,3,3,5,3,0,1,1,0,0,0,0,0,"13,36306544","52,5801896"
33112,210979,Berlin,11,2021,5,22,6,3,1,1,2,0,1,0,0,0,0,1,"13,53271579","52,51303786"
33113,210978,Berlin,4,2021,5,17,5,2,2,7,0,0,1,1,0,0,0,0,"13,28556317","52,47935112"
33114,210977,Berlin,2,2021,4,15,1,3,5,3,0,1,1,0,0,0,0,1,"13,41360374","52,48839787"
33115,210976,Berlin,7,2021,3,13,4,3,2,6,0,0,1,0,1,0,0,0,"13,34497981","52,49144527"
33116,210975,Berlin,8,2021,5,9,3,3,1,5,0,0,1,0,0,0,0,0,"13,4351917","52,4264629"
33117,210974,Berlin,7,2021,3,19,1,3,0,3,0,1,0,0,0,0,1,0,"13,36258167","52,49387887"
33118,210973,Berlin,1,2021,4,20,4,3,3,5,2,0,1,0,0,0,0,0,"13,37219024","52,55585726"
33119,210972,Berlin,2,2021,3,12,5,3,0,7,0,1,0,0,0,0,0,0,"13,37669683","52,48901651"
33120,210971,Berlin,8,2021,5,13,3,3,1,5,0,1,1,0,0,0,0,0,"13,44043804","52,483603"
33121,210970,Berlin,4,2021,4,15,1,3,5,7,0,1,1,0,0,0,0,0,"13,31918518","52,48652294"
33122,210969,Berlin,4,2021,5,2,2,3,0,1,2,1,0,0,0,0,0,0,"13,27171948","52,54604054"
33123,210968,Berlin,11,2021,4,14,4,2,2,7,0,0,1,0,1,0,0,0,"13,48198346","52,5064448"
33124,210967,Berlin,5,2021,5,15,1,3,5,2,0,1,1,0,0,0,0,0,"13,24414739","52,54404032"
33125,210966,Berlin,4,2021,4,12,4,3,5,3,0,1,1,0,0,0,0,0,"13,29001692","52,47014986"
33126,210965,Berlin,3,2021,5,13,6,3,5,3,0,1,0,0,0,0,1,0,"13,3942197","52,56498139"
33127,210964,Berlin,6,2021,4,16,2,3,5,3,0,1,0,0,1,0,0,0,"13,33608727","52,43349669"
33128,210963,Berlin,4,2021,4,15,5,3,0,7,0,0,0,0,1,0,0,0,"13,28173211","52,51153121"
33129,210962,Berlin,8,2021,4,16,4,2,5,3,0,0,1,1,0,0,0,0,"13,45587928","52,47388437"
33130,210961,Berlin,5,2021,5,15,4,3,2,6,0,0,1,0,0,0,0,0,"13,12671438","52,46814355"
33131,210960,Berlin,5,2021,4,20,4,3,5,3,1,1,1,0,0,0,0,0,"13,21984976","52,56024279"
33132,210959,Berlin,5,2021,3,14,3,3,5,2,0,1,1,0,0,0,0,0,"13,17489452","52,51371799"
33133,210958,Berlin,2,2021,4,6,5,3,5,2,0,0,1,0,0,1,0,0,"13,38885295","52,49937793"
33134,210957,Berlin,1,2021,3,19,7,2,1,5,1,1,1,0,0,0,0,0,"13,38930957","52,55014751"
33135,210956,Berlin,2,2021,5,18,4,3,5,3,1,1,1,0,0,0,0,1,"13,44396115","52,50011564"
33136,210955,Berlin,1,2021,5,12,3,3,5,2,0,1,1,0,0,0,0,0,"13,37725701","52,55363867"
33137,210954,Berlin,12,2021,4,11,6,3,2,6,0,0,1,0,0,0,0,0,"13,35043197","52,5963787"
33138,210953,Berlin,9,2021,4,13,3,3,2,2,0,0,1,0,0,0,0,0,"13,593425","52,44249682"
33139,210952,Berlin,9,2021,5,5,7,3,5,2,0,1,1,0,0,0,0,0,"13,51110061","52,44489888"
33140,210951,Berlin,3,2021,4,17,3,3,9,1,0,0,1,0,0,0,0,0,"13,43877534","52,55564581"
33141,210950,Berlin,1,2021,3,3,3,2,6,2,2,0,1,1,0,0,0,1,"13,37680948","52,50950218"
33142,210949,Berlin,8,2021,4,10,6,3,5,3,0,1,0,0,1,0,0,0,"13,42453002","52,48621115"
33143,210948,Berlin,12,2021,5,12,6,3,2,4,0,0,1,1,0,0,0,1,"13,3220724","52,56555971"
33144,210947,Berlin,5,2021,5,15,6,3,5,2,0,1,1,0,0,0,0,0,"13,19697306","52,55384341"
33145,210946,Berlin,4,2021,3,19,4,3,5,3,0,1,1,0,0,0,0,0,"13,28420991","52,48529773"
33146,210945,Berlin,7,2021,4,18,6,3,1,5,0,1,1,0,0,0,0,0,"13,35345779","52,49267624"
33147,210944,Berlin,12,2021,3,10,7,3,5,7,0,0,1,0,0,0,0,1,"13,33291274","52,57785631"
33148,210943,Berlin,3,2021,5,7,2,3,5,3,0,0,1,0,1,0,0,0,"13,45256417","52,53413696"
33149,210942,Berlin,9,2021,5,16,6,3,5,3,0,1,1,0,0,0,0,1,"13,52221575","52,42846095"
33150,210941,Berlin,1,2021,5,17,4,3,1,5,0,1,1,0,0,0,0,0,"13,41057499","52,51015685"
33151,210940,Berlin,3,2021,4,0,7,3,5,3,2,0,1,0,0,0,0,0,"13,40646191","52,56538069"
33152,210939,Berlin,1,2021,5,14,1,3,2,6,0,0,1,0,1,0,0,0,"13,38305215","52,54231524"
33153,210938,Berlin,12,2021,4,18,4,3,5,2,0,1,1,0,0,0,0,0,"13,32430149","52,56493291"
33154,210937,Berlin,1,2021,3,17,4,3,5,5,0,0,1,0,0,0,0,0,"13,33391226","52,5436357"
33155,210936,Berlin,2,2021,4,11,6,3,6,4,0,0,0,1,1,0,0,0,"13,40823704","52,49848444"
33156,210935,Berlin,12,2021,4,17,2,2,5,3,0,0,1,0,0,0,0,0,"13,28698656","52,58619774"
33157,210934,Berlin,12,2021,5,17,6,3,2,6,0,1,1,0,0,0,0,0,"13,22090473","52,60625133"
33158,210933,Berlin,9,2021,4,15,3,3,0,1,0,1,0,0,0,0,0,0,"13,62516187","52,45453442"
33159,210932,Berlin,1,2021,3,7,3,3,3,6,0,0,1,0,0,1,0,0,"13,32964032","52,52287806"
33160,210931,Berlin,4,2021,4,12,4,3,0,1,0,0,0,0,1,0,0,0,"13,29368868","52,5338981"
33161,210930,Berlin,9,2021,5,12,6,1,6,7,0,0,1,1,0,0,0,0,"13,62440539","52,45508598"
33162,210929,Berlin,3,2021,4,11,5,2,5,3,0,0,1,0,0,0,0,0,"13,39814908","52,5848884"
33163,210928,Berlin,1,2021,3,16,4,3,5,2,0,1,1,0,0,0,0,0,"13,34963251","52,5350958"
33164,210927,Berlin,10,2021,4,9,7,3,1,5,0,0,1,0,0,0,1,0,"13,52704431","52,51599045"
33165,210926,Berlin,12,2021,3,17,1,3,1,5,0,0,1,0,0,0,1,0,"13,31046329","52,62201617"
33166,210925,Berlin,11,2021,5,15,2,3,2,6,0,0,1,0,0,0,0,0,"13,47787934","52,51460945"