,id,city,district,year,month,hour,weekday,injury_level,collision,movement,light_conditions,bicycle,car,pedestrian,motorbike,truck,other_vehicle,road_conditions,longitude,latitude
33167,210924,Berlin,10,2021,5,14,6,3,5,3,0,0,1,0,0,0,0,0,"13,60231957","52,53594988"
33168,210923,Berlin,6,2021,5,22,4,3,5,2,2,1,1,0,0,0,0,0,"13,25105894","52,45009093"
33169,210922,Berlin,2,2021,4,12,7,3,3,6,0,0,1,0,0,0,0,0,"13,43259532","52,52316447"
33170,210921,Berlin,2,2021,5,18,7,3,2,6,0,0,1,0,0,0,0,0,"13,42102531","52,49917185"
33171,210920,Berlin,6,2021,4,7,3,3,6,4,1,0,1,1,0,0,0,0,"13,35496216","52,4276175"
33172,210919,Berlin,8,2021,3,14,4,3,2,7,0,1,1,0,0,0,0,0,"13,42688451","52,47588637"
33173,210918,Berlin,3,2021,4,13,7,3,0,2,0,1,1,0,0,0,0,0,"13,45415288","52,56225293"
33174,210917,Berlin,1,2021,4,8,2,3,5,3,0,1,1,0,0,0,0,0,"13,37312066","52,54229992"
33175,210916,Berlin,7,2021,5,21,1,3,2,6,2,0,1,0,0,0,0,0,"13,34743092","52,45926388"
33176,210915,Berlin,6,2021,5,17,7,3,1,7,0,0,1,0,0,0,0,0,"13,27398026","52,43560604"
33177,210914,Berlin,3,2021,4,16,3,1,6,7,0,0,0,1,0,1,0,0,"13,42969685","52,55117578"
33178,210913,Berlin,10,2021,5,5,3,3,3,6,0,0,1,0,0,0,1,0,"13,5390018","52,53940734"
33179,210912,Berlin,11,2021,5,10,6,3,0,1,0,0,0,0,1,0,0,1,"13,52162465","52,55396008"
33180,210911,Berlin,3,2021,5,17,5,3,5,3,0,1,1,0,0,0,0,0,"13,43207547","52,5465299"
33181,210910,Berlin,2,2021,4,19,4,3,5,7,1,0,1,0,0,0,0,0,"13,40247938","52,49410164"
33182,210909,Berlin,5,2021,4,8,2,3,5,2,0,1,0,0,0,1,0,0,"13,2080235","52,55817731"
33183,210908,Berlin,1,2021,4,12,5,3,1,5,0,0,1,0,1,0,0,0,"13,34987659","52,53453117"
33184,210907,Berlin,1,2021,5,18,4,2,1,5,0,1,1,0,0,0,0,0,"13,37549368","52,5378316"
33185,210906,Berlin,2,2021,4,15,3,3,2,6,0,0,1,0,0,0,0,0,"13,44479826","52,49958705"
33186,210905,Berlin,10,2021,3,13,2,3,2,6,0,0,1,0,0,0,0,0,"13,53996666","52,53957988"
33187,210904,Berlin,4,2021,4,11,6,3,5,3,0,1,0,0,0,0,1,0,"13,28004245","52,50640872"
33188,210903,Berlin,9,2021,3,15,5,3,6,7,0,0,0,1,1,0,0,0,"13,568053","52,45401518"
33189,210902,Berlin,9,2021,5,10,2,3,0,2,0,1,1,0,0,0,0,0,"13,53226524","52,46172628"
33190,210901,Berlin,9,2021,4,15,1,3,4,6,0,0,1,0,0,0,0,0,"13,61549693","52,42969916"
33191,210900,Berlin,1,2021,5,14,2,3,5,3,0,1,1,0,0,0,0,0,"13,34095487","52,50511149"
33192,210899,Berlin,9,2021,4,7,4,3,5,2,2,1,1,0,0,0,0,0,"13,54251671","52,41932954"
33193,210898,Berlin,8,2021,5,12,7,3,5,3,0,1,0,0,0,0,0,0,"13,49727237","52,41851554"
33194,210897,Berlin,7,2021,4,23,7,3,1,7,2,0,1,0,1,0,0,0,"13,37367591","52,46704807"
33195,210896,Berlin,1,2021,5,20,5,2,6,7,1,0,1,1,0,0,0,0,"13,3919376","52,56376963"
33196,210895,Berlin,2,2021,4,15,3,3,5,3,0,0,1,0,1,0,0,0,"13,46318315","52,51152013"
33197,210894,Berlin,12,2021,4,18,5,3,6,7,1,1,0,1,0,0,0,0,"13,31285293","52,57418767"
33198,210893,Berlin,5,2021,4,11,4,2,5,3,0,0,1,0,0,1,0,1,"13,12301371","52,47193602"
33199,210892,Berlin,1,2021,5,15,4,2,1,5,0,1,1,0,0,0,0,0,"13,3381251","52,52329903"
33200,210891,Berlin,7,2021,4,10,4,3,2,2,0,0,1,0,0,0,0,0,"13,3409795","52,49993485"
33201,210890,Berlin,6,2021,3,16,3,2,5,3,0,1,0,0,0,0,1,0,"13,22384775","52,43746691"
33202,210889,Berlin,1,2021,4,18,7,3,5,3,0,0,1,0,0,0,0,0,"13,34845233","52,54177272"
33203,210888,Berlin,8,2021,3,12,6,3,5,2,0,1,1,0,0,0,0,0,"13,45189599","52,45247774"
33204,210887,Berlin,9,2021,5,10,4,3,2,6,0,0,1,0,0,0,0,0,"13,62888881","52,42398367"
33205,210886,Berlin,7,2021,5,20,3,3,2,6,1,0,1,0,0,0,0,0,"13,36178845","52,49774657"
33206,210885,Berlin,5,2021,4,16,5,2,6,4,0,0,1,1,0,0,0,0,"13,20060059","52,54928941"
33207,210884,Berlin,4,2021,5,10,7,3,2,6,0,0,1,0,0,0,0,0,"13,28080913","52,51835774"
33208,210883,Berlin,3,2021,4,19,3,3,5,3,0,1,1,0,0,0,0,0,"13,42871357","52,54778438"
33209,210882,Berlin,8,2021,3,17,3,3,5,3,1,1,1,0,0,0,0,0,"13,47806673","52,44214398"
33210,210881,Berlin,6,2021,4,14,5,3,5,2,0,0,1,0,1,0,0,0,"13,34173235","52,45059544"
33211,210880,Berlin,3,2021,4,11,3,3,0,1,0,0,0,0,0,0,1,0,"13,43274757","52,55737678"
33212,210879,Berlin,9,2021,5,20,5,3,3,6,0,1,1,0,0,0,0,1,"13,67455332","52,41941197"
33213,210878,Berlin,4,2021,5,17,6,3,2,7,0,0,1,0,1,0,0,0,"13,30941476","52,49907976"
33214,210877,Berlin,6,2021,3,21,4,3,0,2,2,0,1,0,1,0,0,0,"13,25652266","52,42912807"
33215,210876,Berlin,11,2021,4,11,2,3,1,5,0,0,1,0,0,0,0,0,"13,49561457","52,54010744"
33216,210875,Berlin,6,2021,3,12,7,3,5,2,0,0,1,0,0,0,0,0,"13,28407304","52,4456684"
33217,210874,Berlin,5,2021,5,18,2,3,1,5,0,0,1,0,0,0,1,0,"13,19766008","52,52318003"
33218,210873,Berlin,10,2021,5,13,5,3,5,3,0,0,1,0,0,0,0,1,"13,600653","52,47912047"
33219,210872,Berlin,1,2021,5,19,4,3,3,6,0,0,1,0,0,0,0,0,"13,37746779","52,55657442"
33220,210871,Berlin,7,2021,4,16,6,3,1,5,0,1,1,0,0,0,0,0,"13,3580213","52,48869163"
33221,210870,Berlin,4,2021,5,15,2,3,6,4,0,0,1,1,0,0,0,0,"13,31393734","52,49910787"
33222,210869,Berlin,4,2021,4,14,4,3,5,2,0,1,1,0,0,0,0,0,"13,27797148","52,51835407"
33223,210868,Berlin,9,2021,3,13,4,3,2,6,0,0,1,0,0,0,0,0,"13,47158731","52,4534529"
33224,210867,Berlin,4,2021,5,18,7,3,5,3,0,0,1,0,0,0,0,0,"13,26140831","52,51787242"
33225,210866,Berlin,4,2021,4,10,2,3,0,3,0,1,1,0,0,0,0,0,"13,30513975","52,49558027"
33226,210865,Berlin,12,2021,5,14,2,3,5,2,0,1,0,0,0,0,1,0,"13,33072369","52,56258855"
33227,210864,Berlin,6,2021,5,21,7,3,6,7,2,0,0,1,0,0,1,0,"13,32083399","52,45518653"
33228,210863,Berlin,5,2021,5,14,3,2,2,2,0,0,1,0,1,0,0,0,"13,15797924","52,54305587"
33229,210862,Berlin,9,2021,5,20,7,2,8,1,1,0,1,0,0,0,0,0,"13,50282889","52,46033533"
33230,210861,Berlin,4,2021,5,13,4,3,0,3,0,1,1,0,0,0,0,0,"13,28523697","52,51287292"
33231,210860,Berlin,10,2021,4,17,1,3,5,3,0,0,1,0,0,0,1,1,"13,60116274","52,53684627"
33232,210859,Berlin,9,2021,4,14,5,3,5,3,0,0,1,0,0,0,0,0,"13,56499302","52,44546814"
33233,210858,Berlin,5,2021,4,12,3,3,2,6,0,0,1,0,0,0,0,0,"13,23022394","52,54210658"
33234,210857,Berlin,6,2021,4,11,2,3,2,6,0,0,1,0,0,0,0,0,"13,34482269","52,46189942"
33235,210856,Berlin,5,2021,5,20,5,3,1,5,2,0,1,0,0,0,0,1,"13,19797555","52,51746333"
33236,210855,Berlin,4,2021,4,19,3,3,5,3,0,0,1,0,0,0,0,0,"13,31161407","52,468176"
33237,210854,Berlin,3,2021,3,15,1,3,5,3,0,0,1,0,1,0,0,0,"13,4884568","52,6178155"
33238,210853,Berlin,11,2021,4,15,5,2,1,7,0,0,1,0,0,0,0,1,"13,50624196","52,53656386"
33239,210852,Berlin,7,2021,3,22,5,3,6,2,2,0,1,1,0,0,0,0,"13,35436958","52,49918272"
33240,210851,Berlin,9,2021,5,6,3,3,0,2,0,1,0,0,0,0,1,0,"13,55279852","52,42776357"
33241,210850,Berlin,8,2021,4,19,1,3,1,5,2,1,1,0,0,0,0,0,"13,43447191","52,41615485"
33242,210849,Berlin,4,2021,5,20,2,3,0,7,1,0,0,0,1,0,0,1,"13,29941198","52,50684242"
33243,210848,Berlin,12,2021,4,18,4,3,5,2,0,0,1,0,0,0,1,0,"13,33545168","52,56518191"
33244,210847,Berlin,9,2021,5,17,1,3,5,2,0,1,1,0,0,0,0,0,"13,55174595","52,42847875"
33245,210846,Berlin,8,2021,4,14,7,3,5,2,0,0,1,0,0,0,0,0,"13,46019451","52,43189235"
33246,210845,Berlin,11,2021,4,18,1,3,2,6,0,0,1,0,0,0,0,0,"13,46972648","52,50233033"
33247,210844,Berlin,7,2021,5,14,1,3,2,7,0,0,1,0,0,0,0,0,"13,40992986","52,43904732"
33248,210843,Berlin,12,2021,5,13,7,3,5,3,0,0,1,0,0,0,0,1,"13,29153741","52,64195175"
33249,210842,Berlin,4,2021,4,8,2,3,5,2,0,1,1,0,0,0,0,0,"13,33574032","52,51362566"
33250,210841,Berlin,1,2021,5,13,2,3,2,6,0,0,1,0,0,0,1,0,"13,36139796","52,54772598"
33251,210840,Berlin,2,2021,5,11,6,3,5,2,0,1,0,0,0,1,0,1,"13,4089029","52,50416435"
33252,210839,Berlin,2,2021,5,7,5,3,5,2,0,1,0,0,0,0,1,0,"13,43000598","52,52328828"
33253,210838,Berlin,3,2021,4,15,2,3,5,3,0,1,1,0,0,0,0,0,"13,42700967","52,55220956"
33254,210837,Berlin,3,2021,3,14,4,2,5,3,0,1,1,0,0,0,0,0,"13,42699597","52,55221185"
33255,210836,Berlin,3,2021,5,7,4,3,3,6,0,1,0,0,0,1,0,0,"13,37403638","52,59760866"
33256,210835,Berlin,1,2021,4,15,3,3,5,3,0,0,1,0,1,0,0,0,"13,39507452","52,50797636"
33257,210834,Berlin,8,2021,3,16,2,3,2,6,0,1,1,0,0,0,0,0,"13,43566958","52,42466538"
33258,210833,Berlin,4,2021,4,16,5,3,5,2,0,0,1,0,0,0,0,0,"13,32623697","52,53803842"
33259,210832,Berlin,12,2021,3,19,5,3,1,5,2,1,1,0,0,0,0,0,"13,32656682","52,56447208"
33260,210831,Berlin,6,2021,5,12,2,3,5,3,0,1,1,0,0,0,0,0,"13,3108023","52,44294362"
33261,210830,Berlin,2,2021,4,17,7,3,1,5,0,0,1,0,0,0,0,0,"13,41641584","52,49963969"
33262,210829,Berlin,8,2021,5,15,2,3,0,1,0,1,0,0,0,0,0,0,"13,43125322","52,46787235"
33263,210828,Berlin,6,2021,4,15,4,2,0,6,0,0,1,0,1,0,0,0,"13,27281083","52,40963614"
33264,210827,Berlin,11,2021,5,0,7,3,1,5,2,0,0,0,1,0,1,1,"13,4855398","52,50669378"
33265,210826,Berlin,12,2021,4,15,1,2,5,2,0,0,1,0,1,0,0,0,"13,31192298","52,56793183"
33266,210825,Berlin,1,2021,5,18,5,3,2,7,0,0,1,0,0,0,1,0,"13,37584171","52,50924807"
33267,210824,Berlin,1,2021,4,13,3,3,2,6,0,0,1,0,0,0,0,0,"13,37917429","52,55301316"
33268,210823,Berlin,1,2021,4,12,7,3,2,6,0,0,1,0,0,0,0,0,"13,33430812","52,54112956"
33269,210822,Berlin,2,2021,4,16,3,3,5,2,0,1,0,0,0,0,1,1,"13,37653176","52,4877061"
33270,210821,Berlin,7,2021,5,15,4,3,5,2,0,1,1,0,0,0,0,0,"13,32787422","52,47243284"
33271,210820,Berlin,8,2021,4,15,5,3,0,6,0,0,0,0,0,0,1,0,"13,43471125","52,46192427"
33272,210819,Berlin,10,2021,3,7,3,3,2,6,0,0,1,0,0,0,0,0,"13,57187276","52,54676872"
33273,210818,Berlin,12,2021,4,10,1,3,0,2,0,1,0,0,1,0,0,0,"13,2258623","52,62774037"
33274,210817,Berlin,10,2021,3,9,6,3,4,5,0,1,1,0,0,0,0,0,"13,53364738","52,5176548"
33275,210816,Berlin,10,2021,5,16,3,3,0,7,0,0,1,0,0,0,0,0,"13,58944277","52,52785915"
33276,210815,Berlin,10,2021,5,15,3,3,2,6,0,0,1,0,0,0,0,0,"13,56249886","52,49963453"
33277,210814,Berlin,8,2021,4,13,6,3,5,7,0,0,1,0,1,0,0,0,"13,4501308","52,48604155"
33278,210813,Berlin,4,2021,5,15,6,3,2,6,0,0,1,0,0,0,0,0,"13,27350703","52,50897283"
33279,210812,Berlin,7,2021,4,14,4,3,2,6,0,0,1,0,0,0,0,0,"13,37761086","52,44258528"
33280,210811,Berlin,7,2021,3,12,3,3,5,7,0,0,1,0,1,0,0,0,"13,35344403","52,50140535"
33281,210810,Berlin,7,2021,4,5,5,3,5,3,2,1,1,0,0,0,0,1,"13,39635928","52,39674452"
33282,210809,Berlin,2,2021,4,12,3,3,6,4,0,0,1,1,0,0,0,0,"13,43008312","52,51054257"
33283,210808,Berlin,9,2021,5,15,2,3,5,3,0,1,0,0,0,0,0,0,"13,69953656","52,4225792"
33284,210807,Berlin,9,2021,3,19,3,3,2,6,0,0,1,0,0,0,1,0,"13,55832821","52,45551052"
33285,210806,Berlin,11,2021,4,11,2,2,0,3,0,0,1,0,0,0,1,0,"13,49573853","52,52295978"
33286,210805,Berlin,3,2021,5,16,2,3,5,2,0,0,1,0,0,0,0,0,"13,43443524","52,54955872"
33287,210804,Berlin,2,2021,5,20,4,3,5,3,2,0,1,0,0,0,0,0,"13,39071748","52,49217221"
33288,210803,Berlin,3,2021,5,22,4,3,1,5,2,0,1,0,1,0,0,0,"13,40865899","52,53755126"
33289,210802,Berlin,2,2021,4,9,6,3,5,2,0,1,1,0,0,0,0,0,"13,42314167","52,48678606"
33290,210801,Berlin,5,2021,3,16,4,3,5,2,0,1,1,0,0,0,0,0,"13,20707626","52,533318"
33291,210800,Berlin,4,2021,5,19,1,3,5,2,0,0,1,0,0,0,0,1,"13,28523416","52,47966833"
33292,210799,Berlin,9,2021,5,13,4,3,2,5,0,0,1,0,0,0,0,0,"13,4786322","52,44278238"
33293,210798,Berlin,2,2021,4,9,4,2,5,5,0,1,1,0,0,0,0,0,"13,4365248","52,49256278"
33294,210797,Berlin,1,2021,3,8,4,2,5,3,0,0,1,0,0,0,1,0,"13,38276775","52,55395119"
33295,210796,Berlin,1,2021,5,13,2,3,0,7,0,1,0,0,0,0,0,0,"13,32768706","52,52428379"
33296,210795,Berlin,8,2021,4,13,2,3,5,3,0,1,1,0,0,0,0,0,"13,44089828","52,46089442"
33297,210794,Berlin,12,2021,5,15,2,3,2,6,0,0,1,0,0,0,0,0,"13,3464767","52,59714127"
33298,210793,Berlin,3,2021,5,11,2,3,5,2,0,0,1,0,0,0,1,0,"13,41103012","52,55398832"
33299,210792,Berlin,1,2021,5,20,6,3,1,5,1,1,1,0,0,0,0,1,"13,33671709","52,52658276"
33300,210791,Berlin,3,2021,5,14,5,3,2,6,0,0,1,0,0,0,0,0,"13,44192604","52,55478794"
33301,210790,Berlin,6,2021,4,14,1,2,5,3,0,0,1,0,0,0,1,0,"13,32632523","52,44751267"
33302,210789,Berlin,1,2021,4,17,5,3,1,5,0,0,1,0,1,0,0,0,"13,37990685","52,55141525"
33303,210788,Berlin,7,2021,5,14,4,3,5,3,0,0,0,0,1,0,1,0,"13,3980887","52,46514246"
33304,210787,Berlin,2,2021,4,19,4,3,4,7,0,1,0,1,0,0,0,0,"13,44057043","52,50178883"
33305,210786,Berlin,4,2021,3,15,1,3,6,7,0,0,1,1,0,0,0,0,"13,32966593","52,50738336"
33306,210785,Berlin,8,2021,4,18,5,3,2,6,0,0,1,0,0,0,0,0,"13,46257137","52,42335611"
33307,210784,Berlin,7,2021,3,14,5,3,5,3,0,0,1,0,0,0,0,0,"13,37054366","52,46892095"
33308,210783,Berlin,4,2021,5,19,4,3,2,2,0,0,1,0,0,0,0,1,"13,27498112","52,51283957"
33309,210782,Berlin,5,2021,5,13,2,3,2,3,0,0,1,0,0,0,0,0,"13,24134114","52,53859731"
33310,210781,Berlin,8,2021,4,16,4,3,5,3,0,1,1,0,0,0,0,0,"13,40642264","52,42748152"
33311,210780,Berlin,5,2021,5,23,1,3,1,5,2,1,1,0,0,0,0,0,"13,20644804","52,5333834"
33312,210779,Berlin,9,2021,4,17,1,3,5,2,0,1,1,0,0,0,0,0,"13,58201129","52,44283575"
33313,210778,Berlin,6,2021,5,19,6,3,5,3,0,0,1,0,1,0,0,0,"13,34506221","52,43707749"
33314,210777,Berlin,4,2021,4,13,3,3,2,6,0,0,1,0,0,0,0,0,"13,28577216","52,49517955"
33315,210776,Berlin,2,2021,3,19,3,3,0,2,0,1,0,0,0,0,1,0,"13,38934847","52,49610841"
33316,210775,Berlin,6,2021,4,17,3,3,0,6,0,1,1,0,0,0,0,0,"13,3296167","52,44567164"
33317,210774,Berlin,8,2021,5,19,6,3,1,5,0,1,1,0,0,0,0,0,"13,42891544","52,48578224"
33318,210773,Berlin,12,2021,4,18,5,3,5,3,0,1,1,0,0,0,0,0,"13,2401833","52,61879502"
33319,210772,Berlin,3,2021,3,9,2,3,2,6,0,0,0,0,1,0,1,0,"13,43326985","52,60643456"
33320,210771,Berlin,8,2021,4,17,7,3,5,3,0,1,1,0,0,0,0,0,"13,44832706","52,46845666"
33321,210770,Berlin,2,2021,3,19,6,3,0,3,2,1,0,0,0,0,1,0,"13,42213019","52,49917878"
33322,210769,Berlin,7,2021,5,16,2,3,5,2,0,1,1,0,0,0,0,0,"13,32839253","52,46496203"
33323,210768,Berlin,2,2021,5,19,5,3,1,5,0,1,1,0,0,0,0,0,"13,44047416","52,51659426"
33324,210767,Berlin,3,2021,5,20,4,3,6,4,1,0,1,1,0,0,0,0,"13,4654176","52,55753986"
33325,210766,Berlin,8,2021,4,15,4,3,5,3,0,1,1,0,0,0,0,0,"13,46648847","52,43346523"
33326,210765,Berlin,12,2021,4,12,6,3,3,2,0,0,1,0,0,0,1,0,"13,33451481","52,60351323"
33327,210764,Berlin,3,2021,4,8,3,2,5,2,0,0,1,0,1,0,0,0,"13,36507233","52,59006819"
33328,210763,Berlin,1,2021,3,12,4,3,5,3,0,1,1,0,0,0,0,0,"13,39088419","52,51584761"
33329,210762,Berlin,3,2021,4,15,6,3,2,6,0,0,1,0,0,0,0,0,"13,42043629","52,60650283"
33330,210761,Berlin,4,2021,5,11,7,3,0,2,0,0,1,0,0,0,1,0,"13,27418413","52,51922695"
33331,210760,Berlin,3,2021,5,9,6,3,1,5,0,1,1,0,0,0,0,0,"13,41644799","52,54485209"
33332,210759,Berlin,1,2021,4,19,2,3,5,7,0,0,1,0,1,0,0,1,"13,38553165","52,55019612"
33333,210758,Berlin,5,2021,4,17,5,3,0,7,0,1,0,0,0,0,0,0,"13,26109571","52,54402576"
33334,210757,Berlin,6,2021,4,19,3,3,0,2,1,1,1,0,0,0,0,1,"13,29370703","52,45804837"
33335,210756,Berlin,4,2021,4,18,3,2,5,3,0,1,0,0,1,0,0,1,"13,30307195","52,50556871"
33336,210755,Berlin,4,2021,5,17,5,3,0,1,0,1,0,0,0,0,0,1,"13,33114225","52,50526235"
33337,210754,Berlin,8,2021,4,6,4,3,5,2,0,1,0,0,0,0,1,0,"13,43408877","52,46313441"
33338,210753,Berlin,1,2021,3,8,2,3,6,4,0,1,0,1,0,0,0,0,"13,34570815","52,54735878"
33339,210752,Berlin,2,2021,4,15,6,3,5,2,0,1,1,0,0,0,0,0,"13,45148974","52,52039007"
33340,210751,Berlin,4,2021,3,9,6,2,5,2,0,1,1,0,0,0,0,1,"13,31402489","52,50621528"
33341,210750,Berlin,12,2021,5,14,3,3,2,6,0,0,1,0,0,0,0,1,"13,32458876","52,58761154"
33342,210749,Berlin,5,2021,5,9,2,3,5,2,0,0,1,0,0,0,0,0,"13,19230106","52,53409914"
33343,210748,Berlin,12,2021,4,17,5,3,6,7,0,0,1,1,0,0,0,1,"13,3634257","52,57151745"
33344,210747,Berlin,4,2021,4,16,3,3,0,6,0,0,1,0,1,0,0,0,"13,31923356","52,49217204"
33345,210746,Berlin,7,2021,3,15,3,2,4,6,0,0,1,0,0,0,0,0,"13,36772098","52,44932025"
33346,210745,Berlin,6,2021,4,14,6,3,6,4,0,0,1,1,0,0,0,0,"13,24399604","52,42570872"
33347,210744,Berlin,9,2021,4,8,3,3,2,6,0,0,1,0,0,0,1,0,"13,4780892","52,45477834"
33348,210743,Berlin,10,2021,5,13,7,3,5,2,0,1,1,0,0,0,0,0,"13,59181667","52,54546437"
33349,210742,Berlin,1,2021,5,12,7,3,1,5,0,1,1,0,0,0,0,1,"13,39646531","52,50894955"
33350,210741,Berlin,11,2021,3,16,3,3,2,7,0,0,1,0,0,0,0,0,"13,50443764","52,53697127"
33351,210740,Berlin,9,2021,4,14,2,3,5,3,0,1,1,0,0,0,0,0,"13,57525949","52,45383895"
33352,210739,Berlin,6,2021,5,15,2,3,5,3,0,1,0,0,0,0,1,0,"13,32071357","52,4570199"
33353,210738,Berlin,3,2021,5,18,5,3,5,2,0,1,0,0,0,0,0,0,"13,39740726","52,57129612"
33354,210737,Berlin,11,2021,5,18,4,3,2,6,0,0,1,0,0,0,0,0,"13,48895133","52,54225105"
33355,210736,Berlin,6,2021,4,10,6,3,5,3,0,0,1,0,0,0,0,0,"13,30306353","52,42905069"
33356,210735,Berlin,5,2021,3,11,4,2,2,6,0,0,1,0,0,0,0,0,"13,19550099","52,55527308"
33357,210734,Berlin,7,2021,5,18,3,3,0,2,0,1,1,0,0,0,0,0,"13,3760752","52,40912347"
33358,210733,Berlin,6,2021,4,8,4,3,2,6,0,0,1,0,0,0,1,0,"13,31850868","52,45180659"
33359,210732,Berlin,1,2021,3,14,4,3,8,7,0,0,0,0,0,0,1,0,"13,40324343","52,52502007"
33360,210731,Berlin,7,2021,5,20,2,3,5,3,2,0,1,0,0,0,0,1,"13,34366175","52,49234907"
33361,210730,Berlin,8,2021,4,11,2,3,5,3,0,0,1,0,0,0,0,0,"13,4720485","52,46163508"
33362,210729,Berlin,5,2021,5,17,2,3,2,7,2,0,1,0,1,0,0,1,"13,12647929","52,46784643"
33363,210728,Berlin,8,2021,5,12,3,2,5,3,0,1,1,0,0,0,0,0,"13,44583172","52,41637729"
33364,210727,Berlin,2,2021,5,16,7,3,3,6,0,1,1,0,0,0,0,0,"13,40849825","52,49849185"
33365,210726,Berlin,9,2021,5,14,6,3,5,3,0,1,1,0,0,0,0,0,"13,54516918","52,43432524"
33366,210725,Berlin,8,2021,4,9,2,3,2,6,0,0,1,0,0,0,1,1,"13,41068905","52,41685378"
33367,210724,Berlin,4,2021,4,10,6,3,5,3,0,1,1,0,0,0,0,0,"13,29035837","52,47922657"
33368,210723,Berlin,2,2021,4,15,3,3,5,2,0,1,1,0,0,0,0,0,"13,39490081","52,49627574"
33369,210722,Berlin,1,2021,5,6,4,3,5,2,0,1,1,0,0,0,0,1,"13,32815425","52,53525665"
33370,210721,Berlin,5,2021,4,15,3,3,2,6,0,0,1,0,0,0,0,0,"13,21895179","52,53709091"
33371,210720,Berlin,3,2021,3,10,3,3,1,5,0,1,0,0,0,0,1,0,"13,41101131","52,54748781"
33372,210719,Berlin,5,2021,4,15,5,3,2,6,0,0,1,0,0,0,0,0,"13,26553216","52,53681993"
33373,210718,Berlin,4,2021,3,16,6,3,2,7,0,0,1,0,0,0,0,0,"13,30084942","52,48938118"
33374,210717,Berlin,1,2021,5,14,4,3,5,2,0,1,0,0,0,1,0,0,"13,41597982","52,52710278"
33375,210716,Berlin,10,2021,5,15,4,3,6,4,0,0,1,1,0,0,0,0,"13,57696351","52,54988209"
33376,210715,Berlin,11,2021,4,18,5,3,5,3,1,1,0,0,0,0,0,0,"13,52871208","52,56976435"
33377,210714,Berlin,1,2021,5,17,1,3,2,6,0,0,1,0,0,0,0,0,"13,37665262","52,54327181"
33378,210713,Berlin,5,2021,4,12,3,3,2,6,0,0,1,0,0,0,0,0,"13,1973913","52,53305946"
33379,210712,Berlin,2,2021,5,7,6,3,6,2,0,0,1,1,0,0,0,0,"13,37236682","52,48504842"
33380,210711,Berlin,7,2021,4,18,2,3,1,5,1,1,1,0,0,0,0,0,"13,34933534","52,47030186"
33381,210710,Berlin,4,2021,3,10,2,3,2,6,0,0,1,0,0,0,0,0,"13,33148306","52,49668768"
33382,210709,Berlin,2,2021,4,18,3,3,0,1,0,1,0,0,0,0,0,1,"13,41889861","52,50073048"
33383,210708,Berlin,10,2021,4,10,3,3,5,3,0,0,1,0,0,0,0,0,"13,55669583","52,55714057"
33384,210707,Berlin,1,2021,5,18,6,3,5,7,0,0,1,0,0,0,0,1,"13,35054249","52,53258847"
33385,210706,Berlin,5,2021,4,10,5,3,2,6,0,0,1,0,0,0,0,0,"13,20024906","52,53705877"
33386,210705,Berlin,6,2021,3,17,3,3,1,5,0,0,1,0,0,0,0,0,"13,35747272","52,42287708"
33387,210704,Berlin,7,2021,4,11,7,3,5,2,0,0,0,0,1,0,1,0,"13,39352267","52,44539154"
33388,210703,Berlin,12,2021,3,14,7,3,2,6,0,1,1,0,0,0,0,1,"13,23977394","52,60646714"
33389,210702,Berlin,9,2021,5,10,2,3,4,6,0,1,0,0,0,0,0,0,"13,66183191","52,44932094"
33390,210701,Berlin,2,2021,5,18,5,3,6,7,0,0,0,1,0,0,1,0,"13,44301783","52,51567118"
33391,210700,Berlin,1,2021,5,10,4,2,5,3,0,0,1,0,1,0,0,0,"13,35217067","52,50551548"
33392,210699,Berlin,4,2021,4,15,7,3,2,6,0,0,1,0,0,0,0,0,"13,26930615","52,49951948"
33393,210698,Berlin,2,2021,5,15,1,3,5,3,0,1,1,0,0,0,0,1,"13,43209185","52,50570341"
33394,210697,Berlin,9,2021,4,16,3,2,4,6,0,0,1,0,1,0,0,0,"13,68616692","52,44766468"
33395,210696,Berlin,12,2021,3,15,3,3,2,2,0,0,1,0,0,1,0,0,"13,36067763","52,59692277"
33396,210695,Berlin,12,2021,4,11,7,3,5,3,0,0,1,0,0,0,0,0,"13,36265685","52,6006161"
33397,210694,Berlin,9,2021,5,11,7,3,5,3,0,1,1,0,0,0,0,0,"13,58520509","52,42781996"
33398,210693,Berlin,8,2021,4,12,2,3,1,5,0,0,1,0,0,0,0,0,"13,46302565","52,43032862"
33399,210692,Berlin,7,2021,5,21,2,3,1,7,2,1,1,0,0,0,0,0,"13,34388299","52,49638847"
33400,210691,Berlin,1,2021,5,18,6,3,2,6,0,0,1,0,0,0,0,1,"13,38182196","52,55592244"
33401,210690,Berlin,11,2021,5,16,5,3,2,6,0,0,1,0,0,0,0,0,"13,46596519","52,5242205"