,id,city,district,year,month,hour,weekday,injury_level,collision,movement,light_conditions,bicycle,car,pedestrian,motorbike,truck,other_vehicle,road_conditions,longitude,latitude
33875,210216,Berlin,7,2021,3,7,7,3,8,1,0,0,1,0,0,0,0,0,"13,34624245","52,50022891"
33876,210215,Berlin,9,2021,2,14,4,3,5,3,0,1,1,0,0,0,0,0,"13,55328922","52,46958581"
33877,210214,Berlin,1,2021,1,23,5,3,9,1,2,0,1,0,0,0,0,1,"13,3818161","52,55246536"
33878,210213,Berlin,9,2021,3,7,4,3,5,2,0,1,1,0,0,0,0,0,"13,57208033","52,42951352"
33879,210212,Berlin,1,2021,3,15,6,3,1,5,0,1,0,0,0,1,0,0,"13,40354533","52,52641772"
33880,210211,Berlin,12,2021,3,6,2,3,2,6,0,0,1,0,0,0,0,0,"13,27726874","52,57574063"
33881,210210,Berlin,1,2021,2,18,2,3,2,6,2,0,1,0,0,0,0,2,"13,38760134","52,54892314"
33882,210209,Berlin,6,2021,1,11,2,3,5,7,0,0,1,0,0,0,1,2,"13,33920232","52,45777544"
33883,210208,Berlin,7,2021,3,14,3,2,5,2,0,0,1,0,0,0,1,0,"13,37748164","52,48143649"
33884,210207,Berlin,4,2021,1,20,2,3,6,2,2,0,1,1,0,0,0,1,"13,32296976","52,50585024"
33885,210206,Berlin,7,2021,2,9,4,2,6,7,0,0,1,1,0,0,0,1,"13,40969793","52,3871189"
33886,210205,Berlin,10,2021,2,13,6,2,6,4,0,0,1,1,0,0,0,1,"13,56064644","52,48970802"
33887,210204,Berlin,11,2021,3,8,2,3,2,6,0,1,1,0,0,0,0,0,"13,51986608","52,49477329"
33888,210203,Berlin,4,2021,1,8,4,3,5,2,0,1,1,0,0,0,0,1,"13,32782334","52,50551"
33889,210202,Berlin,9,2021,2,11,3,3,1,5,0,0,1,0,0,0,0,1,"13,58654559","52,42562866"
33890,210201,Berlin,7,2021,1,9,5,2,2,2,0,0,1,0,0,0,0,0,"13,39073231","52,4199281"
33891,210200,Berlin,7,2021,3,16,6,3,0,4,0,1,0,1,0,0,0,0,"13,34679763","52,47870842"
33892,210199,Berlin,9,2021,2,17,3,3,6,7,1,1,0,1,0,0,0,0,"13,51188382","52,4642251"
33893,210198,Berlin,8,2021,1,14,7,3,1,5,0,0,1,0,0,0,1,1,"13,42591123","52,4781719"
33894,210197,Berlin,4,2021,3,17,4,2,6,4,0,0,1,1,0,0,0,0,"13,27236609","52,48691202"
33895,210196,Berlin,8,2021,3,8,5,3,0,2,0,1,1,0,0,0,0,1,"13,44164758","52,47041588"
33896,210195,Berlin,8,2021,3,17,1,3,5,2,1,0,1,0,0,0,0,0,"13,44994255","52,44570184"
33897,210194,Berlin,9,2021,2,11,3,3,5,3,0,0,1,0,0,0,0,1,"13,53310676","52,43375908"
33898,210193,Berlin,10,2021,3,15,3,3,5,3,0,1,1,0,0,0,0,0,"13,54869552","52,52812991"
33899,210192,Berlin,7,2021,1,17,5,3,1,5,2,1,1,0,0,0,0,1,"13,34165063","52,50207145"
33900,210191,Berlin,3,2021,2,16,4,3,5,3,0,0,1,0,0,0,0,1,"13,36842595","52,58970042"
33901,210190,Berlin,9,2021,3,8,6,3,0,3,0,0,1,0,0,0,0,1,"13,62554104","52,45757975"
33902,210189,Berlin,11,2021,2,16,4,3,2,6,0,0,1,0,0,0,1,0,"13,4690956","52,50242798"
33903,210188,Berlin,1,2021,1,20,2,3,6,4,2,1,0,1,0,0,0,0,"13,36166973","52,530968"
33904,210187,Berlin,3,2021,3,14,6,3,5,2,0,0,1,0,0,0,1,1,"13,45902391","52,55013372"
33905,210186,Berlin,1,2021,3,17,7,3,5,2,0,1,1,0,0,0,0,1,"13,35983865","52,52345957"
33906,210185,Berlin,10,2021,3,12,2,3,2,6,0,0,1,0,0,0,0,0,"13,60295133","52,53856073"
33907,210184,Berlin,6,2021,1,15,5,2,0,2,0,0,1,0,0,0,1,1,"13,27494622","52,4603661"
33908,210183,Berlin,4,2021,1,14,1,3,6,7,0,0,1,1,0,0,0,0,"13,31510883","52,49089884"
33909,210182,Berlin,1,2021,2,20,2,3,5,2,2,0,1,0,0,0,0,0,"13,41178694","52,52396652"
33910,210181,Berlin,3,2021,3,16,2,3,0,1,0,0,0,0,0,0,1,0,"13,46347499","52,62920996"
33911,210180,Berlin,6,2021,1,17,4,3,6,4,2,0,1,1,0,0,0,0,"13,3393384","52,461601"
33912,210179,Berlin,12,2021,2,14,3,3,5,3,0,0,1,0,0,0,0,2,"13,30534255","52,58208501"
33913,210178,Berlin,7,2021,2,17,5,3,4,6,0,1,0,0,0,0,0,0,"13,40035989","52,48370517"
33914,210177,Berlin,4,2021,1,18,3,3,6,2,2,0,1,1,0,0,0,1,"13,33080562","52,49078137"
33915,210176,Berlin,3,2021,3,9,4,3,0,1,0,1,0,0,0,0,0,0,"13,41331723","52,54869743"
33916,210175,Berlin,9,2021,1,3,6,3,2,7,2,0,1,0,0,0,0,0,"13,4798969","52,46131509"
33917,210174,Berlin,7,2021,1,17,5,3,2,6,2,0,1,0,1,0,0,1,"13,3779797","52,47226102"
33918,210173,Berlin,1,2021,1,17,4,3,2,6,2,0,1,1,0,0,0,1,"13,40134352","52,54009554"
33919,210172,Berlin,9,2021,2,14,2,3,0,6,0,0,1,0,1,0,0,0,"13,57420433","52,44435302"
33920,210171,Berlin,8,2021,3,19,3,3,2,7,2,1,1,0,0,0,0,0,"13,42909228","52,48219181"
33921,210170,Berlin,7,2021,3,15,4,3,1,5,0,1,1,0,0,0,0,0,"13,38532767","52,45277681"
33922,210169,Berlin,7,2021,2,17,3,3,2,6,2,0,1,0,0,0,1,1,"13,38753809","52,43982365"
33923,210168,Berlin,3,2021,3,7,3,2,5,2,0,1,1,0,0,0,0,0,"13,40816272","52,55103059"
33924,210167,Berlin,11,2021,1,18,7,2,6,4,2,0,1,1,0,0,0,0,"13,52540115","52,48209304"
33925,210166,Berlin,2,2021,2,8,2,3,5,2,0,1,1,0,0,0,0,0,"13,38622927","52,50132108"
33926,210165,Berlin,9,2021,3,8,6,3,2,7,0,0,1,0,0,0,0,0,"13,48143281","52,48235261"
33927,210164,Berlin,5,2021,2,13,7,3,4,1,0,0,1,0,0,0,0,2,"13,15321092","52,54664156"
33928,210163,Berlin,7,2021,2,12,5,3,5,3,0,1,1,0,0,0,0,0,"13,4014125","52,38661951"
33929,210162,Berlin,1,2021,1,20,6,3,0,7,2,0,1,0,0,0,0,0,"13,41242433","52,51660588"
33930,210161,Berlin,1,2021,3,13,5,3,5,2,0,1,1,0,0,0,0,0,"13,4212151","52,50985085"
33931,210160,Berlin,2,2021,3,20,5,3,2,6,2,1,1,0,0,0,0,1,"13,45612725","52,50142627"
33932,210159,Berlin,4,2021,3,6,2,3,2,6,0,0,1,0,1,0,0,0,"13,30961707","52,50645668"
33933,210158,Berlin,12,2021,2,18,6,3,2,6,2,0,1,0,0,0,0,0,"13,34539741","52,56688972"
33934,210157,Berlin,4,2021,1,13,6,3,5,2,0,1,1,0,0,0,0,1,"13,29896988","52,50684427"
33935,210156,Berlin,8,2021,3,12,3,3,5,2,0,1,1,0,0,0,0,0,"13,42110297","52,48026771"
33936,210155,Berlin,10,2021,1,17,1,2,6,4,2,0,1,1,1,0,0,1,"13,56076169","52,57100346"
33937,210154,Berlin,8,2021,2,5,4,3,1,5,2,0,1,0,0,0,0,1,"13,43490074","52,46138619"
33938,210153,Berlin,2,2021,3,15,3,3,5,3,0,1,0,0,0,0,0,0,"13,44560598","52,4955691"
33939,210152,Berlin,11,2021,2,17,2,3,0,1,2,0,0,0,1,0,0,2,"13,47308094","52,52060915"
33940,210151,Berlin,1,2021,2,11,6,2,6,7,0,0,1,1,0,0,0,0,"13,34675874","52,50376753"
33941,210150,Berlin,8,2021,1,15,2,3,5,3,0,1,0,0,0,0,1,0,"13,43763267","52,47883503"
33942,210149,Berlin,5,2021,3,9,5,3,5,2,0,0,1,0,0,0,1,1,"13,19861757","52,55533339"
33943,210148,Berlin,5,2021,1,11,7,3,8,1,0,0,1,0,0,0,0,2,"13,21827418","52,52027713"
33944,210147,Berlin,10,2021,3,17,1,3,5,3,1,0,1,0,0,0,0,1,"13,53829056","52,55421293"
33945,210146,Berlin,4,2021,1,17,2,2,5,3,2,1,1,0,0,0,0,1,"13,30797214","52,5245461"
33946,210145,Berlin,2,2021,1,7,3,2,5,3,2,0,1,0,0,0,0,1,"13,39443787","52,50696443"
33947,210144,Berlin,4,2021,2,19,2,2,1,1,2,0,1,0,0,0,0,0,"13,2608685","52,51606264"
33948,210143,Berlin,7,2021,3,10,3,3,5,2,0,1,0,0,1,0,0,0,"13,40287409","52,39405316"
33949,210142,Berlin,2,2021,3,15,4,3,6,4,0,1,0,1,0,0,0,0,"13,46705582","52,52023835"
33950,210141,Berlin,12,2021,1,14,4,3,3,2,0,0,1,0,0,0,1,0,"13,28809794","52,58889062"
33951,210140,Berlin,8,2021,2,14,2,3,3,2,0,0,1,0,0,0,0,1,"13,4646103","52,47038691"
33952,210139,Berlin,2,2021,3,16,2,3,0,3,0,0,1,0,1,0,0,0,"13,43189253","52,50566069"
33953,210138,Berlin,4,2021,1,18,4,3,6,2,2,0,1,1,0,0,0,1,"13,3043325","52,50376865"
33954,210137,Berlin,2,2021,3,12,6,3,3,6,0,1,0,0,0,1,0,0,"13,46644308","52,50875005"
33955,210136,Berlin,7,2021,2,12,4,3,5,7,0,0,1,0,0,0,1,1,"13,39274993","52,45297187"
33956,210135,Berlin,5,2021,2,12,6,3,5,3,0,1,1,0,0,0,0,0,"13,20827786","52,56200495"
33957,210134,Berlin,5,2021,1,13,2,3,2,6,0,0,1,0,1,0,0,0,"13,26042523","52,53701137"
33958,210133,Berlin,1,2021,3,18,5,2,6,4,1,0,0,1,1,0,0,0,"13,35159241","52,50520657"
33959,210132,Berlin,3,2021,3,13,6,2,5,2,0,1,1,0,0,0,0,0,"13,39491627","52,5653385"
33960,210131,Berlin,11,2021,3,14,2,3,1,5,0,1,1,0,0,0,0,0,"13,47497003","52,52043813"
33961,210130,Berlin,4,2021,1,11,3,3,5,3,0,0,1,0,0,0,0,1,"13,29612736","52,51692869"
33962,210129,Berlin,1,2021,1,20,3,3,5,3,2,0,1,0,0,0,0,1,"13,34379774","52,5534275"
33963,210128,Berlin,9,2021,2,5,2,2,5,3,2,0,1,0,1,0,0,0,"13,5323487","52,46169008"
33964,210127,Berlin,3,2021,3,22,1,2,5,2,2,0,1,0,0,0,0,1,"13,38018445","52,57499382"
33965,210126,Berlin,11,2021,1,7,5,2,6,2,2,0,1,1,0,0,0,1,"13,52452603","52,51370453"
33966,210125,Berlin,9,2021,2,13,1,3,5,7,0,0,1,0,0,0,0,2,"13,46416719","52,48551397"
33967,210124,Berlin,10,2021,2,21,7,3,1,5,2,0,0,0,0,1,1,0,"13,57714377","52,57219057"
33968,210123,Berlin,2,2021,1,6,4,3,5,3,2,1,1,0,0,0,0,1,"13,41097559","52,50391409"
33969,210122,Berlin,7,2021,3,12,4,3,2,6,0,1,0,0,0,0,1,0,"13,37885992","52,44958398"
33970,210121,Berlin,11,2021,2,5,3,3,5,2,2,0,1,0,0,0,0,1,"13,50331281","52,57582977"
33971,210120,Berlin,6,2021,1,12,4,3,0,5,0,0,1,0,1,0,0,0,"13,33754929","52,43158818"
33972,210119,Berlin,2,2021,1,13,5,3,0,1,0,1,0,0,0,0,0,2,"13,41417514","52,49844383"
33973,210118,Berlin,10,2021,3,12,6,3,5,3,0,0,1,0,0,0,0,0,"13,63284361","52,52987353"
33974,210117,Berlin,10,2021,2,13,2,3,5,2,0,0,1,0,0,0,0,0,"13,51750984","52,53540929"
33975,210116,Berlin,3,2021,3,10,2,3,5,3,0,0,1,0,0,0,0,0,"13,46722572","52,59705925"
33976,210115,Berlin,11,2021,3,13,5,3,5,3,0,1,1,0,0,0,0,0,"13,47707311","52,52426703"
33977,210114,Berlin,6,2021,2,13,5,3,0,1,0,1,1,0,0,0,0,1,"13,24924135","52,45184463"
33978,210113,Berlin,7,2021,3,21,3,3,2,6,2,0,1,0,0,0,0,0,"13,37557162","52,40907055"
33979,210112,Berlin,12,2021,1,15,5,3,2,6,1,0,1,0,0,0,0,1,"13,31616463","52,58669147"
33980,210111,Berlin,1,2021,2,19,4,3,6,4,2,0,1,1,0,0,0,1,"13,38179564","52,55263241"
33981,210110,Berlin,12,2021,2,15,2,3,5,3,0,0,1,0,0,0,0,2,"13,36783077","52,60274579"
33982,210109,Berlin,12,2021,3,10,7,2,2,6,0,0,1,0,0,0,1,0,"13,36318633","52,58037326"
33983,210108,Berlin,4,2021,2,14,4,3,5,3,0,1,0,0,0,0,0,0,"13,28074429","52,50646761"
33984,210107,Berlin,8,2021,1,13,1,2,9,7,0,0,1,1,0,0,1,1,"13,4319876","52,46634917"
33985,210106,Berlin,4,2021,3,21,5,3,6,4,2,0,1,1,0,0,0,1,"13,31447839","52,49014466"
33986,210105,Berlin,11,2021,3,17,1,3,5,3,0,1,1,0,0,0,0,1,"13,50966221","52,57214734"
33987,210104,Berlin,9,2021,3,10,2,2,5,3,0,1,1,0,0,0,0,0,"13,45052654","52,49138231"
33988,210103,Berlin,2,2021,2,14,6,3,6,4,0,1,0,1,0,0,0,0,"13,46721438","52,51267984"
33989,210102,Berlin,1,2021,1,14,7,3,9,7,0,0,1,0,0,0,0,0,"13,3629383","52,49970112"
33990,210101,Berlin,8,2021,1,14,3,3,5,2,0,1,1,0,0,0,0,1,"13,44988181","52,44555219"
33991,210100,Berlin,3,2021,1,14,3,3,1,5,0,1,1,0,0,0,0,1,"13,41805169","52,53830235"
33992,210099,Berlin,5,2021,2,9,5,3,2,6,0,0,1,0,0,0,0,1,"13,1828244","52,5128332"
33993,210098,Berlin,11,2021,3,15,3,2,5,2,0,1,1,0,0,0,0,0,"13,50812633","52,54853271"
33994,210097,Berlin,1,2021,1,14,3,3,0,1,0,1,0,0,0,0,0,0,"13,39169744","52,51222713"
33995,210096,Berlin,4,2021,2,9,3,3,5,2,0,0,1,0,0,0,0,2,"13,31279614","52,48047312"
33996,210095,Berlin,1,2021,2,20,5,3,5,3,2,1,1,0,0,0,0,0,"13,37975939","52,52261569"
33997,210094,Berlin,5,2021,1,13,2,2,3,6,0,1,1,0,0,0,0,0,"13,207501","52,55507856"
33998,210093,Berlin,4,2021,3,14,4,3,1,5,0,0,0,0,1,0,1,0,"13,33879181","52,50516113"
33999,210092,Berlin,2,2021,2,17,6,3,5,3,2,0,1,0,0,0,0,1,"13,39640523","52,4912485"
34000,210091,Berlin,9,2021,3,18,2,3,2,6,2,0,1,0,0,0,0,0,"13,55951268","52,45593709"
34001,210090,Berlin,8,2021,1,17,2,3,6,2,2,0,0,1,0,1,0,1,"13,46437881","52,47021427"
34002,210089,Berlin,1,2021,1,8,3,3,6,4,0,0,0,1,0,0,1,0,"13,38450834","52,53834055"
34003,210088,Berlin,7,2021,2,14,1,3,6,2,0,0,1,1,0,0,0,0,"13,361259","52,41260135"
34004,210087,Berlin,2,2021,3,8,3,3,6,4,0,0,1,1,0,0,0,0,"13,44338258","52,50032485"
34005,210086,Berlin,7,2021,3,16,4,2,5,3,0,0,1,0,1,0,0,0,"13,37400369","52,42138946"
34006,210085,Berlin,2,2021,2,11,7,3,5,7,0,0,1,0,0,0,0,0,"13,40043723","52,49432337"
34007,210084,Berlin,4,2021,2,11,7,3,5,3,0,0,1,0,0,0,0,0,"13,28762364","52,47570342"
34008,210083,Berlin,8,2021,1,12,4,3,5,3,0,0,1,0,0,0,0,1,"13,43441362","52,47257343"
34009,210082,Berlin,4,2021,3,17,5,3,2,2,1,0,1,0,0,0,1,0,"13,29441235","52,53440873"
34010,210081,Berlin,4,2021,2,15,3,3,5,2,0,0,1,0,0,0,0,1,"13,32623697","52,53803842"
34011,210080,Berlin,2,2021,1,10,4,3,5,3,0,0,1,0,0,0,1,0,"13,38246276","52,50452726"
34012,210079,Berlin,8,2021,3,19,5,3,6,2,2,0,1,1,0,0,0,1,"13,44884685","52,48504836"
34013,210078,Berlin,6,2021,2,15,3,3,5,3,0,1,1,0,0,0,0,0,"13,15056063","52,41841925"
34014,210077,Berlin,12,2021,3,13,4,3,2,2,0,0,1,0,0,0,0,0,"13,23996583","52,61880108"
34015,210076,Berlin,5,2021,3,10,5,3,3,6,0,0,1,0,0,0,0,1,"13,15877833","52,52091376"
34016,210075,Berlin,2,2021,2,17,3,3,6,4,2,1,1,1,0,0,0,2,"13,39523845","52,49712077"
34017,210074,Berlin,5,2021,3,19,3,3,5,2,2,0,1,0,0,0,1,0,"13,18450965","52,54763223"
34018,210073,Berlin,4,2021,1,14,5,3,2,6,0,0,1,0,0,0,0,0,"13,28513533","52,49488487"
34019,210072,Berlin,4,2021,2,10,4,3,0,1,0,0,1,0,0,0,0,1,"13,28263871","52,51863133"
34020,210071,Berlin,6,2021,3,18,1,3,0,7,2,0,1,0,0,0,0,1,"13,34360491","52,41553756"
34021,210070,Berlin,2,2021,3,14,4,3,6,7,0,0,1,1,0,0,0,0,"13,40071262","52,49427775"
34022,210069,Berlin,6,2021,2,11,3,3,5,3,0,0,1,0,0,0,0,1,"13,26045236","52,44443575"
34023,210068,Berlin,3,2021,2,14,6,3,5,3,0,0,1,0,0,0,0,2,"13,43786063","52,59300033"
34024,210067,Berlin,10,2021,1,14,5,3,2,7,0,0,1,0,0,0,0,0,"13,60419668","52,53893994"
34025,210066,Berlin,5,2021,1,6,5,2,6,2,1,0,1,1,0,0,0,2,"13,14154369","52,53235254"
34026,210065,Berlin,4,2021,3,16,5,3,5,3,0,1,1,0,0,0,0,0,"13,32172781","52,49288129"
34027,210064,Berlin,10,2021,2,16,3,3,2,6,0,0,1,0,0,0,0,0,"13,57211165","52,5461523"
34028,210063,Berlin,9,2021,3,8,4,3,2,6,0,0,1,0,0,0,0,0,"13,5486023","52,42763882"
34029,210062,Berlin,1,2021,1,19,5,3,2,6,2,1,1,0,0,0,0,0,"13,40502561","52,5339037"
34030,210061,Berlin,11,2021,3,6,5,3,0,1,1,1,0,0,0,0,0,1,"13,48666906","52,52664918"
34031,210060,Berlin,6,2021,2,7,5,3,2,6,0,0,1,0,0,0,0,1,"13,32229121","52,41038573"
34032,210059,Berlin,12,2021,3,16,3,3,6,7,0,1,0,1,0,0,0,0,"13,32597123","52,5923007"
34033,210058,Berlin,3,2021,1,16,5,3,3,6,1,1,0,0,0,1,0,1,"13,43878047","52,54794457"
34034,210057,Berlin,7,2021,2,12,5,3,5,2,0,0,1,0,0,0,0,1,"13,34627041","52,50107232"
34035,210056,Berlin,5,2021,2,6,2,3,6,7,2,0,1,1,0,0,0,1,"13,22821388","52,53007557"
34036,210055,Berlin,1,2021,3,8,7,3,1,5,0,1,1,0,0,0,0,0,"13,38343225","52,53397163"
34037,210054,Berlin,1,2021,2,14,4,2,4,6,0,1,0,0,0,0,0,0,"13,34203037","52,52626933"
34038,210053,Berlin,3,2021,1,14,1,3,1,5,0,1,1,0,0,0,0,1,"13,44563683","52,53883238"
34039,210052,Berlin,3,2021,3,16,6,3,0,4,0,0,0,1,0,0,1,0,"13,40928824","52,56642148"
34040,210051,Berlin,1,2021,2,21,1,3,5,3,2,0,1,0,0,0,0,2,"13,36280782","52,4997229"
34041,210050,Berlin,9,2021,3,8,7,3,5,2,0,1,1,0,0,0,0,1,"13,62169812","52,45061883"
34042,210049,Berlin,6,2021,3,13,7,3,3,6,0,1,1,0,0,0,0,0,"13,30005231","52,43992245"
34043,210048,Berlin,2,2021,2,13,7,3,0,2,0,1,0,0,0,0,1,0,"13,37966859","52,49429834"
34044,210047,Berlin,12,2021,1,11,6,3,1,7,0,0,1,1,0,0,0,1,"13,37074077","52,5630257"
34045,210046,Berlin,1,2021,1,14,2,2,5,2,0,1,1,0,0,0,0,1,"13,38715811","52,5597998"
34046,210045,Berlin,1,2021,2,15,1,3,2,2,0,1,0,0,0,0,1,0,"13,38325952","52,53063536"
34047,210044,Berlin,5,2021,3,17,3,3,2,6,1,0,1,0,0,0,0,0,"13,27981651","52,53432296"
34048,210043,Berlin,4,2021,1,18,3,3,3,2,2,0,1,0,0,0,0,1,"13,29385608","52,53476839"
34049,210042,Berlin,5,2021,2,14,2,3,1,5,0,0,1,0,0,0,0,2,"13,13287979","52,45106783"
34050,210041,Berlin,8,2021,2,17,6,3,5,3,0,0,1,0,0,0,1,0,"13,43478852","52,43923971"
34051,210040,Berlin,12,2021,1,9,3,3,5,2,0,0,1,0,0,0,0,1,"13,31543439","52,57783744"
34052,210039,Berlin,12,2021,3,15,4,3,6,4,0,0,1,1,0,0,0,0,"13,29536507","52,62876091"
34053,210038,Berlin,7,2021,1,15,6,3,5,7,0,0,1,0,0,0,0,0,"13,3884382","52,45674805"
34054,210037,Berlin,12,2021,1,13,3,3,5,2,0,1,0,0,0,1,0,1,"13,28539402","52,59482019"
34055,210036,Berlin,8,2021,1,9,3,3,5,2,0,1,1,0,0,0,0,1,"13,45244174","52,47283818"
34056,210035,Berlin,5,2021,2,15,1,3,5,2,0,1,1,0,0,0,0,0,"13,18788832","52,54700248"
34057,210034,Berlin,10,2021,3,16,2,3,5,2,0,1,1,0,0,0,0,1,"13,51895151","52,5314907"
34058,210033,Berlin,6,2021,3,18,3,3,5,2,2,1,1,0,0,0,0,0,"13,33886604","52,46451464"
34059,210032,Berlin,5,2021,2,14,1,3,0,7,0,0,1,0,0,0,1,0,"13,15055349","52,52295421"
34060,210031,Berlin,6,2021,2,15,7,3,5,3,0,1,1,0,0,0,0,0,"13,32997657","52,46443812"
34061,210030,Berlin,12,2021,1,13,4,2,6,2,0,0,1,1,0,0,0,1,"13,24483566","52,61445463"
34062,210029,Berlin,7,2021,2,17,3,3,6,2,2,0,1,1,0,0,0,1,"13,36792922","52,41896813"
34063,210028,Berlin,8,2021,1,8,4,2,0,1,0,1,0,0,0,0,0,1,"13,40591121","52,41559563"
34064,210027,Berlin,5,2021,3,14,6,3,5,3,0,1,1,0,0,0,0,0,"13,26840173","52,53675635"
34065,210026,Berlin,4,2021,2,12,1,3,3,6,0,0,1,0,0,0,0,2,"13,27052828","52,51063692"
34066,210025,Berlin,8,2021,2,17,3,3,0,1,1,0,0,0,1,0,0,0,"13,45165306","52,45253029"
34067,210024,Berlin,6,2021,1,11,1,3,5,3,0,1,1,0,0,0,0,1,"13,32394951","52,4560999"
34068,210023,Berlin,11,2021,3,7,4,3,5,3,0,1,1,0,0,0,0,0,"13,51184392","52,54648049"
34069,210022,Berlin,12,2021,3,16,5,2,6,4,0,0,1,1,0,0,0,1,"13,36492651","52,597145"
34070,210021,Berlin,11,2021,3,23,6,2,5,3,2,0,1,0,0,0,1,0,"13,49489678","52,54206726"
34071,210020,Berlin,9,2021,2,14,4,3,0,4,0,0,0,1,0,0,1,1,"13,51748439","52,4616639"
34072,210019,Berlin,9,2021,3,13,2,3,5,3,0,1,1,0,0,0,0,0,"13,54515056","52,43433854"
34073,210018,Berlin,10,2021,1,21,5,2,9,7,2,0,1,0,0,0,0,1,"13,53907447","52,55428271"
34074,210017,Berlin,9,2021,2,13,4,2,0,1,0,0,0,0,1,0,0,1,"13,50524698","52,44479673"
34075,210016,Berlin,12,2021,1,10,5,3,6,4,0,0,1,1,0,0,0,1,"13,32978083","52,56913584"
34076,210015,Berlin,1,2021,3,8,7,2,6,7,0,0,1,1,0,0,0,0,"13,3444765","52,50436914"
34077,210014,Berlin,9,2021,2,20,4,3,8,1,2,0,0,0,1,0,0,0,"13,49750546","52,45809045"
34078,210013,Berlin,5,2021,1,18,1,3,6,2,2,0,1,1,0,0,0,1,"13,16531327","52,55126224"
34079,210012,Berlin,1,2021,3,15,6,2,2,6,0,1,0,0,0,0,0,1,"13,38840785","52,53399059"
34080,210011,Berlin,7,2021,3,12,7,3,5,2,0,0,1,0,0,0,0,1,"13,40623865","52,40437741"
34081,210010,Berlin,3,2021,1,15,6,3,6,4,0,0,1,1,0,0,0,1,"13,45292168","52,55186233"
34082,210009,Berlin,1,2021,1,11,1,2,5,2,0,0,1,0,1,0,0,0,"13,41182226","52,52396765"
34083,210008,Berlin,9,2021,2,6,1,3,1,5,1,0,1,0,0,0,0,0,"13,48500082","52,46704747"
34084,210007,Berlin,1,2021,3,19,1,3,2,6,2,0,1,0,0,0,1,1,"13,4048491","52,51353234"
34085,210006,Berlin,8,2021,1,14,3,2,6,2,0,0,0,1,0,0,1,0,"13,426346","52,47754794"
34086,210005,Berlin,10,2021,2,13,2,3,6,4,0,0,1,1,0,0,0,2,"13,61222667","52,51185988"
34087,210004,Berlin,2,2021,2,18,5,2,5,2,2,0,1,0,0,0,1,0,"13,40932199","52,50172909"
34088,210003,Berlin,8,2021,1,7,4,3,2,2,2,0,1,0,0,1,0,1,"13,44812448","52,47765568"
34089,210002,Berlin,5,2021,3,6,4,3,2,6,0,0,1,0,1,0,0,0,"13,1578742","52,5613587"
34090,210001,Berlin,1,2021,1,14,7,3,5,2,0,0,1,0,0,0,0,1,"13,39893273","52,53254512"
34091,210000,Berlin,1,2021,2,10,5,3,5,3,0,1,1,0,0,0,0,0,"13,39422235","52,50789917"
34092,209999,Berlin,1,2021,1,13,7,3,5,2,0,1,1,0,0,0,0,1,"13,38478693","52,55064062"
34093,209998,Berlin,4,2021,3,6,5,3,2,6,0,0,1,0,0,0,0,1,"13,29712916","52,53454852"
34094,209997,Berlin,8,2021,2,17,1,3,4,5,2,0,1,0,0,0,0,2,"13,43513611","52,42686173"
34095,209996,Berlin,1,2021,3,7,7,3,1,5,0,0,1,0,0,0,0,1,"13,38290655","52,52311373"
34096,209995,Berlin,3,2021,3,12,2,3,6,4,0,0,1,1,0,0,0,0,"13,39198248","52,58393009"
34097,209994,Berlin,4,2021,2,12,6,3,5,3,0,0,1,0,0,0,0,0,"13,27390367","52,50968098"
34098,209993,Berlin,5,2021,1,17,7,2,6,4,2,0,1,1,0,0,0,0,"13,21307875","52,56164255"
34099,209992,Berlin,6,2021,1,7,2,3,5,3,0,0,1,0,0,0,0,1,"13,31868737","52,45446522"
34100,209991,Berlin,3,2021,2,10,6,2,5,3,0,1,0,0,0,0,1,0,"13,43074653","52,53450049"
34101,209990,Berlin,2,2021,3,15,2,3,5,2,0,1,1,0,0,0,0,0,"13,46608437","52,49997034"
34102,209989,Berlin,5,2021,2,19,3,3,1,5,2,0,1,0,0,0,0,1,"13,22531149","52,53755195"
34103,209988,Berlin,7,2021,2,9,5,3,6,4,0,1,0,1,0,0,0,0,"13,35611576","52,48597528"
34104,209987,Berlin,1,2021,1,8,2,3,0,2,0,1,1,0,0,0,0,1,"13,3804334","52,51811757"
34105,209986,Berlin,3,2021,3,16,4,3,5,2,0,0,1,0,1,0,0,0,"13,42708346","52,58735669"
34106,209985,Berlin,3,2021,1,15,7,3,5,3,0,0,1,0,0,0,0,1,"13,40269794","52,60065823"
34107,209984,Berlin,1,2021,1,12,3,3,5,7,0,0,0,0,0,1,1,1,"13,37978713","52,55607929"
34108,209983,Berlin,10,2021,1,10,3,3,5,3,0,0,1,0,0,0,0,1,"13,57357341","52,55241006"
34109,209982,Berlin,5,2021,2,20,1,3,8,1,2,0,1,0,0,0,0,0,"13,14168251","52,45543258"
34110,209981,Berlin,9,2021,3,15,3,3,0,7,0,0,1,0,0,0,0,0,"13,5755264","52,44550589"