,id,city,district,year,month,hour,weekday,injury_level,collision,movement,light_conditions,bicycle,car,pedestrian,motorbike,truck,other_vehicle,road_conditions,longitude,latitude
34111,209980,Berlin,7,2021,3,14,4,3,5,3,0,0,1,0,0,0,0,0,"13,37127522","52,43647208"
34112,209979,Berlin,9,2021,2,8,2,3,2,6,0,0,1,0,0,0,0,1,"13,54219461","52,45777954"
34113,209978,Berlin,9,2021,3,0,2,3,5,3,2,1,1,0,0,0,0,0,"13,50708375","52,46326252"
34114,209977,Berlin,3,2021,1,9,3,3,6,4,0,0,1,1,0,0,0,1,"13,44300053","52,55141963"
34115,209976,Berlin,10,2021,2,15,3,3,2,6,0,0,1,0,0,0,0,1,"13,5668268","52,55598398"
34116,209975,Berlin,10,2021,1,16,5,3,2,6,1,0,1,0,0,0,0,1,"13,61532747","52,5316394"
34117,209974,Berlin,4,2021,3,13,6,3,3,6,0,0,1,0,0,0,0,0,"13,29880237","52,51951557"
34118,209973,Berlin,3,2021,3,8,6,3,5,2,0,1,1,0,0,0,0,1,"13,40863952","52,55394606"
34119,209972,Berlin,1,2021,2,15,1,3,2,6,0,0,1,0,0,0,0,2,"13,38410022","52,55552524"
34120,209971,Berlin,9,2021,2,15,3,3,0,6,0,1,0,0,0,1,0,0,"13,54922197","52,4383264"
34121,209970,Berlin,1,2021,1,11,7,3,5,2,0,1,0,0,0,0,1,1,"13,38067079","52,51662448"
34122,209969,Berlin,8,2021,3,23,4,2,5,3,2,1,1,0,0,0,0,1,"13,4311478","52,4677897"
34123,209968,Berlin,4,2021,3,12,6,2,5,3,0,0,1,0,0,0,0,0,"13,3029661","52,50553435"
34124,209967,Berlin,11,2021,3,11,6,3,6,7,0,0,0,1,0,0,1,1,"13,47166356","52,52723976"
34125,209966,Berlin,12,2021,2,12,5,3,1,5,0,0,1,0,0,0,0,0,"13,30689775","52,61688582"
34126,209965,Berlin,4,2021,1,13,1,3,5,3,0,0,1,0,0,0,0,0,"13,33097146","52,49513828"
34127,209964,Berlin,3,2021,3,15,3,2,6,4,0,0,1,1,0,0,0,0,"13,49253911","52,62331059"
34128,209963,Berlin,12,2021,1,20,1,3,6,2,2,0,1,1,0,0,0,0,"13,294794","52,57650747"
34129,209962,Berlin,4,2021,2,19,4,3,6,2,2,0,1,1,0,0,0,1,"13,32274784","52,48643807"
34130,209961,Berlin,2,2021,3,7,6,3,2,7,0,0,1,0,0,0,0,0,"13,42013981","52,48988853"
34131,209960,Berlin,3,2021,2,16,4,3,5,3,0,0,1,0,0,0,0,2,"13,42264","52,5415198"
34132,209959,Berlin,5,2021,2,11,6,3,2,6,0,0,1,0,0,0,0,1,"13,17131856","52,53369407"
34133,209958,Berlin,3,2021,1,9,2,3,5,2,0,1,1,0,0,0,0,1,"13,47692929","52,56699518"
34134,209957,Berlin,3,2021,3,9,5,3,1,5,0,1,1,0,0,0,0,0,"13,42364306","52,54347835"
34135,209956,Berlin,11,2021,3,13,6,3,6,4,0,0,0,1,0,0,1,0,"13,50384388","52,56426721"
34136,209955,Berlin,11,2021,3,9,2,3,2,6,0,0,1,0,0,0,0,0,"13,50692713","52,56403083"
34137,209954,Berlin,11,2021,1,10,3,3,2,6,0,0,1,0,0,0,0,1,"13,48583977","52,57730025"
34138,209953,Berlin,7,2021,1,18,4,3,0,2,2,0,1,0,0,0,1,1,"13,36084241","52,4913215"
34139,209952,Berlin,5,2021,2,13,2,2,0,2,0,0,1,0,0,0,1,0,"13,18462454","52,51536777"
34140,209951,Berlin,6,2021,3,12,2,3,5,3,0,0,1,0,0,0,0,0,"13,27029822","52,44235093"
34141,209950,Berlin,6,2021,1,16,4,3,5,3,1,1,1,0,0,0,0,0,"13,35371856","52,44542493"
34142,209949,Berlin,12,2021,2,20,7,2,1,1,2,0,1,0,0,1,0,1,"13,35586004","52,57758772"
34143,209948,Berlin,7,2021,3,15,2,3,6,4,0,0,1,1,0,0,0,0,"13,35338249","52,48106625"
34144,209947,Berlin,2,2021,1,14,4,3,1,5,0,1,1,0,0,0,0,1,"13,37586754","52,48773779"
34145,209946,Berlin,12,2021,3,13,4,3,0,7,0,1,0,0,0,0,0,0,"13,21661469","52,61118701"
34146,209945,Berlin,6,2021,1,12,6,3,5,2,0,1,1,0,0,0,0,2,"13,25997889","52,42818265"
34147,209944,Berlin,7,2021,1,17,4,3,3,6,2,0,1,0,0,0,0,0,"13,37844468","52,409766"
34148,209943,Berlin,8,2021,1,6,5,3,5,3,2,1,1,0,0,0,0,2,"13,45397933","52,46920807"
34149,209942,Berlin,2,2021,2,10,3,2,6,4,0,0,1,1,0,0,0,0,"13,4211901","52,48719314"
34150,209941,Berlin,1,2021,3,11,2,2,4,6,0,1,0,0,0,1,0,0,"13,4253673","52,50855769"
34151,209940,Berlin,1,2021,3,15,4,3,6,4,0,0,1,1,0,0,0,0,"13,38607448","52,53882998"
34152,209939,Berlin,6,2021,2,6,4,3,5,7,2,0,1,0,1,0,0,1,"13,34818067","52,45149479"
34153,209938,Berlin,5,2021,3,16,3,3,2,6,0,0,1,0,0,1,0,0,"13,2001385","52,53247224"
34154,209937,Berlin,4,2021,1,17,5,3,6,4,2,1,0,1,0,0,0,1,"13,31092252","52,47945108"
34155,209936,Berlin,2,2021,2,3,2,3,0,1,2,0,0,0,0,0,1,2,"13,38861745","52,4994603"
34156,209935,Berlin,12,2021,3,19,6,3,5,2,2,1,1,0,0,0,0,0,"13,31117143","52,5698166"
34157,209934,Berlin,12,2021,2,14,5,3,6,4,0,0,1,1,0,0,0,0,"13,29984373","52,58325118"
34158,209933,Berlin,12,2021,1,11,6,3,5,3,0,0,1,0,0,1,0,0,"13,37930854","52,56989083"
34159,209932,Berlin,7,2021,1,16,3,3,2,6,1,0,1,0,0,0,1,1,"13,39311962","52,45789558"
34160,209931,Berlin,1,2021,1,18,4,3,1,5,2,1,1,0,0,0,0,1,"13,39331232","52,52680762"
34161,209930,Berlin,4,2021,2,16,2,3,0,7,0,1,0,0,0,0,0,0,"13,30728287","52,47951424"
34162,209929,Berlin,4,2021,3,19,3,3,2,6,2,0,1,0,0,0,1,0,"13,32043654","52,4715959"
34163,209928,Berlin,11,2021,3,18,4,3,0,2,2,0,1,0,1,0,0,0,"13,51317446","52,48935529"
34164,209927,Berlin,2,2021,2,20,2,2,6,4,2,0,1,1,0,0,0,2,"13,43369945","52,52332087"
34165,209926,Berlin,8,2021,2,14,1,3,2,6,0,0,1,0,0,0,0,0,"13,44051114","52,48158371"
34166,209925,Berlin,4,2021,1,15,7,3,2,6,0,0,1,0,0,0,0,0,"13,3384784","52,50334644"
34167,209924,Berlin,6,2021,2,10,2,3,5,2,0,1,1,0,0,0,0,2,"13,24025442","52,42449855"
34168,209923,Berlin,7,2021,1,10,5,3,0,2,0,0,0,0,0,0,1,0,"13,36210207","52,49768312"
34169,209922,Berlin,6,2021,3,14,5,3,5,3,0,1,1,0,0,0,0,0,"13,2679283","52,44546693"
34170,209921,Berlin,9,2021,3,9,6,2,4,5,0,0,1,0,0,0,0,1,"13,52828885","52,40259718"
34171,209920,Berlin,3,2021,2,14,4,3,5,3,0,1,1,0,0,0,0,0,"13,44170893","52,55004821"
34172,209919,Berlin,2,2021,1,13,6,3,2,6,0,0,1,0,0,0,1,0,"13,38877657","52,48982283"
34173,209918,Berlin,9,2021,3,16,4,2,1,5,0,1,1,0,0,0,0,0,"13,52377616","52,45284235"
34174,209917,Berlin,11,2021,1,0,5,2,0,7,2,0,1,0,0,0,0,1,"13,52390015","52,51306872"
34175,209916,Berlin,9,2021,3,5,6,2,5,2,2,0,1,0,0,0,1,1,"13,49127529","52,46907301"
34176,209915,Berlin,12,2021,2,9,6,3,5,7,0,0,1,0,0,0,0,0,"13,2874061","52,63317639"
34177,209914,Berlin,9,2021,3,11,1,3,2,6,0,0,1,0,0,0,0,1,"13,52624212","52,42647586"
34178,209913,Berlin,4,2021,2,14,5,3,3,2,0,0,1,0,0,0,0,0,"13,2833818","52,51851702"
34179,209912,Berlin,12,2021,1,7,6,3,5,3,2,0,1,0,0,0,0,1,"13,35987979","52,56200021"
34180,209911,Berlin,8,2021,3,15,3,3,5,2,0,1,0,0,1,0,0,0,"13,51565314","52,42084698"
34181,209910,Berlin,8,2021,1,17,2,3,2,6,2,0,0,0,0,0,1,1,"13,44119424","52,47222244"
34182,209909,Berlin,1,2021,2,12,4,3,1,5,0,1,1,0,0,0,0,1,"13,3863397","52,52795179"
34183,209908,Berlin,3,2021,3,17,6,3,5,3,1,1,1,0,0,0,0,0,"13,42891958","52,57909878"
34184,209907,Berlin,3,2021,2,11,5,3,2,6,0,0,1,0,0,1,0,2,"13,4411162","52,54941664"
34185,209906,Berlin,9,2021,2,15,5,3,5,3,0,0,1,0,0,0,1,0,"13,51729212","52,42864564"
34186,209905,Berlin,1,2021,1,9,3,3,5,3,0,1,1,0,0,0,0,0,"13,39894011","52,50822701"
34187,209904,Berlin,1,2021,3,15,5,3,5,3,0,0,1,0,0,0,0,0,"13,34603745","52,54487012"
34188,209903,Berlin,10,2021,3,19,7,3,6,4,2,0,1,1,0,0,0,1,"13,57928735","52,56358904"
34189,209902,Berlin,7,2021,3,12,2,3,5,2,0,0,1,0,0,0,1,0,"13,37906392","52,44813057"
34190,209901,Berlin,6,2021,1,18,3,3,6,4,2,0,1,1,0,0,0,1,"13,2985805","52,45766481"
34191,209900,Berlin,1,2021,1,14,4,3,5,2,0,0,1,0,0,0,0,0,"13,33729518","52,55861569"
34192,209899,Berlin,4,2021,2,10,2,3,5,2,0,1,1,0,0,0,0,0,"13,28089926","52,47667826"
34193,209898,Berlin,9,2021,3,19,2,3,5,3,2,1,1,0,0,0,0,1,"13,53900372","52,45098344"
34194,209897,Berlin,1,2021,3,12,5,3,1,5,0,1,1,0,0,0,0,1,"13,41066179","52,51008123"
34195,209896,Berlin,12,2021,1,5,4,3,1,5,2,1,1,0,0,0,0,1,"13,32383063","52,56504693"
34196,209895,Berlin,10,2021,2,13,7,3,5,3,0,0,1,0,0,0,0,1,"13,58623826","52,51675559"
34197,209894,Berlin,10,2021,2,14,7,2,6,4,0,0,1,1,0,0,0,0,"13,58838783","52,52957056"
34198,209893,Berlin,12,2021,1,17,4,3,1,5,2,0,1,0,0,1,0,1,"13,29156087","52,59353928"
34199,209892,Berlin,3,2021,3,15,4,3,6,7,0,0,1,1,0,0,0,0,"13,39721598","52,56225307"
34200,209891,Berlin,12,2021,2,20,3,3,5,3,2,0,1,0,0,0,0,1,"13,32174163","52,56049311"
34201,209890,Berlin,12,2021,1,15,4,3,5,2,0,0,1,0,0,0,0,0,"13,36051968","52,59689484"
34202,209889,Berlin,4,2021,1,15,4,2,0,7,0,0,1,0,1,0,0,1,"13,2784727","52,53688762"
34203,209888,Berlin,12,2021,3,13,6,3,2,6,0,0,1,0,0,0,1,0,"13,31704441","52,56677878"
34204,209887,Berlin,9,2021,2,8,3,3,2,6,0,0,1,0,0,0,0,0,"13,4778509","52,44651673"
34205,209886,Berlin,1,2021,3,19,4,3,5,7,2,1,1,0,0,0,0,0,"13,40686153","52,51826683"
34206,209885,Berlin,11,2021,3,20,5,2,5,3,2,0,1,0,0,0,1,1,"13,47327343","52,52299119"
34207,209884,Berlin,3,2021,2,6,5,3,3,6,2,0,1,0,0,0,0,1,"13,45230138","52,53440436"
34208,209883,Berlin,12,2021,3,15,3,3,6,2,0,0,1,1,0,0,0,0,"13,29172358","52,58265822"
34209,209882,Berlin,9,2021,1,12,6,3,2,2,0,0,1,0,0,0,0,1,"13,59329745","52,45162865"
34210,209881,Berlin,2,2021,2,18,3,3,5,2,2,0,1,0,1,0,0,1,"13,46371611","52,51070134"
34211,209880,Berlin,11,2021,3,18,7,3,5,3,1,0,1,0,0,0,0,0,"13,48842259","52,50223181"
34212,209879,Berlin,11,2021,2,7,4,3,5,3,0,1,1,0,0,0,0,0,"13,5153728","52,53753165"
34213,209878,Berlin,4,2021,1,16,6,3,5,3,1,0,1,0,0,0,0,0,"13,30695113","52,50005452"
34214,209877,Berlin,8,2021,3,8,5,1,5,2,0,1,0,0,0,1,0,0,"13,42115515","52,46677666"
34215,209876,Berlin,8,2021,3,17,7,3,6,2,1,0,1,1,0,0,0,1,"13,42401022","52,48652625"
34216,209875,Berlin,3,2021,3,9,2,3,5,3,0,0,1,0,0,1,0,0,"13,4405482","52,63699678"
34217,209874,Berlin,11,2021,2,14,7,3,6,4,0,0,1,1,0,0,0,0,"13,52018914","52,56625493"
34218,209873,Berlin,10,2021,1,4,1,3,9,1,2,0,1,0,0,0,0,0,"13,54011855","52,52582621"
34219,209872,Berlin,9,2021,1,17,3,3,5,2,2,1,0,0,0,0,1,1,"13,45395608","52,48897407"
34220,209871,Berlin,6,2021,1,14,4,2,6,4,0,0,1,1,0,0,0,0,"13,31520713","52,4473819"
34221,209870,Berlin,2,2021,2,13,7,2,2,7,0,0,1,0,1,0,0,0,"13,45793999","52,50965458"
34222,209869,Berlin,1,2021,3,17,3,2,2,7,0,0,1,0,1,0,0,0,"13,39976509","52,53151917"
34223,209868,Berlin,3,2021,1,13,3,1,6,4,0,0,0,1,0,0,1,0,"13,46645637","52,55082607"
34224,209867,Berlin,4,2021,2,18,4,3,3,6,2,0,1,0,0,0,0,2,"13,30504857","52,50269252"
34225,209866,Berlin,1,2021,2,19,5,3,5,2,2,1,1,0,0,0,0,0,"13,36033767","52,53724679"
34226,209865,Berlin,7,2021,1,10,1,3,5,3,0,0,1,0,0,0,1,1,"13,35430603","52,48352479"
34227,209864,Berlin,1,2021,3,8,4,2,6,2,0,0,1,1,0,0,0,0,"13,36986082","52,55966213"
34228,209863,Berlin,1,2021,1,10,1,3,0,1,0,0,0,0,1,0,0,2,"13,34802049","52,55380502"
34229,209862,Berlin,3,2021,1,12,2,3,5,7,0,1,1,0,0,0,0,2,"13,48369523","52,56194038"
34230,209861,Berlin,4,2021,1,20,3,3,5,7,2,0,1,0,0,0,0,1,"13,31492469","52,51338665"
34231,209860,Berlin,2,2021,3,17,4,3,5,2,0,0,1,0,1,0,0,1,"13,40660088","52,49836514"
34232,209859,Berlin,5,2021,3,8,6,3,5,3,0,0,1,0,0,0,1,1,"13,16102047","52,52545125"
34233,209858,Berlin,2,2021,3,7,2,3,5,2,0,0,0,0,1,0,1,0,"13,41861702","52,49887086"
34234,209857,Berlin,3,2021,2,14,7,3,5,3,0,0,1,0,0,0,0,0,"13,44443761","52,57529962"
34235,209856,Berlin,8,2021,1,19,2,3,5,7,2,1,1,0,0,0,0,1,"13,42105188","52,46735962"
34236,209855,Berlin,6,2021,1,10,2,3,6,7,0,0,1,1,0,0,0,0,"13,34935771","52,44739123"
34237,209854,Berlin,12,2021,2,22,4,3,8,1,2,0,1,0,0,0,0,1,"13,35283061","52,60164598"
34238,209853,Berlin,8,2021,3,15,3,3,2,6,0,0,1,0,0,0,1,0,"13,45377749","52,42953805"
34239,209852,Berlin,5,2021,2,17,5,2,5,2,2,0,1,0,0,0,0,2,"13,26495342","52,53666009"
34240,209851,Berlin,9,2021,2,6,5,3,3,6,0,1,1,0,0,0,0,0,"13,50927226","52,47333472"
34241,209850,Berlin,2,2021,1,18,2,2,1,5,2,1,1,0,0,0,0,0,"13,38703343","52,50650792"
34242,209849,Berlin,2,2021,3,18,5,3,1,5,2,1,1,0,0,0,0,0,"13,41685571","52,49252947"
34243,209848,Berlin,3,2021,1,15,6,2,6,4,0,0,1,1,0,0,0,0,"13,48141843","52,62204038"
34244,209847,Berlin,7,2021,3,19,2,3,6,2,1,0,1,1,0,0,0,1,"13,34599065","52,49696518"
34245,209846,Berlin,6,2021,2,18,6,3,6,2,2,0,1,1,0,0,0,2,"13,32775832","52,42563022"
34246,209845,Berlin,6,2021,3,17,2,3,5,3,0,0,1,0,1,0,0,0,"13,31491507","52,43776885"
34247,209844,Berlin,9,2021,1,21,2,3,5,3,2,1,1,0,0,0,0,1,"13,48903134","52,46735644"
34248,209843,Berlin,4,2021,1,11,4,3,6,4,0,0,1,1,0,0,0,1,"13,33331229","52,48154594"
34249,209842,Berlin,1,2021,2,17,2,3,5,2,0,1,1,0,0,0,0,0,"13,39218396","52,5550635"
34250,209841,Berlin,2,2021,3,18,3,3,6,7,2,1,0,1,0,0,0,0,"13,45885688","52,51155722"
34251,209840,Berlin,2,2021,3,12,4,3,5,3,0,1,1,0,0,0,0,0,"13,42762475","52,49897414"
34252,209839,Berlin,11,2021,1,7,5,2,2,7,2,0,1,0,0,0,0,1,"13,53616536","52,57040523"
34253,209838,Berlin,9,2021,2,16,2,3,6,4,1,1,0,1,0,0,0,1,"13,50964866","52,47299062"
34254,209837,Berlin,10,2021,2,8,7,3,1,5,0,0,1,0,0,0,0,0,"13,60018946","52,52595865"
34255,209836,Berlin,7,2021,1,16,3,3,6,4,2,0,0,1,0,0,1,0,"13,34938372","52,49041201"
34256,209835,Berlin,11,2021,3,9,4,3,2,6,0,0,1,0,0,0,0,0,"13,47940976","52,52336968"
34257,209834,Berlin,8,2021,2,17,3,2,2,6,2,1,0,0,0,0,1,1,"13,42890084","52,47193816"
34258,209833,Berlin,11,2021,2,13,6,3,5,3,0,0,1,0,0,0,0,0,"13,53209958","52,48411567"
34259,209832,Berlin,12,2021,1,6,5,2,4,6,2,0,1,0,0,1,0,1,"13,29278098","52,60831468"
34260,209831,Berlin,2,2021,1,6,5,2,5,3,2,1,0,0,0,0,1,2,"13,42711531","52,51191648"
34261,209830,Berlin,1,2021,3,20,4,3,5,2,2,0,1,0,0,0,0,0,"13,38852324","52,547824"
34262,209829,Berlin,5,2021,2,7,2,3,0,1,0,0,0,0,1,0,0,1,"13,1599687","52,54860807"
34263,209828,Berlin,2,2021,3,11,4,3,5,2,0,1,1,0,0,0,0,0,"13,40920402","52,50168596"
34264,209827,Berlin,7,2021,3,15,5,3,5,3,0,0,1,0,1,0,0,0,"13,36674966","52,44963436"
34265,209826,Berlin,12,2021,2,7,5,2,1,5,0,0,1,0,0,0,0,1,"13,30175404","52,62122787"
34266,209825,Berlin,1,2021,3,20,3,3,5,2,2,1,1,0,0,0,0,0,"13,38146891","52,51515178"
34267,209824,Berlin,3,2021,1,17,5,3,5,3,2,0,1,0,0,0,0,1,"13,441265","52,54957257"
34268,209823,Berlin,2,2021,2,8,4,3,5,3,0,1,1,0,0,0,0,1,"13,44440045","52,49979542"
34269,209822,Berlin,2,2021,2,5,5,3,0,6,0,1,0,0,0,0,1,0,"13,46506593","52,49803515"
34270,209821,Berlin,8,2021,3,11,6,3,0,2,0,0,1,0,0,0,1,0,"13,45339263","52,42938299"
34271,209820,Berlin,4,2021,2,14,4,2,5,3,0,0,1,0,1,0,0,0,"13,31533336","52,51472276"
34272,209819,Berlin,3,2021,1,11,6,3,5,3,0,1,1,0,0,0,0,0,"13,40699058","52,56034119"
34273,209818,Berlin,11,2021,3,17,6,3,1,5,0,1,1,0,0,0,0,0,"13,52450823","52,48252862"
34274,209817,Berlin,8,2021,3,20,7,2,5,2,2,0,1,0,0,0,0,1,"13,46449139","52,47027217"
34275,209816,Berlin,3,2021,3,13,2,3,5,3,0,0,1,0,0,0,0,0,"13,46994343","52,5673284"
34276,209815,Berlin,12,2021,2,16,7,3,0,7,0,0,1,0,1,0,0,0,"13,33175925","52,56321164"
34277,209814,Berlin,9,2021,1,7,5,3,5,3,0,1,1,0,0,0,0,1,"13,45406507","52,48901964"
34278,209813,Berlin,11,2021,1,11,1,3,5,2,0,1,1,0,0,0,0,0,"13,56430568","52,57228028"
34279,209812,Berlin,12,2021,1,12,3,3,5,3,0,0,1,0,1,0,0,1,"13,30030949","52,58622238"
34280,209811,Berlin,10,2021,2,10,7,3,6,7,0,0,1,1,0,0,0,0,"13,57756423","52,56500477"
34281,209810,Berlin,7,2021,3,21,1,3,5,2,2,0,1,0,0,0,0,1,"13,40107379","52,41457355"
34282,209809,Berlin,8,2021,1,17,3,3,0,3,2,0,1,0,1,0,0,1,"13,46309269","52,46954834"
34283,209808,Berlin,12,2021,2,11,2,3,8,1,0,0,1,0,0,0,0,2,"13,28516137","52,59543083"
34284,209807,Berlin,8,2021,2,17,6,3,1,5,0,1,1,0,0,0,0,0,"13,42424165","52,48535419"
34285,209806,Berlin,10,2021,1,3,1,3,1,5,2,0,1,0,0,1,0,1,"13,56610813","52,51314695"
34286,209805,Berlin,9,2021,3,15,4,3,5,2,0,1,1,0,0,0,0,0,"13,55800911","52,45571372"
34287,209804,Berlin,8,2021,1,6,6,3,6,2,2,0,1,1,0,0,0,0,"13,44817013","52,47763295"
34288,209803,Berlin,8,2021,1,8,3,3,5,3,0,0,1,0,0,0,1,1,"13,43617234","52,44884732"
34289,209802,Berlin,1,2021,1,18,3,3,1,5,2,1,1,0,0,0,0,1,"13,36083553","52,50028761"
34290,209801,Berlin,3,2021,2,9,2,3,5,3,0,1,1,0,0,0,0,0,"13,37906475","52,57493122"
34291,209800,Berlin,4,2021,3,17,2,3,1,5,0,1,1,0,0,0,0,1,"13,30388381","52,50145166"
34292,209799,Berlin,6,2021,3,9,4,3,5,2,0,1,0,0,0,1,0,0,"13,31487066","52,41752579"
34293,209798,Berlin,3,2021,2,8,2,3,2,7,0,0,1,0,0,0,0,1,"13,4011068","52,56564785"
34294,209797,Berlin,12,2021,3,10,2,3,2,6,0,1,0,0,0,0,1,0,"13,36082215","52,60220239"
34295,209796,Berlin,4,2021,1,16,4,3,5,2,1,1,1,0,0,0,0,1,"13,31165516","52,46825958"
34296,209795,Berlin,8,2021,2,13,2,3,0,4,0,1,0,1,0,0,0,2,"13,45389551","52,44303233"
34297,209794,Berlin,12,2021,2,13,7,3,3,5,0,0,1,0,0,1,0,2,"13,3467153","52,56796391"
34298,209793,Berlin,7,2021,1,15,5,3,6,7,0,1,0,1,0,0,0,0,"13,35562965","52,46099603"
34299,209792,Berlin,5,2021,3,16,6,3,0,3,0,1,0,0,1,0,0,0,"13,24666181","52,53811452"
34300,209791,Berlin,12,2021,2,14,3,3,2,4,0,0,1,1,0,0,0,0,"13,32763917","52,56397246"
34301,209790,Berlin,8,2021,1,16,5,3,0,6,1,0,1,0,0,0,1,0,"13,43161082","52,46639217"
34302,209789,Berlin,8,2021,3,17,4,2,5,3,0,1,1,0,0,0,0,0,"13,4267181","52,4882841"
34303,209788,Berlin,1,2021,3,22,5,2,1,5,2,0,1,0,0,0,0,1,"13,38873085","52,55536883"
34304,209787,Berlin,1,2021,3,15,7,3,5,3,0,1,1,0,0,0,0,0,"13,34278179","52,50457979"
34305,209786,Berlin,4,2021,2,18,1,3,5,2,2,0,1,0,0,0,0,0,"13,32624142","52,53802894"
34306,209785,Berlin,12,2021,3,15,3,2,4,3,0,0,1,0,0,0,0,1,"13,3633006","52,59706089"
34307,209784,Berlin,4,2021,3,14,5,3,2,6,0,0,1,0,0,0,1,1,"13,24904592","52,52395582"
34308,209783,Berlin,3,2021,2,12,1,3,5,3,0,0,1,0,0,0,0,0,"13,4619773","52,55890561"
34309,209782,Berlin,1,2021,2,5,1,3,5,3,1,0,0,0,0,0,1,0,"13,41537892","52,52271245"
34310,209781,Berlin,3,2021,1,10,3,3,5,3,0,1,1,0,0,0,0,1,"13,46264987","52,55975963"
34311,209780,Berlin,3,2021,3,7,5,3,0,3,0,1,1,0,0,0,0,0,"13,42223007","52,55989603"
34312,209779,Berlin,8,2021,2,15,3,3,2,6,0,0,1,0,0,0,1,0,"13,47427567","52,42570246"
34313,209778,Berlin,8,2021,2,19,6,3,2,6,2,0,1,0,0,0,0,1,"13,43849998","52,45212785"
34314,209777,Berlin,4,2021,1,17,5,3,5,3,2,1,1,0,0,0,0,0,"13,28778178","52,51514474"
34315,209776,Berlin,4,2021,3,12,6,3,2,6,0,0,1,0,0,0,0,0,"13,32829587","52,49517039"
34316,209775,Berlin,8,2021,2,11,3,3,6,7,0,0,0,1,0,0,1,0,"13,41831382","52,41453819"
34317,209774,Berlin,11,2021,3,17,3,3,3,6,0,0,1,0,0,0,0,0,"13,51924126","52,50880305"
34318,209773,Berlin,2,2021,3,12,5,3,2,7,0,0,1,0,0,0,0,1,"13,40383393","52,49521021"
34319,209772,Berlin,2,2021,2,12,4,3,5,2,0,0,1,0,0,0,0,1,"13,45504881","52,50783235"
34320,209771,Berlin,5,2021,3,13,3,3,0,6,0,0,0,0,0,0,1,0,"13,19898931","52,53348818"
34321,209770,Berlin,2,2021,1,15,6,3,5,2,2,1,1,0,0,0,0,1,"13,42671579","52,51574313"
34322,209769,Berlin,7,2021,2,17,4,2,6,2,2,0,1,1,0,0,0,1,"13,39256885","52,41268757"
34323,209768,Berlin,4,2021,3,11,7,3,5,3,0,1,1,0,0,0,0,0,"13,31395105","52,50781032"
34324,209767,Berlin,1,2021,2,10,5,3,6,4,0,0,1,1,0,0,0,0,"13,37349047","52,5422129"
34325,209766,Berlin,10,2021,1,10,6,3,5,7,0,0,1,0,0,0,1,1,"13,56416022","52,52544511"
34326,209765,Berlin,3,2021,3,10,5,3,5,3,0,0,1,0,0,0,0,0,"13,4367612","52,54873903"
34327,209764,Berlin,5,2021,3,17,2,3,2,6,0,0,1,0,0,0,0,1,"13,2401964","52,54299627"
34328,209763,Berlin,1,2021,2,15,6,3,2,2,0,0,1,0,0,0,0,1,"13,35313699","52,5022777"
34329,209762,Berlin,7,2021,1,3,1,3,9,1,2,0,1,0,0,0,0,0,"13,35913536","52,49855177"
34330,209761,Berlin,7,2021,1,13,2,3,5,2,0,1,1,0,0,0,0,1,"13,39995141","52,43776765"
34331,209760,Berlin,5,2021,2,15,6,3,5,2,0,1,1,0,0,0,0,0,"13,17803316","52,54867537"
34332,209759,Berlin,5,2021,3,6,1,3,6,2,0,0,1,1,0,0,0,0,"13,17687503","52,51709869"
34333,209758,Berlin,9,2021,1,13,3,3,0,7,0,0,0,0,0,1,0,0,"13,50097879","52,46036888"
34334,209757,Berlin,7,2021,2,19,4,3,6,2,2,0,1,1,0,0,0,2,"13,40087841","52,41452501"
34335,209756,Berlin,5,2021,2,10,5,3,6,7,0,0,0,1,0,0,1,0,"13,19952919","52,54642032"
34336,209755,Berlin,4,2021,1,11,3,3,0,4,0,0,1,1,0,0,0,0,"13,30570157","52,50989929"
34337,209754,Berlin,3,2021,3,6,4,3,0,3,0,0,1,0,0,0,0,0,"13,42734616","52,5524461"
34338,209753,Berlin,6,2021,1,12,7,3,2,6,0,0,1,0,0,0,0,2,"13,25014975","52,45552029"
34339,209752,Berlin,8,2021,1,16,3,3,0,2,1,1,1,0,0,0,0,1,"13,43954236","52,47586089"
34340,209751,Berlin,8,2021,1,7,4,3,6,2,2,0,0,1,0,0,1,1,"13,41672659","52,41829126"
34341,209750,Berlin,7,2021,2,7,2,3,6,4,0,0,1,1,0,0,0,0,"13,37753693","52,48199386"
34342,209749,Berlin,1,2021,3,6,3,3,2,6,0,0,1,0,0,0,0,0,"13,35190851","52,50507406"
34343,209748,Berlin,1,2021,3,15,4,3,1,5,0,1,1,0,0,0,0,0,"13,35030959","52,50293492"
34344,209747,Berlin,4,2021,2,9,7,3,5,3,0,0,1,0,0,0,1,1,"13,32716053","52,49489186"
34345,209746,Berlin,6,2021,2,2,7,2,9,1,2,0,1,0,0,0,0,0,"13,3484025","52,45373419"
34346,209745,Berlin,12,2021,1,16,5,3,2,6,2,0,1,0,1,0,0,1,"13,33022982","52,56270166"