,id,city,district,year,month,hour,weekday,injury_level,collision,movement,light_conditions,bicycle,car,pedestrian,motorbike,truck,other_vehicle,road_conditions,longitude,latitude
34347,209744,Berlin,2,2021,2,11,3,3,1,5,0,1,1,0,0,0,0,1,"13,38876132","52,50017305"
34348,209743,Berlin,3,2021,1,13,4,3,0,2,0,1,1,0,0,0,0,1,"13,45373919","52,53293902"
34349,209742,Berlin,9,2021,3,8,5,2,5,3,0,0,1,0,0,0,0,0,"13,53137477","52,40509555"
34350,209741,Berlin,4,2021,3,16,7,2,0,7,0,1,0,0,0,0,0,0,"13,31497439","52,51386107"
34351,209740,Berlin,11,2021,2,9,5,3,5,2,0,1,1,0,0,0,0,0,"13,49365064","52,54475366"
34352,209739,Berlin,8,2021,1,19,6,3,2,2,2,1,1,0,0,0,0,0,"13,50365008","52,41174444"
34353,209738,Berlin,1,2021,3,8,4,3,5,2,0,1,1,0,0,0,0,0,"13,41501698","52,51581521"
34354,209737,Berlin,3,2021,3,15,5,3,2,6,0,0,1,0,0,0,1,1,"13,50558781","52,63678737"
34355,209736,Berlin,1,2021,3,10,2,3,5,2,0,1,1,0,0,0,0,0,"13,39800787","52,53501324"
34356,209735,Berlin,12,2021,2,15,3,3,2,6,0,0,1,0,0,0,0,1,"13,29147988","52,58075276"
34357,209734,Berlin,2,2021,1,1,1,3,5,2,2,1,1,0,0,0,0,0,"13,42689368","52,49910842"
34358,209733,Berlin,9,2021,3,10,3,2,6,4,0,0,1,1,0,0,0,0,"13,52581508","52,40648924"
34359,209732,Berlin,6,2021,1,11,2,3,5,3,0,0,1,0,1,0,0,1,"13,25274746","52,42847458"
34360,209731,Berlin,2,2021,2,8,4,3,0,1,0,0,0,0,1,0,0,1,"13,43523426","52,499958"
34361,209730,Berlin,3,2021,3,9,6,3,5,3,0,1,1,0,0,0,0,0,"13,42616567","52,60770652"
34362,209729,Berlin,8,2021,2,12,4,3,2,6,0,0,1,0,0,0,1,1,"13,42435025","52,48605316"
34363,209728,Berlin,5,2021,2,8,6,3,5,3,0,0,1,0,0,0,0,1,"13,13053505","52,53635399"
34364,209727,Berlin,12,2021,1,9,2,3,6,4,0,0,1,1,0,0,0,1,"13,27607553","52,5757597"
34365,209726,Berlin,10,2021,3,9,5,3,5,3,0,0,1,0,0,0,0,0,"13,62432285","52,48976432"
34366,209725,Berlin,3,2021,3,14,6,3,0,3,0,0,1,0,0,0,1,0,"13,43277456","52,55032415"
34367,209724,Berlin,7,2021,3,11,2,3,3,6,0,0,1,0,0,0,0,0,"13,37636961","52,45914619"
34368,209723,Berlin,4,2021,1,17,2,2,5,3,2,1,1,0,0,0,0,1,"13,33101064","52,49308304"
34369,209722,Berlin,6,2021,1,14,4,2,6,4,0,1,0,1,0,0,0,0,"13,19892533","52,43430747"
34370,209721,Berlin,4,2021,2,16,2,3,5,2,0,0,1,0,0,0,0,0,"13,25954228","52,51379712"
34371,209720,Berlin,12,2021,2,6,3,3,2,6,1,0,1,0,0,0,1,1,"13,3601279","52,59689406"
34372,209719,Berlin,7,2021,3,16,3,3,2,6,1,1,0,0,0,0,0,0,"13,40050318","52,48368851"
34373,209718,Berlin,12,2021,1,13,5,3,5,3,0,0,1,0,0,0,0,1,"13,32243252","52,57390007"
34374,209717,Berlin,8,2021,2,15,4,3,1,5,0,0,1,0,0,0,0,1,"13,44471301","52,47076669"
34375,209716,Berlin,5,2021,3,7,6,3,5,2,0,1,1,0,0,0,0,0,"13,17926155","52,53056516"
34376,209715,Berlin,8,2021,2,7,4,3,5,2,0,1,1,0,0,0,0,0,"13,44279053","52,46508455"
34377,209714,Berlin,2,2021,1,9,3,3,0,6,0,0,0,0,1,0,1,1,"13,40359571","52,49391287"
34378,209713,Berlin,9,2021,3,13,6,3,5,3,0,1,0,0,0,1,0,1,"13,57516629","52,44447864"
34379,209712,Berlin,3,2021,3,9,7,3,5,2,0,0,1,0,0,0,0,1,"13,45720106","52,56098969"
34380,209711,Berlin,9,2021,3,8,2,2,5,2,0,0,1,0,1,0,0,0,"13,48824491","52,46781812"
34381,209710,Berlin,12,2021,1,7,5,3,1,5,2,0,0,0,0,0,1,1,"13,25956374","52,57061214"
34382,209709,Berlin,4,2021,1,11,1,3,3,6,0,1,1,0,0,0,0,1,"13,28400885","52,47633273"
34383,209708,Berlin,10,2021,2,9,2,3,2,6,0,0,1,0,0,0,0,0,"13,56427142","52,51339347"
34384,209707,Berlin,12,2021,3,11,2,3,2,6,0,0,1,0,0,0,0,0,"13,29047784","52,6558642"
34385,209706,Berlin,9,2021,1,8,4,3,5,3,0,1,1,0,0,0,0,1,"13,51080798","52,45015936"
34386,209705,Berlin,6,2021,2,12,3,3,3,6,0,0,1,0,0,0,0,2,"13,31292421","52,4304904"
34387,209704,Berlin,6,2021,2,17,5,3,5,2,1,1,1,0,0,0,0,0,"13,1932081","52,43380439"
34388,209703,Berlin,5,2021,1,16,3,2,9,1,2,0,1,0,0,0,0,1,"13,11803918","52,47070286"
34389,209702,Berlin,6,2021,3,7,4,3,4,2,0,1,1,0,0,0,0,0,"13,33457892","52,46407769"
34390,209701,Berlin,2,2021,1,9,7,3,2,3,0,1,1,0,0,0,0,2,"13,42213177","52,49893244"
34391,209700,Berlin,8,2021,1,17,3,3,6,2,2,0,1,1,0,0,0,1,"13,45555013","52,45311058"
34392,209699,Berlin,3,2021,1,9,3,3,5,3,0,0,1,0,0,0,0,1,"13,42928466","52,53871269"
34393,209698,Berlin,6,2021,2,17,3,3,0,1,2,1,0,0,0,0,0,0,"13,34052705","52,44360837"
34394,209697,Berlin,4,2021,3,6,2,2,6,7,1,1,0,1,0,0,0,0,"13,32034392","52,48000776"
34395,209696,Berlin,11,2021,3,16,4,3,5,2,0,1,1,0,0,0,0,0,"13,52546864","52,48154738"
34396,209695,Berlin,7,2021,2,10,7,3,3,6,0,0,1,0,0,0,0,0,"13,36217114","52,41223606"
34397,209694,Berlin,9,2021,2,7,1,3,8,1,1,0,1,0,0,0,0,0,"13,5437805","52,42556508"
34398,209693,Berlin,8,2021,1,18,7,3,5,3,2,0,1,0,0,0,0,0,"13,44832878","52,42739803"
34399,209692,Berlin,8,2021,2,15,2,3,5,3,0,1,1,0,0,0,0,0,"13,49116811","52,42474883"
34400,209691,Berlin,11,2021,3,11,6,3,5,2,0,1,0,0,0,0,1,0,"13,49912503","52,51816836"
34401,209690,Berlin,6,2021,2,11,5,3,2,6,0,0,1,0,0,0,0,0,"13,30170221","52,43844056"
34402,209689,Berlin,2,2021,1,14,7,3,0,1,0,0,0,0,1,0,0,1,"13,4637282","52,51068916"
34403,209688,Berlin,9,2021,3,13,5,3,2,6,0,0,1,0,0,0,0,0,"13,54702114","52,43145573"
34404,209687,Berlin,4,2021,3,10,5,3,0,4,0,0,1,1,0,0,0,1,"13,28724944","52,51685897"
34405,209686,Berlin,9,2021,3,9,7,2,5,2,0,0,1,0,0,1,0,0,"13,48126611","52,4608041"
34406,209685,Berlin,8,2021,2,14,6,3,5,2,0,0,1,0,0,0,0,0,"13,44690784","52,42698055"
34407,209684,Berlin,1,2021,1,12,6,3,5,2,0,0,1,0,0,0,0,1,"13,3854952","52,51848432"
34408,209683,Berlin,6,2021,3,15,3,2,6,4,0,0,1,1,0,0,0,0,"13,30654098","52,42863893"
34409,209682,Berlin,10,2021,1,17,2,3,5,3,2,1,1,0,0,0,0,1,"13,55726936","52,50722313"
34410,209681,Berlin,7,2021,2,7,4,2,5,2,1,0,1,0,0,0,0,1,"13,37615966","52,409217"
34411,209680,Berlin,11,2021,3,12,3,3,5,2,0,1,1,0,0,0,0,0,"13,45853716","52,52730404"
34412,209679,Berlin,2,2021,2,17,2,3,2,6,2,0,1,0,0,0,0,2,"13,38798408","52,50275136"
34413,209678,Berlin,12,2021,2,17,5,3,5,3,1,0,1,0,0,0,0,1,"13,34693538","52,56926242"
34414,209677,Berlin,6,2021,2,15,6,3,5,3,0,0,1,0,0,0,0,0,"13,27489258","52,46043319"
34415,209676,Berlin,7,2021,1,6,3,2,6,2,2,0,1,1,0,0,0,0,"13,38539211","52,46609323"
34416,209675,Berlin,7,2021,3,16,5,3,5,7,0,0,1,0,1,0,0,1,"13,39960743","52,46440586"
34417,209674,Berlin,9,2021,1,12,1,3,5,2,0,0,1,0,0,0,0,1,"13,47872895","52,47758122"
34418,209673,Berlin,12,2021,3,21,7,3,5,2,2,0,1,0,0,0,0,1,"13,33894766","52,60118559"
34419,209672,Berlin,12,2021,1,17,2,2,6,2,2,0,1,1,0,0,0,1,"13,28247168","52,59099715"
34420,209671,Berlin,5,2021,1,14,4,3,2,6,0,0,1,0,0,0,0,1,"13,20834999","52,56183662"
34421,209670,Berlin,3,2021,2,14,1,3,5,2,0,1,0,0,0,0,0,0,"13,40460365","52,54060595"
34422,209669,Berlin,1,2021,3,17,3,3,6,2,0,0,1,1,0,0,0,0,"13,39875499","52,53258418"
34423,209668,Berlin,3,2021,3,7,4,3,5,3,0,1,1,0,0,0,0,0,"13,43886951","52,55540821"
34424,209667,Berlin,9,2021,1,10,4,3,5,2,0,0,1,0,0,0,0,1,"13,48198885","52,48173221"
34425,209666,Berlin,9,2021,2,14,2,3,2,6,0,0,1,0,0,0,0,2,"13,54111179","52,45817644"
34426,209665,Berlin,6,2021,2,23,7,3,2,2,2,0,1,0,0,0,0,0,"13,30969744","52,43135086"
34427,209664,Berlin,2,2021,1,15,4,2,6,4,1,0,1,1,0,0,0,1,"13,383619","52,49393524"
34428,209663,Berlin,12,2021,3,13,4,2,5,3,0,1,0,0,0,0,1,0,"13,30772205","52,55648073"
34429,209662,Berlin,3,2021,2,9,2,2,5,3,0,0,1,0,0,0,0,0,"13,4274406","52,55240111"
34430,209661,Berlin,4,2021,1,22,4,2,9,1,2,0,1,0,0,0,0,0,"13,31513366","52,51478557"
34431,209660,Berlin,4,2021,1,17,5,3,0,1,2,0,0,0,1,0,0,1,"13,28709709","52,5173696"
34432,209659,Berlin,4,2021,3,11,5,3,2,6,0,0,1,0,0,0,0,0,"13,26847998","52,5115692"
34433,209658,Berlin,10,2021,2,13,3,3,0,6,0,0,0,0,0,0,1,0,"13,56537398","52,54458252"
34434,209657,Berlin,3,2021,3,5,4,3,5,3,2,1,1,0,0,0,0,0,"13,46050641","52,55958984"
34435,209656,Berlin,7,2021,3,15,5,3,6,4,0,0,1,1,0,0,0,1,"13,38536161","52,46858854"
34436,209655,Berlin,11,2021,2,17,2,3,5,2,2,0,1,0,1,0,0,0,"13,48465588","52,51397133"
34437,209654,Berlin,5,2021,3,15,3,3,6,4,0,0,1,1,0,0,0,0,"13,20958367","52,57984219"
34438,209653,Berlin,11,2021,1,16,6,3,1,5,2,1,1,0,0,0,0,1,"13,46540278","52,5329073"
34439,209652,Berlin,5,2021,3,8,3,3,5,2,0,0,1,0,0,0,0,0,"13,26480126","52,53684355"
34440,209651,Berlin,10,2021,1,19,4,3,5,3,2,1,1,0,0,0,0,1,"13,58897617","52,53934242"
34441,209650,Berlin,8,2021,2,19,2,3,0,1,2,0,1,0,0,0,0,2,"13,43366915","52,48962354"
34442,209649,Berlin,11,2021,3,14,2,3,2,6,0,0,1,0,0,0,0,0,"13,50004045","52,53062678"
34443,209648,Berlin,7,2021,1,19,4,3,5,2,2,1,1,0,0,0,0,1,"13,35971421","52,48856903"
34444,209647,Berlin,7,2021,3,7,4,3,5,3,0,1,1,0,0,0,0,0,"13,39341777","52,38857064"
34445,209646,Berlin,5,2021,1,19,1,3,2,6,2,0,1,0,0,0,0,1,"13,17201644","52,53372191"
34446,209645,Berlin,8,2021,1,21,4,3,0,6,2,0,1,0,0,0,0,0,"13,428244","52,45226206"
34447,209644,Berlin,7,2021,1,16,4,3,5,2,2,1,1,0,0,0,0,1,"13,37797057","52,46642441"
34448,209643,Berlin,1,2021,2,9,3,3,3,6,0,0,1,0,0,0,0,0,"13,37699284","52,55692206"
34449,209642,Berlin,5,2021,3,10,3,3,5,3,0,0,1,0,0,0,1,0,"13,16655801","52,53336222"
34450,209641,Berlin,10,2021,3,16,4,2,5,2,0,1,1,0,0,0,0,0,"13,56488174","52,54454956"
34451,209640,Berlin,4,2021,2,9,4,3,2,6,0,0,1,0,0,0,1,1,"13,32776079","52,50017128"
34452,209639,Berlin,1,2021,3,8,3,3,5,3,0,0,1,0,0,0,0,0,"13,38340263","52,54852005"
34453,209638,Berlin,1,2021,1,12,6,3,5,3,0,1,1,0,0,0,0,1,"13,35202367","52,54625218"
34454,209637,Berlin,8,2021,2,23,4,3,5,2,2,1,1,0,0,0,0,1,"13,45583674","52,47382243"
34455,209636,Berlin,7,2021,2,19,5,3,0,3,2,0,1,0,0,0,1,1,"13,40680608","52,39376889"
34456,209635,Berlin,11,2021,3,7,6,3,1,5,0,1,1,0,0,0,0,0,"13,4762013","52,50680913"
34457,209634,Berlin,1,2021,2,5,1,3,9,1,2,0,0,0,0,0,1,0,"13,36807606","52,5569925"
34458,209633,Berlin,9,2021,2,17,4,3,0,1,1,1,0,0,0,0,0,0,"13,63534654","52,38924104"
34459,209632,Berlin,12,2021,1,16,7,3,5,2,2,0,1,0,0,0,0,1,"13,35109497","52,56746034"
34460,209631,Berlin,3,2021,3,8,3,3,6,4,0,0,1,1,0,0,0,0,"13,43901626","52,56855523"
34461,209630,Berlin,4,2021,3,7,6,3,2,6,0,0,1,0,1,0,0,1,"13,33525052","52,49909654"
34462,209629,Berlin,10,2021,3,11,7,3,6,7,0,0,0,1,0,0,1,0,"13,60334725","52,53795119"
34463,209628,Berlin,10,2021,2,15,6,3,6,4,0,0,1,1,0,0,0,0,"13,61935262","52,54113819"
34464,209627,Berlin,5,2021,1,8,6,3,5,3,1,1,1,0,0,0,0,1,"13,1597533","52,56445165"
34465,209626,Berlin,4,2021,1,14,2,2,2,6,0,0,1,0,0,0,0,1,"13,29939123","52,52337492"
34466,209625,Berlin,6,2021,1,14,3,2,4,6,0,0,1,0,0,0,1,0,"13,27357321","52,41711411"
34467,209624,Berlin,2,2021,2,11,7,3,0,3,0,0,1,0,1,0,0,0,"13,46136556","52,50872026"
34468,209623,Berlin,4,2021,3,16,3,3,6,7,0,0,1,1,0,0,0,0,"13,32682142","52,50022931"
34469,209622,Berlin,9,2021,1,14,3,3,5,2,0,0,1,0,0,0,0,0,"13,50463509","52,43286941"
34470,209621,Berlin,8,2021,2,16,3,3,2,2,1,0,1,0,0,0,0,2,"13,46610578","52,4290327"
34471,209620,Berlin,6,2021,2,12,5,3,5,2,0,0,1,0,1,0,0,0,"13,33462495","52,46416882"
34472,209619,Berlin,4,2021,1,11,2,3,5,2,0,1,0,0,0,0,1,1,"13,3308049","52,5003102"
34473,209618,Berlin,11,2021,3,7,4,3,6,2,0,0,1,1,0,0,0,0,"13,50011","52,56158016"
34474,209617,Berlin,6,2021,1,10,6,3,7,7,0,1,0,0,0,0,0,0,"13,25172606","52,41146243"
34475,209616,Berlin,3,2021,3,15,2,3,6,4,0,0,1,1,0,0,0,1,"13,45813952","52,61055324"
34476,209615,Berlin,6,2021,1,17,3,3,5,2,2,0,1,0,0,0,0,1,"13,33249454","52,45829322"
34477,209614,Berlin,1,2021,1,18,3,3,5,3,2,0,1,0,0,0,0,1,"13,37182353","52,5092602"
34478,209613,Berlin,8,2021,2,14,2,3,5,3,0,1,1,0,0,0,0,0,"13,41195835","52,41728803"
34479,209612,Berlin,5,2021,3,15,3,3,2,6,0,1,0,0,0,0,1,0,"13,2098638","52,54805426"
34480,209611,Berlin,6,2021,3,13,5,3,2,2,0,0,1,0,0,0,0,0,"13,34573842","52,43628057"
34481,209610,Berlin,12,2021,2,20,5,3,6,4,2,0,0,1,0,0,1,2,"13,29421508","52,58098974"
34482,209609,Berlin,7,2021,2,14,6,3,1,5,0,1,1,0,0,0,0,0,"13,34602164","52,49615782"
34483,209608,Berlin,4,2021,1,19,3,2,6,4,2,0,1,1,0,0,0,1,"13,31443203","52,47210109"
34484,209607,Berlin,4,2021,3,13,5,3,0,2,0,1,1,0,0,0,0,0,"13,30187217","52,48860152"
34485,209606,Berlin,1,2021,2,14,2,3,2,6,0,0,1,0,0,0,0,0,"13,33403063","52,54099098"
34486,209605,Berlin,1,2021,2,11,7,3,0,7,0,0,1,0,0,0,1,1,"13,34834231","52,55631369"
34487,209604,Berlin,2,2021,1,10,5,3,0,1,0,1,0,0,0,0,0,0,"13,41043977","52,49932195"
34488,209603,Berlin,8,2021,1,15,4,3,5,2,0,0,1,0,1,0,0,1,"13,42773944","52,48116118"
34489,209602,Berlin,1,2021,3,14,5,3,5,7,0,0,1,0,0,0,1,0,"13,39232694","52,55515652"
34490,209601,Berlin,4,2021,2,17,3,3,3,6,0,0,1,0,1,0,0,0,"13,32917372","52,47871084"
34491,209600,Berlin,6,2021,3,15,3,2,5,2,0,0,1,0,1,0,0,0,"13,34834061","52,43791112"
34492,209599,Berlin,7,2021,3,14,6,3,1,7,0,1,1,0,0,0,0,0,"13,34811285","52,40849669"
34493,209598,Berlin,1,2021,2,17,3,3,3,6,2,0,1,0,0,0,0,1,"13,39561856","52,53865216"
34494,209597,Berlin,4,2021,3,12,3,3,5,2,0,0,1,0,0,0,0,0,"13,33108328","52,49537143"
34495,209596,Berlin,1,2021,1,10,7,3,6,4,0,0,0,1,0,0,1,1,"13,38396439","52,52983874"
34496,209595,Berlin,8,2021,2,13,5,2,1,7,0,0,1,1,0,0,0,1,"13,49494808","52,42109664"
34497,209594,Berlin,7,2021,3,11,6,3,5,2,0,0,1,0,0,0,1,0,"13,37164322","52,4235896"
34498,209593,Berlin,1,2021,2,19,4,3,9,1,2,0,1,0,0,0,0,0,"13,37625512","52,53602814"
34499,209592,Berlin,8,2021,1,13,6,3,0,7,0,0,1,0,1,0,0,0,"13,42416536","52,48573597"
34500,209591,Berlin,8,2021,3,17,5,3,5,2,2,0,1,0,0,0,1,1,"13,51031819","52,40467189"
34501,209590,Berlin,4,2021,1,3,5,3,1,1,2,0,1,0,0,0,1,1,"13,32187704","52,51647433"
34502,209589,Berlin,6,2021,3,15,2,3,2,2,0,0,1,0,0,0,0,0,"13,32066795","52,45697521"
34503,209588,Berlin,1,2021,2,9,6,3,5,3,0,1,1,0,0,0,0,1,"13,37410554","52,53057832"
34504,209587,Berlin,1,2021,2,19,7,3,2,6,2,0,1,0,0,0,0,0,"13,38456549","52,52935764"
34505,209586,Berlin,11,2021,1,14,7,3,2,6,0,0,1,0,0,0,1,0,"13,50386352","52,55289314"
34506,209585,Berlin,7,2021,1,7,2,3,5,2,1,0,1,0,1,0,0,2,"13,35025395","52,41431981"
34507,209584,Berlin,2,2021,1,14,3,3,5,3,0,1,1,0,0,0,0,0,"13,44068485","52,51727064"
34508,209583,Berlin,8,2021,2,16,6,3,5,2,0,0,1,0,0,0,1,0,"13,45027192","52,4707499"
34509,209582,Berlin,9,2021,3,15,2,3,6,7,0,0,1,1,0,0,0,0,"13,63448877","52,38701856"
34510,209581,Berlin,6,2021,1,15,3,2,6,7,0,0,1,1,0,0,0,0,"13,3231648","52,45888596"
34511,209580,Berlin,1,2021,2,9,5,3,5,2,0,1,1,0,0,0,0,1,"13,38353622","52,55503029"
34512,209579,Berlin,6,2021,3,10,7,2,0,7,0,1,1,0,0,0,0,0,"13,29635601","52,46462501"
34513,209578,Berlin,4,2021,2,13,4,3,2,6,0,0,1,0,0,0,1,0,"13,27263657","52,51931954"
34514,209577,Berlin,6,2021,1,18,1,3,1,1,2,0,1,0,0,0,0,1,"13,33015852","52,4646008"
34515,209576,Berlin,2,2021,3,15,6,3,5,3,0,1,1,0,0,0,0,1,"13,4403913","52,51585852"
34516,209575,Berlin,2,2021,3,15,6,3,0,7,0,0,0,0,0,0,1,0,"13,44293461","52,50055632"
34517,209574,Berlin,2,2021,3,18,7,3,1,5,2,1,1,0,0,0,0,0,"13,41873172","52,50143436"
34518,209573,Berlin,9,2021,2,8,7,3,0,1,0,1,0,0,0,0,0,0,"13,58054827","52,44337138"
34519,209572,Berlin,8,2021,1,7,5,2,6,4,2,0,0,1,0,1,0,1,"13,46495474","52,46416314"
34520,209571,Berlin,2,2021,1,19,7,3,5,3,2,0,1,0,0,0,1,0,"13,39460988","52,50455939"
34521,209570,Berlin,3,2021,1,9,4,2,0,3,0,0,1,0,0,0,1,1,"13,41346593","52,5476563"
34522,209569,Berlin,8,2021,2,14,7,3,5,2,0,0,1,0,0,0,0,0,"13,45213038","52,45265206"
34523,209568,Berlin,4,2021,3,15,3,3,1,5,0,1,1,0,0,0,0,0,"13,30228083","52,50761036"
34524,209567,Berlin,3,2021,1,10,3,3,4,1,0,0,1,0,0,0,0,2,"13,42562384","52,59485217"
34525,209566,Berlin,10,2021,2,18,5,3,6,4,2,0,1,1,0,0,0,1,"13,60705861","52,53893574"
34526,209565,Berlin,3,2021,2,11,5,3,5,3,0,1,1,0,0,0,0,0,"13,45551096","52,54138397"
34527,209564,Berlin,8,2021,1,16,2,3,3,6,1,0,1,0,0,0,0,0,"13,48994727","52,41999794"
34528,209563,Berlin,2,2021,3,13,4,3,5,7,0,1,1,0,0,0,0,0,"13,42880402","52,50398633"
34529,209562,Berlin,9,2021,1,6,6,3,2,6,2,0,1,0,0,0,0,0,"13,56202911","52,43738629"
34530,209561,Berlin,2,2021,1,17,2,3,5,3,2,0,1,0,0,0,1,1,"13,44926132","52,50807045"
34531,209560,Berlin,12,2021,1,12,4,3,2,6,0,0,1,0,0,0,0,0,"13,35873088","52,56200506"
34532,209559,Berlin,7,2021,2,13,1,3,5,3,0,0,1,0,0,0,1,0,"13,3772961","52,45367178"
34533,209558,Berlin,10,2021,3,11,3,3,2,6,0,0,1,0,1,0,0,0,"13,51797712","52,5355307"
34534,209557,Berlin,4,2021,3,15,4,3,5,3,0,0,1,0,0,0,0,0,"13,31247992","52,48853803"
34535,209556,Berlin,10,2021,2,8,6,3,6,6,0,0,1,1,0,0,0,2,"13,54479356","52,52237848"
34536,209555,Berlin,1,2021,2,17,7,3,6,4,1,0,1,1,0,0,0,0,"13,3918555","52,55775459"
34537,209554,Berlin,7,2021,1,18,4,3,5,2,2,0,1,0,0,0,0,1,"13,40017836","52,45913681"
34538,209553,Berlin,5,2021,2,17,3,3,2,6,2,0,1,0,0,0,0,1,"13,19147217","52,53629614"
34539,209552,Berlin,8,2021,2,20,6,3,2,7,2,0,1,0,0,0,1,2,"13,42896582","52,48269351"
34540,209551,Berlin,7,2021,1,19,3,3,6,2,2,0,1,1,0,0,0,1,"13,3552103","52,41335311"
34541,209550,Berlin,3,2021,3,14,6,3,5,2,0,1,1,0,0,0,0,0,"13,45276798","52,54148164"
34542,209549,Berlin,11,2021,2,17,3,3,5,3,0,0,1,0,0,0,0,0,"13,49660153","52,54910961"
34543,209548,Berlin,1,2021,1,20,7,3,2,6,2,0,1,0,0,0,1,1,"13,35112726","52,51517596"
34544,209547,Berlin,2,2021,3,7,3,3,2,3,0,0,1,0,0,0,0,0,"13,39581267","52,49836832"
34545,209546,Berlin,5,2021,3,5,5,3,8,1,2,0,1,0,0,0,0,1,"13,18727533","52,52022985"
34546,209545,Berlin,7,2021,3,9,6,3,2,6,0,0,1,0,0,1,0,1,"13,39966548","52,44436432"
34547,209544,Berlin,5,2021,2,16,3,3,5,3,0,0,1,0,0,0,0,1,"13,14155397","52,53237115"
34548,209543,Berlin,8,2021,3,16,3,3,6,4,0,0,1,1,0,0,0,0,"13,42536935","52,49327871"
34549,209542,Berlin,7,2021,1,17,6,3,5,2,2,0,1,0,0,0,0,1,"13,4001644","52,45913481"
34550,209541,Berlin,1,2021,2,10,4,2,1,5,0,1,0,0,0,0,1,0,"13,40713512","52,52480391"
34551,209540,Berlin,5,2021,3,21,6,3,1,5,2,0,1,0,0,0,0,0,"13,15877799","52,53099467"
34552,209539,Berlin,11,2021,2,11,5,3,5,3,0,0,1,0,0,0,1,0,"13,48548918","52,52314203"
34553,209538,Berlin,12,2021,1,20,1,3,5,3,2,0,1,0,0,0,0,1,"13,37261029","52,56813954"
34554,209537,Berlin,11,2021,3,18,6,3,2,6,0,0,1,0,0,0,0,0,"13,49576341","52,56469164"
34555,209536,Berlin,5,2021,3,12,7,2,6,7,0,0,1,1,0,0,0,1,"13,15823034","52,53236661"
34556,209535,Berlin,4,2021,1,15,1,3,4,6,0,1,1,0,0,0,0,0,"13,22600342","52,50247322"
34557,209534,Berlin,2,2021,1,6,2,3,6,4,2,0,1,1,0,0,0,1,"13,41836837","52,50000052"
34558,209533,Berlin,10,2021,2,22,1,3,0,1,2,0,1,0,1,0,0,0,"13,59220556","52,51878378"
34559,209532,Berlin,4,2021,3,22,2,3,9,1,2,0,1,0,0,0,0,0,"13,31683246","52,47821817"
34560,209531,Berlin,6,2021,1,12,4,3,5,3,0,0,1,0,0,0,0,1,"13,32890638","52,44602475"
34561,209530,Berlin,3,2021,2,13,4,3,5,3,0,0,1,0,0,0,0,1,"13,44160524","52,55479559"
34562,209529,Berlin,4,2021,2,5,6,2,6,4,2,0,0,1,0,1,0,1,"13,21818126","52,50874488"
34563,209528,Berlin,1,2021,1,9,4,3,5,3,0,0,1,0,0,0,0,1,"13,39036263","52,50766808"
34564,209527,Berlin,4,2021,3,9,4,3,1,5,0,1,1,0,0,0,0,0,"13,32478747","52,48422246"
34565,209526,Berlin,4,2021,2,18,6,3,6,2,2,0,0,1,0,0,1,2,"13,28679995","52,53520147"
34566,209525,Berlin,4,2021,1,14,2,2,6,4,0,0,0,1,0,0,1,1,"13,31025053","52,49394347"
34567,209524,Berlin,6,2021,1,7,3,3,6,2,1,0,1,1,0,0,0,1,"13,35172014","52,44031295"
34568,209523,Berlin,7,2021,2,15,2,3,2,6,0,0,1,0,0,0,0,0,"13,36113493","52,49788018"
34569,209522,Berlin,6,2021,3,11,2,2,2,2,0,0,1,0,1,0,0,0,"13,29439249","52,44895242"
34570,209521,Berlin,2,2021,3,17,4,3,5,2,0,1,1,0,0,0,0,0,"13,38759939","52,49305767"
34571,209520,Berlin,5,2021,2,19,2,3,5,3,2,0,1,0,0,0,0,1,"13,19505436","52,54492055"
34572,209519,Berlin,3,2021,2,18,1,3,6,4,2,0,0,1,0,0,1,0,"13,40624971","52,55436023"
34573,209518,Berlin,9,2021,1,18,5,3,2,6,2,0,1,0,0,0,0,1,"13,59386693","52,44720164"
34574,209517,Berlin,4,2021,2,17,3,3,6,2,2,0,1,1,0,0,0,1,"13,31887511","52,51915997"
34575,209516,Berlin,8,2021,2,10,3,3,5,2,0,0,1,0,0,0,0,2,"13,46638412","52,43350548"
34576,209515,Berlin,1,2021,2,16,5,3,2,6,0,0,1,0,0,0,0,0,"13,42265946","52,52398366"
34577,209514,Berlin,3,2021,1,20,2,3,2,6,2,0,1,0,0,0,0,0,"13,45381891","52,53285765"
34578,209513,Berlin,5,2021,3,16,4,3,5,3,0,0,1,0,0,0,0,0,"13,1865286","52,54721847"
34579,209512,Berlin,8,2021,1,16,6,3,0,6,1,0,1,0,0,0,0,0,"13,43945703","52,45276397"
34580,209511,Berlin,2,2021,2,19,6,3,6,4,2,0,1,1,0,0,0,2,"13,3949362","52,50346495"
34581,209510,Berlin,5,2021,1,11,3,3,5,2,0,1,0,0,0,0,1,1,"13,19737786","52,53169883"
34582,209509,Berlin,10,2021,1,19,3,2,0,1,2,1,0,0,0,0,0,2,"13,57068933","52,56876409"