,id,city,district,year,month,hour,weekday,injury_level,collision,movement,light_conditions,bicycle,car,pedestrian,motorbike,truck,other_vehicle,road_conditions,longitude,latitude
34583,209508,Berlin,4,2021,2,16,1,2,5,2,0,0,1,0,0,0,1,0,"13,30230482","52,54789073"
34584,209507,Berlin,4,2021,3,14,2,2,2,2,0,1,1,0,0,0,0,1,"13,3328842","52,47869407"
34585,209506,Berlin,1,2021,3,18,3,2,6,4,2,0,1,1,0,0,0,0,"13,38599239","52,54974715"
34586,209505,Berlin,7,2021,2,14,1,3,6,4,0,0,1,1,0,0,0,1,"13,38042686","52,44318108"
34587,209504,Berlin,1,2021,3,12,2,2,6,4,0,0,0,1,0,0,1,0,"13,35584383","52,53848137"
34588,209503,Berlin,1,2021,1,22,3,3,0,1,2,1,0,0,0,0,0,1,"13,34326853","52,53312863"
34589,209502,Berlin,1,2021,1,21,1,3,0,2,2,0,0,0,1,0,1,2,"13,39321719","52,56444484"
34590,209501,Berlin,11,2021,2,10,7,3,2,1,0,0,1,0,0,0,0,2,"13,46732461","52,54639375"
34591,209500,Berlin,5,2021,1,10,5,3,6,2,0,0,1,1,0,0,0,0,"13,17802879","52,54866649"
34592,209499,Berlin,9,2021,3,12,6,3,5,7,0,0,1,0,0,0,1,0,"13,54282505","52,45762846"
34593,209498,Berlin,1,2021,2,8,3,3,5,2,0,1,1,0,0,0,0,0,"13,40979455","52,52401456"
34594,209497,Berlin,4,2021,1,18,7,3,2,6,2,0,1,0,0,0,0,1,"13,32230534","52,48642948"
34595,209496,Berlin,3,2021,3,6,4,3,5,2,0,0,1,0,0,0,0,0,"13,38023233","52,5749532"
34596,209495,Berlin,4,2021,3,12,6,3,0,6,0,0,0,0,0,1,1,0,"13,31427809","52,5063378"
34597,209494,Berlin,2,2021,3,18,1,3,3,6,1,1,1,0,0,0,0,0,"13,42046892","52,49178946"
34598,209493,Berlin,9,2021,2,10,3,3,5,2,0,0,1,0,0,0,1,1,"13,49125898","52,46905944"
34599,209492,Berlin,2,2021,3,5,3,3,5,2,2,1,1,0,0,0,0,0,"13,43671819","52,5234944"
34600,209491,Berlin,1,2021,1,17,6,2,5,2,2,1,1,0,0,0,0,1,"13,33422966","52,52454328"
34601,209490,Berlin,6,2021,2,15,4,3,5,3,0,0,1,0,1,0,0,1,"13,35396582","52,4433404"
34602,209489,Berlin,1,2021,3,1,6,3,8,1,2,0,1,0,0,0,0,1,"13,33228813","52,54583658"
34603,209488,Berlin,1,2021,2,19,4,3,5,3,2,0,1,0,1,0,0,0,"13,39281433","52,5425704"
34604,209487,Berlin,10,2021,1,1,1,3,9,1,2,0,1,0,0,0,0,1,"13,5483465","52,54187857"
34605,209486,Berlin,5,2021,3,7,5,3,0,1,0,0,0,0,1,0,0,1,"13,25010501","52,53808486"
34606,209485,Berlin,5,2021,3,11,7,2,2,6,0,0,1,0,0,0,0,1,"13,17320831","52,51786726"
34607,209484,Berlin,3,2021,2,7,6,3,5,2,0,1,1,0,0,0,0,0,"13,41317541","52,54768123"
34608,209483,Berlin,2,2021,3,18,2,2,6,4,1,0,1,1,0,0,0,0,"13,37936554","52,48962641"
34609,209482,Berlin,1,2021,1,18,2,3,6,7,2,1,0,1,0,0,0,0,"13,37776313","52,5081712"
34610,209481,Berlin,5,2021,1,0,4,2,9,1,2,0,1,0,0,0,0,2,"13,11801888","52,47068534"
34611,209480,Berlin,1,2021,2,6,2,3,5,7,2,1,1,0,0,0,0,0,"13,37225532","52,55595393"
34612,209479,Berlin,10,2021,3,8,3,3,5,3,0,0,1,0,0,0,1,0,"13,60185576","52,53690684"
34613,209478,Berlin,1,2021,1,15,4,3,6,4,0,1,0,1,0,0,0,0,"13,34957816","52,53906031"
34614,209477,Berlin,2,2021,2,12,6,3,2,6,0,0,1,0,0,0,0,1,"13,41987153","52,49639732"
34615,209476,Berlin,4,2021,3,1,2,3,0,1,2,0,0,0,1,0,0,0,"13,33452773","52,50845037"
34616,209475,Berlin,7,2021,1,17,4,3,6,2,2,0,0,1,0,0,1,1,"13,33865911","52,48561139"
34617,209474,Berlin,8,2021,3,11,4,3,5,3,0,0,1,0,0,0,1,0,"13,4485722","52,47855668"
34618,209473,Berlin,3,2021,1,3,1,3,9,1,2,0,1,0,0,0,0,2,"13,38768625","52,58953922"
34619,209472,Berlin,6,2021,2,18,6,3,5,3,2,0,1,0,0,0,0,1,"13,31237719","52,42984132"
34620,209471,Berlin,1,2021,1,16,4,3,5,2,1,1,1,0,0,0,0,0,"13,41633898","52,5199852"
34621,209470,Berlin,2,2021,1,7,5,3,6,2,1,0,1,1,0,0,0,1,"13,39284853","52,50436971"
34622,209469,Berlin,8,2021,2,18,3,3,5,3,2,0,1,0,0,0,0,0,"13,43785621","52,47316219"
34623,209468,Berlin,4,2021,3,11,2,3,2,6,0,0,1,0,0,0,0,0,"13,32025703","52,51357973"
34624,209467,Berlin,12,2021,3,19,4,2,5,2,2,0,1,0,1,0,0,0,"13,33995776","52,58805421"
34625,209466,Berlin,12,2021,2,5,4,3,6,4,2,0,1,1,0,0,0,1,"13,28915293","52,63294606"
34626,209465,Berlin,8,2021,3,11,2,3,2,7,0,0,1,0,1,0,0,0,"13,43610112","52,48396238"
34627,209464,Berlin,8,2021,1,19,6,3,1,5,2,1,0,0,0,0,1,0,"13,44403587","52,48757021"
34628,209463,Berlin,3,2021,2,11,3,2,5,3,0,0,1,0,0,0,0,1,"13,42174927","52,56264696"
34629,209462,Berlin,4,2021,3,10,6,3,5,3,0,0,1,0,1,0,0,0,"13,29988086","52,50975935"
34630,209461,Berlin,11,2021,2,14,5,3,5,3,0,1,1,0,0,0,0,0,"13,54022147","52,5652608"
34631,209460,Berlin,1,2021,1,21,7,3,0,1,2,0,0,0,1,0,0,2,"13,40444063","52,52191305"
34632,209459,Berlin,9,2021,3,16,4,2,6,4,0,0,1,1,0,0,0,1,"13,58434959","52,45539465"
34633,209458,Berlin,3,2021,3,14,6,3,2,6,0,0,1,0,0,0,0,0,"13,47575289","52,64045789"
34634,209457,Berlin,9,2021,2,16,6,3,5,7,1,0,0,0,0,0,1,1,"13,51733751","52,47147848"
34635,209456,Berlin,4,2021,3,11,2,3,5,7,0,1,0,0,0,0,1,0,"13,31795116","52,50301677"
34636,209455,Berlin,6,2021,2,12,7,2,4,6,0,0,1,0,0,0,0,0,"13,32718866","52,42232295"
34637,209454,Berlin,5,2021,1,18,1,3,5,2,2,0,1,0,0,0,0,1,"13,21144674","52,52734519"
34638,209453,Berlin,11,2021,1,11,7,3,6,4,0,0,1,1,0,0,0,0,"13,5262058","52,56944753"
34639,209452,Berlin,1,2021,2,18,4,3,2,6,2,0,1,0,0,0,0,1,"13,38239804","52,55197264"
34640,209451,Berlin,2,2021,3,20,2,3,5,2,2,0,1,0,1,0,0,0,"13,46311061","52,50824781"
34641,209450,Berlin,2,2021,2,18,4,3,5,3,2,0,1,0,0,0,0,2,"13,45191684","52,51070817"
34642,209449,Berlin,3,2021,2,17,5,3,1,7,2,0,1,0,1,0,0,0,"13,41437483","52,55883378"
34643,209448,Berlin,3,2021,1,6,2,3,6,4,2,0,1,1,0,0,0,0,"13,43000844","52,57171841"
34644,209447,Berlin,1,2021,1,17,5,2,6,4,2,0,1,1,0,0,0,1,"13,40479744","52,51356282"
34645,209446,Berlin,5,2021,3,12,5,3,2,6,0,0,1,0,0,1,0,0,"13,14628635","52,53270843"
34646,209445,Berlin,1,2021,3,19,7,3,0,6,2,1,1,0,0,0,0,0,"13,39606482","52,51883082"
34647,209444,Berlin,3,2021,2,11,5,3,5,2,0,0,1,0,0,0,0,0,"13,49018872","52,64545774"
34648,209443,Berlin,11,2021,1,14,5,2,5,3,0,1,1,0,0,0,0,0,"13,52353545","52,49564307"
34649,209442,Berlin,12,2021,3,15,4,3,5,3,0,1,1,0,0,0,0,1,"13,30186752","52,58042452"
34650,209441,Berlin,12,2021,3,17,5,3,2,6,0,0,1,0,0,0,1,1,"13,34691945","52,56708412"
34651,209440,Berlin,8,2021,3,12,1,2,2,6,0,0,1,0,0,0,0,0,"13,43783801","52,45447696"
34652,209439,Berlin,7,2021,2,18,3,3,8,1,2,0,1,0,0,0,0,1,"13,38974586","52,3971251"
34653,209438,Berlin,8,2021,1,18,2,3,6,2,2,0,1,1,0,0,0,1,"13,46033412","52,43192273"
34654,209437,Berlin,4,2021,3,14,3,3,5,2,0,0,1,0,0,0,0,0,"13,31531707","52,49084569"
34655,209436,Berlin,7,2021,1,11,2,3,5,3,0,0,1,0,0,0,0,1,"13,34714409","52,41207816"
34656,209435,Berlin,4,2021,2,10,4,3,5,2,0,0,1,0,0,0,0,1,"13,3042387","52,50367206"
34657,209434,Berlin,4,2021,3,14,6,3,6,2,0,0,1,1,0,0,0,0,"13,32921923","52,48170392"
34658,209433,Berlin,6,2021,2,16,4,3,2,6,0,0,1,0,0,0,0,2,"13,23085005","52,42740949"
34659,209432,Berlin,5,2021,2,12,6,3,0,1,0,0,0,0,1,0,0,0,"13,23333001","52,53851887"
34660,209431,Berlin,7,2021,1,8,3,3,5,2,0,1,1,0,0,0,0,1,"13,34711602","52,50106751"
34661,209430,Berlin,11,2021,3,15,5,3,2,6,0,0,1,0,0,0,0,0,"13,50041958","52,56154929"
34662,209429,Berlin,12,2021,1,12,6,3,5,7,0,0,1,0,0,0,0,0,"13,32565153","52,5907111"
34663,209428,Berlin,8,2021,3,11,1,3,2,6,0,0,1,0,0,0,0,1,"13,44311824","52,48029993"
34664,209427,Berlin,5,2021,1,14,2,3,1,5,0,0,1,0,1,0,0,1,"13,24846554","52,53505989"
34665,209426,Berlin,5,2021,1,7,4,3,2,2,2,0,1,0,0,0,0,1,"13,23206406","52,54067049"
34666,209425,Berlin,8,2021,2,13,1,2,5,2,0,1,1,0,0,0,0,0,"13,49758532","52,41603963"
34667,209424,Berlin,12,2021,3,17,1,3,0,1,0,0,0,0,1,0,0,0,"13,27519329","52,59789615"
34668,209423,Berlin,1,2021,1,8,5,3,5,3,1,1,1,0,0,0,0,1,"13,4150763","52,51566293"
34669,209422,Berlin,8,2021,2,20,2,3,1,5,2,0,1,0,0,0,0,2,"13,45021616","52,43695301"
34670,209421,Berlin,1,2021,3,18,2,3,0,4,2,1,0,1,0,0,0,0,"13,34960743","52,53013669"
34671,209420,Berlin,7,2021,1,15,4,3,6,7,1,0,0,1,1,0,0,1,"13,33539383","52,47046585"
34672,209419,Berlin,11,2021,3,14,4,3,5,2,0,1,1,0,0,0,0,0,"13,51609072","52,50563408"
34673,209418,Berlin,12,2021,2,14,3,2,3,6,0,1,1,0,0,0,0,1,"13,29448032","52,63668011"
34674,209417,Berlin,4,2021,2,13,6,3,9,1,0,0,0,0,0,0,1,0,"13,29821225","52,5244483"
34675,209416,Berlin,1,2021,1,16,4,3,6,4,1,1,0,1,0,0,0,1,"13,41661961","52,51096473"
34676,209415,Berlin,8,2021,1,10,5,3,3,6,0,0,1,0,0,0,0,1,"13,43952934","52,42411208"
34677,209414,Berlin,4,2021,3,14,6,3,3,6,0,0,1,0,0,0,0,0,"13,28084841","52,51699214"
34678,209413,Berlin,6,2021,2,13,3,3,1,7,0,0,1,0,0,0,0,0,"13,25779807","52,44623529"
34679,209412,Berlin,5,2021,3,16,4,3,5,3,0,1,1,0,0,0,0,1,"13,18003668","52,50447984"
34680,209411,Berlin,2,2021,3,9,6,3,5,2,0,1,1,0,0,0,0,1,"13,37675493","52,49142288"
34681,209410,Berlin,6,2021,2,18,5,3,1,5,2,0,1,0,1,0,0,1,"13,29804558","52,44310318"
34682,209409,Berlin,6,2021,3,15,3,2,6,2,0,0,1,1,0,0,0,0,"13,31560611","52,44309485"
34683,209408,Berlin,7,2021,1,5,5,3,6,2,2,0,1,1,0,0,0,1,"13,40636682","52,39376302"
34684,209407,Berlin,11,2021,2,7,5,3,5,2,0,0,1,0,0,0,0,1,"13,50348107","52,50966446"
34685,209406,Berlin,1,2021,3,17,7,3,6,2,0,0,1,1,0,0,0,0,"13,37827339","52,55039769"
34686,209405,Berlin,1,2021,2,11,3,3,5,2,0,1,0,0,0,0,1,0,"13,42112764","52,50972932"
34687,209404,Berlin,2,2021,1,0,1,3,0,1,2,1,0,0,0,0,0,1,"13,45713535","52,51299529"
34688,209403,Berlin,7,2021,3,22,5,3,1,5,2,0,1,0,0,0,1,1,"13,41282203","52,40270993"
34689,209402,Berlin,7,2021,3,16,7,3,0,5,0,0,1,0,0,0,0,1,"13,3503075","52,48961806"
34690,209401,Berlin,5,2021,3,17,2,3,6,7,0,1,0,1,0,0,0,0,"13,21480583","52,56350995"
34691,209400,Berlin,4,2021,2,14,7,2,5,3,0,0,1,0,1,0,0,0,"13,31725776","52,50428412"
34692,209399,Berlin,12,2021,1,10,2,2,3,6,0,1,0,0,0,0,1,2,"13,29437192","52,57626902"
34693,209398,Berlin,8,2021,1,15,3,3,2,6,0,0,1,0,0,0,0,1,"13,44377305","52,46409598"
34694,209397,Berlin,1,2021,1,19,3,3,2,6,2,0,1,0,0,0,0,0,"13,35930409","52,50987105"
34695,209396,Berlin,2,2021,2,3,6,3,5,3,2,1,1,0,0,0,0,1,"13,39571225","52,49826705"
34696,209395,Berlin,7,2021,3,19,1,3,5,2,2,0,1,0,0,0,0,0,"13,34508668","52,48900565"
34697,209394,Berlin,4,2021,1,15,3,3,5,2,0,1,1,0,0,0,0,0,"13,28802613","52,51888855"
34698,209393,Berlin,7,2021,2,6,4,3,6,2,2,0,0,1,0,0,1,1,"13,38577953","52,46572896"
34699,209392,Berlin,2,2021,2,17,5,3,5,3,0,0,1,0,0,0,1,0,"13,40378736","52,49529738"
34700,209391,Berlin,12,2021,1,8,2,3,0,6,0,0,1,0,1,0,0,1,"13,23215524","52,61355586"
34701,209390,Berlin,7,2021,3,8,4,3,5,2,0,1,1,0,0,0,0,0,"13,35491602","52,41329517"
34702,209389,Berlin,1,2021,1,14,1,3,6,2,0,0,1,1,0,0,0,0,"13,38673441","52,54947657"
34703,209388,Berlin,2,2021,1,21,2,2,6,4,2,0,1,1,0,0,0,1,"13,41873306","52,49905056"
34704,209387,Berlin,4,2021,1,12,4,2,5,7,0,0,1,0,1,0,0,1,"13,3224553","52,48643243"
34705,209386,Berlin,11,2021,2,9,2,3,6,2,0,0,1,1,0,0,0,0,"13,50938931","52,50172152"
34706,209385,Berlin,4,2021,3,20,3,2,5,3,2,0,1,0,0,0,0,0,"13,30638825","52,48827898"
34707,209384,Berlin,3,2021,3,18,4,3,5,3,2,1,1,0,0,0,0,0,"13,41747256","52,53833462"
34708,209383,Berlin,1,2021,2,15,6,3,1,5,0,0,1,0,0,0,0,1,"13,37134098","52,54610394"
34709,209382,Berlin,7,2021,2,12,7,3,1,5,0,1,1,0,0,0,0,1,"13,35555558","52,48650992"
34710,209381,Berlin,6,2021,1,7,3,3,6,2,2,0,1,1,0,0,0,1,"13,33211671","52,44242987"
34711,209380,Berlin,7,2021,3,13,5,3,7,7,0,1,0,0,0,0,0,1,"13,41960032","52,46130098"
34712,209379,Berlin,5,2021,2,14,2,3,6,4,0,0,1,1,0,0,0,2,"13,19781947","52,52139768"
34713,209378,Berlin,2,2021,2,14,7,3,2,7,0,0,1,0,0,0,0,1,"13,42680877","52,5158043"
34714,209377,Berlin,7,2021,1,22,4,3,1,5,2,1,1,0,0,0,0,0,"13,38250542","52,44818277"
34715,209376,Berlin,11,2021,3,7,5,3,5,2,0,1,1,0,0,0,0,0,"13,54947476","52,56876523"
34716,209375,Berlin,7,2021,3,15,5,3,5,3,0,0,1,0,0,0,0,0,"13,35891546","52,47465935"
34717,209374,Berlin,1,2021,1,13,1,3,2,6,0,0,1,0,0,0,0,0,"13,33410341","52,54102913"
34718,209373,Berlin,1,2021,3,16,2,3,5,3,0,0,1,0,0,0,1,1,"13,37723652","52,55128492"
34719,209372,Berlin,8,2021,3,12,2,2,0,2,0,0,1,0,0,0,1,0,"13,45343689","52,42940082"
34720,209371,Berlin,2,2021,1,14,3,3,6,4,0,0,1,1,0,0,0,1,"13,46656157","52,50841455"
34721,209370,Berlin,1,2021,1,14,4,3,2,6,0,0,1,0,0,0,0,1,"13,34894327","52,51510235"
34722,209369,Berlin,4,2021,2,8,2,3,2,6,0,0,1,0,1,0,0,0,"13,33081209","52,49701551"
34723,209368,Berlin,12,2021,3,6,3,2,2,7,0,0,0,0,0,0,1,1,"13,34879379","52,59629392"
34724,209367,Berlin,9,2021,3,20,3,2,0,1,2,0,0,0,1,0,0,0,"13,56316174","52,44593505"
34725,209366,Berlin,8,2021,1,15,4,3,5,3,0,0,1,0,0,0,0,0,"13,43315515","52,4524342"
34726,209365,Berlin,8,2021,2,16,2,3,3,6,0,0,1,0,0,1,0,0,"13,43848167","52,45269648"
34727,209364,Berlin,9,2021,3,15,2,3,2,6,0,1,1,0,0,0,0,0,"13,53778151","52,4189877"
34728,209363,Berlin,8,2021,1,10,4,3,5,7,0,0,1,0,0,0,1,1,"13,42606284","52,47819129"
34729,209362,Berlin,4,2021,3,19,4,3,5,5,2,1,1,0,0,0,0,0,"13,29475513","52,49617419"
34730,209361,Berlin,9,2021,2,15,3,3,5,2,0,0,1,0,0,0,0,1,"13,51962929","52,42827306"
34731,209360,Berlin,1,2021,1,19,3,2,5,3,2,1,1,0,0,0,0,1,"13,39182489","52,51050036"
34732,209359,Berlin,11,2021,1,6,5,2,6,4,2,0,1,1,0,0,0,1,"13,48593363","52,52093755"
34733,209358,Berlin,2,2021,3,8,5,3,5,2,0,1,1,0,0,0,0,0,"13,43291953","52,52334196"
34734,209357,Berlin,6,2021,2,15,2,3,2,2,0,0,1,0,0,0,0,0,"13,33938007","52,45940515"
34735,209356,Berlin,3,2021,3,8,4,3,6,4,0,0,1,1,0,0,0,1,"13,48951661","52,61737418"
34736,209355,Berlin,1,2021,3,16,5,3,0,6,0,0,1,0,0,0,1,0,"13,35690872","52,53570434"
34737,209354,Berlin,1,2021,2,18,3,3,5,2,2,0,1,0,0,0,0,1,"13,41168334","52,52396318"
34738,209353,Berlin,1,2021,3,7,3,3,2,2,0,1,1,0,0,0,0,0,"13,40089058","52,52086154"
34739,209352,Berlin,8,2021,1,9,7,3,1,5,0,0,1,0,0,0,0,1,"13,43437571","52,44188439"
34740,209351,Berlin,5,2021,2,21,3,3,0,7,2,1,0,0,0,0,0,1,"13,20826918","52,56138311"
34741,209350,Berlin,1,2021,2,19,5,3,5,2,2,1,1,0,0,0,0,1,"13,38697861","52,52713785"
34742,209349,Berlin,8,2021,3,16,6,3,2,6,0,0,1,0,0,0,0,0,"13,4591108","52,46336204"
34743,209348,Berlin,9,2021,2,14,4,3,1,5,0,0,1,0,1,0,0,0,"13,50590041","52,45403339"
34744,209347,Berlin,3,2021,1,14,5,3,5,7,0,1,1,0,0,0,0,0,"13,50474158","52,63002257"
34745,209346,Berlin,11,2021,3,16,6,3,5,2,1,1,1,0,0,0,0,0,"13,50974437","52,50348603"
34746,209345,Berlin,3,2021,3,15,2,3,5,2,0,1,1,0,0,0,0,1,"13,42640747","52,60317282"
34747,209344,Berlin,2,2021,2,15,1,3,5,3,0,1,1,0,0,0,0,0,"13,41030067","52,50378271"
34748,209343,Berlin,2,2021,1,17,6,3,6,4,2,1,0,1,0,0,0,0,"13,46773135","52,50753269"
34749,209342,Berlin,11,2021,1,17,2,3,6,4,2,0,1,1,0,0,0,1,"13,51313326","52,56797547"
34750,209341,Berlin,12,2021,1,10,3,3,5,3,0,0,1,0,0,0,0,1,"13,32032365","52,56602474"
34751,209340,Berlin,6,2021,2,14,6,3,3,6,0,1,1,0,0,0,0,0,"13,3254894","52,40734512"
34752,209339,Berlin,1,2021,3,16,2,3,5,3,0,1,1,0,0,0,0,0,"13,36419575","52,54968068"
34753,209338,Berlin,2,2021,1,10,3,3,6,2,0,0,1,1,0,0,0,1,"13,432047","52,49933363"
34754,209337,Berlin,2,2021,2,10,2,3,0,7,0,0,1,0,0,0,0,2,"13,38852223","52,50166635"
34755,209336,Berlin,9,2021,2,16,5,2,5,3,1,1,1,0,0,0,0,0,"13,74001688","52,42852475"
34756,209335,Berlin,9,2021,1,17,3,3,2,6,2,0,1,0,1,0,0,2,"13,56967848","52,44463273"
34757,209334,Berlin,6,2021,3,11,4,3,5,3,0,0,1,0,0,0,0,0,"13,30978556","52,46722173"
34758,209333,Berlin,3,2021,1,5,6,3,3,2,2,1,0,0,0,0,1,0,"13,4141721","52,5536176"
34759,209332,Berlin,5,2021,1,13,3,2,6,2,0,0,1,1,0,0,0,2,"13,1926079","52,52866896"
34760,209331,Berlin,2,2021,1,8,3,3,6,2,0,0,0,1,0,0,1,1,"13,38637554","52,49007619"
34761,209330,Berlin,3,2021,2,13,1,3,0,1,0,0,0,0,1,0,0,0,"13,40512386","52,581578"
34762,209329,Berlin,12,2021,3,6,2,3,5,7,1,0,1,0,0,0,1,0,"13,34125465","52,60003127"
34763,209328,Berlin,2,2021,3,10,4,3,2,6,0,0,1,0,0,0,0,0,"13,43435121","52,50472774"
34764,209327,Berlin,4,2021,2,23,1,3,2,6,2,0,1,0,0,0,0,1,"13,24958113","52,52393816"
34765,209326,Berlin,3,2021,3,9,2,3,2,7,0,0,1,0,1,0,0,0,"13,41309125","52,53191272"
34766,209325,Berlin,7,2021,1,17,4,3,6,2,2,0,0,1,0,0,1,1,"13,34757214","52,47057041"
34767,209324,Berlin,11,2021,2,17,3,3,5,3,2,1,1,0,0,0,0,1,"13,46677677","52,52850899"
34768,209323,Berlin,2,2021,1,9,3,3,6,4,0,1,0,1,0,0,0,0,"13,43464991","52,51955088"
34769,209322,Berlin,9,2021,3,14,6,3,5,7,0,0,1,0,0,0,1,0,"13,54279602","52,45762639"
34770,209321,Berlin,11,2021,2,22,2,2,5,2,2,0,1,0,0,0,0,0,"13,4689515","52,53139298"
34771,209320,Berlin,2,2021,1,16,7,3,0,1,0,0,0,0,1,0,0,1,"13,4181897","52,49878829"
34772,209319,Berlin,1,2021,3,14,4,3,5,2,0,1,0,0,0,0,1,1,"13,39279849","52,54256607"
34773,209318,Berlin,9,2021,3,17,5,3,1,1,0,1,1,0,0,0,0,1,"13,56843887","52,40185096"
34774,209317,Berlin,1,2021,3,2,7,3,5,3,2,0,1,0,0,0,0,0,"13,36975812","52,55968899"
34775,209316,Berlin,6,2021,2,19,4,3,6,2,2,0,1,1,0,0,0,1,"13,27051726","52,4510196"
34776,209315,Berlin,5,2021,3,13,2,3,0,6,0,0,1,0,0,0,1,0,"13,19851284","52,53322568"
34777,209314,Berlin,1,2021,1,15,5,3,1,5,0,1,0,0,0,0,1,1,"13,37220557","52,53233991"
34778,209313,Berlin,9,2021,2,14,4,3,5,3,0,0,1,0,0,0,0,1,"13,53233084","52,46169783"
34779,209312,Berlin,8,2021,3,18,6,2,9,1,2,0,1,0,0,0,0,0,"13,4347083","52,47861582"
34780,209311,Berlin,1,2021,2,17,4,3,0,7,0,1,0,1,0,0,0,0,"13,38512699","52,55719688"
34781,209310,Berlin,3,2021,1,16,2,3,6,7,1,0,1,1,0,0,0,0,"13,4246901","52,60404187"
34782,209309,Berlin,3,2021,3,8,6,2,0,3,0,0,1,0,1,0,0,1,"13,43377137","52,53336393"
34783,209308,Berlin,9,2021,3,16,6,3,2,1,0,0,1,0,0,0,0,0,"13,52289421","52,46321168"
34784,209307,Berlin,1,2021,2,13,2,3,5,3,0,1,1,0,0,0,0,0,"13,41363352","52,51128783"
34785,209306,Berlin,5,2021,3,14,4,3,5,2,0,0,1,0,0,0,0,1,"13,18468733","52,51545739"
34786,209305,Berlin,5,2021,3,16,6,3,6,4,0,1,0,1,0,0,0,0,"13,26775092","52,53676783"
34787,209304,Berlin,1,2021,2,18,3,3,2,6,2,0,1,0,0,0,0,1,"13,32683819","52,53690269"
34788,209303,Berlin,1,2021,3,8,3,3,2,6,0,0,1,0,0,1,0,0,"13,34844761","52,51514685"
34789,209302,Berlin,4,2021,1,14,6,3,2,6,0,0,1,0,0,0,0,0,"13,31998207","52,48671356"
34790,209301,Berlin,1,2021,2,10,5,2,5,3,0,1,1,0,0,0,0,1,"13,39212494","52,50779607"
34791,209300,Berlin,4,2021,2,18,5,3,5,3,2,1,1,0,0,0,0,1,"13,32207343","52,50641525"
34792,209299,Berlin,2,2021,3,18,1,3,5,7,2,0,1,0,0,0,0,0,"13,41887146","52,50069291"
34793,209298,Berlin,11,2021,2,15,4,3,5,3,0,1,0,0,0,0,1,0,"13,53532694","52,56135559"
34794,209297,Berlin,3,2021,1,10,7,3,5,3,0,1,0,0,0,0,1,1,"13,42887775","52,55140653"
34795,209296,Berlin,8,2021,3,9,5,3,6,4,0,0,1,1,0,0,0,0,"13,43596848","52,42340213"
34796,209295,Berlin,12,2021,3,15,2,3,2,6,0,0,1,0,0,0,1,1,"13,32374509","52,58732304"
34797,209294,Berlin,1,2021,3,19,2,3,5,2,2,0,1,0,0,0,0,0,"13,32842421","52,53297794"
34798,209293,Berlin,7,2021,2,8,5,3,2,6,0,0,1,0,0,0,0,0,"13,36546723","52,47982411"
34799,209292,Berlin,7,2021,1,22,7,3,6,2,2,0,0,1,0,0,1,1,"13,3782598","52,4662512"
34800,209291,Berlin,4,2021,1,15,2,3,5,2,0,1,1,0,0,0,0,1,"13,27569218","52,50157915"
34801,209290,Berlin,2,2021,2,14,6,3,1,5,0,0,1,0,0,0,0,0,"13,43615913","52,49383237"
34802,209289,Berlin,4,2021,3,16,2,3,2,2,0,0,1,0,0,0,0,0,"13,32361271","52,49374326"
34803,209288,Berlin,4,2021,1,11,4,3,6,4,0,0,1,1,0,0,0,0,"13,28847547","52,47692004"
34804,209287,Berlin,1,2021,2,14,4,3,2,6,0,0,1,0,0,0,0,1,"13,35208673","52,51573579"
34805,209286,Berlin,4,2021,2,8,6,3,2,6,0,0,1,0,0,0,0,1,"13,32077749","52,51322308"
34806,209285,Berlin,2,2021,1,23,1,3,5,3,2,0,1,0,0,0,1,1,"13,42393174","52,51344236"
34807,209284,Berlin,8,2021,3,16,4,3,5,2,0,1,1,0,0,0,0,0,"13,44357959","52,46428113"
34808,209283,Berlin,8,2021,1,13,2,3,1,5,0,1,1,0,0,0,0,1,"13,44770798","52,42306505"
34809,209282,Berlin,4,2021,1,20,3,3,6,2,2,0,1,1,0,0,0,1,"13,30227914","52,50665297"
34810,209281,Berlin,11,2021,2,11,1,3,0,6,0,0,1,0,0,0,1,0,"13,51830525","52,56810697"
34811,209280,Berlin,5,2021,3,16,3,3,2,2,0,0,1,0,0,0,0,0,"13,19505199","52,54503239"
34812,209279,Berlin,6,2021,3,9,4,2,0,1,0,0,0,0,1,0,0,0,"13,33599421","52,44337063"
34813,209278,Berlin,12,2021,2,17,6,3,2,6,1,0,1,0,0,0,0,1,"13,28533362","52,58304212"
34814,209277,Berlin,4,2021,3,0,2,3,6,4,2,0,1,1,0,0,0,0,"13,30732498","52,49951083"
34815,209276,Berlin,9,2021,1,15,6,3,2,6,0,0,1,0,0,0,0,1,"13,55926711","52,44708776"
34816,209275,Berlin,9,2021,2,18,3,3,6,2,2,0,1,1,0,0,0,1,"13,58201142","52,4428357"
34817,209274,Berlin,11,2021,1,7,5,3,5,3,2,1,1,0,0,0,0,1,"13,48591607","52,51847064"
34818,209273,Berlin,6,2021,3,14,5,2,6,7,0,0,0,1,0,0,1,0,"13,32722354","52,46409958"