,id,city,district,year,month,hour,weekday,injury_level,collision,movement,light_conditions,bicycle,car,pedestrian,motorbike,truck,other_vehicle,road_conditions,longitude,latitude
34819,209272,Berlin,9,2021,3,15,1,3,6,4,0,0,1,1,0,0,0,0,"13,51648099","52,46440199"
34820,209271,Berlin,6,2021,2,12,4,3,6,7,0,0,0,1,0,0,1,0,"13,29535754","52,44276795"
34821,209270,Berlin,7,2021,1,14,7,3,0,6,0,0,1,0,1,0,0,1,"13,37660606","52,44795259"
34822,209269,Berlin,7,2021,3,16,4,3,3,6,0,0,1,0,0,0,0,1,"13,37730503","52,48268329"
34823,209268,Berlin,11,2021,3,15,6,3,5,2,0,0,1,0,0,0,1,0,"13,46817084","52,54536351"
34824,209267,Berlin,1,2021,3,16,1,2,6,4,0,0,1,1,0,0,0,0,"13,3301534","52,52202816"
34825,209266,Berlin,8,2021,2,13,5,3,6,2,0,0,1,1,0,0,0,0,"13,45389349","52,48247631"
34826,209265,Berlin,12,2021,1,22,7,2,0,3,2,0,1,0,0,0,0,0,"13,31916235","52,58761297"
34827,209264,Berlin,7,2021,3,14,3,3,5,2,0,1,1,0,0,0,0,0,"13,35968001","52,41281298"
34828,209263,Berlin,8,2021,1,11,2,2,6,2,0,0,1,1,0,0,0,1,"13,45531369","52,47307824"
34829,209262,Berlin,6,2021,2,6,4,3,2,6,2,0,1,0,0,0,0,1,"13,35480584","52,4289902"
34830,209261,Berlin,1,2021,3,19,6,3,1,5,2,1,1,0,0,0,0,0,"13,39692959","52,52929411"
34831,209260,Berlin,4,2021,2,18,2,3,5,2,2,0,1,0,0,0,0,2,"13,30793894","52,48853468"
34832,209259,Berlin,9,2021,2,8,6,3,1,5,1,1,1,0,0,0,0,1,"13,57386055","52,45823785"
34833,209258,Berlin,4,2021,1,14,2,3,5,3,0,0,1,0,0,0,0,0,"13,28461389","52,54041658"
34834,209257,Berlin,10,2021,3,18,5,3,5,3,2,0,1,0,0,0,0,0,"13,61315429","52,50855311"
34835,209256,Berlin,6,2021,3,10,7,3,0,2,0,0,1,0,1,0,0,1,"13,35490654","52,44894437"
34836,209255,Berlin,3,2021,2,12,6,3,5,2,0,1,0,0,0,0,1,0,"13,43445577","52,52927801"
34837,209254,Berlin,3,2021,3,13,2,2,5,3,0,0,1,0,0,0,0,0,"13,43563893","52,55104589"
34838,209253,Berlin,1,2021,1,17,3,3,6,2,2,0,1,1,0,0,0,1,"13,38730226","52,52602308"
34839,209252,Berlin,5,2021,1,13,4,3,5,3,0,0,1,0,0,0,0,0,"13,21995128","52,53898811"
34840,209251,Berlin,6,2021,2,17,2,3,0,1,2,0,0,0,1,0,0,0,"13,30086038","52,4391979"
34841,209250,Berlin,4,2021,3,22,2,2,5,3,2,0,1,0,0,0,0,0,"13,30222152","52,5079478"
34842,209249,Berlin,10,2021,1,6,4,3,5,3,2,0,1,0,0,0,1,1,"13,58325571","52,5152786"
34843,209248,Berlin,5,2021,2,12,2,3,1,7,0,0,1,0,0,0,0,0,"13,13107826","52,52870297"
34844,209247,Berlin,1,2021,2,19,1,3,5,3,2,0,1,0,0,0,0,0,"13,39005775","52,56478144"
34845,209246,Berlin,9,2021,1,21,4,3,0,6,2,0,1,0,0,0,1,1,"13,48909423","52,46725519"
34846,209245,Berlin,11,2021,3,7,4,3,0,1,0,0,0,0,1,0,0,2,"13,45905546","52,52608725"
34847,209244,Berlin,6,2021,1,18,1,3,4,3,2,0,1,0,1,0,0,2,"13,31472725","52,42424401"
34848,209243,Berlin,6,2021,2,19,6,3,5,3,2,1,1,0,0,0,0,2,"13,34782349","52,4513178"
34849,209242,Berlin,10,2021,1,12,5,3,0,3,0,0,1,0,0,0,1,0,"13,55045039","52,53353302"
34850,209241,Berlin,10,2021,1,7,5,2,6,4,0,0,0,1,0,0,1,1,"13,56333003","52,54152885"
34851,209240,Berlin,9,2021,2,16,3,3,5,3,0,1,1,0,0,0,0,0,"13,51201345","52,47070838"
34852,209234,Berlin,4,2021,1,10,2,3,5,3,0,1,1,0,0,0,0,1,"13,31156721","52,47953977"
34853,209225,Berlin,4,2021,1,14,2,3,5,3,0,0,1,0,0,0,0,0,"13,33108895","52,49540198"
34854,209197,Berlin,2,2021,1,19,7,2,5,3,2,1,0,0,0,0,1,0,"13,45164233","52,52042879"
34855,209169,Berlin,4,2021,1,23,2,3,5,3,2,0,1,0,1,0,0,1,"13,32273871","52,48884367"
34856,209138,Berlin,4,2021,1,18,1,3,5,7,0,0,1,0,0,0,0,1,"13,33068955","52,4985924"
34857,209111,Berlin,1,2021,1,17,6,3,0,1,2,1,0,0,0,0,0,1,"13,41756095","52,5244582"
34858,209057,Berlin,7,2021,1,18,2,3,1,7,2,0,1,0,0,0,0,1,"13,38196712","52,47631662"
34859,209031,Berlin,4,2021,1,8,2,3,6,4,1,0,1,1,0,0,0,1,"13,32350926","52,49150376"
34860,209005,Berlin,9,2021,1,20,2,3,6,2,2,0,1,1,0,0,0,1,"13,45419066","52,49395562"
34861,208955,Berlin,7,2021,1,17,7,2,6,2,2,0,1,1,0,0,0,0,"13,34569355","52,4945264"
34862,208917,Berlin,1,2021,1,17,7,3,5,3,2,0,1,0,0,0,0,0,"13,35220195","52,50631455"
34863,208904,Berlin,10,2021,1,12,7,3,2,6,0,0,1,0,0,0,0,1,"13,56883249","52,50623202"
34864,208875,Berlin,9,2021,1,21,7,1,8,1,2,0,1,0,0,0,0,1,"13,71468176","52,43188902"
34865,208836,Berlin,4,2021,1,10,2,3,0,7,0,0,0,0,0,1,0,1,"13,31722401","52,50407191"
34866,208821,Berlin,1,2021,1,9,1,3,8,1,0,0,1,0,0,0,0,2,"13,38479208","52,54892002"
34867,208783,Berlin,1,2021,1,11,2,3,5,7,0,1,1,0,0,0,0,1,"13,33180593","52,5241079"
34868,208734,Berlin,7,2021,1,12,2,3,5,2,0,0,1,0,1,0,0,1,"13,34896894","52,48937421"
34869,208679,Berlin,5,2021,1,16,1,3,5,2,2,0,1,0,0,0,0,2,"13,15787177","52,54311606"
34870,208651,Berlin,12,2021,1,23,7,3,0,7,2,0,0,0,1,0,0,1,"13,3057301","52,57507937"
34871,208639,Berlin,12,2021,1,13,2,3,2,6,0,0,1,0,0,0,0,1,"13,32249588","52,56065372"
34872,208623,Berlin,4,2021,1,13,7,3,2,2,0,1,1,0,0,0,0,0,"13,30730887","52,4989215"
34873,208597,Berlin,1,2021,1,18,2,3,6,2,2,0,1,1,0,0,0,1,"13,33562594","52,52678829"
34874,208581,Berlin,11,2021,1,12,6,3,0,1,0,1,0,0,0,0,0,1,"13,4998273","52,5479285"
34875,208547,Berlin,12,2021,1,23,6,3,8,1,2,0,1,0,0,0,0,1,"13,31490159","52,61031719"
34876,208510,Berlin,5,2021,1,15,7,3,5,2,0,0,1,0,0,0,0,0,"13,26260159","52,5412664"
34877,208496,Berlin,9,2021,1,10,7,3,0,1,0,1,0,0,0,0,0,1,"13,54898983","52,43823926"
34878,208457,Berlin,1,2021,1,12,7,3,2,6,0,0,1,0,0,0,0,0,"13,35963144","52,52341529"
34879,208414,Berlin,12,2021,1,16,1,3,6,4,2,0,0,1,0,0,1,1,"13,35988432","52,56197662"
34880,208376,Berlin,2,2021,1,19,2,3,5,2,2,1,1,0,0,0,0,1,"13,46113983","52,51717609"
34881,208366,Berlin,4,2021,1,23,2,3,5,3,2,0,1,0,0,0,1,0,"13,30484777","52,51341871"
34882,208361,Berlin,9,2021,1,1,1,3,6,4,2,0,1,1,0,0,0,0,"13,56454829","52,43848861"
34883,208322,Berlin,11,2021,1,7,2,2,6,4,2,0,1,1,0,0,0,1,"13,52388131","52,56546025"
34884,208271,Berlin,2,2021,1,20,1,3,5,2,2,1,1,0,0,0,0,1,"13,39523971","52,49633648"
34885,208232,Berlin,1,2021,1,16,7,3,0,7,1,0,1,0,1,0,0,1,"13,35374844","52,55379194"
34886,208214,Berlin,5,2021,1,0,7,3,9,1,2,0,1,0,0,0,0,1,"13,1794905","52,47924257"
34887,208187,Berlin,11,2021,1,0,1,3,0,2,2,0,1,0,0,0,0,1,"13,50935847","52,54628256"
34888,208137,Berlin,4,2021,1,11,1,3,5,2,0,0,1,0,0,0,0,1,"13,2886383","52,51231845"
34889,208122,Berlin,8,2021,1,4,6,3,9,1,2,0,0,0,0,0,1,1,"13,48715633","52,42554623"
34890,208100,Berlin,4,2021,1,16,7,3,5,2,1,0,1,0,0,0,0,0,"13,30424153","52,50366853"
34891,115644,Berlin,12,2021,6,17,4,2,5,2,1,1,1,0,0,0,0,0,"13,31286042","52,6224869"
34892,115642,Berlin,7,2021,9,5,1,2,9,1,2,0,1,0,0,0,0,0,"13,3331303","52,47790459"
34893,115641,Berlin,7,2021,11,15,4,3,2,6,0,0,1,0,0,0,0,0,"13,33623919","52,47836863"
34894,115640,Berlin,4,2021,8,14,1,3,5,2,0,0,1,0,0,0,0,1,"13,29728701","52,51088303"
34895,115637,Berlin,2,2021,7,7,2,3,5,2,0,0,1,0,0,0,0,0,"13,42790211","52,51891254"
34896,115636,Berlin,4,2021,10,10,3,3,2,2,0,1,1,0,0,0,0,1,"13,30137783","52,51115215"
34897,115635,Berlin,12,2021,12,15,4,3,2,6,1,0,1,0,0,0,0,1,"13,34768887","52,57503504"
34898,115634,Berlin,4,2021,5,7,6,3,2,6,0,0,1,0,0,0,1,0,"13,29348356","52,53688097"
34899,115631,Berlin,7,2021,1,10,4,3,3,2,0,0,1,0,0,0,0,1,"13,35412109","52,47902882"
34900,115627,Berlin,1,2021,6,14,2,3,1,5,0,0,1,0,0,0,0,0,"13,37912936","52,50967897"
34901,115624,Berlin,7,2021,12,16,6,3,6,2,2,0,1,1,0,0,0,1,"13,34857516","52,48187091"
34902,115623,Berlin,1,2021,8,12,2,3,3,6,0,0,1,0,1,0,0,0,"13,36286917","52,51537736"
34903,115621,Berlin,12,2021,9,14,1,3,1,5,0,1,1,0,0,0,0,0,"13,30201962","52,64272191"
34904,115619,Berlin,9,2021,3,21,1,3,5,5,2,1,1,0,0,0,0,1,"13,46253005","52,48838873"
34905,115616,Berlin,7,2021,6,10,1,3,2,6,0,0,1,0,0,0,0,0,"13,38583315","52,4734186"
34906,115614,Berlin,9,2021,9,10,3,2,0,1,0,1,0,0,0,0,0,0,"13,48430389","52,47373877"
34907,115613,Berlin,10,2021,11,17,2,3,2,6,2,0,1,0,0,0,0,0,"13,5734493","52,50534904"
34908,115612,Berlin,4,2021,8,17,3,3,2,6,0,0,1,0,1,0,0,0,"13,30190364","52,48670834"
34909,115607,Berlin,7,2021,10,17,7,3,1,5,0,1,1,0,0,0,0,0,"13,38549196","52,46901413"
34910,115606,Berlin,1,2021,12,16,3,3,5,3,2,0,1,0,0,0,1,1,"13,40904932","52,517094"
34911,115603,Berlin,6,2021,2,19,2,3,2,6,2,0,1,0,0,0,1,0,"13,19608087","52,42214409"
34912,115599,Berlin,7,2021,6,17,3,3,5,5,0,0,1,0,1,0,0,0,"13,38786452","52,43830658"
34913,115595,Berlin,7,2021,5,6,4,3,5,7,0,1,1,0,0,0,0,0,"13,40631217","52,40486749"
34914,115594,Berlin,1,2021,8,8,5,3,3,6,0,0,1,0,0,0,1,0,"13,40798787","52,5217364"
34915,115587,Berlin,1,2021,7,8,3,3,0,7,0,1,0,0,0,0,0,0,"13,42356832","52,5199439"
34916,115585,Berlin,12,2021,10,16,2,3,5,2,0,1,1,0,0,0,0,0,"13,31291842","52,62229421"
34917,115584,Berlin,3,2021,11,16,2,3,5,3,1,0,1,0,0,0,0,0,"13,42883612","52,55732743"
34918,115583,Berlin,8,2021,9,15,6,3,2,6,0,0,1,0,0,0,0,0,"13,44718175","52,46314925"
34919,115580,Berlin,4,2021,4,14,4,3,0,1,0,1,0,0,0,0,0,0,"13,27149815","52,50910347"
34920,115577,Berlin,7,2021,3,15,2,3,5,7,0,0,1,0,0,0,0,1,"13,3848487","52,45018072"
34921,115576,Berlin,9,2021,10,7,6,3,3,6,1,0,1,0,1,0,0,0,"13,46179136","52,48888584"
34922,115575,Berlin,3,2021,12,11,4,3,3,6,0,0,1,0,0,0,1,0,"13,39901236","52,5735048"
34923,115574,Berlin,9,2021,9,21,4,2,3,6,2,0,1,0,0,0,0,1,"13,51003355","52,42883483"
34924,115572,Berlin,3,2021,2,21,4,3,6,4,2,0,0,1,0,0,1,2,"13,42412807","52,5283534"
34925,115568,Berlin,6,2021,6,10,2,3,5,2,0,1,1,0,0,0,0,0,"13,26058598","52,43498"
34926,115564,Berlin,6,2021,5,1,4,3,0,1,2,0,1,0,0,0,0,0,"13,09655865","52,41322702"
34927,115563,Berlin,7,2021,8,13,7,3,0,7,0,0,1,0,0,0,0,0,"13,37842867","52,46995282"
34928,115559,Berlin,12,2021,7,14,5,3,1,5,0,1,1,0,0,0,0,0,"13,3642689","52,56334061"
34929,115557,Berlin,4,2021,10,16,2,3,2,6,0,0,1,0,0,0,0,0,"13,30416029","52,48481979"
34930,115556,Berlin,1,2021,11,7,4,3,6,2,2,0,1,1,0,0,0,1,"13,41993451","52,52494619"
34931,115552,Berlin,12,2021,1,7,6,3,3,6,0,0,1,0,0,1,0,1,"13,32388811","52,60779221"
34932,115549,Berlin,1,2021,4,10,2,3,2,6,0,0,1,0,0,0,0,0,"13,36878603","52,54132001"
34933,115548,Berlin,12,2021,6,2,1,3,9,1,2,0,1,0,0,0,0,0,"13,31208333","52,62508876"
34934,115546,Berlin,4,2021,11,14,6,3,5,3,0,0,1,0,0,0,1,0,"13,30751306","52,51174548"
34935,115544,Berlin,3,2021,5,8,7,2,5,2,0,0,1,0,0,0,0,0,"13,4119712","52,54110438"
34936,115543,Berlin,7,2021,8,5,1,3,5,2,0,0,1,0,0,0,0,0,"13,38574086","52,46950089"
34937,115542,Berlin,11,2021,9,12,5,3,3,6,0,0,1,0,0,0,1,0,"13,47783405","52,51347552"
34938,115538,Berlin,1,2021,2,16,1,3,5,2,0,1,0,0,0,0,0,0,"13,4249104","52,51954193"
34939,115535,Berlin,7,2021,7,8,5,3,2,6,0,0,1,0,0,0,1,1,"13,36297283","52,47395803"
34940,115533,Berlin,9,2021,9,17,6,3,2,3,0,1,0,0,0,0,1,0,"13,46476227","52,48689486"
34941,115532,Berlin,3,2021,11,13,2,3,5,2,0,1,1,0,0,0,0,1,"13,39927825","52,57036878"
34942,115531,Berlin,10,2021,8,14,7,2,0,7,0,1,0,0,0,0,0,0,"13,60081637","52,50486553"
34943,115526,Berlin,7,2021,7,13,1,3,3,6,0,0,1,0,1,0,0,0,"13,38553785","52,47113368"
34944,115525,Berlin,3,2021,10,14,5,3,2,6,0,0,1,0,0,0,0,1,"13,43574933","52,62039314"
34945,115524,Berlin,7,2021,12,17,2,3,0,3,2,0,0,0,1,0,1,0,"13,37780491","52,43380165"
34946,115523,Berlin,2,2021,5,12,2,3,0,6,0,1,0,0,0,0,0,0,"13,45375122","52,51590362"
34947,115522,Berlin,2,2021,5,16,7,3,2,6,0,0,1,0,0,0,0,0,"13,45980161","52,5151437"
34948,115519,Berlin,3,2021,2,16,3,3,6,7,2,0,1,1,0,0,0,1,"13,4123304","52,54119629"
34949,115515,Berlin,1,2021,6,10,6,3,2,6,0,0,1,0,0,0,0,0,"13,41838371","52,5240534"
34950,115511,Berlin,7,2021,5,8,6,2,0,7,0,0,1,0,0,0,0,0,"13,41532357","52,37987693"
34951,115510,Berlin,7,2021,8,15,5,3,2,6,0,0,1,0,0,0,1,0,"13,37112233","52,47078169"
34952,115508,Berlin,8,2021,9,13,7,3,0,7,0,0,0,0,0,0,1,0,"13,43164398","52,46185942"
34953,115507,Berlin,9,2021,3,10,6,3,5,2,0,1,0,0,0,0,1,1,"13,4597759","52,49339007"
34954,115503,Berlin,4,2021,7,6,5,2,2,6,0,0,1,0,0,0,0,0,"13,26166366","52,50871113"
34955,115501,Berlin,4,2021,9,17,5,3,3,6,0,0,1,0,1,0,0,0,"13,29353253","52,5365023"
34956,115500,Berlin,10,2021,11,13,2,3,6,7,0,1,0,1,0,0,0,0,"13,54018635","52,50989646"
34957,115499,Berlin,4,2021,8,8,3,3,0,2,0,1,1,0,0,0,0,1,"13,29720875","52,51087776"
34958,115496,Berlin,6,2021,4,18,5,2,9,1,0,0,0,0,1,0,0,0,"13,19310092","52,41936035"
34959,115493,Berlin,4,2021,3,15,6,3,5,2,0,0,0,0,0,1,1,0,"13,32298312","52,51243969"
34960,115492,Berlin,1,2021,10,8,4,3,5,2,0,1,1,0,0,0,0,1,"13,3702054","52,53994813"
34961,115491,Berlin,7,2021,12,19,5,3,2,6,0,0,1,0,0,0,0,0,"13,37122119","52,47076297"
34962,115490,Berlin,3,2021,9,21,6,2,5,2,2,0,1,0,0,0,1,0,"13,44498869","52,54552629"
34963,115488,Berlin,7,2021,2,16,6,3,2,6,0,0,1,0,0,0,0,0,"13,38576861","52,48031959"
34964,115484,Berlin,6,2021,6,16,7,2,1,7,0,0,1,0,0,0,0,0,"13,27799992","52,44049192"
34965,115480,Berlin,1,2021,5,8,5,3,3,6,0,0,1,0,1,0,0,0,"13,41085107","52,52329743"
34966,115479,Berlin,4,2021,5,20,7,3,5,3,0,0,1,0,0,0,1,0,"13,30938603","52,51186514"
34967,115478,Berlin,7,2021,8,11,5,3,3,6,0,1,0,0,0,1,1,0,"13,35355527","52,48491652"
34968,115474,Berlin,4,2021,7,16,2,3,8,1,0,0,1,0,0,0,0,0,"13,30218077","52,48656362"
34969,115470,Berlin,11,2021,7,15,3,3,2,6,0,1,1,0,0,0,0,0,"13,47758338","52,5135"
34970,115468,Berlin,7,2021,10,13,7,3,1,5,0,0,1,0,0,0,1,0,"13,38932158","52,43512062"
34971,115467,Berlin,3,2021,11,19,1,3,1,5,2,1,1,0,0,0,0,1,"13,43965417","52,54204871"
34972,115466,Berlin,3,2021,9,14,6,3,0,2,0,0,1,0,0,0,1,0,"13,46733603","52,55596353"
34973,115463,Berlin,12,2021,4,0,7,3,8,1,2,0,1,0,0,0,0,0,"13,3058249","52,55397574"
34974,115460,Berlin,3,2021,4,14,6,3,2,6,0,0,1,0,1,0,0,0,"13,39951188","52,60723973"
34975,115459,Berlin,4,2021,10,7,5,3,2,6,0,0,1,0,0,0,0,0,"13,29655873","52,49058472"
34976,115458,Berlin,1,2021,12,19,3,3,3,2,2,1,1,0,0,0,0,0,"13,41638443","52,5220044"
34977,115457,Berlin,12,2021,5,16,3,3,2,6,0,0,1,0,1,0,0,0,"13,29262594","52,58480023"
34978,115456,Berlin,9,2021,7,14,7,3,2,7,0,0,1,0,0,0,0,0,"13,47959819","52,47688046"
34979,115453,Berlin,9,2021,2,20,2,3,5,3,2,1,1,0,0,0,0,0,"13,49310587","52,46781541"
34980,115450,Berlin,3,2021,6,18,3,3,5,2,0,1,1,0,0,0,0,0,"13,44457808","52,52907426"
34981,115447,Berlin,2,2021,10,10,5,3,5,2,0,0,1,0,0,0,0,1,"13,38885306","52,49811359"
34982,115446,Berlin,2,2021,12,19,2,3,2,6,2,0,1,0,0,0,0,1,"13,38810259","52,49373973"
34983,115444,Berlin,4,2021,1,15,3,3,2,6,0,0,1,0,0,0,1,1,"13,28488172","52,50904822"
34984,115440,Berlin,7,2021,6,19,7,3,5,2,0,0,1,0,0,0,0,0,"13,39635394","52,42334931"
34985,115436,Berlin,1,2021,5,20,4,3,2,6,1,0,1,0,0,0,0,0,"13,42002172","52,52555492"
34986,115435,Berlin,1,2021,5,15,6,3,0,6,0,0,1,0,1,0,0,1,"13,36524435","52,53357882"
34987,115434,Berlin,4,2021,8,17,5,3,5,3,0,1,1,0,0,0,0,0,"13,27777122","52,50966557"
34988,115427,Berlin,4,2021,7,20,3,2,0,2,1,1,0,0,0,0,0,0,"13,30938453","52,51186504"
34989,115425,Berlin,2,2021,10,20,2,3,4,7,2,0,1,0,0,0,0,0,"13,45220365","52,5012545"
34990,115424,Berlin,3,2021,11,5,3,3,5,3,2,1,1,0,0,0,0,1,"13,43869542","52,53334746"
34991,115423,Berlin,4,2021,9,17,6,3,2,6,0,0,1,0,0,0,0,0,"13,29895775","52,53434945"
34992,115420,Berlin,12,2021,4,10,2,3,3,6,0,0,0,0,0,1,1,0,"13,35963117","52,57289466"
34993,115417,Berlin,4,2021,3,16,3,3,5,2,0,1,1,0,0,0,0,0,"13,30152788","52,5111623"
34994,115416,Berlin,7,2021,10,8,2,3,2,6,0,0,1,0,0,0,0,0,"13,38553853","52,47116029"
34995,115415,Berlin,4,2021,12,14,5,3,2,6,1,0,1,0,0,0,1,1,"13,28122703","52,49878471"
34996,115414,Berlin,3,2021,6,8,3,3,2,6,0,0,1,0,0,0,0,0,"13,42458022","52,54004677"
34997,115413,Berlin,4,2021,9,20,4,3,3,6,2,0,1,0,0,1,0,1,"13,28082494","52,50232738"
34998,115411,Berlin,6,2021,2,14,1,2,2,6,0,0,1,0,1,0,0,0,"13,23911015","52,47102545"
34999,115408,Berlin,4,2021,6,18,7,3,8,1,0,0,1,0,0,0,0,0,"13,31002254","52,48170218"
35000,115405,Berlin,7,2021,5,18,1,3,2,6,0,0,1,0,0,0,1,1,"13,35569191","52,47774042"
35001,115404,Berlin,3,2021,8,19,1,3,0,1,0,1,0,0,0,0,0,0,"13,41468474","52,55575777"
35002,115400,Berlin,3,2021,7,2,4,3,2,6,2,1,0,0,0,0,0,1,"13,41249291","52,54318047"
35003,115398,Berlin,11,2021,10,12,4,3,5,3,0,0,1,0,0,0,1,0,"13,50492697","52,51074281"
35004,115397,Berlin,8,2021,11,14,7,3,2,6,0,0,1,0,0,0,0,1,"13,44758153","52,46308734"
35005,115396,Berlin,4,2021,5,15,2,3,2,6,0,0,1,0,1,0,0,0,"13,28542625","52,49477785"
35006,115394,Berlin,7,2021,4,10,6,3,6,7,0,0,1,1,0,0,0,0,"13,39591876","52,42410734"
35007,115391,Berlin,12,2021,1,1,2,3,5,7,2,0,1,0,0,0,0,1,"13,36500662","52,56056534"
35008,115388,Berlin,4,2021,4,17,5,3,2,6,0,0,1,0,0,0,0,0,"13,30548504","52,48376444"
35009,115387,Berlin,3,2021,6,9,4,3,6,4,0,1,0,1,0,0,0,0,"13,39838424","52,57170897"
35010,115385,Berlin,1,2021,12,11,5,3,2,6,0,0,1,0,0,0,0,1,"13,40157234","52,51144542"
35011,115384,Berlin,7,2021,5,8,4,3,2,2,0,0,1,0,0,0,0,0,"13,36186011","52,41373054"
35012,115383,Berlin,10,2021,8,15,4,3,2,6,0,0,1,0,0,0,0,0,"13,53694371","52,53273555"
35013,115382,Berlin,3,2021,9,12,5,3,5,2,0,1,1,0,0,0,0,0,"13,4353659","52,53523727"
35014,115379,Berlin,7,2021,3,10,2,3,2,6,0,0,1,0,0,1,0,0,"13,38517987","52,44842429"
35015,115376,Berlin,2,2021,6,9,3,2,5,2,0,1,0,0,0,1,0,0,"13,3892593","52,49750869"
35016,115374,Berlin,5,2021,9,11,4,3,5,2,0,0,1,0,0,0,0,0,"13,17906168","52,51662957"
35017,115373,Berlin,1,2021,10,14,1,3,0,2,0,1,1,0,0,0,0,0,"13,41994737","52,5249572"
35018,115372,Berlin,2,2021,8,22,1,3,8,1,2,0,1,0,0,0,0,0,"13,43656921","52,51749004"
35019,115367,Berlin,4,2021,7,12,7,3,1,5,0,1,1,0,0,0,0,0,"13,24251411","52,50754321"
35020,115366,Berlin,7,2021,10,19,5,3,2,6,1,0,1,0,0,0,0,1,"13,34769781","52,47625983"
35021,115365,Berlin,10,2021,12,18,2,3,5,3,2,1,1,0,0,0,0,0,"13,5637321","52,50783755"
35022,115364,Berlin,6,2021,5,17,1,3,2,6,0,0,1,0,0,0,1,0,"13,19227713","52,43216362"
35023,115361,Berlin,3,2021,2,14,3,3,0,2,0,1,0,0,0,0,1,1,"13,41990858","52,53976017"
35024,115357,Berlin,3,2021,6,14,6,3,2,6,0,0,1,0,0,0,0,0,"13,42884905","52,53749237"
35025,115353,Berlin,3,2021,5,13,2,2,5,2,0,1,0,0,0,1,0,0,"13,40175954","52,59012808"
35026,115352,Berlin,1,2021,8,22,7,3,2,6,2,0,1,0,0,0,0,0,"13,36497662","52,50225741"
35027,115350,Berlin,4,2021,9,10,4,3,3,6,0,0,1,0,0,1,0,0,"13,23723155","52,5072192"
35028,115348,Berlin,1,2021,3,19,2,2,6,4,2,0,1,1,0,0,0,1,"13,41984191","52,52486687"
35029,115344,Berlin,12,2021,7,13,2,3,2,6,0,0,1,0,0,0,0,0,"13,31288257","52,62241325"
35030,115342,Berlin,9,2021,9,12,3,3,6,2,0,0,1,1,0,0,0,0,"13,49737515","52,46486404"
35031,115341,Berlin,3,2021,11,7,3,2,0,1,0,1,0,0,0,0,0,1,"13,46751364","52,56070876"
35032,115340,Berlin,2,2021,8,12,5,3,5,2,0,1,1,0,0,0,0,0,"13,38926464","52,49748722"
35033,115337,Berlin,3,2021,4,16,5,3,3,6,0,0,1,0,0,0,0,0,"13,41371895","52,55841353"
35034,115334,Berlin,6,2021,3,14,2,3,5,2,0,1,1,0,0,0,0,1,"13,26057679","52,43498193"
35035,115333,Berlin,7,2021,10,12,4,3,5,3,0,0,1,0,1,0,0,1,"13,38601273","52,44397046"
35036,115332,Berlin,1,2021,12,16,3,3,5,3,1,0,1,0,0,0,0,1,"13,36549796","52,55798859"
35037,115331,Berlin,10,2021,9,7,5,3,5,3,0,0,1,0,0,0,0,1,"13,55309359","52,50905064"
35038,115329,Berlin,11,2021,2,12,1,3,3,6,0,0,1,0,0,0,1,2,"13,49779205","52,51150381"
35039,115325,Berlin,2,2021,6,13,7,3,2,6,0,0,1,0,0,0,0,0,"13,47390386","52,51385974"
35040,115320,Berlin,6,2021,5,7,4,3,1,1,0,1,1,0,0,0,0,0,"13,27251295","52,43878689"
35041,115319,Berlin,2,2021,8,14,2,3,6,4,0,1,0,1,0,0,0,0,"13,47312427","52,51380154"
35042,115315,Berlin,4,2021,7,16,2,3,3,6,0,0,1,0,0,1,0,0,"13,33263904","52,47788531"
35043,115312,Berlin,3,2021,7,6,6,2,2,6,0,0,1,0,0,1,0,1,"13,427074","52,63372596"
35044,115310,Berlin,2,2021,10,18,7,3,5,3,0,0,1,0,0,0,1,0,"13,38913953","52,49803421"
35045,115309,Berlin,11,2021,11,11,2,3,5,2,0,0,1,0,0,0,1,0,"13,47729134","52,51338297"
35046,115308,Berlin,2,2021,5,8,2,3,5,2,0,1,1,0,0,0,0,0,"13,38926464","52,49748722"
35047,115306,Berlin,7,2021,9,11,7,3,3,6,0,0,1,0,0,0,1,0,"13,34763867","52,47608227"
35048,115303,Berlin,7,2021,4,6,3,3,2,6,0,0,1,0,0,0,0,0,"13,40798451","52,46175272"
35049,115300,Berlin,7,2021,4,17,6,3,2,6,0,0,1,0,0,0,0,0,"13,3624666","52,49885225"
35050,115299,Berlin,12,2021,7,15,2,3,5,2,0,1,1,0,0,0,0,0,"13,36500979","52,56054822"
35051,115297,Berlin,4,2021,10,12,7,3,2,6,0,0,1,0,0,0,0,0,"13,2814024","52,52246121"
35052,115296,Berlin,4,2021,12,11,3,3,2,6,0,0,1,0,0,0,0,0,"13,29323882","52,53632788"
35053,115295,Berlin,6,2021,5,16,3,3,2,6,0,0,1,0,0,0,0,0,"13,27637553","52,43979599"