,id,city,district,year,month,hour,weekday,injury_level,collision,movement,light_conditions,bicycle,car,pedestrian,motorbike,truck,other_vehicle,road_conditions,longitude,latitude
35054,115294,Berlin,3,2021,8,18,3,3,0,7,0,1,0,0,0,0,0,0,"13,42825039","52,54720625"
35055,115291,Berlin,7,2021,3,8,4,3,5,2,0,1,1,0,0,0,0,0,"13,38812075","52,43758502"
35056,115288,Berlin,4,2021,6,23,1,3,8,1,2,0,1,0,0,0,0,0,"13,28542393","52,49477919"
35057,115286,Berlin,11,2021,9,12,3,3,2,2,0,1,1,0,0,0,0,0,"13,48424296","52,51268837"
35058,115285,Berlin,2,2021,5,15,2,3,2,2,0,0,1,0,0,0,0,0,"13,38890769","52,49761247"
35059,115284,Berlin,3,2021,8,12,3,2,5,2,0,0,1,0,1,0,0,0,"13,41406893","52,55056276"
35060,115280,Berlin,12,2021,7,10,3,3,5,3,0,0,1,0,0,0,0,0,"13,36011558","52,57171017"
35061,115278,Berlin,4,2021,10,9,5,2,9,1,0,1,0,0,0,0,0,0,"13,22169313","52,50804763"
35062,115277,Berlin,3,2021,11,17,5,3,5,2,1,1,1,0,0,0,0,0,"13,41410536","52,55074519"
35063,115273,Berlin,1,2021,1,5,5,3,6,2,2,0,1,1,0,0,0,1,"13,36835955","52,50632981"
35064,115269,Berlin,7,2021,6,18,1,3,6,7,0,1,0,1,0,0,0,0,"13,38549107","52,46759725"
35065,115266,Berlin,12,2021,12,14,3,3,2,6,0,0,1,0,0,0,0,2,"13,34766337","52,57463093"
35066,115265,Berlin,3,2021,5,8,6,3,5,2,0,1,1,0,0,0,0,1,"13,47644925","52,56812514"
35067,115264,Berlin,3,2021,6,15,4,3,5,3,0,0,1,0,1,0,0,0,"13,39921988","52,57427745"
35068,115263,Berlin,3,2021,8,17,6,3,2,6,0,1,1,0,0,0,0,0,"13,45240627","52,54869672"
35069,115261,Berlin,12,2021,9,17,3,3,2,3,0,0,1,0,1,0,1,0,"13,34663278","52,57934788"
35070,115259,Berlin,1,2021,3,18,6,3,2,7,2,0,1,0,1,0,0,0,"13,40515064","52,52007778"
35071,115256,Berlin,7,2021,6,11,2,3,2,6,0,0,1,0,0,0,0,0,"13,38564272","52,43990277"
35072,115254,Berlin,10,2021,9,20,4,3,3,6,2,1,1,0,0,0,0,0,"13,54764348","52,54984405"
35073,115253,Berlin,1,2021,11,8,2,3,5,3,0,1,1,0,0,0,0,1,"13,36548977","52,55802876"
35074,115252,Berlin,6,2021,9,13,4,3,5,2,0,1,1,0,0,0,0,0,"13,27138554","52,43824089"
35075,115248,Berlin,1,2021,7,11,5,3,3,6,0,0,1,0,0,0,1,0,"13,36412083","52,53471881"
35076,115247,Berlin,3,2021,10,9,5,3,5,3,0,1,1,0,0,0,0,1,"13,47636516","52,56808575"
35077,115246,Berlin,4,2021,12,12,4,3,2,6,0,0,1,0,0,0,0,1,"13,29568654","52,54046529"
35078,115245,Berlin,2,2021,5,16,1,2,6,2,0,0,1,1,0,0,0,1,"13,37684725","52,50200772"
35079,115244,Berlin,4,2021,8,19,3,3,5,2,1,1,1,0,0,0,0,0,"13,28920021","52,51038941"
35080,115240,Berlin,2,2021,7,18,3,3,5,2,0,1,1,0,0,0,0,0,"13,45145995","52,5094751"
35081,115238,Berlin,3,2021,10,14,3,3,5,3,0,0,1,0,0,0,0,1,"13,40168158","52,58969999"
35082,115237,Berlin,9,2021,11,0,6,3,0,7,2,0,1,0,0,0,0,0,"13,45987958","52,45660151"
35083,115235,Berlin,4,2021,5,14,6,2,3,6,0,0,1,0,0,1,1,0,"13,28297641","52,50611045"
35084,115232,Berlin,1,2021,1,18,3,2,5,2,2,0,1,0,0,0,0,0,"13,36858051","52,54107134"
35085,115229,Berlin,2,2021,4,7,1,3,1,7,0,0,1,0,0,0,0,1,"13,47429793","52,51367542"
35086,115228,Berlin,2,2021,6,10,4,3,2,4,0,1,0,1,0,0,0,0,"13,38670595","52,49041922"
35087,115225,Berlin,7,2021,12,18,4,3,6,7,2,0,0,1,0,0,1,1,"13,40101459","52,41509766"
35088,115224,Berlin,4,2021,8,15,7,3,5,2,0,1,0,0,0,0,0,0,"13,30139393","52,51115322"
35089,115222,Berlin,2,2021,9,17,7,3,2,6,1,1,1,0,0,0,0,1,"13,45167285","52,50992585"
35090,115220,Berlin,3,2021,3,11,5,2,6,4,0,0,1,1,0,0,0,0,"13,45706967","52,54955468"
35091,115217,Berlin,1,2021,6,8,2,3,0,3,0,1,1,0,0,0,0,0,"13,36525815","52,55808236"
35092,115215,Berlin,3,2021,9,14,6,3,5,3,0,1,1,0,0,0,0,0,"13,41478395","52,55509756"
35093,115214,Berlin,7,2021,11,0,5,2,6,2,2,0,1,1,0,0,0,1,"13,34846601","52,48169656"
35094,115213,Berlin,10,2021,8,10,5,2,5,2,0,1,0,0,0,0,1,0,"13,56373986","52,50799999"
35095,115208,Berlin,12,2021,7,9,6,2,6,4,0,0,0,1,0,0,1,0,"13,34152097","52,58601041"
35096,115207,Berlin,11,2021,10,13,6,3,0,7,0,0,0,0,1,0,0,1,"13,48868899","52,5122224"
35097,115206,Berlin,11,2021,12,12,2,3,3,6,0,0,1,0,0,1,0,0,"13,49369274","52,51169486"
35098,115203,Berlin,2,2021,1,15,3,3,0,2,0,1,1,0,0,0,0,1,"13,45141118","52,50937184"
35099,115199,Berlin,10,2021,6,7,2,2,6,2,0,0,1,1,0,0,0,0,"13,5814099","52,50508582"
35100,115195,Berlin,9,2021,5,18,1,3,5,3,0,1,1,0,0,0,0,1,"13,47946399","52,48451132"
35101,115194,Berlin,7,2021,6,12,6,3,3,6,0,0,1,0,1,0,0,0,"13,37816154","52,47008231"
35102,115193,Berlin,6,2021,8,6,7,3,8,1,0,0,0,0,0,0,1,0,"13,31107679","52,45199057"
35103,115187,Berlin,4,2021,7,13,7,3,3,6,0,0,1,0,1,0,1,0,"13,3065243","52,48050099"
35104,115185,Berlin,12,2021,10,11,6,3,5,3,0,0,1,0,0,0,0,0,"13,32462024","52,60704077"
35105,115184,Berlin,1,2021,11,16,2,2,0,7,1,0,0,0,0,0,1,1,"13,36960043","52,52887845"
35106,115183,Berlin,4,2021,8,8,2,2,0,1,0,1,0,0,0,0,0,1,"13,27952208","52,50977824"
35107,115180,Berlin,12,2021,4,10,3,3,5,3,0,1,1,0,0,0,0,0,"13,32516318","52,60637917"
35108,115177,Berlin,7,2021,3,16,6,3,2,6,0,0,1,0,0,0,1,0,"13,38549907","52,46964475"
35109,115176,Berlin,10,2021,10,18,4,2,6,4,2,1,0,1,0,0,0,0,"13,57373633","52,50533152"
35110,115175,Berlin,10,2021,12,15,5,3,2,3,0,1,1,0,0,0,0,1,"13,53697481","52,53301934"
35111,115174,Berlin,1,2021,9,21,2,3,1,5,2,1,1,0,0,0,0,0,"13,34642881","52,51432903"
35112,115172,Berlin,4,2021,2,11,5,3,3,6,0,0,1,0,0,0,0,2,"13,24393199","52,5076313"
35113,115168,Berlin,12,2021,6,23,4,2,1,5,2,1,1,0,0,0,0,0,"13,36479748","52,56047544"
35114,115163,Berlin,1,2021,5,8,4,3,2,6,0,0,1,0,0,0,0,0,"13,36861612","52,5067607"
35115,115162,Berlin,4,2021,8,9,4,3,2,6,0,0,1,0,0,0,1,0,"13,28205342","52,52121775"
35116,115158,Berlin,1,2021,7,23,2,3,1,5,2,1,1,0,0,0,0,0,"13,36671282","52,55248375"
35117,115155,Berlin,6,2021,7,22,6,3,5,2,2,1,0,0,0,0,1,1,"13,27142056","52,43825242"
35118,115153,Berlin,2,2021,10,14,4,3,3,6,0,0,1,0,0,0,0,0,"13,4281208","52,51893329"
35119,115152,Berlin,4,2021,11,9,3,3,6,7,0,0,1,1,0,0,0,1,"13,30416631","52,51133467"
35120,115150,Berlin,2,2021,9,22,5,3,6,6,2,1,0,1,0,0,0,0,"13,46027235","52,51509681"
35121,115148,Berlin,4,2021,6,15,7,3,6,4,0,0,1,1,0,0,0,0,"13,29550736","52,51095453"
35122,115146,Berlin,6,2021,4,4,2,3,0,7,2,0,1,0,0,0,0,0,"13,1994313","52,43993112"
35123,115143,Berlin,4,2021,3,10,4,2,5,7,0,0,1,0,0,0,0,0,"13,30562143","52,51162003"
35124,115142,Berlin,9,2021,7,20,4,3,5,3,0,0,1,0,0,0,1,0,"13,4576975","52,491693"
35125,115140,Berlin,4,2021,10,21,2,3,6,2,2,0,1,1,0,0,0,0,"13,29716293","52,51106388"
35126,115139,Berlin,7,2021,6,14,7,2,5,7,0,1,0,0,0,1,0,0,"13,39134344","52,43153309"
35127,115138,Berlin,4,2021,12,17,6,3,2,6,2,0,1,0,0,0,0,0,"13,28126911","52,4990728"
35128,115137,Berlin,7,2021,8,14,5,3,3,6,0,0,0,0,1,0,1,0,"13,38463691","52,45236579"
35129,115136,Berlin,7,2021,9,17,6,3,5,3,0,0,1,0,0,0,0,1,"13,38601072","52,4439813"
35130,115132,Berlin,4,2021,2,9,3,3,5,2,0,1,1,0,0,0,0,0,"13,31469086","52,51221254"
35131,115129,Berlin,7,2021,6,14,4,3,2,6,0,0,1,0,0,0,0,0,"13,38440694","52,45362034"
35132,115127,Berlin,1,2021,9,21,7,3,2,6,2,0,1,0,0,0,0,0,"13,4185561","52,52372057"
35133,115126,Berlin,3,2021,8,8,4,3,3,6,0,1,1,0,0,0,0,0,"13,42985568","52,55348789"
35134,115123,Berlin,2,2021,7,16,6,3,5,3,0,0,1,0,1,0,0,0,"13,46761943","52,51450275"
35135,115121,Berlin,1,2021,10,15,6,3,2,6,0,0,1,0,0,0,0,1,"13,3672115","52,55194176"
35136,115120,Berlin,5,2021,12,7,3,3,2,6,0,0,1,0,0,0,0,0,"13,18599216","52,51524717"
35137,115119,Berlin,2,2021,4,18,6,3,0,1,1,1,0,0,0,0,0,0,"13,45188456","52,51988917"
35138,115116,Berlin,9,2021,1,17,3,3,6,2,2,0,1,1,0,0,0,1,"13,45915886","52,49292914"
35139,115112,Berlin,7,2021,6,15,2,3,2,6,0,0,1,0,0,0,1,0,"13,38451829","52,45300489"
35140,115109,Berlin,7,2021,12,19,2,3,1,5,2,1,1,0,0,0,0,0,"13,35558459","52,48570176"
35141,115108,Berlin,4,2021,5,11,6,3,2,7,0,0,1,0,0,0,1,0,"13,28261382","52,49747538"
35142,115107,Berlin,4,2021,8,10,2,3,3,6,0,1,1,0,0,0,0,0,"13,30560687","52,51161906"
35143,115105,Berlin,1,2021,9,7,3,3,0,6,0,1,0,0,0,0,1,0,"13,39455275","52,51731234"
35144,115103,Berlin,7,2021,3,15,6,2,6,4,0,0,1,1,0,0,0,0,"13,39990777","52,41646572"
35145,115100,Berlin,3,2021,7,14,5,3,2,6,0,0,1,0,0,0,1,1,"13,39825735","52,57797537"
35146,115098,Berlin,4,2021,9,13,2,2,2,6,0,0,1,0,0,0,1,0,"13,28572896","52,53163011"
35147,115097,Berlin,1,2021,11,9,5,3,3,6,0,1,0,0,0,0,0,0,"13,41800882","52,52372024"
35148,115096,Berlin,4,2021,8,16,6,3,2,6,0,0,1,0,0,0,0,0,"13,31054885","52,48153591"
35149,115091,Berlin,4,2021,10,16,6,3,2,6,1,0,1,0,0,0,0,1,"13,2838821","52,49637919"
35150,115090,Berlin,7,2021,12,17,6,2,6,4,2,0,1,1,0,0,0,1,"13,36176377","52,41361145"
35151,115087,Berlin,11,2021,1,16,6,3,5,2,2,1,1,0,0,0,0,1,"13,48445721","52,51279847"
35152,115083,Berlin,1,2021,6,5,5,3,5,3,0,0,1,0,0,0,0,0,"13,36859427","52,50620994"
35153,115079,Berlin,4,2021,5,15,4,3,2,6,0,0,1,0,0,0,0,0,"13,29922214","52,48866001"
35154,115078,Berlin,7,2021,8,15,6,3,5,2,0,1,1,0,0,0,0,0,"13,34840312","52,48192914"
35155,115071,Berlin,7,2021,7,14,5,3,2,6,0,0,1,0,0,0,0,0,"13,34900923","52,47516398"
35156,115069,Berlin,1,2021,10,15,3,3,0,2,0,1,1,0,0,0,0,1,"13,4114724","52,51849542"
35157,115068,Berlin,7,2021,11,16,5,3,6,4,0,0,1,1,0,0,0,1,"13,38445447","52,45335697"
35158,115067,Berlin,4,2021,9,11,6,3,2,6,0,0,1,0,0,0,0,0,"13,28201795","52,5208731"
35159,115064,Berlin,4,2021,4,16,4,3,2,6,0,0,1,0,0,0,0,0,"13,29477187","52,53913092"
35160,115061,Berlin,1,2021,3,13,6,3,5,3,0,0,1,0,0,0,0,0,"13,36550062","52,55797552"
35161,115060,Berlin,12,2021,10,22,3,2,0,1,2,0,0,0,1,0,0,1,"13,32168432","52,56154113"
35162,115059,Berlin,1,2021,12,18,7,3,0,6,2,0,1,0,1,0,0,1,"13,36817961","52,50554387"
35163,115058,Berlin,2,2021,9,16,1,3,2,2,0,1,1,0,0,0,0,0,"13,46323845","52,51480148"
35164,115056,Berlin,11,2021,2,16,7,3,0,7,1,0,1,0,0,0,0,0,"13,52475537","52,50982351"
35165,115052,Berlin,5,2021,6,17,4,2,5,2,0,0,1,0,1,0,0,0,"13,20594138","52,51122586"
35166,115048,Berlin,7,2021,5,17,4,3,2,6,0,0,1,0,0,0,0,0,"13,33817223","52,47852357"
35167,115047,Berlin,4,2021,8,10,4,3,5,2,0,1,1,0,0,0,0,0,"13,28920842","52,51055614"
35168,115042,Berlin,8,2021,1,20,2,3,5,3,2,0,1,0,0,0,0,1,"13,43141766","52,46208756"
35169,115038,Berlin,7,2021,6,6,5,3,2,6,0,0,1,0,0,0,0,0,"13,39538029","52,46714396"
35170,115034,Berlin,7,2021,5,14,2,2,5,3,0,1,0,0,0,0,1,0,"13,38473138","52,4518669"
35171,115033,Berlin,1,2021,8,18,5,3,2,6,0,0,1,0,1,0,0,0,"13,37057247","52,53997479"
35172,115026,Berlin,4,2021,7,23,7,3,2,6,2,0,1,0,0,0,0,0,"13,24945009","52,50797513"
35173,115024,Berlin,4,2021,10,15,7,3,2,6,0,0,1,0,0,0,0,0,"13,25004074","52,50801181"
35174,115023,Berlin,5,2021,11,16,4,3,8,7,1,0,1,0,0,0,0,0,"13,13365691","52,48379816"
35175,115022,Berlin,2,2021,9,13,7,3,2,6,0,0,1,0,0,0,0,0,"13,46761694","52,51435022"
35176,115019,Berlin,1,2021,4,20,3,2,5,3,1,0,1,0,0,0,1,0,"13,41638443","52,5220044"
35177,115016,Berlin,7,2021,3,11,4,3,2,6,0,0,1,0,0,0,1,0,"13,38504028","52,46140165"
35178,115015,Berlin,3,2021,10,19,1,2,2,6,2,0,1,0,0,0,0,1,"13,4475551","52,60218326"
35179,115014,Berlin,8,2021,12,10,6,3,3,6,0,0,1,0,0,1,0,0,"13,44605009","52,46310224"
35180,115013,Berlin,2,2021,9,5,1,3,2,4,2,0,1,1,0,0,0,0,"13,38805769","52,49327242"
35181,115011,Berlin,12,2021,2,21,2,3,8,1,2,0,1,0,0,0,0,2,"13,29546883","52,64902042"
35182,115007,Berlin,6,2021,6,14,5,3,2,6,0,0,1,0,0,0,0,0,"13,3247452","52,45781228"
35183,115002,Berlin,1,2021,5,20,3,3,3,6,1,0,1,0,0,0,0,1,"13,41853565","52,52370186"
35184,115001,Berlin,2,2021,8,9,2,3,5,2,0,1,0,0,0,1,0,0,"13,44795141","52,52631441"
35185,114997,Berlin,9,2021,7,16,2,3,5,2,0,0,1,0,0,0,0,0,"13,45916101","52,49293074"
35186,114995,Berlin,2,2021,7,0,4,3,5,3,2,1,1,0,0,0,0,1,"13,44753401","52,52626719"
35187,114993,Berlin,3,2021,10,17,5,3,5,2,0,0,1,0,0,0,0,0,"13,39043545","52,61860349"
35188,114992,Berlin,10,2021,11,9,2,3,5,2,0,0,1,0,0,0,1,1,"13,59864819","52,50487947"
35189,114990,Berlin,4,2021,9,16,4,3,2,6,0,0,1,0,0,0,0,0,"13,27398375","52,49959677"
35190,114987,Berlin,4,2021,4,14,4,3,2,6,0,0,1,0,1,0,1,0,"13,28170922","52,49823411"
35191,114984,Berlin,7,2021,4,15,3,3,2,6,0,0,1,0,0,0,0,0,"13,39576638","52,4669754"
35192,114983,Berlin,9,2021,7,4,1,3,0,1,2,1,0,0,0,0,0,0,"13,45954148","52,49295497"
35193,114981,Berlin,2,2021,10,19,2,3,5,2,2,1,1,0,0,0,0,0,"13,46008124","52,51511584"
35194,114980,Berlin,6,2021,12,19,7,3,2,6,2,0,1,0,0,0,0,1,"13,26056765","52,43498386"
35195,114979,Berlin,3,2021,8,8,4,3,5,2,0,1,1,0,0,0,0,0,"13,42033647","52,53989183"
35196,114978,Berlin,7,2021,9,12,4,3,5,2,0,0,1,0,0,0,1,0,"13,36175265","52,49715699"
35197,114974,Berlin,1,2021,3,13,3,3,5,2,0,1,1,0,0,0,0,0,"13,36847991","52,54102285"
35198,114971,Berlin,4,2021,6,17,4,3,3,6,0,0,1,0,0,0,1,0,"13,32288231","52,51286189"
35199,114969,Berlin,1,2021,9,23,6,3,6,4,2,1,0,1,0,0,0,0,"13,42035887","52,52530621"
35200,114968,Berlin,12,2021,11,11,7,3,5,2,0,0,1,0,0,0,0,0,"13,35902452","52,57340421"
35201,114967,Berlin,1,2021,8,13,1,3,5,3,0,0,1,0,0,0,0,1,"13,4091912","52,51675755"
35202,114963,Berlin,2,2021,7,19,7,3,2,6,0,0,1,0,0,0,0,0,"13,38947199","52,4966529"
35203,114962,Berlin,7,2021,10,15,5,3,0,7,0,0,0,0,1,0,0,1,"13,35068139","52,47557515"
35204,114961,Berlin,9,2021,12,16,4,3,5,2,2,1,1,0,0,0,0,0,"13,50670041","52,45876445"
35205,114960,Berlin,4,2021,5,18,7,3,3,6,0,0,1,0,0,0,0,0,"13,28281751","52,49731695"
35206,114957,Berlin,7,2021,1,10,6,3,5,2,0,0,1,0,0,0,0,1,"13,36924546","52,42069235"
35207,114953,Berlin,7,2021,6,16,6,3,2,6,0,1,1,0,0,0,0,0,"13,39049686","52,43303317"
35208,114949,Berlin,2,2021,5,19,3,3,3,6,0,1,0,0,0,0,0,0,"13,44835189","52,50465741"
35209,114948,Berlin,10,2021,8,8,5,3,5,2,0,1,1,0,0,0,0,0,"13,59099124","52,5050884"
35210,114946,Berlin,7,2021,9,9,1,3,3,6,0,0,1,0,0,0,1,0,"13,38551763","52,47030185"
35211,114944,Berlin,1,2021,3,7,5,3,5,2,0,1,1,0,0,0,0,0,"13,40459074","52,5200224"
35212,114941,Berlin,1,2021,6,14,3,3,5,3,0,0,0,0,0,0,1,0,"13,41862725","52,52427619"
35213,114939,Berlin,7,2021,9,22,1,3,5,2,2,1,1,0,0,0,0,0,"13,3857655","52,48019384"
35214,114938,Berlin,3,2021,11,17,5,3,5,2,2,1,1,0,0,0,0,1,"13,42400095","52,53910218"
35215,114937,Berlin,4,2021,9,13,4,3,2,6,0,0,1,0,0,0,0,0,"13,28086152","52,50081562"
35216,114934,Berlin,3,2021,4,8,2,2,6,6,0,1,0,1,0,0,0,0,"13,4128308","52,54619609"
35217,114931,Berlin,6,2021,10,11,3,2,3,6,0,0,0,0,1,0,1,0,"13,33129865","52,46307981"
35218,114930,Berlin,12,2021,12,7,4,3,3,6,1,0,1,0,0,1,0,1,"13,25543133","52,61018897"
35219,114927,Berlin,3,2021,2,18,2,2,5,2,2,0,1,0,0,0,0,0,"13,39044086","52,61859411"
35220,114923,Berlin,1,2021,6,12,5,3,6,6,0,1,1,1,0,0,0,0,"13,36346368","52,50050685"
35221,114919,Berlin,4,2021,5,16,2,3,2,6,0,0,1,0,0,0,1,0,"13,31508768","52,47916521"
35222,114918,Berlin,2,2021,8,2,5,3,3,6,2,1,1,0,0,0,0,0,"13,45414302","52,51548579"
35223,114911,Berlin,7,2021,7,17,5,3,2,6,0,0,1,0,0,0,0,0,"13,34463277","52,47810984"
35224,114909,Berlin,7,2021,10,12,3,3,6,2,0,0,0,1,0,1,0,1,"13,37717599","52,43247863"
35225,114908,Berlin,10,2021,11,6,3,3,5,2,1,1,1,0,0,0,0,0,"13,61342017","52,5048945"
35226,114907,Berlin,7,2021,9,7,4,3,5,7,0,0,1,0,1,0,0,0,"13,35184102","52,48038263"
35227,114905,Berlin,3,2021,6,16,6,3,3,6,0,0,1,0,0,0,1,0,"13,39902696","52,57354975"
35228,114903,Berlin,12,2021,4,13,2,3,5,2,0,0,1,0,1,0,0,0,"13,3292756","52,60232518"
35229,114900,Berlin,10,2021,3,10,3,3,5,3,0,1,1,0,0,0,0,0,"13,61652196","52,50474706"
35230,114899,Berlin,2,2021,10,17,2,3,5,2,1,1,1,0,0,0,0,0,"13,46002388","52,51512156"
35231,114898,Berlin,2,2021,12,10,3,3,1,7,0,0,1,0,0,0,0,0,"13,38608469","52,48907992"
35232,114897,Berlin,3,2021,9,15,5,3,5,3,0,1,0,0,0,0,1,0,"13,41437344","52,55217249"
35233,114895,Berlin,4,2021,2,12,5,3,6,7,0,0,1,1,0,0,0,0,"13,29313271","52,51080365"
35234,114891,Berlin,12,2021,6,8,2,3,2,6,0,0,1,0,0,0,0,0,"13,30554214","52,5693493"
35235,114887,Berlin,10,2021,5,8,5,3,5,3,0,1,0,0,0,0,1,0,"13,58444201","52,50504998"
35236,114886,Berlin,1,2021,8,10,3,3,0,2,0,1,0,0,0,1,0,0,"13,36990023","52,54180152"
35237,114882,Berlin,9,2021,7,9,3,3,5,3,0,0,1,0,0,0,1,0,"13,51226611","52,45489978"
35238,114880,Berlin,1,2021,10,8,3,3,5,2,0,0,1,0,0,0,1,1,"13,36970977","52,54161257"
35239,114879,Berlin,2,2021,11,14,5,3,6,7,0,0,1,1,0,0,0,0,"13,47430175","52,513675"
35240,114875,Berlin,4,2021,1,8,3,3,6,4,0,0,1,1,0,0,0,1,"13,30030029","52,5110801"
35241,114872,Berlin,12,2021,4,17,3,3,2,6,2,0,1,0,0,0,1,0,"13,31093445","52,55991411"
35242,114871,Berlin,2,2021,6,9,2,3,5,2,0,1,1,0,0,0,0,0,"13,45726227","52,51539799"
35243,114868,Berlin,9,2021,5,11,6,3,5,3,0,1,1,0,0,0,0,1,"13,46075573","52,49387719"
35244,114867,Berlin,9,2021,8,15,2,2,0,7,0,0,0,0,0,0,1,0,"13,45918003","52,49294495"
35245,114866,Berlin,1,2021,9,6,3,3,6,4,0,1,0,1,0,0,0,0,"13,39727641","52,51759045"
35246,114862,Berlin,3,2021,2,15,6,3,6,2,0,0,1,1,0,0,0,0,"13,42368429","52,52829076"
35247,114859,Berlin,6,2021,6,18,4,3,1,5,0,0,1,0,0,0,0,1,"13,22042326","52,42886201"
35248,114857,Berlin,3,2021,9,9,3,3,2,2,0,1,1,0,0,0,0,0,"13,42965649","52,55423373"
35249,114856,Berlin,4,2021,11,18,2,3,6,4,2,0,0,1,0,0,1,1,"13,30250924","52,51141548"
35250,114855,Berlin,4,2021,8,13,3,3,2,6,0,0,1,0,0,0,0,0,"13,29716746","52,51087498"
35251,114850,Berlin,6,2021,7,16,2,2,7,7,0,0,0,0,1,0,0,0,"13,33260146","52,4639744"
35252,114849,Berlin,11,2021,10,16,6,3,2,6,0,0,1,0,0,0,0,1,"13,50636006","52,51065242"
35253,114848,Berlin,6,2021,12,17,2,3,6,4,1,1,0,1,0,0,0,1,"13,30380847","52,4492883"
35254,114847,Berlin,9,2021,5,16,2,3,2,6,0,0,1,0,0,0,0,0,"13,49340445","52,46782777"
35255,114844,Berlin,3,2021,1,13,5,3,2,6,0,0,1,0,0,0,0,0,"13,43302685","52,53631544"
35256,114840,Berlin,4,2021,6,15,3,3,2,6,0,0,1,0,0,0,0,0,"13,28718902","52,49430178"
35257,114836,Berlin,7,2021,7,19,5,2,2,6,0,0,1,0,1,0,0,0,"13,36558693","52,4727466"
35258,114834,Berlin,4,2021,10,17,5,3,3,6,0,0,1,0,0,0,0,0,"13,2862344","52,53194268"
35259,114833,Berlin,4,2021,11,19,4,3,3,6,2,0,1,0,0,1,0,1,"13,26289375","52,49110977"
35260,114829,Berlin,1,2021,4,14,4,3,0,3,0,1,0,0,0,0,1,0,"13,40511038","52,52028802"
35261,114826,Berlin,7,2021,3,15,1,3,3,6,0,0,1,0,0,0,0,0,"13,38570972","52,46767602"
35262,114825,Berlin,10,2021,6,13,3,2,6,4,0,0,1,1,0,0,0,0,"13,54841738","52,55105938"
35263,114823,Berlin,4,2021,11,7,4,3,5,3,0,0,1,0,1,0,0,0,"13,22852285","52,50674585"
35264,114822,Berlin,10,2021,12,21,4,3,6,2,2,0,1,1,0,0,0,1,"13,55440433","52,55768865"
35265,114821,Berlin,6,2021,8,18,2,3,1,5,0,0,1,0,0,0,0,0,"13,26735937","52,43642803"
35266,114820,Berlin,4,2021,9,16,5,3,2,6,0,0,1,0,0,0,0,0,"13,24938124","52,50797079"
35267,114816,Berlin,2,2021,2,15,3,3,3,6,0,0,1,0,0,0,0,0,"13,47424345","52,51368137"
35268,114813,Berlin,2,2021,6,14,7,3,6,4,0,1,0,1,0,0,0,0,"13,38772043","52,49839005"
35269,114811,Berlin,2,2021,9,10,5,3,5,3,0,0,1,0,0,0,1,0,"13,38877436","52,49813113"
35270,114810,Berlin,6,2021,11,17,5,3,5,3,2,0,1,0,1,0,0,1,"13,30122531","52,44834709"
35271,114809,Berlin,3,2021,8,10,3,3,0,2,0,0,1,0,0,0,1,0,"13,44797853","52,54688491"
35272,114804,Berlin,9,2021,7,18,6,3,5,3,0,0,1,0,0,0,1,0,"13,45775505","52,49165476"
35273,114803,Berlin,6,2021,10,15,5,3,2,2,0,1,1,0,0,0,0,1,"13,26028199","52,43516965"
35274,114802,Berlin,6,2021,12,15,3,3,5,7,1,0,1,0,1,0,0,0,"13,30813125","52,45090309"
35275,114801,Berlin,2,2021,5,7,2,3,2,6,0,0,1,0,0,0,0,0,"13,38626785","52,48874304"
35276,114798,Berlin,3,2021,1,17,4,3,5,2,2,0,1,0,0,0,0,1,"13,42436622","52,53925992"
35277,114794,Berlin,3,2021,6,19,7,2,2,2,1,0,1,0,0,0,1,0,"13,44474583","52,545412"
35278,114790,Berlin,2,2021,5,14,6,3,5,2,0,1,1,0,0,0,0,0,"13,46744374","52,51436734"
35279,114789,Berlin,9,2021,8,17,6,3,6,7,0,1,0,1,0,0,0,0,"13,46106373","52,48939286"
35280,114787,Berlin,10,2021,9,15,3,3,2,6,0,0,1,0,0,0,0,0,"13,5484977","52,50956482"
35281,114786,Berlin,7,2021,3,15,5,3,2,6,0,0,1,0,0,0,0,0,"13,35718028","52,47378815"
35282,114783,Berlin,2,2021,7,20,6,3,2,6,0,1,0,0,0,0,0,0,"13,44862972","52,5050779"
35283,114781,Berlin,1,2021,9,8,3,3,2,6,0,0,1,0,0,0,0,0,"13,37423236","52,50942171"
35284,114780,Berlin,4,2021,11,9,2,3,2,6,0,0,1,0,0,0,0,1,"13,3014589","52,51134761"
35285,114779,Berlin,2,2021,8,18,5,3,2,2,1,0,1,0,0,0,0,1,"13,46029792","52,51523785"
35286,114776,Berlin,7,2021,4,17,3,3,3,6,0,0,1,0,1,0,0,0,"13,40138812","52,41383834"
35287,114773,Berlin,1,2021,3,9,2,3,5,2,0,0,1,0,0,0,1,0,"13,36986084","52,51583152"
35288,114772,Berlin,4,2021,10,15,2,3,2,6,0,0,1,0,0,0,0,0,"13,29861222","52,51116003"
35289,114771,Berlin,7,2021,12,12,2,3,0,2,0,0,1,0,0,0,1,1,"13,34836229","52,48174221"