,id,city,district,year,month,hour,weekday,injury_level,collision,movement,light_conditions,bicycle,car,pedestrian,motorbike,truck,other_vehicle,road_conditions,longitude,latitude
35290,114769,Berlin,7,2021,1,15,6,3,2,3,0,0,1,0,0,0,0,0,"13,38391116","52,4553123"
35291,114765,Berlin,2,2021,6,13,5,3,0,5,0,0,1,0,0,0,1,0,"13,38947012","52,49666039"
35292,114761,Berlin,7,2021,5,18,3,3,2,2,0,1,1,0,0,0,0,1,"13,38600448","52,44401485"
35293,114760,Berlin,4,2021,8,9,4,3,5,2,0,1,1,0,0,0,0,0,"13,29720875","52,51087776"
35294,114756,Berlin,3,2021,7,21,5,3,0,1,1,1,0,0,0,0,0,0,"13,41345597","52,54902721"
35295,114752,Berlin,11,2021,7,14,6,2,0,1,0,0,0,0,1,0,0,0,"13,48151164","52,51296134"
35296,114750,Berlin,2,2021,10,17,6,3,5,2,0,1,0,0,0,0,1,0,"13,37693265","52,50192091"
35297,114749,Berlin,3,2021,6,23,7,3,5,2,2,1,1,0,0,0,0,0,"13,41425877","52,54067109"
35298,114748,Berlin,9,2021,11,21,2,3,5,3,2,1,1,0,0,0,0,0,"13,45784682","52,49175437"
35299,114747,Berlin,12,2021,9,16,4,3,2,6,0,0,1,0,0,0,0,0,"13,30191463","52,54954395"
35300,114744,Berlin,12,2021,4,14,1,3,6,4,0,0,1,1,0,0,0,0,"13,35635743","52,57334424"
35301,114741,Berlin,7,2021,3,18,3,3,0,2,0,1,1,0,0,0,0,0,"13,3782663","52,43476567"
35302,114740,Berlin,7,2021,10,20,3,2,0,7,2,0,1,0,0,0,1,0,"13,38717596","52,44014913"
35303,114739,Berlin,3,2021,12,6,6,2,8,1,2,0,1,0,0,0,0,1,"13,40224013","52,58645891"
35304,114738,Berlin,7,2021,7,10,7,2,5,2,0,0,1,0,0,0,0,0,"13,38551444","52,47009357"
35305,114735,Berlin,6,2021,3,8,3,3,5,3,0,1,1,0,0,0,0,0,"13,3143365","52,45309204"
35306,114732,Berlin,7,2021,6,17,2,3,2,6,0,0,1,0,0,0,0,0,"13,40623904","52,46198049"
35307,114729,Berlin,12,2021,5,15,2,3,2,6,0,0,1,0,0,0,0,0,"13,30840586","52,55671288"
35308,114728,Berlin,4,2021,8,22,1,3,3,2,2,0,1,0,1,0,0,0,"13,3230023","52,51245565"
35309,114724,Berlin,4,2021,7,17,4,2,0,6,0,0,1,0,1,0,0,0,"13,28544168","52,49476891"
35310,114722,Berlin,1,2021,10,18,1,3,5,3,1,0,1,0,0,0,0,0,"13,36846088","52,54103366"
35311,114721,Berlin,1,2021,11,21,2,3,5,3,2,0,1,0,0,0,0,1,"13,36870178","52,50638623"
35312,114719,Berlin,3,2021,4,15,6,3,5,3,0,1,1,0,0,0,0,0,"13,41232175","52,5410878"
35313,114716,Berlin,1,2021,1,9,4,3,2,6,0,0,1,0,1,0,0,1,"13,41976051","52,52479715"
35314,114713,Berlin,3,2021,4,18,6,2,3,6,0,1,0,0,0,0,0,0,"13,41429194","52,55338197"
35315,114712,Berlin,11,2021,6,12,2,3,2,6,0,0,1,0,0,0,0,0,"13,47577853","52,51366842"
35316,114708,Berlin,2,2021,6,14,3,3,2,6,0,0,1,0,0,0,0,0,"13,47374038","52,51387782"
35317,114707,Berlin,11,2021,8,14,3,3,5,2,0,1,1,0,0,0,0,0,"13,48831766","52,51240851"
35318,114705,Berlin,7,2021,9,15,7,3,1,5,0,1,1,0,0,0,1,0,"13,34992191","52,48273177"
35319,114703,Berlin,1,2021,3,9,6,3,5,2,0,0,1,0,0,0,1,0,"13,37051915","52,54000665"
35320,114700,Berlin,3,2021,7,14,6,3,1,5,0,1,1,0,0,0,0,0,"13,41308074","52,54587181"
35321,114698,Berlin,6,2021,9,0,5,3,0,7,2,0,0,0,1,0,0,1,"13,26110403","52,43503363"
35322,114697,Berlin,3,2021,11,23,3,3,5,3,2,1,1,0,0,0,0,1,"13,44259788","52,53130568"
35323,114696,Berlin,2,2021,8,18,6,3,5,2,0,1,1,0,0,0,0,0,"13,38897208","52,49752088"
35324,114691,Berlin,3,2021,7,6,7,3,0,1,0,0,1,0,0,0,0,0,"13,44299765","52,63510675"
35325,114690,Berlin,1,2021,10,11,3,3,5,3,0,0,1,0,0,0,0,1,"13,36549933","52,55798187"
35326,114689,Berlin,1,2021,12,6,4,3,5,3,1,0,1,0,0,0,0,1,"13,3652578","52,5580842"
35327,114686,Berlin,10,2021,1,14,6,3,2,6,0,0,1,0,0,0,0,0,"13,5484052","52,5510447"
35328,114682,Berlin,7,2021,6,11,6,3,5,3,0,1,1,0,0,0,0,0,"13,40690177","52,39237729"
35329,114678,Berlin,5,2021,5,7,6,2,5,2,0,1,1,0,0,0,0,0,"13,1260475","52,47851538"
35330,114677,Berlin,2,2021,8,16,4,3,5,2,0,1,1,0,0,0,0,0,"13,46009105","52,51511486"
35331,114674,Berlin,4,2021,3,16,5,3,2,6,0,0,1,0,1,0,0,0,"13,32294619","52,51247199"
35332,114670,Berlin,2,2021,7,10,6,3,3,6,0,1,0,0,0,0,1,0,"13,45218153","52,51103204"
35333,114668,Berlin,10,2021,9,12,5,2,3,6,0,0,1,0,1,0,0,0,"13,61253753","52,50490183"
35334,114667,Berlin,3,2021,11,12,7,3,1,5,0,1,1,0,0,0,0,0,"13,45612894","52,5494918"
35335,114666,Berlin,4,2021,8,12,1,3,2,6,0,0,1,0,0,0,0,0,"13,28152915","52,52262927"
35336,114663,Berlin,3,2021,4,18,2,3,5,7,1,0,1,0,1,0,0,0,"13,42639071","52,53831889"
35337,114660,Berlin,7,2021,3,14,4,3,3,6,0,0,0,0,1,1,0,0,"13,37997942","52,43724499"
35338,114659,Berlin,9,2021,10,7,4,3,2,6,0,0,1,0,1,0,0,1,"13,51840876","52,4507109"
35339,114658,Berlin,2,2021,12,18,7,3,6,4,2,0,1,1,0,0,0,0,"13,4524442","52,51906192"
35340,114657,Berlin,12,2021,9,15,7,3,2,6,0,0,1,0,1,0,0,0,"13,33000827","52,60171055"
35341,114655,Berlin,4,2021,2,19,5,3,9,1,2,0,1,0,0,0,0,1,"13,29602059","52,54162672"
35342,114651,Berlin,10,2021,6,19,6,3,6,4,0,0,1,1,0,0,0,0,"13,54857905","52,5509426"
35343,114646,Berlin,1,2021,5,11,4,3,2,6,0,0,1,0,0,0,0,0,"13,41186213","52,51891833"
35344,114645,Berlin,3,2021,8,8,2,3,5,2,0,1,1,0,0,0,0,0,"13,413719","52,55053751"
35345,114641,Berlin,4,2021,7,14,6,2,0,1,0,0,0,0,0,0,1,0,"13,26316067","52,4913202"
35346,114638,Berlin,1,2021,7,23,7,2,2,1,2,0,1,0,0,0,0,0,"13,40532143","52,52039426"
35347,114636,Berlin,10,2021,10,21,1,3,5,3,2,1,1,0,0,0,0,0,"13,61651629","52,50474743"
35348,114635,Berlin,9,2021,11,22,3,3,2,6,2,0,1,0,0,0,0,1,"13,51175443","52,45507451"
35349,114632,Berlin,7,2021,5,11,7,2,3,2,0,0,1,0,1,0,0,1,"13,3571418","52,4868518"
35350,114631,Berlin,1,2021,6,8,4,3,0,6,0,0,1,0,0,0,1,0,"13,36961405","52,54156608"
35351,114630,Berlin,12,2021,8,12,2,3,2,2,0,0,1,0,0,0,0,0,"13,35888539","52,57327815"
35352,114628,Berlin,4,2021,9,11,3,3,2,6,0,0,1,0,0,1,0,0,"13,28419315","52,50802866"
35353,114627,Berlin,4,2021,3,18,7,3,1,1,2,0,1,0,0,0,0,0,"13,27526246","52,50949487"
35354,114623,Berlin,2,2021,7,7,3,3,5,2,0,1,0,0,0,0,1,0,"13,44795141","52,52631441"
35355,114621,Berlin,3,2021,9,21,1,2,2,6,2,0,1,0,0,0,1,0,"13,42437635","52,52889489"
35356,114620,Berlin,6,2021,11,13,7,3,3,6,0,0,1,0,0,0,0,0,"13,28302944","52,44206469"
35357,114619,Berlin,1,2021,8,22,5,3,5,3,2,0,1,0,0,0,0,1,"13,36525717","52,55808746"
35358,114616,Berlin,7,2021,4,16,6,3,5,2,0,1,1,0,0,0,0,0,"13,39064211","52,43277363"
35359,114613,Berlin,4,2021,3,16,3,3,2,6,1,0,1,0,0,0,0,0,"13,28127493","52,49872279"
35360,114612,Berlin,1,2021,10,8,4,3,0,2,0,1,1,0,0,0,0,1,"13,36877047","52,54105135"
35361,114611,Berlin,10,2021,12,19,6,3,6,7,2,0,1,1,0,0,0,0,"13,53687548","52,5312994"
35362,114610,Berlin,1,2021,5,12,3,2,3,6,0,0,1,0,1,0,0,0,"13,36895813","52,540725"
35363,114609,Berlin,7,2021,9,8,5,3,0,2,0,0,1,0,0,0,1,1,"13,39265786","52,42986686"
35364,114607,Berlin,1,2021,2,14,4,3,2,2,0,0,1,0,0,0,0,1,"13,36317526","52,53582185"
35365,114603,Berlin,4,2021,6,9,4,3,2,6,0,0,1,0,0,0,0,0,"13,28311385","52,5188976"
35366,114599,Berlin,3,2021,5,14,6,3,6,4,0,0,1,1,0,0,0,1,"13,40194498","52,58060413"
35367,114598,Berlin,2,2021,8,23,4,2,5,2,2,1,1,0,0,0,0,0,"13,45373649","52,51594944"
35368,114594,Berlin,2,2021,7,20,1,2,5,3,0,0,1,0,0,0,0,1,"13,45374218","52,51593314"
35369,114590,Berlin,10,2021,7,2,2,3,0,1,2,0,1,0,0,0,0,0,"13,55820894","52,56279503"
35370,114588,Berlin,12,2021,10,17,2,2,5,3,1,1,1,0,0,0,0,0,"13,36419909","52,56368807"
35371,114587,Berlin,7,2021,6,14,7,3,0,4,0,0,0,1,0,0,1,0,"13,35900686","52,48889052"
35372,114586,Berlin,2,2021,11,18,3,3,0,6,2,0,1,0,1,0,0,1,"13,4474992","52,50351565"
35373,114585,Berlin,3,2021,9,17,7,3,2,6,0,0,1,0,0,0,0,0,"13,4119848","52,54129143"
35374,114582,Berlin,3,2021,4,16,7,3,2,6,0,0,1,0,0,0,0,0,"13,39821542","52,5713219"
35375,114579,Berlin,1,2021,3,17,3,2,5,7,0,0,1,0,1,0,0,0,"13,36928214","52,53928626"
35376,114577,Berlin,11,2021,10,7,6,3,4,6,0,1,0,0,0,0,0,0,"13,48336913","52,57673602"
35377,114576,Berlin,12,2021,6,19,7,3,2,6,0,0,1,0,1,0,0,0,"13,32186823","52,56128709"
35378,114575,Berlin,4,2021,12,9,4,2,5,2,0,1,1,0,0,0,0,0,"13,24966086","52,5079884"
35379,114574,Berlin,1,2021,8,11,1,2,0,1,0,1,0,0,0,0,0,0,"13,40270884","52,51183509"
35380,114571,Berlin,9,2021,3,10,2,3,2,7,0,0,1,0,0,0,0,0,"13,45948319","52,49291092"
35381,114568,Berlin,3,2021,6,11,3,2,0,1,0,1,0,0,0,0,0,0,"13,40325192","52,56936857"
35382,114565,Berlin,1,2021,8,7,4,3,2,2,0,1,1,0,0,0,0,0,"13,41992549","52,52493847"
35383,114561,Berlin,4,2021,7,23,4,2,9,1,2,0,1,0,0,0,0,0,"13,32834144","52,47792883"
35384,114559,Berlin,4,2021,10,8,3,3,2,6,0,0,1,0,0,0,0,1,"13,28148878","52,52216582"
35385,114558,Berlin,1,2021,11,13,6,3,5,3,0,0,1,0,1,0,0,0,"13,3691776","52,54151096"
35386,114556,Berlin,2,2021,5,11,3,3,5,7,0,1,0,0,0,0,1,0,"13,46180021","52,51508302"
35387,114553,Berlin,4,2021,1,17,4,3,2,6,2,0,1,0,0,0,0,1,"13,30847914","52,48228796"
35388,114550,Berlin,1,2021,4,15,1,3,2,6,0,1,1,0,0,0,0,0,"13,41602348","52,52215941"
35389,114549,Berlin,12,2021,6,11,4,2,3,6,0,0,1,0,0,1,0,0,"13,30732632","52,55580472"
35390,114545,Berlin,4,2021,5,9,3,3,5,2,0,1,1,0,0,0,0,0,"13,28927662","52,51056044"
35391,114544,Berlin,4,2021,8,8,5,3,2,6,0,0,1,0,0,0,0,0,"13,28407117","52,49612928"
35392,114542,Berlin,1,2021,9,8,4,3,6,4,0,0,0,1,0,0,1,0,"13,41091579","52,52333822"
35393,114540,Berlin,4,2021,3,16,4,3,5,3,0,0,1,0,0,0,0,0,"13,30759447","52,51174954"
35394,114537,Berlin,7,2021,7,18,5,3,2,6,0,0,1,0,0,0,0,1,"13,38605634","52,48356501"
35395,114535,Berlin,4,2021,9,8,2,3,3,6,0,0,1,0,0,0,0,0,"13,28343291","52,51819924"
35396,114534,Berlin,7,2021,11,7,3,3,0,1,0,0,1,0,1,0,0,1,"13,38077742","52,43825326"
35397,114533,Berlin,3,2021,8,14,6,3,2,6,0,0,1,0,0,0,0,0,"13,42807446","52,5688389"
35398,114529,Berlin,2,2021,7,21,6,2,5,2,2,0,1,0,1,0,0,0,"13,37693446","52,50191888"
35399,114528,Berlin,12,2021,10,12,7,3,0,7,0,0,1,0,0,0,0,0,"13,30601721","52,56839236"
35400,114527,Berlin,11,2021,12,10,5,3,5,2,0,1,1,0,0,0,0,0,"13,47735353","52,51337675"
35401,114524,Berlin,4,2021,1,8,1,2,0,6,0,0,1,0,0,0,1,0,"13,301361","52,54712079"
35402,114520,Berlin,3,2021,6,23,1,3,0,3,2,1,1,0,0,0,0,0,"13,42987932","52,53325921"
35403,114516,Berlin,6,2021,5,11,2,3,1,5,0,1,0,0,0,1,0,0,"13,29466325","52,44590962"
35404,114515,Berlin,4,2021,8,19,5,2,2,6,1,0,1,0,0,0,0,0,"13,2930673","52,53368955"
35405,114509,Berlin,2,2021,7,15,2,2,3,6,0,1,0,0,0,0,0,0,"13,45421591","52,51565533"
35406,114507,Berlin,11,2021,10,13,7,3,2,6,0,1,0,0,0,0,0,0,"13,48112131","52,51313565"
35407,114506,Berlin,2,2021,11,3,1,2,0,1,2,1,0,0,0,0,0,0,"13,45142471","52,50940048"
35408,114505,Berlin,3,2021,9,17,6,3,5,2,0,1,1,0,0,0,0,0,"13,41450382","52,5570281"
35409,114503,Berlin,3,2021,6,16,7,3,3,6,0,1,0,0,0,0,1,0,"13,40048873","52,56972417"
35410,114501,Berlin,3,2021,4,14,3,3,4,7,0,1,0,0,0,0,0,0,"13,42985251","52,55349981"
35411,114498,Berlin,3,2021,3,11,5,3,6,2,0,0,1,1,0,0,0,0,"13,40354189","52,56927169"
35412,114497,Berlin,1,2021,10,16,5,3,2,6,0,0,1,0,0,0,0,1,"13,36719232","52,55166363"
35413,114496,Berlin,6,2021,12,19,7,3,5,7,2,0,1,0,0,0,0,1,"13,27145652","52,43826426"
35414,114495,Berlin,7,2021,9,7,3,3,2,6,0,0,1,0,1,0,0,0,"13,38443215","52,45348006"
35415,114493,Berlin,3,2021,2,6,3,3,8,1,2,0,0,0,0,0,1,2,"13,45785602","52,63080522"
35416,114489,Berlin,4,2021,6,11,5,3,3,6,0,0,0,0,1,0,1,0,"13,30673628","52,48290756"
35417,114484,Berlin,4,2021,5,16,3,3,3,6,0,0,1,0,1,0,0,1,"13,30482429","52,51137803"
35418,114483,Berlin,7,2021,8,20,2,3,5,7,2,1,1,0,0,0,0,1,"13,35098739","52,48075255"
35419,114479,Berlin,1,2021,7,18,4,3,5,2,0,1,1,0,0,0,0,0,"13,36833544","52,54111107"
35420,114476,Berlin,6,2021,7,3,2,2,8,1,2,0,1,0,0,0,0,0,"13,30937394","52,45136308"
35421,114474,Berlin,6,2021,10,13,4,3,3,6,0,0,1,0,0,1,0,0,"13,30639882","52,45026177"
35422,114473,Berlin,4,2021,11,16,5,3,5,3,0,1,1,0,0,0,0,0,"13,28935115","52,51056514"
35423,114472,Berlin,11,2021,5,9,2,3,2,6,0,0,1,0,1,0,0,0,"13,48470792","52,51277382"
35424,114470,Berlin,11,2021,9,13,6,2,5,2,0,1,1,0,0,0,0,0,"13,48833059","52,51240722"
35425,114467,Berlin,12,2021,4,9,4,3,3,6,0,0,1,0,0,0,0,0,"13,36425908","52,56338946"
35426,114464,Berlin,2,2021,4,13,1,3,5,2,0,1,1,0,0,0,0,0,"13,38055708","52,49924537"
35427,114463,Berlin,2,2021,7,18,5,3,3,6,0,1,0,0,0,0,1,0,"13,43929741","52,51721209"
35428,114461,Berlin,3,2021,10,15,3,3,2,6,0,0,1,0,0,0,1,0,"13,44553246","52,5457734"
35429,114460,Berlin,1,2021,12,23,2,3,5,3,2,0,1,0,0,0,0,0,"13,4090424","52,51708799"
35430,114459,Berlin,2,2021,8,18,5,3,1,5,0,1,1,0,0,0,0,0,"13,44915382","52,52388492"
35431,114458,Berlin,10,2021,9,10,6,3,5,3,0,0,1,0,0,0,0,0,"13,588042","52,5050063"
35432,114454,Berlin,6,2021,2,11,7,3,0,3,0,1,1,0,0,0,0,0,"13,21771065","52,42802"
35433,114451,Berlin,9,2021,6,8,2,3,0,3,0,1,1,0,0,0,0,0,"13,47946399","52,48451132"
35434,114449,Berlin,4,2021,9,2,1,2,8,1,2,0,1,0,0,0,0,0,"13,28490476","52,51629088"
35435,114448,Berlin,11,2021,11,9,5,3,6,2,0,0,1,1,0,0,0,1,"13,5044857","52,51065217"
35436,114447,Berlin,7,2021,8,20,4,3,1,5,2,0,1,0,0,0,0,1,"13,38591433","52,47717555"
35437,114444,Berlin,1,2021,7,23,7,3,5,3,2,1,1,0,0,0,0,0,"13,4049104","52,52018736"
35438,114443,Berlin,2,2021,10,21,2,3,0,1,2,0,0,0,1,0,0,1,"13,46004525","52,51511943"
35439,114442,Berlin,3,2021,11,21,3,3,4,1,2,0,1,0,0,0,0,1,"13,39881719","52,58004518"
35440,114441,Berlin,3,2021,5,17,7,3,5,2,0,0,1,0,0,0,0,0,"13,44494154","52,54550486"
35441,114438,Berlin,4,2021,1,11,3,3,0,1,0,0,0,0,1,0,0,1,"13,29304849","52,49252447"
35442,114434,Berlin,7,2021,6,14,2,3,0,2,0,0,1,0,0,0,1,0,"13,35834524","52,48847821"
35443,114430,Berlin,4,2021,5,15,3,3,5,2,0,1,1,0,0,0,0,0,"13,29915319","52,51119578"
35444,114429,Berlin,4,2021,8,14,2,3,2,7,0,0,0,0,1,0,1,0,"13,30080772","52,51130481"
35445,114427,Berlin,10,2021,9,5,2,2,3,6,2,0,1,0,1,0,0,0,"13,62336377","52,50400535"
35446,114426,Berlin,12,2021,9,7,4,3,5,2,0,1,1,0,0,0,0,0,"13,32392016","52,60776388"
35447,114423,Berlin,7,2021,4,18,3,3,2,6,0,0,1,0,0,0,0,0,"13,37980261","52,4370188"
35448,114420,Berlin,10,2021,4,15,6,2,2,6,0,0,1,0,1,0,0,0,"13,54809582","52,5506811"
35449,114419,Berlin,3,2021,7,15,6,2,5,2,0,1,1,0,0,0,0,0,"13,44453458","52,54531142"
35450,114417,Berlin,4,2021,10,19,3,3,2,1,1,0,1,0,0,0,0,0,"13,31465739","52,51201833"
35451,114416,Berlin,10,2021,6,13,7,3,2,2,0,1,1,0,0,0,0,0,"13,54843398","52,5507742"
35452,114415,Berlin,11,2021,12,20,2,2,0,1,2,0,1,0,0,0,0,0,"13,52690284","52,51013474"
35453,114414,Berlin,11,2021,8,15,2,3,2,6,0,0,1,0,1,0,0,0,"13,50460577","52,51064239"
35454,114413,Berlin,6,2021,9,18,4,1,0,7,0,0,1,0,1,0,0,0,"13,15301743","52,41888191"
35455,114410,Berlin,3,2021,3,15,3,3,5,2,0,1,0,0,0,1,0,0,"13,4446604","52,54563367"
35456,114407,Berlin,4,2021,6,15,3,3,2,6,0,0,1,0,0,0,0,0,"13,29881631","52,53417483"
35457,114405,Berlin,7,2021,9,18,5,3,3,6,0,0,1,0,1,0,0,0,"13,38477876","52,46018699"
35458,114404,Berlin,11,2021,8,13,5,2,2,6,0,0,1,0,0,1,0,0,"13,48334812","52,58320088"
35459,114400,Berlin,2,2021,7,17,4,3,2,6,0,0,1,0,0,0,1,0,"13,44726117","52,52657248"
35460,114398,Berlin,1,2021,10,18,5,3,2,6,2,0,1,0,0,0,0,0,"13,3639607","52,53488129"
35461,114397,Berlin,4,2021,11,19,2,3,2,6,2,0,1,0,0,0,0,1,"13,29303771","52,49253076"
35462,114394,Berlin,7,2021,1,12,5,3,0,7,0,0,1,0,0,0,0,1,"13,40485954","52,46278679"
35463,114390,Berlin,12,2021,6,10,7,3,6,3,0,0,1,1,0,0,0,0,"13,32536685","52,60613098"
35464,114387,Berlin,7,2021,12,18,4,3,6,2,2,0,1,1,0,0,0,1,"13,38439189","52,45256849"
35465,114386,Berlin,7,2021,5,23,3,3,1,5,2,0,0,0,1,0,1,1,"13,38578174","52,48090389"
35466,114385,Berlin,2,2021,8,10,5,3,0,3,0,0,1,0,0,0,1,0,"13,46785627","52,51447933"
35467,114383,Berlin,3,2021,9,16,2,2,5,3,0,1,0,0,0,0,0,0,"13,41245677","52,54274037"
35468,114381,Berlin,4,2021,3,4,7,2,2,6,2,0,1,0,1,0,1,1,"13,23899049","52,47093194"
35469,114378,Berlin,3,2021,6,18,4,3,9,1,0,0,1,0,0,0,0,1,"13,44666278","52,63364485"
35470,114376,Berlin,1,2021,9,17,5,3,3,6,0,0,1,0,1,0,0,0,"13,41554844","52,52143608"
35471,114375,Berlin,3,2021,11,15,3,2,1,5,0,1,0,0,0,0,1,1,"13,41533215","52,54047288"
35472,114374,Berlin,5,2021,9,16,4,3,6,2,0,0,1,1,0,0,0,0,"13,17890421","52,51652724"
35473,114369,Berlin,8,2021,7,17,7,3,2,6,0,0,1,0,0,0,0,0,"13,45614694","52,46423456"
35474,114368,Berlin,6,2021,10,17,7,3,2,6,2,0,1,0,0,0,0,1,"13,19628971","52,41961237"
35475,114367,Berlin,12,2021,12,8,3,3,2,6,0,0,1,0,0,0,0,0,"13,30761505","52,5662716"
35476,114364,Berlin,2,2021,1,14,3,3,0,6,0,0,1,0,1,0,0,1,"13,44473848","52,51666743"
35477,114360,Berlin,7,2021,6,15,7,3,3,6,0,0,1,0,0,0,0,1,"13,38579117","52,47112559"
35478,114356,Berlin,3,2021,5,10,2,3,5,7,0,0,1,0,0,0,1,0,"13,44414166","52,52947623"
35479,114355,Berlin,7,2021,8,14,5,3,0,6,0,0,0,0,0,0,1,0,"13,3853502","52,46274316"
35480,114348,Berlin,6,2021,7,7,4,3,2,6,0,0,1,0,0,0,0,1,"13,28350673","52,4422086"
35481,114346,Berlin,7,2021,10,6,2,3,0,7,1,0,1,0,1,0,0,1,"13,36166184","52,4969426"
35482,114345,Berlin,12,2021,11,14,6,3,2,6,0,0,1,0,0,0,0,0,"13,31029503","52,55878643"
35483,114344,Berlin,4,2021,9,11,6,3,3,6,0,1,1,0,0,0,0,0,"13,2563464","52,5084002"
35484,114342,Berlin,4,2021,6,14,7,3,2,6,0,0,1,0,0,0,0,0,"13,32661941","52,47793589"
35485,114340,Berlin,4,2021,4,7,6,3,5,2,0,0,1,0,0,0,0,0,"13,30157929","52,5113558"
35486,114337,Berlin,4,2021,3,19,1,3,9,1,2,0,1,0,0,0,0,0,"13,27975561","52,50067867"
35487,114336,Berlin,4,2021,10,10,4,3,3,6,0,0,1,0,0,0,0,0,"13,28644153","52,53221926"
35488,114335,Berlin,1,2021,12,17,7,3,9,1,2,0,0,0,1,0,0,1,"13,36893022","52,50678259"
35489,114334,Berlin,7,2021,9,12,7,3,0,1,0,1,0,0,0,0,0,0,"13,38565479","52,475528"
35490,114332,Berlin,7,2021,2,9,5,3,0,6,0,0,1,0,0,0,1,1,"13,36066564","52,49107364"
35491,114328,Berlin,9,2021,6,18,6,3,0,2,0,0,1,0,0,0,1,0,"13,46504912","52,48670604"
35492,114324,Berlin,3,2021,5,16,2,3,0,1,0,1,0,0,0,0,0,0,"13,44487231","52,52920484"
35493,114323,Berlin,1,2021,8,13,3,3,2,6,0,0,1,0,0,0,0,1,"13,3659804","52,50341492"
35494,114318,Berlin,4,2021,7,11,5,3,3,6,0,0,1,0,0,1,0,0,"13,2808629","52,50298296"
35495,114316,Berlin,4,2021,10,13,1,3,2,1,0,0,1,0,0,0,0,0,"13,26969396","52,49621407"
35496,114315,Berlin,1,2021,11,11,4,3,2,2,0,0,1,0,0,0,0,1,"13,37016884","52,5399709"
35497,114313,Berlin,3,2021,9,14,3,3,5,3,0,1,0,0,0,0,0,0,"13,42900638","52,53770423"
35498,114310,Berlin,1,2021,4,8,3,3,2,2,0,0,1,0,0,0,0,0,"13,3764889","52,5094033"
35499,114307,Berlin,2,2021,4,12,4,3,2,6,0,0,1,0,0,0,0,1,"13,45954591","52,51516917"
35500,114306,Berlin,7,2021,6,7,4,3,2,6,0,0,1,0,0,1,0,0,"13,36677338","52,47220297"
35501,114304,Berlin,1,2021,11,19,6,3,2,6,1,0,1,0,0,0,0,0,"13,34375306","52,51400274"
35502,114302,Berlin,2,2021,8,11,4,3,3,6,0,0,1,0,0,0,0,0,"13,3883765","52,4937396"
35503,114301,Berlin,7,2021,9,15,6,3,5,2,0,0,1,0,0,0,0,1,"13,38601126","52,44397836"
35504,114297,Berlin,11,2021,2,8,3,3,5,2,0,1,1,0,0,0,0,0,"13,48834063","52,51240623"
35505,114294,Berlin,6,2021,6,14,5,3,0,1,0,0,0,0,1,0,0,0,"13,33141985","52,46339398"
35506,114292,Berlin,6,2021,9,13,7,3,5,3,0,0,1,0,1,0,0,0,"13,29501643","52,44603793"
35507,114291,Berlin,4,2021,11,11,4,3,2,6,0,0,1,0,0,0,0,0,"13,28166238","52,50544352"
35508,114290,Berlin,4,2021,8,17,6,2,2,6,0,0,1,0,0,0,0,0,"13,28388109","52,49612319"
35509,114285,Berlin,7,2021,7,12,6,3,2,6,0,0,1,0,0,0,0,0,"13,34828776","52,48184447"
35510,114284,Berlin,3,2021,10,11,3,3,3,6,0,1,1,0,0,0,0,0,"13,40456749","52,56799692"
35511,114283,Berlin,7,2021,12,12,3,3,0,6,0,0,1,0,0,0,1,1,"13,38553922","52,47118758"
35512,114282,Berlin,4,2021,5,14,1,3,3,6,0,1,1,0,0,0,0,0,"13,29029233","52,51045857"
35513,114278,Berlin,1,2021,1,19,5,3,2,6,2,0,1,0,0,0,0,1,"13,416011","52,52216485"
35514,114274,Berlin,12,2021,6,13,5,3,0,5,0,0,1,0,0,0,0,0,"13,33628346","52,59170366"
35515,114270,Berlin,7,2021,5,8,6,3,5,2,0,1,0,0,0,0,1,0,"13,35717601","52,48688891"
35516,114269,Berlin,7,2021,8,17,6,3,5,3,0,1,1,0,0,0,0,0,"13,38509429","52,46164639"
35517,114267,Berlin,1,2021,9,8,2,3,3,6,0,0,1,0,0,0,0,0,"13,36862745","52,50677973"
35518,114265,Berlin,12,2021,3,19,1,2,3,6,2,0,1,0,0,0,0,1,"13,33263831","52,59755348"
35519,114262,Berlin,5,2021,7,17,5,3,2,6,0,0,1,0,0,0,0,1,"13,20457808","52,51149959"
35520,114260,Berlin,4,2021,9,10,3,3,5,3,0,1,1,0,0,0,0,1,"13,30145982","52,51115763"
35521,114259,Berlin,7,2021,11,13,2,3,2,6,0,0,1,0,0,0,0,0,"13,38442093","52,45354194"
35522,114258,Berlin,4,2021,8,8,5,3,0,1,0,0,0,0,1,0,0,0,"13,2897882","52,49399066"
35523,114255,Berlin,7,2021,4,23,4,2,9,1,2,0,1,0,0,0,0,0,"13,3626805","52,47402853"
35524,114252,Berlin,12,2021,10,5,4,3,3,6,2,1,1,0,0,0,0,1,"13,36470276","52,56098626"