,id,city,district,year,month,hour,weekday,injury_level,collision,movement,light_conditions,bicycle,car,pedestrian,motorbike,truck,other_vehicle,road_conditions,longitude,latitude
35525,114251,Berlin,2,2021,12,11,7,3,2,6,0,0,1,0,0,0,1,1,"13,38633324","52,48908358"
35526,114249,Berlin,7,2021,2,19,3,2,6,4,2,0,1,1,0,0,0,1,"13,36875702","52,42011057"
35527,114245,Berlin,3,2021,6,7,5,3,1,5,0,1,1,0,0,0,0,0,"13,4303343","52,53365435"
35528,114241,Berlin,4,2021,5,14,6,2,5,2,0,1,0,0,0,1,0,0,"13,2820196","52,50994089"
35529,114240,Berlin,8,2021,8,10,6,3,3,6,0,0,1,0,0,1,0,0,"13,43989377","52,46271215"
35530,114233,Berlin,12,2021,7,16,7,3,0,7,0,1,0,0,0,0,0,0,"13,34771421","52,57543649"
35531,114231,Berlin,7,2021,10,20,1,3,2,1,0,0,1,0,0,0,0,0,"13,38181196","52,43926129"
35532,114230,Berlin,6,2021,11,13,7,3,0,1,0,0,0,0,1,0,0,1,"13,14302077","52,41777103"
35533,114229,Berlin,12,2021,9,17,6,3,2,6,0,0,1,0,0,0,0,0,"13,29167749","52,58620991"
35534,114226,Berlin,1,2021,4,9,4,3,5,2,0,1,0,0,0,0,1,0,"13,41676992","52,52208754"
35535,114223,Berlin,2,2021,3,22,2,3,0,1,2,1,0,0,0,0,0,0,"13,45420082","52,51589788"
35536,114221,Berlin,12,2021,3,15,5,2,8,1,0,0,1,0,0,0,0,1,"13,29146533","52,5862549"
35537,114218,Berlin,7,2021,6,7,2,3,5,3,0,1,1,0,0,0,0,0,"13,38437211","52,4526711"
35538,114216,Berlin,6,2021,10,12,6,3,6,6,0,0,1,1,0,0,0,0,"13,26036873","52,43502197"
35539,114215,Berlin,11,2021,11,18,2,3,3,6,2,1,0,0,0,0,1,0,"13,48760591","52,51234514"
35540,114214,Berlin,3,2021,9,10,4,3,5,2,0,0,1,0,0,0,1,0,"13,44477374","52,54568571"
35541,114209,Berlin,1,2021,10,10,7,2,5,2,0,0,1,0,1,0,0,0,"13,36986084","52,51583152"
35542,114208,Berlin,7,2021,12,7,2,3,2,6,2,0,1,0,0,0,1,1,"13,39566007","52,46702181"
35543,114205,Berlin,6,2021,1,18,2,3,4,6,2,0,1,0,0,0,0,1,"13,30738905","52,45062835"
35544,114201,Berlin,9,2021,6,8,6,1,2,6,0,0,0,0,0,1,0,0,"13,5010437","52,43224498"
35545,114197,Berlin,7,2021,5,12,3,3,2,6,0,0,1,0,0,0,1,0,"13,38452634","52,45296049"
35546,114196,Berlin,4,2021,8,8,5,3,0,1,0,1,0,0,0,0,0,0,"13,28142498","52,50990172"
35547,114189,Berlin,12,2021,7,11,4,3,5,3,0,0,1,0,0,0,0,1,"13,31889567","52,61080841"
35548,114187,Berlin,9,2021,10,14,7,3,2,6,0,0,1,0,0,0,0,0,"13,46145126","52,45412798"
35549,114186,Berlin,10,2021,11,16,5,3,2,6,0,0,1,0,0,0,0,1,"13,54003133","52,5099032"
35550,114185,Berlin,6,2021,9,18,5,2,6,4,0,0,1,1,0,0,0,0,"13,21483292","52,427563"
35551,114182,Berlin,7,2021,4,13,5,3,2,6,0,0,1,0,0,0,0,0,"13,36641829","52,47236315"
35552,114179,Berlin,4,2021,3,9,3,3,2,6,0,0,1,0,0,0,0,0,"13,28192541","52,50993475"
35553,114178,Berlin,3,2021,10,21,4,3,0,1,2,1,0,0,0,0,0,0,"13,41434792","52,54079379"
35554,114177,Berlin,7,2021,12,16,2,3,3,6,2,0,1,0,0,1,0,0,"13,40053091","52,46520905"
35555,114176,Berlin,1,2021,5,15,3,3,3,2,0,1,1,0,0,0,0,0,"13,36526034","52,55807102"
35556,114175,Berlin,1,2021,5,22,2,3,5,3,2,1,1,0,0,0,0,0,"13,40174286","52,511345"
35557,114174,Berlin,1,2021,9,8,5,3,0,1,0,1,0,0,0,0,0,1,"13,37348292","52,50916707"
35558,114172,Berlin,4,2021,2,14,4,3,2,6,0,0,1,0,0,0,0,1,"13,2842139","52,50805929"
35559,114168,Berlin,7,2021,6,8,3,3,0,2,0,0,1,0,0,0,0,0,"13,37640448","52,43083057"
35560,114164,Berlin,7,2021,5,13,3,3,2,6,0,0,1,0,0,0,0,1,"13,35945452","52,48938306"
35561,114163,Berlin,3,2021,8,17,2,3,6,7,0,0,1,1,0,0,0,0,"13,41406144","52,55052077"
35562,114159,Berlin,3,2021,7,10,6,3,4,6,0,1,0,0,0,0,0,1,"13,41248793","52,54494468"
35563,114157,Berlin,7,2021,10,16,2,3,5,2,0,1,0,0,0,1,0,0,"13,36192595","52,41365089"
35564,114156,Berlin,10,2021,11,9,2,3,5,7,0,0,1,0,0,0,0,1,"13,55676734","52,56073603"
35565,114152,Berlin,4,2021,4,8,3,3,2,6,0,0,1,0,0,0,0,0,"13,29026701","52,5334535"
35566,114149,Berlin,3,2021,3,10,7,3,3,6,0,1,0,0,0,0,0,1,"13,44032778","52,54223456"
35567,114148,Berlin,1,2021,6,21,4,3,5,2,0,0,1,0,1,0,0,0,"13,40906113","52,51710424"
35568,114146,Berlin,3,2021,11,7,2,3,5,3,0,1,1,0,0,0,0,0,"13,40278764","52,5931591"
35569,114145,Berlin,3,2021,12,15,5,3,2,6,0,0,1,0,0,0,1,1,"13,43122327","52,5832086"
35570,114144,Berlin,4,2021,7,11,7,3,2,6,0,0,1,0,0,0,0,0,"13,2891929","52,53325019"
35571,114143,Berlin,12,2021,9,12,4,3,1,5,0,0,1,0,0,0,0,0,"13,3023591","52,64238688"
35572,114139,Berlin,2,2021,2,16,6,3,5,3,0,0,1,0,1,0,0,0,"13,44752607","52,52627881"
35573,114136,Berlin,12,2021,7,15,6,2,5,2,0,1,1,0,0,0,0,0,"13,33023589","52,60151812"
35574,114134,Berlin,4,2021,9,15,4,3,3,6,0,0,1,0,1,0,0,0,"13,28335256","52,50836213"
35575,114133,Berlin,3,2021,10,5,1,3,1,5,2,0,1,0,0,0,0,0,"13,39931837","52,57454582"
35576,114132,Berlin,2,2021,8,7,2,3,5,2,0,0,1,0,1,0,0,1,"13,4279263","52,5189163"
35577,114127,Berlin,4,2021,7,13,6,3,2,6,0,0,1,0,0,0,0,0,"13,28494176","52,50913759"
35578,114126,Berlin,6,2021,10,18,6,3,3,6,1,0,1,0,0,0,0,1,"13,2712888","52,43820903"
35579,114125,Berlin,2,2021,12,20,6,3,1,1,2,0,1,0,0,0,1,0,"13,45370483","52,5172784"
35580,114124,Berlin,9,2021,5,8,2,3,2,6,0,0,1,0,0,0,1,0,"13,46499367","52,48674254"
35581,114121,Berlin,2,2021,1,12,4,3,5,2,0,1,1,0,0,0,0,0,"13,45146841","52,50949301"
35582,114117,Berlin,6,2021,6,16,5,3,3,6,0,0,1,0,0,0,0,0,"13,19940052","52,42177124"
35583,114113,Berlin,1,2021,5,16,6,3,2,6,0,0,1,0,0,0,0,0,"13,3634008","52,53593132"
35584,114112,Berlin,7,2021,8,19,6,3,0,2,0,1,1,0,0,0,0,1,"13,35000329","52,48117901"
35585,114110,Berlin,2,2021,9,12,3,3,2,6,0,0,1,0,0,0,1,0,"13,37268924","52,50410291"
35586,114109,Berlin,7,2021,3,8,5,3,3,2,0,0,1,0,0,1,0,0,"13,38576099","52,47004903"
35587,114105,Berlin,4,2021,7,16,3,3,2,6,0,0,1,0,0,0,1,0,"13,28537966","52,51361912"
35588,114103,Berlin,1,2021,9,21,5,3,3,6,2,0,1,0,1,0,0,0,"13,42000964","52,5250109"
35589,114102,Berlin,5,2021,11,8,6,3,2,6,0,0,1,0,0,0,0,1,"13,17956405","52,51655187"
35590,114101,Berlin,12,2021,8,7,3,3,5,2,1,1,1,0,0,0,0,1,"13,34663812","52,57934099"
35591,114098,Berlin,3,2021,4,14,4,3,5,3,0,0,1,0,0,0,0,0,"13,44334217","52,61541936"
35592,114095,Berlin,1,2021,3,16,3,3,2,6,0,1,0,0,0,0,0,0,"13,40906572","52,51710822"
35593,114094,Berlin,6,2021,10,19,2,3,3,6,2,1,1,0,0,0,0,0,"13,21205373","52,4269221"
35594,114093,Berlin,7,2021,12,16,7,3,2,6,1,0,1,0,0,1,0,0,"13,3551274","52,47345193"
35595,114092,Berlin,8,2021,9,16,4,3,2,6,1,0,1,0,0,0,0,1,"13,44620511","52,46311984"
35596,114090,Berlin,3,2021,2,16,3,2,5,3,1,1,1,0,0,0,0,1,"13,43375313","52,53699418"
35597,114086,Berlin,4,2021,6,12,7,3,0,1,0,0,0,0,1,0,0,0,"13,32010373","52,51257028"
35598,114082,Berlin,7,2021,5,18,5,3,0,6,0,0,1,0,1,0,0,1,"13,39506321","52,4671219"
35599,114081,Berlin,1,2021,8,17,4,3,0,7,0,1,0,0,0,0,0,1,"13,36548452","52,55807366"
35600,114077,Berlin,3,2021,7,8,5,3,0,1,0,1,0,0,0,0,0,0,"13,39821612","52,57132352"
35601,114073,Berlin,4,2021,7,10,3,3,2,6,0,0,1,0,1,0,0,0,"13,24169168","52,50749368"
35602,114071,Berlin,7,2021,10,13,3,3,2,6,0,0,1,0,1,0,0,1,"13,35031327","52,48088001"
35603,114070,Berlin,4,2021,11,12,3,3,0,7,0,1,0,0,0,0,0,1,"13,26940603","52,50918961"
35604,114069,Berlin,4,2021,9,12,6,3,0,5,0,0,1,0,0,0,1,0,"13,29826568","52,51113712"
35605,114066,Berlin,3,2021,4,18,6,3,5,2,0,1,1,0,0,0,0,0,"13,40329382","52,5693743"
35606,114063,Berlin,3,2021,4,14,6,3,0,1,0,1,0,0,0,0,0,0,"13,39864471","52,57585475"
35607,114062,Berlin,3,2021,10,8,4,3,5,3,0,1,0,0,0,0,0,0,"13,42375707","52,52835429"
35608,114061,Berlin,12,2021,12,13,5,3,1,7,0,0,1,0,0,0,0,0,"13,36353408","52,56512859"
35609,114060,Berlin,7,2021,8,13,3,3,2,6,0,0,1,0,0,0,0,0,"13,37559218","52,42910055"
35610,114057,Berlin,4,2021,3,9,2,3,2,6,0,0,1,0,0,0,0,0,"13,28148841","52,5029298"
35611,114054,Berlin,4,2021,6,8,3,3,3,6,0,0,1,0,0,0,0,0,"13,31127631","52,51179663"
35612,114051,Berlin,3,2021,4,18,6,3,6,4,0,1,0,1,0,0,0,0,"13,41249604","52,54321913"
35613,114050,Berlin,7,2021,8,10,7,2,3,6,0,0,1,0,1,0,0,0,"13,39790797","52,41996944"
35614,114046,Berlin,10,2021,7,8,3,3,5,7,0,0,1,0,0,1,0,0,"13,57589679","52,50518493"
35615,114044,Berlin,3,2021,10,9,4,3,5,2,0,1,1,0,0,0,0,0,"13,43519232","52,53532094"
35616,114043,Berlin,1,2021,11,17,2,3,6,2,2,0,1,1,0,0,0,1,"13,3687787","52,54116038"
35617,114041,Berlin,7,2021,5,7,5,3,2,6,0,0,1,0,0,0,0,0,"13,41866176","52,46097357"
35618,114038,Berlin,1,2021,1,6,2,3,5,2,2,0,1,0,0,0,0,1,"13,37671327","52,50959471"
35619,114035,Berlin,7,2021,4,21,7,2,0,1,2,1,0,0,0,0,0,0,"13,38349088","52,43954424"
35620,114034,Berlin,1,2021,6,18,4,3,2,6,0,0,1,0,0,0,1,0,"13,37012224","52,53975283"
35621,114030,Berlin,3,2021,5,20,3,3,2,2,1,1,1,0,0,0,0,0,"13,42858271","52,53758416"
35622,114029,Berlin,7,2021,8,18,7,3,2,6,0,0,1,0,0,0,0,0,"13,38440145","52,45365215"
35623,114027,Berlin,1,2021,9,13,7,3,0,1,0,0,0,0,0,0,1,0,"13,39195597","52,51706851"
35624,114025,Berlin,4,2021,3,15,3,3,2,6,0,0,1,0,0,0,0,0,"13,27409546","52,49920874"
35625,114022,Berlin,1,2021,7,23,6,2,5,2,2,0,0,0,0,0,1,0,"13,40483908","52,52015145"
35626,114020,Berlin,3,2021,9,16,5,2,3,6,0,1,0,0,0,0,0,0,"13,4141774","52,55111594"
35627,114019,Berlin,10,2021,11,14,3,3,5,3,0,0,1,0,1,0,0,0,"13,54248611","52,54372428"
35628,114018,Berlin,4,2021,10,8,6,3,5,3,0,0,1,0,0,1,0,0,"13,27148054","52,50912012"
35629,114017,Berlin,4,2021,12,16,4,3,2,6,2,0,1,0,0,0,0,0,"13,24424453","52,47563694"
35630,114016,Berlin,1,2021,9,15,6,3,2,6,0,0,1,0,0,0,0,0,"13,36867653","52,54915714"
35631,114014,Berlin,2,2021,2,13,5,3,5,3,0,1,1,0,0,0,0,0,"13,46724092","52,51438928"
35632,114011,Berlin,2,2021,6,10,3,3,3,6,0,1,1,0,0,0,0,0,"13,37729539","52,50151548"
35633,114008,Berlin,11,2021,5,8,3,3,2,2,0,0,1,0,0,0,0,0,"13,48339508","52,57733478"
35634,114007,Berlin,4,2021,8,12,2,3,2,6,0,0,1,0,0,0,1,0,"13,30117824","52,48705576"
35635,114003,Berlin,6,2021,7,13,6,3,2,6,0,0,1,0,0,0,0,0,"13,32792044","52,46034174"
35636,114001,Berlin,12,2021,10,10,7,2,2,6,0,0,1,0,1,0,0,0,"13,29815023","52,57765295"
35637,114000,Berlin,2,2021,11,16,6,3,2,7,1,1,1,0,0,0,0,0,"13,38605548","52,48596612"
35638,113996,Berlin,7,2021,1,15,4,3,5,3,0,0,1,0,0,0,0,1,"13,35412511","52,47902569"
35639,113993,Berlin,7,2021,4,16,6,3,2,6,0,0,1,0,0,0,0,0,"13,35758621","52,47386353"
35640,113992,Berlin,7,2021,6,17,3,3,0,7,0,1,0,0,0,0,0,0,"13,39118019","52,432474"
35641,113990,Berlin,1,2021,12,13,4,3,2,6,0,0,1,0,0,0,0,1,"13,36561915","52,55623369"
35642,113989,Berlin,7,2021,5,13,1,3,8,1,0,0,1,0,0,0,0,1,"13,37071737","52,47085837"
35643,113988,Berlin,2,2021,6,12,3,3,5,3,0,1,1,0,0,0,0,0,"13,37474723","52,50244806"
35644,113987,Berlin,7,2021,8,7,3,3,0,2,0,1,1,0,0,0,0,0,"13,34828776","52,48184447"
35645,113986,Berlin,7,2021,9,10,6,3,2,6,0,0,1,0,0,0,0,0,"13,38461677","52,45140156"
35646,113982,Berlin,1,2021,3,18,2,3,0,2,1,1,1,0,0,0,0,0,"13,36990544","52,54180916"
35647,113979,Berlin,4,2021,6,7,4,3,3,6,0,0,1,0,1,0,0,1,"13,28792857","52,53286488"
35648,113977,Berlin,4,2021,9,20,7,3,3,6,2,0,1,0,0,1,0,0,"13,29791999","52,54452017"
35649,113976,Berlin,7,2021,11,6,3,2,6,4,2,0,1,1,0,0,0,1,"13,36602477","52,41682539"
35650,113975,Berlin,2,2021,8,20,4,3,5,2,2,1,1,0,0,0,0,1,"13,38926747","52,49747582"
35651,113970,Berlin,1,2021,7,19,4,3,0,3,0,1,0,0,1,0,0,0,"13,39387449","52,51726376"
35652,113969,Berlin,11,2021,10,5,5,3,2,1,2,0,1,0,0,1,0,1,"13,48338311","52,5773747"
35653,113968,Berlin,4,2021,12,7,7,3,3,6,0,0,1,0,0,0,0,1,"13,32110354","52,53720694"
35654,113967,Berlin,7,2021,5,16,7,3,3,6,2,0,1,0,0,0,0,0,"13,4194193","52,46101338"
35655,113964,Berlin,11,2021,1,11,4,3,2,2,0,1,1,0,0,0,0,1,"13,47746852","52,51351122"
35656,113960,Berlin,11,2021,6,15,5,3,5,3,0,1,1,0,0,0,0,0,"13,52397394","52,50997868"
35657,113956,Berlin,4,2021,5,9,2,3,2,6,0,0,1,0,0,0,0,0,"13,26167137","52,50871161"
35658,113955,Berlin,4,2021,6,23,5,3,3,6,2,0,1,0,0,0,0,0,"13,29542272","52,51094915"
35659,113954,Berlin,7,2021,8,6,3,3,5,2,0,0,1,0,0,0,0,0,"13,38574085","52,46946372"
35660,113952,Berlin,4,2021,9,15,2,2,2,6,0,0,1,0,1,0,0,0,"13,28123397","52,49877575"
35661,113950,Berlin,7,2021,3,10,5,3,3,6,0,0,1,0,0,1,1,0,"13,37957311","52,4367252"
35662,113946,Berlin,4,2021,7,14,6,3,4,6,0,0,1,0,0,0,0,0,"13,22213978","52,50795806"
35663,113944,Berlin,2,2021,9,17,5,3,5,2,1,1,1,0,0,0,0,1,"13,4537751","52,51572177"
35664,113943,Berlin,2,2021,11,3,1,3,3,6,2,0,1,0,1,0,0,0,"13,45373225","52,51555747"
35665,113942,Berlin,12,2021,8,15,1,2,5,3,0,0,1,0,0,0,0,0,"13,34765214","52,57445301"
35666,113939,Berlin,1,2021,4,9,5,3,5,2,0,1,0,0,0,0,1,0,"13,36857367","52,54121646"
35667,113936,Berlin,9,2021,3,11,5,3,2,6,0,0,0,0,0,1,0,0,"13,50468112","52,43060801"
35668,113935,Berlin,1,2021,10,21,3,2,5,2,2,1,1,0,0,0,0,1,"13,38738301","52,51020533"
35669,113934,Berlin,3,2021,12,10,2,3,1,5,0,1,1,0,0,0,0,1,"13,44529153","52,54592345"
35670,113933,Berlin,3,2021,9,17,6,3,5,2,0,1,1,0,0,0,0,0,"13,43337001","52,53619615"
35671,113931,Berlin,2,2021,2,16,7,3,0,2,2,0,1,0,0,0,1,1,"13,42167715","52,5264068"
35672,113927,Berlin,9,2021,6,13,7,3,2,3,0,1,1,0,0,0,0,0,"13,49816981","52,4643193"
35673,113922,Berlin,4,2021,5,15,2,3,0,1,0,0,0,0,1,0,0,0,"13,28152833","52,52263218"
35674,113921,Berlin,4,2021,5,19,1,3,2,6,0,0,1,0,0,0,0,0,"13,28052282","52,49969308"
35675,113920,Berlin,9,2021,8,3,1,3,5,3,2,0,1,0,0,0,1,0,"13,45781426","52,49161541"
35676,113916,Berlin,1,2021,7,17,4,3,2,6,0,0,1,0,0,0,0,0,"13,38255087","52,50990357"
35677,113913,Berlin,1,2021,7,22,7,3,5,3,2,0,1,0,1,0,0,0,"13,37213533","52,50507831"
35678,113911,Berlin,9,2021,10,22,2,3,3,6,2,0,1,0,0,0,0,0,"13,45973473","52,45680927"
35679,113910,Berlin,3,2021,11,18,5,3,5,3,2,0,1,0,0,1,0,1,"13,43479936","52,63825378"
35680,113908,Berlin,12,2021,9,19,7,3,6,4,1,0,1,1,0,0,0,0,"13,34403949","52,58271477"
35681,113905,Berlin,7,2021,4,17,2,3,2,6,0,0,1,0,0,0,1,0,"13,36680398","52,47235478"
35682,113902,Berlin,3,2021,3,20,3,3,3,6,2,0,1,0,1,0,0,0,"13,42973401","52,54988759"
35683,113901,Berlin,3,2021,7,18,5,3,0,2,0,0,1,0,1,0,0,0,"13,42628454","52,53835491"
35684,113899,Berlin,7,2021,10,15,7,3,2,6,0,0,1,0,0,0,0,0,"13,37969474","52,43688081"
35685,113898,Berlin,10,2021,12,15,1,3,5,2,1,0,1,0,0,0,0,2,"13,59868752","52,50487908"
35686,113897,Berlin,10,2021,8,16,5,3,2,6,0,0,1,0,0,0,0,0,"13,54904507","52,55178719"
35687,113894,Berlin,7,2021,2,14,7,3,3,6,0,0,1,0,0,0,1,0,"13,35526391","52,48572175"
35688,113891,Berlin,7,2021,6,14,3,2,5,2,0,1,0,0,0,1,0,0,"13,38057827","52,43790126"
35689,113889,Berlin,2,2021,9,8,6,3,6,4,0,1,0,1,0,0,0,0,"13,45296662","52,51803382"
35690,113888,Berlin,4,2021,5,12,3,3,3,6,0,0,1,0,0,1,0,0,"13,26275116","52,49099735"
35691,113887,Berlin,3,2021,8,17,3,3,6,4,0,0,1,1,0,0,0,0,"13,41196893","52,54107324"
35692,113883,Berlin,4,2021,7,13,1,2,5,2,0,0,1,0,1,0,0,0,"13,26002937","52,50862164"
35693,113881,Berlin,2,2021,10,19,4,3,2,6,1,0,1,0,0,0,0,0,"13,4739491","52,51371351"
35694,113880,Berlin,2,2021,11,16,4,3,2,6,1,0,1,0,0,0,1,1,"13,45144259","52,51599028"
35695,113878,Berlin,11,2021,5,10,7,2,0,2,0,1,1,0,0,0,0,0,"13,48292472","52,5810402"
35696,113875,Berlin,12,2021,1,17,4,3,2,6,2,0,1,0,0,0,0,1,"13,35937835","52,57326443"
35697,113871,Berlin,3,2021,4,23,1,3,5,2,2,1,1,0,0,0,0,0,"13,44221364","52,53125006"
35698,113870,Berlin,3,2021,6,13,4,3,3,6,0,1,1,0,0,0,0,0,"13,42369884","52,52830346"
35699,113867,Berlin,7,2021,12,20,2,3,3,6,2,0,1,0,0,0,0,1,"13,37344559","52,47049787"
35700,113866,Berlin,3,2021,5,6,6,1,5,2,0,1,0,0,0,1,0,1,"13,4237121","52,52831503"
35701,113865,Berlin,6,2021,8,17,6,3,3,6,0,1,1,0,0,0,0,0,"13,15576321","52,41917968"
35702,113863,Berlin,1,2021,9,10,4,3,3,6,0,0,1,0,1,0,0,0,"13,41235235","52,51905376"
35703,113861,Berlin,5,2021,3,18,6,3,1,6,1,0,1,0,1,0,1,0,"13,17681416","52,51524595"
35704,113858,Berlin,11,2021,6,14,2,3,2,6,0,1,0,0,0,0,1,0,"13,47723628","52,51338847"
35705,113856,Berlin,3,2021,9,0,3,3,1,7,2,0,0,0,0,0,1,0,"13,42092254","52,53979834"
35706,113855,Berlin,9,2021,11,9,2,3,5,2,0,1,1,0,0,0,0,1,"13,49304428","52,46785689"
35707,113854,Berlin,5,2021,8,13,7,3,2,6,0,0,1,0,0,0,0,0,"13,12855526","52,47985216"
35708,113850,Berlin,4,2021,7,17,5,3,3,6,0,1,1,0,0,0,0,0,"13,32291539","52,51241525"
35709,113849,Berlin,1,2021,10,3,1,3,1,5,2,0,1,0,0,0,1,0,"13,34332373","52,51411115"
35710,113848,Berlin,7,2021,12,13,5,3,0,1,0,0,1,0,0,0,0,0,"13,34740521","52,47249805"
35711,113845,Berlin,10,2021,1,16,3,3,3,6,1,0,1,0,0,0,0,1,"13,61426306","52,50476281"
35712,113841,Berlin,3,2021,6,7,2,2,5,2,0,1,1,0,0,0,0,0,"13,44500308","52,54553283"
35713,113837,Berlin,4,2021,5,5,2,3,3,1,0,0,1,0,1,0,0,1,"13,30450984","52,4847583"
35714,113836,Berlin,6,2021,6,12,6,3,5,3,0,0,1,0,1,0,0,0,"13,32787965","52,46059003"
35715,113835,Berlin,7,2021,8,13,4,3,2,6,0,0,1,0,0,0,0,0,"13,36490119","52,47306026"
35716,113828,Berlin,6,2021,7,14,2,3,2,6,0,0,1,0,0,0,0,1,"13,19491077","52,43610912"
35717,113826,Berlin,12,2021,10,7,7,3,2,6,0,0,1,0,0,0,0,0,"13,34146688","52,58608152"
35718,113825,Berlin,3,2021,11,16,3,3,8,1,2,0,1,0,0,0,0,0,"13,49230175","52,62280342"
35719,113824,Berlin,3,2021,9,19,1,3,6,7,2,0,0,1,0,0,1,0,"13,41233059","52,5411986"
35720,113821,Berlin,1,2021,4,15,3,3,5,3,0,0,1,0,0,0,0,0,"13,36549833","52,55798677"
35721,113818,Berlin,2,2021,3,11,7,3,5,3,0,0,1,0,0,0,0,0,"13,45422977","52,51578791"
35722,113817,Berlin,2,2021,10,18,6,3,0,6,1,0,1,0,1,0,0,1,"13,38931051","52,49730265"
35723,113816,Berlin,3,2021,12,20,5,3,6,4,2,0,1,1,0,0,0,0,"13,42882165","52,537502"
35724,113815,Berlin,7,2021,9,4,3,3,5,2,2,0,1,0,1,0,0,0,"13,38575927","52,47002761"
35725,113814,Berlin,9,2021,8,15,2,2,5,3,0,1,1,0,0,0,0,0,"13,45783338","52,4916027"
35726,113809,Berlin,3,2021,7,11,5,3,6,7,0,0,0,1,0,0,1,0,"13,45096878","52,54839302"
35727,113808,Berlin,3,2021,10,11,3,3,3,6,0,0,1,0,0,0,0,1,"13,42918414","52,57317104"
35728,113807,Berlin,11,2021,12,16,2,3,6,4,1,0,1,1,0,0,0,0,"13,52522501","52,51012491"
35729,113804,Berlin,7,2021,1,17,2,3,0,4,2,0,1,1,0,0,0,0,"13,36179668","52,41365677"
35730,113800,Berlin,4,2021,6,8,2,3,2,6,0,0,1,0,0,0,1,0,"13,2280433","52,50680375"
35731,113796,Berlin,3,2021,5,14,6,3,2,6,0,0,1,0,1,0,0,0,"13,42708873","52,5308794"
35732,113795,Berlin,4,2021,6,13,6,3,8,1,0,0,0,0,0,1,0,0,"13,2970785","52,54302014"
35733,113794,Berlin,10,2021,8,15,4,3,3,6,0,0,1,0,1,0,0,0,"13,58077169","52,50508284"
35734,113788,Berlin,12,2021,7,11,7,2,2,6,0,0,1,0,0,0,0,0,"13,30822137","52,55652214"
35735,113786,Berlin,10,2021,10,14,6,3,5,2,0,1,0,0,0,0,1,0,"13,55293543","52,50906635"
35736,113785,Berlin,2,2021,11,11,1,3,3,6,0,0,1,0,0,0,0,0,"13,38851321","52,4977015"
35737,113784,Berlin,1,2021,8,16,5,3,5,3,0,0,0,0,1,0,1,0,"13,36525874","52,55807933"
35738,113781,Berlin,4,2021,4,15,7,3,6,7,0,0,1,1,0,0,0,0,"13,27540327","52,5096895"
35739,113778,Berlin,4,2021,3,15,5,2,0,1,0,0,0,0,1,0,0,0,"13,28249478","52,49756891"
35740,113777,Berlin,4,2021,10,16,4,3,2,6,0,0,1,0,0,0,0,0,"13,3024755","52,48609514"
35741,113776,Berlin,7,2021,12,16,5,3,2,6,1,0,1,0,0,0,1,1,"13,35137406","52,48042716"
35742,113775,Berlin,3,2021,9,20,2,2,1,7,2,0,1,0,0,0,0,0,"13,41196419","52,55995105"
35743,113773,Berlin,7,2021,2,10,4,3,1,5,0,0,0,0,0,0,1,1,"13,3838127","52,45679628"
35744,113769,Berlin,9,2021,6,9,3,3,2,6,0,0,1,0,0,0,0,0,"13,49539089","52,43520839"
35745,113764,Berlin,6,2021,5,11,2,3,5,3,0,0,1,0,0,0,1,0,"13,24232108","52,43362144"
35746,113763,Berlin,3,2021,8,7,4,3,3,6,0,1,0,0,0,0,0,0,"13,43823296","52,5408515"
35747,113759,Berlin,3,2021,7,21,1,3,0,1,2,0,0,0,1,0,0,1,"13,45996794","52,55024357"
35748,113756,Berlin,1,2021,7,11,2,2,6,4,0,0,1,1,0,0,0,0,"13,36836301","52,50633564"
35749,113754,Berlin,2,2021,10,19,2,2,1,1,2,0,1,0,0,0,0,0,"13,3862423","52,48859903"
35750,113753,Berlin,1,2021,11,13,7,2,6,4,0,1,0,1,0,0,0,0,"13,36770602","52,51569519"
35751,113751,Berlin,4,2021,9,16,6,3,0,5,0,0,1,0,0,0,1,0,"13,30246233","52,51141245"
35752,113748,Berlin,3,2021,4,8,6,3,5,7,0,0,1,0,0,0,1,0,"13,46246906","52,55090024"
35753,113745,Berlin,7,2021,3,16,3,3,2,6,0,0,1,0,0,1,0,0,"13,36278717","52,41368886"
35754,113744,Berlin,1,2021,7,14,3,3,2,6,0,0,1,0,0,0,1,0,"13,36878515","52,54897497"
35755,113742,Berlin,7,2021,10,18,6,2,5,2,2,1,1,0,0,0,0,1,"13,39264889","52,42988274"
35756,113741,Berlin,11,2021,12,9,7,3,2,6,0,0,1,0,0,0,0,2,"13,50520915","52,51072501"
35757,113740,Berlin,3,2021,5,19,2,1,9,7,0,0,0,0,1,0,0,0,"13,39441799","52,61497212"
35758,113739,Berlin,12,2021,8,14,1,3,5,2,0,0,1,0,0,0,1,0,"13,36335937","52,56545526"
35759,113738,Berlin,2,2021,9,18,5,3,0,1,0,1,0,0,0,0,0,0,"13,45421809","52,51583651"
35760,113735,Berlin,11,2021,3,8,4,3,5,2,0,1,1,0,0,0,0,0,"13,47745587","52,51351245"