,id,city,district,year,month,hour,weekday,injury_level,collision,movement,light_conditions,bicycle,car,pedestrian,motorbike,truck,other_vehicle,road_conditions,longitude,latitude
36232,112682,Berlin,7,2021,8,6,4,3,1,5,0,0,1,0,0,0,1,0,"13,39081485","52,43246494"
36233,112678,Berlin,1,2021,7,17,6,2,6,4,0,0,1,1,0,0,0,0,"13,34305996","52,51395511"
36234,112674,Berlin,3,2021,7,12,6,3,0,1,0,1,0,0,0,0,0,0,"13,42345838","52,52812226"
36235,112672,Berlin,7,2021,10,19,3,3,3,6,2,0,1,0,0,0,1,1,"13,38638916","52,44305573"
36236,112671,Berlin,3,2021,11,20,3,3,3,6,2,0,1,0,0,0,0,1,"13,44789755","52,54706378"
36237,112670,Berlin,6,2021,9,18,5,2,8,1,0,0,1,0,0,0,0,0,"13,21306931","52,42715711"
36238,112667,Berlin,4,2021,4,15,7,3,5,2,0,1,0,0,0,0,0,0,"13,24984365","52,50799966"
36239,112664,Berlin,3,2021,4,15,6,2,5,2,0,0,1,0,0,0,0,0,"13,44489539","52,54548341"
36240,112663,Berlin,7,2021,10,20,3,3,2,6,2,0,1,0,0,0,0,0,"13,38599291","52,48049173"
36241,112662,Berlin,4,2021,12,7,6,3,3,6,2,0,1,0,0,0,0,1,"13,28215135","52,49783108"
36242,112661,Berlin,4,2021,8,13,2,2,0,1,0,0,0,0,1,0,0,0,"13,28272412","52,52823738"
36243,112658,Berlin,7,2021,2,9,4,3,2,6,0,0,1,0,0,0,0,0,"13,34838482","52,48173303"
36244,112655,Berlin,1,2021,6,13,3,3,2,7,0,0,1,0,1,0,0,0,"13,4067335","52,51470582"
36245,112652,Berlin,1,2021,5,9,3,3,2,6,0,0,1,0,0,0,0,0,"13,40153138","52,5114355"
36246,112651,Berlin,4,2021,8,13,2,3,6,7,0,1,0,1,0,0,0,0,"13,31209963","52,5120425"
36247,112647,Berlin,2,2021,7,6,4,3,3,6,0,0,1,0,0,0,0,0,"13,38062451","52,49923671"
36248,112645,Berlin,3,2021,10,17,5,3,3,6,0,1,0,0,0,0,0,0,"13,42533456","52,53896051"
36249,112644,Berlin,4,2021,11,17,5,3,3,6,2,0,1,0,0,1,0,1,"13,28087877","52,49954267"
36250,112642,Berlin,4,2021,5,15,1,3,2,6,0,0,1,0,0,0,0,1,"13,25002692","52,50801096"
36251,112639,Berlin,2,2021,1,12,4,3,3,6,0,0,1,0,0,1,0,0,"13,38846794","52,4938736"
36252,112636,Berlin,7,2021,4,1,1,3,5,2,2,0,1,0,0,0,0,1,"13,38761144","52,4389981"
36253,112635,Berlin,10,2021,6,17,4,3,5,2,0,1,1,0,0,0,0,0,"13,62072288","52,50419424"
36254,112631,Berlin,12,2021,5,11,3,3,2,6,0,0,1,0,0,0,0,0,"13,36482456","52,56155023"
36255,112630,Berlin,8,2021,8,14,6,3,2,6,0,0,1,0,0,0,0,0,"13,45576256","52,46176499"
36256,112628,Berlin,7,2021,9,16,6,3,0,1,0,0,1,0,0,0,0,1,"13,38348592","52,46962055"
36257,112626,Berlin,7,2021,3,12,4,2,6,7,0,0,0,1,0,0,1,0,"13,38590447","52,44539838"
36258,112623,Berlin,3,2021,7,20,6,2,0,2,0,1,1,0,0,0,0,0,"13,41429792","52,55582286"
36259,112621,Berlin,3,2021,9,14,4,3,3,6,0,0,1,0,0,1,0,0,"13,4908827","52,62318045"
36260,112620,Berlin,6,2021,11,8,2,3,5,3,0,0,1,0,0,0,0,0,"13,20231835","52,42307542"
36261,112619,Berlin,1,2021,8,1,1,3,2,6,2,1,1,0,0,0,0,0,"13,41859718","52,52375814"
36262,112614,Berlin,1,2021,7,14,7,3,5,2,0,1,1,0,0,0,0,0,"13,3647686","52,50201693"
36263,112613,Berlin,2,2021,10,19,4,3,5,2,2,1,1,0,0,0,0,0,"13,38039635","52,49926826"
36264,112612,Berlin,7,2021,12,8,6,3,0,1,1,0,0,0,1,0,0,1,"13,33863494","52,4785543"
36265,112609,Berlin,7,2021,1,11,3,3,5,2,0,0,1,0,0,0,0,0,"13,40690173","52,39264089"
36266,112605,Berlin,7,2021,6,16,6,3,2,6,0,0,1,0,0,1,0,0,"13,36497445","52,47302675"
36267,112601,Berlin,1,2021,5,10,3,3,5,3,0,0,1,0,0,0,1,0,"13,37210078","52,50510688"
36268,112600,Berlin,12,2021,6,12,6,3,2,6,0,0,1,0,0,0,0,0,"13,34147364","52,5860729"
36269,112599,Berlin,4,2021,8,14,4,3,2,6,0,0,1,0,0,0,0,0,"13,3006028","52,48748071"
36270,112593,Berlin,9,2021,7,6,2,2,2,2,0,1,0,0,0,1,0,0,"13,45778571","52,49163438"
36271,112591,Berlin,1,2021,10,12,6,1,5,2,0,1,0,0,0,1,0,0,"13,36995823","52,5419561"
36272,112590,Berlin,4,2021,11,7,5,3,3,6,0,0,1,0,0,1,0,0,"13,28499402","52,51061356"
36273,112589,Berlin,10,2021,12,17,4,2,6,4,2,0,1,1,0,0,0,1,"13,53689003","52,53197917"
36274,112588,Berlin,12,2021,5,15,1,3,5,3,0,0,1,0,0,0,0,0,"13,34765205","52,5744516"
36275,112587,Berlin,3,2021,8,16,3,3,5,2,0,1,1,0,0,0,0,0,"13,43970075","52,54169143"
36276,112586,Berlin,3,2021,9,10,5,3,4,6,0,1,0,0,0,0,1,0,"13,41249553","52,5449713"
36277,112582,Berlin,1,2021,2,6,3,3,5,2,0,1,0,0,0,0,1,0,"13,41677418","52,52209133"
36278,112579,Berlin,6,2021,6,17,1,2,1,5,0,0,1,0,1,0,0,0,"13,10182059","52,4138131"
36279,112577,Berlin,3,2021,9,19,4,3,5,2,2,1,1,0,0,0,0,0,"13,43307235","52,53604088"
36280,112576,Berlin,2,2021,11,9,3,3,2,2,0,0,1,0,0,0,0,1,"13,45419019","52,51559552"
36281,112575,Berlin,6,2021,8,16,4,3,4,6,0,0,1,0,0,0,1,0,"13,30888289","52,45118132"
36282,112570,Berlin,7,2021,7,22,3,3,5,3,2,0,1,0,0,0,0,0,"13,38551458","52,47010245"
36283,112569,Berlin,1,2021,10,8,7,3,2,6,0,0,1,0,0,0,1,1,"13,41608736","52,52213158"
36284,112568,Berlin,3,2021,12,16,2,3,5,2,2,1,1,0,0,0,0,0,"13,42399761","52,52824209"
36285,112567,Berlin,7,2021,5,11,2,3,5,2,0,1,0,0,0,0,1,0,"13,37588873","52,4297301"
36286,112563,Berlin,4,2021,1,11,5,3,5,3,0,0,1,0,0,0,0,0,"13,29058684","52,4938056"
36287,112559,Berlin,7,2021,6,6,5,3,2,6,0,0,1,0,0,0,0,0,"13,39538029","52,46714396"
36288,112555,Berlin,4,2021,5,20,2,3,3,6,2,0,1,0,0,1,0,1,"13,27362675","52,49954795"
36289,112554,Berlin,12,2021,8,15,6,3,3,6,0,0,1,0,0,0,0,0,"13,30201808","52,54967053"
36290,112552,Berlin,11,2021,9,5,4,2,3,6,2,0,1,0,1,0,0,0,"13,48790172","52,51245096"
36291,112551,Berlin,3,2021,3,16,3,3,5,2,0,0,0,0,1,0,1,0,"13,4295279","52,53295488"
36292,112547,Berlin,12,2021,7,15,6,3,2,1,0,0,1,0,0,0,0,1,"13,32374253","52,60789923"
36293,112545,Berlin,4,2021,9,10,3,3,0,1,0,0,0,0,1,0,0,1,"13,29040958","52,510466"
36294,112544,Berlin,9,2021,11,17,4,3,4,6,2,1,0,0,0,0,0,0,"13,50208552","52,46188089"
36295,112543,Berlin,4,2021,8,16,6,3,2,6,0,0,1,0,0,0,0,0,"13,28116817","52,49886081"
36296,112540,Berlin,10,2021,4,12,4,3,2,6,0,0,1,0,0,0,0,0,"13,5506928","52,5094333"
36297,112537,Berlin,6,2021,3,14,4,3,3,6,0,0,1,0,0,0,1,0,"13,19905864","52,43938145"
36298,112536,Berlin,3,2021,10,18,4,3,5,2,2,1,0,0,0,0,1,0,"13,4333657","52,53619821"
36299,112535,Berlin,1,2021,12,20,7,3,2,2,2,0,1,0,0,0,0,0,"13,36979314","52,51582761"
36300,112534,Berlin,7,2021,9,21,6,3,0,6,2,0,1,0,0,0,1,0,"13,38561985","52,44606572"
36301,112532,Berlin,7,2021,2,9,4,3,2,6,0,0,1,0,0,0,0,1,"13,38737777","52,46989725"
36302,112528,Berlin,6,2021,6,8,5,3,5,2,0,0,1,0,0,1,0,0,"13,26941275","52,43762649"
36303,112524,Berlin,2,2021,5,17,1,3,2,6,0,0,1,0,0,0,0,1,"13,44830319","52,51630742"
36304,112523,Berlin,11,2021,5,15,6,3,5,3,0,1,1,0,0,0,0,1,"13,48409826","52,51270284"
36305,112522,Berlin,4,2021,8,7,6,3,2,6,0,1,0,0,0,0,0,0,"13,26128174","52,50868732"
36306,112518,Berlin,12,2021,7,15,3,3,1,5,0,0,1,0,0,0,0,0,"13,3638869","52,5648213"
36307,112514,Berlin,3,2021,7,17,7,3,0,1,0,1,0,0,0,0,0,0,"13,41464372","52,55603072"
36308,112512,Berlin,7,2021,10,7,2,3,6,4,0,0,1,1,0,0,0,0,"13,41676802","52,37781775"
36309,112511,Berlin,7,2021,11,19,2,3,0,6,2,0,1,0,0,0,1,0,"13,3854368","52,46387574"
36310,112509,Berlin,11,2021,9,16,6,3,5,2,0,0,1,0,1,0,0,0,"13,47704369","52,5134077"
36311,112506,Berlin,3,2021,4,11,2,3,2,2,0,0,1,0,0,0,0,0,"13,42421394","52,53929287"
36312,112503,Berlin,4,2021,3,11,3,3,5,3,0,1,1,0,0,0,0,0,"13,30750651","52,51174515"
36313,112502,Berlin,4,2021,7,14,5,3,6,7,0,0,1,0,0,0,1,0,"13,2972564","52,48991496"
36314,112500,Berlin,6,2021,10,14,7,3,6,7,0,1,0,1,0,0,0,0,"13,14366982","52,41783854"
36315,112499,Berlin,6,2021,12,19,7,3,0,6,2,0,1,0,1,0,0,2,"13,30298862","52,44922442"
36316,112498,Berlin,1,2021,8,19,4,3,2,6,0,1,1,0,0,0,0,0,"13,41236702","52,51906316"
36317,112495,Berlin,1,2021,3,15,3,3,5,3,0,1,0,0,1,0,0,0,"13,36528315","52,5579551"
36318,112492,Berlin,9,2021,6,16,2,3,4,6,0,1,0,0,0,0,0,0,"13,46200846","52,49516525"
36319,112490,Berlin,7,2021,9,14,5,3,5,3,0,0,1,0,0,0,0,0,"13,40629986","52,39756716"
36320,112489,Berlin,10,2021,5,16,3,3,5,3,0,1,1,0,0,0,0,0,"13,60627606","52,50495344"
36321,112488,Berlin,1,2021,8,16,3,3,1,5,0,0,1,0,1,0,0,0,"13,41716039","52,52296623"
36322,112484,Berlin,2,2021,7,9,3,3,2,3,0,1,0,0,0,0,0,0,"13,42764091","52,51891399"
36323,112482,Berlin,7,2021,10,14,4,3,5,2,0,1,1,0,0,0,0,0,"13,3845895","52,45261618"
36324,112481,Berlin,7,2021,11,8,2,3,5,2,0,1,1,0,0,0,0,1,"13,38578456","52,48102936"
36325,112479,Berlin,2,2021,5,14,7,3,0,1,0,0,1,0,1,0,0,0,"13,44927101","52,52371401"
36326,112476,Berlin,4,2021,1,14,3,3,2,6,0,0,1,0,0,0,1,0,"13,28422365","52,50944497"
36327,112472,Berlin,12,2021,4,17,1,3,3,6,0,0,1,0,0,1,0,0,"13,30537096","52,57229285"
36328,112471,Berlin,7,2021,6,11,4,3,2,6,0,0,1,0,0,0,1,0,"13,35873943","52,40840138"
36329,112467,Berlin,2,2021,5,15,5,3,5,3,0,0,1,0,0,0,0,1,"13,45423284","52,51577096"
36330,112466,Berlin,2,2021,8,17,6,2,5,2,0,1,0,0,0,0,1,1,"13,46009558","52,51511441"
36331,112464,Berlin,1,2021,9,19,3,3,2,6,1,0,1,0,0,0,0,0,"13,41678806","52,5221037"
36332,112462,Berlin,4,2021,3,18,3,3,6,4,2,1,0,1,0,0,0,0,"13,30531876","52,51159989"
36333,112459,Berlin,6,2021,6,2,1,3,1,5,2,0,1,0,0,0,1,0,"13,21333065","52,42700483"
36334,112457,Berlin,10,2021,9,13,2,3,0,1,0,1,0,0,0,0,0,0,"13,60981503","52,50479562"
36335,112456,Berlin,9,2021,11,14,4,3,6,4,0,0,0,1,1,0,0,0,"13,46078691","52,49390335"
36336,112455,Berlin,1,2021,8,7,3,3,0,2,0,1,0,0,0,0,1,1,"13,41984516","52,52540686"
36337,112451,Berlin,2,2021,7,13,7,2,5,2,0,0,1,0,0,0,0,0,"13,45423481","52,51569931"
36338,112450,Berlin,12,2021,10,8,3,3,5,3,0,1,1,0,0,0,0,1,"13,30178657","52,64295191"
36339,112449,Berlin,2,2021,12,21,4,2,6,2,2,0,1,1,0,0,0,0,"13,46735914","52,51452867"
36340,112446,Berlin,10,2021,1,4,3,3,5,3,2,0,1,0,0,0,1,2,"13,55830687","52,56291161"
36341,112442,Berlin,3,2021,6,1,1,3,0,1,2,0,0,0,0,0,1,0,"13,4386214","52,54077026"
36342,112438,Berlin,7,2021,5,10,4,3,2,6,0,0,1,0,0,0,0,0,"13,34934188","52,47520154"
36343,112437,Berlin,4,2021,8,16,7,3,0,7,0,0,1,0,0,0,1,0,"13,24435547","52,47550757"
36344,112431,Berlin,4,2021,7,15,7,3,6,4,0,1,0,1,0,0,0,0,"13,297513","52,51089788"
36345,112429,Berlin,12,2021,10,7,7,3,9,1,0,0,1,0,0,0,0,0,"13,33233188","52,59853235"
36346,112428,Berlin,7,2021,11,16,5,3,6,4,0,0,1,1,0,0,0,1,"13,38501819","52,45024897"
36347,112427,Berlin,5,2021,9,15,7,3,2,6,0,0,1,0,0,0,0,0,"13,18174917","52,51610233"
36348,112424,Berlin,1,2021,4,13,5,3,5,7,0,0,0,0,1,0,0,0,"13,40465139","52,51317304"
36349,112421,Berlin,7,2021,3,14,4,3,2,7,0,0,1,0,0,0,0,0,"13,37107945","52,47078981"
36350,112420,Berlin,3,2021,10,10,6,3,0,6,0,0,1,0,0,0,1,0,"13,42891996","52,54869279"
36351,112419,Berlin,6,2021,12,17,1,3,5,2,2,1,1,0,0,0,0,1,"13,15509963","52,41900278"
36352,112418,Berlin,10,2021,9,7,3,3,2,6,0,0,1,0,0,0,1,0,"13,55135659","52,50939248"
36353,112416,Berlin,11,2021,2,14,7,3,2,6,0,0,1,0,0,0,0,2,"13,48496596","52,51274845"
36354,112412,Berlin,3,2021,6,17,6,3,2,6,0,0,1,0,0,0,0,0,"13,43512908","52,58658314"
36355,112407,Berlin,4,2021,5,18,2,2,2,6,0,0,1,0,0,0,0,0,"13,28558502","52,49468594"
36356,112406,Berlin,6,2021,8,15,7,2,4,6,0,0,1,0,0,0,0,0,"13,09743214","52,41333744"
36357,112402,Berlin,2,2021,7,17,3,2,8,1,0,1,0,0,0,0,0,0,"13,45419302","52,51592195"
36358,112399,Berlin,10,2021,7,8,2,3,0,6,0,1,1,0,0,0,0,0,"13,54094269","52,5420696"
36359,112397,Berlin,3,2021,10,14,3,3,2,6,0,0,1,0,0,0,1,1,"13,43015188","52,58249872"
36360,112396,Berlin,1,2021,11,15,4,2,6,2,0,0,0,1,0,1,0,0,"13,36800827","52,50571215"
36361,112394,Berlin,4,2021,9,16,2,3,2,6,0,0,1,0,0,0,0,0,"13,26709419","52,49421147"
36362,112391,Berlin,2,2021,4,9,3,3,5,2,0,0,1,0,0,0,1,0,"13,47090462","52,5141723"
36363,112388,Berlin,3,2021,4,20,7,2,5,2,2,0,1,0,0,0,0,0,"13,44463587","52,54535949"
36364,112387,Berlin,9,2021,7,15,2,3,2,6,0,0,1,0,1,0,0,0,"13,46062598","52,49377817"
36365,112385,Berlin,1,2021,10,19,3,3,5,2,2,1,1,0,0,0,0,0,"13,38643488","52,51014752"
36366,112384,Berlin,7,2021,12,17,3,3,5,7,2,0,1,0,0,0,1,0,"13,38880606","52,43602515"
36367,112383,Berlin,9,2021,8,19,5,2,0,6,0,0,1,0,0,0,0,0,"13,51727452","52,42781936"
36368,112382,Berlin,4,2021,9,19,4,2,5,7,1,0,1,0,1,0,0,0,"13,30482131","52,51156637"
36369,112381,Berlin,1,2021,8,1,2,3,5,3,2,0,1,0,0,0,1,1,"13,36807116","52,5058056"
36370,112378,Berlin,4,2021,4,17,3,3,2,6,0,0,1,0,0,0,0,0,"13,32682689","52,47781795"
36371,112375,Berlin,1,2021,3,16,4,2,2,2,0,1,1,0,0,0,0,0,"13,41638443","52,5220044"
36372,112374,Berlin,3,2021,10,7,4,3,5,2,1,1,1,0,0,0,0,1,"13,43333697","52,53621198"
36373,112373,Berlin,7,2021,12,18,4,3,5,7,2,1,1,0,0,0,0,0,"13,3998665","52,41653768"
36374,112372,Berlin,12,2021,9,11,5,3,2,2,0,1,1,0,0,0,0,0,"13,36441284","52,56374593"
36375,112370,Berlin,9,2021,2,10,2,3,2,6,0,0,1,0,0,0,0,1,"13,47946399","52,48451132"
36376,112366,Berlin,1,2021,6,23,3,2,5,3,2,0,1,0,0,0,0,0,"13,36549774","52,55798965"
36377,112361,Berlin,3,2021,5,17,3,3,2,6,0,0,1,0,0,0,0,1,"13,39825764","52,57795758"
36378,112360,Berlin,11,2021,5,16,6,3,2,6,0,0,1,0,1,0,0,1,"13,49359909","52,51170268"
36379,112359,Berlin,2,2021,8,13,3,2,5,2,0,1,0,0,0,1,0,0,"13,38926464","52,49748722"
36380,112355,Berlin,3,2021,7,19,1,3,3,6,1,0,1,0,1,0,0,1,"13,42459511","52,54007139"
36381,112352,Berlin,8,2021,7,17,7,2,3,6,0,0,1,0,1,0,0,0,"13,4499626","52,46358216"
36382,112350,Berlin,7,2021,10,15,6,3,6,7,0,0,0,1,0,1,0,0,"13,38578959","52,47091105"
36383,112349,Berlin,3,2021,11,7,5,3,6,4,0,0,0,1,0,0,1,0,"13,40344257","52,56939465"
36384,112347,Berlin,9,2021,9,12,6,3,3,6,0,0,1,0,0,1,0,0,"13,4615116","52,45402889"
36385,112344,Berlin,7,2021,4,18,4,2,3,6,0,0,1,0,0,0,0,0,"13,35790957","52,40735224"
36386,112341,Berlin,12,2021,3,5,2,3,5,2,2,1,1,0,0,0,0,0,"13,36375388","52,56507286"
36387,112340,Berlin,4,2021,7,9,6,3,5,2,0,1,1,0,0,0,0,0,"13,31461473","52,51201553"
36388,112338,Berlin,1,2021,10,19,5,3,0,2,0,1,1,0,0,0,0,0,"13,36748994","52,53130006"
36389,112337,Berlin,9,2021,12,9,4,2,8,1,0,0,0,0,0,1,0,0,"13,51724609","52,42792832"
36390,112336,Berlin,1,2021,8,14,4,3,4,6,0,1,0,0,0,0,1,0,"13,37844483","52,50963289"
36391,112335,Berlin,4,2021,9,20,5,3,5,3,2,0,1,0,0,0,1,0,"13,29733671","52,51088638"
36392,112332,Berlin,3,2021,2,23,6,3,1,5,2,1,1,0,0,0,0,0,"13,42576078","52,52974645"
36393,112329,Berlin,1,2021,6,16,3,3,3,7,0,1,1,0,0,0,0,0,"13,41289934","52,51967456"
36394,112327,Berlin,10,2021,9,16,5,3,5,3,0,1,1,0,0,0,0,0,"13,53967385","52,51002362"
36395,112326,Berlin,9,2021,8,14,6,3,2,7,0,0,1,0,0,0,0,0,"13,49208411","52,46871875"
36396,112322,Berlin,12,2021,7,17,4,3,5,2,0,1,0,0,0,0,1,0,"13,34678763","52,57914807"
36397,112320,Berlin,1,2021,10,10,7,3,2,6,0,0,1,0,0,1,0,0,"13,40518136","52,52032375"
36398,112319,Berlin,2,2021,11,23,3,3,6,4,2,1,0,1,0,0,0,0,"13,44870076","52,50519356"
36399,112318,Berlin,1,2021,5,6,2,3,5,3,0,0,1,0,1,0,0,1,"13,36525426","52,55810256"
36400,112315,Berlin,12,2021,1,19,6,3,5,3,2,0,1,0,1,0,0,1,"13,33943047","52,58872396"
36401,112311,Berlin,6,2021,6,10,1,3,2,6,0,0,1,0,0,0,0,0,"13,22556247","52,46061029"
36402,112308,Berlin,2,2021,12,20,1,3,5,2,2,0,1,0,0,0,0,2,"13,46017461","52,51525051"
36403,112307,Berlin,2,2021,8,10,6,3,2,6,0,0,1,0,0,0,0,0,"13,37703297","52,50180879"
36404,112305,Berlin,2,2021,9,18,3,3,3,6,0,1,0,0,0,0,1,0,"13,46186659","52,51493809"
36405,112303,Berlin,7,2021,3,7,5,3,0,7,0,0,1,0,0,0,0,0,"13,40664841","52,4620104"
36406,112300,Berlin,1,2021,6,19,1,3,5,2,0,1,1,0,0,0,0,0,"13,36743985","52,55154931"
36407,112298,Berlin,10,2021,9,16,5,3,0,2,0,1,0,0,0,0,1,0,"13,61342046","52,50489449"
36408,112297,Berlin,7,2021,11,8,2,3,5,3,0,0,1,0,1,0,0,0,"13,39394585","52,42698259"
36409,112296,Berlin,1,2021,8,21,1,2,5,3,2,0,1,0,0,0,0,1,"13,36671813","52,53208332"
36410,112291,Berlin,1,2021,7,10,5,3,5,2,0,1,1,0,0,0,0,0,"13,36803323","52,50574924"
36411,112290,Berlin,4,2021,10,9,3,3,6,7,0,1,0,1,0,0,0,1,"13,32318352","52,51255082"
36412,112289,Berlin,7,2021,12,11,6,3,2,1,0,0,1,0,0,0,0,1,"13,35596193","52,47351786"
36413,112286,Berlin,3,2021,1,16,5,2,0,7,1,1,0,0,0,0,0,1,"13,40309669","52,59478823"
36414,112282,Berlin,9,2021,6,14,2,3,5,3,0,1,1,0,0,0,0,0,"13,46348555","52,48774795"
36415,112278,Berlin,7,2021,5,12,3,3,5,3,0,0,1,0,0,0,0,0,"13,35663987","52,47366254"
36416,112277,Berlin,2,2021,8,17,4,3,3,6,0,1,0,0,1,0,0,0,"13,45702176","52,51542343"
36417,112270,Berlin,12,2021,7,8,4,3,5,2,0,1,0,0,0,0,1,1,"13,32391544","52,60776805"
36418,112268,Berlin,4,2021,10,15,2,3,5,2,0,0,1,0,0,0,0,0,"13,29735383","52,51088753"
36419,112267,Berlin,3,2021,11,7,2,2,0,1,0,1,0,0,0,0,0,1,"13,41346392","52,54908973"
36420,112266,Berlin,12,2021,9,17,4,3,5,2,0,1,1,0,0,0,0,0,"13,36441303","52,56374493"
36421,112263,Berlin,1,2021,4,9,2,3,3,6,0,1,0,0,0,0,1,1,"13,41970598","52,52475044"
36422,112260,Berlin,3,2021,3,17,3,3,2,6,1,0,1,0,0,0,0,0,"13,41196655","52,54104049"
36423,112259,Berlin,1,2021,10,14,5,3,5,2,0,0,1,0,0,0,1,0,"13,36971904","52,51582368"
36424,112258,Berlin,10,2021,12,18,5,3,9,1,2,0,1,0,0,0,0,2,"13,53779005","52,52597584"
36425,112257,Berlin,1,2021,9,11,7,3,5,2,0,1,0,0,0,0,1,0,"13,40483908","52,52015145"
36426,112255,Berlin,10,2021,2,17,5,3,1,5,2,0,1,0,0,0,0,0,"13,56269645","52,50822028"
36427,112251,Berlin,2,2021,6,3,7,3,0,1,2,0,0,0,0,0,1,0,"13,45213803","52,51093307"
36428,112247,Berlin,10,2021,5,17,4,3,5,3,0,1,1,0,0,0,0,0,"13,61662401","52,50474033"
36429,112246,Berlin,4,2021,8,12,2,3,5,2,0,1,1,0,0,0,0,0,"13,30748639","52,51174414"
36430,112241,Berlin,7,2021,7,12,2,3,2,6,0,0,1,0,0,0,0,0,"13,37791564","52,47009272"
36431,112239,Berlin,7,2021,10,13,1,2,2,6,0,0,1,0,0,0,0,0,"13,37750425","52,43316969"
36432,112238,Berlin,7,2021,11,17,4,3,2,1,1,0,1,0,0,0,0,1,"13,36512274","52,47295892"
36433,112236,Berlin,4,2021,9,10,3,3,3,6,0,0,1,0,1,0,0,0,"13,28380968","52,50746264"
36434,112233,Berlin,1,2021,4,12,3,3,2,6,0,0,1,0,0,0,1,0,"13,36846485","52,50650666"
36435,112230,Berlin,10,2021,4,13,4,3,5,2,0,0,1,0,0,0,0,0,"13,5581744","52,56275196"
36436,112229,Berlin,4,2021,6,12,2,3,6,4,0,1,0,1,0,0,0,0,"13,29388922","52,51085172"
36437,112227,Berlin,4,2021,10,18,1,3,0,1,2,0,0,0,1,0,0,0,"13,22864122","52,50674067"
36438,112225,Berlin,3,2021,6,15,3,3,5,2,0,1,1,0,0,0,0,0,"13,39898821","52,57343045"
36439,112224,Berlin,2,2021,8,10,3,3,2,6,0,0,1,0,1,0,0,0,"13,44809096","52,52610829"
36440,112223,Berlin,9,2021,9,6,4,3,5,3,0,1,1,0,0,0,0,0,"13,47944987","52,4845046"
36441,112219,Berlin,6,2021,2,11,3,2,2,6,0,0,1,0,0,0,0,0,"13,1969956","52,41648102"
36442,112216,Berlin,4,2021,6,8,5,3,2,6,0,0,1,0,0,0,0,1,"13,33649249","52,47839438"
36443,112214,Berlin,7,2021,9,13,4,2,2,6,0,0,0,0,1,0,1,0,"13,35908686","52,48897854"
36444,112213,Berlin,2,2021,10,10,1,3,5,2,0,0,1,0,0,0,0,0,"13,45422929","52,51568645"
36445,112212,Berlin,2,2021,8,15,4,3,5,3,0,1,0,0,0,0,0,0,"13,45370173","52,51604902"
36446,112207,Berlin,1,2021,7,17,1,3,0,1,0,0,0,0,1,0,0,0,"13,37005341","52,53971626"
36447,112206,Berlin,7,2021,10,15,5,3,6,4,0,0,1,1,0,0,0,1,"13,3855131","52,44662081"
36448,112205,Berlin,3,2021,12,21,1,2,9,1,2,0,1,0,0,0,0,1,"13,39843348","52,5769232"
36449,112204,Berlin,10,2021,5,13,2,3,2,6,0,0,1,0,1,0,0,0,"13,561709","52,50867757"
36450,112201,Berlin,2,2021,1,13,3,3,2,6,0,0,1,0,0,0,1,1,"13,37730832","52,50150103"
36451,112197,Berlin,7,2021,6,11,5,3,5,2,0,1,0,0,0,0,1,0,"13,37711181","52,43233722"
36452,112193,Berlin,6,2021,5,10,7,3,2,6,0,0,1,0,0,0,0,0,"13,21465133","52,42752039"
36453,112192,Berlin,10,2021,6,6,5,2,5,2,0,0,0,0,1,0,1,0,"13,53690265","52,53015604"
36454,112191,Berlin,2,2021,8,8,5,3,5,2,0,0,1,0,0,0,0,0,"13,45375262","52,51589701"
36455,112189,Berlin,4,2021,9,14,3,3,2,6,0,0,1,0,0,0,0,0,"13,30653019","52,48017738"
36456,112187,Berlin,7,2021,3,15,1,3,2,6,0,0,1,0,0,0,0,0,"13,41958744","52,461058"
36457,112184,Berlin,10,2021,7,20,6,3,5,3,0,1,1,0,0,0,0,0,"13,60629112","52,50495334"
36458,112182,Berlin,9,2021,9,19,4,3,5,2,2,1,1,0,0,0,0,1,"13,45904954","52,49285035"
36459,112181,Berlin,5,2021,11,17,6,2,4,6,1,0,1,0,0,0,0,0,"13,16402825","52,5057667"
36460,112180,Berlin,2,2021,8,10,3,2,3,6,0,1,0,0,0,0,0,0,"13,38900556","52,49484111"
36461,112177,Berlin,4,2021,4,17,1,3,6,2,0,0,1,1,0,0,0,0,"13,29724781","52,51088039"
36462,112174,Berlin,4,2021,3,16,4,3,6,2,0,0,1,1,0,0,0,1,"13,29634478","52,51100814"
36463,111541,Berlin,4,2021,1,1,6,3,9,1,2,0,1,0,0,0,0,0,"13,28949592","52,49381321"
36464,110370,Berlin,3,2021,1,20,1,3,3,6,2,0,1,0,0,0,0,1,"13,42309463","52,52753402"
36465,109998,Berlin,7,2021,1,14,7,3,2,6,0,0,1,0,0,0,0,1,"13,35925879","52,47436651"
36466,109753,Berlin,12,2021,1,14,2,3,5,3,0,0,1,0,0,0,1,1,"13,31286818","52,6224611"